( pcb2gcode 1.3.2 )
( Software-independent Gcode )

G94 ( Millimeters per minute feed rate. )
G21 ( Units == Millimeters. )

G90 ( Absolute coordinates. )
S10000 ( RPM spindle speed. )
G64 P0.01000 ( set maximum deviation from commanded toolpath )
F600.00000 ( Feedrate. )

F600.00000 ( Feedrate. )
M3 ( Spindle on clockwise. )
G04 P0 ( dwell for no time -- G64 should not smooth over this point )
G00 Z5.00000 ( retract )

G00 X29.58870 Y11.60320 ( rapid move to begin. )
F300.00000
G01 Z-0.05000
G04 P0 ( dwell for no time -- G64 should not smooth over this point )
F600.00000
X29.58870 Y11.60320
X29.56330 Y11.60320
X29.56330 Y11.59050
X29.53790 Y11.59050
X29.53790 Y11.57780
X29.51250 Y11.57780
X29.51250 Y11.56510
X29.49980 Y11.56510
X29.49980 Y11.55240
X29.48710 Y11.55240
X29.48710 Y11.53970
X29.47440 Y11.53970
X29.47440 Y11.52700
X29.46170 Y11.52700
X29.46170 Y11.51430
X29.43630 Y11.51430
X29.43630 Y11.50160
X29.42360 Y11.50160
X29.42360 Y11.48890
X29.41090 Y11.48890
X29.41090 Y11.47620
X29.39820 Y11.47620
X29.39820 Y11.46350
X29.38550 Y11.46350
X29.38550 Y11.43810
X29.37280 Y11.43810
X29.37280 Y11.42540
X29.36010 Y11.42540
X29.36010 Y11.41270
X29.34740 Y11.41270
X29.34740 Y11.40000
X29.33470 Y11.40000
X29.33470 Y11.38730
X29.32200 Y11.38730
X29.32200 Y11.36190
X29.30930 Y11.36190
X29.30930 Y11.33650
X29.29660 Y11.33650
X29.29660 Y11.31110
X29.28390 Y11.31110
X29.28390 Y11.29840
X29.27120 Y11.29840
X29.27120 Y11.27300
X29.25850 Y11.27300
X29.25850 Y11.24760
X29.24580 Y11.24760
X29.24580 Y11.19680
X29.23310 Y11.19680
X29.23310 Y11.15870
X29.22040 Y11.15870
X29.22040 Y11.12060
X29.20770 Y11.12060
X29.20770 Y11.01900
X29.19500 Y11.01900
X29.19500 Y10.70150
X29.20770 Y10.70150
X29.20770 Y10.59990
X29.22040 Y10.59990
X29.22040 Y10.56180
X29.23310 Y10.56180
X29.23310 Y10.52370
X29.24580 Y10.52370
X29.24580 Y10.47290
X29.25850 Y10.47290
X29.25850 Y10.44750
X29.27120 Y10.44750
X29.27120 Y10.42210
X29.28390 Y10.42210
X29.28390 Y10.40940
X29.29660 Y10.40940
X29.29660 Y10.38400
X29.30930 Y10.38400
X29.30930 Y10.35860
X29.32200 Y10.35860
X29.32200 Y10.33320
X29.33470 Y10.33320
X29.33470 Y10.32050
X29.34740 Y10.32050
X29.34740 Y10.30780
X29.36010 Y10.30780
X29.36010 Y10.29510
X29.37280 Y10.29510
X29.37280 Y10.28240
X29.38550 Y10.28240
X29.38550 Y10.25700
X29.39820 Y10.25700
X29.39820 Y10.24430
X29.41090 Y10.24430
X29.41090 Y10.23160
X29.42360 Y10.23160
X29.42360 Y10.21890
X29.43630 Y10.21890
X29.43630 Y10.20620
X29.46170 Y10.20620
X29.46170 Y10.19350
X29.47440 Y10.19350
X29.47440 Y10.18080
X29.48710 Y10.18080
X29.48710 Y10.16810
X29.49980 Y10.16810
X29.49980 Y10.15540
X29.51250 Y10.15540
X29.51250 Y10.14270
X29.53790 Y10.14270
X29.53790 Y10.13000
X29.56330 Y10.13000
X29.56330 Y10.11730
X29.58870 Y10.11730
X29.58870 Y10.10460
X29.60140 Y10.10460
X29.60140 Y10.09190
X29.62680 Y10.09190
X29.62680 Y10.07920
X29.65220 Y10.07920
X29.65220 Y10.06650
X29.70300 Y10.06650
X29.70300 Y10.05380
X29.74110 Y10.05380
X29.74110 Y10.04110
X29.77920 Y10.04110
X29.77920 Y10.02840
X29.79190 Y10.02840
X29.79190 Y9.19020
X29.77920 Y9.19020
X29.77920 Y9.17750
X29.76650 Y9.17750
X29.76650 Y9.16480
X29.75380 Y9.16480
X29.75380 Y9.15210
X29.74110 Y9.15210
X29.74110 Y9.13940
X29.72840 Y9.13940
X29.72840 Y9.12670
X29.71570 Y9.12670
X29.71570 Y9.11400
X29.70300 Y9.11400
X29.70300 Y9.10130
X29.69030 Y9.10130
X29.69030 Y9.08860
X29.67760 Y9.08860
X29.67760 Y9.07590
X29.66490 Y9.07590
X29.66490 Y9.06320
X29.65220 Y9.06320
X29.65220 Y9.05050
X29.63950 Y9.05050
X29.63950 Y9.03780
X29.62680 Y9.03780
X29.62680 Y9.02510
X29.61410 Y9.02510
X29.61410 Y9.01240
X29.60140 Y9.01240
X29.60140 Y8.99970
X29.58870 Y8.99970
X29.58870 Y8.98700
X29.57600 Y8.98700
X29.57600 Y8.97430
X29.56330 Y8.97430
X29.56330 Y8.96160
X29.55060 Y8.96160
X29.55060 Y8.94890
X29.53790 Y8.94890
X29.53790 Y8.93620
X29.52520 Y8.93620
X29.52520 Y8.92350
X29.51250 Y8.92350
X29.51250 Y8.91080
X29.49980 Y8.91080
X29.49980 Y8.89810
X29.48710 Y8.89810
X29.48710 Y8.88540
X29.47440 Y8.88540
X29.47440 Y8.87270
X29.46170 Y8.87270
X29.46170 Y8.86000
X29.44900 Y8.86000
X29.44900 Y8.84730
X29.43630 Y8.84730
X29.43630 Y8.83460
X29.42360 Y8.83460
X29.42360 Y8.82190
X29.41090 Y8.82190
X29.41090 Y8.80920
X29.39820 Y8.80920
X29.39820 Y8.79650
X29.38550 Y8.79650
X29.38550 Y8.78380
X29.37280 Y8.78380
X29.37280 Y8.77110
X29.36010 Y8.77110
X29.36010 Y8.75840
X29.34740 Y8.75840
X29.34740 Y8.74570
X29.33470 Y8.74570
X29.33470 Y8.73300
X29.32200 Y8.73300
X29.32200 Y8.72030
X29.30930 Y8.72030
X29.30930 Y8.70760
X29.29660 Y8.70760
X29.29660 Y8.69490
X29.28390 Y8.69490
X29.28390 Y8.68220
X29.27120 Y8.68220
X29.27120 Y8.66950
X29.25850 Y8.66950
X29.25850 Y8.65680
X29.24580 Y8.65680
X29.24580 Y8.64410
X29.23310 Y8.64410
X29.23310 Y8.63140
X29.22040 Y8.63140
X29.22040 Y8.61870
X29.20770 Y8.61870
X29.20770 Y8.60600
X29.19500 Y8.60600
X29.19500 Y8.59330
X29.18230 Y8.59330
X29.18230 Y8.58060
X29.16960 Y8.58060
X29.16960 Y8.56790
X29.15690 Y8.56790
X29.15690 Y8.55520
X29.14420 Y8.55520
X29.14420 Y8.54250
X29.13150 Y8.54250
X29.13150 Y8.52980
X29.11880 Y8.52980
X29.11880 Y8.51710
X29.10610 Y8.51710
X29.10610 Y8.50440
X29.09340 Y8.50440
X29.09340 Y8.49170
X29.08070 Y8.49170
X29.08070 Y8.47900
X29.06800 Y8.47900
X29.06800 Y8.46630
X29.05530 Y8.46630
X29.05530 Y8.45360
X29.04260 Y8.45360
X29.04260 Y8.44090
X29.02990 Y8.44090
X29.02990 Y8.42820
X29.01720 Y8.42820
X29.01720 Y8.41550
X29.00450 Y8.41550
X29.00450 Y8.40280
X28.99180 Y8.40280
X28.99180 Y8.39010
X28.97910 Y8.39010
X28.97910 Y8.37740
X28.96640 Y8.37740
X28.96640 Y8.36470
X28.95370 Y8.36470
X28.95370 Y8.35200
X28.94100 Y8.35200
X28.94100 Y8.33930
X28.92830 Y8.33930
X28.92830 Y8.32660
X28.91560 Y8.32660
X28.91560 Y8.31390
X28.90290 Y8.31390
X28.90290 Y8.30120
X28.89020 Y8.30120
X28.89020 Y8.28850
X28.87750 Y8.28850
X28.87750 Y8.27580
X28.86480 Y8.27580
X28.86480 Y8.26310
X28.85210 Y8.26310
X28.85210 Y8.25040
X28.83940 Y8.25040
X28.83940 Y8.25040
X28.78860 Y8.25040
X28.78860 Y8.26310
X28.75050 Y8.26310
X28.75050 Y8.27580
X28.71240 Y8.27580
X28.71240 Y8.28850
X28.61080 Y8.28850
X28.61080 Y8.30120
X28.29330 Y8.30120
X28.29330 Y8.28850
X28.19170 Y8.28850
X28.19170 Y8.27580
X28.15360 Y8.27580
X28.15360 Y8.26310
X28.11550 Y8.26310
X28.11550 Y8.25040
X28.06470 Y8.25040
X28.06470 Y8.23770
X28.03930 Y8.23770
X28.03930 Y8.22500
X28.01390 Y8.22500
X28.01390 Y8.21230
X28.00120 Y8.21230
X28.00120 Y8.19960
X27.97580 Y8.19960
X27.97580 Y8.18690
X27.95040 Y8.18690
X27.95040 Y8.17420
X27.92500 Y8.17420
X27.92500 Y8.16150
X27.91230 Y8.16150
X27.91230 Y8.14880
X27.89960 Y8.14880
X27.89960 Y8.13610
X27.88690 Y8.13610
X27.88690 Y8.12340
X27.87420 Y8.12340
X27.87420 Y8.11070
X27.84880 Y8.11070
X27.84880 Y8.09800
X27.83610 Y8.09800
X27.83610 Y8.08530
X27.82340 Y8.08530
X27.82340 Y8.07260
X27.81070 Y8.07260
X27.81070 Y8.05990
X27.79800 Y8.05990
X27.79800 Y8.03450
X27.78530 Y8.03450
X27.78530 Y8.02180
X27.77260 Y8.02180
X27.77260 Y8.00910
X27.75990 Y8.00910
X27.75990 Y7.99640
X27.74720 Y7.99640
X27.74720 Y7.98370
X27.73450 Y7.98370
X27.73450 Y7.95830
X27.72180 Y7.95830
X27.72180 Y7.93290
X27.70910 Y7.93290
X27.70910 Y7.90750
X27.69640 Y7.90750
X27.69640 Y7.89480
X27.68370 Y7.89480
X27.68370 Y7.86940
X27.67100 Y7.86940
X27.67100 Y7.84400
X27.65830 Y7.84400
X27.65830 Y7.79320
X27.64560 Y7.79320
X27.64560 Y7.75510
X27.63290 Y7.75510
X27.63290 Y7.71700
X27.62020 Y7.71700
X27.62020 Y7.61540
X27.60750 Y7.61540
X27.60750 Y7.29790
X27.62020 Y7.29790
X27.62020 Y7.19630
X27.63290 Y7.19630
X27.63290 Y7.15820
X27.64560 Y7.15820
X27.64560 Y7.12010
X27.65830 Y7.12010
X27.65830 Y7.06930
X27.67100 Y7.06930
X27.67100 Y7.04390
X27.68370 Y7.04390
X27.68370 Y7.01850
X27.69640 Y7.01850
X27.69640 Y7.00580
X27.70910 Y7.00580
X27.70910 Y6.98040
X27.72180 Y6.98040
X27.72180 Y6.95500
X27.73450 Y6.95500
X27.73450 Y6.92960
X27.74720 Y6.92960
X27.74720 Y6.91690
X27.75990 Y6.91690
X27.75990 Y6.90420
X27.77260 Y6.90420
X27.77260 Y6.89150
X27.78530 Y6.89150
X27.78530 Y6.87880
X27.79800 Y6.87880
X27.79800 Y6.85340
X27.81070 Y6.85340
X27.81070 Y6.84070
X27.82340 Y6.84070
X27.82340 Y6.82800
X27.83610 Y6.82800
X27.83610 Y6.81530
X27.84880 Y6.81530
X27.84880 Y6.80260
X27.87420 Y6.80260
X27.87420 Y6.78990
X27.88690 Y6.78990
X27.88690 Y6.77720
X27.89960 Y6.77720
X27.89960 Y6.76450
X27.91230 Y6.76450
X27.91230 Y6.75180
X27.92500 Y6.75180
X27.92500 Y6.73910
X27.95040 Y6.73910
X27.95040 Y6.72640
X27.97580 Y6.72640
X27.97580 Y6.71370
X28.00120 Y6.71370
X28.00120 Y6.70100
X28.01390 Y6.70100
X28.01390 Y6.68830
X28.03930 Y6.68830
X28.03930 Y6.67560
X28.06470 Y6.67560
X28.06470 Y6.66290
X28.11550 Y6.66290
X28.11550 Y6.65020
X28.15360 Y6.65020
X28.15360 Y6.63750
X28.19170 Y6.63750
X28.19170 Y6.62480
X28.28060 Y6.62480
X28.28060 Y6.61210
X28.62350 Y6.61210
X28.62350 Y6.62480
X28.71240 Y6.62480
X28.71240 Y6.63750
X28.75050 Y6.63750
X28.75050 Y6.65020
X28.80130 Y6.65020
X28.80130 Y6.66290
X28.83940 Y6.66290
X28.83940 Y6.67560
X28.86480 Y6.67560
X28.86480 Y6.68830
X28.89020 Y6.68830
X28.89020 Y6.70100
X28.90290 Y6.70100
X28.90290 Y6.71370
X28.92830 Y6.71370
X28.92830 Y6.72640
X28.95370 Y6.72640
X28.95370 Y6.73910
X28.97910 Y6.73910
X28.97910 Y6.75180
X28.99180 Y6.75180
X28.99180 Y6.76450
X29.00450 Y6.76450
X29.00450 Y6.77720
X29.01720 Y6.77720
X29.01720 Y6.78990
X29.02990 Y6.78990
X29.02990 Y6.80260
X29.05530 Y6.80260
X29.05530 Y6.81530
X29.06800 Y6.81530
X29.06800 Y6.82800
X29.08070 Y6.82800
X29.08070 Y6.84070
X29.09340 Y6.84070
X29.09340 Y6.85340
X29.10610 Y6.85340
X29.10610 Y6.87880
X29.11880 Y6.87880
X29.11880 Y6.89150
X29.13150 Y6.89150
X29.13150 Y6.90420
X29.14420 Y6.90420
X29.14420 Y6.91690
X29.15690 Y6.91690
X29.15690 Y6.92960
X29.16960 Y6.92960
X29.16960 Y6.95500
X29.18230 Y6.95500
X29.18230 Y6.98040
X29.19500 Y6.98040
X29.19500 Y7.00580
X29.20770 Y7.00580
X29.20770 Y7.01850
X29.22040 Y7.01850
X29.22040 Y7.04390
X29.23310 Y7.04390
X29.23310 Y7.06930
X29.24580 Y7.06930
X29.24580 Y7.10740
X29.25850 Y7.10740
X29.25850 Y7.15820
X29.27120 Y7.15820
X29.27120 Y7.19630
X29.28390 Y7.19630
X29.28390 Y7.28520
X29.29660 Y7.28520
X29.29660 Y7.62810
X29.28390 Y7.62810
X29.28390 Y7.71700
X29.27120 Y7.71700
X29.27120 Y7.75510
X29.25850 Y7.75510
X29.25850 Y7.80590
X29.24580 Y7.80590
X29.24580 Y7.84400
X29.24580 Y7.84400
X29.24580 Y7.85670
X29.25850 Y7.85670
X29.25850 Y7.86940
X29.27120 Y7.86940
X29.27120 Y7.88210
X29.28390 Y7.88210
X29.28390 Y7.89480
X29.29660 Y7.89480
X29.29660 Y7.90750
X29.30930 Y7.90750
X29.30930 Y7.92020
X29.32200 Y7.92020
X29.32200 Y7.93290
X29.33470 Y7.93290
X29.33470 Y7.94560
X29.34740 Y7.94560
X29.34740 Y7.95830
X29.36010 Y7.95830
X29.36010 Y7.97100
X29.37280 Y7.97100
X29.37280 Y7.98370
X29.38550 Y7.98370
X29.38550 Y7.99640
X29.39820 Y7.99640
X29.39820 Y8.00910
X29.41090 Y8.00910
X29.41090 Y8.02180
X29.42360 Y8.02180
X29.42360 Y8.03450
X29.43630 Y8.03450
X29.43630 Y8.04720
X29.44900 Y8.04720
X29.44900 Y8.05990
X29.46170 Y8.05990
X29.46170 Y8.07260
X29.47440 Y8.07260
X29.47440 Y8.08530
X29.48710 Y8.08530
X29.48710 Y8.09800
X29.49980 Y8.09800
X29.49980 Y8.11070
X29.51250 Y8.11070
X29.51250 Y8.12340
X29.52520 Y8.12340
X29.52520 Y8.13610
X29.53790 Y8.13610
X29.53790 Y8.14880
X29.55060 Y8.14880
X29.55060 Y8.16150
X29.56330 Y8.16150
X29.56330 Y8.17420
X29.57600 Y8.17420
X29.57600 Y8.18690
X29.58870 Y8.18690
X29.58870 Y8.19960
X29.60140 Y8.19960
X29.60140 Y8.21230
X29.61410 Y8.21230
X29.61410 Y8.22500
X29.62680 Y8.22500
X29.62680 Y8.23770
X29.63950 Y8.23770
X29.63950 Y8.25040
X29.65220 Y8.25040
X29.65220 Y8.26310
X29.66490 Y8.26310
X29.66490 Y8.27580
X29.67760 Y8.27580
X29.67760 Y8.28850
X29.69030 Y8.28850
X29.69030 Y8.30120
X29.70300 Y8.30120
X29.70300 Y8.31390
X29.71570 Y8.31390
X29.71570 Y8.32660
X29.72840 Y8.32660
X29.72840 Y8.33930
X29.74110 Y8.33930
X29.74110 Y8.35200
X29.75380 Y8.35200
X29.75380 Y8.36470
X29.76650 Y8.36470
X29.76650 Y8.37740
X29.77920 Y8.37740
X29.77920 Y8.39010
X29.79190 Y8.39010
X29.79190 Y8.40280
X29.80460 Y8.40280
X29.80460 Y8.41550
X29.81730 Y8.41550
X29.81730 Y8.42820
X29.83000 Y8.42820
X29.83000 Y8.44090
X29.84270 Y8.44090
X29.84270 Y8.45360
X29.85540 Y8.45360
X29.85540 Y8.46630
X29.86810 Y8.46630
X29.86810 Y8.47900
X29.88080 Y8.47900
X29.88080 Y8.49170
X29.89350 Y8.49170
X29.89350 Y8.50440
X29.90620 Y8.50440
X29.90620 Y8.51710
X29.91890 Y8.51710
X29.91890 Y8.52980
X29.93160 Y8.52980
X29.93160 Y8.54250
X29.94430 Y8.54250
X29.94430 Y8.55520
X29.95700 Y8.55520
X29.95700 Y8.56790
X29.96970 Y8.56790
X29.96970 Y8.58060
X29.98240 Y8.58060
X29.98240 Y8.59330
X29.99510 Y8.59330
X29.99510 Y8.60600
X30.00780 Y8.60600
X30.00780 Y8.61870
X30.02050 Y8.61870
X30.02050 Y8.63140
X30.03320 Y8.63140
X30.03320 Y8.64410
X30.04590 Y8.64410
X30.04590 Y8.65680
X30.05860 Y8.65680
X30.05860 Y8.66950
X30.07130 Y8.66950
X30.07130 Y8.68220
X30.08400 Y8.68220
X30.08400 Y8.69490
X30.09670 Y8.69490
X30.09670 Y8.70760
X30.10940 Y8.70760
X30.10940 Y8.72030
X30.12210 Y8.72030
X30.12210 Y8.73300
X30.13480 Y8.73300
X30.13480 Y8.74570
X30.14750 Y8.74570
X30.14750 Y8.75840
X30.16020 Y8.75840
X30.16020 Y8.77110
X30.17290 Y8.77110
X30.17290 Y8.78380
X30.18560 Y8.78380
X30.18560 Y8.79650
X30.19830 Y8.79650
X30.19830 Y8.80920
X30.21100 Y8.80920
X30.21100 Y8.82190
X30.22370 Y8.82190
X30.22370 Y8.83460
X30.23640 Y8.83460
X30.23640 Y8.84730
X30.24910 Y8.84730
X30.24910 Y8.86000
X30.26180 Y8.86000
X30.26180 Y8.88540
X30.27450 Y8.88540
X30.27450 Y8.91080
X30.28720 Y8.91080
X30.28720 Y10.02840
X30.29990 Y10.02840
X30.29990 Y10.04110
X30.33800 Y10.04110
X30.33800 Y10.05380
X30.38880 Y10.05380
X30.38880 Y10.06650
X30.42690 Y10.06650
X30.42690 Y10.07920
X30.45230 Y10.07920
X30.45230 Y10.09190
X30.47770 Y10.09190
X30.47770 Y10.10460
X30.49040 Y10.10460
X30.49040 Y10.11730
X30.51580 Y10.11730
X30.51580 Y10.13000
X30.54120 Y10.13000
X30.54120 Y10.14270
X30.56660 Y10.14270
X30.56660 Y10.15540
X30.57930 Y10.15540
X30.57930 Y10.16810
X30.59200 Y10.16810
X30.59200 Y10.18080
X30.60470 Y10.18080
X30.60470 Y10.19350
X30.61740 Y10.19350
X30.61740 Y10.20620
X30.64280 Y10.20620
X30.64280 Y10.21890
X30.65550 Y10.21890
X30.65550 Y10.23160
X30.66820 Y10.23160
X30.66820 Y10.24430
X30.68090 Y10.24430
X30.68090 Y10.25700
X30.69360 Y10.25700
X30.69360 Y10.28240
X30.70630 Y10.28240
X30.70630 Y10.29510
X30.71900 Y10.29510
X30.71900 Y10.30780
X30.73170 Y10.30780
X30.73170 Y10.32050
X30.74440 Y10.32050
X30.74440 Y10.33320
X30.75710 Y10.33320
X30.75710 Y10.35860
X30.76980 Y10.35860
X30.76980 Y10.38400
X30.78250 Y10.38400
X30.78250 Y10.40940
X30.79520 Y10.40940
X30.79520 Y10.42210
X30.80790 Y10.42210
X30.80790 Y10.44750
X30.82060 Y10.44750
X30.82060 Y10.47290
X30.83330 Y10.47290
X30.83330 Y10.51100
X30.84600 Y10.51100
X30.84600 Y10.56180
X30.85870 Y10.56180
X30.85870 Y10.59990
X30.87140 Y10.59990
X30.87140 Y10.68880
X30.88410 Y10.68880
X30.88410 Y11.03170
X30.87140 Y11.03170
X30.87140 Y11.12060
X30.85870 Y11.12060
X30.85870 Y11.15870
X30.84600 Y11.15870
X30.84600 Y11.20950
X30.83330 Y11.20950
X30.83330 Y11.24760
X30.82060 Y11.24760
X30.82060 Y11.27300
X30.80790 Y11.27300
X30.80790 Y11.29840
X30.79520 Y11.29840
X30.79520 Y11.31110
X30.78250 Y11.31110
X30.78250 Y11.33650
X30.76980 Y11.33650
X30.76980 Y11.36190
X30.75710 Y11.36190
X30.75710 Y11.38730
X30.74440 Y11.38730
X30.74440 Y11.40000
X30.73170 Y11.40000
X30.73170 Y11.41270
X30.71900 Y11.41270
X30.71900 Y11.42540
X30.70630 Y11.42540
X30.70630 Y11.43810
X30.69360 Y11.43810
X30.69360 Y11.46350
X30.68090 Y11.46350
X30.68090 Y11.47620
X30.66820 Y11.47620
X30.66820 Y11.48890
X30.65550 Y11.48890
X30.65550 Y11.50160
X30.64280 Y11.50160
X30.64280 Y11.51430
X30.61740 Y11.51430
X30.61740 Y11.52700
X30.60470 Y11.52700
X30.60470 Y11.53970
X30.59200 Y11.53970
X30.59200 Y11.55240
X30.57930 Y11.55240
X30.57930 Y11.56510
X30.56660 Y11.56510
X30.56660 Y11.57780
X30.54120 Y11.57780
X30.54120 Y11.59050
X30.51580 Y11.59050
X30.51580 Y11.60320
X30.49040 Y11.60320
X30.49040 Y11.61590
X30.47770 Y11.61590
X30.47770 Y11.62860
X30.45230 Y11.62860
X30.45230 Y11.64130
X30.42690 Y11.64130
X30.42690 Y11.65400
X30.37610 Y11.65400
X30.37610 Y11.66670
X30.33800 Y11.66670
X30.33800 Y11.67940
X30.29990 Y11.67940
X30.29990 Y11.69210
X30.19830 Y11.69210
X30.19830 Y11.70480
X29.88080 Y11.70480
X29.88080 Y11.69210
X29.77920 Y11.69210
X29.77920 Y11.67940
X29.74110 Y11.67940
X29.74110 Y11.66670
X29.70300 Y11.66670
X29.70300 Y11.65400
X29.65220 Y11.65400
X29.65220 Y11.64130
X29.62680 Y11.64130
X29.62680 Y11.62860
X29.60140 Y11.62860
X29.60140 Y11.61590
X29.58870 Y11.61590
X29.58870 Y11.60320
G04 P0 ( dwell for no time -- G64 should not smooth over this point )
G00 Z5.00000 ( retract )

G00 X33.50030 Y13.69870 ( rapid move to begin. )
F300.00000
G01 Z-0.05000
G04 P0 ( dwell for no time -- G64 should not smooth over this point )
F600.00000
X33.50030 Y13.69870
X33.47490 Y13.69870
X33.47490 Y13.68600
X33.44950 Y13.68600
X33.44950 Y13.67330
X33.42410 Y13.67330
X33.42410 Y13.66060
X33.41140 Y13.66060
X33.41140 Y13.64790
X33.39870 Y13.64790
X33.39870 Y13.63520
X33.38600 Y13.63520
X33.38600 Y13.62250
X33.37330 Y13.62250
X33.37330 Y13.60980
X33.34790 Y13.60980
X33.34790 Y13.59710
X33.33520 Y13.59710
X33.33520 Y13.58440
X33.32250 Y13.58440
X33.32250 Y13.57170
X33.30980 Y13.57170
X33.30980 Y13.55900
X33.29710 Y13.55900
X33.29710 Y13.53360
X33.28440 Y13.53360
X33.28440 Y13.52090
X33.27170 Y13.52090
X33.27170 Y13.50820
X33.25900 Y13.50820
X33.25900 Y13.49550
X33.24630 Y13.49550
X33.24630 Y13.48280
X33.23360 Y13.48280
X33.23360 Y13.45740
X33.22090 Y13.45740
X33.22090 Y13.43200
X33.20820 Y13.43200
X33.20820 Y13.40660
X33.19550 Y13.40660
X33.19550 Y13.39390
X33.18280 Y13.39390
X33.18280 Y13.36850
X33.17010 Y13.36850
X33.17010 Y13.34310
X33.15740 Y13.34310
X33.15740 Y13.29230
X33.14470 Y13.29230
X33.14470 Y13.25420
X33.13200 Y13.25420
X33.13200 Y13.21610
X33.11930 Y13.21610
X33.11930 Y13.11450
X33.10660 Y13.11450
X33.10660 Y12.79700
X33.11930 Y12.79700
X33.11930 Y12.69540
X33.13200 Y12.69540
X33.13200 Y12.65730
X33.14470 Y12.65730
X33.14470 Y12.61920
X33.15740 Y12.61920
X33.15740 Y12.56840
X33.17010 Y12.56840
X33.17010 Y12.54300
X33.18280 Y12.54300
X33.18280 Y12.51760
X33.19550 Y12.51760
X33.19550 Y12.50490
X33.20820 Y12.50490
X33.20820 Y12.47950
X33.22090 Y12.47950
X33.22090 Y12.45410
X33.23360 Y12.45410
X33.23360 Y12.42870
X33.24630 Y12.42870
X33.24630 Y12.41600
X33.25900 Y12.41600
X33.25900 Y12.40330
X33.27170 Y12.40330
X33.27170 Y12.39060
X33.28440 Y12.39060
X33.28440 Y12.37790
X33.29710 Y12.37790
X33.29710 Y12.35250
X33.30980 Y12.35250
X33.30980 Y12.33980
X33.32250 Y12.33980
X33.32250 Y12.32710
X33.33520 Y12.32710
X33.33520 Y12.31440
X33.34790 Y12.31440
X33.34790 Y12.30170
X33.37330 Y12.30170
X33.37330 Y12.28900
X33.38600 Y12.28900
X33.38600 Y12.27630
X33.39870 Y12.27630
X33.39870 Y12.26360
X33.41140 Y12.26360
X33.41140 Y12.25090
X33.42410 Y12.25090
X33.42410 Y12.23820
X33.44950 Y12.23820
X33.44950 Y12.22550
X33.47490 Y12.22550
X33.47490 Y12.21280
X33.50030 Y12.21280
X33.50030 Y12.20010
X33.51300 Y12.20010
X33.51300 Y12.18740
X33.53840 Y12.18740
X33.53840 Y12.17470
X33.56380 Y12.17470
X33.56380 Y12.16200
X33.61460 Y12.16200
X33.61460 Y12.14930
X33.65270 Y12.14930
X33.65270 Y12.13660
X33.69080 Y12.13660
X33.69080 Y12.12390
X33.77970 Y12.12390
X33.77970 Y12.11120
X34.12260 Y12.11120
X34.12260 Y12.12390
X34.21150 Y12.12390
X34.21150 Y12.13660
X34.24960 Y12.13660
X34.24960 Y12.14930
X34.30040 Y12.14930
X34.30040 Y12.16200
X34.33850 Y12.16200
X34.33850 Y12.17470
X34.36390 Y12.17470
X34.36390 Y12.18740
X34.38930 Y12.18740
X34.38930 Y12.20010
X34.40200 Y12.20010
X34.40200 Y12.21280
X34.42740 Y12.21280
X34.42740 Y12.22550
X34.45280 Y12.22550
X34.45280 Y12.23820
X34.47820 Y12.23820
X34.47820 Y12.25090
X34.49090 Y12.25090
X34.49090 Y12.26360
X34.50360 Y12.26360
X34.50360 Y12.27630
X34.51630 Y12.27630
X34.51630 Y12.28900
X34.52900 Y12.28900
X34.52900 Y12.30170
X34.55440 Y12.30170
X34.55440 Y12.31440
X34.56710 Y12.31440
X34.56710 Y12.32710
X34.57980 Y12.32710
X34.57980 Y12.33980
X34.59250 Y12.33980
X34.59250 Y12.35250
X34.60520 Y12.35250
X34.60520 Y12.37790
X34.61790 Y12.37790
X34.61790 Y12.39060
X34.63060 Y12.39060
X34.63060 Y12.40330
X34.64330 Y12.40330
X34.64330 Y12.41600
X34.65600 Y12.41600
X34.65600 Y12.42870
X34.66870 Y12.42870
X34.66870 Y12.45410
X34.68140 Y12.45410
X34.68140 Y12.47950
X34.69410 Y12.47950
X34.69410 Y12.50490
X34.70680 Y12.50490
X34.70680 Y12.51760
X34.71950 Y12.51760
X34.71950 Y12.54300
X34.73220 Y12.54300
X34.73220 Y12.56840
X34.74490 Y12.56840
X34.74490 Y12.60650
X34.75760 Y12.60650
X34.75760 Y12.61920
X42.21250 Y12.61920
X42.21250 Y12.60650
X42.22520 Y12.60650
X42.22520 Y12.56840
X42.23790 Y12.56840
X42.23790 Y12.53030
X42.25060 Y12.53030
X42.25060 Y12.47950
X42.26330 Y12.47950
X42.26330 Y12.45410
X42.27600 Y12.45410
X42.27600 Y12.42870
X42.28870 Y12.42870
X42.28870 Y12.41600
X42.30140 Y12.41600
X42.30140 Y12.39060
X42.31410 Y12.39060
X42.31410 Y12.36520
X42.32680 Y12.36520
X42.32680 Y12.33980
X42.33950 Y12.33980
X42.33950 Y12.32710
X42.35220 Y12.32710
X42.35220 Y12.31440
X42.36490 Y12.31440
X42.36490 Y12.30170
X42.37760 Y12.30170
X42.37760 Y12.28900
X42.39030 Y12.28900
X42.39030 Y12.26360
X42.40300 Y12.26360
X42.40300 Y12.25090
X42.41570 Y12.25090
X42.41570 Y12.23820
X42.42840 Y12.23820
X42.42840 Y12.22550
X42.44110 Y12.22550
X42.44110 Y12.21280
X42.46650 Y12.21280
X42.46650 Y12.20010
X42.47920 Y12.20010
X42.47920 Y12.18740
X42.49190 Y12.18740
X42.49190 Y12.17470
X42.50460 Y12.17470
X42.50460 Y12.16200
X42.51730 Y12.16200
X42.51730 Y12.14930
X42.54270 Y12.14930
X42.54270 Y12.13660
X42.56810 Y12.13660
X42.56810 Y12.12390
X42.59350 Y12.12390
X42.59350 Y12.11120
X42.60620 Y12.11120
X42.60620 Y12.09850
X42.63160 Y12.09850
X42.63160 Y12.08580
X42.65700 Y12.08580
X42.65700 Y12.07310
X42.70780 Y12.07310
X42.70780 Y12.06040
X42.74590 Y12.06040
X42.74590 Y12.04770
X42.78400 Y12.04770
X42.78400 Y12.03500
X42.87290 Y12.03500
X42.87290 Y12.02230
X43.21580 Y12.02230
X43.21580 Y12.03500
X43.30470 Y12.03500
X43.30470 Y12.04770
X43.34280 Y12.04770
X43.34280 Y12.06040
X43.39360 Y12.06040
X43.39360 Y12.07310
X43.43170 Y12.07310
X43.43170 Y12.08580
X43.45710 Y12.08580
X43.45710 Y12.09850
X43.48250 Y12.09850
X43.48250 Y12.11120
X43.49520 Y12.11120
X43.49520 Y12.12390
X43.52060 Y12.12390
X43.52060 Y12.13660
X43.54600 Y12.13660
X43.54600 Y12.14930
X43.57140 Y12.14930
X43.57140 Y12.16200
X43.58410 Y12.16200
X43.58410 Y12.17470
X43.59680 Y12.17470
X43.59680 Y12.18740
X43.60950 Y12.18740
X43.60950 Y12.20010
X43.62220 Y12.20010
X43.62220 Y12.21280
X43.64760 Y12.21280
X43.64760 Y12.22550
X43.66030 Y12.22550
X43.66030 Y12.23820
X43.67300 Y12.23820
X43.67300 Y12.25090
X43.68570 Y12.25090
X43.68570 Y12.26360
X43.69840 Y12.26360
X43.69840 Y12.28900
X43.71110 Y12.28900
X43.71110 Y12.30170
X43.72380 Y12.30170
X43.72380 Y12.31440
X43.73650 Y12.31440
X43.73650 Y12.32710
X43.74920 Y12.32710
X43.74920 Y12.33980
X43.76190 Y12.33980
X43.76190 Y12.36520
X43.77460 Y12.36520
X43.77460 Y12.39060
X43.78730 Y12.39060
X43.78730 Y12.41600
X43.80000 Y12.41600
X43.80000 Y12.42870
X43.81270 Y12.42870
X43.81270 Y12.45410
X43.82540 Y12.45410
X43.82540 Y12.47950
X43.83810 Y12.47950
X43.83810 Y12.51760
X43.85080 Y12.51760
X43.85080 Y12.56840
X43.86350 Y12.56840
X43.86350 Y12.60650
X43.87620 Y12.60650
X43.87620 Y12.69540
X43.88890 Y12.69540
X43.88890 Y13.03830
X43.87620 Y13.03830
X43.87620 Y13.12720
X43.86350 Y13.12720
X43.86350 Y13.16530
X43.85080 Y13.16530
X43.85080 Y13.21610
X43.83810 Y13.21610
X43.83810 Y13.25420
X43.82540 Y13.25420
X43.82540 Y13.27960
X43.81270 Y13.27960
X43.81270 Y13.30500
X43.80000 Y13.30500
X43.80000 Y13.31770
X43.78730 Y13.31770
X43.78730 Y13.34310
X43.77460 Y13.34310
X43.77460 Y13.36850
X43.76190 Y13.36850
X43.76190 Y13.39390
X43.74920 Y13.39390
X43.74920 Y13.40660
X43.73650 Y13.40660
X43.73650 Y13.41930
X43.72380 Y13.41930
X43.72380 Y13.43200
X43.71110 Y13.43200
X43.71110 Y13.44470
X43.69840 Y13.44470
X43.69840 Y13.47010
X43.68570 Y13.47010
X43.68570 Y13.48280
X43.67300 Y13.48280
X43.67300 Y13.49550
X43.66030 Y13.49550
X43.66030 Y13.50820
X43.64760 Y13.50820
X43.64760 Y13.52090
X43.62220 Y13.52090
X43.62220 Y13.53360
X43.60950 Y13.53360
X43.60950 Y13.54630
X43.59680 Y13.54630
X43.59680 Y13.55900
X43.58410 Y13.55900
X43.58410 Y13.57170
X43.57140 Y13.57170
X43.57140 Y13.58440
X43.54600 Y13.58440
X43.54600 Y13.59710
X43.52060 Y13.59710
X43.52060 Y13.60980
X43.49520 Y13.60980
X43.49520 Y13.62250
X43.48250 Y13.62250
X43.48250 Y13.63520
X43.45710 Y13.63520
X43.45710 Y13.64790
X43.43170 Y13.64790
X43.43170 Y13.66060
X43.38090 Y13.66060
X43.38090 Y13.67330
X43.34280 Y13.67330
X43.34280 Y13.68600
X43.30470 Y13.68600
X43.30470 Y13.69870
X43.20310 Y13.69870
X43.20310 Y13.71140
X42.88560 Y13.71140
X42.88560 Y13.69870
X42.78400 Y13.69870
X42.78400 Y13.68600
X42.74590 Y13.68600
X42.74590 Y13.67330
X42.70780 Y13.67330
X42.70780 Y13.66060
X42.65700 Y13.66060
X42.65700 Y13.64790
X42.63160 Y13.64790
X42.63160 Y13.63520
X42.60620 Y13.63520
X42.60620 Y13.62250
X42.59350 Y13.62250
X42.59350 Y13.60980
X42.56810 Y13.60980
X42.56810 Y13.59710
X42.54270 Y13.59710
X42.54270 Y13.58440
X42.51730 Y13.58440
X42.51730 Y13.57170
X42.50460 Y13.57170
X42.50460 Y13.55900
X42.49190 Y13.55900
X42.49190 Y13.54630
X42.47920 Y13.54630
X42.47920 Y13.53360
X42.46650 Y13.53360
X42.46650 Y13.52090
X42.44110 Y13.52090
X42.44110 Y13.50820
X42.42840 Y13.50820
X42.42840 Y13.49550
X42.41570 Y13.49550
X42.41570 Y13.48280
X42.40300 Y13.48280
X42.40300 Y13.47010
X42.39030 Y13.47010
X42.39030 Y13.44470
X42.37760 Y13.44470
X42.37760 Y13.43200
X42.36490 Y13.43200
X42.36490 Y13.41930
X42.35220 Y13.41930
X42.35220 Y13.40660
X42.33950 Y13.40660
X42.33950 Y13.39390
X42.32680 Y13.39390
X42.32680 Y13.36850
X42.31410 Y13.36850
X42.31410 Y13.34310
X42.30140 Y13.34310
X42.30140 Y13.31770
X42.28870 Y13.31770
X42.28870 Y13.30500
X42.27600 Y13.30500
X42.27600 Y13.27960
X42.26330 Y13.27960
X42.26330 Y13.25420
X42.25060 Y13.25420
X42.25060 Y13.20340
X42.23790 Y13.20340
X42.23790 Y13.16530
X42.22520 Y13.16530
X42.22520 Y13.12720
X42.21250 Y13.12720
X42.21250 Y13.11450
X34.79570 Y13.11450
X34.79570 Y13.12720
X34.78300 Y13.12720
X34.78300 Y13.21610
X34.77030 Y13.21610
X34.77030 Y13.25420
X34.75760 Y13.25420
X34.75760 Y13.30500
X34.74490 Y13.30500
X34.74490 Y13.34310
X34.73220 Y13.34310
X34.73220 Y13.36850
X34.71950 Y13.36850
X34.71950 Y13.39390
X34.70680 Y13.39390
X34.70680 Y13.40660
X34.69410 Y13.40660
X34.69410 Y13.43200
X34.68140 Y13.43200
X34.68140 Y13.45740
X34.66870 Y13.45740
X34.66870 Y13.48280
X34.65600 Y13.48280
X34.65600 Y13.49550
X34.64330 Y13.49550
X34.64330 Y13.50820
X34.63060 Y13.50820
X34.63060 Y13.52090
X34.61790 Y13.52090
X34.61790 Y13.53360
X34.60520 Y13.53360
X34.60520 Y13.55900
X34.59250 Y13.55900
X34.59250 Y13.57170
X34.57980 Y13.57170
X34.57980 Y13.58440
X34.56710 Y13.58440
X34.56710 Y13.59710
X34.55440 Y13.59710
X34.55440 Y13.60980
X34.52900 Y13.60980
X34.52900 Y13.62250
X34.51630 Y13.62250
X34.51630 Y13.63520
X34.50360 Y13.63520
X34.50360 Y13.64790
X34.49090 Y13.64790
X34.49090 Y13.66060
X34.47820 Y13.66060
X34.47820 Y13.67330
X34.45280 Y13.67330
X34.45280 Y13.68600
X34.42740 Y13.68600
X34.42740 Y13.69870
X34.40200 Y13.69870
X34.40200 Y13.71140
X34.38930 Y13.71140
X34.38930 Y13.72410
X34.36390 Y13.72410
X34.36390 Y13.73680
X34.33850 Y13.73680
X34.33850 Y13.74950
X34.28770 Y13.74950
X34.28770 Y13.76220
X34.24960 Y13.76220
X34.24960 Y13.77490
X34.21150 Y13.77490
X34.21150 Y13.78760
X34.10990 Y13.78760
X34.10990 Y13.80030
X33.79240 Y13.80030
X33.79240 Y13.78760
X33.69080 Y13.78760
X33.69080 Y13.77490
X33.65270 Y13.77490
X33.65270 Y13.76220
X33.61460 Y13.76220
X33.61460 Y13.74950
X33.56380 Y13.74950
X33.56380 Y13.73680
X33.53840 Y13.73680
X33.53840 Y13.72410
X33.51300 Y13.72410
X33.51300 Y13.71140
X33.50030 Y13.71140
X33.50030 Y13.69870
G04 P0 ( dwell for no time -- G64 should not smooth over this point )
G00 Z5.00000 ( retract )

G00 X35.60850 Y21.62350 ( rapid move to begin. )
F300.00000
G01 Z-0.05000
G04 P0 ( dwell for no time -- G64 should not smooth over this point )
F600.00000
X35.60850 Y21.62350
X35.58310 Y21.62350
X35.58310 Y21.61080
X35.55770 Y21.61080
X35.55770 Y21.59810
X35.53230 Y21.59810
X35.53230 Y21.58540
X35.51960 Y21.58540
X35.51960 Y21.57270
X35.50690 Y21.57270
X35.50690 Y21.56000
X35.49420 Y21.56000
X35.49420 Y21.54730
X35.48150 Y21.54730
X35.48150 Y21.53460
X35.45610 Y21.53460
X35.45610 Y21.52190
X35.44340 Y21.52190
X35.44340 Y21.50920
X35.43070 Y21.50920
X35.43070 Y21.49650
X35.41800 Y21.49650
X35.41800 Y21.48380
X35.40530 Y21.48380
X35.40530 Y21.45840
X35.39260 Y21.45840
X35.39260 Y21.44570
X35.37990 Y21.44570
X35.37990 Y21.43300
X35.36720 Y21.43300
X35.36720 Y21.42030
X35.35450 Y21.42030
X35.35450 Y21.40760
X35.34180 Y21.40760
X35.34180 Y21.38220
X35.32910 Y21.38220
X35.32910 Y21.35680
X35.31640 Y21.35680
X35.31640 Y21.33140
X35.30370 Y21.33140
X35.30370 Y21.31870
X35.29100 Y21.31870
X35.29100 Y21.29330
X35.27830 Y21.29330
X35.27830 Y21.26790
X35.26560 Y21.26790
X35.26560 Y21.21710
X35.25290 Y21.21710
X35.25290 Y21.17900
X35.24020 Y21.17900
X35.24020 Y21.14090
X35.22750 Y21.14090
X35.22750 Y21.11550
X33.76700 Y21.11550
X33.76700 Y21.10280
X33.72890 Y21.10280
X33.72890 Y21.09010
X33.70350 Y21.09010
X33.70350 Y21.07740
X33.69080 Y21.07740
X33.69080 Y21.06470
X33.67810 Y21.06470
X33.67810 Y21.05200
X33.66540 Y21.05200
X33.66540 Y21.03930
X33.65270 Y21.03930
X33.65270 Y21.02660
X33.64000 Y21.02660
X33.64000 Y21.01390
X33.62730 Y21.01390
X33.62730 Y21.00120
X33.61460 Y21.00120
X33.61460 Y20.98850
X33.60190 Y20.98850
X33.60190 Y20.97580
X33.58920 Y20.97580
X33.58920 Y20.96310
X33.57650 Y20.96310
X33.57650 Y20.95040
X33.56380 Y20.95040
X33.56380 Y20.93770
X33.55110 Y20.93770
X33.55110 Y20.92500
X33.53840 Y20.92500
X33.53840 Y20.91230
X33.52570 Y20.91230
X33.52570 Y20.89960
X33.51300 Y20.89960
X33.51300 Y20.88690
X33.50030 Y20.88690
X33.50030 Y20.87420
X33.48760 Y20.87420
X33.48760 Y20.86150
X33.47490 Y20.86150
X33.47490 Y20.84880
X33.46220 Y20.84880
X33.46220 Y20.83610
X33.44950 Y20.83610
X33.44950 Y20.82340
X33.43680 Y20.82340
X33.43680 Y20.81070
X33.42410 Y20.81070
X33.42410 Y20.79800
X33.41140 Y20.79800
X33.41140 Y20.78530
X33.39870 Y20.78530
X33.39870 Y20.77260
X33.38600 Y20.77260
X33.38600 Y20.75990
X33.37330 Y20.75990
X33.37330 Y20.74720
X33.36060 Y20.74720
X33.36060 Y20.73450
X33.34790 Y20.73450
X33.34790 Y20.73450
X33.29710 Y20.73450
X33.29710 Y20.74720
X33.25900 Y20.74720
X33.25900 Y20.75990
X33.22090 Y20.75990
X33.22090 Y20.77260
X33.11930 Y20.77260
X33.11930 Y20.78530
X32.80180 Y20.78530
X32.80180 Y20.77260
X32.70020 Y20.77260
X32.70020 Y20.75990
X32.66210 Y20.75990
X32.66210 Y20.74720
X32.62400 Y20.74720
X32.62400 Y20.73450
X32.57320 Y20.73450
X32.57320 Y20.72180
X32.54780 Y20.72180
X32.54780 Y20.70910
X32.52240 Y20.70910
X32.52240 Y20.69640
X32.50970 Y20.69640
X32.50970 Y20.68370
X32.48430 Y20.68370
X32.48430 Y20.67100
X32.45890 Y20.67100
X32.45890 Y20.65830
X32.43350 Y20.65830
X32.43350 Y20.64560
X32.42080 Y20.64560
X32.42080 Y20.63290
X32.40810 Y20.63290
X32.40810 Y20.62020
X32.39540 Y20.62020
X32.39540 Y20.60750
X32.38270 Y20.60750
X32.38270 Y20.59480
X32.35730 Y20.59480
X32.35730 Y20.58210
X32.34460 Y20.58210
X32.34460 Y20.56940
X32.33190 Y20.56940
X32.33190 Y20.55670
X32.31920 Y20.55670
X32.31920 Y20.54400
X32.30650 Y20.54400
X32.30650 Y20.51860
X32.29380 Y20.51860
X32.29380 Y20.50590
X32.28110 Y20.50590
X32.28110 Y20.49320
X32.26840 Y20.49320
X32.26840 Y20.48050
X32.25570 Y20.48050
X32.25570 Y20.46780
X32.24300 Y20.46780
X32.24300 Y20.44240
X32.23030 Y20.44240
X32.23030 Y20.41700
X32.21760 Y20.41700
X32.21760 Y20.39160
X32.20490 Y20.39160
X32.20490 Y20.37890
X32.19220 Y20.37890
X32.19220 Y20.35350
X32.17950 Y20.35350
X32.17950 Y20.32810
X32.16680 Y20.32810
X32.16680 Y20.27730
X32.15410 Y20.27730
X32.15410 Y20.23920
X32.14140 Y20.23920
X32.14140 Y20.20110
X32.12870 Y20.20110
X32.12870 Y20.09950
X32.11600 Y20.09950
X32.11600 Y19.78200
X32.12870 Y19.78200
X32.12870 Y19.68040
X32.14140 Y19.68040
X32.14140 Y19.64230
X32.15410 Y19.64230
X32.15410 Y19.60420
X32.16680 Y19.60420
X32.16680 Y19.55340
X32.17950 Y19.55340
X32.17950 Y19.52800
X32.19220 Y19.52800
X32.19220 Y19.50260
X32.20490 Y19.50260
X32.20490 Y19.48990
X32.21760 Y19.48990
X32.21760 Y19.46450
X32.23030 Y19.46450
X32.23030 Y19.43910
X32.24300 Y19.43910
X32.24300 Y19.41370
X32.25570 Y19.41370
X32.25570 Y19.40100
X32.26840 Y19.40100
X32.26840 Y19.38830
X32.28110 Y19.38830
X32.28110 Y19.37560
X32.29380 Y19.37560
X32.29380 Y19.36290
X32.30650 Y19.36290
X32.30650 Y19.33750
X32.31920 Y19.33750
X32.31920 Y19.32480
X32.33190 Y19.32480
X32.33190 Y19.31210
X32.34460 Y19.31210
X32.34460 Y19.29940
X32.35730 Y19.29940
X32.35730 Y19.28670
X32.38270 Y19.28670
X32.38270 Y19.27400
X32.39540 Y19.27400
X32.39540 Y19.26130
X32.40810 Y19.26130
X32.40810 Y19.24860
X32.42080 Y19.24860
X32.42080 Y19.23590
X32.43350 Y19.23590
X32.43350 Y19.22320
X32.45890 Y19.22320
X32.45890 Y19.21050
X32.48430 Y19.21050
X32.48430 Y19.19780
X32.50970 Y19.19780
X32.50970 Y19.18510
X32.52240 Y19.18510
X32.52240 Y19.17240
X32.54780 Y19.17240
X32.54780 Y19.15970
X32.57320 Y19.15970
X32.57320 Y19.14700
X32.62400 Y19.14700
X32.62400 Y19.13430
X32.66210 Y19.13430
X32.66210 Y19.12160
X32.70020 Y19.12160
X32.70020 Y19.10890
X32.78910 Y19.10890
X32.78910 Y19.09620
X33.13200 Y19.09620
X33.13200 Y19.10890
X33.22090 Y19.10890
X33.22090 Y19.12160
X33.25900 Y19.12160
X33.25900 Y19.13430
X33.30980 Y19.13430
X33.30980 Y19.14700
X33.34790 Y19.14700
X33.34790 Y19.15970
X33.37330 Y19.15970
X33.37330 Y19.17240
X33.39870 Y19.17240
X33.39870 Y19.18510
X33.41140 Y19.18510
X33.41140 Y19.19780
X33.43680 Y19.19780
X33.43680 Y19.21050
X33.46220 Y19.21050
X33.46220 Y19.22320
X33.48760 Y19.22320
X33.48760 Y19.23590
X33.50030 Y19.23590
X33.50030 Y19.24860
X33.51300 Y19.24860
X33.51300 Y19.26130
X33.52570 Y19.26130
X33.52570 Y19.27400
X33.53840 Y19.27400
X33.53840 Y19.28670
X33.56380 Y19.28670
X33.56380 Y19.29940
X33.57650 Y19.29940
X33.57650 Y19.31210
X33.58920 Y19.31210
X33.58920 Y19.32480
X33.60190 Y19.32480
X33.60190 Y19.33750
X33.61460 Y19.33750
X33.61460 Y19.36290
X33.62730 Y19.36290
X33.62730 Y19.37560
X33.64000 Y19.37560
X33.64000 Y19.38830
X33.65270 Y19.38830
X33.65270 Y19.40100
X33.66540 Y19.40100
X33.66540 Y19.41370
X33.67810 Y19.41370
X33.67810 Y19.43910
X33.69080 Y19.43910
X33.69080 Y19.46450
X33.70350 Y19.46450
X33.70350 Y19.48990
X33.71620 Y19.48990
X33.71620 Y19.50260
X33.72890 Y19.50260
X33.72890 Y19.52800
X33.74160 Y19.52800
X33.74160 Y19.55340
X33.75430 Y19.55340
X33.75430 Y19.59150
X33.76700 Y19.59150
X33.76700 Y19.64230
X33.77970 Y19.64230
X33.77970 Y19.68040
X33.79240 Y19.68040
X33.79240 Y19.76930
X33.80510 Y19.76930
X33.80510 Y20.11220
X33.79240 Y20.11220
X33.79240 Y20.20110
X33.77970 Y20.20110
X33.77970 Y20.23920
X33.76700 Y20.23920
X33.76700 Y20.29000
X33.75430 Y20.29000
X33.75430 Y20.32810
X33.75430 Y20.32810
X33.75430 Y20.34080
X33.76700 Y20.34080
X33.76700 Y20.35350
X33.77970 Y20.35350
X33.77970 Y20.36620
X33.79240 Y20.36620
X33.79240 Y20.37890
X33.80510 Y20.37890
X33.80510 Y20.39160
X33.81780 Y20.39160
X33.81780 Y20.40430
X33.83050 Y20.40430
X33.83050 Y20.41700
X33.84320 Y20.41700
X33.84320 Y20.42970
X33.85590 Y20.42970
X33.85590 Y20.44240
X33.86860 Y20.44240
X33.86860 Y20.45510
X33.88130 Y20.45510
X33.88130 Y20.46780
X33.89400 Y20.46780
X33.89400 Y20.48050
X33.90670 Y20.48050
X33.90670 Y20.49320
X33.91940 Y20.49320
X33.91940 Y20.50590
X33.93210 Y20.50590
X33.93210 Y20.51860
X33.94480 Y20.51860
X33.94480 Y20.53130
X33.95750 Y20.53130
X33.95750 Y20.54400
X33.97020 Y20.54400
X33.97020 Y20.55670
X33.98290 Y20.55670
X33.98290 Y20.56940
X33.99560 Y20.56940
X33.99560 Y20.58210
X34.00830 Y20.58210
X34.00830 Y20.59480
X34.02100 Y20.59480
X34.02100 Y20.60750
X34.03370 Y20.60750
X34.03370 Y20.62020
X35.24020 Y20.62020
X35.24020 Y20.58210
X35.25290 Y20.58210
X35.25290 Y20.54400
X35.26560 Y20.54400
X35.26560 Y20.49320
X35.27830 Y20.49320
X35.27830 Y20.46780
X35.29100 Y20.46780
X35.29100 Y20.44240
X35.30370 Y20.44240
X35.30370 Y20.42970
X35.31640 Y20.42970
X35.31640 Y20.40430
X35.32910 Y20.40430
X35.32910 Y20.37890
X35.34180 Y20.37890
X35.34180 Y20.35350
X35.35450 Y20.35350
X35.35450 Y20.34080
X35.36720 Y20.34080
X35.36720 Y20.32810
X35.37990 Y20.32810
X35.37990 Y20.31540
X35.39260 Y20.31540
X35.39260 Y20.30270
X35.40530 Y20.30270
X35.40530 Y20.27730
X35.41800 Y20.27730
X35.41800 Y20.26460
X35.43070 Y20.26460
X35.43070 Y20.25190
X35.44340 Y20.25190
X35.44340 Y20.23920
X35.45610 Y20.23920
X35.45610 Y20.22650
X35.48150 Y20.22650
X35.48150 Y20.21380
X35.49420 Y20.21380
X35.49420 Y20.20110
X35.50690 Y20.20110
X35.50690 Y20.18840
X35.51960 Y20.18840
X35.51960 Y20.17570
X35.53230 Y20.17570
X35.53230 Y20.16300
X35.55770 Y20.16300
X35.55770 Y20.15030
X35.58310 Y20.15030
X35.58310 Y20.13760
X35.60850 Y20.13760
X35.60850 Y20.12490
X35.62120 Y20.12490
X35.62120 Y20.11220
X35.64660 Y20.11220
X35.64660 Y20.09950
X35.67200 Y20.09950
X35.67200 Y20.08680
X35.72280 Y20.08680
X35.72280 Y20.07410
X35.76090 Y20.07410
X35.76090 Y20.06140
X35.79900 Y20.06140
X35.79900 Y20.04870
X35.88790 Y20.04870
X35.88790 Y20.03600
X36.23080 Y20.03600
X36.23080 Y20.04870
X36.31970 Y20.04870
X36.31970 Y20.06140
X36.35780 Y20.06140
X36.35780 Y20.07410
X36.40860 Y20.07410
X36.40860 Y20.08680
X36.44670 Y20.08680
X36.44670 Y20.09950
X36.47210 Y20.09950
X36.47210 Y20.11220
X36.49750 Y20.11220
X36.49750 Y20.12490
X36.51020 Y20.12490
X36.51020 Y20.13760
X36.53560 Y20.13760
X36.53560 Y20.15030
X36.56100 Y20.15030
X36.56100 Y20.16300
X36.58640 Y20.16300
X36.58640 Y20.17570
X36.59910 Y20.17570
X36.59910 Y20.18840
X36.61180 Y20.18840
X36.61180 Y20.20110
X36.62450 Y20.20110
X36.62450 Y20.21380
X36.63720 Y20.21380
X36.63720 Y20.22650
X36.66260 Y20.22650
X36.66260 Y20.23920
X36.67530 Y20.23920
X36.67530 Y20.25190
X36.68800 Y20.25190
X36.68800 Y20.26460
X36.70070 Y20.26460
X36.70070 Y20.27730
X36.71340 Y20.27730
X36.71340 Y20.30270
X36.72610 Y20.30270
X36.72610 Y20.31540
X36.73880 Y20.31540
X36.73880 Y20.32810
X36.75150 Y20.32810
X36.75150 Y20.34080
X36.76420 Y20.34080
X36.76420 Y20.35350
X36.77690 Y20.35350
X36.77690 Y20.37890
X36.78960 Y20.37890
X36.78960 Y20.40430
X36.80230 Y20.40430
X36.80230 Y20.42970
X36.81500 Y20.42970
X36.81500 Y20.44240
X36.82770 Y20.44240
X36.82770 Y20.46780
X36.84040 Y20.46780
X36.84040 Y20.49320
X36.85310 Y20.49320
X36.85310 Y20.53130
X36.86580 Y20.53130
X36.86580 Y20.58210
X36.87850 Y20.58210
X36.87850 Y20.62020
X36.89120 Y20.62020
X36.89120 Y20.70910
X36.90390 Y20.70910
X36.90390 Y21.05200
X36.89120 Y21.05200
X36.89120 Y21.14090
X36.87850 Y21.14090
X36.87850 Y21.17900
X36.86580 Y21.17900
X36.86580 Y21.22980
X36.85310 Y21.22980
X36.85310 Y21.26790
X36.84040 Y21.26790
X36.84040 Y21.29330
X36.82770 Y21.29330
X36.82770 Y21.31870
X36.81500 Y21.31870
X36.81500 Y21.33140
X36.80230 Y21.33140
X36.80230 Y21.35680
X36.78960 Y21.35680
X36.78960 Y21.38220
X36.77690 Y21.38220
X36.77690 Y21.40760
X36.76420 Y21.40760
X36.76420 Y21.42030
X36.75150 Y21.42030
X36.75150 Y21.43300
X36.73880 Y21.43300
X36.73880 Y21.44570
X36.72610 Y21.44570
X36.72610 Y21.45840
X36.71340 Y21.45840
X36.71340 Y21.48380
X36.70070 Y21.48380
X36.70070 Y21.49650
X36.68800 Y21.49650
X36.68800 Y21.50920
X36.67530 Y21.50920
X36.67530 Y21.52190
X36.66260 Y21.52190
X36.66260 Y21.53460
X36.63720 Y21.53460
X36.63720 Y21.54730
X36.62450 Y21.54730
X36.62450 Y21.56000
X36.61180 Y21.56000
X36.61180 Y21.57270
X36.59910 Y21.57270
X36.59910 Y21.58540
X36.58640 Y21.58540
X36.58640 Y21.59810
X36.56100 Y21.59810
X36.56100 Y21.61080
X36.53560 Y21.61080
X36.53560 Y21.62350
X36.51020 Y21.62350
X36.51020 Y21.63620
X36.49750 Y21.63620
X36.49750 Y21.64890
X36.47210 Y21.64890
X36.47210 Y21.66160
X36.44670 Y21.66160
X36.44670 Y21.67430
X36.39590 Y21.67430
X36.39590 Y21.68700
X36.35780 Y21.68700
X36.35780 Y21.69970
X36.31970 Y21.69970
X36.31970 Y21.71240
X36.21810 Y21.71240
X36.21810 Y21.72510
X35.90060 Y21.72510
X35.90060 Y21.71240
X35.79900 Y21.71240
X35.79900 Y21.69970
X35.76090 Y21.69970
X35.76090 Y21.68700
X35.72280 Y21.68700
X35.72280 Y21.67430
X35.67200 Y21.67430
X35.67200 Y21.66160
X35.64660 Y21.66160
X35.64660 Y21.64890
X35.62120 Y21.64890
X35.62120 Y21.63620
X35.60850 Y21.63620
X35.60850 Y21.62350
G04 P0 ( dwell for no time -- G64 should not smooth over this point )
G00 Z5.00000 ( retract )

G00 X41.26000 Y33.61230 ( rapid move to begin. )
F300.00000
G01 Z-0.05000
G04 P0 ( dwell for no time -- G64 should not smooth over this point )
F600.00000
X41.26000 Y33.61230
X41.23460 Y33.61230
X41.23460 Y33.59960
X41.20920 Y33.59960
X41.20920 Y33.58690
X41.18380 Y33.58690
X41.18380 Y33.57420
X41.17110 Y33.57420
X41.17110 Y33.56150
X41.15840 Y33.56150
X41.15840 Y33.54880
X41.14570 Y33.54880
X41.14570 Y33.53610
X41.13300 Y33.53610
X41.13300 Y33.52340
X41.10760 Y33.52340
X41.10760 Y33.51070
X41.09490 Y33.51070
X41.09490 Y33.49800
X41.08220 Y33.49800
X41.08220 Y33.48530
X41.06950 Y33.48530
X41.06950 Y33.47260
X41.05680 Y33.47260
X41.05680 Y33.44720
X41.04410 Y33.44720
X41.04410 Y33.43450
X41.03140 Y33.43450
X41.03140 Y33.42180
X41.01870 Y33.42180
X41.01870 Y33.40910
X41.00600 Y33.40910
X41.00600 Y33.39640
X40.99330 Y33.39640
X40.99330 Y33.37100
X40.98060 Y33.37100
X40.98060 Y33.34560
X40.96790 Y33.34560
X40.96790 Y33.32020
X40.95520 Y33.32020
X40.95520 Y33.30750
X40.94250 Y33.30750
X40.94250 Y33.28210
X40.92980 Y33.28210
X40.92980 Y33.25670
X40.91710 Y33.25670
X40.91710 Y33.20590
X40.90440 Y33.20590
X40.90440 Y33.16780
X40.89170 Y33.16780
X40.89170 Y33.12970
X40.87900 Y33.12970
X40.87900 Y33.02810
X40.86630 Y33.02810
X40.86630 Y32.71060
X40.87900 Y32.71060
X40.87900 Y32.60900
X40.89170 Y32.60900
X40.89170 Y32.57090
X40.90440 Y32.57090
X40.90440 Y32.53280
X40.91710 Y32.53280
X40.91710 Y32.48200
X40.92980 Y32.48200
X40.92980 Y32.45660
X40.94250 Y32.45660
X40.94250 Y32.43120
X40.95520 Y32.43120
X40.95520 Y32.41850
X40.96790 Y32.41850
X40.96790 Y32.39310
X40.98060 Y32.39310
X40.98060 Y32.36770
X40.99330 Y32.36770
X40.99330 Y32.34230
X41.00600 Y32.34230
X41.00600 Y32.32960
X41.01870 Y32.32960
X41.01870 Y32.31690
X41.03140 Y32.31690
X41.03140 Y32.30420
X41.04410 Y32.30420
X41.04410 Y32.29150
X41.05680 Y32.29150
X41.05680 Y32.27880
X41.04410 Y32.27880
X41.04410 Y32.26610
X41.03140 Y32.26610
X41.03140 Y32.25340
X41.01870 Y32.25340
X41.01870 Y32.24070
X41.00600 Y32.24070
X41.00600 Y32.22800
X40.99330 Y32.22800
X40.99330 Y32.21530
X40.98060 Y32.21530
X40.98060 Y32.20260
X40.96790 Y32.20260
X40.96790 Y32.18990
X40.95520 Y32.18990
X40.95520 Y32.17720
X40.94250 Y32.17720
X40.94250 Y32.16450
X40.92980 Y32.16450
X40.92980 Y32.15180
X40.91710 Y32.15180
X40.91710 Y32.13910
X40.90440 Y32.13910
X40.90440 Y32.12640
X40.89170 Y32.12640
X40.89170 Y32.11370
X40.87900 Y32.11370
X40.87900 Y32.10100
X40.86630 Y32.10100
X40.86630 Y32.08830
X40.85360 Y32.08830
X40.85360 Y32.07560
X40.84090 Y32.07560
X40.84090 Y32.06290
X40.82820 Y32.06290
X40.82820 Y32.05020
X40.81550 Y32.05020
X40.81550 Y32.03750
X40.80280 Y32.03750
X40.80280 Y32.02480
X40.79010 Y32.02480
X40.79010 Y32.01210
X40.77740 Y32.01210
X40.77740 Y31.99940
X40.76470 Y31.99940
X40.76470 Y31.98670
X40.75200 Y31.98670
X40.75200 Y31.97400
X40.73930 Y31.97400
X40.73930 Y31.96130
X40.72660 Y31.96130
X40.72660 Y31.94860
X40.71390 Y31.94860
X40.71390 Y31.93590
X40.70120 Y31.93590
X40.70120 Y31.92320
X40.68850 Y31.92320
X40.68850 Y31.91050
X40.67580 Y31.91050
X40.67580 Y31.89780
X40.66310 Y31.89780
X40.66310 Y31.88510
X40.65040 Y31.88510
X40.65040 Y31.87240
X40.63770 Y31.87240
X40.63770 Y31.85970
X40.62500 Y31.85970
X40.62500 Y31.84700
X40.61230 Y31.84700
X40.61230 Y31.83430
X40.59960 Y31.83430
X40.59960 Y31.82160
X40.58690 Y31.82160
X40.58690 Y31.80890
X40.57420 Y31.80890
X40.57420 Y31.79620
X40.56150 Y31.79620
X40.56150 Y31.78350
X40.54880 Y31.78350
X40.54880 Y31.77080
X40.53610 Y31.77080
X40.53610 Y31.75810
X40.52340 Y31.75810
X40.52340 Y31.74540
X40.51070 Y31.74540
X40.51070 Y31.73270
X40.49800 Y31.73270
X40.49800 Y31.72000
X40.48530 Y31.72000
X40.48530 Y31.70730
X40.47260 Y31.70730
X40.47260 Y31.69460
X40.45990 Y31.69460
X40.45990 Y31.68190
X40.44720 Y31.68190
X40.44720 Y31.66920
X40.43450 Y31.66920
X40.43450 Y31.65650
X40.42180 Y31.65650
X40.42180 Y31.64380
X40.40910 Y31.64380
X40.40910 Y31.63110
X40.39640 Y31.63110
X40.39640 Y31.61840
X40.38370 Y31.61840
X40.38370 Y31.60570
X40.37100 Y31.60570
X40.37100 Y31.59300
X40.35830 Y31.59300
X40.35830 Y31.58030
X40.34560 Y31.58030
X40.34560 Y31.56760
X40.33290 Y31.56760
X40.33290 Y31.55490
X40.32020 Y31.55490
X40.32020 Y31.54220
X40.30750 Y31.54220
X40.30750 Y31.52950
X40.29480 Y31.52950
X40.29480 Y31.51680
X40.28210 Y31.51680
X40.28210 Y31.50410
X40.26940 Y31.50410
X40.26940 Y31.49140
X40.25670 Y31.49140
X40.25670 Y31.47870
X40.24400 Y31.47870
X40.24400 Y31.46600
X40.23130 Y31.46600
X40.23130 Y31.45330
X40.21860 Y31.45330
X40.21860 Y31.44060
X40.20590 Y31.44060
X40.20590 Y31.42790
X40.19320 Y31.42790
X40.19320 Y31.41520
X40.18050 Y31.41520
X40.18050 Y31.40250
X40.16780 Y31.40250
X40.16780 Y31.38980
X40.15510 Y31.38980
X40.15510 Y31.37710
X40.14240 Y31.37710
X40.14240 Y31.36440
X40.12970 Y31.36440
X40.12970 Y31.35170
X40.11700 Y31.35170
X40.11700 Y31.33900
X40.10430 Y31.33900
X40.10430 Y31.32630
X40.09160 Y31.32630
X40.09160 Y31.31360
X40.07890 Y31.31360
X40.07890 Y31.30090
X40.06620 Y31.30090
X40.06620 Y31.28820
X40.05350 Y31.28820
X40.05350 Y31.27550
X40.04080 Y31.27550
X40.04080 Y31.26280
X40.02810 Y31.26280
X40.02810 Y31.25010
X40.01540 Y31.25010
X40.01540 Y31.23740
X40.00270 Y31.23740
X40.00270 Y31.22470
X39.99000 Y31.22470
X39.99000 Y31.21200
X39.97730 Y31.21200
X39.97730 Y31.19930
X39.96460 Y31.19930
X39.96460 Y31.18660
X39.95190 Y31.18660
X39.95190 Y31.17390
X39.93920 Y31.17390
X39.93920 Y31.16120
X39.92650 Y31.16120
X39.92650 Y31.14850
X39.91380 Y31.14850
X39.91380 Y31.13580
X39.90110 Y31.13580
X39.90110 Y31.12310
X39.88840 Y31.12310
X39.88840 Y31.11040
X39.87570 Y31.11040
X39.87570 Y31.09770
X39.86300 Y31.09770
X39.86300 Y31.08500
X39.85030 Y31.08500
X39.85030 Y31.07230
X39.83760 Y31.07230
X39.83760 Y31.05960
X39.82490 Y31.05960
X39.82490 Y31.04690
X39.81220 Y31.04690
X39.81220 Y31.03420
X39.79950 Y31.03420
X39.79950 Y31.02150
X39.78680 Y31.02150
X39.78680 Y31.00880
X39.77410 Y31.00880
X39.77410 Y30.99610
X39.76140 Y30.99610
X39.76140 Y30.98340
X39.74870 Y30.98340
X39.74870 Y30.97070
X39.73600 Y30.97070
X39.73600 Y30.95800
X39.72330 Y30.95800
X39.72330 Y30.94530
X39.71060 Y30.94530
X39.71060 Y30.93260
X39.69790 Y30.93260
X39.69790 Y30.91990
X39.68520 Y30.91990
X39.68520 Y30.90720
X39.67250 Y30.90720
X39.67250 Y30.89450
X39.65980 Y30.89450
X39.65980 Y30.88180
X39.64710 Y30.88180
X39.64710 Y30.86910
X39.63440 Y30.86910
X39.63440 Y30.85640
X39.62170 Y30.85640
X39.62170 Y30.84370
X39.60900 Y30.84370
X39.60900 Y30.83100
X39.59630 Y30.83100
X39.59630 Y30.81830
X39.58360 Y30.81830
X39.58360 Y30.80560
X39.57090 Y30.80560
X39.57090 Y30.79290
X39.55820 Y30.79290
X39.55820 Y30.78020
X39.54550 Y30.78020
X39.54550 Y30.76750
X39.53280 Y30.76750
X39.53280 Y30.75480
X39.52010 Y30.75480
X39.52010 Y30.74210
X39.50740 Y30.74210
X39.50740 Y30.72940
X39.49470 Y30.72940
X39.49470 Y30.71670
X39.48200 Y30.71670
X39.48200 Y30.70400
X39.46930 Y30.70400
X39.46930 Y30.69130
X39.45660 Y30.69130
X39.45660 Y30.67860
X39.44390 Y30.67860
X39.44390 Y30.66590
X39.43120 Y30.66590
X39.43120 Y30.65320
X39.41850 Y30.65320
X39.41850 Y30.64050
X39.40580 Y30.64050
X39.40580 Y30.62780
X39.39310 Y30.62780
X39.39310 Y30.61510
X39.38040 Y30.61510
X39.38040 Y30.60240
X39.36770 Y30.60240
X39.36770 Y30.58970
X39.35500 Y30.58970
X39.35500 Y30.57700
X39.34230 Y30.57700
X39.34230 Y30.56430
X39.32960 Y30.56430
X39.32960 Y30.55160
X39.31690 Y30.55160
X39.31690 Y30.53890
X39.30420 Y30.53890
X39.30420 Y30.52620
X39.29150 Y30.52620
X39.29150 Y30.51350
X39.27880 Y30.51350
X39.27880 Y30.50080
X39.26610 Y30.50080
X39.26610 Y30.48810
X39.25340 Y30.48810
X39.25340 Y30.47540
X39.24070 Y30.47540
X39.24070 Y30.46270
X39.22800 Y30.46270
X39.22800 Y30.45000
X39.21530 Y30.45000
X39.21530 Y30.43730
X39.20260 Y30.43730
X39.20260 Y30.42460
X39.18990 Y30.42460
X39.18990 Y30.41190
X39.17720 Y30.41190
X39.17720 Y30.39920
X39.16450 Y30.39920
X39.16450 Y30.38650
X39.15180 Y30.38650
X39.15180 Y30.37380
X39.13910 Y30.37380
X39.13910 Y30.36110
X39.12640 Y30.36110
X39.12640 Y30.34840
X39.11370 Y30.34840
X39.11370 Y30.33570
X39.10100 Y30.33570
X39.10100 Y30.32300
X39.08830 Y30.32300
X39.08830 Y30.31030
X39.07560 Y30.31030
X39.07560 Y30.29760
X39.06290 Y30.29760
X39.06290 Y30.28490
X39.05020 Y30.28490
X39.05020 Y30.27220
X39.03750 Y30.27220
X39.03750 Y30.25950
X39.02480 Y30.25950
X39.02480 Y30.24680
X39.01210 Y30.24680
X39.01210 Y30.23410
X38.99940 Y30.23410
X38.99940 Y30.22140
X38.98670 Y30.22140
X38.98670 Y30.20870
X38.97400 Y30.20870
X38.97400 Y30.19600
X38.96130 Y30.19600
X38.96130 Y30.18330
X38.94860 Y30.18330
X38.94860 Y30.17060
X38.93590 Y30.17060
X38.93590 Y30.15790
X38.92320 Y30.15790
X38.92320 Y30.14520
X38.91050 Y30.14520
X38.91050 Y30.13250
X38.89780 Y30.13250
X38.89780 Y30.11980
X38.88510 Y30.11980
X38.88510 Y30.10710
X38.87240 Y30.10710
X38.87240 Y30.09440
X38.85970 Y30.09440
X38.85970 Y30.08170
X38.84700 Y30.08170
X38.84700 Y30.06900
X38.83430 Y30.06900
X38.83430 Y30.05630
X38.82160 Y30.05630
X38.82160 Y30.04360
X38.80890 Y30.04360
X38.80890 Y30.03090
X38.79620 Y30.03090
X38.79620 Y30.01820
X38.78350 Y30.01820
X38.78350 Y30.00550
X38.77080 Y30.00550
X38.77080 Y29.99280
X38.75810 Y29.99280
X38.75810 Y29.98010
X38.74540 Y29.98010
X38.74540 Y29.96740
X38.73270 Y29.96740
X38.73270 Y29.95470
X38.72000 Y29.95470
X38.72000 Y29.94200
X38.70730 Y29.94200
X38.70730 Y29.92930
X38.69460 Y29.92930
X38.69460 Y29.91660
X38.68190 Y29.91660
X38.68190 Y29.90390
X38.66920 Y29.90390
X38.66920 Y29.89120
X38.65650 Y29.89120
X38.65650 Y29.87850
X38.64380 Y29.87850
X38.64380 Y29.86580
X38.63110 Y29.86580
X38.63110 Y29.85310
X38.61840 Y29.85310
X38.61840 Y29.84040
X38.60570 Y29.84040
X38.60570 Y29.82770
X38.59300 Y29.82770
X38.59300 Y29.81500
X38.58030 Y29.81500
X38.58030 Y29.80230
X38.56760 Y29.80230
X38.56760 Y29.78960
X38.55490 Y29.78960
X38.55490 Y29.77690
X38.54220 Y29.77690
X38.54220 Y29.76420
X38.52950 Y29.76420
X38.52950 Y29.75150
X38.51680 Y29.75150
X38.51680 Y29.73880
X38.50410 Y29.73880
X38.50410 Y29.72610
X38.49140 Y29.72610
X38.49140 Y29.71340
X38.47870 Y29.71340
X38.47870 Y29.70070
X38.46600 Y29.70070
X38.46600 Y29.68800
X38.45330 Y29.68800
X38.45330 Y29.67530
X38.44060 Y29.67530
X38.44060 Y29.66260
X38.42790 Y29.66260
X38.42790 Y29.64990
X38.41520 Y29.64990
X38.41520 Y29.63720
X38.40250 Y29.63720
X38.40250 Y29.62450
X38.38980 Y29.62450
X38.38980 Y29.61180
X38.37710 Y29.61180
X38.37710 Y29.59910
X38.36440 Y29.59910
X38.36440 Y29.58640
X38.35170 Y29.58640
X38.35170 Y29.57370
X38.33900 Y29.57370
X38.33900 Y29.56100
X38.32630 Y29.56100
X38.32630 Y29.54830
X38.31360 Y29.54830
X38.31360 Y29.53560
X38.30090 Y29.53560
X38.30090 Y29.52290
X38.28820 Y29.52290
X38.28820 Y29.51020
X38.27550 Y29.51020
X38.27550 Y29.49750
X38.26280 Y29.49750
X38.26280 Y29.48480
X38.25010 Y29.48480
X38.25010 Y29.47210
X38.23740 Y29.47210
X38.23740 Y29.45940
X38.22470 Y29.45940
X38.22470 Y29.44670
X38.21200 Y29.44670
X38.21200 Y29.43400
X38.19930 Y29.43400
X38.19930 Y29.42130
X38.18660 Y29.42130
X38.18660 Y29.40860
X38.17390 Y29.40860
X38.17390 Y29.39590
X38.16120 Y29.39590
X38.16120 Y29.38320
X38.14850 Y29.38320
X38.14850 Y29.37050
X38.13580 Y29.37050
X38.13580 Y29.35780
X38.12310 Y29.35780
X38.12310 Y29.34510
X38.11040 Y29.34510
X38.11040 Y29.33240
X38.09770 Y29.33240
X38.09770 Y29.31970
X38.08500 Y29.31970
X38.08500 Y29.30700
X38.07230 Y29.30700
X38.07230 Y29.29430
X38.05960 Y29.29430
X38.05960 Y29.28160
X38.04690 Y29.28160
X38.04690 Y29.26890
X38.03420 Y29.26890
X38.03420 Y29.25620
X38.02150 Y29.25620
X38.02150 Y29.24350
X38.00880 Y29.24350
X38.00880 Y29.23080
X37.99610 Y29.23080
X37.99610 Y29.21810
X37.98340 Y29.21810
X37.98340 Y29.20540
X37.97070 Y29.20540
X37.97070 Y29.19270
X37.95800 Y29.19270
X37.95800 Y29.18000
X37.94530 Y29.18000
X37.94530 Y29.16730
X37.93260 Y29.16730
X37.93260 Y29.15460
X37.91990 Y29.15460
X37.91990 Y29.14190
X37.90720 Y29.14190
X37.90720 Y29.12920
X37.89450 Y29.12920
X37.89450 Y29.11650
X37.88180 Y29.11650
X37.88180 Y29.10380
X37.86910 Y29.10380
X37.86910 Y29.09110
X37.85640 Y29.09110
X37.85640 Y29.07840
X37.84370 Y29.07840
X37.84370 Y29.06570
X37.83100 Y29.06570
X37.83100 Y29.05300
X37.81830 Y29.05300
X37.81830 Y29.04030
X37.80560 Y29.04030
X37.80560 Y29.02760
X37.79290 Y29.02760
X37.79290 Y29.01490
X37.78020 Y29.01490
X37.78020 Y29.00220
X37.76750 Y29.00220
X37.76750 Y28.98950
X37.75480 Y28.98950
X37.75480 Y28.97680
X37.74210 Y28.97680
X37.74210 Y28.96410
X37.72940 Y28.96410
X37.72940 Y28.95140
X37.71670 Y28.95140
X37.71670 Y28.93870
X37.70400 Y28.93870
X37.70400 Y28.92600
X37.69130 Y28.92600
X37.69130 Y28.91330
X37.67860 Y28.91330
X37.67860 Y28.90060
X37.66590 Y28.90060
X37.66590 Y28.88790
X37.65320 Y28.88790
X37.65320 Y28.87520
X37.64050 Y28.87520
X37.64050 Y28.86250
X37.62780 Y28.86250
X37.62780 Y28.84980
X37.61510 Y28.84980
X37.61510 Y28.83710
X37.60240 Y28.83710
X37.60240 Y28.82440
X37.58970 Y28.82440
X37.58970 Y28.81170
X37.57700 Y28.81170
X37.57700 Y28.79900
X37.56430 Y28.79900
X37.56430 Y28.78630
X37.55160 Y28.78630
X37.55160 Y28.77360
X37.53890 Y28.77360
X37.53890 Y28.76090
X37.52620 Y28.76090
X37.52620 Y28.74820
X37.51350 Y28.74820
X37.51350 Y28.73550
X37.50080 Y28.73550
X37.50080 Y28.72280
X37.48810 Y28.72280
X37.48810 Y28.71010
X37.47540 Y28.71010
X37.47540 Y28.69740
X37.46270 Y28.69740
X37.46270 Y28.68470
X37.45000 Y28.68470
X37.45000 Y28.67200
X37.43730 Y28.67200
X37.43730 Y28.65930
X37.42460 Y28.65930
X37.42460 Y28.64660
X37.41190 Y28.64660
X37.41190 Y28.63390
X37.39920 Y28.63390
X37.39920 Y28.62120
X37.38650 Y28.62120
X37.38650 Y28.60850
X37.37380 Y28.60850
X37.37380 Y28.59580
X37.36110 Y28.59580
X37.36110 Y28.58310
X37.34840 Y28.58310
X37.34840 Y28.57040
X37.33570 Y28.57040
X37.33570 Y28.55770
X37.32300 Y28.55770
X37.32300 Y28.54500
X37.31030 Y28.54500
X37.31030 Y28.53230
X37.29760 Y28.53230
X37.29760 Y28.51960
X37.28490 Y28.51960
X37.28490 Y28.50690
X37.27220 Y28.50690
X37.27220 Y28.49420
X37.25950 Y28.49420
X37.25950 Y28.48150
X37.24680 Y28.48150
X37.24680 Y28.46880
X37.23410 Y28.46880
X37.23410 Y28.45610
X37.22140 Y28.45610
X37.22140 Y28.44340
X37.20870 Y28.44340
X37.20870 Y28.43070
X37.19600 Y28.43070
X37.19600 Y28.41800
X37.18330 Y28.41800
X37.18330 Y28.40530
X37.17060 Y28.40530
X37.17060 Y28.39260
X37.15790 Y28.39260
X37.15790 Y28.37990
X37.14520 Y28.37990
X37.14520 Y28.36720
X37.13250 Y28.36720
X37.13250 Y28.35450
X37.11980 Y28.35450
X37.11980 Y28.34180
X37.10710 Y28.34180
X37.10710 Y28.32910
X37.09440 Y28.32910
X37.09440 Y28.31640
X37.08170 Y28.31640
X37.08170 Y28.30370
X37.06900 Y28.30370
X37.06900 Y28.29100
X37.05630 Y28.29100
X37.05630 Y28.27830
X37.04360 Y28.27830
X37.04360 Y28.26560
X37.03090 Y28.26560
X37.03090 Y28.25290
X37.01820 Y28.25290
X37.01820 Y28.24020
X37.00550 Y28.24020
X37.00550 Y28.22750
X36.99280 Y28.22750
X36.99280 Y28.21480
X36.98010 Y28.21480
X36.98010 Y28.20210
X36.96740 Y28.20210
X36.96740 Y28.18940
X36.95470 Y28.18940
X36.95470 Y28.17670
X36.94200 Y28.17670
X36.94200 Y28.16400
X36.92930 Y28.16400
X36.92930 Y28.15130
X36.91660 Y28.15130
X36.91660 Y28.13860
X36.90390 Y28.13860
X36.90390 Y28.12590
X36.89120 Y28.12590
X36.89120 Y28.11320
X36.87850 Y28.11320
X36.87850 Y28.10050
X36.86580 Y28.10050
X36.86580 Y28.08780
X36.85310 Y28.08780
X36.85310 Y28.07510
X36.84040 Y28.07510
X36.84040 Y28.06240
X36.82770 Y28.06240
X36.82770 Y28.04970
X36.81500 Y28.04970
X36.81500 Y28.03700
X36.80230 Y28.03700
X36.80230 Y28.02430
X36.78960 Y28.02430
X36.78960 Y28.01160
X36.77690 Y28.01160
X36.77690 Y27.99890
X36.76420 Y27.99890
X36.76420 Y27.98620
X36.75150 Y27.98620
X36.75150 Y27.97350
X36.73880 Y27.97350
X36.73880 Y27.96080
X36.72610 Y27.96080
X36.72610 Y27.94810
X36.71340 Y27.94810
X36.71340 Y27.93540
X36.70070 Y27.93540
X36.70070 Y27.92270
X36.68800 Y27.92270
X36.68800 Y27.91000
X36.67530 Y27.91000
X36.67530 Y27.89730
X36.66260 Y27.89730
X36.66260 Y27.88460
X36.64990 Y27.88460
X36.64990 Y27.87190
X36.63720 Y27.87190
X36.63720 Y27.85920
X36.62450 Y27.85920
X36.62450 Y27.84650
X36.61180 Y27.84650
X36.61180 Y27.83380
X36.59910 Y27.83380
X36.59910 Y27.82110
X36.58640 Y27.82110
X36.58640 Y27.80840
X36.57370 Y27.80840
X36.57370 Y27.79570
X36.56100 Y27.79570
X36.56100 Y27.78300
X36.54830 Y27.78300
X36.54830 Y27.77030
X36.53560 Y27.77030
X36.53560 Y27.75760
X36.52290 Y27.75760
X36.52290 Y27.74490
X36.51020 Y27.74490
X36.51020 Y27.73220
X36.49750 Y27.73220
X36.49750 Y27.71950
X36.48480 Y27.71950
X36.48480 Y27.70680
X36.47210 Y27.70680
X36.47210 Y27.69410
X36.45940 Y27.69410
X36.45940 Y27.68140
X36.44670 Y27.68140
X36.44670 Y27.66870
X36.43400 Y27.66870
X36.43400 Y27.65600
X36.42130 Y27.65600
X36.42130 Y27.64330
X36.40860 Y27.64330
X36.40860 Y27.63060
X36.39590 Y27.63060
X36.39590 Y27.61790
X36.38320 Y27.61790
X36.38320 Y27.60520
X36.37050 Y27.60520
X36.37050 Y27.59250
X36.35780 Y27.59250
X36.35780 Y27.57980
X36.34510 Y27.57980
X36.34510 Y27.56710
X36.33240 Y27.56710
X36.33240 Y27.55440
X36.31970 Y27.55440
X36.31970 Y27.54170
X36.30700 Y27.54170
X36.30700 Y27.52900
X36.29430 Y27.52900
X36.29430 Y27.51630
X36.28160 Y27.51630
X36.28160 Y27.50360
X36.26890 Y27.50360
X36.26890 Y27.49090
X36.25620 Y27.49090
X36.25620 Y27.47820
X36.24350 Y27.47820
X36.24350 Y27.46550
X36.23080 Y27.46550
X36.23080 Y27.45280
X36.21810 Y27.45280
X36.21810 Y27.44010
X36.20540 Y27.44010
X36.20540 Y27.42740
X36.19270 Y27.42740
X36.19270 Y27.41470
X36.18000 Y27.41470
X36.18000 Y27.40200
X36.16730 Y27.40200
X36.16730 Y27.38930
X36.15460 Y27.38930
X36.15460 Y27.37660
X36.14190 Y27.37660
X36.14190 Y27.36390
X36.12920 Y27.36390
X36.12920 Y27.35120
X36.11650 Y27.35120
X36.11650 Y27.33850
X36.10380 Y27.33850
X36.10380 Y27.32580
X36.09110 Y27.32580
X36.09110 Y27.31310
X36.07840 Y27.31310
X36.07840 Y27.30040
X36.06570 Y27.30040
X36.06570 Y27.28770
X36.05300 Y27.28770
X36.05300 Y27.27500
X36.04030 Y27.27500
X36.04030 Y27.26230
X36.02760 Y27.26230
X36.02760 Y27.24960
X36.01490 Y27.24960
X36.01490 Y27.23690
X36.00220 Y27.23690
X36.00220 Y27.22420
X35.98950 Y27.22420
X35.98950 Y27.21150
X35.97680 Y27.21150
X35.97680 Y27.19880
X35.96410 Y27.19880
X35.96410 Y27.18610
X35.95140 Y27.18610
X35.95140 Y27.17340
X35.93870 Y27.17340
X35.93870 Y27.16070
X35.92600 Y27.16070
X35.92600 Y27.14800
X35.91330 Y27.14800
X35.91330 Y27.13530
X35.90060 Y27.13530
X35.90060 Y27.12260
X35.88790 Y27.12260
X35.88790 Y27.10990
X35.87520 Y27.10990
X35.87520 Y27.09720
X35.86250 Y27.09720
X35.86250 Y27.08450
X35.84980 Y27.08450
X35.84980 Y27.07180
X35.83710 Y27.07180
X35.83710 Y27.05910
X35.82440 Y27.05910
X35.82440 Y27.04640
X35.81170 Y27.04640
X35.81170 Y27.03370
X35.79900 Y27.03370
X35.79900 Y27.02100
X35.78630 Y27.02100
X35.78630 Y27.00830
X35.77360 Y27.00830
X35.77360 Y26.99560
X35.76090 Y26.99560
X35.76090 Y26.98290
X35.74820 Y26.98290
X35.74820 Y26.97020
X35.73550 Y26.97020
X35.73550 Y26.95750
X35.72280 Y26.95750
X35.72280 Y26.94480
X35.71010 Y26.94480
X35.71010 Y26.93210
X35.69740 Y26.93210
X35.69740 Y26.91940
X35.68470 Y26.91940
X35.68470 Y26.90670
X35.67200 Y26.90670
X35.67200 Y26.89400
X35.65930 Y26.89400
X35.65930 Y26.88130
X35.64660 Y26.88130
X35.64660 Y26.86860
X35.63390 Y26.86860
X35.63390 Y26.85590
X35.62120 Y26.85590
X35.62120 Y26.84320
X35.60850 Y26.84320
X35.60850 Y26.83050
X35.59580 Y26.83050
X35.59580 Y26.81780
X35.58310 Y26.81780
X35.58310 Y26.80510
X35.57040 Y26.80510
X35.57040 Y26.79240
X35.55770 Y26.79240
X35.55770 Y26.77970
X35.54500 Y26.77970
X35.54500 Y26.76700
X35.53230 Y26.76700
X35.53230 Y26.75430
X35.51960 Y26.75430
X35.51960 Y26.74160
X35.50690 Y26.74160
X35.50690 Y26.72890
X35.49420 Y26.72890
X35.49420 Y26.71620
X35.48150 Y26.71620
X35.48150 Y26.70350
X35.46880 Y26.70350
X35.46880 Y26.69080
X35.45610 Y26.69080
X35.45610 Y26.67810
X35.44340 Y26.67810
X35.44340 Y26.66540
X35.43070 Y26.66540
X35.43070 Y26.65270
X35.41800 Y26.65270
X35.41800 Y26.64000
X35.40530 Y26.64000
X35.40530 Y26.62730
X35.39260 Y26.62730
X35.39260 Y26.61460
X35.37990 Y26.61460
X35.37990 Y26.60190
X35.36720 Y26.60190
X35.36720 Y26.58920
X35.35450 Y26.58920
X35.35450 Y26.57650
X35.34180 Y26.57650
X35.34180 Y26.56380
X35.32910 Y26.56380
X35.32910 Y26.55110
X35.31640 Y26.55110
X35.31640 Y26.53840
X35.30370 Y26.53840
X35.30370 Y26.52570
X35.29100 Y26.52570
X35.29100 Y26.51300
X35.27830 Y26.51300
X35.27830 Y26.50030
X35.26560 Y26.50030
X35.26560 Y26.48760
X35.25290 Y26.48760
X35.25290 Y26.47490
X35.24020 Y26.47490
X35.24020 Y26.46220
X35.22750 Y26.46220
X35.22750 Y26.44950
X35.21480 Y26.44950
X35.21480 Y26.43680
X35.20210 Y26.43680
X35.20210 Y26.42410
X35.18940 Y26.42410
X35.18940 Y26.41140
X35.17670 Y26.41140
X35.17670 Y26.39870
X35.16400 Y26.39870
X35.16400 Y26.38600
X35.15130 Y26.38600
X35.15130 Y26.37330
X35.13860 Y26.37330
X35.13860 Y26.36060
X35.12590 Y26.36060
X35.12590 Y26.34790
X35.11320 Y26.34790
X35.11320 Y26.33520
X35.10050 Y26.33520
X35.10050 Y26.32250
X35.08780 Y26.32250
X35.08780 Y26.30980
X35.07510 Y26.30980
X35.07510 Y26.29710
X35.06240 Y26.29710
X35.06240 Y26.28440
X35.04970 Y26.28440
X35.04970 Y26.27170
X35.03700 Y26.27170
X35.03700 Y26.25900
X35.02430 Y26.25900
X35.02430 Y26.24630
X35.01160 Y26.24630
X35.01160 Y26.23360
X34.99890 Y26.23360
X34.99890 Y26.22090
X34.98620 Y26.22090
X34.98620 Y26.20820
X34.97350 Y26.20820
X34.97350 Y26.19550
X34.96080 Y26.19550
X34.96080 Y26.18280
X34.94810 Y26.18280
X34.94810 Y26.17010
X34.93540 Y26.17010
X34.93540 Y26.15740
X34.92270 Y26.15740
X34.92270 Y26.14470
X34.91000 Y26.14470
X34.91000 Y26.13200
X34.89730 Y26.13200
X34.89730 Y26.11930
X34.88460 Y26.11930
X34.88460 Y26.10660
X34.87190 Y26.10660
X34.87190 Y26.09390
X34.85920 Y26.09390
X34.85920 Y26.08120
X34.84650 Y26.08120
X34.84650 Y26.06850
X34.83380 Y26.06850
X34.83380 Y26.05580
X34.82110 Y26.05580
X34.82110 Y26.04310
X34.80840 Y26.04310
X34.80840 Y26.03040
X34.79570 Y26.03040
X34.79570 Y26.01770
X34.78300 Y26.01770
X34.78300 Y26.00500
X34.77030 Y26.00500
X34.77030 Y25.99230
X34.75760 Y25.99230
X34.75760 Y25.97960
X34.74490 Y25.97960
X34.74490 Y25.96690
X34.73220 Y25.96690
X34.73220 Y25.95420
X34.71950 Y25.95420
X34.71950 Y25.94150
X34.70680 Y25.94150
X34.70680 Y25.92880
X34.69410 Y25.92880
X34.69410 Y25.91610
X34.68140 Y25.91610
X34.68140 Y25.90340
X34.66870 Y25.90340
X34.66870 Y25.89070
X34.65600 Y25.89070
X34.65600 Y25.87800
X34.64330 Y25.87800
X34.64330 Y25.86530
X34.63060 Y25.86530
X34.63060 Y25.85260
X34.61790 Y25.85260
X34.61790 Y25.83990
X34.60520 Y25.83990
X34.60520 Y25.82720
X34.59250 Y25.82720
X34.59250 Y25.81450
X34.57980 Y25.81450
X34.57980 Y25.80180
X34.56710 Y25.80180
X34.56710 Y25.78910
X34.55440 Y25.78910
X34.55440 Y25.77640
X34.54170 Y25.77640
X34.54170 Y25.76370
X34.52900 Y25.76370
X34.52900 Y25.75100
X34.51630 Y25.75100
X34.51630 Y25.73830
X34.50360 Y25.73830
X34.50360 Y25.72560
X34.49090 Y25.72560
X34.49090 Y25.71290
X34.47820 Y25.71290
X34.47820 Y25.70020
X34.46550 Y25.70020
X34.46550 Y25.68750
X34.45280 Y25.68750
X34.45280 Y25.67480
X34.44010 Y25.67480
X34.44010 Y25.66210
X34.42740 Y25.66210
X34.42740 Y25.64940
X34.41470 Y25.64940
X34.41470 Y25.63670
X34.40200 Y25.63670
X34.40200 Y25.62400
X34.38930 Y25.62400
X34.38930 Y25.61130
X34.37660 Y25.61130
X34.37660 Y25.59860
X34.36390 Y25.59860
X34.36390 Y25.58590
X34.35120 Y25.58590
X34.35120 Y25.57320
X34.33850 Y25.57320
X34.33850 Y25.56050
X34.32580 Y25.56050
X34.32580 Y25.54780
X34.31310 Y25.54780
X34.31310 Y25.53510
X34.30040 Y25.53510
X34.30040 Y25.52240
X34.28770 Y25.52240
X34.28770 Y25.50970
X34.27500 Y25.50970
X34.27500 Y25.49700
X34.26230 Y25.49700
X34.26230 Y25.48430
X34.24960 Y25.48430
X34.24960 Y25.47160
X34.23690 Y25.47160
X34.23690 Y25.45890
X34.22420 Y25.45890
X34.22420 Y25.44620
X34.21150 Y25.44620
X34.21150 Y25.43350
X34.19880 Y25.43350
X34.19880 Y25.42080
X34.18610 Y25.42080
X34.18610 Y25.40810
X34.17340 Y25.40810
X34.17340 Y25.39540
X34.16070 Y25.39540
X34.16070 Y25.38270
X34.14800 Y25.38270
X34.14800 Y25.37000
X34.13530 Y25.37000
X34.13530 Y25.35730
X34.12260 Y25.35730
X34.12260 Y25.34460
X34.10990 Y25.34460
X34.10990 Y25.33190
X34.09720 Y25.33190
X34.09720 Y25.31920
X34.08450 Y25.31920
X34.08450 Y25.30650
X34.07180 Y25.30650
X34.07180 Y25.29380
X34.05910 Y25.29380
X34.05910 Y25.28110
X34.04640 Y25.28110
X34.04640 Y25.26840
X34.03370 Y25.26840
X34.03370 Y25.25570
X34.02100 Y25.25570
X34.02100 Y25.24300
X34.00830 Y25.24300
X34.00830 Y25.23030
X33.99560 Y25.23030
X33.99560 Y25.21760
X33.98290 Y25.21760
X33.98290 Y25.20490
X33.97020 Y25.20490
X33.97020 Y25.19220
X33.95750 Y25.19220
X33.95750 Y25.17950
X33.94480 Y25.17950
X33.94480 Y25.16680
X33.93210 Y25.16680
X33.93210 Y25.15410
X33.91940 Y25.15410
X33.91940 Y25.14140
X33.90670 Y25.14140
X33.90670 Y25.12870
X33.89400 Y25.12870
X33.89400 Y25.11600
X33.88130 Y25.11600
X33.88130 Y25.10330
X33.86860 Y25.10330
X33.86860 Y25.09060
X33.85590 Y25.09060
X33.85590 Y25.07790
X33.84320 Y25.07790
X33.84320 Y25.06520
X33.83050 Y25.06520
X33.83050 Y25.05250
X33.81780 Y25.05250
X33.81780 Y25.03980
X33.80510 Y25.03980
X33.80510 Y25.02710
X33.79240 Y25.02710
X33.79240 Y25.01440
X33.77970 Y25.01440
X33.77970 Y25.00170
X33.76700 Y25.00170
X33.76700 Y24.98900
X33.75430 Y24.98900
X33.75430 Y24.97630
X33.74160 Y24.97630
X33.74160 Y24.96360
X33.72890 Y24.96360
X33.72890 Y24.95090
X33.71620 Y24.95090
X33.71620 Y24.93820
X33.70350 Y24.93820
X33.70350 Y24.92550
X33.69080 Y24.92550
X33.69080 Y24.91280
X33.67810 Y24.91280
X33.67810 Y24.90010
X33.66540 Y24.90010
X33.66540 Y24.88740
X33.65270 Y24.88740
X33.65270 Y24.87470
X33.64000 Y24.87470
X33.64000 Y24.86200
X33.62730 Y24.86200
X33.62730 Y24.84930
X33.61460 Y24.84930
X33.61460 Y24.83660
X33.60190 Y24.83660
X33.60190 Y24.82390
X33.58920 Y24.82390
X33.58920 Y24.81120
X33.57650 Y24.81120
X33.57650 Y24.79850
X33.56380 Y24.79850
X33.56380 Y24.78580
X33.55110 Y24.78580
X33.55110 Y24.77310
X33.53840 Y24.77310
X33.53840 Y24.76040
X33.52570 Y24.76040
X33.52570 Y24.74770
X33.51300 Y24.74770
X33.51300 Y24.73500
X33.50030 Y24.73500
X33.50030 Y24.72230
X33.48760 Y24.72230
X33.48760 Y24.70960
X33.47490 Y24.70960
X33.47490 Y24.69690
X33.46220 Y24.69690
X33.46220 Y24.68420
X33.44950 Y24.68420
X33.44950 Y24.67150
X33.43680 Y24.67150
X33.43680 Y24.65880
X33.42410 Y24.65880
X33.42410 Y24.64610
X33.41140 Y24.64610
X33.41140 Y24.63340
X33.39870 Y24.63340
X33.39870 Y24.62070
X33.38600 Y24.62070
X33.38600 Y24.60800
X33.37330 Y24.60800
X33.37330 Y24.59530
X33.36060 Y24.59530
X33.36060 Y24.58260
X33.34790 Y24.58260
X33.34790 Y24.56990
X33.33520 Y24.56990
X33.33520 Y24.55720
X33.32250 Y24.55720
X33.32250 Y24.54450
X33.30980 Y24.54450
X33.30980 Y24.53180
X33.29710 Y24.53180
X33.29710 Y24.51910
X33.28440 Y24.51910
X33.28440 Y24.50640
X33.27170 Y24.50640
X33.27170 Y24.49370
X33.25900 Y24.49370
X33.25900 Y24.48100
X33.24630 Y24.48100
X33.24630 Y24.46830
X33.23360 Y24.46830
X33.23360 Y24.45560
X33.22090 Y24.45560
X33.22090 Y24.44290
X33.20820 Y24.44290
X33.20820 Y24.43020
X33.19550 Y24.43020
X33.19550 Y24.41750
X33.18280 Y24.41750
X33.18280 Y24.40480
X33.17010 Y24.40480
X33.17010 Y24.39210
X33.15740 Y24.39210
X33.15740 Y24.37940
X33.14470 Y24.37940
X33.14470 Y24.36670
X33.13200 Y24.36670
X33.13200 Y24.35400
X33.11930 Y24.35400
X33.11930 Y24.34130
X33.10660 Y24.34130
X33.10660 Y24.32860
X33.09390 Y24.32860
X33.09390 Y24.31590
X33.08120 Y24.31590
X33.08120 Y24.30320
X33.06850 Y24.30320
X33.06850 Y24.29050
X33.05580 Y24.29050
X33.05580 Y24.27780
X33.04310 Y24.27780
X33.04310 Y24.26510
X33.03040 Y24.26510
X33.03040 Y24.25240
X33.01770 Y24.25240
X33.01770 Y24.23970
X33.00500 Y24.23970
X33.00500 Y24.22700
X32.99230 Y24.22700
X32.99230 Y24.21430
X32.97960 Y24.21430
X32.97960 Y24.20160
X32.96690 Y24.20160
X32.96690 Y24.18890
X32.95420 Y24.18890
X32.95420 Y24.17620
X32.94150 Y24.17620
X32.94150 Y24.16350
X32.92880 Y24.16350
X32.92880 Y24.15080
X32.91610 Y24.15080
X32.91610 Y24.13810
X32.90340 Y24.13810
X32.90340 Y24.12540
X32.89070 Y24.12540
X32.89070 Y24.11270
X32.87800 Y24.11270
X32.87800 Y24.10000
X32.86530 Y24.10000
X32.86530 Y24.08730
X32.85260 Y24.08730
X32.85260 Y24.07460
X32.83990 Y24.07460
X32.83990 Y24.06190
X32.82720 Y24.06190
X32.82720 Y24.04920
X32.81450 Y24.04920
X32.81450 Y24.03650
X32.80180 Y24.03650
X32.80180 Y24.02380
X32.78910 Y24.02380
X32.78910 Y24.01110
X32.77640 Y24.01110
X32.77640 Y23.99840
X32.76370 Y23.99840
X32.76370 Y23.98570
X32.75100 Y23.98570
X32.75100 Y23.97300
X32.73830 Y23.97300
X32.73830 Y23.96030
X32.72560 Y23.96030
X32.72560 Y23.94760
X32.71290 Y23.94760
X32.71290 Y23.93490
X32.70020 Y23.93490
X32.70020 Y23.92220
X32.68750 Y23.92220
X32.68750 Y23.90950
X32.67480 Y23.90950
X32.67480 Y23.89680
X32.66210 Y23.89680
X32.66210 Y23.88410
X32.64940 Y23.88410
X32.64940 Y23.87140
X32.63670 Y23.87140
X32.63670 Y23.85870
X32.62400 Y23.85870
X32.62400 Y23.84600
X32.61130 Y23.84600
X32.61130 Y23.83330
X32.59860 Y23.83330
X32.59860 Y23.82060
X32.58590 Y23.82060
X32.58590 Y23.80790
X32.57320 Y23.80790
X32.57320 Y23.79520
X32.56050 Y23.79520
X32.56050 Y23.78250
X32.54780 Y23.78250
X32.54780 Y23.76980
X32.53510 Y23.76980
X32.53510 Y23.75710
X32.52240 Y23.75710
X32.52240 Y23.74440
X32.50970 Y23.74440
X32.50970 Y23.73170
X32.49700 Y23.73170
X32.49700 Y23.71900
X32.48430 Y23.71900
X32.48430 Y23.70630
X32.47160 Y23.70630
X32.47160 Y23.69360
X32.45890 Y23.69360
X32.45890 Y23.68090
X32.44620 Y23.68090
X32.44620 Y23.66820
X32.43350 Y23.66820
X32.43350 Y23.65550
X32.42080 Y23.65550
X32.42080 Y23.64280
X32.40810 Y23.64280
X32.40810 Y23.63010
X32.39540 Y23.63010
X32.39540 Y23.61740
X32.38270 Y23.61740
X32.38270 Y23.60470
X32.37000 Y23.60470
X32.37000 Y23.59200
X32.35730 Y23.59200
X32.35730 Y23.57930
X32.34460 Y23.57930
X32.34460 Y23.56660
X32.33190 Y23.56660
X32.33190 Y23.55390
X32.31920 Y23.55390
X32.31920 Y23.54120
X32.30650 Y23.54120
X32.30650 Y23.52850
X32.29380 Y23.52850
X32.29380 Y23.51580
X32.28110 Y23.51580
X32.28110 Y23.50310
X32.26840 Y23.50310
X32.26840 Y23.49040
X32.25570 Y23.49040
X32.25570 Y23.47770
X32.24300 Y23.47770
X32.24300 Y23.46500
X32.23030 Y23.46500
X32.23030 Y23.45230
X32.21760 Y23.45230
X32.21760 Y23.43960
X32.20490 Y23.43960
X32.20490 Y23.42690
X32.19220 Y23.42690
X32.19220 Y23.41420
X32.17950 Y23.41420
X32.17950 Y23.40150
X32.16680 Y23.40150
X32.16680 Y23.38880
X32.15410 Y23.38880
X32.15410 Y23.37610
X32.14140 Y23.37610
X32.14140 Y23.36340
X32.12870 Y23.36340
X32.12870 Y23.35070
X32.11600 Y23.35070
X32.11600 Y23.33800
X32.10330 Y23.33800
X32.10330 Y23.32530
X32.09060 Y23.32530
X32.09060 Y23.31260
X32.07790 Y23.31260
X32.07790 Y23.29990
X32.06520 Y23.29990
X32.06520 Y23.28720
X32.05250 Y23.28720
X32.05250 Y23.27450
X32.03980 Y23.27450
X32.03980 Y23.26180
X32.02710 Y23.26180
X32.02710 Y23.24910
X32.01440 Y23.24910
X32.01440 Y23.23640
X32.00170 Y23.23640
X32.00170 Y23.22370
X31.98900 Y23.22370
X31.98900 Y23.21100
X31.97630 Y23.21100
X31.97630 Y23.19830
X31.96360 Y23.19830
X31.96360 Y23.18560
X31.95090 Y23.18560
X31.95090 Y23.17290
X31.93820 Y23.17290
X31.93820 Y23.16020
X31.92550 Y23.16020
X31.92550 Y23.14750
X31.91280 Y23.14750
X31.91280 Y23.13480
X31.90010 Y23.13480
X31.90010 Y23.12210
X31.88740 Y23.12210
X31.88740 Y23.10940
X31.87470 Y23.10940
X31.87470 Y23.09670
X31.86200 Y23.09670
X31.86200 Y23.08400
X31.84930 Y23.08400
X31.84930 Y23.07130
X31.83660 Y23.07130
X31.83660 Y23.05860
X31.82390 Y23.05860
X31.82390 Y23.04590
X31.81120 Y23.04590
X31.81120 Y23.03320
X31.79850 Y23.03320
X31.79850 Y23.02050
X31.78580 Y23.02050
X31.78580 Y23.00780
X31.77310 Y23.00780
X31.77310 Y22.99510
X31.76040 Y22.99510
X31.76040 Y22.98240
X31.74770 Y22.98240
X31.74770 Y22.96970
X31.73500 Y22.96970
X31.73500 Y22.95700
X31.72230 Y22.95700
X31.72230 Y22.94430
X31.70960 Y22.94430
X31.70960 Y22.93160
X31.69690 Y22.93160
X31.69690 Y22.91890
X31.68420 Y22.91890
X31.68420 Y22.90620
X31.67150 Y22.90620
X31.67150 Y22.89350
X31.65880 Y22.89350
X31.65880 Y22.88080
X31.64610 Y22.88080
X31.64610 Y22.86810
X31.63340 Y22.86810
X31.63340 Y22.85540
X31.62070 Y22.85540
X31.62070 Y22.84270
X31.60800 Y22.84270
X31.60800 Y22.83000
X31.59530 Y22.83000
X31.59530 Y22.81730
X31.58260 Y22.81730
X31.58260 Y22.80460
X31.56990 Y22.80460
X31.56990 Y22.79190
X31.55720 Y22.79190
X31.55720 Y22.77920
X31.54450 Y22.77920
X31.54450 Y22.76650
X31.53180 Y22.76650
X31.53180 Y22.75380
X31.51910 Y22.75380
X31.51910 Y22.74110
X31.50640 Y22.74110
X31.50640 Y22.72840
X31.49370 Y22.72840
X31.49370 Y22.71570
X31.48100 Y22.71570
X31.48100 Y22.70300
X31.46830 Y22.70300
X31.46830 Y22.69030
X31.45560 Y22.69030
X31.45560 Y22.67760
X31.44290 Y22.67760
X31.44290 Y22.66490
X31.43020 Y22.66490
X31.43020 Y22.65220
X31.41750 Y22.65220
X31.41750 Y22.63950
X31.40480 Y22.63950
X31.40480 Y22.62680
X31.39210 Y22.62680
X31.39210 Y22.61410
X31.37940 Y22.61410
X31.37940 Y22.60140
X31.36670 Y22.60140
X31.36670 Y22.58870
X31.35400 Y22.58870
X31.35400 Y22.57600
X31.34130 Y22.57600
X31.34130 Y22.56330
X31.32860 Y22.56330
X31.32860 Y22.55060
X31.31590 Y22.55060
X31.31590 Y22.53790
X31.30320 Y22.53790
X31.30320 Y22.52520
X31.29050 Y22.52520
X31.29050 Y22.51250
X31.27780 Y22.51250
X31.27780 Y22.49980
X31.26510 Y22.49980
X31.26510 Y22.48710
X31.25240 Y22.48710
X31.25240 Y22.47440
X31.23970 Y22.47440
X31.23970 Y22.46170
X31.22700 Y22.46170
X31.22700 Y22.44900
X31.21430 Y22.44900
X31.21430 Y22.43630
X31.20160 Y22.43630
X31.20160 Y22.42360
X31.18890 Y22.42360
X31.18890 Y22.41090
X31.17620 Y22.41090
X31.17620 Y22.39820
X31.16350 Y22.39820
X31.16350 Y22.38550
X31.15080 Y22.38550
X31.15080 Y22.37280
X31.13810 Y22.37280
X31.13810 Y22.36010
X31.12540 Y22.36010
X31.12540 Y22.34740
X31.11270 Y22.34740
X31.11270 Y22.33470
X31.10000 Y22.33470
X31.10000 Y22.32200
X31.08730 Y22.32200
X31.08730 Y22.30930
X31.07460 Y22.30930
X31.07460 Y22.29660
X31.06190 Y22.29660
X31.06190 Y22.28390
X31.04920 Y22.28390
X31.04920 Y22.27120
X31.03650 Y22.27120
X31.03650 Y22.25850
X31.02380 Y22.25850
X31.02380 Y22.24580
X31.01110 Y22.24580
X31.01110 Y22.23310
X30.99840 Y22.23310
X30.99840 Y22.22040
X30.98570 Y22.22040
X30.98570 Y22.20770
X30.97300 Y22.20770
X30.97300 Y22.19500
X30.96030 Y22.19500
X30.96030 Y22.18230
X30.94760 Y22.18230
X30.94760 Y22.16960
X30.93490 Y22.16960
X30.93490 Y22.15690
X30.92220 Y22.15690
X30.92220 Y22.14420
X30.90950 Y22.14420
X30.90950 Y22.13150
X30.89680 Y22.13150
X30.89680 Y22.11880
X30.88410 Y22.11880
X30.88410 Y22.10610
X30.87140 Y22.10610
X30.87140 Y22.09340
X30.85870 Y22.09340
X30.85870 Y22.08070
X30.84600 Y22.08070
X30.84600 Y22.06800
X30.83330 Y22.06800
X30.83330 Y22.05530
X30.82060 Y22.05530
X30.82060 Y22.04260
X30.80790 Y22.04260
X30.80790 Y22.02990
X30.79520 Y22.02990
X30.79520 Y22.01720
X30.78250 Y22.01720
X30.78250 Y22.00450
X30.76980 Y22.00450
X30.76980 Y21.99180
X30.75710 Y21.99180
X30.75710 Y21.97910
X30.74440 Y21.97910
X30.74440 Y21.96640
X30.73170 Y21.96640
X30.73170 Y21.95370
X30.71900 Y21.95370
X30.71900 Y21.94100
X30.70630 Y21.94100
X30.70630 Y21.92830
X30.69360 Y21.92830
X30.69360 Y21.91560
X30.68090 Y21.91560
X30.68090 Y21.90290
X30.66820 Y21.90290
X30.66820 Y21.89020
X30.65550 Y21.89020
X30.65550 Y21.87750
X30.64280 Y21.87750
X30.64280 Y21.86480
X30.63010 Y21.86480
X30.63010 Y21.85210
X30.61740 Y21.85210
X30.61740 Y21.83940
X30.60470 Y21.83940
X30.60470 Y21.82670
X30.59200 Y21.82670
X30.59200 Y21.81400
X30.57930 Y21.81400
X30.57930 Y21.80130
X30.56660 Y21.80130
X30.56660 Y21.78860
X30.55390 Y21.78860
X30.55390 Y21.77590
X30.54120 Y21.77590
X30.54120 Y21.76320
X30.52850 Y21.76320
X30.52850 Y21.75050
X30.51580 Y21.75050
X30.51580 Y21.73780
X30.50310 Y21.73780
X30.50310 Y21.72510
X30.49040 Y21.72510
X30.49040 Y21.71240
X30.47770 Y21.71240
X30.47770 Y21.69970
X30.46500 Y21.69970
X30.46500 Y21.68700
X30.45230 Y21.68700
X30.45230 Y21.67430
X30.43960 Y21.67430
X30.43960 Y21.66160
X30.42690 Y21.66160
X30.42690 Y21.64890
X30.41420 Y21.64890
X30.41420 Y21.63620
X30.40150 Y21.63620
X30.40150 Y21.62350
X30.38880 Y21.62350
X30.38880 Y21.61080
X30.37610 Y21.61080
X30.37610 Y21.59810
X30.36340 Y21.59810
X30.36340 Y21.58540
X30.35070 Y21.58540
X30.35070 Y21.57270
X30.33800 Y21.57270
X30.33800 Y21.56000
X30.32530 Y21.56000
X30.32530 Y21.54730
X30.31260 Y21.54730
X30.31260 Y21.53460
X30.29990 Y21.53460
X30.29990 Y21.52190
X30.28720 Y21.52190
X30.28720 Y21.50920
X30.27450 Y21.50920
X30.27450 Y21.49650
X30.26180 Y21.49650
X30.26180 Y21.48380
X30.24910 Y21.48380
X30.24910 Y21.47110
X30.23640 Y21.47110
X30.23640 Y21.45840
X30.22370 Y21.45840
X30.22370 Y21.44570
X30.21100 Y21.44570
X30.21100 Y21.43300
X30.19830 Y21.43300
X30.19830 Y21.42030
X30.18560 Y21.42030
X30.18560 Y21.40760
X30.17290 Y21.40760
X30.17290 Y21.39490
X30.16020 Y21.39490
X30.16020 Y21.38220
X30.14750 Y21.38220
X30.14750 Y21.36950
X30.13480 Y21.36950
X30.13480 Y21.35680
X30.12210 Y21.35680
X30.12210 Y21.34410
X30.10940 Y21.34410
X30.10940 Y21.33140
X30.09670 Y21.33140
X30.09670 Y21.31870
X30.08400 Y21.31870
X30.08400 Y21.30600
X30.07130 Y21.30600
X30.07130 Y21.29330
X30.05860 Y21.29330
X30.05860 Y21.28060
X30.04590 Y21.28060
X30.04590 Y21.26790
X30.03320 Y21.26790
X30.03320 Y21.25520
X30.02050 Y21.25520
X30.02050 Y21.24250
X30.00780 Y21.24250
X30.00780 Y21.22980
X29.99510 Y21.22980
X29.99510 Y21.21710
X29.98240 Y21.21710
X29.98240 Y21.20440
X29.96970 Y21.20440
X29.96970 Y21.19170
X29.95700 Y21.19170
X29.95700 Y21.17900
X29.94430 Y21.17900
X29.94430 Y21.16630
X29.93160 Y21.16630
X29.93160 Y21.15360
X29.91890 Y21.15360
X29.91890 Y21.14090
X29.90620 Y21.14090
X29.90620 Y21.12820
X29.89350 Y21.12820
X29.89350 Y21.11550
X29.88080 Y21.11550
X29.88080 Y21.10280
X29.86810 Y21.10280
X29.86810 Y21.09010
X29.85540 Y21.09010
X29.85540 Y21.07740
X29.84270 Y21.07740
X29.84270 Y21.06470
X29.83000 Y21.06470
X29.83000 Y21.05200
X29.81730 Y21.05200
X29.81730 Y21.03930
X29.80460 Y21.03930
X29.80460 Y21.02660
X29.79190 Y21.02660
X29.79190 Y21.01390
X29.77920 Y21.01390
X29.77920 Y21.00120
X29.76650 Y21.00120
X29.76650 Y20.98850
X29.75380 Y20.98850
X29.75380 Y20.97580
X29.74110 Y20.97580
X29.74110 Y20.96310
X29.72840 Y20.96310
X29.72840 Y20.95040
X29.71570 Y20.95040
X29.71570 Y20.93770
X29.70300 Y20.93770
X29.70300 Y20.92500
X29.69030 Y20.92500
X29.69030 Y20.91230
X29.67760 Y20.91230
X29.67760 Y20.89960
X29.66490 Y20.89960
X29.66490 Y20.88690
X29.65220 Y20.88690
X29.65220 Y20.87420
X29.63950 Y20.87420
X29.63950 Y20.86150
X29.62680 Y20.86150
X29.62680 Y20.84880
X29.61410 Y20.84880
X29.61410 Y20.83610
X29.60140 Y20.83610
X29.60140 Y20.82340
X29.58870 Y20.82340
X29.58870 Y20.81070
X29.57600 Y20.81070
X29.57600 Y20.79800
X29.56330 Y20.79800
X29.56330 Y20.78530
X29.55060 Y20.78530
X29.55060 Y20.77260
X29.53790 Y20.77260
X29.53790 Y20.75990
X29.52520 Y20.75990
X29.52520 Y20.74720
X29.51250 Y20.74720
X29.51250 Y20.73450
X29.49980 Y20.73450
X29.49980 Y20.72180
X29.48710 Y20.72180
X29.48710 Y20.70910
X29.47440 Y20.70910
X29.47440 Y20.69640
X29.46170 Y20.69640
X29.46170 Y20.68370
X29.44900 Y20.68370
X29.44900 Y20.67100
X29.43630 Y20.67100
X29.43630 Y20.65830
X29.42360 Y20.65830
X29.42360 Y20.64560
X29.41090 Y20.64560
X29.41090 Y20.63290
X29.39820 Y20.63290
X29.39820 Y20.62020
X29.38550 Y20.62020
X29.38550 Y20.60750
X29.37280 Y20.60750
X29.37280 Y20.59480
X29.36010 Y20.59480
X29.36010 Y20.58210
X29.34740 Y20.58210
X29.34740 Y20.56940
X29.33470 Y20.56940
X29.33470 Y20.55670
X29.32200 Y20.55670
X29.32200 Y20.54400
X29.30930 Y20.54400
X29.30930 Y20.53130
X29.29660 Y20.53130
X29.29660 Y20.51860
X29.28390 Y20.51860
X29.28390 Y20.50590
X29.27120 Y20.50590
X29.27120 Y20.49320
X29.25850 Y20.49320
X29.25850 Y20.48050
X29.24580 Y20.48050
X29.24580 Y20.46780
X29.23310 Y20.46780
X29.23310 Y20.45510
X29.22040 Y20.45510
X29.22040 Y20.44240
X29.20770 Y20.44240
X29.20770 Y20.42970
X29.19500 Y20.42970
X29.19500 Y20.41700
X29.18230 Y20.41700
X29.18230 Y20.40430
X29.16960 Y20.40430
X29.16960 Y20.39160
X29.15690 Y20.39160
X29.15690 Y20.37890
X29.14420 Y20.37890
X29.14420 Y20.36620
X29.13150 Y20.36620
X29.13150 Y20.35350
X29.11880 Y20.35350
X29.11880 Y20.34080
X29.10610 Y20.34080
X29.10610 Y20.32810
X29.09340 Y20.32810
X29.09340 Y20.31540
X29.08070 Y20.31540
X29.08070 Y20.30270
X29.06800 Y20.30270
X29.06800 Y20.29000
X29.05530 Y20.29000
X29.05530 Y20.27730
X29.04260 Y20.27730
X29.04260 Y20.26460
X29.02990 Y20.26460
X29.02990 Y20.25190
X29.01720 Y20.25190
X29.01720 Y20.23920
X29.00450 Y20.23920
X29.00450 Y20.22650
X28.99180 Y20.22650
X28.99180 Y20.21380
X28.97910 Y20.21380
X28.97910 Y20.20110
X28.96640 Y20.20110
X28.96640 Y20.18840
X28.95370 Y20.18840
X28.95370 Y20.17570
X28.94100 Y20.17570
X28.94100 Y20.16300
X28.92830 Y20.16300
X28.92830 Y20.15030
X28.91560 Y20.15030
X28.91560 Y20.13760
X28.90290 Y20.13760
X28.90290 Y20.12490
X28.89020 Y20.12490
X28.89020 Y20.11220
X28.87750 Y20.11220
X28.87750 Y20.09950
X28.86480 Y20.09950
X28.86480 Y20.08680
X28.85210 Y20.08680
X28.85210 Y20.07410
X28.83940 Y20.07410
X28.83940 Y20.06140
X28.82670 Y20.06140
X28.82670 Y20.04870
X28.81400 Y20.04870
X28.81400 Y20.03600
X28.80130 Y20.03600
X28.80130 Y20.02330
X28.78860 Y20.02330
X28.78860 Y20.01060
X28.77590 Y20.01060
X28.77590 Y19.99790
X28.76320 Y19.99790
X28.76320 Y19.98520
X28.75050 Y19.98520
X28.75050 Y19.97250
X28.73780 Y19.97250
X28.73780 Y19.95980
X28.72510 Y19.95980
X28.72510 Y19.94710
X28.71240 Y19.94710
X28.71240 Y19.93440
X28.69970 Y19.93440
X28.69970 Y19.92170
X28.68700 Y19.92170
X28.68700 Y19.90900
X28.67430 Y19.90900
X28.67430 Y19.89630
X28.66160 Y19.89630
X28.66160 Y19.88360
X28.64890 Y19.88360
X28.64890 Y19.87090
X28.63620 Y19.87090
X28.63620 Y19.85820
X28.62350 Y19.85820
X28.62350 Y19.84550
X28.61080 Y19.84550
X28.61080 Y19.83280
X28.59810 Y19.83280
X28.59810 Y19.82010
X28.58540 Y19.82010
X28.58540 Y19.80740
X28.57270 Y19.80740
X28.57270 Y19.79470
X28.56000 Y19.79470
X28.56000 Y19.78200
X28.54730 Y19.78200
X28.54730 Y19.76930
X28.53460 Y19.76930
X28.53460 Y19.75660
X28.52190 Y19.75660
X28.52190 Y19.74390
X28.50920 Y19.74390
X28.50920 Y19.73120
X28.49650 Y19.73120
X28.49650 Y19.71850
X28.48380 Y19.71850
X28.48380 Y19.70580
X28.47110 Y19.70580
X28.47110 Y19.69310
X28.45840 Y19.69310
X28.45840 Y19.68040
X28.44570 Y19.68040
X28.44570 Y19.66770
X28.43300 Y19.66770
X28.43300 Y19.65500
X28.42030 Y19.65500
X28.42030 Y19.64230
X28.40760 Y19.64230
X28.40760 Y19.62960
X28.39490 Y19.62960
X28.39490 Y19.61690
X28.38220 Y19.61690
X28.38220 Y19.60420
X28.36950 Y19.60420
X28.36950 Y19.59150
X28.35680 Y19.59150
X28.35680 Y19.57880
X28.34410 Y19.57880
X28.34410 Y19.56610
X28.33140 Y19.56610
X28.33140 Y19.55340
X28.31870 Y19.55340
X28.31870 Y19.54070
X28.30600 Y19.54070
X28.30600 Y19.52800
X28.29330 Y19.52800
X28.29330 Y19.51530
X28.28060 Y19.51530
X28.28060 Y19.50260
X28.26790 Y19.50260
X28.26790 Y19.48990
X28.25520 Y19.48990
X28.25520 Y19.47720
X28.24250 Y19.47720
X28.24250 Y19.46450
X28.22980 Y19.46450
X28.22980 Y19.45180
X28.21710 Y19.45180
X28.21710 Y19.43910
X28.20440 Y19.43910
X28.20440 Y19.42640
X28.19170 Y19.42640
X28.19170 Y19.41370
X28.17900 Y19.41370
X28.17900 Y19.40100
X28.16630 Y19.40100
X28.16630 Y19.38830
X28.15360 Y19.38830
X28.15360 Y19.37560
X28.14090 Y19.37560
X28.14090 Y19.36290
X28.12820 Y19.36290
X28.12820 Y19.35020
X28.11550 Y19.35020
X28.11550 Y19.33750
X28.10280 Y19.33750
X28.10280 Y19.32480
X28.09010 Y19.32480
X28.09010 Y19.31210
X28.07740 Y19.31210
X28.07740 Y19.29940
X28.06470 Y19.29940
X28.06470 Y19.28670
X28.05200 Y19.28670
X28.05200 Y19.27400
X28.03930 Y19.27400
X28.03930 Y19.26130
X28.02660 Y19.26130
X28.02660 Y19.24860
X28.01390 Y19.24860
X28.01390 Y19.23590
X28.00120 Y19.23590
X28.00120 Y19.22320
X27.98850 Y19.22320
X27.98850 Y19.21050
X27.97580 Y19.21050
X27.97580 Y19.19780
X27.96310 Y19.19780
X27.96310 Y19.18510
X27.95040 Y19.18510
X27.95040 Y19.17240
X27.93770 Y19.17240
X27.93770 Y19.15970
X27.92500 Y19.15970
X27.92500 Y19.14700
X27.91230 Y19.14700
X27.91230 Y19.13430
X27.89960 Y19.13430
X27.89960 Y19.12160
X27.88690 Y19.12160
X27.88690 Y19.10890
X27.87420 Y19.10890
X27.87420 Y19.09620
X27.86150 Y19.09620
X27.86150 Y19.08350
X27.84880 Y19.08350
X27.84880 Y19.07080
X27.83610 Y19.07080
X27.83610 Y19.05810
X27.82340 Y19.05810
X27.82340 Y19.04540
X27.81070 Y19.04540
X27.81070 Y19.03270
X27.79800 Y19.03270
X27.79800 Y19.02000
X27.78530 Y19.02000
X27.78530 Y19.00730
X27.77260 Y19.00730
X27.77260 Y18.99460
X27.75990 Y18.99460
X27.75990 Y18.98190
X27.74720 Y18.98190
X27.74720 Y18.96920
X27.73450 Y18.96920
X27.73450 Y18.95650
X27.72180 Y18.95650
X27.72180 Y18.94380
X27.70910 Y18.94380
X27.70910 Y18.93110
X27.69640 Y18.93110
X27.69640 Y18.91840
X27.68370 Y18.91840
X27.68370 Y18.90570
X27.67100 Y18.90570
X27.67100 Y18.89300
X27.65830 Y18.89300
X27.65830 Y18.88030
X27.64560 Y18.88030
X27.64560 Y18.86760
X27.63290 Y18.86760
X27.63290 Y18.85490
X27.62020 Y18.85490
X27.62020 Y18.84220
X27.60750 Y18.84220
X27.60750 Y18.82950
X27.59480 Y18.82950
X27.59480 Y18.81680
X27.58210 Y18.81680
X27.58210 Y18.80410
X27.56940 Y18.80410
X27.56940 Y18.79140
X27.55670 Y18.79140
X27.55670 Y18.77870
X27.54400 Y18.77870
X27.54400 Y18.76600
X27.53130 Y18.76600
X27.53130 Y18.75330
X27.51860 Y18.75330
X27.51860 Y18.74060
X27.50590 Y18.74060
X27.50590 Y18.72790
X27.49320 Y18.72790
X27.49320 Y18.71520
X27.48050 Y18.71520
X27.48050 Y18.70250
X27.46780 Y18.70250
X27.46780 Y18.68980
X27.45510 Y18.68980
X27.45510 Y18.67710
X27.44240 Y18.67710
X27.44240 Y18.66440
X27.42970 Y18.66440
X27.42970 Y18.65170
X27.41700 Y18.65170
X27.41700 Y18.63900
X27.40430 Y18.63900
X27.40430 Y18.62630
X27.39160 Y18.62630
X27.39160 Y18.61360
X27.37890 Y18.61360
X27.37890 Y18.60090
X27.36620 Y18.60090
X27.36620 Y18.58820
X27.35350 Y18.58820
X27.35350 Y18.57550
X27.34080 Y18.57550
X27.34080 Y18.56280
X27.32810 Y18.56280
X27.32810 Y18.55010
X27.31540 Y18.55010
X27.31540 Y18.53740
X27.30270 Y18.53740
X27.30270 Y18.52470
X27.29000 Y18.52470
X27.29000 Y18.51200
X27.27730 Y18.51200
X27.27730 Y18.49930
X27.26460 Y18.49930
X27.26460 Y18.48660
X27.25190 Y18.48660
X27.25190 Y18.47390
X27.23920 Y18.47390
X27.23920 Y18.46120
X27.22650 Y18.46120
X27.22650 Y18.44850
X27.21380 Y18.44850
X27.21380 Y18.43580
X27.20110 Y18.43580
X27.20110 Y18.42310
X27.18840 Y18.42310
X27.18840 Y18.41040
X27.17570 Y18.41040
X27.17570 Y18.39770
X27.16300 Y18.39770
X27.16300 Y18.38500
X27.15030 Y18.38500
X27.15030 Y18.37230
X27.13760 Y18.37230
X27.13760 Y18.35960
X27.12490 Y18.35960
X27.12490 Y18.34690
X27.11220 Y18.34690
X27.11220 Y18.33420
X27.09950 Y18.33420
X27.09950 Y18.32150
X27.08680 Y18.32150
X27.08680 Y18.30880
X27.07410 Y18.30880
X27.07410 Y18.29610
X27.06140 Y18.29610
X27.06140 Y18.28340
X27.04870 Y18.28340
X27.04870 Y18.27070
X27.03600 Y18.27070
X27.03600 Y18.25800
X27.02330 Y18.25800
X27.02330 Y18.24530
X27.01060 Y18.24530
X27.01060 Y18.23260
X26.99790 Y18.23260
X26.99790 Y18.21990
X26.98520 Y18.21990
X26.98520 Y18.20720
X26.97250 Y18.20720
X26.97250 Y18.19450
X26.95980 Y18.19450
X26.95980 Y18.18180
X26.94710 Y18.18180
X26.94710 Y18.16910
X26.93440 Y18.16910
X26.93440 Y18.15640
X26.92170 Y18.15640
X26.92170 Y18.14370
X26.90900 Y18.14370
X26.90900 Y18.13100
X26.89630 Y18.13100
X26.89630 Y18.11830
X26.88360 Y18.11830
X26.88360 Y18.10560
X26.87090 Y18.10560
X26.87090 Y18.09290
X26.85820 Y18.09290
X26.85820 Y18.08020
X26.84550 Y18.08020
X26.84550 Y18.06750
X26.83280 Y18.06750
X26.83280 Y18.05480
X26.82010 Y18.05480
X26.82010 Y18.04210
X26.80740 Y18.04210
X26.80740 Y18.02940
X26.79470 Y18.02940
X26.79470 Y18.01670
X26.78200 Y18.01670
X26.78200 Y18.00400
X26.76930 Y18.00400
X26.76930 Y17.99130
X26.75660 Y17.99130
X26.75660 Y17.97860
X26.74390 Y17.97860
X26.74390 Y17.96590
X26.73120 Y17.96590
X26.73120 Y17.95320
X26.71850 Y17.95320
X26.71850 Y17.94050
X26.70580 Y17.94050
X26.70580 Y17.92780
X26.69310 Y17.92780
X26.69310 Y17.91510
X26.68040 Y17.91510
X26.68040 Y17.90240
X26.66770 Y17.90240
X26.66770 Y17.88970
X26.65500 Y17.88970
X26.65500 Y17.87700
X26.64230 Y17.87700
X26.64230 Y17.86430
X26.62960 Y17.86430
X26.62960 Y17.85160
X26.61690 Y17.85160
X26.61690 Y17.83890
X26.60420 Y17.83890
X26.60420 Y17.82620
X26.59150 Y17.82620
X26.59150 Y17.81350
X26.57880 Y17.81350
X26.57880 Y17.80080
X26.56610 Y17.80080
X26.56610 Y17.78810
X26.55340 Y17.78810
X26.55340 Y17.77540
X26.54070 Y17.77540
X26.54070 Y17.76270
X26.52800 Y17.76270
X26.52800 Y17.75000
X26.51530 Y17.75000
X26.51530 Y17.73730
X26.50260 Y17.73730
X26.50260 Y17.72460
X26.48990 Y17.72460
X26.48990 Y17.71190
X26.47720 Y17.71190
X26.47720 Y17.69920
X26.46450 Y17.69920
X26.46450 Y17.68650
X26.45180 Y17.68650
X26.45180 Y17.67380
X26.43910 Y17.67380
X26.43910 Y17.66110
X26.42640 Y17.66110
X26.42640 Y17.64840
X26.41370 Y17.64840
X26.41370 Y17.63570
X26.40100 Y17.63570
X26.40100 Y17.62300
X26.38830 Y17.62300
X26.38830 Y17.61030
X26.37560 Y17.61030
X26.37560 Y17.59760
X26.36290 Y17.59760
X26.36290 Y17.58490
X26.35020 Y17.58490
X26.35020 Y17.57220
X26.33750 Y17.57220
X26.33750 Y17.55950
X26.32480 Y17.55950
X26.32480 Y17.54680
X26.31210 Y17.54680
X26.31210 Y17.53410
X26.29940 Y17.53410
X26.29940 Y17.52140
X26.28670 Y17.52140
X26.28670 Y17.50870
X26.27400 Y17.50870
X26.27400 Y17.49600
X26.26130 Y17.49600
X26.26130 Y17.48330
X26.24860 Y17.48330
X26.24860 Y17.47060
X26.23590 Y17.47060
X26.23590 Y17.45790
X26.22320 Y17.45790
X26.22320 Y17.44520
X26.21050 Y17.44520
X26.21050 Y17.43250
X26.19780 Y17.43250
X26.19780 Y17.41980
X26.18510 Y17.41980
X26.18510 Y17.40710
X26.17240 Y17.40710
X26.17240 Y17.39440
X26.15970 Y17.39440
X26.15970 Y17.38170
X26.14700 Y17.38170
X26.14700 Y17.36900
X26.13430 Y17.36900
X26.13430 Y17.35630
X26.12160 Y17.35630
X26.12160 Y17.34360
X26.10890 Y17.34360
X26.10890 Y17.33090
X26.09620 Y17.33090
X26.09620 Y17.31820
X26.08350 Y17.31820
X26.08350 Y17.30550
X26.07080 Y17.30550
X26.07080 Y17.29280
X26.05810 Y17.29280
X26.05810 Y17.28010
X26.04540 Y17.28010
X26.04540 Y17.26740
X26.03270 Y17.26740
X26.03270 Y17.25470
X26.02000 Y17.25470
X26.02000 Y17.24200
X26.00730 Y17.24200
X26.00730 Y17.22930
X25.99460 Y17.22930
X25.99460 Y17.21660
X25.98190 Y17.21660
X25.98190 Y17.20390
X25.96920 Y17.20390
X25.96920 Y17.19120
X25.95650 Y17.19120
X25.95650 Y17.17850
X25.94380 Y17.17850
X25.94380 Y17.16580
X25.93110 Y17.16580
X25.93110 Y17.15310
X25.91840 Y17.15310
X25.91840 Y17.14040
X25.90570 Y17.14040
X25.90570 Y17.12770
X25.89300 Y17.12770
X25.89300 Y17.11500
X25.88030 Y17.11500
X25.88030 Y17.10230
X25.86760 Y17.10230
X25.86760 Y17.08960
X25.85490 Y17.08960
X25.85490 Y17.07690
X25.84220 Y17.07690
X25.84220 Y17.06420
X25.82950 Y17.06420
X25.82950 Y17.05150
X25.81680 Y17.05150
X25.81680 Y17.03880
X25.80410 Y17.03880
X25.80410 Y17.02610
X25.79140 Y17.02610
X25.79140 Y17.01340
X25.77870 Y17.01340
X25.77870 Y17.00070
X25.76600 Y17.00070
X25.76600 Y16.98800
X25.75330 Y16.98800
X25.75330 Y16.97530
X25.74060 Y16.97530
X25.74060 Y16.96260
X25.72790 Y16.96260
X25.72790 Y16.94990
X25.71520 Y16.94990
X25.71520 Y16.93720
X25.70250 Y16.93720
X25.70250 Y16.92450
X25.68980 Y16.92450
X25.68980 Y16.91180
X25.67710 Y16.91180
X25.67710 Y16.89910
X25.66440 Y16.89910
X25.66440 Y16.88640
X25.65170 Y16.88640
X25.65170 Y16.87370
X25.63900 Y16.87370
X25.63900 Y16.86100
X25.62630 Y16.86100
X25.62630 Y16.84830
X25.61360 Y16.84830
X25.61360 Y16.83560
X25.60090 Y16.83560
X25.60090 Y16.82290
X25.58820 Y16.82290
X25.58820 Y16.81020
X25.57550 Y16.81020
X25.57550 Y16.79750
X25.56280 Y16.79750
X25.56280 Y16.78480
X25.55010 Y16.78480
X25.55010 Y16.77210
X25.53740 Y16.77210
X25.53740 Y16.75940
X25.52470 Y16.75940
X25.52470 Y16.74670
X25.51200 Y16.74670
X25.51200 Y16.73400
X25.49930 Y16.73400
X25.49930 Y16.72130
X25.48660 Y16.72130
X25.48660 Y16.70860
X25.47390 Y16.70860
X25.47390 Y16.69590
X25.46120 Y16.69590
X25.46120 Y16.68320
X25.44850 Y16.68320
X25.44850 Y16.67050
X25.43580 Y16.67050
X25.43580 Y16.65780
X25.42310 Y16.65780
X25.42310 Y16.64510
X25.41040 Y16.64510
X25.41040 Y16.63240
X25.39770 Y16.63240
X25.39770 Y16.61970
X25.38500 Y16.61970
X25.38500 Y16.60700
X25.37230 Y16.60700
X25.37230 Y16.59430
X25.35960 Y16.59430
X25.35960 Y16.58160
X25.34690 Y16.58160
X25.34690 Y16.56890
X25.33420 Y16.56890
X25.33420 Y16.55620
X25.32150 Y16.55620
X25.32150 Y16.54350
X25.30880 Y16.54350
X25.30880 Y16.53080
X25.29610 Y16.53080
X25.29610 Y16.51810
X25.28340 Y16.51810
X25.28340 Y16.50540
X25.27070 Y16.50540
X25.27070 Y16.49270
X25.25800 Y16.49270
X25.25800 Y16.48000
X25.24530 Y16.48000
X25.24530 Y16.46730
X25.23260 Y16.46730
X25.23260 Y16.45460
X25.21990 Y16.45460
X25.21990 Y16.44190
X25.20720 Y16.44190
X25.20720 Y16.42920
X25.19450 Y16.42920
X25.19450 Y16.41650
X25.18180 Y16.41650
X25.18180 Y16.40380
X25.16910 Y16.40380
X25.16910 Y16.39110
X25.15640 Y16.39110
X25.15640 Y16.37840
X25.14370 Y16.37840
X25.14370 Y16.36570
X25.13100 Y16.36570
X25.13100 Y16.35300
X25.11830 Y16.35300
X25.11830 Y16.34030
X25.10560 Y16.34030
X25.10560 Y16.32760
X25.09290 Y16.32760
X25.09290 Y16.31490
X25.08020 Y16.31490
X25.08020 Y16.30220
X25.06750 Y16.30220
X25.06750 Y16.28950
X25.05480 Y16.28950
X25.05480 Y16.27680
X25.04210 Y16.27680
X25.04210 Y16.26410
X25.02940 Y16.26410
X25.02940 Y16.25140
X25.01670 Y16.25140
X25.01670 Y16.23870
X25.00400 Y16.23870
X25.00400 Y16.22600
X24.99130 Y16.22600
X24.99130 Y16.21330
X24.97860 Y16.21330
X24.97860 Y16.20060
X24.96590 Y16.20060
X24.96590 Y16.18790
X24.95320 Y16.18790
X24.95320 Y16.17520
X24.94050 Y16.17520
X24.94050 Y16.16250
X24.92780 Y16.16250
X24.92780 Y16.14980
X24.91510 Y16.14980
X24.91510 Y16.13710
X24.90240 Y16.13710
X24.90240 Y16.12440
X24.88970 Y16.12440
X24.88970 Y16.11170
X24.87700 Y16.11170
X24.87700 Y16.09900
X24.86430 Y16.09900
X24.86430 Y16.08630
X24.85160 Y16.08630
X24.85160 Y16.07360
X24.83890 Y16.07360
X24.83890 Y16.06090
X24.82620 Y16.06090
X24.82620 Y16.04820
X24.81350 Y16.04820
X24.81350 Y16.03550
X24.80080 Y16.03550
X24.80080 Y16.02280
X24.78810 Y16.02280
X24.78810 Y16.01010
X24.77540 Y16.01010
X24.77540 Y15.99740
X24.76270 Y15.99740
X24.76270 Y15.98470
X24.75000 Y15.98470
X24.75000 Y15.97200
X24.73730 Y15.97200
X24.73730 Y15.95930
X24.72460 Y15.95930
X24.72460 Y15.94660
X24.71190 Y15.94660
X24.71190 Y15.93390
X24.69920 Y15.93390
X24.69920 Y15.92120
X24.68650 Y15.92120
X24.68650 Y15.90850
X24.67380 Y15.90850
X24.67380 Y15.89580
X24.66110 Y15.89580
X24.66110 Y15.88310
X24.64840 Y15.88310
X24.64840 Y15.87040
X24.63570 Y15.87040
X24.63570 Y15.85770
X24.62300 Y15.85770
X24.62300 Y15.84500
X24.61030 Y15.84500
X24.61030 Y15.83230
X24.59760 Y15.83230
X24.59760 Y15.81960
X24.58490 Y15.81960
X24.58490 Y15.80690
X24.57220 Y15.80690
X24.57220 Y15.79420
X24.55950 Y15.79420
X24.55950 Y15.78150
X24.54680 Y15.78150
X24.54680 Y15.76880
X24.53410 Y15.76880
X24.53410 Y15.75610
X24.52140 Y15.75610
X24.52140 Y15.74340
X24.50870 Y15.74340
X24.50870 Y15.73070
X24.49600 Y15.73070
X24.49600 Y15.71800
X24.48330 Y15.71800
X24.48330 Y15.70530
X24.47060 Y15.70530
X24.47060 Y15.69260
X24.45790 Y15.69260
X24.45790 Y15.67990
X24.44520 Y15.67990
X24.44520 Y15.66720
X24.43250 Y15.66720
X24.43250 Y15.65450
X24.41980 Y15.65450
X24.41980 Y15.64180
X24.40710 Y15.64180
X24.40710 Y15.62910
X24.39440 Y15.62910
X24.39440 Y15.61640
X24.38170 Y15.61640
X24.38170 Y15.60370
X24.36900 Y15.60370
X24.36900 Y15.59100
X24.35630 Y15.59100
X24.35630 Y15.57830
X24.34360 Y15.57830
X24.34360 Y15.56560
X24.33090 Y15.56560
X24.33090 Y15.55290
X24.31820 Y15.55290
X24.31820 Y15.54020
X24.30550 Y15.54020
X24.30550 Y15.52750
X24.29280 Y15.52750
X24.29280 Y15.51480
X24.28010 Y15.51480
X24.28010 Y15.50210
X24.26740 Y15.50210
X24.26740 Y15.48940
X24.25470 Y15.48940
X24.25470 Y15.47670
X24.24200 Y15.47670
X24.24200 Y15.46400
X24.22930 Y15.46400
X24.22930 Y15.45130
X24.21660 Y15.45130
X24.21660 Y15.43860
X24.20390 Y15.43860
X24.20390 Y15.42590
X24.19120 Y15.42590
X24.19120 Y15.41320
X24.17850 Y15.41320
X24.17850 Y15.40050
X24.16580 Y15.40050
X24.16580 Y15.38780
X24.15310 Y15.38780
X24.15310 Y15.37510
X24.14040 Y15.37510
X24.14040 Y15.36240
X24.12770 Y15.36240
X24.12770 Y15.34970
X24.11500 Y15.34970
X24.11500 Y15.33700
X24.10230 Y15.33700
X24.10230 Y15.32430
X24.08960 Y15.32430
X24.08960 Y15.31160
X24.07690 Y15.31160
X24.07690 Y15.29890
X24.06420 Y15.29890
X24.06420 Y15.28620
X24.05150 Y15.28620
X24.05150 Y15.27350
X24.03880 Y15.27350
X24.03880 Y15.26080
X24.02610 Y15.26080
X24.02610 Y15.24810
X24.01340 Y15.24810
X24.01340 Y15.23540
X24.00070 Y15.23540
X24.00070 Y15.22270
X23.98800 Y15.22270
X23.98800 Y15.21000
X23.97530 Y15.21000
X23.97530 Y15.19730
X23.96260 Y15.19730
X23.96260 Y15.18460
X23.94990 Y15.18460
X23.94990 Y15.17190
X23.93720 Y15.17190
X23.93720 Y15.15920
X23.92450 Y15.15920
X23.92450 Y15.14650
X23.91180 Y15.14650
X23.91180 Y15.13380
X23.89910 Y15.13380
X23.89910 Y15.12110
X23.88640 Y15.12110
X23.88640 Y15.10840
X23.87370 Y15.10840
X23.87370 Y15.09570
X23.86100 Y15.09570
X23.86100 Y15.08300
X23.84830 Y15.08300
X23.84830 Y15.07030
X23.83560 Y15.07030
X23.83560 Y15.05760
X23.82290 Y15.05760
X23.82290 Y15.04490
X23.81020 Y15.04490
X23.81020 Y15.03220
X23.79750 Y15.03220
X23.79750 Y15.01950
X23.78480 Y15.01950
X23.78480 Y15.00680
X23.77210 Y15.00680
X23.77210 Y14.99410
X23.75940 Y14.99410
X23.75940 Y14.98140
X23.74670 Y14.98140
X23.74670 Y14.96870
X23.73400 Y14.96870
X23.73400 Y14.95600
X23.72130 Y14.95600
X23.72130 Y14.94330
X23.70860 Y14.94330
X23.70860 Y14.93060
X23.69590 Y14.93060
X23.69590 Y14.91790
X23.68320 Y14.91790
X23.68320 Y14.90520
X23.67050 Y14.90520
X23.67050 Y14.89250
X23.65780 Y14.89250
X23.65780 Y14.87980
X23.64510 Y14.87980
X23.64510 Y14.86710
X23.63240 Y14.86710
X23.63240 Y14.85440
X23.61970 Y14.85440
X23.61970 Y14.84170
X23.60700 Y14.84170
X23.60700 Y14.82900
X23.59430 Y14.82900
X23.59430 Y14.81630
X23.58160 Y14.81630
X23.58160 Y14.80360
X23.56890 Y14.80360
X23.56890 Y14.79090
X23.55620 Y14.79090
X23.55620 Y14.77820
X23.54350 Y14.77820
X23.54350 Y14.76550
X23.53080 Y14.76550
X23.53080 Y14.75280
X23.51810 Y14.75280
X23.51810 Y14.74010
X23.50540 Y14.74010
X23.50540 Y14.72740
X23.49270 Y14.72740
X23.49270 Y14.71470
X23.48000 Y14.71470
X23.48000 Y14.70200
X23.46730 Y14.70200
X23.46730 Y14.68930
X23.45460 Y14.68930
X23.45460 Y14.67660
X23.44190 Y14.67660
X23.44190 Y14.66390
X23.42920 Y14.66390
X23.42920 Y14.65120
X23.41650 Y14.65120
X23.41650 Y14.63850
X23.40380 Y14.63850
X23.40380 Y14.62580
X23.39110 Y14.62580
X23.39110 Y14.61310
X23.37840 Y14.61310
X23.37840 Y14.60040
X23.36570 Y14.60040
X23.36570 Y14.58770
X23.35300 Y14.58770
X23.35300 Y14.57500
X23.34030 Y14.57500
X23.34030 Y14.56230
X23.32760 Y14.56230
X23.32760 Y14.54960
X23.31490 Y14.54960
X23.31490 Y14.53690
X23.30220 Y14.53690
X23.30220 Y14.52420
X23.28950 Y14.52420
X23.28950 Y14.51150
X23.27680 Y14.51150
X23.27680 Y14.49880
X23.26410 Y14.49880
X23.26410 Y14.48610
X23.25140 Y14.48610
X23.25140 Y14.47340
X23.23870 Y14.47340
X23.23870 Y14.46070
X23.22600 Y14.46070
X23.22600 Y14.44800
X23.21330 Y14.44800
X23.21330 Y14.43530
X23.20060 Y14.43530
X23.20060 Y14.42260
X23.18790 Y14.42260
X23.18790 Y14.40990
X23.17520 Y14.40990
X23.17520 Y14.39720
X23.16250 Y14.39720
X23.16250 Y14.38450
X23.14980 Y14.38450
X23.14980 Y14.37180
X23.13710 Y14.37180
X23.13710 Y14.35910
X23.12440 Y14.35910
X23.12440 Y14.34640
X23.11170 Y14.34640
X23.11170 Y14.33370
X23.09900 Y14.33370
X23.09900 Y14.32100
X23.08630 Y14.32100
X23.08630 Y14.30830
X23.07360 Y14.30830
X23.07360 Y14.29560
X23.06090 Y14.29560
X23.06090 Y14.28290
X23.04820 Y14.28290
X23.04820 Y14.27020
X23.03550 Y14.27020
X23.03550 Y14.25750
X23.02280 Y14.25750
X23.02280 Y14.24480
X23.01010 Y14.24480
X23.01010 Y14.23210
X22.99740 Y14.23210
X22.99740 Y14.21940
X22.98470 Y14.21940
X22.98470 Y14.20670
X22.97200 Y14.20670
X22.97200 Y14.19400
X22.95930 Y14.19400
X22.95930 Y14.18130
X22.94660 Y14.18130
X22.94660 Y14.16860
X22.93390 Y14.16860
X22.93390 Y14.15590
X22.92120 Y14.15590
X22.92120 Y14.14320
X22.90850 Y14.14320
X22.90850 Y14.13050
X22.89580 Y14.13050
X22.89580 Y14.11780
X22.88310 Y14.11780
X22.88310 Y14.10510
X22.87040 Y14.10510
X22.87040 Y14.09240
X22.85770 Y14.09240
X22.85770 Y14.07970
X22.84500 Y14.07970
X22.84500 Y14.06700
X22.83230 Y14.06700
X22.83230 Y14.05430
X22.81960 Y14.05430
X22.81960 Y14.04160
X22.80690 Y14.04160
X22.80690 Y14.02890
X22.79420 Y14.02890
X22.79420 Y14.01620
X22.78150 Y14.01620
X22.78150 Y14.00350
X22.76880 Y14.00350
X22.76880 Y13.99080
X22.75610 Y13.99080
X22.75610 Y13.97810
X22.74340 Y13.97810
X22.74340 Y13.96540
X22.73070 Y13.96540
X22.73070 Y13.95270
X22.71800 Y13.95270
X22.71800 Y13.94000
X22.70530 Y13.94000
X22.70530 Y13.92730
X22.69260 Y13.92730
X22.69260 Y13.91460
X22.67990 Y13.91460
X22.67990 Y13.90190
X22.66720 Y13.90190
X22.66720 Y13.88920
X22.65450 Y13.88920
X22.65450 Y13.87650
X22.64180 Y13.87650
X22.64180 Y13.86380
X22.62910 Y13.86380
X22.62910 Y13.85110
X22.61640 Y13.85110
X22.61640 Y13.83840
X22.60370 Y13.83840
X22.60370 Y13.82570
X22.59100 Y13.82570
X22.59100 Y13.81300
X22.57830 Y13.81300
X22.57830 Y13.80030
X22.56560 Y13.80030
X22.56560 Y13.78760
X22.55290 Y13.78760
X22.55290 Y13.77490
X22.54020 Y13.77490
X22.54020 Y13.76220
X22.52750 Y13.76220
X22.52750 Y13.74950
X22.51480 Y13.74950
X22.51480 Y13.73680
X22.50210 Y13.73680
X22.50210 Y13.72410
X22.48940 Y13.72410
X22.48940 Y13.71140
X22.47670 Y13.71140
X22.47670 Y13.69870
X22.46400 Y13.69870
X22.46400 Y13.68600
X22.45130 Y13.68600
X22.45130 Y13.67330
X22.43860 Y13.67330
X22.43860 Y13.66060
X22.42590 Y13.66060
X22.42590 Y13.64790
X22.41320 Y13.64790
X22.41320 Y13.63520
X22.40050 Y13.63520
X22.40050 Y13.62250
X22.38780 Y13.62250
X22.38780 Y13.60980
X22.37510 Y13.60980
X22.37510 Y13.59710
X22.36240 Y13.59710
X22.36240 Y13.58440
X22.34970 Y13.58440
X22.34970 Y13.57170
X22.33700 Y13.57170
X22.33700 Y13.55900
X22.32430 Y13.55900
X22.32430 Y13.54630
X22.31160 Y13.54630
X22.31160 Y13.53360
X22.29890 Y13.53360
X22.29890 Y13.52090
X22.28620 Y13.52090
X22.28620 Y13.50820
X22.27350 Y13.50820
X22.27350 Y13.49550
X22.26080 Y13.49550
X22.26080 Y13.48280
X22.24810 Y13.48280
X22.24810 Y13.47010
X22.23540 Y13.47010
X22.23540 Y13.45740
X22.22270 Y13.45740
X22.22270 Y13.44470
X22.21000 Y13.44470
X22.21000 Y13.43200
X22.19730 Y13.43200
X22.19730 Y13.41930
X22.18460 Y13.41930
X22.18460 Y13.40660
X22.17190 Y13.40660
X22.17190 Y13.39390
X22.15920 Y13.39390
X22.15920 Y13.38120
X22.14650 Y13.38120
X22.14650 Y13.36850
X22.13380 Y13.36850
X22.13380 Y13.35580
X22.12110 Y13.35580
X22.12110 Y13.34310
X22.10840 Y13.34310
X22.10840 Y13.33040
X22.09570 Y13.33040
X22.09570 Y13.31770
X22.08300 Y13.31770
X22.08300 Y13.30500
X22.07030 Y13.30500
X22.07030 Y13.29230
X22.05760 Y13.29230
X22.05760 Y13.27960
X22.04490 Y13.27960
X22.04490 Y13.26690
X22.03220 Y13.26690
X22.03220 Y13.25420
X22.01950 Y13.25420
X22.01950 Y13.24150
X22.00680 Y13.24150
X22.00680 Y13.22880
X21.99410 Y13.22880
X21.99410 Y13.21610
X21.98140 Y13.21610
X21.98140 Y13.20340
X21.96870 Y13.20340
X21.96870 Y13.19070
X21.95600 Y13.19070
X21.95600 Y13.17800
X21.94330 Y13.17800
X21.94330 Y13.16530
X21.93060 Y13.16530
X21.93060 Y13.15260
X21.91790 Y13.15260
X21.91790 Y13.13990
X21.90520 Y13.13990
X21.90520 Y13.12720
X21.89250 Y13.12720
X21.89250 Y13.11450
X21.87980 Y13.11450
X21.87980 Y13.10180
X21.86710 Y13.10180
X21.86710 Y13.08910
X21.85440 Y13.08910
X21.85440 Y13.07640
X21.84170 Y13.07640
X21.84170 Y13.06370
X21.82900 Y13.06370
X21.82900 Y13.05100
X21.81630 Y13.05100
X21.81630 Y13.03830
X21.80360 Y13.03830
X21.80360 Y13.02560
X21.79090 Y13.02560
X21.79090 Y13.01290
X21.77820 Y13.01290
X21.77820 Y13.00020
X21.76550 Y13.00020
X21.76550 Y12.98750
X21.75280 Y12.98750
X21.75280 Y12.97480
X21.74010 Y12.97480
X21.74010 Y12.96210
X21.72740 Y12.96210
X21.72740 Y12.94940
X21.71470 Y12.94940
X21.71470 Y12.93670
X21.70200 Y12.93670
X21.70200 Y12.92400
X21.68930 Y12.92400
X21.68930 Y12.91130
X21.67660 Y12.91130
X21.67660 Y12.89860
X21.66390 Y12.89860
X21.66390 Y12.88590
X21.65120 Y12.88590
X21.65120 Y12.87320
X21.63850 Y12.87320
X21.63850 Y12.86050
X21.62580 Y12.86050
X21.62580 Y12.84780
X21.61310 Y12.84780
X21.61310 Y12.83510
X21.60040 Y12.83510
X21.60040 Y12.82240
X21.58770 Y12.82240
X21.58770 Y12.80970
X21.57500 Y12.80970
X21.57500 Y12.79700
X21.56230 Y12.79700
X21.56230 Y12.78430
X21.54960 Y12.78430
X21.54960 Y12.77160
X21.53690 Y12.77160
X21.53690 Y12.75890
X21.52420 Y12.75890
X21.52420 Y12.74620
X21.51150 Y12.74620
X21.51150 Y12.73350
X21.49880 Y12.73350
X21.49880 Y12.72080
X21.48610 Y12.72080
X21.48610 Y12.70810
X21.47340 Y12.70810
X21.47340 Y12.69540
X21.46070 Y12.69540
X21.46070 Y12.68270
X21.44800 Y12.68270
X21.44800 Y12.67000
X21.43530 Y12.67000
X21.43530 Y12.65730
X21.42260 Y12.65730
X21.42260 Y12.64460
X21.40990 Y12.64460
X21.40990 Y12.63190
X21.39720 Y12.63190
X21.39720 Y12.61920
X21.38450 Y12.61920
X21.38450 Y12.60650
X21.37180 Y12.60650
X21.37180 Y12.59380
X21.35910 Y12.59380
X21.35910 Y12.58110
X21.34640 Y12.58110
X21.34640 Y12.56840
X21.33370 Y12.56840
X21.33370 Y12.55570
X21.32100 Y12.55570
X21.32100 Y12.54300
X21.30830 Y12.54300
X21.30830 Y12.53030
X21.29560 Y12.53030
X21.29560 Y12.51760
X21.28290 Y12.51760
X21.28290 Y12.50490
X21.27020 Y12.50490
X21.27020 Y12.49220
X21.25750 Y12.49220
X21.25750 Y12.47950
X21.24480 Y12.47950
X21.24480 Y12.46680
X21.23210 Y12.46680
X21.23210 Y12.45410
X21.21940 Y12.45410
X21.21940 Y12.44140
X21.20670 Y12.44140
X21.20670 Y12.42870
X21.19400 Y12.42870
X21.19400 Y12.41600
X21.18130 Y12.41600
X21.18130 Y12.40330
X21.16860 Y12.40330
X21.16860 Y12.39060
X21.15590 Y12.39060
X21.15590 Y12.37790
X21.14320 Y12.37790
X21.14320 Y12.36520
X21.13050 Y12.36520
X21.13050 Y12.35250
X21.11780 Y12.35250
X21.11780 Y12.33980
X21.10510 Y12.33980
X21.10510 Y12.32710
X21.09240 Y12.32710
X21.09240 Y12.31440
X21.07970 Y12.31440
X21.07970 Y12.30170
X21.06700 Y12.30170
X21.06700 Y12.28900
X21.05430 Y12.28900
X21.05430 Y12.27630
X21.04160 Y12.27630
X21.04160 Y12.26360
X21.02890 Y12.26360
X21.02890 Y12.25090
X21.01620 Y12.25090
X21.01620 Y12.23820
X21.00350 Y12.23820
X21.00350 Y12.22550
X20.99080 Y12.22550
X20.99080 Y12.21280
X20.97810 Y12.21280
X20.97810 Y12.20010
X20.96540 Y12.20010
X20.96540 Y12.18740
X20.95270 Y12.18740
X20.95270 Y12.17470
X20.94000 Y12.17470
X20.94000 Y12.16200
X20.92730 Y12.16200
X20.92730 Y12.14930
X20.91460 Y12.14930
X20.91460 Y12.13660
X20.90190 Y12.13660
X20.90190 Y12.12390
X20.88920 Y12.12390
X20.88920 Y12.11120
X20.87650 Y12.11120
X20.87650 Y12.09850
X20.86380 Y12.09850
X20.86380 Y12.08580
X20.85110 Y12.08580
X20.85110 Y12.07310
X20.83840 Y12.07310
X20.83840 Y12.06040
X20.82570 Y12.06040
X20.82570 Y12.04770
X20.81300 Y12.04770
X20.81300 Y12.03500
X20.80030 Y12.03500
X20.80030 Y12.02230
X20.78760 Y12.02230
X20.78760 Y12.00960
X20.77490 Y12.00960
X20.77490 Y11.99690
X20.76220 Y11.99690
X20.76220 Y11.98420
X20.74950 Y11.98420
X20.74950 Y11.97150
X20.73680 Y11.97150
X20.73680 Y11.95880
X20.72410 Y11.95880
X20.72410 Y11.94610
X20.71140 Y11.94610
X20.71140 Y11.93340
X20.69870 Y11.93340
X20.69870 Y11.92070
X20.68600 Y11.92070
X20.68600 Y11.90800
X20.67330 Y11.90800
X20.67330 Y11.89530
X20.66060 Y11.89530
X20.66060 Y11.88260
X20.64790 Y11.88260
X20.64790 Y11.86990
X20.63520 Y11.86990
X20.63520 Y11.85720
X20.62250 Y11.85720
X20.62250 Y11.84450
X20.60980 Y11.84450
X20.60980 Y11.83180
X20.59710 Y11.83180
X20.59710 Y11.81910
X20.58440 Y11.81910
X20.58440 Y11.80640
X20.57170 Y11.80640
X20.57170 Y11.79370
X20.55900 Y11.79370
X20.55900 Y11.78100
X20.54630 Y11.78100
X20.54630 Y11.76830
X20.53360 Y11.76830
X20.53360 Y11.75560
X20.52090 Y11.75560
X20.52090 Y11.74290
X20.50820 Y11.74290
X20.50820 Y11.73020
X20.49550 Y11.73020
X20.49550 Y11.71750
X20.48280 Y11.71750
X20.48280 Y11.70480
X20.47010 Y11.70480
X20.47010 Y11.69210
X20.45740 Y11.69210
X20.45740 Y11.67940
X16.48230 Y11.67940
X16.48230 Y11.66670
X16.44420 Y11.66670
X16.44420 Y11.65400
X16.41880 Y11.65400
X16.41880 Y11.64130
X16.40610 Y11.64130
X16.40610 Y11.62860
X16.39340 Y11.62860
X16.39340 Y11.61590
X16.38070 Y11.61590
X16.38070 Y11.60320
X16.36800 Y11.60320
X16.36800 Y11.59050
X16.35530 Y11.59050
X16.35530 Y11.57780
X16.34260 Y11.57780
X16.34260 Y11.56510
X16.32990 Y11.56510
X16.32990 Y11.55240
X16.31720 Y11.55240
X16.31720 Y11.53970
X16.30450 Y11.53970
X16.30450 Y11.52700
X16.29180 Y11.52700
X16.29180 Y11.51430
X16.27910 Y11.51430
X16.27910 Y11.50160
X16.26640 Y11.50160
X16.26640 Y11.48890
X16.25370 Y11.48890
X16.25370 Y11.47620
X16.24100 Y11.47620
X16.24100 Y11.46350
X16.22830 Y11.46350
X16.22830 Y11.45080
X16.21560 Y11.45080
X16.21560 Y11.43810
X16.20290 Y11.43810
X16.20290 Y11.42540
X16.19020 Y11.42540
X16.19020 Y11.41270
X16.17750 Y11.41270
X16.17750 Y11.40000
X16.16480 Y11.40000
X16.16480 Y11.38730
X16.15210 Y11.38730
X16.15210 Y11.37460
X16.13940 Y11.37460
X16.13940 Y11.36190
X16.12670 Y11.36190
X16.12670 Y11.34920
X16.11400 Y11.34920
X16.11400 Y11.33650
X16.10130 Y11.33650
X16.10130 Y11.32380
X16.08860 Y11.32380
X16.08860 Y11.31110
X16.07590 Y11.31110
X16.07590 Y11.29840
X16.06320 Y11.29840
X16.06320 Y11.28570
X16.05050 Y11.28570
X16.05050 Y11.27300
X16.03780 Y11.27300
X16.03780 Y11.26030
X16.02510 Y11.26030
X16.02510 Y11.24760
X16.01240 Y11.24760
X16.01240 Y11.23490
X15.99970 Y11.23490
X15.99970 Y11.22220
X15.98700 Y11.22220
X15.98700 Y11.20950
X15.97430 Y11.20950
X15.97430 Y11.19680
X15.96160 Y11.19680
X15.96160 Y11.18410
X15.94890 Y11.18410
X15.94890 Y11.17140
X15.93620 Y11.17140
X15.93620 Y11.15870
X15.92350 Y11.15870
X15.92350 Y11.14600
X15.91080 Y11.14600
X15.91080 Y11.13330
X15.89810 Y11.13330
X15.89810 Y11.12060
X15.88540 Y11.12060
X15.88540 Y11.10790
X11.87220 Y11.10790
X11.87220 Y11.12060
X11.85950 Y11.12060
X11.85950 Y11.15870
X11.84680 Y11.15870
X11.84680 Y11.20950
X11.83410 Y11.20950
X11.83410 Y11.24760
X11.82140 Y11.24760
X11.82140 Y11.27300
X11.80870 Y11.27300
X11.80870 Y11.29840
X11.79600 Y11.29840
X11.79600 Y11.31110
X11.78330 Y11.31110
X11.78330 Y11.33650
X11.77060 Y11.33650
X11.77060 Y11.36190
X11.75790 Y11.36190
X11.75790 Y11.38730
X11.74520 Y11.38730
X11.74520 Y11.40000
X11.73250 Y11.40000
X11.73250 Y11.41270
X11.71980 Y11.41270
X11.71980 Y11.42540
X11.70710 Y11.42540
X11.70710 Y11.43810
X11.69440 Y11.43810
X11.69440 Y11.46350
X11.68170 Y11.46350
X11.68170 Y11.47620
X11.66900 Y11.47620
X11.66900 Y11.48890
X11.65630 Y11.48890
X11.65630 Y11.50160
X11.64360 Y11.50160
X11.64360 Y11.51430
X11.61820 Y11.51430
X11.61820 Y11.52700
X11.60550 Y11.52700
X11.60550 Y11.53970
X11.59280 Y11.53970
X11.59280 Y11.55240
X11.58010 Y11.55240
X11.58010 Y11.56510
X11.56740 Y11.56510
X11.56740 Y11.57780
X11.54200 Y11.57780
X11.54200 Y11.59050
X11.51660 Y11.59050
X11.51660 Y11.60320
X11.49120 Y11.60320
X11.49120 Y11.61590
X11.47850 Y11.61590
X11.47850 Y11.62860
X11.45310 Y11.62860
X11.45310 Y11.64130
X11.42770 Y11.64130
X11.42770 Y11.65400
X11.37690 Y11.65400
X11.37690 Y11.66670
X11.33880 Y11.66670
X11.33880 Y11.67940
X11.30070 Y11.67940
X11.30070 Y11.69210
X11.19910 Y11.69210
X11.19910 Y11.70480
X10.88160 Y11.70480
X10.88160 Y11.69210
X10.78000 Y11.69210
X10.78000 Y11.67940
X10.74190 Y11.67940
X10.74190 Y11.66670
X10.70380 Y11.66670
X10.70380 Y11.65400
X10.65300 Y11.65400
X10.65300 Y11.64130
X10.62760 Y11.64130
X10.62760 Y11.62860
X10.60220 Y11.62860
X10.60220 Y11.61590
X10.58950 Y11.61590
X10.58950 Y11.60320
X10.56410 Y11.60320
X10.56410 Y11.59050
X10.53870 Y11.59050
X10.53870 Y11.57780
X10.51330 Y11.57780
X10.51330 Y11.56510
X10.50060 Y11.56510
X10.50060 Y11.55240
X10.48790 Y11.55240
X10.48790 Y11.53970
X10.47520 Y11.53970
X10.47520 Y11.52700
X10.46250 Y11.52700
X10.46250 Y11.51430
X10.43710 Y11.51430
X10.43710 Y11.50160
X10.42440 Y11.50160
X10.42440 Y11.48890
X10.41170 Y11.48890
X10.41170 Y11.47620
X10.39900 Y11.47620
X10.39900 Y11.46350
X10.38630 Y11.46350
X10.38630 Y11.43810
X10.37360 Y11.43810
X10.37360 Y11.42540
X10.36090 Y11.42540
X10.36090 Y11.41270
X10.34820 Y11.41270
X10.34820 Y11.40000
X10.33550 Y11.40000
X10.33550 Y11.38730
X10.32280 Y11.38730
X10.32280 Y11.36190
X10.31010 Y11.36190
X10.31010 Y11.33650
X10.29740 Y11.33650
X10.29740 Y11.31110
X10.28470 Y11.31110
X10.28470 Y11.29840
X10.27200 Y11.29840
X10.27200 Y11.27300
X10.25930 Y11.27300
X10.25930 Y11.24760
X10.24660 Y11.24760
X10.24660 Y11.19680
X10.23390 Y11.19680
X10.23390 Y11.15870
X10.22120 Y11.15870
X10.22120 Y11.12060
X10.20850 Y11.12060
X10.20850 Y11.01900
X10.19580 Y11.01900
X10.19580 Y10.70150
X10.20850 Y10.70150
X10.20850 Y10.59990
X10.22120 Y10.59990
X10.22120 Y10.56180
X10.23390 Y10.56180
X10.23390 Y10.52370
X10.24660 Y10.52370
X10.24660 Y10.47290
X10.25930 Y10.47290
X10.25930 Y10.44750
X10.27200 Y10.44750
X10.27200 Y10.42210
X10.28470 Y10.42210
X10.28470 Y10.40940
X10.29740 Y10.40940
X10.29740 Y10.38400
X10.31010 Y10.38400
X10.31010 Y10.35860
X10.32280 Y10.35860
X10.32280 Y10.33320
X10.33550 Y10.33320
X10.33550 Y10.32050
X10.34820 Y10.32050
X10.34820 Y10.30780
X10.36090 Y10.30780
X10.36090 Y10.29510
X10.37360 Y10.29510
X10.37360 Y10.28240
X10.38630 Y10.28240
X10.38630 Y10.25700
X10.39900 Y10.25700
X10.39900 Y10.24430
X10.41170 Y10.24430
X10.41170 Y10.23160
X10.42440 Y10.23160
X10.42440 Y10.21890
X10.43710 Y10.21890
X10.43710 Y10.20620
X10.46250 Y10.20620
X10.46250 Y10.19350
X10.47520 Y10.19350
X10.47520 Y10.18080
X10.48790 Y10.18080
X10.48790 Y10.16810
X10.50060 Y10.16810
X10.50060 Y10.15540
X10.51330 Y10.15540
X10.51330 Y10.14270
X10.53870 Y10.14270
X10.53870 Y10.13000
X10.56410 Y10.13000
X10.56410 Y10.11730
X10.58950 Y10.11730
X10.58950 Y10.10460
X10.60220 Y10.10460
X10.60220 Y10.09190
X10.62760 Y10.09190
X10.62760 Y10.07920
X10.65300 Y10.07920
X10.65300 Y10.06650
X10.70380 Y10.06650
X10.70380 Y10.05380
X10.74190 Y10.05380
X10.74190 Y10.04110
X10.78000 Y10.04110
X10.78000 Y10.02840
X10.86890 Y10.02840
X10.86890 Y10.01570
X11.21180 Y10.01570
X11.21180 Y10.02840
X11.30070 Y10.02840
X11.30070 Y10.04110
X11.33880 Y10.04110
X11.33880 Y10.05380
X11.38960 Y10.05380
X11.38960 Y10.06650
X11.42770 Y10.06650
X11.42770 Y10.07920
X11.45310 Y10.07920
X11.45310 Y10.09190
X11.47850 Y10.09190
X11.47850 Y10.10460
X11.49120 Y10.10460
X11.49120 Y10.11730
X11.51660 Y10.11730
X11.51660 Y10.13000
X11.54200 Y10.13000
X11.54200 Y10.14270
X11.56740 Y10.14270
X11.56740 Y10.15540
X11.58010 Y10.15540
X11.58010 Y10.16810
X11.59280 Y10.16810
X11.59280 Y10.18080
X11.60550 Y10.18080
X11.60550 Y10.19350
X11.61820 Y10.19350
X11.61820 Y10.20620
X11.64360 Y10.20620
X11.64360 Y10.21890
X11.65630 Y10.21890
X11.65630 Y10.23160
X11.66900 Y10.23160
X11.66900 Y10.24430
X11.68170 Y10.24430
X11.68170 Y10.25700
X11.69440 Y10.25700
X11.69440 Y10.28240
X11.70710 Y10.28240
X11.70710 Y10.29510
X11.71980 Y10.29510
X11.71980 Y10.30780
X11.73250 Y10.30780
X11.73250 Y10.32050
X11.74520 Y10.32050
X11.74520 Y10.33320
X11.75790 Y10.33320
X11.75790 Y10.35860
X11.77060 Y10.35860
X11.77060 Y10.38400
X11.78330 Y10.38400
X11.78330 Y10.40940
X11.79600 Y10.40940
X11.79600 Y10.42210
X11.80870 Y10.42210
X11.80870 Y10.44750
X11.82140 Y10.44750
X11.82140 Y10.47290
X11.83410 Y10.47290
X11.83410 Y10.51100
X11.84680 Y10.51100
X11.84680 Y10.56180
X11.85950 Y10.56180
X11.85950 Y10.59990
X11.87220 Y10.59990
X11.87220 Y10.61260
X16.17750 Y10.61260
X16.17750 Y10.62530
X16.20290 Y10.62530
X16.20290 Y10.63800
X16.22830 Y10.63800
X16.22830 Y10.65070
X16.24100 Y10.65070
X16.24100 Y10.66340
X16.25370 Y10.66340
X16.25370 Y10.67610
X16.26640 Y10.67610
X16.26640 Y10.68880
X16.27910 Y10.68880
X16.27910 Y10.70150
X16.29180 Y10.70150
X16.29180 Y10.71420
X16.30450 Y10.71420
X16.30450 Y10.72690
X16.31720 Y10.72690
X16.31720 Y10.73960
X16.32990 Y10.73960
X16.32990 Y10.75230
X16.34260 Y10.75230
X16.34260 Y10.76500
X16.35530 Y10.76500
X16.35530 Y10.77770
X16.36800 Y10.77770
X16.36800 Y10.79040
X16.38070 Y10.79040
X16.38070 Y10.80310
X16.39340 Y10.80310
X16.39340 Y10.81580
X16.40610 Y10.81580
X16.40610 Y10.82850
X16.41880 Y10.82850
X16.41880 Y10.84120
X16.43150 Y10.84120
X16.43150 Y10.85390
X16.44420 Y10.85390
X16.44420 Y10.86660
X16.45690 Y10.86660
X16.45690 Y10.87930
X16.46960 Y10.87930
X16.46960 Y10.89200
X16.48230 Y10.89200
X16.48230 Y10.90470
X16.49500 Y10.90470
X16.49500 Y10.91740
X16.50770 Y10.91740
X16.50770 Y10.93010
X16.52040 Y10.93010
X16.52040 Y10.94280
X16.53310 Y10.94280
X16.53310 Y10.95550
X16.54580 Y10.95550
X16.54580 Y10.96820
X16.55850 Y10.96820
X16.55850 Y10.98090
X16.57120 Y10.98090
X16.57120 Y10.99360
X16.58390 Y10.99360
X16.58390 Y11.00630
X16.59660 Y11.00630
X16.59660 Y11.01900
X16.60930 Y11.01900
X16.60930 Y11.03170
X16.62200 Y11.03170
X16.62200 Y11.04440
X16.63470 Y11.04440
X16.63470 Y11.05710
X16.64740 Y11.05710
X16.64740 Y11.06980
X16.66010 Y11.06980
X16.66010 Y11.08250
X16.67280 Y11.08250
X16.67280 Y11.09520
X16.68550 Y11.09520
X16.68550 Y11.10790
X16.69820 Y11.10790
X16.69820 Y11.12060
X16.71090 Y11.12060
X16.71090 Y11.13330
X16.72360 Y11.13330
X16.72360 Y11.14600
X16.73630 Y11.14600
X16.73630 Y11.15870
X16.74900 Y11.15870
X16.74900 Y11.17140
X16.76170 Y11.17140
X16.76170 Y11.18410
X20.73680 Y11.18410
X20.73680 Y11.19680
X20.76220 Y11.19680
X20.76220 Y11.20950
X20.78760 Y11.20950
X20.78760 Y11.22220
X20.80030 Y11.22220
X20.80030 Y11.23490
X20.81300 Y11.23490
X20.81300 Y11.24760
X20.82570 Y11.24760
X20.82570 Y11.26030
X20.83840 Y11.26030
X20.83840 Y11.27300
X20.85110 Y11.27300
X20.85110 Y11.28570
X20.86380 Y11.28570
X20.86380 Y11.29840
X20.87650 Y11.29840
X20.87650 Y11.31110
X20.88920 Y11.31110
X20.88920 Y11.32380
X20.90190 Y11.32380
X20.90190 Y11.33650
X20.91460 Y11.33650
X20.91460 Y11.34920
X20.92730 Y11.34920
X20.92730 Y11.36190
X20.94000 Y11.36190
X20.94000 Y11.37460
X20.95270 Y11.37460
X20.95270 Y11.38730
X20.96540 Y11.38730
X20.96540 Y11.40000
X20.97810 Y11.40000
X20.97810 Y11.41270
X20.99080 Y11.41270
X20.99080 Y11.42540
X21.00350 Y11.42540
X21.00350 Y11.43810
X21.01620 Y11.43810
X21.01620 Y11.45080
X21.02890 Y11.45080
X21.02890 Y11.46350
X21.04160 Y11.46350
X21.04160 Y11.47620
X21.05430 Y11.47620
X21.05430 Y11.48890
X21.06700 Y11.48890
X21.06700 Y11.50160
X21.07970 Y11.50160
X21.07970 Y11.51430
X21.09240 Y11.51430
X21.09240 Y11.52700
X21.10510 Y11.52700
X21.10510 Y11.53970
X21.11780 Y11.53970
X21.11780 Y11.55240
X21.13050 Y11.55240
X21.13050 Y11.56510
X21.14320 Y11.56510
X21.14320 Y11.57780
X21.15590 Y11.57780
X21.15590 Y11.59050
X21.16860 Y11.59050
X21.16860 Y11.60320
X21.18130 Y11.60320
X21.18130 Y11.61590
X21.19400 Y11.61590
X21.19400 Y11.62860
X21.20670 Y11.62860
X21.20670 Y11.64130
X21.21940 Y11.64130
X21.21940 Y11.65400
X21.23210 Y11.65400
X21.23210 Y11.66670
X21.24480 Y11.66670
X21.24480 Y11.67940
X21.25750 Y11.67940
X21.25750 Y11.69210
X21.27020 Y11.69210
X21.27020 Y11.70480
X21.28290 Y11.70480
X21.28290 Y11.71750
X21.29560 Y11.71750
X21.29560 Y11.73020
X21.30830 Y11.73020
X21.30830 Y11.74290
X21.32100 Y11.74290
X21.32100 Y11.75560
X21.33370 Y11.75560
X21.33370 Y11.76830
X21.34640 Y11.76830
X21.34640 Y11.78100
X21.35910 Y11.78100
X21.35910 Y11.79370
X21.37180 Y11.79370
X21.37180 Y11.80640
X21.38450 Y11.80640
X21.38450 Y11.81910
X21.39720 Y11.81910
X21.39720 Y11.83180
X21.40990 Y11.83180
X21.40990 Y11.84450
X21.42260 Y11.84450
X21.42260 Y11.85720
X21.43530 Y11.85720
X21.43530 Y11.86990
X21.44800 Y11.86990
X21.44800 Y11.88260
X21.46070 Y11.88260
X21.46070 Y11.89530
X21.47340 Y11.89530
X21.47340 Y11.90800
X21.48610 Y11.90800
X21.48610 Y11.92070
X21.49880 Y11.92070
X21.49880 Y11.93340
X21.51150 Y11.93340
X21.51150 Y11.94610
X21.52420 Y11.94610
X21.52420 Y11.95880
X21.53690 Y11.95880
X21.53690 Y11.97150
X21.54960 Y11.97150
X21.54960 Y11.98420
X21.56230 Y11.98420
X21.56230 Y11.99690
X21.57500 Y11.99690
X21.57500 Y12.00960
X21.58770 Y12.00960
X21.58770 Y12.02230
X21.60040 Y12.02230
X21.60040 Y12.03500
X21.61310 Y12.03500
X21.61310 Y12.04770
X21.62580 Y12.04770
X21.62580 Y12.06040
X21.63850 Y12.06040
X21.63850 Y12.07310
X21.65120 Y12.07310
X21.65120 Y12.08580
X21.66390 Y12.08580
X21.66390 Y12.09850
X21.67660 Y12.09850
X21.67660 Y12.11120
X21.68930 Y12.11120
X21.68930 Y12.12390
X21.70200 Y12.12390
X21.70200 Y12.13660
X21.71470 Y12.13660
X21.71470 Y12.14930
X21.72740 Y12.14930
X21.72740 Y12.16200
X21.74010 Y12.16200
X21.74010 Y12.17470
X21.75280 Y12.17470
X21.75280 Y12.18740
X21.76550 Y12.18740
X21.76550 Y12.20010
X21.77820 Y12.20010
X21.77820 Y12.21280
X21.79090 Y12.21280
X21.79090 Y12.22550
X21.80360 Y12.22550
X21.80360 Y12.23820
X21.81630 Y12.23820
X21.81630 Y12.25090
X21.82900 Y12.25090
X21.82900 Y12.26360
X21.84170 Y12.26360
X21.84170 Y12.27630
X21.85440 Y12.27630
X21.85440 Y12.28900
X21.86710 Y12.28900
X21.86710 Y12.30170
X21.87980 Y12.30170
X21.87980 Y12.31440
X21.89250 Y12.31440
X21.89250 Y12.32710
X21.90520 Y12.32710
X21.90520 Y12.33980
X21.91790 Y12.33980
X21.91790 Y12.35250
X21.93060 Y12.35250
X21.93060 Y12.36520
X21.94330 Y12.36520
X21.94330 Y12.37790
X21.95600 Y12.37790
X21.95600 Y12.39060
X21.96870 Y12.39060
X21.96870 Y12.40330
X21.98140 Y12.40330
X21.98140 Y12.41600
X21.99410 Y12.41600
X21.99410 Y12.42870
X22.00680 Y12.42870
X22.00680 Y12.44140
X22.01950 Y12.44140
X22.01950 Y12.45410
X22.03220 Y12.45410
X22.03220 Y12.46680
X22.04490 Y12.46680
X22.04490 Y12.47950
X22.05760 Y12.47950
X22.05760 Y12.49220
X22.07030 Y12.49220
X22.07030 Y12.50490
X22.08300 Y12.50490
X22.08300 Y12.51760
X22.09570 Y12.51760
X22.09570 Y12.53030
X22.10840 Y12.53030
X22.10840 Y12.54300
X22.12110 Y12.54300
X22.12110 Y12.55570
X22.13380 Y12.55570
X22.13380 Y12.56840
X22.14650 Y12.56840
X22.14650 Y12.58110
X22.15920 Y12.58110
X22.15920 Y12.59380
X22.17190 Y12.59380
X22.17190 Y12.60650
X22.18460 Y12.60650
X22.18460 Y12.61920
X22.19730 Y12.61920
X22.19730 Y12.63190
X22.21000 Y12.63190
X22.21000 Y12.64460
X22.22270 Y12.64460
X22.22270 Y12.65730
X22.23540 Y12.65730
X22.23540 Y12.67000
X22.24810 Y12.67000
X22.24810 Y12.68270
X22.26080 Y12.68270
X22.26080 Y12.69540
X22.27350 Y12.69540
X22.27350 Y12.70810
X22.28620 Y12.70810
X22.28620 Y12.72080
X22.29890 Y12.72080
X22.29890 Y12.73350
X22.31160 Y12.73350
X22.31160 Y12.74620
X22.32430 Y12.74620
X22.32430 Y12.75890
X22.33700 Y12.75890
X22.33700 Y12.77160
X22.34970 Y12.77160
X22.34970 Y12.78430
X22.36240 Y12.78430
X22.36240 Y12.79700
X22.37510 Y12.79700
X22.37510 Y12.80970
X22.38780 Y12.80970
X22.38780 Y12.82240
X22.40050 Y12.82240
X22.40050 Y12.83510
X22.41320 Y12.83510
X22.41320 Y12.84780
X22.42590 Y12.84780
X22.42590 Y12.86050
X22.43860 Y12.86050
X22.43860 Y12.87320
X22.45130 Y12.87320
X22.45130 Y12.88590
X22.46400 Y12.88590
X22.46400 Y12.89860
X22.47670 Y12.89860
X22.47670 Y12.91130
X22.48940 Y12.91130
X22.48940 Y12.92400
X22.50210 Y12.92400
X22.50210 Y12.93670
X22.51480 Y12.93670
X22.51480 Y12.94940
X22.52750 Y12.94940
X22.52750 Y12.96210
X22.54020 Y12.96210
X22.54020 Y12.97480
X22.55290 Y12.97480
X22.55290 Y12.98750
X22.56560 Y12.98750
X22.56560 Y13.00020
X22.57830 Y13.00020
X22.57830 Y13.01290
X22.59100 Y13.01290
X22.59100 Y13.02560
X22.60370 Y13.02560
X22.60370 Y13.03830
X22.61640 Y13.03830
X22.61640 Y13.05100
X22.62910 Y13.05100
X22.62910 Y13.06370
X22.64180 Y13.06370
X22.64180 Y13.07640
X22.65450 Y13.07640
X22.65450 Y13.08910
X22.66720 Y13.08910
X22.66720 Y13.10180
X22.67990 Y13.10180
X22.67990 Y13.11450
X22.69260 Y13.11450
X22.69260 Y13.12720
X22.70530 Y13.12720
X22.70530 Y13.13990
X22.71800 Y13.13990
X22.71800 Y13.15260
X22.73070 Y13.15260
X22.73070 Y13.16530
X22.74340 Y13.16530
X22.74340 Y13.17800
X22.75610 Y13.17800
X22.75610 Y13.19070
X22.76880 Y13.19070
X22.76880 Y13.20340
X22.78150 Y13.20340
X22.78150 Y13.21610
X22.79420 Y13.21610
X22.79420 Y13.22880
X22.80690 Y13.22880
X22.80690 Y13.24150
X22.81960 Y13.24150
X22.81960 Y13.25420
X22.83230 Y13.25420
X22.83230 Y13.26690
X22.84500 Y13.26690
X22.84500 Y13.27960
X22.85770 Y13.27960
X22.85770 Y13.29230
X22.87040 Y13.29230
X22.87040 Y13.30500
X22.88310 Y13.30500
X22.88310 Y13.31770
X22.89580 Y13.31770
X22.89580 Y13.33040
X22.90850 Y13.33040
X22.90850 Y13.34310
X22.92120 Y13.34310
X22.92120 Y13.35580
X22.93390 Y13.35580
X22.93390 Y13.36850
X22.94660 Y13.36850
X22.94660 Y13.38120
X22.95930 Y13.38120
X22.95930 Y13.39390
X22.97200 Y13.39390
X22.97200 Y13.40660
X22.98470 Y13.40660
X22.98470 Y13.41930
X22.99740 Y13.41930
X22.99740 Y13.43200
X23.01010 Y13.43200
X23.01010 Y13.44470
X23.02280 Y13.44470
X23.02280 Y13.45740
X23.03550 Y13.45740
X23.03550 Y13.47010
X23.04820 Y13.47010
X23.04820 Y13.48280
X23.06090 Y13.48280
X23.06090 Y13.49550
X23.07360 Y13.49550
X23.07360 Y13.50820
X23.08630 Y13.50820
X23.08630 Y13.52090
X23.09900 Y13.52090
X23.09900 Y13.53360
X23.11170 Y13.53360
X23.11170 Y13.54630
X23.12440 Y13.54630
X23.12440 Y13.55900
X23.13710 Y13.55900
X23.13710 Y13.57170
X23.14980 Y13.57170
X23.14980 Y13.58440
X23.16250 Y13.58440
X23.16250 Y13.59710
X23.17520 Y13.59710
X23.17520 Y13.60980
X23.18790 Y13.60980
X23.18790 Y13.62250
X23.20060 Y13.62250
X23.20060 Y13.63520
X23.21330 Y13.63520
X23.21330 Y13.64790
X23.22600 Y13.64790
X23.22600 Y13.66060
X23.23870 Y13.66060
X23.23870 Y13.67330
X23.25140 Y13.67330
X23.25140 Y13.68600
X23.26410 Y13.68600
X23.26410 Y13.69870
X23.27680 Y13.69870
X23.27680 Y13.71140
X23.28950 Y13.71140
X23.28950 Y13.72410
X23.30220 Y13.72410
X23.30220 Y13.73680
X23.31490 Y13.73680
X23.31490 Y13.74950
X23.32760 Y13.74950
X23.32760 Y13.76220
X23.34030 Y13.76220
X23.34030 Y13.77490
X23.35300 Y13.77490
X23.35300 Y13.78760
X23.36570 Y13.78760
X23.36570 Y13.80030
X23.37840 Y13.80030
X23.37840 Y13.81300
X23.39110 Y13.81300
X23.39110 Y13.82570
X23.40380 Y13.82570
X23.40380 Y13.83840
X23.41650 Y13.83840
X23.41650 Y13.85110
X23.42920 Y13.85110
X23.42920 Y13.86380
X23.44190 Y13.86380
X23.44190 Y13.87650
X23.45460 Y13.87650
X23.45460 Y13.88920
X23.46730 Y13.88920
X23.46730 Y13.90190
X23.48000 Y13.90190
X23.48000 Y13.91460
X23.49270 Y13.91460
X23.49270 Y13.92730
X23.50540 Y13.92730
X23.50540 Y13.94000
X23.51810 Y13.94000
X23.51810 Y13.95270
X23.53080 Y13.95270
X23.53080 Y13.96540
X23.54350 Y13.96540
X23.54350 Y13.97810
X23.55620 Y13.97810
X23.55620 Y13.99080
X23.56890 Y13.99080
X23.56890 Y14.00350
X23.58160 Y14.00350
X23.58160 Y14.01620
X23.59430 Y14.01620
X23.59430 Y14.02890
X23.60700 Y14.02890
X23.60700 Y14.04160
X23.61970 Y14.04160
X23.61970 Y14.05430
X23.63240 Y14.05430
X23.63240 Y14.06700
X23.64510 Y14.06700
X23.64510 Y14.07970
X23.65780 Y14.07970
X23.65780 Y14.09240
X23.67050 Y14.09240
X23.67050 Y14.10510
X23.68320 Y14.10510
X23.68320 Y14.11780
X23.69590 Y14.11780
X23.69590 Y14.13050
X23.70860 Y14.13050
X23.70860 Y14.14320
X23.72130 Y14.14320
X23.72130 Y14.15590
X23.73400 Y14.15590
X23.73400 Y14.16860
X23.74670 Y14.16860
X23.74670 Y14.18130
X23.75940 Y14.18130
X23.75940 Y14.19400
X23.77210 Y14.19400
X23.77210 Y14.20670
X23.78480 Y14.20670
X23.78480 Y14.21940
X23.79750 Y14.21940
X23.79750 Y14.23210
X23.81020 Y14.23210
X23.81020 Y14.24480
X23.82290 Y14.24480
X23.82290 Y14.25750
X23.83560 Y14.25750
X23.83560 Y14.27020
X23.84830 Y14.27020
X23.84830 Y14.28290
X23.86100 Y14.28290
X23.86100 Y14.29560
X23.87370 Y14.29560
X23.87370 Y14.30830
X23.88640 Y14.30830
X23.88640 Y14.32100
X23.89910 Y14.32100
X23.89910 Y14.33370
X23.91180 Y14.33370
X23.91180 Y14.34640
X23.92450 Y14.34640
X23.92450 Y14.35910
X23.93720 Y14.35910
X23.93720 Y14.37180
X23.94990 Y14.37180
X23.94990 Y14.38450
X23.96260 Y14.38450
X23.96260 Y14.39720
X23.97530 Y14.39720
X23.97530 Y14.40990
X23.98800 Y14.40990
X23.98800 Y14.42260
X24.00070 Y14.42260
X24.00070 Y14.43530
X24.01340 Y14.43530
X24.01340 Y14.44800
X24.02610 Y14.44800
X24.02610 Y14.46070
X24.03880 Y14.46070
X24.03880 Y14.47340
X24.05150 Y14.47340
X24.05150 Y14.48610
X24.06420 Y14.48610
X24.06420 Y14.49880
X24.07690 Y14.49880
X24.07690 Y14.51150
X24.08960 Y14.51150
X24.08960 Y14.52420
X24.10230 Y14.52420
X24.10230 Y14.53690
X24.11500 Y14.53690
X24.11500 Y14.54960
X24.12770 Y14.54960
X24.12770 Y14.56230
X24.14040 Y14.56230
X24.14040 Y14.57500
X24.15310 Y14.57500
X24.15310 Y14.58770
X24.16580 Y14.58770
X24.16580 Y14.60040
X24.17850 Y14.60040
X24.17850 Y14.61310
X24.19120 Y14.61310
X24.19120 Y14.62580
X24.20390 Y14.62580
X24.20390 Y14.63850
X24.21660 Y14.63850
X24.21660 Y14.65120
X24.22930 Y14.65120
X24.22930 Y14.66390
X24.24200 Y14.66390
X24.24200 Y14.67660
X24.25470 Y14.67660
X24.25470 Y14.68930
X24.26740 Y14.68930
X24.26740 Y14.70200
X24.28010 Y14.70200
X24.28010 Y14.71470
X24.29280 Y14.71470
X24.29280 Y14.72740
X24.30550 Y14.72740
X24.30550 Y14.74010
X24.31820 Y14.74010
X24.31820 Y14.75280
X24.33090 Y14.75280
X24.33090 Y14.76550
X24.34360 Y14.76550
X24.34360 Y14.77820
X24.35630 Y14.77820
X24.35630 Y14.79090
X24.36900 Y14.79090
X24.36900 Y14.80360
X24.38170 Y14.80360
X24.38170 Y14.81630
X24.39440 Y14.81630
X24.39440 Y14.82900
X24.40710 Y14.82900
X24.40710 Y14.84170
X24.41980 Y14.84170
X24.41980 Y14.85440
X24.43250 Y14.85440
X24.43250 Y14.86710
X24.44520 Y14.86710
X24.44520 Y14.87980
X24.45790 Y14.87980
X24.45790 Y14.89250
X24.47060 Y14.89250
X24.47060 Y14.90520
X24.48330 Y14.90520
X24.48330 Y14.91790
X24.49600 Y14.91790
X24.49600 Y14.93060
X24.50870 Y14.93060
X24.50870 Y14.94330
X24.52140 Y14.94330
X24.52140 Y14.95600
X24.53410 Y14.95600
X24.53410 Y14.96870
X24.54680 Y14.96870
X24.54680 Y14.98140
X24.55950 Y14.98140
X24.55950 Y14.99410
X24.57220 Y14.99410
X24.57220 Y15.00680
X24.58490 Y15.00680
X24.58490 Y15.01950
X24.59760 Y15.01950
X24.59760 Y15.03220
X24.61030 Y15.03220
X24.61030 Y15.04490
X24.62300 Y15.04490
X24.62300 Y15.05760
X24.63570 Y15.05760
X24.63570 Y15.07030
X24.64840 Y15.07030
X24.64840 Y15.08300
X24.66110 Y15.08300
X24.66110 Y15.09570
X24.67380 Y15.09570
X24.67380 Y15.10840
X24.68650 Y15.10840
X24.68650 Y15.12110
X24.69920 Y15.12110
X24.69920 Y15.13380
X24.71190 Y15.13380
X24.71190 Y15.14650
X24.72460 Y15.14650
X24.72460 Y15.15920
X24.73730 Y15.15920
X24.73730 Y15.17190
X24.75000 Y15.17190
X24.75000 Y15.18460
X24.76270 Y15.18460
X24.76270 Y15.19730
X24.77540 Y15.19730
X24.77540 Y15.21000
X24.78810 Y15.21000
X24.78810 Y15.22270
X24.80080 Y15.22270
X24.80080 Y15.23540
X24.81350 Y15.23540
X24.81350 Y15.24810
X24.82620 Y15.24810
X24.82620 Y15.26080
X24.83890 Y15.26080
X24.83890 Y15.27350
X24.85160 Y15.27350
X24.85160 Y15.28620
X24.86430 Y15.28620
X24.86430 Y15.29890
X24.87700 Y15.29890
X24.87700 Y15.31160
X24.88970 Y15.31160
X24.88970 Y15.32430
X24.90240 Y15.32430
X24.90240 Y15.33700
X24.91510 Y15.33700
X24.91510 Y15.34970
X24.92780 Y15.34970
X24.92780 Y15.36240
X24.94050 Y15.36240
X24.94050 Y15.37510
X24.95320 Y15.37510
X24.95320 Y15.38780
X24.96590 Y15.38780
X24.96590 Y15.40050
X24.97860 Y15.40050
X24.97860 Y15.41320
X24.99130 Y15.41320
X24.99130 Y15.42590
X25.00400 Y15.42590
X25.00400 Y15.43860
X25.01670 Y15.43860
X25.01670 Y15.45130
X25.02940 Y15.45130
X25.02940 Y15.46400
X25.04210 Y15.46400
X25.04210 Y15.47670
X25.05480 Y15.47670
X25.05480 Y15.48940
X25.06750 Y15.48940
X25.06750 Y15.50210
X25.08020 Y15.50210
X25.08020 Y15.51480
X25.09290 Y15.51480
X25.09290 Y15.52750
X25.10560 Y15.52750
X25.10560 Y15.54020
X25.11830 Y15.54020
X25.11830 Y15.55290
X25.13100 Y15.55290
X25.13100 Y15.56560
X25.14370 Y15.56560
X25.14370 Y15.57830
X25.15640 Y15.57830
X25.15640 Y15.59100
X25.16910 Y15.59100
X25.16910 Y15.60370
X25.18180 Y15.60370
X25.18180 Y15.61640
X25.19450 Y15.61640
X25.19450 Y15.62910
X25.20720 Y15.62910
X25.20720 Y15.64180
X25.21990 Y15.64180
X25.21990 Y15.65450
X25.23260 Y15.65450
X25.23260 Y15.66720
X25.24530 Y15.66720
X25.24530 Y15.67990
X25.25800 Y15.67990
X25.25800 Y15.69260
X25.27070 Y15.69260
X25.27070 Y15.70530
X25.28340 Y15.70530
X25.28340 Y15.71800
X25.29610 Y15.71800
X25.29610 Y15.73070
X25.30880 Y15.73070
X25.30880 Y15.74340
X25.32150 Y15.74340
X25.32150 Y15.75610
X25.33420 Y15.75610
X25.33420 Y15.76880
X25.34690 Y15.76880
X25.34690 Y15.78150
X25.35960 Y15.78150
X25.35960 Y15.79420
X25.37230 Y15.79420
X25.37230 Y15.80690
X25.38500 Y15.80690
X25.38500 Y15.81960
X25.39770 Y15.81960
X25.39770 Y15.83230
X25.41040 Y15.83230
X25.41040 Y15.84500
X25.42310 Y15.84500
X25.42310 Y15.85770
X25.43580 Y15.85770
X25.43580 Y15.87040
X25.44850 Y15.87040
X25.44850 Y15.88310
X25.46120 Y15.88310
X25.46120 Y15.89580
X25.47390 Y15.89580
X25.47390 Y15.90850
X25.48660 Y15.90850
X25.48660 Y15.92120
X25.49930 Y15.92120
X25.49930 Y15.93390
X25.51200 Y15.93390
X25.51200 Y15.94660
X25.52470 Y15.94660
X25.52470 Y15.95930
X25.53740 Y15.95930
X25.53740 Y15.97200
X25.55010 Y15.97200
X25.55010 Y15.98470
X25.56280 Y15.98470
X25.56280 Y15.99740
X25.57550 Y15.99740
X25.57550 Y16.01010
X25.58820 Y16.01010
X25.58820 Y16.02280
X25.60090 Y16.02280
X25.60090 Y16.03550
X25.61360 Y16.03550
X25.61360 Y16.04820
X25.62630 Y16.04820
X25.62630 Y16.06090
X25.63900 Y16.06090
X25.63900 Y16.07360
X25.65170 Y16.07360
X25.65170 Y16.08630
X25.66440 Y16.08630
X25.66440 Y16.09900
X25.67710 Y16.09900
X25.67710 Y16.11170
X25.68980 Y16.11170
X25.68980 Y16.12440
X25.70250 Y16.12440
X25.70250 Y16.13710
X25.71520 Y16.13710
X25.71520 Y16.14980
X25.72790 Y16.14980
X25.72790 Y16.16250
X25.74060 Y16.16250
X25.74060 Y16.17520
X25.75330 Y16.17520
X25.75330 Y16.18790
X25.76600 Y16.18790
X25.76600 Y16.20060
X25.77870 Y16.20060
X25.77870 Y16.21330
X25.79140 Y16.21330
X25.79140 Y16.22600
X25.80410 Y16.22600
X25.80410 Y16.23870
X25.81680 Y16.23870
X25.81680 Y16.25140
X25.82950 Y16.25140
X25.82950 Y16.26410
X25.84220 Y16.26410
X25.84220 Y16.27680
X25.85490 Y16.27680
X25.85490 Y16.28950
X25.86760 Y16.28950
X25.86760 Y16.30220
X25.88030 Y16.30220
X25.88030 Y16.31490
X25.89300 Y16.31490
X25.89300 Y16.32760
X25.90570 Y16.32760
X25.90570 Y16.34030
X25.91840 Y16.34030
X25.91840 Y16.35300
X25.93110 Y16.35300
X25.93110 Y16.36570
X25.94380 Y16.36570
X25.94380 Y16.37840
X25.95650 Y16.37840
X25.95650 Y16.39110
X25.96920 Y16.39110
X25.96920 Y16.40380
X25.98190 Y16.40380
X25.98190 Y16.41650
X25.99460 Y16.41650
X25.99460 Y16.42920
X26.00730 Y16.42920
X26.00730 Y16.44190
X26.02000 Y16.44190
X26.02000 Y16.45460
X26.03270 Y16.45460
X26.03270 Y16.46730
X26.04540 Y16.46730
X26.04540 Y16.48000
X26.05810 Y16.48000
X26.05810 Y16.49270
X26.07080 Y16.49270
X26.07080 Y16.50540
X26.08350 Y16.50540
X26.08350 Y16.51810
X26.09620 Y16.51810
X26.09620 Y16.53080
X26.10890 Y16.53080
X26.10890 Y16.54350
X26.12160 Y16.54350
X26.12160 Y16.55620
X26.13430 Y16.55620
X26.13430 Y16.56890
X26.14700 Y16.56890
X26.14700 Y16.58160
X26.15970 Y16.58160
X26.15970 Y16.59430
X26.17240 Y16.59430
X26.17240 Y16.60700
X26.18510 Y16.60700
X26.18510 Y16.61970
X26.19780 Y16.61970
X26.19780 Y16.63240
X26.21050 Y16.63240
X26.21050 Y16.64510
X26.22320 Y16.64510
X26.22320 Y16.65780
X26.23590 Y16.65780
X26.23590 Y16.67050
X26.24860 Y16.67050
X26.24860 Y16.68320
X26.26130 Y16.68320
X26.26130 Y16.69590
X26.27400 Y16.69590
X26.27400 Y16.70860
X26.28670 Y16.70860
X26.28670 Y16.72130
X26.29940 Y16.72130
X26.29940 Y16.73400
X26.31210 Y16.73400
X26.31210 Y16.74670
X26.32480 Y16.74670
X26.32480 Y16.75940
X26.33750 Y16.75940
X26.33750 Y16.77210
X26.35020 Y16.77210
X26.35020 Y16.78480
X26.36290 Y16.78480
X26.36290 Y16.79750
X26.37560 Y16.79750
X26.37560 Y16.81020
X26.38830 Y16.81020
X26.38830 Y16.82290
X26.40100 Y16.82290
X26.40100 Y16.83560
X26.41370 Y16.83560
X26.41370 Y16.84830
X26.42640 Y16.84830
X26.42640 Y16.86100
X26.43910 Y16.86100
X26.43910 Y16.87370
X26.45180 Y16.87370
X26.45180 Y16.88640
X26.46450 Y16.88640
X26.46450 Y16.89910
X26.47720 Y16.89910
X26.47720 Y16.91180
X26.48990 Y16.91180
X26.48990 Y16.92450
X26.50260 Y16.92450
X26.50260 Y16.93720
X26.51530 Y16.93720
X26.51530 Y16.94990
X26.52800 Y16.94990
X26.52800 Y16.96260
X26.54070 Y16.96260
X26.54070 Y16.97530
X26.55340 Y16.97530
X26.55340 Y16.98800
X26.56610 Y16.98800
X26.56610 Y17.00070
X26.57880 Y17.00070
X26.57880 Y17.01340
X26.59150 Y17.01340
X26.59150 Y17.02610
X26.60420 Y17.02610
X26.60420 Y17.03880
X26.61690 Y17.03880
X26.61690 Y17.05150
X26.62960 Y17.05150
X26.62960 Y17.06420
X26.64230 Y17.06420
X26.64230 Y17.07690
X26.65500 Y17.07690
X26.65500 Y17.08960
X26.66770 Y17.08960
X26.66770 Y17.10230
X26.68040 Y17.10230
X26.68040 Y17.11500
X26.69310 Y17.11500
X26.69310 Y17.12770
X26.70580 Y17.12770
X26.70580 Y17.14040
X26.71850 Y17.14040
X26.71850 Y17.15310
X26.73120 Y17.15310
X26.73120 Y17.16580
X26.74390 Y17.16580
X26.74390 Y17.17850
X26.75660 Y17.17850
X26.75660 Y17.19120
X26.76930 Y17.19120
X26.76930 Y17.20390
X26.78200 Y17.20390
X26.78200 Y17.21660
X26.79470 Y17.21660
X26.79470 Y17.22930
X26.80740 Y17.22930
X26.80740 Y17.24200
X26.82010 Y17.24200
X26.82010 Y17.25470
X26.83280 Y17.25470
X26.83280 Y17.26740
X26.84550 Y17.26740
X26.84550 Y17.28010
X26.85820 Y17.28010
X26.85820 Y17.29280
X26.87090 Y17.29280
X26.87090 Y17.30550
X26.88360 Y17.30550
X26.88360 Y17.31820
X26.89630 Y17.31820
X26.89630 Y17.33090
X26.90900 Y17.33090
X26.90900 Y17.34360
X26.92170 Y17.34360
X26.92170 Y17.35630
X26.93440 Y17.35630
X26.93440 Y17.36900
X26.94710 Y17.36900
X26.94710 Y17.38170
X26.95980 Y17.38170
X26.95980 Y17.39440
X26.97250 Y17.39440
X26.97250 Y17.40710
X26.98520 Y17.40710
X26.98520 Y17.41980
X26.99790 Y17.41980
X26.99790 Y17.43250
X27.01060 Y17.43250
X27.01060 Y17.44520
X27.02330 Y17.44520
X27.02330 Y17.45790
X27.03600 Y17.45790
X27.03600 Y17.47060
X27.04870 Y17.47060
X27.04870 Y17.48330
X27.06140 Y17.48330
X27.06140 Y17.49600
X27.07410 Y17.49600
X27.07410 Y17.50870
X27.08680 Y17.50870
X27.08680 Y17.52140
X27.09950 Y17.52140
X27.09950 Y17.53410
X27.11220 Y17.53410
X27.11220 Y17.54680
X27.12490 Y17.54680
X27.12490 Y17.55950
X27.13760 Y17.55950
X27.13760 Y17.57220
X27.15030 Y17.57220
X27.15030 Y17.58490
X27.16300 Y17.58490
X27.16300 Y17.59760
X27.17570 Y17.59760
X27.17570 Y17.61030
X27.18840 Y17.61030
X27.18840 Y17.62300
X27.20110 Y17.62300
X27.20110 Y17.63570
X27.21380 Y17.63570
X27.21380 Y17.64840
X27.22650 Y17.64840
X27.22650 Y17.66110
X27.23920 Y17.66110
X27.23920 Y17.67380
X27.25190 Y17.67380
X27.25190 Y17.68650
X27.26460 Y17.68650
X27.26460 Y17.69920
X27.27730 Y17.69920
X27.27730 Y17.71190
X27.29000 Y17.71190
X27.29000 Y17.72460
X27.30270 Y17.72460
X27.30270 Y17.73730
X27.31540 Y17.73730
X27.31540 Y17.75000
X27.32810 Y17.75000
X27.32810 Y17.76270
X27.34080 Y17.76270
X27.34080 Y17.77540
X27.35350 Y17.77540
X27.35350 Y17.78810
X27.36620 Y17.78810
X27.36620 Y17.80080
X27.37890 Y17.80080
X27.37890 Y17.81350
X27.39160 Y17.81350
X27.39160 Y17.82620
X27.40430 Y17.82620
X27.40430 Y17.83890
X27.41700 Y17.83890
X27.41700 Y17.85160
X27.42970 Y17.85160
X27.42970 Y17.86430
X27.44240 Y17.86430
X27.44240 Y17.87700
X27.45510 Y17.87700
X27.45510 Y17.88970
X27.46780 Y17.88970
X27.46780 Y17.90240
X27.48050 Y17.90240
X27.48050 Y17.91510
X27.49320 Y17.91510
X27.49320 Y17.92780
X27.50590 Y17.92780
X27.50590 Y17.94050
X27.51860 Y17.94050
X27.51860 Y17.95320
X27.53130 Y17.95320
X27.53130 Y17.96590
X27.54400 Y17.96590
X27.54400 Y17.97860
X27.55670 Y17.97860
X27.55670 Y17.99130
X27.56940 Y17.99130
X27.56940 Y18.00400
X27.58210 Y18.00400
X27.58210 Y18.01670
X27.59480 Y18.01670
X27.59480 Y18.02940
X27.60750 Y18.02940
X27.60750 Y18.04210
X27.62020 Y18.04210
X27.62020 Y18.05480
X27.63290 Y18.05480
X27.63290 Y18.06750
X27.64560 Y18.06750
X27.64560 Y18.08020
X27.65830 Y18.08020
X27.65830 Y18.09290
X27.67100 Y18.09290
X27.67100 Y18.10560
X27.68370 Y18.10560
X27.68370 Y18.11830
X27.69640 Y18.11830
X27.69640 Y18.13100
X27.70910 Y18.13100
X27.70910 Y18.14370
X27.72180 Y18.14370
X27.72180 Y18.15640
X27.73450 Y18.15640
X27.73450 Y18.16910
X27.74720 Y18.16910
X27.74720 Y18.18180
X27.75990 Y18.18180
X27.75990 Y18.19450
X27.77260 Y18.19450
X27.77260 Y18.20720
X27.78530 Y18.20720
X27.78530 Y18.21990
X27.79800 Y18.21990
X27.79800 Y18.23260
X27.81070 Y18.23260
X27.81070 Y18.24530
X27.82340 Y18.24530
X27.82340 Y18.25800
X27.83610 Y18.25800
X27.83610 Y18.27070
X27.84880 Y18.27070
X27.84880 Y18.28340
X27.86150 Y18.28340
X27.86150 Y18.29610
X27.87420 Y18.29610
X27.87420 Y18.30880
X27.88690 Y18.30880
X27.88690 Y18.32150
X27.89960 Y18.32150
X27.89960 Y18.33420
X27.91230 Y18.33420
X27.91230 Y18.34690
X27.92500 Y18.34690
X27.92500 Y18.35960
X27.93770 Y18.35960
X27.93770 Y18.37230
X27.95040 Y18.37230
X27.95040 Y18.38500
X27.96310 Y18.38500
X27.96310 Y18.39770
X27.97580 Y18.39770
X27.97580 Y18.41040
X27.98850 Y18.41040
X27.98850 Y18.42310
X28.00120 Y18.42310
X28.00120 Y18.43580
X28.01390 Y18.43580
X28.01390 Y18.44850
X28.02660 Y18.44850
X28.02660 Y18.46120
X28.03930 Y18.46120
X28.03930 Y18.47390
X28.05200 Y18.47390
X28.05200 Y18.48660
X28.06470 Y18.48660
X28.06470 Y18.49930
X28.07740 Y18.49930
X28.07740 Y18.51200
X28.09010 Y18.51200
X28.09010 Y18.52470
X28.10280 Y18.52470
X28.10280 Y18.53740
X28.11550 Y18.53740
X28.11550 Y18.55010
X28.12820 Y18.55010
X28.12820 Y18.56280
X28.14090 Y18.56280
X28.14090 Y18.57550
X28.15360 Y18.57550
X28.15360 Y18.58820
X28.16630 Y18.58820
X28.16630 Y18.60090
X28.17900 Y18.60090
X28.17900 Y18.61360
X28.19170 Y18.61360
X28.19170 Y18.62630
X28.20440 Y18.62630
X28.20440 Y18.63900
X28.21710 Y18.63900
X28.21710 Y18.65170
X28.22980 Y18.65170
X28.22980 Y18.66440
X28.24250 Y18.66440
X28.24250 Y18.67710
X28.25520 Y18.67710
X28.25520 Y18.68980
X28.26790 Y18.68980
X28.26790 Y18.70250
X28.28060 Y18.70250
X28.28060 Y18.71520
X28.29330 Y18.71520
X28.29330 Y18.72790
X28.30600 Y18.72790
X28.30600 Y18.74060
X28.31870 Y18.74060
X28.31870 Y18.75330
X28.33140 Y18.75330
X28.33140 Y18.76600
X28.34410 Y18.76600
X28.34410 Y18.77870
X28.35680 Y18.77870
X28.35680 Y18.79140
X28.36950 Y18.79140
X28.36950 Y18.80410
X28.38220 Y18.80410
X28.38220 Y18.81680
X28.39490 Y18.81680
X28.39490 Y18.82950
X28.40760 Y18.82950
X28.40760 Y18.84220
X28.42030 Y18.84220
X28.42030 Y18.85490
X28.43300 Y18.85490
X28.43300 Y18.86760
X28.44570 Y18.86760
X28.44570 Y18.88030
X28.45840 Y18.88030
X28.45840 Y18.89300
X28.47110 Y18.89300
X28.47110 Y18.90570
X28.48380 Y18.90570
X28.48380 Y18.91840
X28.49650 Y18.91840
X28.49650 Y18.93110
X28.50920 Y18.93110
X28.50920 Y18.94380
X28.52190 Y18.94380
X28.52190 Y18.95650
X28.53460 Y18.95650
X28.53460 Y18.96920
X28.54730 Y18.96920
X28.54730 Y18.98190
X28.56000 Y18.98190
X28.56000 Y18.99460
X28.57270 Y18.99460
X28.57270 Y19.00730
X28.58540 Y19.00730
X28.58540 Y19.02000
X28.59810 Y19.02000
X28.59810 Y19.03270
X28.61080 Y19.03270
X28.61080 Y19.04540
X28.62350 Y19.04540
X28.62350 Y19.05810
X28.63620 Y19.05810
X28.63620 Y19.07080
X28.64890 Y19.07080
X28.64890 Y19.08350
X28.66160 Y19.08350
X28.66160 Y19.09620
X28.67430 Y19.09620
X28.67430 Y19.10890
X28.68700 Y19.10890
X28.68700 Y19.12160
X28.69970 Y19.12160
X28.69970 Y19.13430
X28.71240 Y19.13430
X28.71240 Y19.14700
X28.72510 Y19.14700
X28.72510 Y19.15970
X28.73780 Y19.15970
X28.73780 Y19.17240
X28.75050 Y19.17240
X28.75050 Y19.18510
X28.76320 Y19.18510
X28.76320 Y19.19780
X28.77590 Y19.19780
X28.77590 Y19.21050
X28.78860 Y19.21050
X28.78860 Y19.22320
X28.80130 Y19.22320
X28.80130 Y19.23590
X28.81400 Y19.23590
X28.81400 Y19.24860
X28.82670 Y19.24860
X28.82670 Y19.26130
X28.83940 Y19.26130
X28.83940 Y19.27400
X28.85210 Y19.27400
X28.85210 Y19.28670
X28.86480 Y19.28670
X28.86480 Y19.29940
X28.87750 Y19.29940
X28.87750 Y19.31210
X28.89020 Y19.31210
X28.89020 Y19.32480
X28.90290 Y19.32480
X28.90290 Y19.33750
X28.91560 Y19.33750
X28.91560 Y19.35020
X28.92830 Y19.35020
X28.92830 Y19.36290
X28.94100 Y19.36290
X28.94100 Y19.37560
X28.95370 Y19.37560
X28.95370 Y19.38830
X28.96640 Y19.38830
X28.96640 Y19.40100
X28.97910 Y19.40100
X28.97910 Y19.41370
X28.99180 Y19.41370
X28.99180 Y19.42640
X29.00450 Y19.42640
X29.00450 Y19.43910
X29.01720 Y19.43910
X29.01720 Y19.45180
X29.02990 Y19.45180
X29.02990 Y19.46450
X29.04260 Y19.46450
X29.04260 Y19.47720
X29.05530 Y19.47720
X29.05530 Y19.48990
X29.06800 Y19.48990
X29.06800 Y19.50260
X29.08070 Y19.50260
X29.08070 Y19.51530
X29.09340 Y19.51530
X29.09340 Y19.52800
X29.10610 Y19.52800
X29.10610 Y19.54070
X29.11880 Y19.54070
X29.11880 Y19.55340
X29.13150 Y19.55340
X29.13150 Y19.56610
X29.14420 Y19.56610
X29.14420 Y19.57880
X29.15690 Y19.57880
X29.15690 Y19.59150
X29.16960 Y19.59150
X29.16960 Y19.60420
X29.18230 Y19.60420
X29.18230 Y19.61690
X29.19500 Y19.61690
X29.19500 Y19.62960
X29.20770 Y19.62960
X29.20770 Y19.64230
X29.22040 Y19.64230
X29.22040 Y19.65500
X29.23310 Y19.65500
X29.23310 Y19.66770
X29.24580 Y19.66770
X29.24580 Y19.68040
X29.25850 Y19.68040
X29.25850 Y19.69310
X29.27120 Y19.69310
X29.27120 Y19.70580
X29.28390 Y19.70580
X29.28390 Y19.71850
X29.29660 Y19.71850
X29.29660 Y19.73120
X29.30930 Y19.73120
X29.30930 Y19.74390
X29.32200 Y19.74390
X29.32200 Y19.75660
X29.33470 Y19.75660
X29.33470 Y19.76930
X29.34740 Y19.76930
X29.34740 Y19.78200
X29.36010 Y19.78200
X29.36010 Y19.79470
X29.37280 Y19.79470
X29.37280 Y19.80740
X29.38550 Y19.80740
X29.38550 Y19.82010
X29.39820 Y19.82010
X29.39820 Y19.83280
X29.41090 Y19.83280
X29.41090 Y19.84550
X29.42360 Y19.84550
X29.42360 Y19.85820
X29.43630 Y19.85820
X29.43630 Y19.87090
X29.44900 Y19.87090
X29.44900 Y19.88360
X29.46170 Y19.88360
X29.46170 Y19.89630
X29.47440 Y19.89630
X29.47440 Y19.90900
X29.48710 Y19.90900
X29.48710 Y19.92170
X29.49980 Y19.92170
X29.49980 Y19.93440
X29.51250 Y19.93440
X29.51250 Y19.94710
X29.52520 Y19.94710
X29.52520 Y19.95980
X29.53790 Y19.95980
X29.53790 Y19.97250
X29.55060 Y19.97250
X29.55060 Y19.98520
X29.56330 Y19.98520
X29.56330 Y19.99790
X29.57600 Y19.99790
X29.57600 Y20.01060
X29.58870 Y20.01060
X29.58870 Y20.02330
X29.60140 Y20.02330
X29.60140 Y20.03600
X29.61410 Y20.03600
X29.61410 Y20.04870
X29.62680 Y20.04870
X29.62680 Y20.06140
X29.63950 Y20.06140
X29.63950 Y20.07410
X29.65220 Y20.07410
X29.65220 Y20.08680
X29.66490 Y20.08680
X29.66490 Y20.09950
X29.67760 Y20.09950
X29.67760 Y20.11220
X29.69030 Y20.11220
X29.69030 Y20.12490
X29.70300 Y20.12490
X29.70300 Y20.13760
X29.71570 Y20.13760
X29.71570 Y20.15030
X29.72840 Y20.15030
X29.72840 Y20.16300
X29.74110 Y20.16300
X29.74110 Y20.17570
X29.75380 Y20.17570
X29.75380 Y20.18840
X29.76650 Y20.18840
X29.76650 Y20.20110
X29.77920 Y20.20110
X29.77920 Y20.21380
X29.79190 Y20.21380
X29.79190 Y20.22650
X29.80460 Y20.22650
X29.80460 Y20.23920
X29.81730 Y20.23920
X29.81730 Y20.25190
X29.83000 Y20.25190
X29.83000 Y20.26460
X29.84270 Y20.26460
X29.84270 Y20.27730
X29.85540 Y20.27730
X29.85540 Y20.29000
X29.86810 Y20.29000
X29.86810 Y20.30270
X29.88080 Y20.30270
X29.88080 Y20.31540
X29.89350 Y20.31540
X29.89350 Y20.32810
X29.90620 Y20.32810
X29.90620 Y20.34080
X29.91890 Y20.34080
X29.91890 Y20.35350
X29.93160 Y20.35350
X29.93160 Y20.36620
X29.94430 Y20.36620
X29.94430 Y20.37890
X29.95700 Y20.37890
X29.95700 Y20.39160
X29.96970 Y20.39160
X29.96970 Y20.40430
X29.98240 Y20.40430
X29.98240 Y20.41700
X29.99510 Y20.41700
X29.99510 Y20.42970
X30.00780 Y20.42970
X30.00780 Y20.44240
X30.02050 Y20.44240
X30.02050 Y20.45510
X30.03320 Y20.45510
X30.03320 Y20.46780
X30.04590 Y20.46780
X30.04590 Y20.48050
X30.05860 Y20.48050
X30.05860 Y20.49320
X30.07130 Y20.49320
X30.07130 Y20.50590
X30.08400 Y20.50590
X30.08400 Y20.51860
X30.09670 Y20.51860
X30.09670 Y20.53130
X30.10940 Y20.53130
X30.10940 Y20.54400
X30.12210 Y20.54400
X30.12210 Y20.55670
X30.13480 Y20.55670
X30.13480 Y20.56940
X30.14750 Y20.56940
X30.14750 Y20.58210
X30.16020 Y20.58210
X30.16020 Y20.59480
X30.17290 Y20.59480
X30.17290 Y20.60750
X30.18560 Y20.60750
X30.18560 Y20.62020
X30.19830 Y20.62020
X30.19830 Y20.63290
X30.21100 Y20.63290
X30.21100 Y20.64560
X30.22370 Y20.64560
X30.22370 Y20.65830
X30.23640 Y20.65830
X30.23640 Y20.67100
X30.24910 Y20.67100
X30.24910 Y20.68370
X30.26180 Y20.68370
X30.26180 Y20.69640
X30.27450 Y20.69640
X30.27450 Y20.70910
X30.28720 Y20.70910
X30.28720 Y20.72180
X30.29990 Y20.72180
X30.29990 Y20.73450
X30.31260 Y20.73450
X30.31260 Y20.74720
X30.32530 Y20.74720
X30.32530 Y20.75990
X30.33800 Y20.75990
X30.33800 Y20.77260
X30.35070 Y20.77260
X30.35070 Y20.78530
X30.36340 Y20.78530
X30.36340 Y20.79800
X30.37610 Y20.79800
X30.37610 Y20.81070
X30.38880 Y20.81070
X30.38880 Y20.82340
X30.40150 Y20.82340
X30.40150 Y20.83610
X30.41420 Y20.83610
X30.41420 Y20.84880
X30.42690 Y20.84880
X30.42690 Y20.86150
X30.43960 Y20.86150
X30.43960 Y20.87420
X30.45230 Y20.87420
X30.45230 Y20.88690
X30.46500 Y20.88690
X30.46500 Y20.89960
X30.47770 Y20.89960
X30.47770 Y20.91230
X30.49040 Y20.91230
X30.49040 Y20.92500
X30.50310 Y20.92500
X30.50310 Y20.93770
X30.51580 Y20.93770
X30.51580 Y20.95040
X30.52850 Y20.95040
X30.52850 Y20.96310
X30.54120 Y20.96310
X30.54120 Y20.97580
X30.55390 Y20.97580
X30.55390 Y20.98850
X30.56660 Y20.98850
X30.56660 Y21.00120
X30.57930 Y21.00120
X30.57930 Y21.01390
X30.59200 Y21.01390
X30.59200 Y21.02660
X30.60470 Y21.02660
X30.60470 Y21.03930
X30.61740 Y21.03930
X30.61740 Y21.05200
X30.63010 Y21.05200
X30.63010 Y21.06470
X30.64280 Y21.06470
X30.64280 Y21.07740
X30.65550 Y21.07740
X30.65550 Y21.09010
X30.66820 Y21.09010
X30.66820 Y21.10280
X30.68090 Y21.10280
X30.68090 Y21.11550
X30.69360 Y21.11550
X30.69360 Y21.12820
X30.70630 Y21.12820
X30.70630 Y21.14090
X30.71900 Y21.14090
X30.71900 Y21.15360
X30.73170 Y21.15360
X30.73170 Y21.16630
X30.74440 Y21.16630
X30.74440 Y21.17900
X30.75710 Y21.17900
X30.75710 Y21.19170
X30.76980 Y21.19170
X30.76980 Y21.20440
X30.78250 Y21.20440
X30.78250 Y21.21710
X30.79520 Y21.21710
X30.79520 Y21.22980
X30.80790 Y21.22980
X30.80790 Y21.24250
X30.82060 Y21.24250
X30.82060 Y21.25520
X30.83330 Y21.25520
X30.83330 Y21.26790
X30.84600 Y21.26790
X30.84600 Y21.28060
X30.85870 Y21.28060
X30.85870 Y21.29330
X30.87140 Y21.29330
X30.87140 Y21.30600
X30.88410 Y21.30600
X30.88410 Y21.31870
X30.89680 Y21.31870
X30.89680 Y21.33140
X30.90950 Y21.33140
X30.90950 Y21.34410
X30.92220 Y21.34410
X30.92220 Y21.35680
X30.93490 Y21.35680
X30.93490 Y21.36950
X30.94760 Y21.36950
X30.94760 Y21.38220
X30.96030 Y21.38220
X30.96030 Y21.39490
X30.97300 Y21.39490
X30.97300 Y21.40760
X30.98570 Y21.40760
X30.98570 Y21.42030
X30.99840 Y21.42030
X30.99840 Y21.43300
X31.01110 Y21.43300
X31.01110 Y21.44570
X31.02380 Y21.44570
X31.02380 Y21.45840
X31.03650 Y21.45840
X31.03650 Y21.47110
X31.04920 Y21.47110
X31.04920 Y21.48380
X31.06190 Y21.48380
X31.06190 Y21.49650
X31.07460 Y21.49650
X31.07460 Y21.50920
X31.08730 Y21.50920
X31.08730 Y21.52190
X31.10000 Y21.52190
X31.10000 Y21.53460
X31.11270 Y21.53460
X31.11270 Y21.54730
X31.12540 Y21.54730
X31.12540 Y21.56000
X31.13810 Y21.56000
X31.13810 Y21.57270
X31.15080 Y21.57270
X31.15080 Y21.58540
X31.16350 Y21.58540
X31.16350 Y21.59810
X31.17620 Y21.59810
X31.17620 Y21.61080
X31.18890 Y21.61080
X31.18890 Y21.62350
X31.20160 Y21.62350
X31.20160 Y21.63620
X31.21430 Y21.63620
X31.21430 Y21.64890
X31.22700 Y21.64890
X31.22700 Y21.66160
X31.23970 Y21.66160
X31.23970 Y21.67430
X31.25240 Y21.67430
X31.25240 Y21.68700
X31.26510 Y21.68700
X31.26510 Y21.69970
X31.27780 Y21.69970
X31.27780 Y21.71240
X31.29050 Y21.71240
X31.29050 Y21.72510
X31.30320 Y21.72510
X31.30320 Y21.73780
X31.31590 Y21.73780
X31.31590 Y21.75050
X31.32860 Y21.75050
X31.32860 Y21.76320
X31.34130 Y21.76320
X31.34130 Y21.77590
X31.35400 Y21.77590
X31.35400 Y21.78860
X31.36670 Y21.78860
X31.36670 Y21.80130
X31.37940 Y21.80130
X31.37940 Y21.81400
X31.39210 Y21.81400
X31.39210 Y21.82670
X31.40480 Y21.82670
X31.40480 Y21.83940
X31.41750 Y21.83940
X31.41750 Y21.85210
X31.43020 Y21.85210
X31.43020 Y21.86480
X31.44290 Y21.86480
X31.44290 Y21.87750
X31.45560 Y21.87750
X31.45560 Y21.89020
X31.46830 Y21.89020
X31.46830 Y21.90290
X31.48100 Y21.90290
X31.48100 Y21.91560
X31.49370 Y21.91560
X31.49370 Y21.92830
X31.50640 Y21.92830
X31.50640 Y21.94100
X31.51910 Y21.94100
X31.51910 Y21.95370
X31.53180 Y21.95370
X31.53180 Y21.96640
X31.54450 Y21.96640
X31.54450 Y21.97910
X31.55720 Y21.97910
X31.55720 Y21.99180
X31.56990 Y21.99180
X31.56990 Y22.00450
X31.58260 Y22.00450
X31.58260 Y22.01720
X31.59530 Y22.01720
X31.59530 Y22.02990
X31.60800 Y22.02990
X31.60800 Y22.04260
X31.62070 Y22.04260
X31.62070 Y22.05530
X31.63340 Y22.05530
X31.63340 Y22.06800
X31.64610 Y22.06800
X31.64610 Y22.08070
X31.65880 Y22.08070
X31.65880 Y22.09340
X31.67150 Y22.09340
X31.67150 Y22.10610
X31.68420 Y22.10610
X31.68420 Y22.11880
X31.69690 Y22.11880
X31.69690 Y22.13150
X31.70960 Y22.13150
X31.70960 Y22.14420
X31.72230 Y22.14420
X31.72230 Y22.15690
X31.73500 Y22.15690
X31.73500 Y22.16960
X31.74770 Y22.16960
X31.74770 Y22.18230
X31.76040 Y22.18230
X31.76040 Y22.19500
X31.77310 Y22.19500
X31.77310 Y22.20770
X31.78580 Y22.20770
X31.78580 Y22.22040
X31.79850 Y22.22040
X31.79850 Y22.23310
X31.81120 Y22.23310
X31.81120 Y22.24580
X31.82390 Y22.24580
X31.82390 Y22.25850
X31.83660 Y22.25850
X31.83660 Y22.27120
X31.84930 Y22.27120
X31.84930 Y22.28390
X31.86200 Y22.28390
X31.86200 Y22.29660
X31.87470 Y22.29660
X31.87470 Y22.30930
X31.88740 Y22.30930
X31.88740 Y22.32200
X31.90010 Y22.32200
X31.90010 Y22.33470
X31.91280 Y22.33470
X31.91280 Y22.34740
X31.92550 Y22.34740
X31.92550 Y22.36010
X31.93820 Y22.36010
X31.93820 Y22.37280
X31.95090 Y22.37280
X31.95090 Y22.38550
X31.96360 Y22.38550
X31.96360 Y22.39820
X31.97630 Y22.39820
X31.97630 Y22.41090
X31.98900 Y22.41090
X31.98900 Y22.42360
X32.00170 Y22.42360
X32.00170 Y22.43630
X32.01440 Y22.43630
X32.01440 Y22.44900
X32.02710 Y22.44900
X32.02710 Y22.46170
X32.03980 Y22.46170
X32.03980 Y22.47440
X32.05250 Y22.47440
X32.05250 Y22.48710
X32.06520 Y22.48710
X32.06520 Y22.49980
X32.07790 Y22.49980
X32.07790 Y22.51250
X32.09060 Y22.51250
X32.09060 Y22.52520
X32.10330 Y22.52520
X32.10330 Y22.53790
X32.11600 Y22.53790
X32.11600 Y22.55060
X32.12870 Y22.55060
X32.12870 Y22.56330
X32.14140 Y22.56330
X32.14140 Y22.57600
X32.15410 Y22.57600
X32.15410 Y22.58870
X32.16680 Y22.58870
X32.16680 Y22.60140
X32.17950 Y22.60140
X32.17950 Y22.61410
X32.19220 Y22.61410
X32.19220 Y22.62680
X32.20490 Y22.62680
X32.20490 Y22.63950
X32.21760 Y22.63950
X32.21760 Y22.65220
X32.23030 Y22.65220
X32.23030 Y22.66490
X32.24300 Y22.66490
X32.24300 Y22.67760
X32.25570 Y22.67760
X32.25570 Y22.69030
X32.26840 Y22.69030
X32.26840 Y22.70300
X32.28110 Y22.70300
X32.28110 Y22.71570
X32.29380 Y22.71570
X32.29380 Y22.72840
X32.30650 Y22.72840
X32.30650 Y22.74110
X32.31920 Y22.74110
X32.31920 Y22.75380
X32.33190 Y22.75380
X32.33190 Y22.76650
X32.34460 Y22.76650
X32.34460 Y22.77920
X32.35730 Y22.77920
X32.35730 Y22.79190
X32.37000 Y22.79190
X32.37000 Y22.80460
X32.38270 Y22.80460
X32.38270 Y22.81730
X32.39540 Y22.81730
X32.39540 Y22.83000
X32.40810 Y22.83000
X32.40810 Y22.84270
X32.42080 Y22.84270
X32.42080 Y22.85540
X32.43350 Y22.85540
X32.43350 Y22.86810
X32.44620 Y22.86810
X32.44620 Y22.88080
X32.45890 Y22.88080
X32.45890 Y22.89350
X32.47160 Y22.89350
X32.47160 Y22.90620
X32.48430 Y22.90620
X32.48430 Y22.91890
X32.49700 Y22.91890
X32.49700 Y22.93160
X32.50970 Y22.93160
X32.50970 Y22.94430
X32.52240 Y22.94430
X32.52240 Y22.95700
X32.53510 Y22.95700
X32.53510 Y22.96970
X32.54780 Y22.96970
X32.54780 Y22.98240
X32.56050 Y22.98240
X32.56050 Y22.99510
X32.57320 Y22.99510
X32.57320 Y23.00780
X32.58590 Y23.00780
X32.58590 Y23.02050
X32.59860 Y23.02050
X32.59860 Y23.03320
X32.61130 Y23.03320
X32.61130 Y23.04590
X32.62400 Y23.04590
X32.62400 Y23.05860
X32.63670 Y23.05860
X32.63670 Y23.07130
X32.64940 Y23.07130
X32.64940 Y23.08400
X32.66210 Y23.08400
X32.66210 Y23.09670
X32.67480 Y23.09670
X32.67480 Y23.10940
X32.68750 Y23.10940
X32.68750 Y23.12210
X32.70020 Y23.12210
X32.70020 Y23.13480
X32.71290 Y23.13480
X32.71290 Y23.14750
X32.72560 Y23.14750
X32.72560 Y23.16020
X32.73830 Y23.16020
X32.73830 Y23.17290
X32.75100 Y23.17290
X32.75100 Y23.18560
X32.76370 Y23.18560
X32.76370 Y23.19830
X32.77640 Y23.19830
X32.77640 Y23.21100
X32.78910 Y23.21100
X32.78910 Y23.22370
X32.80180 Y23.22370
X32.80180 Y23.23640
X32.81450 Y23.23640
X32.81450 Y23.24910
X32.82720 Y23.24910
X32.82720 Y23.26180
X32.83990 Y23.26180
X32.83990 Y23.27450
X32.85260 Y23.27450
X32.85260 Y23.28720
X32.86530 Y23.28720
X32.86530 Y23.29990
X32.87800 Y23.29990
X32.87800 Y23.31260
X32.89070 Y23.31260
X32.89070 Y23.32530
X32.90340 Y23.32530
X32.90340 Y23.33800
X32.91610 Y23.33800
X32.91610 Y23.35070
X32.92880 Y23.35070
X32.92880 Y23.36340
X32.94150 Y23.36340
X32.94150 Y23.37610
X32.95420 Y23.37610
X32.95420 Y23.38880
X32.96690 Y23.38880
X32.96690 Y23.40150
X32.97960 Y23.40150
X32.97960 Y23.41420
X32.99230 Y23.41420
X32.99230 Y23.42690
X33.00500 Y23.42690
X33.00500 Y23.43960
X33.01770 Y23.43960
X33.01770 Y23.45230
X33.03040 Y23.45230
X33.03040 Y23.46500
X33.04310 Y23.46500
X33.04310 Y23.47770
X33.05580 Y23.47770
X33.05580 Y23.49040
X33.06850 Y23.49040
X33.06850 Y23.50310
X33.08120 Y23.50310
X33.08120 Y23.51580
X33.09390 Y23.51580
X33.09390 Y23.52850
X33.10660 Y23.52850
X33.10660 Y23.54120
X33.11930 Y23.54120
X33.11930 Y23.55390
X33.13200 Y23.55390
X33.13200 Y23.56660
X33.14470 Y23.56660
X33.14470 Y23.57930
X33.15740 Y23.57930
X33.15740 Y23.59200
X33.17010 Y23.59200
X33.17010 Y23.60470
X33.18280 Y23.60470
X33.18280 Y23.61740
X33.19550 Y23.61740
X33.19550 Y23.63010
X33.20820 Y23.63010
X33.20820 Y23.64280
X33.22090 Y23.64280
X33.22090 Y23.65550
X33.23360 Y23.65550
X33.23360 Y23.66820
X33.24630 Y23.66820
X33.24630 Y23.68090
X33.25900 Y23.68090
X33.25900 Y23.69360
X33.27170 Y23.69360
X33.27170 Y23.70630
X33.28440 Y23.70630
X33.28440 Y23.71900
X33.29710 Y23.71900
X33.29710 Y23.73170
X33.30980 Y23.73170
X33.30980 Y23.74440
X33.32250 Y23.74440
X33.32250 Y23.75710
X33.33520 Y23.75710
X33.33520 Y23.76980
X33.34790 Y23.76980
X33.34790 Y23.78250
X33.36060 Y23.78250
X33.36060 Y23.79520
X33.37330 Y23.79520
X33.37330 Y23.80790
X33.38600 Y23.80790
X33.38600 Y23.82060
X33.39870 Y23.82060
X33.39870 Y23.83330
X33.41140 Y23.83330
X33.41140 Y23.84600
X33.42410 Y23.84600
X33.42410 Y23.85870
X33.43680 Y23.85870
X33.43680 Y23.87140
X33.44950 Y23.87140
X33.44950 Y23.88410
X33.46220 Y23.88410
X33.46220 Y23.89680
X33.47490 Y23.89680
X33.47490 Y23.90950
X33.48760 Y23.90950
X33.48760 Y23.92220
X33.50030 Y23.92220
X33.50030 Y23.93490
X33.51300 Y23.93490
X33.51300 Y23.94760
X33.52570 Y23.94760
X33.52570 Y23.96030
X33.53840 Y23.96030
X33.53840 Y23.97300
X33.55110 Y23.97300
X33.55110 Y23.98570
X33.56380 Y23.98570
X33.56380 Y23.99840
X33.57650 Y23.99840
X33.57650 Y24.01110
X33.58920 Y24.01110
X33.58920 Y24.02380
X33.60190 Y24.02380
X33.60190 Y24.03650
X33.61460 Y24.03650
X33.61460 Y24.04920
X33.62730 Y24.04920
X33.62730 Y24.06190
X33.64000 Y24.06190
X33.64000 Y24.07460
X33.65270 Y24.07460
X33.65270 Y24.08730
X33.66540 Y24.08730
X33.66540 Y24.10000
X33.67810 Y24.10000
X33.67810 Y24.11270
X33.69080 Y24.11270
X33.69080 Y24.12540
X33.70350 Y24.12540
X33.70350 Y24.13810
X33.71620 Y24.13810
X33.71620 Y24.15080
X33.72890 Y24.15080
X33.72890 Y24.16350
X33.74160 Y24.16350
X33.74160 Y24.17620
X33.75430 Y24.17620
X33.75430 Y24.18890
X33.76700 Y24.18890
X33.76700 Y24.20160
X33.77970 Y24.20160
X33.77970 Y24.21430
X33.79240 Y24.21430
X33.79240 Y24.22700
X33.80510 Y24.22700
X33.80510 Y24.23970
X33.81780 Y24.23970
X33.81780 Y24.25240
X33.83050 Y24.25240
X33.83050 Y24.26510
X33.84320 Y24.26510
X33.84320 Y24.27780
X33.85590 Y24.27780
X33.85590 Y24.29050
X33.86860 Y24.29050
X33.86860 Y24.30320
X33.88130 Y24.30320
X33.88130 Y24.31590
X33.89400 Y24.31590
X33.89400 Y24.32860
X33.90670 Y24.32860
X33.90670 Y24.34130
X33.91940 Y24.34130
X33.91940 Y24.35400
X33.93210 Y24.35400
X33.93210 Y24.36670
X33.94480 Y24.36670
X33.94480 Y24.37940
X33.95750 Y24.37940
X33.95750 Y24.39210
X33.97020 Y24.39210
X33.97020 Y24.40480
X33.98290 Y24.40480
X33.98290 Y24.41750
X33.99560 Y24.41750
X33.99560 Y24.43020
X34.00830 Y24.43020
X34.00830 Y24.44290
X34.02100 Y24.44290
X34.02100 Y24.45560
X34.03370 Y24.45560
X34.03370 Y24.46830
X34.04640 Y24.46830
X34.04640 Y24.48100
X34.05910 Y24.48100
X34.05910 Y24.49370
X34.07180 Y24.49370
X34.07180 Y24.50640
X34.08450 Y24.50640
X34.08450 Y24.51910
X34.09720 Y24.51910
X34.09720 Y24.53180
X34.10990 Y24.53180
X34.10990 Y24.54450
X34.12260 Y24.54450
X34.12260 Y24.55720
X34.13530 Y24.55720
X34.13530 Y24.56990
X34.14800 Y24.56990
X34.14800 Y24.58260
X34.16070 Y24.58260
X34.16070 Y24.59530
X34.17340 Y24.59530
X34.17340 Y24.60800
X34.18610 Y24.60800
X34.18610 Y24.62070
X34.19880 Y24.62070
X34.19880 Y24.63340
X34.21150 Y24.63340
X34.21150 Y24.64610
X34.22420 Y24.64610
X34.22420 Y24.65880
X34.23690 Y24.65880
X34.23690 Y24.67150
X34.24960 Y24.67150
X34.24960 Y24.68420
X34.26230 Y24.68420
X34.26230 Y24.69690
X34.27500 Y24.69690
X34.27500 Y24.70960
X34.28770 Y24.70960
X34.28770 Y24.72230
X34.30040 Y24.72230
X34.30040 Y24.73500
X34.31310 Y24.73500
X34.31310 Y24.74770
X34.32580 Y24.74770
X34.32580 Y24.76040
X34.33850 Y24.76040
X34.33850 Y24.77310
X34.35120 Y24.77310
X34.35120 Y24.78580
X34.36390 Y24.78580
X34.36390 Y24.79850
X34.37660 Y24.79850
X34.37660 Y24.81120
X34.38930 Y24.81120
X34.38930 Y24.82390
X34.40200 Y24.82390
X34.40200 Y24.83660
X34.41470 Y24.83660
X34.41470 Y24.84930
X34.42740 Y24.84930
X34.42740 Y24.86200
X34.44010 Y24.86200
X34.44010 Y24.87470
X34.45280 Y24.87470
X34.45280 Y24.88740
X34.46550 Y24.88740
X34.46550 Y24.90010
X34.47820 Y24.90010
X34.47820 Y24.91280
X34.49090 Y24.91280
X34.49090 Y24.92550
X34.50360 Y24.92550
X34.50360 Y24.93820
X34.51630 Y24.93820
X34.51630 Y24.95090
X34.52900 Y24.95090
X34.52900 Y24.96360
X34.54170 Y24.96360
X34.54170 Y24.97630
X34.55440 Y24.97630
X34.55440 Y24.98900
X34.56710 Y24.98900
X34.56710 Y25.00170
X34.57980 Y25.00170
X34.57980 Y25.01440
X34.59250 Y25.01440
X34.59250 Y25.02710
X34.60520 Y25.02710
X34.60520 Y25.03980
X34.61790 Y25.03980
X34.61790 Y25.05250
X34.63060 Y25.05250
X34.63060 Y25.06520
X34.64330 Y25.06520
X34.64330 Y25.07790
X34.65600 Y25.07790
X34.65600 Y25.09060
X34.66870 Y25.09060
X34.66870 Y25.10330
X34.68140 Y25.10330
X34.68140 Y25.11600
X34.69410 Y25.11600
X34.69410 Y25.12870
X34.70680 Y25.12870
X34.70680 Y25.14140
X34.71950 Y25.14140
X34.71950 Y25.15410
X34.73220 Y25.15410
X34.73220 Y25.16680
X34.74490 Y25.16680
X34.74490 Y25.17950
X34.75760 Y25.17950
X34.75760 Y25.19220
X34.77030 Y25.19220
X34.77030 Y25.20490
X34.78300 Y25.20490
X34.78300 Y25.21760
X34.79570 Y25.21760
X34.79570 Y25.23030
X34.80840 Y25.23030
X34.80840 Y25.24300
X34.82110 Y25.24300
X34.82110 Y25.25570
X34.83380 Y25.25570
X34.83380 Y25.26840
X34.84650 Y25.26840
X34.84650 Y25.28110
X34.85920 Y25.28110
X34.85920 Y25.29380
X34.87190 Y25.29380
X34.87190 Y25.30650
X34.88460 Y25.30650
X34.88460 Y25.31920
X34.89730 Y25.31920
X34.89730 Y25.33190
X34.91000 Y25.33190
X34.91000 Y25.34460
X34.92270 Y25.34460
X34.92270 Y25.35730
X34.93540 Y25.35730
X34.93540 Y25.37000
X34.94810 Y25.37000
X34.94810 Y25.38270
X34.96080 Y25.38270
X34.96080 Y25.39540
X34.97350 Y25.39540
X34.97350 Y25.40810
X34.98620 Y25.40810
X34.98620 Y25.42080
X34.99890 Y25.42080
X34.99890 Y25.43350
X35.01160 Y25.43350
X35.01160 Y25.44620
X35.02430 Y25.44620
X35.02430 Y25.45890
X35.03700 Y25.45890
X35.03700 Y25.47160
X35.04970 Y25.47160
X35.04970 Y25.48430
X35.06240 Y25.48430
X35.06240 Y25.49700
X35.07510 Y25.49700
X35.07510 Y25.50970
X35.08780 Y25.50970
X35.08780 Y25.52240
X35.10050 Y25.52240
X35.10050 Y25.53510
X35.11320 Y25.53510
X35.11320 Y25.54780
X35.12590 Y25.54780
X35.12590 Y25.56050
X35.13860 Y25.56050
X35.13860 Y25.57320
X35.15130 Y25.57320
X35.15130 Y25.58590
X35.16400 Y25.58590
X35.16400 Y25.59860
X35.17670 Y25.59860
X35.17670 Y25.61130
X35.18940 Y25.61130
X35.18940 Y25.62400
X35.20210 Y25.62400
X35.20210 Y25.63670
X35.21480 Y25.63670
X35.21480 Y25.64940
X35.22750 Y25.64940
X35.22750 Y25.66210
X35.24020 Y25.66210
X35.24020 Y25.67480
X35.25290 Y25.67480
X35.25290 Y25.68750
X35.26560 Y25.68750
X35.26560 Y25.70020
X35.27830 Y25.70020
X35.27830 Y25.71290
X35.29100 Y25.71290
X35.29100 Y25.72560
X35.30370 Y25.72560
X35.30370 Y25.73830
X35.31640 Y25.73830
X35.31640 Y25.75100
X35.32910 Y25.75100
X35.32910 Y25.76370
X35.34180 Y25.76370
X35.34180 Y25.77640
X35.35450 Y25.77640
X35.35450 Y25.78910
X35.36720 Y25.78910
X35.36720 Y25.80180
X35.37990 Y25.80180
X35.37990 Y25.81450
X35.39260 Y25.81450
X35.39260 Y25.82720
X35.40530 Y25.82720
X35.40530 Y25.83990
X35.41800 Y25.83990
X35.41800 Y25.85260
X35.43070 Y25.85260
X35.43070 Y25.86530
X35.44340 Y25.86530
X35.44340 Y25.87800
X35.45610 Y25.87800
X35.45610 Y25.89070
X35.46880 Y25.89070
X35.46880 Y25.90340
X35.48150 Y25.90340
X35.48150 Y25.91610
X35.49420 Y25.91610
X35.49420 Y25.92880
X35.50690 Y25.92880
X35.50690 Y25.94150
X35.51960 Y25.94150
X35.51960 Y25.95420
X35.53230 Y25.95420
X35.53230 Y25.96690
X35.54500 Y25.96690
X35.54500 Y25.97960
X35.55770 Y25.97960
X35.55770 Y25.99230
X35.57040 Y25.99230
X35.57040 Y26.00500
X35.58310 Y26.00500
X35.58310 Y26.01770
X35.59580 Y26.01770
X35.59580 Y26.03040
X35.60850 Y26.03040
X35.60850 Y26.04310
X35.62120 Y26.04310
X35.62120 Y26.05580
X35.63390 Y26.05580
X35.63390 Y26.06850
X35.64660 Y26.06850
X35.64660 Y26.08120
X35.65930 Y26.08120
X35.65930 Y26.09390
X35.67200 Y26.09390
X35.67200 Y26.10660
X35.68470 Y26.10660
X35.68470 Y26.11930
X35.69740 Y26.11930
X35.69740 Y26.13200
X35.71010 Y26.13200
X35.71010 Y26.14470
X35.72280 Y26.14470
X35.72280 Y26.15740
X35.73550 Y26.15740
X35.73550 Y26.17010
X35.74820 Y26.17010
X35.74820 Y26.18280
X35.76090 Y26.18280
X35.76090 Y26.19550
X35.77360 Y26.19550
X35.77360 Y26.20820
X35.78630 Y26.20820
X35.78630 Y26.22090
X35.79900 Y26.22090
X35.79900 Y26.23360
X35.81170 Y26.23360
X35.81170 Y26.24630
X35.82440 Y26.24630
X35.82440 Y26.25900
X35.83710 Y26.25900
X35.83710 Y26.27170
X35.84980 Y26.27170
X35.84980 Y26.28440
X35.86250 Y26.28440
X35.86250 Y26.29710
X35.87520 Y26.29710
X35.87520 Y26.30980
X35.88790 Y26.30980
X35.88790 Y26.32250
X35.90060 Y26.32250
X35.90060 Y26.33520
X35.91330 Y26.33520
X35.91330 Y26.34790
X35.92600 Y26.34790
X35.92600 Y26.36060
X35.93870 Y26.36060
X35.93870 Y26.37330
X35.95140 Y26.37330
X35.95140 Y26.38600
X35.96410 Y26.38600
X35.96410 Y26.39870
X35.97680 Y26.39870
X35.97680 Y26.41140
X35.98950 Y26.41140
X35.98950 Y26.42410
X36.00220 Y26.42410
X36.00220 Y26.43680
X36.01490 Y26.43680
X36.01490 Y26.44950
X36.02760 Y26.44950
X36.02760 Y26.46220
X36.04030 Y26.46220
X36.04030 Y26.47490
X36.05300 Y26.47490
X36.05300 Y26.48760
X36.06570 Y26.48760
X36.06570 Y26.50030
X36.07840 Y26.50030
X36.07840 Y26.51300
X36.09110 Y26.51300
X36.09110 Y26.52570
X36.10380 Y26.52570
X36.10380 Y26.53840
X36.11650 Y26.53840
X36.11650 Y26.55110
X36.12920 Y26.55110
X36.12920 Y26.56380
X36.14190 Y26.56380
X36.14190 Y26.57650
X36.15460 Y26.57650
X36.15460 Y26.58920
X36.16730 Y26.58920
X36.16730 Y26.60190
X36.18000 Y26.60190
X36.18000 Y26.61460
X36.19270 Y26.61460
X36.19270 Y26.62730
X36.20540 Y26.62730
X36.20540 Y26.64000
X36.21810 Y26.64000
X36.21810 Y26.65270
X36.23080 Y26.65270
X36.23080 Y26.66540
X36.24350 Y26.66540
X36.24350 Y26.67810
X36.25620 Y26.67810
X36.25620 Y26.69080
X36.26890 Y26.69080
X36.26890 Y26.70350
X36.28160 Y26.70350
X36.28160 Y26.71620
X36.29430 Y26.71620
X36.29430 Y26.72890
X36.30700 Y26.72890
X36.30700 Y26.74160
X36.31970 Y26.74160
X36.31970 Y26.75430
X36.33240 Y26.75430
X36.33240 Y26.76700
X36.34510 Y26.76700
X36.34510 Y26.77970
X36.35780 Y26.77970
X36.35780 Y26.79240
X36.37050 Y26.79240
X36.37050 Y26.80510
X36.38320 Y26.80510
X36.38320 Y26.81780
X36.39590 Y26.81780
X36.39590 Y26.83050
X36.40860 Y26.83050
X36.40860 Y26.84320
X36.42130 Y26.84320
X36.42130 Y26.85590
X36.43400 Y26.85590
X36.43400 Y26.86860
X36.44670 Y26.86860
X36.44670 Y26.88130
X36.45940 Y26.88130
X36.45940 Y26.89400
X36.47210 Y26.89400
X36.47210 Y26.90670
X36.48480 Y26.90670
X36.48480 Y26.91940
X36.49750 Y26.91940
X36.49750 Y26.93210
X36.51020 Y26.93210
X36.51020 Y26.94480
X36.52290 Y26.94480
X36.52290 Y26.95750
X36.53560 Y26.95750
X36.53560 Y26.97020
X36.54830 Y26.97020
X36.54830 Y26.98290
X36.56100 Y26.98290
X36.56100 Y26.99560
X36.57370 Y26.99560
X36.57370 Y27.00830
X36.58640 Y27.00830
X36.58640 Y27.02100
X36.59910 Y27.02100
X36.59910 Y27.03370
X36.61180 Y27.03370
X36.61180 Y27.04640
X36.62450 Y27.04640
X36.62450 Y27.05910
X36.63720 Y27.05910
X36.63720 Y27.07180
X36.64990 Y27.07180
X36.64990 Y27.08450
X36.66260 Y27.08450
X36.66260 Y27.09720
X36.67530 Y27.09720
X36.67530 Y27.10990
X36.68800 Y27.10990
X36.68800 Y27.12260
X36.70070 Y27.12260
X36.70070 Y27.13530
X36.71340 Y27.13530
X36.71340 Y27.14800
X36.72610 Y27.14800
X36.72610 Y27.16070
X36.73880 Y27.16070
X36.73880 Y27.17340
X36.75150 Y27.17340
X36.75150 Y27.18610
X36.76420 Y27.18610
X36.76420 Y27.19880
X36.77690 Y27.19880
X36.77690 Y27.21150
X36.78960 Y27.21150
X36.78960 Y27.22420
X36.80230 Y27.22420
X36.80230 Y27.23690
X36.81500 Y27.23690
X36.81500 Y27.24960
X36.82770 Y27.24960
X36.82770 Y27.26230
X36.84040 Y27.26230
X36.84040 Y27.27500
X36.85310 Y27.27500
X36.85310 Y27.28770
X36.86580 Y27.28770
X36.86580 Y27.30040
X36.87850 Y27.30040
X36.87850 Y27.31310
X36.89120 Y27.31310
X36.89120 Y27.32580
X36.90390 Y27.32580
X36.90390 Y27.33850
X36.91660 Y27.33850
X36.91660 Y27.35120
X36.92930 Y27.35120
X36.92930 Y27.36390
X36.94200 Y27.36390
X36.94200 Y27.37660
X36.95470 Y27.37660
X36.95470 Y27.38930
X36.96740 Y27.38930
X36.96740 Y27.40200
X36.98010 Y27.40200
X36.98010 Y27.41470
X36.99280 Y27.41470
X36.99280 Y27.42740
X37.00550 Y27.42740
X37.00550 Y27.44010
X37.01820 Y27.44010
X37.01820 Y27.45280
X37.03090 Y27.45280
X37.03090 Y27.46550
X37.04360 Y27.46550
X37.04360 Y27.47820
X37.05630 Y27.47820
X37.05630 Y27.49090
X37.06900 Y27.49090
X37.06900 Y27.50360
X37.08170 Y27.50360
X37.08170 Y27.51630
X37.09440 Y27.51630
X37.09440 Y27.52900
X37.10710 Y27.52900
X37.10710 Y27.54170
X37.11980 Y27.54170
X37.11980 Y27.55440
X37.13250 Y27.55440
X37.13250 Y27.56710
X37.14520 Y27.56710
X37.14520 Y27.57980
X37.15790 Y27.57980
X37.15790 Y27.59250
X37.17060 Y27.59250
X37.17060 Y27.60520
X37.18330 Y27.60520
X37.18330 Y27.61790
X37.19600 Y27.61790
X37.19600 Y27.63060
X37.20870 Y27.63060
X37.20870 Y27.64330
X37.22140 Y27.64330
X37.22140 Y27.65600
X37.23410 Y27.65600
X37.23410 Y27.66870
X37.24680 Y27.66870
X37.24680 Y27.68140
X37.25950 Y27.68140
X37.25950 Y27.69410
X37.27220 Y27.69410
X37.27220 Y27.70680
X37.28490 Y27.70680
X37.28490 Y27.71950
X37.29760 Y27.71950
X37.29760 Y27.73220
X37.31030 Y27.73220
X37.31030 Y27.74490
X37.32300 Y27.74490
X37.32300 Y27.75760
X37.33570 Y27.75760
X37.33570 Y27.77030
X37.34840 Y27.77030
X37.34840 Y27.78300
X37.36110 Y27.78300
X37.36110 Y27.79570
X37.37380 Y27.79570
X37.37380 Y27.80840
X37.38650 Y27.80840
X37.38650 Y27.82110
X37.39920 Y27.82110
X37.39920 Y27.83380
X37.41190 Y27.83380
X37.41190 Y27.84650
X37.42460 Y27.84650
X37.42460 Y27.85920
X37.43730 Y27.85920
X37.43730 Y27.87190
X37.45000 Y27.87190
X37.45000 Y27.88460
X37.46270 Y27.88460
X37.46270 Y27.89730
X37.47540 Y27.89730
X37.47540 Y27.91000
X37.48810 Y27.91000
X37.48810 Y27.92270
X37.50080 Y27.92270
X37.50080 Y27.93540
X37.51350 Y27.93540
X37.51350 Y27.94810
X37.52620 Y27.94810
X37.52620 Y27.96080
X37.53890 Y27.96080
X37.53890 Y27.97350
X37.55160 Y27.97350
X37.55160 Y27.98620
X37.56430 Y27.98620
X37.56430 Y27.99890
X37.57700 Y27.99890
X37.57700 Y28.01160
X37.58970 Y28.01160
X37.58970 Y28.02430
X37.60240 Y28.02430
X37.60240 Y28.03700
X37.61510 Y28.03700
X37.61510 Y28.04970
X37.62780 Y28.04970
X37.62780 Y28.06240
X37.64050 Y28.06240
X37.64050 Y28.07510
X37.65320 Y28.07510
X37.65320 Y28.08780
X37.66590 Y28.08780
X37.66590 Y28.10050
X37.67860 Y28.10050
X37.67860 Y28.11320
X37.69130 Y28.11320
X37.69130 Y28.12590
X37.70400 Y28.12590
X37.70400 Y28.13860
X37.71670 Y28.13860
X37.71670 Y28.15130
X37.72940 Y28.15130
X37.72940 Y28.16400
X37.74210 Y28.16400
X37.74210 Y28.17670
X37.75480 Y28.17670
X37.75480 Y28.18940
X37.76750 Y28.18940
X37.76750 Y28.20210
X37.78020 Y28.20210
X37.78020 Y28.21480
X37.79290 Y28.21480
X37.79290 Y28.22750
X37.80560 Y28.22750
X37.80560 Y28.24020
X37.81830 Y28.24020
X37.81830 Y28.25290
X37.83100 Y28.25290
X37.83100 Y28.26560
X37.84370 Y28.26560
X37.84370 Y28.27830
X37.85640 Y28.27830
X37.85640 Y28.29100
X37.86910 Y28.29100
X37.86910 Y28.30370
X37.88180 Y28.30370
X37.88180 Y28.31640
X37.89450 Y28.31640
X37.89450 Y28.32910
X37.90720 Y28.32910
X37.90720 Y28.34180
X37.91990 Y28.34180
X37.91990 Y28.35450
X37.93260 Y28.35450
X37.93260 Y28.36720
X37.94530 Y28.36720
X37.94530 Y28.37990
X37.95800 Y28.37990
X37.95800 Y28.39260
X37.97070 Y28.39260
X37.97070 Y28.40530
X37.98340 Y28.40530
X37.98340 Y28.41800
X37.99610 Y28.41800
X37.99610 Y28.43070
X38.00880 Y28.43070
X38.00880 Y28.44340
X38.02150 Y28.44340
X38.02150 Y28.45610
X38.03420 Y28.45610
X38.03420 Y28.46880
X38.04690 Y28.46880
X38.04690 Y28.48150
X38.05960 Y28.48150
X38.05960 Y28.49420
X38.07230 Y28.49420
X38.07230 Y28.50690
X38.08500 Y28.50690
X38.08500 Y28.51960
X38.09770 Y28.51960
X38.09770 Y28.53230
X38.11040 Y28.53230
X38.11040 Y28.54500
X38.12310 Y28.54500
X38.12310 Y28.55770
X38.13580 Y28.55770
X38.13580 Y28.57040
X38.14850 Y28.57040
X38.14850 Y28.58310
X38.16120 Y28.58310
X38.16120 Y28.59580
X38.17390 Y28.59580
X38.17390 Y28.60850
X38.18660 Y28.60850
X38.18660 Y28.62120
X38.19930 Y28.62120
X38.19930 Y28.63390
X38.21200 Y28.63390
X38.21200 Y28.64660
X38.22470 Y28.64660
X38.22470 Y28.65930
X38.23740 Y28.65930
X38.23740 Y28.67200
X38.25010 Y28.67200
X38.25010 Y28.68470
X38.26280 Y28.68470
X38.26280 Y28.69740
X38.27550 Y28.69740
X38.27550 Y28.71010
X38.28820 Y28.71010
X38.28820 Y28.72280
X38.30090 Y28.72280
X38.30090 Y28.73550
X38.31360 Y28.73550
X38.31360 Y28.74820
X38.32630 Y28.74820
X38.32630 Y28.76090
X38.33900 Y28.76090
X38.33900 Y28.77360
X38.35170 Y28.77360
X38.35170 Y28.78630
X38.36440 Y28.78630
X38.36440 Y28.79900
X38.37710 Y28.79900
X38.37710 Y28.81170
X38.38980 Y28.81170
X38.38980 Y28.82440
X38.40250 Y28.82440
X38.40250 Y28.83710
X38.41520 Y28.83710
X38.41520 Y28.84980
X38.42790 Y28.84980
X38.42790 Y28.86250
X38.44060 Y28.86250
X38.44060 Y28.87520
X38.45330 Y28.87520
X38.45330 Y28.88790
X38.46600 Y28.88790
X38.46600 Y28.90060
X38.47870 Y28.90060
X38.47870 Y28.91330
X38.49140 Y28.91330
X38.49140 Y28.92600
X38.50410 Y28.92600
X38.50410 Y28.93870
X38.51680 Y28.93870
X38.51680 Y28.95140
X38.52950 Y28.95140
X38.52950 Y28.96410
X38.54220 Y28.96410
X38.54220 Y28.97680
X38.55490 Y28.97680
X38.55490 Y28.98950
X38.56760 Y28.98950
X38.56760 Y29.00220
X38.58030 Y29.00220
X38.58030 Y29.01490
X38.59300 Y29.01490
X38.59300 Y29.02760
X38.60570 Y29.02760
X38.60570 Y29.04030
X38.61840 Y29.04030
X38.61840 Y29.05300
X38.63110 Y29.05300
X38.63110 Y29.06570
X38.64380 Y29.06570
X38.64380 Y29.07840
X38.65650 Y29.07840
X38.65650 Y29.09110
X38.66920 Y29.09110
X38.66920 Y29.10380
X38.68190 Y29.10380
X38.68190 Y29.11650
X38.69460 Y29.11650
X38.69460 Y29.12920
X38.70730 Y29.12920
X38.70730 Y29.14190
X38.72000 Y29.14190
X38.72000 Y29.15460
X38.73270 Y29.15460
X38.73270 Y29.16730
X38.74540 Y29.16730
X38.74540 Y29.18000
X38.75810 Y29.18000
X38.75810 Y29.19270
X38.77080 Y29.19270
X38.77080 Y29.20540
X38.78350 Y29.20540
X38.78350 Y29.21810
X38.79620 Y29.21810
X38.79620 Y29.23080
X38.80890 Y29.23080
X38.80890 Y29.24350
X38.82160 Y29.24350
X38.82160 Y29.25620
X38.83430 Y29.25620
X38.83430 Y29.26890
X38.84700 Y29.26890
X38.84700 Y29.28160
X38.85970 Y29.28160
X38.85970 Y29.29430
X38.87240 Y29.29430
X38.87240 Y29.30700
X38.88510 Y29.30700
X38.88510 Y29.31970
X38.89780 Y29.31970
X38.89780 Y29.33240
X38.91050 Y29.33240
X38.91050 Y29.34510
X38.92320 Y29.34510
X38.92320 Y29.35780
X38.93590 Y29.35780
X38.93590 Y29.37050
X38.94860 Y29.37050
X38.94860 Y29.38320
X38.96130 Y29.38320
X38.96130 Y29.39590
X38.97400 Y29.39590
X38.97400 Y29.40860
X38.98670 Y29.40860
X38.98670 Y29.42130
X38.99940 Y29.42130
X38.99940 Y29.43400
X39.01210 Y29.43400
X39.01210 Y29.44670
X39.02480 Y29.44670
X39.02480 Y29.45940
X39.03750 Y29.45940
X39.03750 Y29.47210
X39.05020 Y29.47210
X39.05020 Y29.48480
X39.06290 Y29.48480
X39.06290 Y29.49750
X39.07560 Y29.49750
X39.07560 Y29.51020
X39.08830 Y29.51020
X39.08830 Y29.52290
X39.10100 Y29.52290
X39.10100 Y29.53560
X39.11370 Y29.53560
X39.11370 Y29.54830
X39.12640 Y29.54830
X39.12640 Y29.56100
X39.13910 Y29.56100
X39.13910 Y29.57370
X39.15180 Y29.57370
X39.15180 Y29.58640
X39.16450 Y29.58640
X39.16450 Y29.59910
X39.17720 Y29.59910
X39.17720 Y29.61180
X39.18990 Y29.61180
X39.18990 Y29.62450
X39.20260 Y29.62450
X39.20260 Y29.63720
X39.21530 Y29.63720
X39.21530 Y29.64990
X39.22800 Y29.64990
X39.22800 Y29.66260
X39.24070 Y29.66260
X39.24070 Y29.67530
X39.25340 Y29.67530
X39.25340 Y29.68800
X39.26610 Y29.68800
X39.26610 Y29.70070
X39.27880 Y29.70070
X39.27880 Y29.71340
X39.29150 Y29.71340
X39.29150 Y29.72610
X39.30420 Y29.72610
X39.30420 Y29.73880
X39.31690 Y29.73880
X39.31690 Y29.75150
X39.32960 Y29.75150
X39.32960 Y29.76420
X39.34230 Y29.76420
X39.34230 Y29.77690
X39.35500 Y29.77690
X39.35500 Y29.78960
X39.36770 Y29.78960
X39.36770 Y29.80230
X39.38040 Y29.80230
X39.38040 Y29.81500
X39.39310 Y29.81500
X39.39310 Y29.82770
X39.40580 Y29.82770
X39.40580 Y29.84040
X39.41850 Y29.84040
X39.41850 Y29.85310
X39.43120 Y29.85310
X39.43120 Y29.86580
X39.44390 Y29.86580
X39.44390 Y29.87850
X39.45660 Y29.87850
X39.45660 Y29.89120
X39.46930 Y29.89120
X39.46930 Y29.90390
X39.48200 Y29.90390
X39.48200 Y29.91660
X39.49470 Y29.91660
X39.49470 Y29.92930
X39.50740 Y29.92930
X39.50740 Y29.94200
X39.52010 Y29.94200
X39.52010 Y29.95470
X39.53280 Y29.95470
X39.53280 Y29.96740
X39.54550 Y29.96740
X39.54550 Y29.98010
X39.55820 Y29.98010
X39.55820 Y29.99280
X39.57090 Y29.99280
X39.57090 Y30.00550
X39.58360 Y30.00550
X39.58360 Y30.01820
X39.59630 Y30.01820
X39.59630 Y30.03090
X39.60900 Y30.03090
X39.60900 Y30.04360
X39.62170 Y30.04360
X39.62170 Y30.05630
X39.63440 Y30.05630
X39.63440 Y30.06900
X39.64710 Y30.06900
X39.64710 Y30.08170
X39.65980 Y30.08170
X39.65980 Y30.09440
X39.67250 Y30.09440
X39.67250 Y30.10710
X39.68520 Y30.10710
X39.68520 Y30.11980
X39.69790 Y30.11980
X39.69790 Y30.13250
X39.71060 Y30.13250
X39.71060 Y30.14520
X39.72330 Y30.14520
X39.72330 Y30.15790
X39.73600 Y30.15790
X39.73600 Y30.17060
X39.74870 Y30.17060
X39.74870 Y30.18330
X39.76140 Y30.18330
X39.76140 Y30.19600
X39.77410 Y30.19600
X39.77410 Y30.20870
X39.78680 Y30.20870
X39.78680 Y30.22140
X39.79950 Y30.22140
X39.79950 Y30.23410
X39.81220 Y30.23410
X39.81220 Y30.24680
X39.82490 Y30.24680
X39.82490 Y30.25950
X39.83760 Y30.25950
X39.83760 Y30.27220
X39.85030 Y30.27220
X39.85030 Y30.28490
X39.86300 Y30.28490
X39.86300 Y30.29760
X39.87570 Y30.29760
X39.87570 Y30.31030
X39.88840 Y30.31030
X39.88840 Y30.32300
X39.90110 Y30.32300
X39.90110 Y30.33570
X39.91380 Y30.33570
X39.91380 Y30.34840
X39.92650 Y30.34840
X39.92650 Y30.36110
X39.93920 Y30.36110
X39.93920 Y30.37380
X39.95190 Y30.37380
X39.95190 Y30.38650
X39.96460 Y30.38650
X39.96460 Y30.39920
X39.97730 Y30.39920
X39.97730 Y30.41190
X39.99000 Y30.41190
X39.99000 Y30.42460
X40.00270 Y30.42460
X40.00270 Y30.43730
X40.01540 Y30.43730
X40.01540 Y30.45000
X40.02810 Y30.45000
X40.02810 Y30.46270
X40.04080 Y30.46270
X40.04080 Y30.47540
X40.05350 Y30.47540
X40.05350 Y30.48810
X40.06620 Y30.48810
X40.06620 Y30.50080
X40.07890 Y30.50080
X40.07890 Y30.51350
X40.09160 Y30.51350
X40.09160 Y30.52620
X40.10430 Y30.52620
X40.10430 Y30.53890
X40.11700 Y30.53890
X40.11700 Y30.55160
X40.12970 Y30.55160
X40.12970 Y30.56430
X40.14240 Y30.56430
X40.14240 Y30.57700
X40.15510 Y30.57700
X40.15510 Y30.58970
X40.16780 Y30.58970
X40.16780 Y30.60240
X40.18050 Y30.60240
X40.18050 Y30.61510
X40.19320 Y30.61510
X40.19320 Y30.62780
X40.20590 Y30.62780
X40.20590 Y30.64050
X40.21860 Y30.64050
X40.21860 Y30.65320
X40.23130 Y30.65320
X40.23130 Y30.66590
X40.24400 Y30.66590
X40.24400 Y30.67860
X40.25670 Y30.67860
X40.25670 Y30.69130
X40.26940 Y30.69130
X40.26940 Y30.70400
X40.28210 Y30.70400
X40.28210 Y30.71670
X40.29480 Y30.71670
X40.29480 Y30.72940
X40.30750 Y30.72940
X40.30750 Y30.74210
X40.32020 Y30.74210
X40.32020 Y30.75480
X40.33290 Y30.75480
X40.33290 Y30.76750
X40.34560 Y30.76750
X40.34560 Y30.78020
X40.35830 Y30.78020
X40.35830 Y30.79290
X40.37100 Y30.79290
X40.37100 Y30.80560
X40.38370 Y30.80560
X40.38370 Y30.81830
X40.39640 Y30.81830
X40.39640 Y30.83100
X40.40910 Y30.83100
X40.40910 Y30.84370
X40.42180 Y30.84370
X40.42180 Y30.85640
X40.43450 Y30.85640
X40.43450 Y30.86910
X40.44720 Y30.86910
X40.44720 Y30.88180
X40.45990 Y30.88180
X40.45990 Y30.89450
X40.47260 Y30.89450
X40.47260 Y30.90720
X40.48530 Y30.90720
X40.48530 Y30.91990
X40.49800 Y30.91990
X40.49800 Y30.93260
X40.51070 Y30.93260
X40.51070 Y30.94530
X40.52340 Y30.94530
X40.52340 Y30.95800
X40.53610 Y30.95800
X40.53610 Y30.97070
X40.54880 Y30.97070
X40.54880 Y30.98340
X40.56150 Y30.98340
X40.56150 Y30.99610
X40.57420 Y30.99610
X40.57420 Y31.00880
X40.58690 Y31.00880
X40.58690 Y31.02150
X40.59960 Y31.02150
X40.59960 Y31.03420
X40.61230 Y31.03420
X40.61230 Y31.04690
X40.62500 Y31.04690
X40.62500 Y31.05960
X40.63770 Y31.05960
X40.63770 Y31.07230
X40.65040 Y31.07230
X40.65040 Y31.08500
X40.66310 Y31.08500
X40.66310 Y31.09770
X40.67580 Y31.09770
X40.67580 Y31.11040
X40.68850 Y31.11040
X40.68850 Y31.12310
X40.70120 Y31.12310
X40.70120 Y31.13580
X40.71390 Y31.13580
X40.71390 Y31.14850
X40.72660 Y31.14850
X40.72660 Y31.16120
X40.73930 Y31.16120
X40.73930 Y31.17390
X40.75200 Y31.17390
X40.75200 Y31.18660
X40.76470 Y31.18660
X40.76470 Y31.19930
X40.77740 Y31.19930
X40.77740 Y31.21200
X40.79010 Y31.21200
X40.79010 Y31.22470
X40.80280 Y31.22470
X40.80280 Y31.23740
X40.81550 Y31.23740
X40.81550 Y31.25010
X40.82820 Y31.25010
X40.82820 Y31.26280
X40.84090 Y31.26280
X40.84090 Y31.27550
X40.85360 Y31.27550
X40.85360 Y31.28820
X40.86630 Y31.28820
X40.86630 Y31.30090
X40.87900 Y31.30090
X40.87900 Y31.31360
X40.89170 Y31.31360
X40.89170 Y31.32630
X40.90440 Y31.32630
X40.90440 Y31.33900
X40.91710 Y31.33900
X40.91710 Y31.35170
X40.92980 Y31.35170
X40.92980 Y31.36440
X40.94250 Y31.36440
X40.94250 Y31.37710
X40.95520 Y31.37710
X40.95520 Y31.38980
X40.96790 Y31.38980
X40.96790 Y31.40250
X40.98060 Y31.40250
X40.98060 Y31.41520
X40.99330 Y31.41520
X40.99330 Y31.42790
X41.00600 Y31.42790
X41.00600 Y31.44060
X41.01870 Y31.44060
X41.01870 Y31.45330
X41.03140 Y31.45330
X41.03140 Y31.46600
X41.04410 Y31.46600
X41.04410 Y31.47870
X41.05680 Y31.47870
X41.05680 Y31.49140
X41.06950 Y31.49140
X41.06950 Y31.50410
X41.08220 Y31.50410
X41.08220 Y31.51680
X41.09490 Y31.51680
X41.09490 Y31.52950
X41.10760 Y31.52950
X41.10760 Y31.54220
X41.12030 Y31.54220
X41.12030 Y31.55490
X41.13300 Y31.55490
X41.13300 Y31.56760
X41.14570 Y31.56760
X41.14570 Y31.58030
X41.15840 Y31.58030
X41.15840 Y31.59300
X41.17110 Y31.59300
X41.17110 Y31.60570
X41.18380 Y31.60570
X41.18380 Y31.61840
X41.19650 Y31.61840
X41.19650 Y31.63110
X41.20920 Y31.63110
X41.20920 Y31.64380
X41.22190 Y31.64380
X41.22190 Y31.65650
X41.23460 Y31.65650
X41.23460 Y31.66920
X41.24730 Y31.66920
X41.24730 Y31.68190
X41.26000 Y31.68190
X41.26000 Y31.69460
X41.27270 Y31.69460
X41.27270 Y31.70730
X41.28540 Y31.70730
X41.28540 Y31.72000
X41.29810 Y31.72000
X41.29810 Y31.73270
X41.31080 Y31.73270
X41.31080 Y31.74540
X41.32350 Y31.74540
X41.32350 Y31.75810
X41.33620 Y31.75810
X41.33620 Y31.77080
X41.34890 Y31.77080
X41.34890 Y31.78350
X41.36160 Y31.78350
X41.36160 Y31.79620
X41.37430 Y31.79620
X41.37430 Y31.80890
X41.38700 Y31.80890
X41.38700 Y31.82160
X41.39970 Y31.82160
X41.39970 Y31.83430
X41.41240 Y31.83430
X41.41240 Y31.84700
X41.42510 Y31.84700
X41.42510 Y31.85970
X41.43780 Y31.85970
X41.43780 Y31.87240
X41.45050 Y31.87240
X41.45050 Y31.88510
X41.46320 Y31.88510
X41.46320 Y31.89780
X41.47590 Y31.89780
X41.47590 Y31.91050
X41.48860 Y31.91050
X41.48860 Y31.92320
X41.50130 Y31.92320
X41.50130 Y31.93590
X41.51400 Y31.93590
X41.51400 Y31.94860
X41.52670 Y31.94860
X41.52670 Y31.96130
X41.53940 Y31.96130
X41.53940 Y31.97400
X41.55210 Y31.97400
X41.55210 Y31.98670
X41.56480 Y31.98670
X41.56480 Y31.99940
X41.57750 Y31.99940
X41.57750 Y32.01210
X41.59020 Y32.01210
X41.59020 Y32.02480
X41.88230 Y32.02480
X41.88230 Y32.03750
X41.97120 Y32.03750
X41.97120 Y32.05020
X42.00930 Y32.05020
X42.00930 Y32.06290
X42.06010 Y32.06290
X42.06010 Y32.07560
X42.09820 Y32.07560
X42.09820 Y32.08830
X42.12360 Y32.08830
X42.12360 Y32.10100
X42.14900 Y32.10100
X42.14900 Y32.11370
X42.16170 Y32.11370
X42.16170 Y32.12640
X42.18710 Y32.12640
X42.18710 Y32.13910
X42.21250 Y32.13910
X42.21250 Y32.15180
X42.23790 Y32.15180
X42.23790 Y32.16450
X42.25060 Y32.16450
X42.25060 Y32.17720
X42.26330 Y32.17720
X42.26330 Y32.18990
X42.27600 Y32.18990
X42.27600 Y32.20260
X42.28870 Y32.20260
X42.28870 Y32.21530
X42.31410 Y32.21530
X42.31410 Y32.22800
X42.32680 Y32.22800
X42.32680 Y32.24070
X42.33950 Y32.24070
X42.33950 Y32.25340
X42.35220 Y32.25340
X42.35220 Y32.26610
X42.36490 Y32.26610
X42.36490 Y32.29150
X42.37760 Y32.29150
X42.37760 Y32.30420
X42.39030 Y32.30420
X42.39030 Y32.31690
X42.40300 Y32.31690
X42.40300 Y32.32960
X42.41570 Y32.32960
X42.41570 Y32.34230
X42.42840 Y32.34230
X42.42840 Y32.36770
X42.44110 Y32.36770
X42.44110 Y32.39310
X42.45380 Y32.39310
X42.45380 Y32.41850
X42.46650 Y32.41850
X42.46650 Y32.43120
X42.47920 Y32.43120
X42.47920 Y32.45660
X42.49190 Y32.45660
X42.49190 Y32.48200
X42.50460 Y32.48200
X42.50460 Y32.52010
X42.51730 Y32.52010
X42.51730 Y32.57090
X42.53000 Y32.57090
X42.53000 Y32.60900
X42.54270 Y32.60900
X42.54270 Y32.69790
X42.55540 Y32.69790
X42.55540 Y33.04080
X42.54270 Y33.04080
X42.54270 Y33.12970
X42.53000 Y33.12970
X42.53000 Y33.16780
X42.51730 Y33.16780
X42.51730 Y33.21860
X42.50460 Y33.21860
X42.50460 Y33.25670
X42.49190 Y33.25670
X42.49190 Y33.28210
X42.47920 Y33.28210
X42.47920 Y33.30750
X42.46650 Y33.30750
X42.46650 Y33.32020
X42.45380 Y33.32020
X42.45380 Y33.34560
X42.44110 Y33.34560
X42.44110 Y33.37100
X42.42840 Y33.37100
X42.42840 Y33.39640
X42.41570 Y33.39640
X42.41570 Y33.40910
X42.40300 Y33.40910
X42.40300 Y33.42180
X42.39030 Y33.42180
X42.39030 Y33.43450
X42.37760 Y33.43450
X42.37760 Y33.44720
X42.36490 Y33.44720
X42.36490 Y33.47260
X42.35220 Y33.47260
X42.35220 Y33.48530
X42.33950 Y33.48530
X42.33950 Y33.49800
X42.32680 Y33.49800
X42.32680 Y33.51070
X42.31410 Y33.51070
X42.31410 Y33.52340
X42.28870 Y33.52340
X42.28870 Y33.53610
X42.27600 Y33.53610
X42.27600 Y33.54880
X42.26330 Y33.54880
X42.26330 Y33.56150
X42.25060 Y33.56150
X42.25060 Y33.57420
X42.23790 Y33.57420
X42.23790 Y33.58690
X42.21250 Y33.58690
X42.21250 Y33.59960
X42.18710 Y33.59960
X42.18710 Y33.61230
X42.16170 Y33.61230
X42.16170 Y33.62500
X42.14900 Y33.62500
X42.14900 Y33.63770
X42.12360 Y33.63770
X42.12360 Y33.65040
X42.09820 Y33.65040
X42.09820 Y33.66310
X42.04740 Y33.66310
X42.04740 Y33.67580
X42.00930 Y33.67580
X42.00930 Y33.68850
X41.97120 Y33.68850
X41.97120 Y33.70120
X41.86960 Y33.70120
X41.86960 Y33.71390
X41.55210 Y33.71390
X41.55210 Y33.70120
X41.45050 Y33.70120
X41.45050 Y33.68850
X41.41240 Y33.68850
X41.41240 Y33.67580
X41.37430 Y33.67580
X41.37430 Y33.66310
X41.32350 Y33.66310
X41.32350 Y33.65040
X41.29810 Y33.65040
X41.29810 Y33.63770
X41.27270 Y33.63770
X41.27270 Y33.62500
X41.26000 Y33.62500
X41.26000 Y33.61230
G04 P0 ( dwell for no time -- G64 should not smooth over this point )
G00 Z5.00000 ( retract )

G00 X39.58360 Y36.60950 ( rapid move to begin. )
F300.00000
G01 Z-0.05000
G04 P0 ( dwell for no time -- G64 should not smooth over this point )
F600.00000
X39.58360 Y36.60950
X39.55820 Y36.60950
X39.55820 Y36.59680
X39.53280 Y36.59680
X39.53280 Y36.58410
X39.50740 Y36.58410
X39.50740 Y36.57140
X39.49470 Y36.57140
X39.49470 Y36.55870
X39.48200 Y36.55870
X39.48200 Y36.54600
X39.46930 Y36.54600
X39.46930 Y36.53330
X39.45660 Y36.53330
X39.45660 Y36.52060
X39.43120 Y36.52060
X39.43120 Y36.50790
X39.41850 Y36.50790
X39.41850 Y36.49520
X39.40580 Y36.49520
X39.40580 Y36.48250
X39.39310 Y36.48250
X39.39310 Y36.46980
X39.38040 Y36.46980
X39.38040 Y36.44440
X39.36770 Y36.44440
X39.36770 Y36.43170
X39.35500 Y36.43170
X39.35500 Y36.41900
X39.34230 Y36.41900
X39.34230 Y36.40630
X39.32960 Y36.40630
X39.32960 Y36.39360
X39.31690 Y36.39360
X39.31690 Y36.36820
X39.30420 Y36.36820
X39.30420 Y36.34280
X39.29150 Y36.34280
X39.29150 Y36.31740
X39.27880 Y36.31740
X39.27880 Y36.30470
X39.26610 Y36.30470
X39.26610 Y36.27930
X39.25340 Y36.27930
X39.25340 Y36.25390
X39.24070 Y36.25390
X39.24070 Y36.20310
X39.22800 Y36.20310
X39.22800 Y36.16500
X39.21530 Y36.16500
X39.21530 Y36.12690
X39.20260 Y36.12690
X39.20260 Y36.02530
X39.18990 Y36.02530
X39.18990 Y35.70780
X39.20260 Y35.70780
X39.20260 Y35.60620
X39.21530 Y35.60620
X39.21530 Y35.56810
X39.22800 Y35.56810
X39.22800 Y35.53000
X39.24070 Y35.53000
X39.24070 Y35.47920
X39.24070 Y35.47920
X39.24070 Y35.46650
X39.22800 Y35.46650
X39.22800 Y35.45380
X39.21530 Y35.45380
X39.21530 Y35.44110
X39.20260 Y35.44110
X39.20260 Y35.42840
X39.18990 Y35.42840
X39.18990 Y35.41570
X39.17720 Y35.41570
X39.17720 Y35.40300
X39.16450 Y35.40300
X39.16450 Y35.39030
X39.15180 Y35.39030
X39.15180 Y35.37760
X39.13910 Y35.37760
X39.13910 Y35.36490
X39.12640 Y35.36490
X39.12640 Y35.35220
X39.11370 Y35.35220
X39.11370 Y35.33950
X39.10100 Y35.33950
X39.10100 Y35.32680
X39.08830 Y35.32680
X39.08830 Y35.31410
X39.07560 Y35.31410
X39.07560 Y35.30140
X39.06290 Y35.30140
X39.06290 Y35.28870
X39.05020 Y35.28870
X39.05020 Y35.27600
X39.03750 Y35.27600
X39.03750 Y35.26330
X39.02480 Y35.26330
X39.02480 Y35.25060
X39.01210 Y35.25060
X39.01210 Y35.23790
X38.99940 Y35.23790
X38.99940 Y35.22520
X38.98670 Y35.22520
X38.98670 Y35.21250
X38.97400 Y35.21250
X38.97400 Y35.19980
X38.96130 Y35.19980
X38.96130 Y35.18710
X38.94860 Y35.18710
X38.94860 Y35.17440
X38.93590 Y35.17440
X38.93590 Y35.16170
X38.92320 Y35.16170
X38.92320 Y35.14900
X38.91050 Y35.14900
X38.91050 Y35.13630
X38.89780 Y35.13630
X38.89780 Y35.12360
X38.88510 Y35.12360
X38.88510 Y35.09820
X38.87240 Y35.09820
X38.87240 Y35.08550
X38.85970 Y35.08550
X38.85970 Y35.07280
X38.84700 Y35.07280
X38.84700 Y35.06010
X38.83430 Y35.06010
X38.83430 Y35.04740
X38.82160 Y35.04740
X38.82160 Y35.02200
X38.80890 Y35.02200
X38.80890 Y34.98390
X38.79620 Y34.98390
X38.79620 Y32.01210
X38.78350 Y32.01210
X38.78350 Y31.99940
X38.77080 Y31.99940
X38.77080 Y31.98670
X38.75810 Y31.98670
X38.75810 Y31.97400
X38.74540 Y31.97400
X38.74540 Y31.96130
X38.73270 Y31.96130
X38.73270 Y31.94860
X38.72000 Y31.94860
X38.72000 Y31.93590
X38.70730 Y31.93590
X38.70730 Y31.92320
X38.69460 Y31.92320
X38.69460 Y31.91050
X38.68190 Y31.91050
X38.68190 Y31.89780
X38.66920 Y31.89780
X38.66920 Y31.88510
X38.65650 Y31.88510
X38.65650 Y31.87240
X38.64380 Y31.87240
X38.64380 Y31.85970
X38.63110 Y31.85970
X38.63110 Y31.84700
X38.61840 Y31.84700
X38.61840 Y31.83430
X38.60570 Y31.83430
X38.60570 Y31.82160
X38.59300 Y31.82160
X38.59300 Y31.80890
X38.58030 Y31.80890
X38.58030 Y31.79620
X38.56760 Y31.79620
X38.56760 Y31.78350
X38.55490 Y31.78350
X38.55490 Y31.77080
X38.54220 Y31.77080
X38.54220 Y31.75810
X38.52950 Y31.75810
X38.52950 Y31.74540
X38.51680 Y31.74540
X38.51680 Y31.73270
X38.50410 Y31.73270
X38.50410 Y31.72000
X38.49140 Y31.72000
X38.49140 Y31.70730
X38.47870 Y31.70730
X38.47870 Y31.69460
X38.46600 Y31.69460
X38.46600 Y31.68190
X38.45330 Y31.68190
X38.45330 Y31.66920
X38.44060 Y31.66920
X38.44060 Y31.65650
X38.42790 Y31.65650
X38.42790 Y31.64380
X38.41520 Y31.64380
X38.41520 Y31.63110
X38.40250 Y31.63110
X38.40250 Y31.61840
X38.38980 Y31.61840
X38.38980 Y31.60570
X38.37710 Y31.60570
X38.37710 Y31.59300
X38.36440 Y31.59300
X38.36440 Y31.58030
X38.35170 Y31.58030
X38.35170 Y31.56760
X38.33900 Y31.56760
X38.33900 Y31.55490
X38.32630 Y31.55490
X38.32630 Y31.54220
X38.31360 Y31.54220
X38.31360 Y31.52950
X38.30090 Y31.52950
X38.30090 Y31.51680
X38.28820 Y31.51680
X38.28820 Y31.50410
X38.27550 Y31.50410
X38.27550 Y31.49140
X38.26280 Y31.49140
X38.26280 Y31.47870
X38.25010 Y31.47870
X38.25010 Y31.46600
X38.23740 Y31.46600
X38.23740 Y31.45330
X38.22470 Y31.45330
X38.22470 Y31.44060
X38.21200 Y31.44060
X38.21200 Y31.42790
X38.19930 Y31.42790
X38.19930 Y31.41520
X38.18660 Y31.41520
X38.18660 Y31.40250
X38.17390 Y31.40250
X38.17390 Y31.38980
X38.16120 Y31.38980
X38.16120 Y31.37710
X38.14850 Y31.37710
X38.14850 Y31.36440
X38.13580 Y31.36440
X38.13580 Y31.35170
X38.12310 Y31.35170
X38.12310 Y31.33900
X38.11040 Y31.33900
X38.11040 Y31.32630
X38.09770 Y31.32630
X38.09770 Y31.31360
X38.08500 Y31.31360
X38.08500 Y31.30090
X38.07230 Y31.30090
X38.07230 Y31.28820
X38.05960 Y31.28820
X38.05960 Y31.27550
X38.04690 Y31.27550
X38.04690 Y31.26280
X38.03420 Y31.26280
X38.03420 Y31.25010
X38.02150 Y31.25010
X38.02150 Y31.23740
X38.00880 Y31.23740
X38.00880 Y31.22470
X37.99610 Y31.22470
X37.99610 Y31.21200
X37.98340 Y31.21200
X37.98340 Y31.19930
X37.97070 Y31.19930
X37.97070 Y31.18660
X37.95800 Y31.18660
X37.95800 Y31.17390
X37.94530 Y31.17390
X37.94530 Y31.16120
X37.93260 Y31.16120
X37.93260 Y31.14850
X37.91990 Y31.14850
X37.91990 Y31.13580
X37.90720 Y31.13580
X37.90720 Y31.12310
X37.89450 Y31.12310
X37.89450 Y31.11040
X37.88180 Y31.11040
X37.88180 Y31.09770
X37.86910 Y31.09770
X37.86910 Y31.08500
X37.85640 Y31.08500
X37.85640 Y31.07230
X37.84370 Y31.07230
X37.84370 Y31.05960
X37.83100 Y31.05960
X37.83100 Y31.04690
X37.81830 Y31.04690
X37.81830 Y31.03420
X37.80560 Y31.03420
X37.80560 Y31.02150
X37.79290 Y31.02150
X37.79290 Y31.00880
X37.78020 Y31.00880
X37.78020 Y30.99610
X37.76750 Y30.99610
X37.76750 Y30.98340
X37.75480 Y30.98340
X37.75480 Y30.97070
X37.74210 Y30.97070
X37.74210 Y30.95800
X37.72940 Y30.95800
X37.72940 Y30.94530
X37.71670 Y30.94530
X37.71670 Y30.93260
X37.70400 Y30.93260
X37.70400 Y30.91990
X37.69130 Y30.91990
X37.69130 Y30.90720
X37.67860 Y30.90720
X37.67860 Y30.89450
X37.66590 Y30.89450
X37.66590 Y30.88180
X37.65320 Y30.88180
X37.65320 Y30.86910
X37.64050 Y30.86910
X37.64050 Y30.85640
X37.62780 Y30.85640
X37.62780 Y30.84370
X37.61510 Y30.84370
X37.61510 Y30.83100
X37.60240 Y30.83100
X37.60240 Y30.81830
X37.58970 Y30.81830
X37.58970 Y30.80560
X37.57700 Y30.80560
X37.57700 Y30.79290
X37.56430 Y30.79290
X37.56430 Y30.78020
X37.55160 Y30.78020
X37.55160 Y30.76750
X37.53890 Y30.76750
X37.53890 Y30.75480
X37.52620 Y30.75480
X37.52620 Y30.74210
X37.51350 Y30.74210
X37.51350 Y30.72940
X37.50080 Y30.72940
X37.50080 Y30.71670
X37.48810 Y30.71670
X37.48810 Y30.70400
X37.47540 Y30.70400
X37.47540 Y30.69130
X37.46270 Y30.69130
X37.46270 Y30.67860
X37.45000 Y30.67860
X37.45000 Y30.66590
X37.43730 Y30.66590
X37.43730 Y30.65320
X37.42460 Y30.65320
X37.42460 Y30.64050
X37.41190 Y30.64050
X37.41190 Y30.62780
X37.39920 Y30.62780
X37.39920 Y30.61510
X37.38650 Y30.61510
X37.38650 Y30.60240
X37.37380 Y30.60240
X37.37380 Y30.58970
X37.36110 Y30.58970
X37.36110 Y30.57700
X37.34840 Y30.57700
X37.34840 Y30.56430
X37.33570 Y30.56430
X37.33570 Y30.55160
X37.32300 Y30.55160
X37.32300 Y30.53890
X37.31030 Y30.53890
X37.31030 Y30.52620
X37.29760 Y30.52620
X37.29760 Y30.51350
X37.28490 Y30.51350
X37.28490 Y30.50080
X37.27220 Y30.50080
X37.27220 Y30.48810
X37.25950 Y30.48810
X37.25950 Y30.47540
X37.24680 Y30.47540
X37.24680 Y30.46270
X37.23410 Y30.46270
X37.23410 Y30.45000
X37.22140 Y30.45000
X37.22140 Y30.43730
X37.20870 Y30.43730
X37.20870 Y30.42460
X37.19600 Y30.42460
X37.19600 Y30.41190
X37.18330 Y30.41190
X37.18330 Y30.39920
X37.17060 Y30.39920
X37.17060 Y30.38650
X37.15790 Y30.38650
X37.15790 Y30.37380
X37.14520 Y30.37380
X37.14520 Y30.36110
X37.13250 Y30.36110
X37.13250 Y30.34840
X37.11980 Y30.34840
X37.11980 Y30.33570
X37.10710 Y30.33570
X37.10710 Y30.32300
X37.09440 Y30.32300
X37.09440 Y30.31030
X37.08170 Y30.31030
X37.08170 Y30.29760
X37.06900 Y30.29760
X37.06900 Y30.28490
X37.05630 Y30.28490
X37.05630 Y30.27220
X37.04360 Y30.27220
X37.04360 Y30.25950
X37.03090 Y30.25950
X37.03090 Y30.24680
X37.01820 Y30.24680
X37.01820 Y30.23410
X37.00550 Y30.23410
X37.00550 Y30.22140
X36.99280 Y30.22140
X36.99280 Y30.20870
X36.98010 Y30.20870
X36.98010 Y30.19600
X36.96740 Y30.19600
X36.96740 Y30.18330
X36.95470 Y30.18330
X36.95470 Y30.17060
X36.94200 Y30.17060
X36.94200 Y30.15790
X36.92930 Y30.15790
X36.92930 Y30.14520
X36.91660 Y30.14520
X36.91660 Y30.13250
X36.90390 Y30.13250
X36.90390 Y30.11980
X36.89120 Y30.11980
X36.89120 Y30.10710
X36.87850 Y30.10710
X36.87850 Y30.09440
X36.86580 Y30.09440
X36.86580 Y30.08170
X36.85310 Y30.08170
X36.85310 Y30.06900
X36.84040 Y30.06900
X36.84040 Y30.05630
X36.82770 Y30.05630
X36.82770 Y30.04360
X36.81500 Y30.04360
X36.81500 Y30.03090
X36.80230 Y30.03090
X36.80230 Y30.01820
X36.78960 Y30.01820
X36.78960 Y30.00550
X36.77690 Y30.00550
X36.77690 Y29.99280
X36.76420 Y29.99280
X36.76420 Y29.98010
X36.75150 Y29.98010
X36.75150 Y29.96740
X36.73880 Y29.96740
X36.73880 Y29.95470
X36.72610 Y29.95470
X36.72610 Y29.94200
X36.71340 Y29.94200
X36.71340 Y29.92930
X36.70070 Y29.92930
X36.70070 Y29.91660
X36.68800 Y29.91660
X36.68800 Y29.90390
X36.67530 Y29.90390
X36.67530 Y29.89120
X36.66260 Y29.89120
X36.66260 Y29.87850
X36.64990 Y29.87850
X36.64990 Y29.86580
X36.63720 Y29.86580
X36.63720 Y29.85310
X36.62450 Y29.85310
X36.62450 Y29.84040
X36.61180 Y29.84040
X36.61180 Y29.82770
X36.59910 Y29.82770
X36.59910 Y29.81500
X36.58640 Y29.81500
X36.58640 Y29.80230
X36.57370 Y29.80230
X36.57370 Y29.78960
X36.56100 Y29.78960
X36.56100 Y29.77690
X36.54830 Y29.77690
X36.54830 Y29.76420
X36.53560 Y29.76420
X36.53560 Y29.75150
X36.52290 Y29.75150
X36.52290 Y29.73880
X36.51020 Y29.73880
X36.51020 Y29.72610
X36.49750 Y29.72610
X36.49750 Y29.71340
X36.48480 Y29.71340
X36.48480 Y29.70070
X36.47210 Y29.70070
X36.47210 Y29.68800
X36.45940 Y29.68800
X36.45940 Y29.67530
X36.44670 Y29.67530
X36.44670 Y29.66260
X36.43400 Y29.66260
X36.43400 Y29.64990
X36.42130 Y29.64990
X36.42130 Y29.63720
X36.40860 Y29.63720
X36.40860 Y29.62450
X36.39590 Y29.62450
X36.39590 Y29.61180
X36.38320 Y29.61180
X36.38320 Y29.59910
X36.37050 Y29.59910
X36.37050 Y29.58640
X36.35780 Y29.58640
X36.35780 Y29.57370
X36.34510 Y29.57370
X36.34510 Y29.56100
X36.33240 Y29.56100
X36.33240 Y29.54830
X36.31970 Y29.54830
X36.31970 Y29.53560
X36.30700 Y29.53560
X36.30700 Y29.52290
X36.29430 Y29.52290
X36.29430 Y29.51020
X36.28160 Y29.51020
X36.28160 Y29.49750
X36.26890 Y29.49750
X36.26890 Y29.48480
X36.25620 Y29.48480
X36.25620 Y29.47210
X36.24350 Y29.47210
X36.24350 Y29.45940
X36.23080 Y29.45940
X36.23080 Y29.44670
X36.21810 Y29.44670
X36.21810 Y29.43400
X36.20540 Y29.43400
X36.20540 Y29.42130
X36.19270 Y29.42130
X36.19270 Y29.40860
X36.18000 Y29.40860
X36.18000 Y29.39590
X36.16730 Y29.39590
X36.16730 Y29.38320
X36.15460 Y29.38320
X36.15460 Y29.37050
X36.14190 Y29.37050
X36.14190 Y29.35780
X36.12920 Y29.35780
X36.12920 Y29.34510
X36.11650 Y29.34510
X36.11650 Y29.33240
X36.10380 Y29.33240
X36.10380 Y29.31970
X36.09110 Y29.31970
X36.09110 Y29.30700
X36.07840 Y29.30700
X36.07840 Y29.29430
X36.06570 Y29.29430
X36.06570 Y29.28160
X36.05300 Y29.28160
X36.05300 Y29.26890
X36.04030 Y29.26890
X36.04030 Y29.25620
X36.02760 Y29.25620
X36.02760 Y29.24350
X36.01490 Y29.24350
X36.01490 Y29.23080
X36.00220 Y29.23080
X36.00220 Y29.21810
X35.98950 Y29.21810
X35.98950 Y29.20540
X35.97680 Y29.20540
X35.97680 Y29.19270
X35.96410 Y29.19270
X35.96410 Y29.18000
X35.95140 Y29.18000
X35.95140 Y29.16730
X35.93870 Y29.16730
X35.93870 Y29.15460
X35.92600 Y29.15460
X35.92600 Y29.14190
X35.91330 Y29.14190
X35.91330 Y29.12920
X35.90060 Y29.12920
X35.90060 Y29.11650
X35.88790 Y29.11650
X35.88790 Y29.10380
X35.87520 Y29.10380
X35.87520 Y29.09110
X35.86250 Y29.09110
X35.86250 Y29.07840
X35.84980 Y29.07840
X35.84980 Y29.06570
X35.83710 Y29.06570
X35.83710 Y29.05300
X35.82440 Y29.05300
X35.82440 Y29.04030
X35.81170 Y29.04030
X35.81170 Y29.02760
X35.79900 Y29.02760
X35.79900 Y29.01490
X35.78630 Y29.01490
X35.78630 Y29.00220
X35.77360 Y29.00220
X35.77360 Y28.98950
X35.76090 Y28.98950
X35.76090 Y28.97680
X35.74820 Y28.97680
X35.74820 Y28.96410
X35.73550 Y28.96410
X35.73550 Y28.95140
X35.72280 Y28.95140
X35.72280 Y28.93870
X35.71010 Y28.93870
X35.71010 Y28.92600
X35.69740 Y28.92600
X35.69740 Y28.91330
X35.68470 Y28.91330
X35.68470 Y28.90060
X35.67200 Y28.90060
X35.67200 Y28.88790
X35.65930 Y28.88790
X35.65930 Y28.87520
X35.64660 Y28.87520
X35.64660 Y28.86250
X35.63390 Y28.86250
X35.63390 Y28.84980
X35.62120 Y28.84980
X35.62120 Y28.83710
X35.60850 Y28.83710
X35.60850 Y28.82440
X35.59580 Y28.82440
X35.59580 Y28.81170
X35.58310 Y28.81170
X35.58310 Y28.79900
X35.57040 Y28.79900
X35.57040 Y28.78630
X35.55770 Y28.78630
X35.55770 Y28.77360
X35.54500 Y28.77360
X35.54500 Y28.76090
X35.53230 Y28.76090
X35.53230 Y28.74820
X35.51960 Y28.74820
X35.51960 Y28.73550
X35.50690 Y28.73550
X35.50690 Y28.72280
X35.49420 Y28.72280
X35.49420 Y28.71010
X35.48150 Y28.71010
X35.48150 Y28.69740
X35.46880 Y28.69740
X35.46880 Y28.68470
X35.45610 Y28.68470
X35.45610 Y28.67200
X35.44340 Y28.67200
X35.44340 Y28.65930
X35.43070 Y28.65930
X35.43070 Y28.64660
X35.41800 Y28.64660
X35.41800 Y28.63390
X35.40530 Y28.63390
X35.40530 Y28.62120
X35.39260 Y28.62120
X35.39260 Y28.60850
X35.37990 Y28.60850
X35.37990 Y28.59580
X35.36720 Y28.59580
X35.36720 Y28.58310
X35.35450 Y28.58310
X35.35450 Y28.57040
X35.34180 Y28.57040
X35.34180 Y28.55770
X35.32910 Y28.55770
X35.32910 Y28.54500
X35.31640 Y28.54500
X35.31640 Y28.53230
X35.30370 Y28.53230
X35.30370 Y28.51960
X35.29100 Y28.51960
X35.29100 Y28.50690
X35.27830 Y28.50690
X35.27830 Y28.49420
X35.26560 Y28.49420
X35.26560 Y28.48150
X35.25290 Y28.48150
X35.25290 Y28.46880
X35.24020 Y28.46880
X35.24020 Y28.45610
X35.22750 Y28.45610
X35.22750 Y28.44340
X35.21480 Y28.44340
X35.21480 Y28.43070
X35.20210 Y28.43070
X35.20210 Y28.41800
X35.18940 Y28.41800
X35.18940 Y28.40530
X35.17670 Y28.40530
X35.17670 Y28.39260
X35.16400 Y28.39260
X35.16400 Y28.37990
X35.15130 Y28.37990
X35.15130 Y28.36720
X35.13860 Y28.36720
X35.13860 Y28.35450
X35.12590 Y28.35450
X35.12590 Y28.34180
X35.11320 Y28.34180
X35.11320 Y28.32910
X35.10050 Y28.32910
X35.10050 Y28.31640
X35.08780 Y28.31640
X35.08780 Y28.30370
X35.07510 Y28.30370
X35.07510 Y28.29100
X35.06240 Y28.29100
X35.06240 Y28.27830
X35.04970 Y28.27830
X35.04970 Y28.26560
X35.03700 Y28.26560
X35.03700 Y28.25290
X35.02430 Y28.25290
X35.02430 Y28.24020
X35.01160 Y28.24020
X35.01160 Y28.22750
X34.99890 Y28.22750
X34.99890 Y28.21480
X34.98620 Y28.21480
X34.98620 Y28.20210
X34.97350 Y28.20210
X34.97350 Y28.18940
X34.96080 Y28.18940
X34.96080 Y28.17670
X34.94810 Y28.17670
X34.94810 Y28.16400
X34.93540 Y28.16400
X34.93540 Y28.15130
X34.92270 Y28.15130
X34.92270 Y28.13860
X34.91000 Y28.13860
X34.91000 Y28.12590
X34.89730 Y28.12590
X34.89730 Y28.11320
X34.88460 Y28.11320
X34.88460 Y28.10050
X34.87190 Y28.10050
X34.87190 Y28.08780
X34.85920 Y28.08780
X34.85920 Y28.07510
X34.84650 Y28.07510
X34.84650 Y28.06240
X34.83380 Y28.06240
X34.83380 Y28.04970
X34.82110 Y28.04970
X34.82110 Y28.03700
X34.80840 Y28.03700
X34.80840 Y28.02430
X34.79570 Y28.02430
X34.79570 Y28.01160
X34.78300 Y28.01160
X34.78300 Y27.99890
X34.77030 Y27.99890
X34.77030 Y27.98620
X34.75760 Y27.98620
X34.75760 Y27.97350
X34.74490 Y27.97350
X34.74490 Y27.96080
X34.73220 Y27.96080
X34.73220 Y27.94810
X34.71950 Y27.94810
X34.71950 Y27.93540
X34.70680 Y27.93540
X34.70680 Y27.92270
X34.69410 Y27.92270
X34.69410 Y27.91000
X34.68140 Y27.91000
X34.68140 Y27.89730
X34.66870 Y27.89730
X34.66870 Y27.88460
X34.65600 Y27.88460
X34.65600 Y27.87190
X34.64330 Y27.87190
X34.64330 Y27.85920
X34.63060 Y27.85920
X34.63060 Y27.84650
X34.61790 Y27.84650
X34.61790 Y27.83380
X34.60520 Y27.83380
X34.60520 Y27.82110
X34.59250 Y27.82110
X34.59250 Y27.80840
X34.57980 Y27.80840
X34.57980 Y27.79570
X34.56710 Y27.79570
X34.56710 Y27.78300
X34.55440 Y27.78300
X34.55440 Y27.77030
X34.54170 Y27.77030
X34.54170 Y27.75760
X34.52900 Y27.75760
X34.52900 Y27.74490
X34.51630 Y27.74490
X34.51630 Y27.73220
X34.50360 Y27.73220
X34.50360 Y27.71950
X34.49090 Y27.71950
X34.49090 Y27.70680
X34.47820 Y27.70680
X34.47820 Y27.69410
X34.46550 Y27.69410
X34.46550 Y27.68140
X34.45280 Y27.68140
X34.45280 Y27.66870
X34.44010 Y27.66870
X34.44010 Y27.65600
X34.42740 Y27.65600
X34.42740 Y27.64330
X34.41470 Y27.64330
X34.41470 Y27.63060
X34.40200 Y27.63060
X34.40200 Y27.61790
X34.38930 Y27.61790
X34.38930 Y27.60520
X34.37660 Y27.60520
X34.37660 Y27.59250
X34.36390 Y27.59250
X34.36390 Y27.57980
X34.35120 Y27.57980
X34.35120 Y27.56710
X34.33850 Y27.56710
X34.33850 Y27.55440
X34.32580 Y27.55440
X34.32580 Y27.54170
X34.31310 Y27.54170
X34.31310 Y27.52900
X34.30040 Y27.52900
X34.30040 Y27.51630
X34.28770 Y27.51630
X34.28770 Y27.50360
X34.27500 Y27.50360
X34.27500 Y27.49090
X34.26230 Y27.49090
X34.26230 Y27.47820
X34.24960 Y27.47820
X34.24960 Y27.46550
X34.23690 Y27.46550
X34.23690 Y27.45280
X34.22420 Y27.45280
X34.22420 Y27.44010
X34.21150 Y27.44010
X34.21150 Y27.42740
X34.19880 Y27.42740
X34.19880 Y27.41470
X34.18610 Y27.41470
X34.18610 Y27.40200
X34.17340 Y27.40200
X34.17340 Y27.38930
X34.16070 Y27.38930
X34.16070 Y27.37660
X34.14800 Y27.37660
X34.14800 Y27.36390
X34.13530 Y27.36390
X34.13530 Y27.35120
X34.12260 Y27.35120
X34.12260 Y27.33850
X34.10990 Y27.33850
X34.10990 Y27.32580
X34.09720 Y27.32580
X34.09720 Y27.31310
X34.08450 Y27.31310
X34.08450 Y27.30040
X34.07180 Y27.30040
X34.07180 Y27.28770
X34.05910 Y27.28770
X34.05910 Y27.27500
X34.04640 Y27.27500
X34.04640 Y27.26230
X34.03370 Y27.26230
X34.03370 Y27.24960
X34.02100 Y27.24960
X34.02100 Y27.23690
X34.00830 Y27.23690
X34.00830 Y27.22420
X33.99560 Y27.22420
X33.99560 Y27.21150
X33.98290 Y27.21150
X33.98290 Y27.19880
X33.97020 Y27.19880
X33.97020 Y27.18610
X33.95750 Y27.18610
X33.95750 Y27.17340
X33.94480 Y27.17340
X33.94480 Y27.16070
X33.93210 Y27.16070
X33.93210 Y27.14800
X33.91940 Y27.14800
X33.91940 Y27.13530
X33.90670 Y27.13530
X33.90670 Y27.12260
X33.89400 Y27.12260
X33.89400 Y27.10990
X33.88130 Y27.10990
X33.88130 Y27.09720
X33.86860 Y27.09720
X33.86860 Y27.08450
X33.85590 Y27.08450
X33.85590 Y27.07180
X33.84320 Y27.07180
X33.84320 Y27.05910
X33.83050 Y27.05910
X33.83050 Y27.04640
X33.81780 Y27.04640
X33.81780 Y27.03370
X33.80510 Y27.03370
X33.80510 Y27.02100
X33.79240 Y27.02100
X33.79240 Y27.00830
X33.77970 Y27.00830
X33.77970 Y26.99560
X33.76700 Y26.99560
X33.76700 Y26.98290
X33.75430 Y26.98290
X33.75430 Y26.97020
X33.74160 Y26.97020
X33.74160 Y26.95750
X33.72890 Y26.95750
X33.72890 Y26.94480
X33.71620 Y26.94480
X33.71620 Y26.93210
X33.70350 Y26.93210
X33.70350 Y26.91940
X33.69080 Y26.91940
X33.69080 Y26.90670
X33.67810 Y26.90670
X33.67810 Y26.89400
X33.66540 Y26.89400
X33.66540 Y26.88130
X33.65270 Y26.88130
X33.65270 Y26.86860
X33.64000 Y26.86860
X33.64000 Y26.85590
X33.62730 Y26.85590
X33.62730 Y26.84320
X33.61460 Y26.84320
X33.61460 Y26.83050
X33.60190 Y26.83050
X33.60190 Y26.81780
X33.58920 Y26.81780
X33.58920 Y26.80510
X33.57650 Y26.80510
X33.57650 Y26.79240
X33.56380 Y26.79240
X33.56380 Y26.77970
X33.55110 Y26.77970
X33.55110 Y26.76700
X33.53840 Y26.76700
X33.53840 Y26.75430
X33.52570 Y26.75430
X33.52570 Y26.74160
X33.51300 Y26.74160
X33.51300 Y26.72890
X33.50030 Y26.72890
X33.50030 Y26.71620
X33.48760 Y26.71620
X33.48760 Y26.70350
X33.47490 Y26.70350
X33.47490 Y26.69080
X33.46220 Y26.69080
X33.46220 Y26.67810
X33.44950 Y26.67810
X33.44950 Y26.66540
X33.43680 Y26.66540
X33.43680 Y26.65270
X33.42410 Y26.65270
X33.42410 Y26.64000
X33.41140 Y26.64000
X33.41140 Y26.62730
X33.39870 Y26.62730
X33.39870 Y26.61460
X33.38600 Y26.61460
X33.38600 Y26.60190
X33.37330 Y26.60190
X33.37330 Y26.58920
X33.36060 Y26.58920
X33.36060 Y26.57650
X33.34790 Y26.57650
X33.34790 Y26.56380
X33.33520 Y26.56380
X33.33520 Y26.55110
X33.32250 Y26.55110
X33.32250 Y26.53840
X33.30980 Y26.53840
X33.30980 Y26.52570
X33.29710 Y26.52570
X33.29710 Y26.51300
X33.28440 Y26.51300
X33.28440 Y26.50030
X33.27170 Y26.50030
X33.27170 Y26.48760
X33.25900 Y26.48760
X33.25900 Y26.47490
X33.24630 Y26.47490
X33.24630 Y26.46220
X33.23360 Y26.46220
X33.23360 Y26.44950
X33.22090 Y26.44950
X33.22090 Y26.43680
X33.20820 Y26.43680
X33.20820 Y26.42410
X33.19550 Y26.42410
X33.19550 Y26.41140
X33.18280 Y26.41140
X33.18280 Y26.39870
X33.17010 Y26.39870
X33.17010 Y26.38600
X33.15740 Y26.38600
X33.15740 Y26.37330
X33.14470 Y26.37330
X33.14470 Y26.36060
X33.13200 Y26.36060
X33.13200 Y26.34790
X33.11930 Y26.34790
X33.11930 Y26.33520
X33.10660 Y26.33520
X33.10660 Y26.32250
X33.09390 Y26.32250
X33.09390 Y26.30980
X33.08120 Y26.30980
X33.08120 Y26.29710
X33.06850 Y26.29710
X33.06850 Y26.28440
X33.05580 Y26.28440
X33.05580 Y26.27170
X33.04310 Y26.27170
X33.04310 Y26.25900
X33.03040 Y26.25900
X33.03040 Y26.24630
X33.01770 Y26.24630
X33.01770 Y26.23360
X33.00500 Y26.23360
X33.00500 Y26.22090
X32.99230 Y26.22090
X32.99230 Y26.20820
X32.97960 Y26.20820
X32.97960 Y26.19550
X32.96690 Y26.19550
X32.96690 Y26.18280
X32.95420 Y26.18280
X32.95420 Y26.17010
X32.94150 Y26.17010
X32.94150 Y26.15740
X32.92880 Y26.15740
X32.92880 Y26.14470
X32.91610 Y26.14470
X32.91610 Y26.13200
X32.90340 Y26.13200
X32.90340 Y26.11930
X32.89070 Y26.11930
X32.89070 Y26.10660
X32.87800 Y26.10660
X32.87800 Y26.09390
X32.86530 Y26.09390
X32.86530 Y26.08120
X32.85260 Y26.08120
X32.85260 Y26.06850
X32.83990 Y26.06850
X32.83990 Y26.05580
X32.82720 Y26.05580
X32.82720 Y26.04310
X32.81450 Y26.04310
X32.81450 Y26.03040
X32.80180 Y26.03040
X32.80180 Y26.01770
X32.78910 Y26.01770
X32.78910 Y26.00500
X32.77640 Y26.00500
X32.77640 Y25.99230
X32.76370 Y25.99230
X32.76370 Y25.97960
X32.75100 Y25.97960
X32.75100 Y25.96690
X32.73830 Y25.96690
X32.73830 Y25.95420
X32.72560 Y25.95420
X32.72560 Y25.94150
X32.71290 Y25.94150
X32.71290 Y25.92880
X32.70020 Y25.92880
X32.70020 Y25.91610
X32.68750 Y25.91610
X32.68750 Y25.90340
X32.67480 Y25.90340
X32.67480 Y25.89070
X32.66210 Y25.89070
X32.66210 Y25.87800
X32.64940 Y25.87800
X32.64940 Y25.86530
X32.63670 Y25.86530
X32.63670 Y25.85260
X32.62400 Y25.85260
X32.62400 Y25.83990
X32.61130 Y25.83990
X32.61130 Y25.82720
X32.59860 Y25.82720
X32.59860 Y25.81450
X32.58590 Y25.81450
X32.58590 Y25.80180
X32.57320 Y25.80180
X32.57320 Y25.78910
X32.56050 Y25.78910
X32.56050 Y25.77640
X32.54780 Y25.77640
X32.54780 Y25.76370
X32.53510 Y25.76370
X32.53510 Y25.75100
X32.52240 Y25.75100
X32.52240 Y25.73830
X32.50970 Y25.73830
X32.50970 Y25.72560
X32.49700 Y25.72560
X32.49700 Y25.71290
X32.48430 Y25.71290
X32.48430 Y25.70020
X32.47160 Y25.70020
X32.47160 Y25.68750
X32.45890 Y25.68750
X32.45890 Y25.67480
X32.44620 Y25.67480
X32.44620 Y25.66210
X32.43350 Y25.66210
X32.43350 Y25.64940
X32.42080 Y25.64940
X32.42080 Y25.63670
X32.40810 Y25.63670
X32.40810 Y25.62400
X32.39540 Y25.62400
X32.39540 Y25.61130
X32.38270 Y25.61130
X32.38270 Y25.59860
X32.37000 Y25.59860
X32.37000 Y25.58590
X32.35730 Y25.58590
X32.35730 Y25.57320
X32.34460 Y25.57320
X32.34460 Y25.56050
X32.33190 Y25.56050
X32.33190 Y25.54780
X32.31920 Y25.54780
X32.31920 Y25.53510
X32.30650 Y25.53510
X32.30650 Y25.52240
X32.29380 Y25.52240
X32.29380 Y25.50970
X32.28110 Y25.50970
X32.28110 Y25.49700
X32.26840 Y25.49700
X32.26840 Y25.48430
X32.25570 Y25.48430
X32.25570 Y25.47160
X32.24300 Y25.47160
X32.24300 Y25.45890
X32.23030 Y25.45890
X32.23030 Y25.44620
X32.21760 Y25.44620
X32.21760 Y25.43350
X32.20490 Y25.43350
X32.20490 Y25.42080
X32.19220 Y25.42080
X32.19220 Y25.40810
X32.17950 Y25.40810
X32.17950 Y25.39540
X32.16680 Y25.39540
X32.16680 Y25.38270
X32.15410 Y25.38270
X32.15410 Y25.37000
X32.14140 Y25.37000
X32.14140 Y25.35730
X32.12870 Y25.35730
X32.12870 Y25.34460
X32.11600 Y25.34460
X32.11600 Y25.33190
X32.10330 Y25.33190
X32.10330 Y25.31920
X32.09060 Y25.31920
X32.09060 Y25.30650
X32.07790 Y25.30650
X32.07790 Y25.29380
X32.06520 Y25.29380
X32.06520 Y25.28110
X32.05250 Y25.28110
X32.05250 Y25.26840
X32.03980 Y25.26840
X32.03980 Y25.25570
X32.02710 Y25.25570
X32.02710 Y25.24300
X32.01440 Y25.24300
X32.01440 Y25.23030
X32.00170 Y25.23030
X32.00170 Y25.21760
X31.98900 Y25.21760
X31.98900 Y25.20490
X31.97630 Y25.20490
X31.97630 Y25.19220
X31.96360 Y25.19220
X31.96360 Y25.17950
X31.95090 Y25.17950
X31.95090 Y25.16680
X31.93820 Y25.16680
X31.93820 Y25.15410
X31.92550 Y25.15410
X31.92550 Y25.14140
X31.91280 Y25.14140
X31.91280 Y25.12870
X31.90010 Y25.12870
X31.90010 Y25.11600
X31.88740 Y25.11600
X31.88740 Y25.10330
X31.87470 Y25.10330
X31.87470 Y25.09060
X31.86200 Y25.09060
X31.86200 Y25.07790
X31.84930 Y25.07790
X31.84930 Y25.06520
X31.83660 Y25.06520
X31.83660 Y25.05250
X31.82390 Y25.05250
X31.82390 Y25.03980
X31.81120 Y25.03980
X31.81120 Y25.02710
X31.79850 Y25.02710
X31.79850 Y25.01440
X31.78580 Y25.01440
X31.78580 Y25.00170
X31.77310 Y25.00170
X31.77310 Y24.98900
X31.76040 Y24.98900
X31.76040 Y24.97630
X31.74770 Y24.97630
X31.74770 Y24.96360
X31.73500 Y24.96360
X31.73500 Y24.95090
X31.72230 Y24.95090
X31.72230 Y24.93820
X31.70960 Y24.93820
X31.70960 Y24.92550
X31.69690 Y24.92550
X31.69690 Y24.91280
X31.68420 Y24.91280
X31.68420 Y24.90010
X31.67150 Y24.90010
X31.67150 Y24.88740
X31.65880 Y24.88740
X31.65880 Y24.87470
X31.64610 Y24.87470
X31.64610 Y24.86200
X31.63340 Y24.86200
X31.63340 Y24.84930
X31.62070 Y24.84930
X31.62070 Y24.83660
X31.60800 Y24.83660
X31.60800 Y24.82390
X31.59530 Y24.82390
X31.59530 Y24.81120
X31.58260 Y24.81120
X31.58260 Y24.79850
X31.56990 Y24.79850
X31.56990 Y24.78580
X31.55720 Y24.78580
X31.55720 Y24.77310
X31.54450 Y24.77310
X31.54450 Y24.76040
X31.53180 Y24.76040
X31.53180 Y24.74770
X31.51910 Y24.74770
X31.51910 Y24.73500
X31.50640 Y24.73500
X31.50640 Y24.72230
X31.49370 Y24.72230
X31.49370 Y24.70960
X31.48100 Y24.70960
X31.48100 Y24.69690
X31.46830 Y24.69690
X31.46830 Y24.68420
X31.45560 Y24.68420
X31.45560 Y24.67150
X31.44290 Y24.67150
X31.44290 Y24.65880
X31.43020 Y24.65880
X31.43020 Y24.64610
X31.41750 Y24.64610
X31.41750 Y24.63340
X31.40480 Y24.63340
X31.40480 Y24.62070
X31.39210 Y24.62070
X31.39210 Y24.60800
X31.37940 Y24.60800
X31.37940 Y24.59530
X31.36670 Y24.59530
X31.36670 Y24.58260
X31.35400 Y24.58260
X31.35400 Y24.56990
X31.34130 Y24.56990
X31.34130 Y24.55720
X31.32860 Y24.55720
X31.32860 Y24.54450
X31.31590 Y24.54450
X31.31590 Y24.53180
X31.30320 Y24.53180
X31.30320 Y24.51910
X31.29050 Y24.51910
X31.29050 Y24.50640
X31.27780 Y24.50640
X31.27780 Y24.49370
X31.26510 Y24.49370
X31.26510 Y24.48100
X31.25240 Y24.48100
X31.25240 Y24.46830
X31.23970 Y24.46830
X31.23970 Y24.45560
X31.22700 Y24.45560
X31.22700 Y24.44290
X31.21430 Y24.44290
X31.21430 Y24.43020
X31.20160 Y24.43020
X31.20160 Y24.41750
X31.18890 Y24.41750
X31.18890 Y24.40480
X31.17620 Y24.40480
X31.17620 Y24.39210
X31.16350 Y24.39210
X31.16350 Y24.37940
X31.15080 Y24.37940
X31.15080 Y24.36670
X31.13810 Y24.36670
X31.13810 Y24.35400
X31.12540 Y24.35400
X31.12540 Y24.34130
X31.11270 Y24.34130
X31.11270 Y24.32860
X31.10000 Y24.32860
X31.10000 Y24.31590
X31.08730 Y24.31590
X31.08730 Y24.30320
X31.07460 Y24.30320
X31.07460 Y24.29050
X31.06190 Y24.29050
X31.06190 Y24.27780
X31.04920 Y24.27780
X31.04920 Y24.26510
X31.03650 Y24.26510
X31.03650 Y24.25240
X31.02380 Y24.25240
X31.02380 Y24.23970
X31.01110 Y24.23970
X31.01110 Y24.22700
X30.99840 Y24.22700
X30.99840 Y24.21430
X30.98570 Y24.21430
X30.98570 Y24.20160
X30.97300 Y24.20160
X30.97300 Y24.18890
X30.96030 Y24.18890
X30.96030 Y24.17620
X30.94760 Y24.17620
X30.94760 Y24.16350
X30.93490 Y24.16350
X30.93490 Y24.15080
X30.92220 Y24.15080
X30.92220 Y24.13810
X30.90950 Y24.13810
X30.90950 Y24.12540
X30.89680 Y24.12540
X30.89680 Y24.11270
X30.88410 Y24.11270
X30.88410 Y24.10000
X30.87140 Y24.10000
X30.87140 Y24.08730
X30.85870 Y24.08730
X30.85870 Y24.07460
X30.84600 Y24.07460
X30.84600 Y24.06190
X30.83330 Y24.06190
X30.83330 Y24.04920
X30.82060 Y24.04920
X30.82060 Y24.03650
X30.80790 Y24.03650
X30.80790 Y24.02380
X30.79520 Y24.02380
X30.79520 Y24.01110
X30.78250 Y24.01110
X30.78250 Y23.99840
X30.76980 Y23.99840
X30.76980 Y23.98570
X30.75710 Y23.98570
X30.75710 Y23.97300
X30.74440 Y23.97300
X30.74440 Y23.96030
X30.73170 Y23.96030
X30.73170 Y23.94760
X30.71900 Y23.94760
X30.71900 Y23.93490
X30.70630 Y23.93490
X30.70630 Y23.92220
X30.69360 Y23.92220
X30.69360 Y23.90950
X30.68090 Y23.90950
X30.68090 Y23.89680
X30.66820 Y23.89680
X30.66820 Y23.88410
X30.65550 Y23.88410
X30.65550 Y23.87140
X30.64280 Y23.87140
X30.64280 Y23.85870
X30.63010 Y23.85870
X30.63010 Y23.84600
X30.61740 Y23.84600
X30.61740 Y23.83330
X30.60470 Y23.83330
X30.60470 Y23.82060
X30.59200 Y23.82060
X30.59200 Y23.80790
X30.57930 Y23.80790
X30.57930 Y23.79520
X30.56660 Y23.79520
X30.56660 Y23.78250
X30.55390 Y23.78250
X30.55390 Y23.76980
X30.54120 Y23.76980
X30.54120 Y23.75710
X30.52850 Y23.75710
X30.52850 Y23.74440
X30.51580 Y23.74440
X30.51580 Y23.73170
X30.50310 Y23.73170
X30.50310 Y23.71900
X30.49040 Y23.71900
X30.49040 Y23.70630
X30.47770 Y23.70630
X30.47770 Y23.69360
X30.46500 Y23.69360
X30.46500 Y23.68090
X30.45230 Y23.68090
X30.45230 Y23.66820
X30.43960 Y23.66820
X30.43960 Y23.65550
X30.42690 Y23.65550
X30.42690 Y23.64280
X30.41420 Y23.64280
X30.41420 Y23.63010
X30.40150 Y23.63010
X30.40150 Y23.61740
X30.38880 Y23.61740
X30.38880 Y23.60470
X30.37610 Y23.60470
X30.37610 Y23.59200
X30.36340 Y23.59200
X30.36340 Y23.57930
X30.35070 Y23.57930
X30.35070 Y23.56660
X30.33800 Y23.56660
X30.33800 Y23.55390
X30.32530 Y23.55390
X30.32530 Y23.54120
X30.31260 Y23.54120
X30.31260 Y23.52850
X30.29990 Y23.52850
X30.29990 Y23.51580
X30.28720 Y23.51580
X30.28720 Y23.50310
X30.27450 Y23.50310
X30.27450 Y23.49040
X30.26180 Y23.49040
X30.26180 Y23.47770
X30.24910 Y23.47770
X30.24910 Y23.46500
X30.23640 Y23.46500
X30.23640 Y23.45230
X30.22370 Y23.45230
X30.22370 Y23.43960
X30.21100 Y23.43960
X30.21100 Y23.42690
X30.19830 Y23.42690
X30.19830 Y23.41420
X30.18560 Y23.41420
X30.18560 Y23.40150
X30.17290 Y23.40150
X30.17290 Y23.38880
X30.16020 Y23.38880
X30.16020 Y23.37610
X30.14750 Y23.37610
X30.14750 Y23.36340
X30.13480 Y23.36340
X30.13480 Y23.35070
X30.12210 Y23.35070
X30.12210 Y23.33800
X30.10940 Y23.33800
X30.10940 Y23.32530
X30.09670 Y23.32530
X30.09670 Y23.31260
X30.08400 Y23.31260
X30.08400 Y23.29990
X30.07130 Y23.29990
X30.07130 Y23.28720
X30.05860 Y23.28720
X30.05860 Y23.27450
X30.04590 Y23.27450
X30.04590 Y23.26180
X30.03320 Y23.26180
X30.03320 Y23.24910
X30.02050 Y23.24910
X30.02050 Y23.23640
X30.00780 Y23.23640
X30.00780 Y23.22370
X29.99510 Y23.22370
X29.99510 Y23.21100
X29.98240 Y23.21100
X29.98240 Y23.19830
X29.96970 Y23.19830
X29.96970 Y23.18560
X29.95700 Y23.18560
X29.95700 Y23.17290
X29.94430 Y23.17290
X29.94430 Y23.16020
X29.93160 Y23.16020
X29.93160 Y23.14750
X29.91890 Y23.14750
X29.91890 Y23.13480
X29.90620 Y23.13480
X29.90620 Y23.12210
X29.89350 Y23.12210
X29.89350 Y23.10940
X29.88080 Y23.10940
X29.88080 Y23.09670
X29.86810 Y23.09670
X29.86810 Y23.08400
X29.85540 Y23.08400
X29.85540 Y23.07130
X29.84270 Y23.07130
X29.84270 Y23.05860
X29.83000 Y23.05860
X29.83000 Y23.04590
X29.81730 Y23.04590
X29.81730 Y23.03320
X29.80460 Y23.03320
X29.80460 Y23.02050
X29.79190 Y23.02050
X29.79190 Y23.00780
X29.77920 Y23.00780
X29.77920 Y22.99510
X29.76650 Y22.99510
X29.76650 Y22.98240
X29.75380 Y22.98240
X29.75380 Y22.96970
X29.74110 Y22.96970
X29.74110 Y22.95700
X29.72840 Y22.95700
X29.72840 Y22.94430
X29.71570 Y22.94430
X29.71570 Y22.93160
X29.70300 Y22.93160
X29.70300 Y22.91890
X29.69030 Y22.91890
X29.69030 Y22.90620
X29.67760 Y22.90620
X29.67760 Y22.89350
X29.66490 Y22.89350
X29.66490 Y22.88080
X29.65220 Y22.88080
X29.65220 Y22.86810
X29.63950 Y22.86810
X29.63950 Y22.85540
X29.62680 Y22.85540
X29.62680 Y22.84270
X29.61410 Y22.84270
X29.61410 Y22.83000
X29.60140 Y22.83000
X29.60140 Y22.81730
X29.58870 Y22.81730
X29.58870 Y22.80460
X29.57600 Y22.80460
X29.57600 Y22.79190
X29.56330 Y22.79190
X29.56330 Y22.77920
X29.55060 Y22.77920
X29.55060 Y22.76650
X29.53790 Y22.76650
X29.53790 Y22.75380
X29.52520 Y22.75380
X29.52520 Y22.74110
X29.51250 Y22.74110
X29.51250 Y22.72840
X29.49980 Y22.72840
X29.49980 Y22.71570
X29.48710 Y22.71570
X29.48710 Y22.70300
X29.47440 Y22.70300
X29.47440 Y22.69030
X29.46170 Y22.69030
X29.46170 Y22.67760
X29.44900 Y22.67760
X29.44900 Y22.66490
X29.43630 Y22.66490
X29.43630 Y22.65220
X29.42360 Y22.65220
X29.42360 Y22.63950
X29.41090 Y22.63950
X29.41090 Y22.62680
X29.39820 Y22.62680
X29.39820 Y22.61410
X29.38550 Y22.61410
X29.38550 Y22.60140
X29.37280 Y22.60140
X29.37280 Y22.58870
X29.36010 Y22.58870
X29.36010 Y22.57600
X29.34740 Y22.57600
X29.34740 Y22.56330
X29.33470 Y22.56330
X29.33470 Y22.55060
X29.32200 Y22.55060
X29.32200 Y22.53790
X29.30930 Y22.53790
X29.30930 Y22.52520
X29.29660 Y22.52520
X29.29660 Y22.51250
X29.28390 Y22.51250
X29.28390 Y22.49980
X29.27120 Y22.49980
X29.27120 Y22.48710
X29.25850 Y22.48710
X29.25850 Y22.47440
X29.24580 Y22.47440
X29.24580 Y22.46170
X29.23310 Y22.46170
X29.23310 Y22.44900
X29.22040 Y22.44900
X29.22040 Y22.43630
X29.20770 Y22.43630
X29.20770 Y22.42360
X29.19500 Y22.42360
X29.19500 Y22.41090
X29.18230 Y22.41090
X29.18230 Y22.39820
X29.16960 Y22.39820
X29.16960 Y22.38550
X29.15690 Y22.38550
X29.15690 Y22.37280
X29.14420 Y22.37280
X29.14420 Y22.36010
X29.13150 Y22.36010
X29.13150 Y22.34740
X29.11880 Y22.34740
X29.11880 Y22.33470
X29.10610 Y22.33470
X29.10610 Y22.32200
X29.09340 Y22.32200
X29.09340 Y22.30930
X29.08070 Y22.30930
X29.08070 Y22.29660
X29.06800 Y22.29660
X29.06800 Y22.28390
X29.05530 Y22.28390
X29.05530 Y22.27120
X29.04260 Y22.27120
X29.04260 Y22.25850
X29.02990 Y22.25850
X29.02990 Y22.24580
X29.01720 Y22.24580
X29.01720 Y22.23310
X29.00450 Y22.23310
X29.00450 Y22.22040
X28.99180 Y22.22040
X28.99180 Y22.20770
X28.97910 Y22.20770
X28.97910 Y22.19500
X28.96640 Y22.19500
X28.96640 Y22.18230
X28.95370 Y22.18230
X28.95370 Y22.16960
X28.94100 Y22.16960
X28.94100 Y22.15690
X28.92830 Y22.15690
X28.92830 Y22.14420
X28.91560 Y22.14420
X28.91560 Y22.13150
X28.90290 Y22.13150
X28.90290 Y22.11880
X28.89020 Y22.11880
X28.89020 Y22.10610
X28.87750 Y22.10610
X28.87750 Y22.09340
X28.86480 Y22.09340
X28.86480 Y22.08070
X28.85210 Y22.08070
X28.85210 Y22.06800
X28.83940 Y22.06800
X28.83940 Y22.05530
X28.82670 Y22.05530
X28.82670 Y22.04260
X28.81400 Y22.04260
X28.81400 Y22.02990
X28.80130 Y22.02990
X28.80130 Y22.01720
X28.78860 Y22.01720
X28.78860 Y22.00450
X28.77590 Y22.00450
X28.77590 Y21.99180
X28.76320 Y21.99180
X28.76320 Y21.97910
X28.75050 Y21.97910
X28.75050 Y21.96640
X28.73780 Y21.96640
X28.73780 Y21.95370
X28.72510 Y21.95370
X28.72510 Y21.94100
X28.71240 Y21.94100
X28.71240 Y21.92830
X28.69970 Y21.92830
X28.69970 Y21.91560
X28.68700 Y21.91560
X28.68700 Y21.90290
X28.67430 Y21.90290
X28.67430 Y21.89020
X28.66160 Y21.89020
X28.66160 Y21.87750
X28.64890 Y21.87750
X28.64890 Y21.86480
X28.63620 Y21.86480
X28.63620 Y21.85210
X28.62350 Y21.85210
X28.62350 Y21.83940
X28.61080 Y21.83940
X28.61080 Y21.82670
X28.59810 Y21.82670
X28.59810 Y21.81400
X28.58540 Y21.81400
X28.58540 Y21.80130
X28.57270 Y21.80130
X28.57270 Y21.78860
X28.56000 Y21.78860
X28.56000 Y21.77590
X28.54730 Y21.77590
X28.54730 Y21.76320
X28.53460 Y21.76320
X28.53460 Y21.75050
X28.52190 Y21.75050
X28.52190 Y21.73780
X28.50920 Y21.73780
X28.50920 Y21.72510
X28.49650 Y21.72510
X28.49650 Y21.71240
X28.48380 Y21.71240
X28.48380 Y21.69970
X28.47110 Y21.69970
X28.47110 Y21.68700
X28.45840 Y21.68700
X28.45840 Y21.67430
X28.44570 Y21.67430
X28.44570 Y21.66160
X28.43300 Y21.66160
X28.43300 Y21.64890
X28.42030 Y21.64890
X28.42030 Y21.63620
X28.40760 Y21.63620
X28.40760 Y21.62350
X28.39490 Y21.62350
X28.39490 Y21.61080
X28.38220 Y21.61080
X28.38220 Y21.59810
X28.36950 Y21.59810
X28.36950 Y21.58540
X28.35680 Y21.58540
X28.35680 Y21.57270
X28.34410 Y21.57270
X28.34410 Y21.56000
X28.33140 Y21.56000
X28.33140 Y21.54730
X28.31870 Y21.54730
X28.31870 Y21.53460
X28.30600 Y21.53460
X28.30600 Y21.52190
X28.29330 Y21.52190
X28.29330 Y21.50920
X28.28060 Y21.50920
X28.28060 Y21.49650
X28.26790 Y21.49650
X28.26790 Y21.48380
X28.25520 Y21.48380
X28.25520 Y21.47110
X28.24250 Y21.47110
X28.24250 Y21.45840
X28.22980 Y21.45840
X28.22980 Y21.44570
X28.21710 Y21.44570
X28.21710 Y21.43300
X28.20440 Y21.43300
X28.20440 Y21.42030
X28.19170 Y21.42030
X28.19170 Y21.40760
X28.17900 Y21.40760
X28.17900 Y21.39490
X28.16630 Y21.39490
X28.16630 Y21.38220
X28.15360 Y21.38220
X28.15360 Y21.36950
X28.14090 Y21.36950
X28.14090 Y21.35680
X28.12820 Y21.35680
X28.12820 Y21.34410
X28.11550 Y21.34410
X28.11550 Y21.33140
X28.10280 Y21.33140
X28.10280 Y21.31870
X28.09010 Y21.31870
X28.09010 Y21.30600
X28.07740 Y21.30600
X28.07740 Y21.29330
X28.06470 Y21.29330
X28.06470 Y21.28060
X28.05200 Y21.28060
X28.05200 Y21.26790
X28.03930 Y21.26790
X28.03930 Y21.25520
X28.02660 Y21.25520
X28.02660 Y21.24250
X28.01390 Y21.24250
X28.01390 Y21.22980
X28.00120 Y21.22980
X28.00120 Y21.21710
X27.98850 Y21.21710
X27.98850 Y21.20440
X27.97580 Y21.20440
X27.97580 Y21.19170
X27.96310 Y21.19170
X27.96310 Y21.17900
X27.95040 Y21.17900
X27.95040 Y21.16630
X27.93770 Y21.16630
X27.93770 Y21.15360
X27.92500 Y21.15360
X27.92500 Y21.14090
X27.91230 Y21.14090
X27.91230 Y21.12820
X27.89960 Y21.12820
X27.89960 Y21.11550
X27.88690 Y21.11550
X27.88690 Y21.10280
X27.87420 Y21.10280
X27.87420 Y21.09010
X27.86150 Y21.09010
X27.86150 Y21.07740
X27.84880 Y21.07740
X27.84880 Y21.06470
X27.83610 Y21.06470
X27.83610 Y21.05200
X27.82340 Y21.05200
X27.82340 Y21.03930
X27.81070 Y21.03930
X27.81070 Y21.02660
X27.79800 Y21.02660
X27.79800 Y21.01390
X27.78530 Y21.01390
X27.78530 Y21.00120
X27.77260 Y21.00120
X27.77260 Y20.98850
X27.75990 Y20.98850
X27.75990 Y20.97580
X27.74720 Y20.97580
X27.74720 Y20.96310
X27.73450 Y20.96310
X27.73450 Y20.95040
X27.72180 Y20.95040
X27.72180 Y20.93770
X27.70910 Y20.93770
X27.70910 Y20.92500
X27.69640 Y20.92500
X27.69640 Y20.91230
X27.68370 Y20.91230
X27.68370 Y20.89960
X27.67100 Y20.89960
X27.67100 Y20.88690
X27.65830 Y20.88690
X27.65830 Y20.87420
X27.64560 Y20.87420
X27.64560 Y20.86150
X27.63290 Y20.86150
X27.63290 Y20.84880
X27.62020 Y20.84880
X27.62020 Y20.83610
X27.60750 Y20.83610
X27.60750 Y20.82340
X27.59480 Y20.82340
X27.59480 Y20.81070
X27.58210 Y20.81070
X27.58210 Y20.79800
X27.56940 Y20.79800
X27.56940 Y20.78530
X27.55670 Y20.78530
X27.55670 Y20.77260
X27.54400 Y20.77260
X27.54400 Y20.75990
X27.53130 Y20.75990
X27.53130 Y20.74720
X27.51860 Y20.74720
X27.51860 Y20.73450
X27.50590 Y20.73450
X27.50590 Y20.72180
X27.49320 Y20.72180
X27.49320 Y20.70910
X27.48050 Y20.70910
X27.48050 Y20.69640
X27.46780 Y20.69640
X27.46780 Y20.68370
X27.45510 Y20.68370
X27.45510 Y20.67100
X27.44240 Y20.67100
X27.44240 Y20.65830
X27.42970 Y20.65830
X27.42970 Y20.64560
X27.41700 Y20.64560
X27.41700 Y20.63290
X27.40430 Y20.63290
X27.40430 Y20.62020
X27.39160 Y20.62020
X27.39160 Y20.60750
X27.37890 Y20.60750
X27.37890 Y20.59480
X27.36620 Y20.59480
X27.36620 Y20.58210
X27.35350 Y20.58210
X27.35350 Y20.56940
X27.34080 Y20.56940
X27.34080 Y20.55670
X27.32810 Y20.55670
X27.32810 Y20.54400
X27.31540 Y20.54400
X27.31540 Y20.53130
X27.30270 Y20.53130
X27.30270 Y20.51860
X27.29000 Y20.51860
X27.29000 Y20.50590
X27.27730 Y20.50590
X27.27730 Y20.49320
X27.26460 Y20.49320
X27.26460 Y20.48050
X27.25190 Y20.48050
X27.25190 Y20.46780
X27.23920 Y20.46780
X27.23920 Y20.45510
X27.22650 Y20.45510
X27.22650 Y20.44240
X27.21380 Y20.44240
X27.21380 Y20.42970
X27.20110 Y20.42970
X27.20110 Y20.41700
X27.18840 Y20.41700
X27.18840 Y20.40430
X27.17570 Y20.40430
X27.17570 Y20.39160
X27.16300 Y20.39160
X27.16300 Y20.37890
X27.15030 Y20.37890
X27.15030 Y20.36620
X27.13760 Y20.36620
X27.13760 Y20.35350
X27.12490 Y20.35350
X27.12490 Y20.34080
X27.11220 Y20.34080
X27.11220 Y20.32810
X27.09950 Y20.32810
X27.09950 Y20.31540
X27.08680 Y20.31540
X27.08680 Y20.30270
X27.07410 Y20.30270
X27.07410 Y20.29000
X27.06140 Y20.29000
X27.06140 Y20.27730
X27.04870 Y20.27730
X27.04870 Y20.26460
X27.03600 Y20.26460
X27.03600 Y20.25190
X27.02330 Y20.25190
X27.02330 Y20.23920
X27.01060 Y20.23920
X27.01060 Y20.22650
X26.99790 Y20.22650
X26.99790 Y20.21380
X26.98520 Y20.21380
X26.98520 Y20.20110
X26.97250 Y20.20110
X26.97250 Y20.18840
X26.95980 Y20.18840
X26.95980 Y20.17570
X26.94710 Y20.17570
X26.94710 Y20.16300
X26.93440 Y20.16300
X26.93440 Y20.15030
X26.92170 Y20.15030
X26.92170 Y20.13760
X26.90900 Y20.13760
X26.90900 Y20.12490
X26.89630 Y20.12490
X26.89630 Y20.11220
X26.88360 Y20.11220
X26.88360 Y20.09950
X26.87090 Y20.09950
X26.87090 Y20.08680
X26.85820 Y20.08680
X26.85820 Y20.07410
X26.84550 Y20.07410
X26.84550 Y20.06140
X26.83280 Y20.06140
X26.83280 Y20.04870
X26.82010 Y20.04870
X26.82010 Y20.03600
X26.80740 Y20.03600
X26.80740 Y20.02330
X26.79470 Y20.02330
X26.79470 Y20.01060
X26.78200 Y20.01060
X26.78200 Y19.99790
X26.76930 Y19.99790
X26.76930 Y19.98520
X26.75660 Y19.98520
X26.75660 Y19.97250
X26.74390 Y19.97250
X26.74390 Y19.95980
X26.73120 Y19.95980
X26.73120 Y19.94710
X26.71850 Y19.94710
X26.71850 Y19.93440
X26.70580 Y19.93440
X26.70580 Y19.92170
X26.69310 Y19.92170
X26.69310 Y19.90900
X26.68040 Y19.90900
X26.68040 Y19.89630
X26.66770 Y19.89630
X26.66770 Y19.88360
X26.65500 Y19.88360
X26.65500 Y19.87090
X26.64230 Y19.87090
X26.64230 Y19.85820
X26.62960 Y19.85820
X26.62960 Y19.84550
X26.61690 Y19.84550
X26.61690 Y19.83280
X26.60420 Y19.83280
X26.60420 Y19.82010
X26.59150 Y19.82010
X26.59150 Y19.80740
X26.57880 Y19.80740
X26.57880 Y19.79470
X26.56610 Y19.79470
X26.56610 Y19.78200
X26.55340 Y19.78200
X26.55340 Y19.76930
X26.54070 Y19.76930
X26.54070 Y19.75660
X26.52800 Y19.75660
X26.52800 Y19.74390
X26.51530 Y19.74390
X26.51530 Y19.73120
X26.50260 Y19.73120
X26.50260 Y19.71850
X26.48990 Y19.71850
X26.48990 Y19.70580
X26.47720 Y19.70580
X26.47720 Y19.69310
X26.46450 Y19.69310
X26.46450 Y19.68040
X26.45180 Y19.68040
X26.45180 Y19.66770
X26.43910 Y19.66770
X26.43910 Y19.65500
X26.42640 Y19.65500
X26.42640 Y19.64230
X26.41370 Y19.64230
X26.41370 Y19.62960
X26.40100 Y19.62960
X26.40100 Y19.61690
X26.38830 Y19.61690
X26.38830 Y19.60420
X26.37560 Y19.60420
X26.37560 Y19.59150
X26.36290 Y19.59150
X26.36290 Y19.57880
X26.35020 Y19.57880
X26.35020 Y19.56610
X26.33750 Y19.56610
X26.33750 Y19.55340
X26.32480 Y19.55340
X26.32480 Y19.54070
X26.31210 Y19.54070
X26.31210 Y19.52800
X26.29940 Y19.52800
X26.29940 Y19.51530
X26.28670 Y19.51530
X26.28670 Y19.50260
X26.27400 Y19.50260
X26.27400 Y19.48990
X26.26130 Y19.48990
X26.26130 Y19.47720
X26.24860 Y19.47720
X26.24860 Y19.46450
X26.23590 Y19.46450
X26.23590 Y19.45180
X26.22320 Y19.45180
X26.22320 Y19.43910
X26.21050 Y19.43910
X26.21050 Y19.42640
X26.19780 Y19.42640
X26.19780 Y19.41370
X26.18510 Y19.41370
X26.18510 Y19.40100
X26.17240 Y19.40100
X26.17240 Y19.38830
X26.15970 Y19.38830
X26.15970 Y19.37560
X26.14700 Y19.37560
X26.14700 Y19.36290
X26.13430 Y19.36290
X26.13430 Y19.35020
X26.12160 Y19.35020
X26.12160 Y19.33750
X26.10890 Y19.33750
X26.10890 Y19.32480
X26.09620 Y19.32480
X26.09620 Y19.31210
X26.08350 Y19.31210
X26.08350 Y19.29940
X26.07080 Y19.29940
X26.07080 Y19.28670
X26.05810 Y19.28670
X26.05810 Y19.27400
X26.04540 Y19.27400
X26.04540 Y19.26130
X26.03270 Y19.26130
X26.03270 Y19.24860
X26.02000 Y19.24860
X26.02000 Y19.23590
X26.00730 Y19.23590
X26.00730 Y19.22320
X25.99460 Y19.22320
X25.99460 Y19.21050
X25.98190 Y19.21050
X25.98190 Y19.19780
X25.96920 Y19.19780
X25.96920 Y19.18510
X25.95650 Y19.18510
X25.95650 Y19.17240
X25.94380 Y19.17240
X25.94380 Y19.15970
X25.93110 Y19.15970
X25.93110 Y19.14700
X25.91840 Y19.14700
X25.91840 Y19.13430
X25.90570 Y19.13430
X25.90570 Y19.12160
X25.89300 Y19.12160
X25.89300 Y19.10890
X25.88030 Y19.10890
X25.88030 Y19.09620
X25.86760 Y19.09620
X25.86760 Y19.08350
X25.85490 Y19.08350
X25.85490 Y19.07080
X25.84220 Y19.07080
X25.84220 Y19.05810
X25.82950 Y19.05810
X25.82950 Y19.04540
X25.81680 Y19.04540
X25.81680 Y19.03270
X25.80410 Y19.03270
X25.80410 Y19.02000
X25.79140 Y19.02000
X25.79140 Y19.00730
X25.77870 Y19.00730
X25.77870 Y18.99460
X25.76600 Y18.99460
X25.76600 Y18.98190
X25.75330 Y18.98190
X25.75330 Y18.96920
X25.74060 Y18.96920
X25.74060 Y18.95650
X25.72790 Y18.95650
X25.72790 Y18.94380
X25.71520 Y18.94380
X25.71520 Y18.93110
X25.70250 Y18.93110
X25.70250 Y18.91840
X25.68980 Y18.91840
X25.68980 Y18.90570
X25.67710 Y18.90570
X25.67710 Y18.89300
X25.66440 Y18.89300
X25.66440 Y18.88030
X25.65170 Y18.88030
X25.65170 Y18.86760
X25.63900 Y18.86760
X25.63900 Y18.85490
X25.62630 Y18.85490
X25.62630 Y18.84220
X25.61360 Y18.84220
X25.61360 Y18.82950
X25.60090 Y18.82950
X25.60090 Y18.81680
X25.58820 Y18.81680
X25.58820 Y18.80410
X25.57550 Y18.80410
X25.57550 Y18.79140
X25.56280 Y18.79140
X25.56280 Y18.77870
X25.55010 Y18.77870
X25.55010 Y18.76600
X25.53740 Y18.76600
X25.53740 Y18.75330
X25.52470 Y18.75330
X25.52470 Y18.74060
X25.51200 Y18.74060
X25.51200 Y18.72790
X25.49930 Y18.72790
X25.49930 Y18.71520
X25.48660 Y18.71520
X25.48660 Y18.70250
X25.47390 Y18.70250
X25.47390 Y18.68980
X25.46120 Y18.68980
X25.46120 Y18.67710
X25.44850 Y18.67710
X25.44850 Y18.66440
X25.43580 Y18.66440
X25.43580 Y18.65170
X25.42310 Y18.65170
X25.42310 Y18.63900
X25.41040 Y18.63900
X25.41040 Y18.62630
X25.39770 Y18.62630
X25.39770 Y18.61360
X25.38500 Y18.61360
X25.38500 Y18.60090
X25.37230 Y18.60090
X25.37230 Y18.58820
X25.35960 Y18.58820
X25.35960 Y18.57550
X25.34690 Y18.57550
X25.34690 Y18.56280
X25.33420 Y18.56280
X25.33420 Y18.55010
X25.32150 Y18.55010
X25.32150 Y18.53740
X25.30880 Y18.53740
X25.30880 Y18.52470
X25.29610 Y18.52470
X25.29610 Y18.51200
X25.28340 Y18.51200
X25.28340 Y18.49930
X25.27070 Y18.49930
X25.27070 Y18.48660
X25.25800 Y18.48660
X25.25800 Y18.47390
X25.24530 Y18.47390
X25.24530 Y18.46120
X25.23260 Y18.46120
X25.23260 Y18.44850
X25.21990 Y18.44850
X25.21990 Y18.43580
X25.20720 Y18.43580
X25.20720 Y18.42310
X25.19450 Y18.42310
X25.19450 Y18.41040
X25.18180 Y18.41040
X25.18180 Y18.39770
X25.16910 Y18.39770
X25.16910 Y18.38500
X25.15640 Y18.38500
X25.15640 Y18.37230
X25.14370 Y18.37230
X25.14370 Y18.35960
X25.13100 Y18.35960
X25.13100 Y18.34690
X25.11830 Y18.34690
X25.11830 Y18.33420
X25.10560 Y18.33420
X25.10560 Y18.32150
X25.09290 Y18.32150
X25.09290 Y18.30880
X25.08020 Y18.30880
X25.08020 Y18.29610
X25.06750 Y18.29610
X25.06750 Y18.28340
X25.05480 Y18.28340
X25.05480 Y18.27070
X25.04210 Y18.27070
X25.04210 Y18.25800
X25.02940 Y18.25800
X25.02940 Y18.24530
X25.01670 Y18.24530
X25.01670 Y18.23260
X25.00400 Y18.23260
X25.00400 Y18.21990
X24.99130 Y18.21990
X24.99130 Y18.20720
X24.97860 Y18.20720
X24.97860 Y18.19450
X24.96590 Y18.19450
X24.96590 Y18.18180
X24.95320 Y18.18180
X24.95320 Y18.16910
X24.94050 Y18.16910
X24.94050 Y18.15640
X24.92780 Y18.15640
X24.92780 Y18.14370
X24.91510 Y18.14370
X24.91510 Y18.13100
X24.90240 Y18.13100
X24.90240 Y18.11830
X24.88970 Y18.11830
X24.88970 Y18.10560
X24.87700 Y18.10560
X24.87700 Y18.09290
X24.86430 Y18.09290
X24.86430 Y18.08020
X24.85160 Y18.08020
X24.85160 Y18.06750
X24.83890 Y18.06750
X24.83890 Y18.05480
X24.82620 Y18.05480
X24.82620 Y18.04210
X24.81350 Y18.04210
X24.81350 Y18.02940
X24.80080 Y18.02940
X24.80080 Y18.01670
X24.78810 Y18.01670
X24.78810 Y18.00400
X24.77540 Y18.00400
X24.77540 Y17.99130
X24.76270 Y17.99130
X24.76270 Y17.97860
X24.75000 Y17.97860
X24.75000 Y17.96590
X24.73730 Y17.96590
X24.73730 Y17.95320
X24.72460 Y17.95320
X24.72460 Y17.94050
X24.71190 Y17.94050
X24.71190 Y17.92780
X24.69920 Y17.92780
X24.69920 Y17.91510
X24.68650 Y17.91510
X24.68650 Y17.90240
X24.67380 Y17.90240
X24.67380 Y17.88970
X24.66110 Y17.88970
X24.66110 Y17.87700
X24.64840 Y17.87700
X24.64840 Y17.86430
X24.63570 Y17.86430
X24.63570 Y17.85160
X24.62300 Y17.85160
X24.62300 Y17.83890
X24.61030 Y17.83890
X24.61030 Y17.82620
X24.59760 Y17.82620
X24.59760 Y17.81350
X24.58490 Y17.81350
X24.58490 Y17.80080
X24.57220 Y17.80080
X24.57220 Y17.78810
X24.55950 Y17.78810
X24.55950 Y17.77540
X24.54680 Y17.77540
X24.54680 Y17.76270
X24.53410 Y17.76270
X24.53410 Y17.75000
X24.52140 Y17.75000
X24.52140 Y17.73730
X24.50870 Y17.73730
X24.50870 Y17.72460
X24.49600 Y17.72460
X24.49600 Y17.71190
X24.48330 Y17.71190
X24.48330 Y17.69920
X24.47060 Y17.69920
X24.47060 Y17.68650
X24.45790 Y17.68650
X24.45790 Y17.67380
X24.44520 Y17.67380
X24.44520 Y17.66110
X24.43250 Y17.66110
X24.43250 Y17.64840
X24.41980 Y17.64840
X24.41980 Y17.63570
X24.40710 Y17.63570
X24.40710 Y17.62300
X24.39440 Y17.62300
X24.39440 Y17.61030
X24.38170 Y17.61030
X24.38170 Y17.59760
X24.36900 Y17.59760
X24.36900 Y17.58490
X24.35630 Y17.58490
X24.35630 Y17.57220
X24.34360 Y17.57220
X24.34360 Y17.55950
X24.33090 Y17.55950
X24.33090 Y17.54680
X24.31820 Y17.54680
X24.31820 Y17.53410
X24.30550 Y17.53410
X24.30550 Y17.52140
X24.29280 Y17.52140
X24.29280 Y17.50870
X24.28010 Y17.50870
X24.28010 Y17.49600
X24.26740 Y17.49600
X24.26740 Y17.48330
X24.25470 Y17.48330
X24.25470 Y17.47060
X24.24200 Y17.47060
X24.24200 Y17.45790
X24.22930 Y17.45790
X24.22930 Y17.44520
X24.21660 Y17.44520
X24.21660 Y17.43250
X24.20390 Y17.43250
X24.20390 Y17.41980
X24.19120 Y17.41980
X24.19120 Y17.40710
X24.17850 Y17.40710
X24.17850 Y17.39440
X24.16580 Y17.39440
X24.16580 Y17.38170
X24.15310 Y17.38170
X24.15310 Y17.36900
X24.14040 Y17.36900
X24.14040 Y17.35630
X24.12770 Y17.35630
X24.12770 Y17.34360
X24.11500 Y17.34360
X24.11500 Y17.33090
X24.10230 Y17.33090
X24.10230 Y17.31820
X24.08960 Y17.31820
X24.08960 Y17.30550
X24.07690 Y17.30550
X24.07690 Y17.29280
X24.06420 Y17.29280
X24.06420 Y17.28010
X24.05150 Y17.28010
X24.05150 Y17.26740
X24.03880 Y17.26740
X24.03880 Y17.25470
X24.02610 Y17.25470
X24.02610 Y17.24200
X24.01340 Y17.24200
X24.01340 Y17.22930
X24.00070 Y17.22930
X24.00070 Y17.21660
X23.98800 Y17.21660
X23.98800 Y17.20390
X23.97530 Y17.20390
X23.97530 Y17.19120
X23.96260 Y17.19120
X23.96260 Y17.17850
X23.94990 Y17.17850
X23.94990 Y17.16580
X23.93720 Y17.16580
X23.93720 Y17.15310
X23.92450 Y17.15310
X23.92450 Y17.14040
X23.91180 Y17.14040
X23.91180 Y17.12770
X23.89910 Y17.12770
X23.89910 Y17.11500
X23.88640 Y17.11500
X23.88640 Y17.10230
X23.87370 Y17.10230
X23.87370 Y17.08960
X23.86100 Y17.08960
X23.86100 Y17.07690
X23.84830 Y17.07690
X23.84830 Y17.06420
X23.83560 Y17.06420
X23.83560 Y17.05150
X23.82290 Y17.05150
X23.82290 Y17.03880
X23.81020 Y17.03880
X23.81020 Y17.02610
X23.79750 Y17.02610
X23.79750 Y17.01340
X23.78480 Y17.01340
X23.78480 Y17.00070
X23.77210 Y17.00070
X23.77210 Y16.98800
X23.75940 Y16.98800
X23.75940 Y16.97530
X23.74670 Y16.97530
X23.74670 Y16.96260
X23.73400 Y16.96260
X23.73400 Y16.94990
X23.72130 Y16.94990
X23.72130 Y16.93720
X23.70860 Y16.93720
X23.70860 Y16.92450
X23.69590 Y16.92450
X23.69590 Y16.91180
X23.68320 Y16.91180
X23.68320 Y16.89910
X23.67050 Y16.89910
X23.67050 Y16.88640
X23.65780 Y16.88640
X23.65780 Y16.87370
X23.64510 Y16.87370
X23.64510 Y16.86100
X23.63240 Y16.86100
X23.63240 Y16.84830
X23.61970 Y16.84830
X23.61970 Y16.83560
X23.60700 Y16.83560
X23.60700 Y16.82290
X23.59430 Y16.82290
X23.59430 Y16.81020
X23.58160 Y16.81020
X23.58160 Y16.79750
X23.56890 Y16.79750
X23.56890 Y16.78480
X23.55620 Y16.78480
X23.55620 Y16.77210
X23.54350 Y16.77210
X23.54350 Y16.75940
X23.53080 Y16.75940
X23.53080 Y16.74670
X23.51810 Y16.74670
X23.51810 Y16.73400
X23.50540 Y16.73400
X23.50540 Y16.72130
X23.49270 Y16.72130
X23.49270 Y16.70860
X23.48000 Y16.70860
X23.48000 Y16.69590
X23.46730 Y16.69590
X23.46730 Y16.68320
X23.45460 Y16.68320
X23.45460 Y16.67050
X23.44190 Y16.67050
X23.44190 Y16.65780
X23.42920 Y16.65780
X23.42920 Y16.64510
X23.41650 Y16.64510
X23.41650 Y16.63240
X23.40380 Y16.63240
X23.40380 Y16.61970
X23.39110 Y16.61970
X23.39110 Y16.60700
X23.37840 Y16.60700
X23.37840 Y16.59430
X23.36570 Y16.59430
X23.36570 Y16.58160
X23.35300 Y16.58160
X23.35300 Y16.56890
X23.34030 Y16.56890
X23.34030 Y16.55620
X23.32760 Y16.55620
X23.32760 Y16.54350
X23.31490 Y16.54350
X23.31490 Y16.53080
X23.30220 Y16.53080
X23.30220 Y16.51810
X23.28950 Y16.51810
X23.28950 Y16.50540
X23.27680 Y16.50540
X23.27680 Y16.49270
X23.26410 Y16.49270
X23.26410 Y16.48000
X23.25140 Y16.48000
X23.25140 Y16.46730
X23.23870 Y16.46730
X23.23870 Y16.45460
X23.22600 Y16.45460
X23.22600 Y16.44190
X23.21330 Y16.44190
X23.21330 Y16.42920
X23.20060 Y16.42920
X23.20060 Y16.41650
X23.18790 Y16.41650
X23.18790 Y16.40380
X23.17520 Y16.40380
X23.17520 Y16.39110
X23.16250 Y16.39110
X23.16250 Y16.37840
X23.14980 Y16.37840
X23.14980 Y16.36570
X23.13710 Y16.36570
X23.13710 Y16.35300
X23.12440 Y16.35300
X23.12440 Y16.34030
X23.11170 Y16.34030
X23.11170 Y16.32760
X23.09900 Y16.32760
X23.09900 Y16.31490
X23.08630 Y16.31490
X23.08630 Y16.30220
X23.07360 Y16.30220
X23.07360 Y16.28950
X23.06090 Y16.28950
X23.06090 Y16.27680
X23.04820 Y16.27680
X23.04820 Y16.26410
X23.03550 Y16.26410
X23.03550 Y16.25140
X23.02280 Y16.25140
X23.02280 Y16.23870
X23.01010 Y16.23870
X23.01010 Y16.22600
X22.99740 Y16.22600
X22.99740 Y16.21330
X22.98470 Y16.21330
X22.98470 Y16.20060
X22.97200 Y16.20060
X22.97200 Y16.18790
X22.95930 Y16.18790
X22.95930 Y16.17520
X22.94660 Y16.17520
X22.94660 Y16.16250
X22.93390 Y16.16250
X22.93390 Y16.14980
X22.92120 Y16.14980
X22.92120 Y16.13710
X22.90850 Y16.13710
X22.90850 Y16.12440
X22.89580 Y16.12440
X22.89580 Y16.11170
X22.88310 Y16.11170
X22.88310 Y16.09900
X22.87040 Y16.09900
X22.87040 Y16.08630
X22.85770 Y16.08630
X22.85770 Y16.07360
X22.84500 Y16.07360
X22.84500 Y16.06090
X22.83230 Y16.06090
X22.83230 Y16.04820
X22.81960 Y16.04820
X22.81960 Y16.03550
X22.80690 Y16.03550
X22.80690 Y16.02280
X22.79420 Y16.02280
X22.79420 Y16.01010
X22.78150 Y16.01010
X22.78150 Y15.99740
X22.76880 Y15.99740
X22.76880 Y15.98470
X22.75610 Y15.98470
X22.75610 Y15.97200
X22.74340 Y15.97200
X22.74340 Y15.95930
X22.73070 Y15.95930
X22.73070 Y15.94660
X22.71800 Y15.94660
X22.71800 Y15.93390
X22.70530 Y15.93390
X22.70530 Y15.92120
X22.69260 Y15.92120
X22.69260 Y15.90850
X22.67990 Y15.90850
X22.67990 Y15.89580
X22.66720 Y15.89580
X22.66720 Y15.88310
X22.65450 Y15.88310
X22.65450 Y15.87040
X22.64180 Y15.87040
X22.64180 Y15.85770
X22.62910 Y15.85770
X22.62910 Y15.84500
X22.61640 Y15.84500
X22.61640 Y15.83230
X22.60370 Y15.83230
X22.60370 Y15.81960
X22.59100 Y15.81960
X22.59100 Y15.80690
X22.57830 Y15.80690
X22.57830 Y15.79420
X22.56560 Y15.79420
X22.56560 Y15.78150
X22.55290 Y15.78150
X22.55290 Y15.76880
X22.54020 Y15.76880
X22.54020 Y15.75610
X22.52750 Y15.75610
X22.52750 Y15.74340
X22.51480 Y15.74340
X22.51480 Y15.73070
X22.50210 Y15.73070
X22.50210 Y15.71800
X22.48940 Y15.71800
X22.48940 Y15.70530
X22.47670 Y15.70530
X22.47670 Y15.69260
X22.46400 Y15.69260
X22.46400 Y15.67990
X22.45130 Y15.67990
X22.45130 Y15.66720
X22.43860 Y15.66720
X22.43860 Y15.65450
X22.42590 Y15.65450
X22.42590 Y15.64180
X22.41320 Y15.64180
X22.41320 Y15.62910
X22.40050 Y15.62910
X22.40050 Y15.61640
X22.38780 Y15.61640
X22.38780 Y15.60370
X22.37510 Y15.60370
X22.37510 Y15.59100
X22.36240 Y15.59100
X22.36240 Y15.57830
X22.34970 Y15.57830
X22.34970 Y15.56560
X22.33700 Y15.56560
X22.33700 Y15.55290
X22.32430 Y15.55290
X22.32430 Y15.54020
X22.31160 Y15.54020
X22.31160 Y15.52750
X22.29890 Y15.52750
X22.29890 Y15.51480
X22.28620 Y15.51480
X22.28620 Y15.50210
X22.27350 Y15.50210
X22.27350 Y15.48940
X22.26080 Y15.48940
X22.26080 Y15.47670
X22.24810 Y15.47670
X22.24810 Y15.46400
X22.23540 Y15.46400
X22.23540 Y15.45130
X22.22270 Y15.45130
X22.22270 Y15.43860
X22.21000 Y15.43860
X22.21000 Y15.42590
X22.19730 Y15.42590
X22.19730 Y15.41320
X22.18460 Y15.41320
X22.18460 Y15.40050
X22.17190 Y15.40050
X22.17190 Y15.38780
X22.15920 Y15.38780
X22.15920 Y15.37510
X22.14650 Y15.37510
X22.14650 Y15.36240
X22.13380 Y15.36240
X22.13380 Y15.34970
X22.12110 Y15.34970
X22.12110 Y15.33700
X22.10840 Y15.33700
X22.10840 Y15.32430
X22.09570 Y15.32430
X22.09570 Y15.31160
X22.08300 Y15.31160
X22.08300 Y15.29890
X22.07030 Y15.29890
X22.07030 Y15.28620
X22.05760 Y15.28620
X22.05760 Y15.27350
X22.04490 Y15.27350
X22.04490 Y15.26080
X22.03220 Y15.26080
X22.03220 Y15.24810
X22.01950 Y15.24810
X22.01950 Y15.23540
X22.00680 Y15.23540
X22.00680 Y15.22270
X21.99410 Y15.22270
X21.99410 Y15.21000
X21.98140 Y15.21000
X21.98140 Y15.19730
X21.96870 Y15.19730
X21.96870 Y15.18460
X21.95600 Y15.18460
X21.95600 Y15.17190
X21.94330 Y15.17190
X21.94330 Y15.15920
X21.93060 Y15.15920
X21.93060 Y15.14650
X21.91790 Y15.14650
X21.91790 Y15.13380
X21.90520 Y15.13380
X21.90520 Y15.12110
X21.89250 Y15.12110
X21.89250 Y15.10840
X21.87980 Y15.10840
X21.87980 Y15.09570
X21.86710 Y15.09570
X21.86710 Y15.08300
X21.85440 Y15.08300
X21.85440 Y15.07030
X21.84170 Y15.07030
X21.84170 Y15.05760
X21.82900 Y15.05760
X21.82900 Y15.04490
X21.81630 Y15.04490
X21.81630 Y15.03220
X21.80360 Y15.03220
X21.80360 Y15.01950
X21.79090 Y15.01950
X21.79090 Y15.00680
X21.77820 Y15.00680
X21.77820 Y14.99410
X21.76550 Y14.99410
X21.76550 Y14.98140
X21.75280 Y14.98140
X21.75280 Y14.96870
X21.74010 Y14.96870
X21.74010 Y14.95600
X21.72740 Y14.95600
X21.72740 Y14.94330
X21.71470 Y14.94330
X21.71470 Y14.93060
X21.70200 Y14.93060
X21.70200 Y14.91790
X21.68930 Y14.91790
X21.68930 Y14.90520
X21.67660 Y14.90520
X21.67660 Y14.89250
X21.66390 Y14.89250
X21.66390 Y14.87980
X21.65120 Y14.87980
X21.65120 Y14.86710
X21.63850 Y14.86710
X21.63850 Y14.85440
X21.62580 Y14.85440
X21.62580 Y14.84170
X21.61310 Y14.84170
X21.61310 Y14.82900
X21.60040 Y14.82900
X21.60040 Y14.81630
X21.58770 Y14.81630
X21.58770 Y14.80360
X21.57500 Y14.80360
X21.57500 Y14.79090
X21.56230 Y14.79090
X21.56230 Y14.77820
X21.54960 Y14.77820
X21.54960 Y14.76550
X21.53690 Y14.76550
X21.53690 Y14.75280
X21.52420 Y14.75280
X21.52420 Y14.74010
X21.51150 Y14.74010
X21.51150 Y14.72740
X21.49880 Y14.72740
X21.49880 Y14.71470
X21.48610 Y14.71470
X21.48610 Y14.70200
X21.47340 Y14.70200
X21.47340 Y14.68930
X21.46070 Y14.68930
X21.46070 Y14.67660
X21.44800 Y14.67660
X21.44800 Y14.66390
X21.43530 Y14.66390
X21.43530 Y14.65120
X21.42260 Y14.65120
X21.42260 Y14.63850
X21.40990 Y14.63850
X21.40990 Y14.62580
X21.39720 Y14.62580
X21.39720 Y14.61310
X21.38450 Y14.61310
X21.38450 Y14.60040
X21.37180 Y14.60040
X21.37180 Y14.58770
X21.35910 Y14.58770
X21.35910 Y14.57500
X21.34640 Y14.57500
X21.34640 Y14.56230
X21.33370 Y14.56230
X21.33370 Y14.54960
X21.32100 Y14.54960
X21.32100 Y14.53690
X21.30830 Y14.53690
X21.30830 Y14.52420
X21.29560 Y14.52420
X21.29560 Y14.51150
X21.28290 Y14.51150
X21.28290 Y14.49880
X21.27020 Y14.49880
X21.27020 Y14.48610
X21.25750 Y14.48610
X21.25750 Y14.47340
X21.24480 Y14.47340
X21.24480 Y14.46070
X21.23210 Y14.46070
X21.23210 Y14.44800
X21.21940 Y14.44800
X21.21940 Y14.43530
X21.20670 Y14.43530
X21.20670 Y14.42260
X21.19400 Y14.42260
X21.19400 Y14.40990
X21.18130 Y14.40990
X21.18130 Y14.39720
X21.16860 Y14.39720
X21.16860 Y14.38450
X21.15590 Y14.38450
X21.15590 Y14.37180
X21.14320 Y14.37180
X21.14320 Y14.35910
X21.13050 Y14.35910
X21.13050 Y14.34640
X21.11780 Y14.34640
X21.11780 Y14.33370
X21.10510 Y14.33370
X21.10510 Y14.32100
X21.09240 Y14.32100
X21.09240 Y14.30830
X21.07970 Y14.30830
X21.07970 Y14.29560
X21.06700 Y14.29560
X21.06700 Y14.28290
X21.05430 Y14.28290
X21.05430 Y14.27020
X21.04160 Y14.27020
X21.04160 Y14.25750
X21.02890 Y14.25750
X21.02890 Y14.24480
X21.01620 Y14.24480
X21.01620 Y14.23210
X21.00350 Y14.23210
X21.00350 Y14.21940
X20.99080 Y14.21940
X20.99080 Y14.20670
X20.97810 Y14.20670
X20.97810 Y14.19400
X20.96540 Y14.19400
X20.96540 Y14.18130
X20.95270 Y14.18130
X20.95270 Y14.16860
X20.94000 Y14.16860
X20.94000 Y14.15590
X20.92730 Y14.15590
X20.92730 Y14.14320
X20.91460 Y14.14320
X20.91460 Y14.13050
X20.90190 Y14.13050
X20.90190 Y14.11780
X20.88920 Y14.11780
X20.88920 Y14.10510
X20.87650 Y14.10510
X20.87650 Y14.09240
X20.86380 Y14.09240
X20.86380 Y14.07970
X20.85110 Y14.07970
X20.85110 Y14.06700
X20.83840 Y14.06700
X20.83840 Y14.05430
X20.82570 Y14.05430
X20.82570 Y14.04160
X20.81300 Y14.04160
X20.81300 Y14.02890
X20.80030 Y14.02890
X20.80030 Y14.01620
X20.78760 Y14.01620
X20.78760 Y14.00350
X20.77490 Y14.00350
X20.77490 Y13.99080
X20.76220 Y13.99080
X20.76220 Y13.97810
X20.74950 Y13.97810
X20.74950 Y13.96540
X20.73680 Y13.96540
X20.73680 Y13.95270
X20.72410 Y13.95270
X20.72410 Y13.94000
X20.71140 Y13.94000
X20.71140 Y13.92730
X20.69870 Y13.92730
X20.69870 Y13.91460
X20.68600 Y13.91460
X20.68600 Y13.90190
X20.67330 Y13.90190
X20.67330 Y13.88920
X20.66060 Y13.88920
X20.66060 Y13.87650
X20.64790 Y13.87650
X20.64790 Y13.86380
X20.63520 Y13.86380
X20.63520 Y13.85110
X20.62250 Y13.85110
X20.62250 Y13.83840
X20.60980 Y13.83840
X20.60980 Y13.82570
X20.59710 Y13.82570
X20.59710 Y13.81300
X20.58440 Y13.81300
X20.58440 Y13.80030
X20.57170 Y13.80030
X20.57170 Y13.78760
X20.55900 Y13.78760
X20.55900 Y13.77490
X20.54630 Y13.77490
X20.54630 Y13.76220
X20.53360 Y13.76220
X20.53360 Y13.74950
X20.52090 Y13.74950
X20.52090 Y13.73680
X20.50820 Y13.73680
X20.50820 Y13.72410
X20.49550 Y13.72410
X20.49550 Y13.71140
X20.48280 Y13.71140
X20.48280 Y13.69870
X20.47010 Y13.69870
X20.47010 Y13.68600
X20.45740 Y13.68600
X20.45740 Y13.67330
X20.44470 Y13.67330
X20.44470 Y13.66060
X20.43200 Y13.66060
X20.43200 Y13.64790
X20.41930 Y13.64790
X20.41930 Y13.63520
X20.40660 Y13.63520
X20.40660 Y13.62250
X20.39390 Y13.62250
X20.39390 Y13.60980
X20.38120 Y13.60980
X20.38120 Y13.59710
X20.36850 Y13.59710
X20.36850 Y13.58440
X20.35580 Y13.58440
X20.35580 Y13.57170
X20.34310 Y13.57170
X20.34310 Y13.55900
X20.33040 Y13.55900
X20.33040 Y13.54630
X20.31770 Y13.54630
X20.31770 Y13.53360
X20.30500 Y13.53360
X20.30500 Y13.52090
X20.29230 Y13.52090
X20.29230 Y13.50820
X20.27960 Y13.50820
X20.27960 Y13.49550
X20.26690 Y13.49550
X20.26690 Y13.48280
X20.25420 Y13.48280
X20.25420 Y13.47010
X20.24150 Y13.47010
X20.24150 Y13.45740
X20.22880 Y13.45740
X20.22880 Y13.44470
X20.21610 Y13.44470
X20.21610 Y13.43200
X20.20340 Y13.43200
X20.20340 Y13.41930
X20.19070 Y13.41930
X20.19070 Y13.40660
X20.17800 Y13.40660
X20.17800 Y13.39390
X20.16530 Y13.39390
X20.16530 Y13.38120
X20.15260 Y13.38120
X20.15260 Y13.36850
X20.13990 Y13.36850
X20.13990 Y13.35580
X20.12720 Y13.35580
X20.12720 Y13.34310
X20.11450 Y13.34310
X20.11450 Y13.33040
X20.10180 Y13.33040
X20.10180 Y13.31770
X20.08910 Y13.31770
X20.08910 Y13.30500
X20.07640 Y13.30500
X20.07640 Y13.29230
X20.06370 Y13.29230
X20.06370 Y13.27960
X20.05100 Y13.27960
X20.05100 Y13.26690
X20.03830 Y13.26690
X20.03830 Y13.25420
X20.02560 Y13.25420
X20.02560 Y13.24150
X20.01290 Y13.24150
X20.01290 Y13.22880
X20.00020 Y13.22880
X20.00020 Y13.21610
X19.98750 Y13.21610
X19.98750 Y13.20340
X19.97480 Y13.20340
X19.97480 Y13.19070
X19.96210 Y13.19070
X19.96210 Y13.17800
X19.94940 Y13.17800
X19.94940 Y13.16530
X19.93670 Y13.16530
X19.93670 Y13.15260
X19.92400 Y13.15260
X19.92400 Y13.13990
X19.91130 Y13.13990
X19.91130 Y13.12720
X19.89860 Y13.12720
X19.89860 Y13.11450
X13.25650 Y13.11450
X13.25650 Y13.15260
X13.26920 Y13.15260
X13.26920 Y13.19070
X13.28190 Y13.19070
X13.28190 Y13.27960
X13.29460 Y13.27960
X13.29460 Y13.62250
X13.28190 Y13.62250
X13.28190 Y13.71140
X13.26920 Y13.71140
X13.26920 Y13.74950
X13.25650 Y13.74950
X13.25650 Y13.80030
X13.24380 Y13.80030
X13.24380 Y13.83840
X13.23110 Y13.83840
X13.23110 Y13.86380
X13.21840 Y13.86380
X13.21840 Y13.88920
X13.20570 Y13.88920
X13.20570 Y13.90190
X13.19300 Y13.90190
X13.19300 Y13.92730
X13.18030 Y13.92730
X13.18030 Y13.95270
X13.16760 Y13.95270
X13.16760 Y13.97810
X13.15490 Y13.97810
X13.15490 Y13.99080
X13.14220 Y13.99080
X13.14220 Y14.00350
X13.12950 Y14.00350
X13.12950 Y14.01620
X13.11680 Y14.01620
X13.11680 Y14.02890
X13.10410 Y14.02890
X13.10410 Y14.05430
X13.09140 Y14.05430
X13.09140 Y14.06700
X13.07870 Y14.06700
X13.07870 Y14.07970
X13.06600 Y14.07970
X13.06600 Y14.09240
X13.05330 Y14.09240
X13.05330 Y14.10510
X13.02790 Y14.10510
X13.02790 Y14.11780
X13.01520 Y14.11780
X13.01520 Y14.13050
X13.00250 Y14.13050
X13.00250 Y14.14320
X12.98980 Y14.14320
X12.98980 Y14.15590
X12.97710 Y14.15590
X12.97710 Y14.16860
X12.95170 Y14.16860
X12.95170 Y14.18130
X12.92630 Y14.18130
X12.92630 Y14.19400
X12.90090 Y14.19400
X12.90090 Y14.20670
X12.88820 Y14.20670
X12.88820 Y14.21940
X12.86280 Y14.21940
X12.86280 Y14.23210
X12.83740 Y14.23210
X12.83740 Y14.24480
X12.78660 Y14.24480
X12.78660 Y14.25750
X12.74850 Y14.25750
X12.74850 Y14.27020
X12.71040 Y14.27020
X12.71040 Y14.28290
X12.60880 Y14.28290
X12.60880 Y14.29560
X12.29130 Y14.29560
X12.29130 Y14.28290
X12.18970 Y14.28290
X12.18970 Y14.27020
X12.15160 Y14.27020
X12.15160 Y14.25750
X12.11350 Y14.25750
X12.11350 Y14.24480
X12.06270 Y14.24480
X12.06270 Y14.23210
X12.03730 Y14.23210
X12.03730 Y14.21940
X12.01190 Y14.21940
X12.01190 Y14.20670
X11.99920 Y14.20670
X11.99920 Y14.19400
X11.97380 Y14.19400
X11.97380 Y14.18130
X11.94840 Y14.18130
X11.94840 Y14.16860
X11.92300 Y14.16860
X11.92300 Y14.15590
X11.91030 Y14.15590
X11.91030 Y14.14320
X11.89760 Y14.14320
X11.89760 Y14.13050
X11.88490 Y14.13050
X11.88490 Y14.11780
X11.87220 Y14.11780
X11.87220 Y14.10510
X11.84680 Y14.10510
X11.84680 Y14.09240
X11.83410 Y14.09240
X11.83410 Y14.07970
X11.82140 Y14.07970
X11.82140 Y14.06700
X11.80870 Y14.06700
X11.80870 Y14.05430
X11.79600 Y14.05430
X11.79600 Y14.02890
X11.78330 Y14.02890
X11.78330 Y14.01620
X11.77060 Y14.01620
X11.77060 Y14.00350
X11.75790 Y14.00350
X11.75790 Y13.99080
X11.74520 Y13.99080
X11.74520 Y13.97810
X11.73250 Y13.97810
X11.73250 Y13.95270
X11.71980 Y13.95270
X11.71980 Y13.92730
X11.70710 Y13.92730
X11.70710 Y13.90190
X11.69440 Y13.90190
X11.69440 Y13.88920
X11.68170 Y13.88920
X11.68170 Y13.86380
X11.66900 Y13.86380
X11.66900 Y13.83840
X11.65630 Y13.83840
X11.65630 Y13.78760
X11.64360 Y13.78760
X11.64360 Y13.74950
X11.63090 Y13.74950
X11.63090 Y13.71140
X11.61820 Y13.71140
X11.61820 Y13.60980
X11.60550 Y13.60980
X11.60550 Y13.29230
X11.61820 Y13.29230
X11.61820 Y13.19070
X11.63090 Y13.19070
X11.63090 Y13.15260
X11.64360 Y13.15260
X11.64360 Y13.11450
X11.65630 Y13.11450
X11.65630 Y13.06370
X11.66900 Y13.06370
X11.66900 Y13.03830
X11.68170 Y13.03830
X11.68170 Y13.01290
X11.69440 Y13.01290
X11.69440 Y13.00020
X11.70710 Y13.00020
X11.70710 Y12.97480
X11.71980 Y12.97480
X11.71980 Y12.94940
X11.73250 Y12.94940
X11.73250 Y12.92400
X11.74520 Y12.92400
X11.74520 Y12.91130
X11.75790 Y12.91130
X11.75790 Y12.89860
X11.77060 Y12.89860
X11.77060 Y12.88590
X11.78330 Y12.88590
X11.78330 Y12.87320
X11.79600 Y12.87320
X11.79600 Y12.84780
X11.80870 Y12.84780
X11.80870 Y12.83510
X11.82140 Y12.83510
X11.82140 Y12.82240
X11.83410 Y12.82240
X11.83410 Y12.80970
X11.84680 Y12.80970
X11.84680 Y12.79700
X11.87220 Y12.79700
X11.87220 Y12.78430
X11.88490 Y12.78430
X11.88490 Y12.77160
X11.89760 Y12.77160
X11.89760 Y12.75890
X11.91030 Y12.75890
X11.91030 Y12.74620
X11.92300 Y12.74620
X11.92300 Y12.73350
X11.94840 Y12.73350
X11.94840 Y12.72080
X11.97380 Y12.72080
X11.97380 Y12.70810
X11.99920 Y12.70810
X11.99920 Y12.69540
X12.01190 Y12.69540
X12.01190 Y12.68270
X12.03730 Y12.68270
X12.03730 Y12.67000
X12.06270 Y12.67000
X12.06270 Y12.65730
X12.11350 Y12.65730
X12.11350 Y12.64460
X12.15160 Y12.64460
X12.15160 Y12.63190
X12.18970 Y12.63190
X12.18970 Y12.61920
X12.27860 Y12.61920
X12.27860 Y12.60650
X12.62150 Y12.60650
X12.62150 Y12.61920
X12.71040 Y12.61920
X12.71040 Y12.63190
X12.74850 Y12.63190
X12.74850 Y12.64460
X12.79930 Y12.64460
X12.79930 Y12.65730
X12.83740 Y12.65730
X12.83740 Y12.65730
X12.85010 Y12.65730
X12.85010 Y12.64460
X12.87550 Y12.64460
X12.87550 Y12.63190
X12.90090 Y12.63190
X12.90090 Y12.61920
X20.17800 Y12.61920
X20.17800 Y12.63190
X20.20340 Y12.63190
X20.20340 Y12.64460
X20.22880 Y12.64460
X20.22880 Y12.65730
X20.24150 Y12.65730
X20.24150 Y12.67000
X20.25420 Y12.67000
X20.25420 Y12.68270
X20.26690 Y12.68270
X20.26690 Y12.69540
X20.27960 Y12.69540
X20.27960 Y12.70810
X20.29230 Y12.70810
X20.29230 Y12.72080
X20.30500 Y12.72080
X20.30500 Y12.73350
X20.31770 Y12.73350
X20.31770 Y12.74620
X20.33040 Y12.74620
X20.33040 Y12.75890
X20.34310 Y12.75890
X20.34310 Y12.77160
X20.35580 Y12.77160
X20.35580 Y12.78430
X20.36850 Y12.78430
X20.36850 Y12.79700
X20.38120 Y12.79700
X20.38120 Y12.80970
X20.39390 Y12.80970
X20.39390 Y12.82240
X20.40660 Y12.82240
X20.40660 Y12.83510
X20.41930 Y12.83510
X20.41930 Y12.84780
X20.43200 Y12.84780
X20.43200 Y12.86050
X20.44470 Y12.86050
X20.44470 Y12.87320
X20.45740 Y12.87320
X20.45740 Y12.88590
X20.47010 Y12.88590
X20.47010 Y12.89860
X20.48280 Y12.89860
X20.48280 Y12.91130
X20.49550 Y12.91130
X20.49550 Y12.92400
X20.50820 Y12.92400
X20.50820 Y12.93670
X20.52090 Y12.93670
X20.52090 Y12.94940
X20.53360 Y12.94940
X20.53360 Y12.96210
X20.54630 Y12.96210
X20.54630 Y12.97480
X20.55900 Y12.97480
X20.55900 Y12.98750
X20.57170 Y12.98750
X20.57170 Y13.00020
X20.58440 Y13.00020
X20.58440 Y13.01290
X20.59710 Y13.01290
X20.59710 Y13.02560
X20.60980 Y13.02560
X20.60980 Y13.03830
X20.62250 Y13.03830
X20.62250 Y13.05100
X20.63520 Y13.05100
X20.63520 Y13.06370
X20.64790 Y13.06370
X20.64790 Y13.07640
X20.66060 Y13.07640
X20.66060 Y13.08910
X20.67330 Y13.08910
X20.67330 Y13.10180
X20.68600 Y13.10180
X20.68600 Y13.11450
X20.69870 Y13.11450
X20.69870 Y13.12720
X20.71140 Y13.12720
X20.71140 Y13.13990
X20.72410 Y13.13990
X20.72410 Y13.15260
X20.73680 Y13.15260
X20.73680 Y13.16530
X20.74950 Y13.16530
X20.74950 Y13.17800
X20.76220 Y13.17800
X20.76220 Y13.19070
X20.77490 Y13.19070
X20.77490 Y13.20340
X20.78760 Y13.20340
X20.78760 Y13.21610
X20.80030 Y13.21610
X20.80030 Y13.22880
X20.81300 Y13.22880
X20.81300 Y13.24150
X20.82570 Y13.24150
X20.82570 Y13.25420
X20.83840 Y13.25420
X20.83840 Y13.26690
X20.85110 Y13.26690
X20.85110 Y13.27960
X20.86380 Y13.27960
X20.86380 Y13.29230
X20.87650 Y13.29230
X20.87650 Y13.30500
X20.88920 Y13.30500
X20.88920 Y13.31770
X20.90190 Y13.31770
X20.90190 Y13.33040
X20.91460 Y13.33040
X20.91460 Y13.34310
X20.92730 Y13.34310
X20.92730 Y13.35580
X20.94000 Y13.35580
X20.94000 Y13.36850
X20.95270 Y13.36850
X20.95270 Y13.38120
X20.96540 Y13.38120
X20.96540 Y13.39390
X20.97810 Y13.39390
X20.97810 Y13.40660
X20.99080 Y13.40660
X20.99080 Y13.41930
X21.00350 Y13.41930
X21.00350 Y13.43200
X21.01620 Y13.43200
X21.01620 Y13.44470
X21.02890 Y13.44470
X21.02890 Y13.45740
X21.04160 Y13.45740
X21.04160 Y13.47010
X21.05430 Y13.47010
X21.05430 Y13.48280
X21.06700 Y13.48280
X21.06700 Y13.49550
X21.07970 Y13.49550
X21.07970 Y13.50820
X21.09240 Y13.50820
X21.09240 Y13.52090
X21.10510 Y13.52090
X21.10510 Y13.53360
X21.11780 Y13.53360
X21.11780 Y13.54630
X21.13050 Y13.54630
X21.13050 Y13.55900
X21.14320 Y13.55900
X21.14320 Y13.57170
X21.15590 Y13.57170
X21.15590 Y13.58440
X21.16860 Y13.58440
X21.16860 Y13.59710
X21.18130 Y13.59710
X21.18130 Y13.60980
X21.19400 Y13.60980
X21.19400 Y13.62250
X21.20670 Y13.62250
X21.20670 Y13.63520
X21.21940 Y13.63520
X21.21940 Y13.64790
X21.23210 Y13.64790
X21.23210 Y13.66060
X21.24480 Y13.66060
X21.24480 Y13.67330
X21.25750 Y13.67330
X21.25750 Y13.68600
X21.27020 Y13.68600
X21.27020 Y13.69870
X21.28290 Y13.69870
X21.28290 Y13.71140
X21.29560 Y13.71140
X21.29560 Y13.72410
X21.30830 Y13.72410
X21.30830 Y13.73680
X21.32100 Y13.73680
X21.32100 Y13.74950
X21.33370 Y13.74950
X21.33370 Y13.76220
X21.34640 Y13.76220
X21.34640 Y13.77490
X21.35910 Y13.77490
X21.35910 Y13.78760
X21.37180 Y13.78760
X21.37180 Y13.80030
X21.38450 Y13.80030
X21.38450 Y13.81300
X21.39720 Y13.81300
X21.39720 Y13.82570
X21.40990 Y13.82570
X21.40990 Y13.83840
X21.42260 Y13.83840
X21.42260 Y13.85110
X21.43530 Y13.85110
X21.43530 Y13.86380
X21.44800 Y13.86380
X21.44800 Y13.87650
X21.46070 Y13.87650
X21.46070 Y13.88920
X21.47340 Y13.88920
X21.47340 Y13.90190
X21.48610 Y13.90190
X21.48610 Y13.91460
X21.49880 Y13.91460
X21.49880 Y13.92730
X21.51150 Y13.92730
X21.51150 Y13.94000
X21.52420 Y13.94000
X21.52420 Y13.95270
X21.53690 Y13.95270
X21.53690 Y13.96540
X21.54960 Y13.96540
X21.54960 Y13.97810
X21.56230 Y13.97810
X21.56230 Y13.99080
X21.57500 Y13.99080
X21.57500 Y14.00350
X21.58770 Y14.00350
X21.58770 Y14.01620
X21.60040 Y14.01620
X21.60040 Y14.02890
X21.61310 Y14.02890
X21.61310 Y14.04160
X21.62580 Y14.04160
X21.62580 Y14.05430
X21.63850 Y14.05430
X21.63850 Y14.06700
X21.65120 Y14.06700
X21.65120 Y14.07970
X21.66390 Y14.07970
X21.66390 Y14.09240
X21.67660 Y14.09240
X21.67660 Y14.10510
X21.68930 Y14.10510
X21.68930 Y14.11780
X21.70200 Y14.11780
X21.70200 Y14.13050
X21.71470 Y14.13050
X21.71470 Y14.14320
X21.72740 Y14.14320
X21.72740 Y14.15590
X21.74010 Y14.15590
X21.74010 Y14.16860
X21.75280 Y14.16860
X21.75280 Y14.18130
X21.76550 Y14.18130
X21.76550 Y14.19400
X21.77820 Y14.19400
X21.77820 Y14.20670
X21.79090 Y14.20670
X21.79090 Y14.21940
X21.80360 Y14.21940
X21.80360 Y14.23210
X21.81630 Y14.23210
X21.81630 Y14.24480
X21.82900 Y14.24480
X21.82900 Y14.25750
X21.84170 Y14.25750
X21.84170 Y14.27020
X21.85440 Y14.27020
X21.85440 Y14.28290
X21.86710 Y14.28290
X21.86710 Y14.29560
X21.87980 Y14.29560
X21.87980 Y14.30830
X21.89250 Y14.30830
X21.89250 Y14.32100
X21.90520 Y14.32100
X21.90520 Y14.33370
X21.91790 Y14.33370
X21.91790 Y14.34640
X21.93060 Y14.34640
X21.93060 Y14.35910
X21.94330 Y14.35910
X21.94330 Y14.37180
X21.95600 Y14.37180
X21.95600 Y14.38450
X21.96870 Y14.38450
X21.96870 Y14.39720
X21.98140 Y14.39720
X21.98140 Y14.40990
X21.99410 Y14.40990
X21.99410 Y14.42260
X22.00680 Y14.42260
X22.00680 Y14.43530
X22.01950 Y14.43530
X22.01950 Y14.44800
X22.03220 Y14.44800
X22.03220 Y14.46070
X22.04490 Y14.46070
X22.04490 Y14.47340
X22.05760 Y14.47340
X22.05760 Y14.48610
X22.07030 Y14.48610
X22.07030 Y14.49880
X22.08300 Y14.49880
X22.08300 Y14.51150
X22.09570 Y14.51150
X22.09570 Y14.52420
X22.10840 Y14.52420
X22.10840 Y14.53690
X22.12110 Y14.53690
X22.12110 Y14.54960
X22.13380 Y14.54960
X22.13380 Y14.56230
X22.14650 Y14.56230
X22.14650 Y14.57500
X22.15920 Y14.57500
X22.15920 Y14.58770
X22.17190 Y14.58770
X22.17190 Y14.60040
X22.18460 Y14.60040
X22.18460 Y14.61310
X22.19730 Y14.61310
X22.19730 Y14.62580
X22.21000 Y14.62580
X22.21000 Y14.63850
X22.22270 Y14.63850
X22.22270 Y14.65120
X22.23540 Y14.65120
X22.23540 Y14.66390
X22.24810 Y14.66390
X22.24810 Y14.67660
X22.26080 Y14.67660
X22.26080 Y14.68930
X22.27350 Y14.68930
X22.27350 Y14.70200
X22.28620 Y14.70200
X22.28620 Y14.71470
X22.29890 Y14.71470
X22.29890 Y14.72740
X22.31160 Y14.72740
X22.31160 Y14.74010
X22.32430 Y14.74010
X22.32430 Y14.75280
X22.33700 Y14.75280
X22.33700 Y14.76550
X22.34970 Y14.76550
X22.34970 Y14.77820
X22.36240 Y14.77820
X22.36240 Y14.79090
X22.37510 Y14.79090
X22.37510 Y14.80360
X22.38780 Y14.80360
X22.38780 Y14.81630
X22.40050 Y14.81630
X22.40050 Y14.82900
X22.41320 Y14.82900
X22.41320 Y14.84170
X22.42590 Y14.84170
X22.42590 Y14.85440
X22.43860 Y14.85440
X22.43860 Y14.86710
X22.45130 Y14.86710
X22.45130 Y14.87980
X22.46400 Y14.87980
X22.46400 Y14.89250
X22.47670 Y14.89250
X22.47670 Y14.90520
X22.48940 Y14.90520
X22.48940 Y14.91790
X22.50210 Y14.91790
X22.50210 Y14.93060
X22.51480 Y14.93060
X22.51480 Y14.94330
X22.52750 Y14.94330
X22.52750 Y14.95600
X22.54020 Y14.95600
X22.54020 Y14.96870
X22.55290 Y14.96870
X22.55290 Y14.98140
X22.56560 Y14.98140
X22.56560 Y14.99410
X22.57830 Y14.99410
X22.57830 Y15.00680
X22.59100 Y15.00680
X22.59100 Y15.01950
X22.60370 Y15.01950
X22.60370 Y15.03220
X22.61640 Y15.03220
X22.61640 Y15.04490
X22.62910 Y15.04490
X22.62910 Y15.05760
X22.64180 Y15.05760
X22.64180 Y15.07030
X22.65450 Y15.07030
X22.65450 Y15.08300
X22.66720 Y15.08300
X22.66720 Y15.09570
X22.67990 Y15.09570
X22.67990 Y15.10840
X22.69260 Y15.10840
X22.69260 Y15.12110
X22.70530 Y15.12110
X22.70530 Y15.13380
X22.71800 Y15.13380
X22.71800 Y15.14650
X22.73070 Y15.14650
X22.73070 Y15.15920
X22.74340 Y15.15920
X22.74340 Y15.17190
X22.75610 Y15.17190
X22.75610 Y15.18460
X22.76880 Y15.18460
X22.76880 Y15.19730
X22.78150 Y15.19730
X22.78150 Y15.21000
X22.79420 Y15.21000
X22.79420 Y15.22270
X22.80690 Y15.22270
X22.80690 Y15.23540
X22.81960 Y15.23540
X22.81960 Y15.24810
X22.83230 Y15.24810
X22.83230 Y15.26080
X22.84500 Y15.26080
X22.84500 Y15.27350
X22.85770 Y15.27350
X22.85770 Y15.28620
X22.87040 Y15.28620
X22.87040 Y15.29890
X22.88310 Y15.29890
X22.88310 Y15.31160
X22.89580 Y15.31160
X22.89580 Y15.32430
X22.90850 Y15.32430
X22.90850 Y15.33700
X22.92120 Y15.33700
X22.92120 Y15.34970
X22.93390 Y15.34970
X22.93390 Y15.36240
X22.94660 Y15.36240
X22.94660 Y15.37510
X22.95930 Y15.37510
X22.95930 Y15.38780
X22.97200 Y15.38780
X22.97200 Y15.40050
X22.98470 Y15.40050
X22.98470 Y15.41320
X22.99740 Y15.41320
X22.99740 Y15.42590
X23.01010 Y15.42590
X23.01010 Y15.43860
X23.02280 Y15.43860
X23.02280 Y15.45130
X23.03550 Y15.45130
X23.03550 Y15.46400
X23.04820 Y15.46400
X23.04820 Y15.47670
X23.06090 Y15.47670
X23.06090 Y15.48940
X23.07360 Y15.48940
X23.07360 Y15.50210
X23.08630 Y15.50210
X23.08630 Y15.51480
X23.09900 Y15.51480
X23.09900 Y15.52750
X23.11170 Y15.52750
X23.11170 Y15.54020
X23.12440 Y15.54020
X23.12440 Y15.55290
X23.13710 Y15.55290
X23.13710 Y15.56560
X23.14980 Y15.56560
X23.14980 Y15.57830
X23.16250 Y15.57830
X23.16250 Y15.59100
X23.17520 Y15.59100
X23.17520 Y15.60370
X23.18790 Y15.60370
X23.18790 Y15.61640
X23.20060 Y15.61640
X23.20060 Y15.62910
X23.21330 Y15.62910
X23.21330 Y15.64180
X23.22600 Y15.64180
X23.22600 Y15.65450
X23.23870 Y15.65450
X23.23870 Y15.66720
X23.25140 Y15.66720
X23.25140 Y15.67990
X23.26410 Y15.67990
X23.26410 Y15.69260
X23.27680 Y15.69260
X23.27680 Y15.70530
X23.28950 Y15.70530
X23.28950 Y15.71800
X23.30220 Y15.71800
X23.30220 Y15.73070
X23.31490 Y15.73070
X23.31490 Y15.74340
X23.32760 Y15.74340
X23.32760 Y15.75610
X23.34030 Y15.75610
X23.34030 Y15.76880
X23.35300 Y15.76880
X23.35300 Y15.78150
X23.36570 Y15.78150
X23.36570 Y15.79420
X23.37840 Y15.79420
X23.37840 Y15.80690
X23.39110 Y15.80690
X23.39110 Y15.81960
X23.40380 Y15.81960
X23.40380 Y15.83230
X23.41650 Y15.83230
X23.41650 Y15.84500
X23.42920 Y15.84500
X23.42920 Y15.85770
X23.44190 Y15.85770
X23.44190 Y15.87040
X23.45460 Y15.87040
X23.45460 Y15.88310
X23.46730 Y15.88310
X23.46730 Y15.89580
X23.48000 Y15.89580
X23.48000 Y15.90850
X23.49270 Y15.90850
X23.49270 Y15.92120
X23.50540 Y15.92120
X23.50540 Y15.93390
X23.51810 Y15.93390
X23.51810 Y15.94660
X23.53080 Y15.94660
X23.53080 Y15.95930
X23.54350 Y15.95930
X23.54350 Y15.97200
X23.55620 Y15.97200
X23.55620 Y15.98470
X23.56890 Y15.98470
X23.56890 Y15.99740
X23.58160 Y15.99740
X23.58160 Y16.01010
X23.59430 Y16.01010
X23.59430 Y16.02280
X23.60700 Y16.02280
X23.60700 Y16.03550
X23.61970 Y16.03550
X23.61970 Y16.04820
X23.63240 Y16.04820
X23.63240 Y16.06090
X23.64510 Y16.06090
X23.64510 Y16.07360
X23.65780 Y16.07360
X23.65780 Y16.08630
X23.67050 Y16.08630
X23.67050 Y16.09900
X23.68320 Y16.09900
X23.68320 Y16.11170
X23.69590 Y16.11170
X23.69590 Y16.12440
X23.70860 Y16.12440
X23.70860 Y16.13710
X23.72130 Y16.13710
X23.72130 Y16.14980
X23.73400 Y16.14980
X23.73400 Y16.16250
X23.74670 Y16.16250
X23.74670 Y16.17520
X23.75940 Y16.17520
X23.75940 Y16.18790
X23.77210 Y16.18790
X23.77210 Y16.20060
X23.78480 Y16.20060
X23.78480 Y16.21330
X23.79750 Y16.21330
X23.79750 Y16.22600
X23.81020 Y16.22600
X23.81020 Y16.23870
X23.82290 Y16.23870
X23.82290 Y16.25140
X23.83560 Y16.25140
X23.83560 Y16.26410
X23.84830 Y16.26410
X23.84830 Y16.27680
X23.86100 Y16.27680
X23.86100 Y16.28950
X23.87370 Y16.28950
X23.87370 Y16.30220
X23.88640 Y16.30220
X23.88640 Y16.31490
X23.89910 Y16.31490
X23.89910 Y16.32760
X23.91180 Y16.32760
X23.91180 Y16.34030
X23.92450 Y16.34030
X23.92450 Y16.35300
X23.93720 Y16.35300
X23.93720 Y16.36570
X23.94990 Y16.36570
X23.94990 Y16.37840
X23.96260 Y16.37840
X23.96260 Y16.39110
X23.97530 Y16.39110
X23.97530 Y16.40380
X23.98800 Y16.40380
X23.98800 Y16.41650
X24.00070 Y16.41650
X24.00070 Y16.42920
X24.01340 Y16.42920
X24.01340 Y16.44190
X24.02610 Y16.44190
X24.02610 Y16.45460
X24.03880 Y16.45460
X24.03880 Y16.46730
X24.05150 Y16.46730
X24.05150 Y16.48000
X24.06420 Y16.48000
X24.06420 Y16.49270
X24.07690 Y16.49270
X24.07690 Y16.50540
X24.08960 Y16.50540
X24.08960 Y16.51810
X24.10230 Y16.51810
X24.10230 Y16.53080
X24.11500 Y16.53080
X24.11500 Y16.54350
X24.12770 Y16.54350
X24.12770 Y16.55620
X24.14040 Y16.55620
X24.14040 Y16.56890
X24.15310 Y16.56890
X24.15310 Y16.58160
X24.16580 Y16.58160
X24.16580 Y16.59430
X24.17850 Y16.59430
X24.17850 Y16.60700
X24.19120 Y16.60700
X24.19120 Y16.61970
X24.20390 Y16.61970
X24.20390 Y16.63240
X24.21660 Y16.63240
X24.21660 Y16.64510
X24.22930 Y16.64510
X24.22930 Y16.65780
X24.24200 Y16.65780
X24.24200 Y16.67050
X24.25470 Y16.67050
X24.25470 Y16.68320
X24.26740 Y16.68320
X24.26740 Y16.69590
X24.28010 Y16.69590
X24.28010 Y16.70860
X24.29280 Y16.70860
X24.29280 Y16.72130
X24.30550 Y16.72130
X24.30550 Y16.73400
X24.31820 Y16.73400
X24.31820 Y16.74670
X24.33090 Y16.74670
X24.33090 Y16.75940
X24.34360 Y16.75940
X24.34360 Y16.77210
X24.35630 Y16.77210
X24.35630 Y16.78480
X24.36900 Y16.78480
X24.36900 Y16.79750
X24.38170 Y16.79750
X24.38170 Y16.81020
X24.39440 Y16.81020
X24.39440 Y16.82290
X24.40710 Y16.82290
X24.40710 Y16.83560
X24.41980 Y16.83560
X24.41980 Y16.84830
X24.43250 Y16.84830
X24.43250 Y16.86100
X24.44520 Y16.86100
X24.44520 Y16.87370
X24.45790 Y16.87370
X24.45790 Y16.88640
X24.47060 Y16.88640
X24.47060 Y16.89910
X24.48330 Y16.89910
X24.48330 Y16.91180
X24.49600 Y16.91180
X24.49600 Y16.92450
X24.50870 Y16.92450
X24.50870 Y16.93720
X24.52140 Y16.93720
X24.52140 Y16.94990
X24.53410 Y16.94990
X24.53410 Y16.96260
X24.54680 Y16.96260
X24.54680 Y16.97530
X24.55950 Y16.97530
X24.55950 Y16.98800
X24.57220 Y16.98800
X24.57220 Y17.00070
X24.58490 Y17.00070
X24.58490 Y17.01340
X24.59760 Y17.01340
X24.59760 Y17.02610
X24.61030 Y17.02610
X24.61030 Y17.03880
X24.62300 Y17.03880
X24.62300 Y17.05150
X24.63570 Y17.05150
X24.63570 Y17.06420
X24.64840 Y17.06420
X24.64840 Y17.07690
X24.66110 Y17.07690
X24.66110 Y17.08960
X24.67380 Y17.08960
X24.67380 Y17.10230
X24.68650 Y17.10230
X24.68650 Y17.11500
X24.69920 Y17.11500
X24.69920 Y17.12770
X24.71190 Y17.12770
X24.71190 Y17.14040
X24.72460 Y17.14040
X24.72460 Y17.15310
X24.73730 Y17.15310
X24.73730 Y17.16580
X24.75000 Y17.16580
X24.75000 Y17.17850
X24.76270 Y17.17850
X24.76270 Y17.19120
X24.77540 Y17.19120
X24.77540 Y17.20390
X24.78810 Y17.20390
X24.78810 Y17.21660
X24.80080 Y17.21660
X24.80080 Y17.22930
X24.81350 Y17.22930
X24.81350 Y17.24200
X24.82620 Y17.24200
X24.82620 Y17.25470
X24.83890 Y17.25470
X24.83890 Y17.26740
X24.85160 Y17.26740
X24.85160 Y17.28010
X24.86430 Y17.28010
X24.86430 Y17.29280
X24.87700 Y17.29280
X24.87700 Y17.30550
X24.88970 Y17.30550
X24.88970 Y17.31820
X24.90240 Y17.31820
X24.90240 Y17.33090
X24.91510 Y17.33090
X24.91510 Y17.34360
X24.92780 Y17.34360
X24.92780 Y17.35630
X24.94050 Y17.35630
X24.94050 Y17.36900
X24.95320 Y17.36900
X24.95320 Y17.38170
X24.96590 Y17.38170
X24.96590 Y17.39440
X24.97860 Y17.39440
X24.97860 Y17.40710
X24.99130 Y17.40710
X24.99130 Y17.41980
X25.00400 Y17.41980
X25.00400 Y17.43250
X25.01670 Y17.43250
X25.01670 Y17.44520
X25.02940 Y17.44520
X25.02940 Y17.45790
X25.04210 Y17.45790
X25.04210 Y17.47060
X25.05480 Y17.47060
X25.05480 Y17.48330
X25.06750 Y17.48330
X25.06750 Y17.49600
X25.08020 Y17.49600
X25.08020 Y17.50870
X25.09290 Y17.50870
X25.09290 Y17.52140
X25.10560 Y17.52140
X25.10560 Y17.53410
X25.11830 Y17.53410
X25.11830 Y17.54680
X25.13100 Y17.54680
X25.13100 Y17.55950
X25.14370 Y17.55950
X25.14370 Y17.57220
X25.15640 Y17.57220
X25.15640 Y17.58490
X25.16910 Y17.58490
X25.16910 Y17.59760
X25.18180 Y17.59760
X25.18180 Y17.61030
X25.19450 Y17.61030
X25.19450 Y17.62300
X25.20720 Y17.62300
X25.20720 Y17.63570
X25.21990 Y17.63570
X25.21990 Y17.64840
X25.23260 Y17.64840
X25.23260 Y17.66110
X25.24530 Y17.66110
X25.24530 Y17.67380
X25.25800 Y17.67380
X25.25800 Y17.68650
X25.27070 Y17.68650
X25.27070 Y17.69920
X25.28340 Y17.69920
X25.28340 Y17.71190
X25.29610 Y17.71190
X25.29610 Y17.72460
X25.30880 Y17.72460
X25.30880 Y17.73730
X25.32150 Y17.73730
X25.32150 Y17.75000
X25.33420 Y17.75000
X25.33420 Y17.76270
X25.34690 Y17.76270
X25.34690 Y17.77540
X25.35960 Y17.77540
X25.35960 Y17.78810
X25.37230 Y17.78810
X25.37230 Y17.80080
X25.38500 Y17.80080
X25.38500 Y17.81350
X25.39770 Y17.81350
X25.39770 Y17.82620
X25.41040 Y17.82620
X25.41040 Y17.83890
X25.42310 Y17.83890
X25.42310 Y17.85160
X25.43580 Y17.85160
X25.43580 Y17.86430
X25.44850 Y17.86430
X25.44850 Y17.87700
X25.46120 Y17.87700
X25.46120 Y17.88970
X25.47390 Y17.88970
X25.47390 Y17.90240
X25.48660 Y17.90240
X25.48660 Y17.91510
X25.49930 Y17.91510
X25.49930 Y17.92780
X25.51200 Y17.92780
X25.51200 Y17.94050
X25.52470 Y17.94050
X25.52470 Y17.95320
X25.53740 Y17.95320
X25.53740 Y17.96590
X25.55010 Y17.96590
X25.55010 Y17.97860
X25.56280 Y17.97860
X25.56280 Y17.99130
X25.57550 Y17.99130
X25.57550 Y18.00400
X25.58820 Y18.00400
X25.58820 Y18.01670
X25.60090 Y18.01670
X25.60090 Y18.02940
X25.61360 Y18.02940
X25.61360 Y18.04210
X25.62630 Y18.04210
X25.62630 Y18.05480
X25.63900 Y18.05480
X25.63900 Y18.06750
X25.65170 Y18.06750
X25.65170 Y18.08020
X25.66440 Y18.08020
X25.66440 Y18.09290
X25.67710 Y18.09290
X25.67710 Y18.10560
X25.68980 Y18.10560
X25.68980 Y18.11830
X25.70250 Y18.11830
X25.70250 Y18.13100
X25.71520 Y18.13100
X25.71520 Y18.14370
X25.72790 Y18.14370
X25.72790 Y18.15640
X25.74060 Y18.15640
X25.74060 Y18.16910
X25.75330 Y18.16910
X25.75330 Y18.18180
X25.76600 Y18.18180
X25.76600 Y18.19450
X25.77870 Y18.19450
X25.77870 Y18.20720
X25.79140 Y18.20720
X25.79140 Y18.21990
X25.80410 Y18.21990
X25.80410 Y18.23260
X25.81680 Y18.23260
X25.81680 Y18.24530
X25.82950 Y18.24530
X25.82950 Y18.25800
X25.84220 Y18.25800
X25.84220 Y18.27070
X25.85490 Y18.27070
X25.85490 Y18.28340
X25.86760 Y18.28340
X25.86760 Y18.29610
X25.88030 Y18.29610
X25.88030 Y18.30880
X25.89300 Y18.30880
X25.89300 Y18.32150
X25.90570 Y18.32150
X25.90570 Y18.33420
X25.91840 Y18.33420
X25.91840 Y18.34690
X25.93110 Y18.34690
X25.93110 Y18.35960
X25.94380 Y18.35960
X25.94380 Y18.37230
X25.95650 Y18.37230
X25.95650 Y18.38500
X25.96920 Y18.38500
X25.96920 Y18.39770
X25.98190 Y18.39770
X25.98190 Y18.41040
X25.99460 Y18.41040
X25.99460 Y18.42310
X26.00730 Y18.42310
X26.00730 Y18.43580
X26.02000 Y18.43580
X26.02000 Y18.44850
X26.03270 Y18.44850
X26.03270 Y18.46120
X26.04540 Y18.46120
X26.04540 Y18.47390
X26.05810 Y18.47390
X26.05810 Y18.48660
X26.07080 Y18.48660
X26.07080 Y18.49930
X26.08350 Y18.49930
X26.08350 Y18.51200
X26.09620 Y18.51200
X26.09620 Y18.52470
X26.10890 Y18.52470
X26.10890 Y18.53740
X26.12160 Y18.53740
X26.12160 Y18.55010
X26.13430 Y18.55010
X26.13430 Y18.56280
X26.14700 Y18.56280
X26.14700 Y18.57550
X26.15970 Y18.57550
X26.15970 Y18.58820
X26.17240 Y18.58820
X26.17240 Y18.60090
X26.18510 Y18.60090
X26.18510 Y18.61360
X26.19780 Y18.61360
X26.19780 Y18.62630
X26.21050 Y18.62630
X26.21050 Y18.63900
X26.22320 Y18.63900
X26.22320 Y18.65170
X26.23590 Y18.65170
X26.23590 Y18.66440
X26.24860 Y18.66440
X26.24860 Y18.67710
X26.26130 Y18.67710
X26.26130 Y18.68980
X26.27400 Y18.68980
X26.27400 Y18.70250
X26.28670 Y18.70250
X26.28670 Y18.71520
X26.29940 Y18.71520
X26.29940 Y18.72790
X26.31210 Y18.72790
X26.31210 Y18.74060
X26.32480 Y18.74060
X26.32480 Y18.75330
X26.33750 Y18.75330
X26.33750 Y18.76600
X26.35020 Y18.76600
X26.35020 Y18.77870
X26.36290 Y18.77870
X26.36290 Y18.79140
X26.37560 Y18.79140
X26.37560 Y18.80410
X26.38830 Y18.80410
X26.38830 Y18.81680
X26.40100 Y18.81680
X26.40100 Y18.82950
X26.41370 Y18.82950
X26.41370 Y18.84220
X26.42640 Y18.84220
X26.42640 Y18.85490
X26.43910 Y18.85490
X26.43910 Y18.86760
X26.45180 Y18.86760
X26.45180 Y18.88030
X26.46450 Y18.88030
X26.46450 Y18.89300
X26.47720 Y18.89300
X26.47720 Y18.90570
X26.48990 Y18.90570
X26.48990 Y18.91840
X26.50260 Y18.91840
X26.50260 Y18.93110
X26.51530 Y18.93110
X26.51530 Y18.94380
X26.52800 Y18.94380
X26.52800 Y18.95650
X26.54070 Y18.95650
X26.54070 Y18.96920
X26.55340 Y18.96920
X26.55340 Y18.98190
X26.56610 Y18.98190
X26.56610 Y18.99460
X26.57880 Y18.99460
X26.57880 Y19.00730
X26.59150 Y19.00730
X26.59150 Y19.02000
X26.60420 Y19.02000
X26.60420 Y19.03270
X26.61690 Y19.03270
X26.61690 Y19.04540
X26.62960 Y19.04540
X26.62960 Y19.05810
X26.64230 Y19.05810
X26.64230 Y19.07080
X26.65500 Y19.07080
X26.65500 Y19.08350
X26.66770 Y19.08350
X26.66770 Y19.09620
X26.68040 Y19.09620
X26.68040 Y19.10890
X26.69310 Y19.10890
X26.69310 Y19.12160
X26.70580 Y19.12160
X26.70580 Y19.13430
X26.71850 Y19.13430
X26.71850 Y19.14700
X26.73120 Y19.14700
X26.73120 Y19.15970
X26.74390 Y19.15970
X26.74390 Y19.17240
X26.75660 Y19.17240
X26.75660 Y19.18510
X26.76930 Y19.18510
X26.76930 Y19.19780
X26.78200 Y19.19780
X26.78200 Y19.21050
X26.79470 Y19.21050
X26.79470 Y19.22320
X26.80740 Y19.22320
X26.80740 Y19.23590
X26.82010 Y19.23590
X26.82010 Y19.24860
X26.83280 Y19.24860
X26.83280 Y19.26130
X26.84550 Y19.26130
X26.84550 Y19.27400
X26.85820 Y19.27400
X26.85820 Y19.28670
X26.87090 Y19.28670
X26.87090 Y19.29940
X26.88360 Y19.29940
X26.88360 Y19.31210
X26.89630 Y19.31210
X26.89630 Y19.32480
X26.90900 Y19.32480
X26.90900 Y19.33750
X26.92170 Y19.33750
X26.92170 Y19.35020
X26.93440 Y19.35020
X26.93440 Y19.36290
X26.94710 Y19.36290
X26.94710 Y19.37560
X26.95980 Y19.37560
X26.95980 Y19.38830
X26.97250 Y19.38830
X26.97250 Y19.40100
X26.98520 Y19.40100
X26.98520 Y19.41370
X26.99790 Y19.41370
X26.99790 Y19.42640
X27.01060 Y19.42640
X27.01060 Y19.43910
X27.02330 Y19.43910
X27.02330 Y19.45180
X27.03600 Y19.45180
X27.03600 Y19.46450
X27.04870 Y19.46450
X27.04870 Y19.47720
X27.06140 Y19.47720
X27.06140 Y19.48990
X27.07410 Y19.48990
X27.07410 Y19.50260
X27.08680 Y19.50260
X27.08680 Y19.51530
X27.09950 Y19.51530
X27.09950 Y19.52800
X27.11220 Y19.52800
X27.11220 Y19.54070
X27.12490 Y19.54070
X27.12490 Y19.55340
X27.13760 Y19.55340
X27.13760 Y19.56610
X27.15030 Y19.56610
X27.15030 Y19.57880
X27.16300 Y19.57880
X27.16300 Y19.59150
X27.17570 Y19.59150
X27.17570 Y19.60420
X27.18840 Y19.60420
X27.18840 Y19.61690
X27.20110 Y19.61690
X27.20110 Y19.62960
X27.21380 Y19.62960
X27.21380 Y19.64230
X27.22650 Y19.64230
X27.22650 Y19.65500
X27.23920 Y19.65500
X27.23920 Y19.66770
X27.25190 Y19.66770
X27.25190 Y19.68040
X27.26460 Y19.68040
X27.26460 Y19.69310
X27.27730 Y19.69310
X27.27730 Y19.70580
X27.29000 Y19.70580
X27.29000 Y19.71850
X27.30270 Y19.71850
X27.30270 Y19.73120
X27.31540 Y19.73120
X27.31540 Y19.74390
X27.32810 Y19.74390
X27.32810 Y19.75660
X27.34080 Y19.75660
X27.34080 Y19.76930
X27.35350 Y19.76930
X27.35350 Y19.78200
X27.36620 Y19.78200
X27.36620 Y19.79470
X27.37890 Y19.79470
X27.37890 Y19.80740
X27.39160 Y19.80740
X27.39160 Y19.82010
X27.40430 Y19.82010
X27.40430 Y19.83280
X27.41700 Y19.83280
X27.41700 Y19.84550
X27.42970 Y19.84550
X27.42970 Y19.85820
X27.44240 Y19.85820
X27.44240 Y19.87090
X27.45510 Y19.87090
X27.45510 Y19.88360
X27.46780 Y19.88360
X27.46780 Y19.89630
X27.48050 Y19.89630
X27.48050 Y19.90900
X27.49320 Y19.90900
X27.49320 Y19.92170
X27.50590 Y19.92170
X27.50590 Y19.93440
X27.51860 Y19.93440
X27.51860 Y19.94710
X27.53130 Y19.94710
X27.53130 Y19.95980
X27.54400 Y19.95980
X27.54400 Y19.97250
X27.55670 Y19.97250
X27.55670 Y19.98520
X27.56940 Y19.98520
X27.56940 Y19.99790
X27.58210 Y19.99790
X27.58210 Y20.01060
X27.59480 Y20.01060
X27.59480 Y20.02330
X27.60750 Y20.02330
X27.60750 Y20.03600
X27.62020 Y20.03600
X27.62020 Y20.04870
X27.63290 Y20.04870
X27.63290 Y20.06140
X27.64560 Y20.06140
X27.64560 Y20.07410
X27.65830 Y20.07410
X27.65830 Y20.08680
X27.67100 Y20.08680
X27.67100 Y20.09950
X27.68370 Y20.09950
X27.68370 Y20.11220
X27.69640 Y20.11220
X27.69640 Y20.12490
X27.70910 Y20.12490
X27.70910 Y20.13760
X27.72180 Y20.13760
X27.72180 Y20.15030
X27.73450 Y20.15030
X27.73450 Y20.16300
X27.74720 Y20.16300
X27.74720 Y20.17570
X27.75990 Y20.17570
X27.75990 Y20.18840
X27.77260 Y20.18840
X27.77260 Y20.20110
X27.78530 Y20.20110
X27.78530 Y20.21380
X27.79800 Y20.21380
X27.79800 Y20.22650
X27.81070 Y20.22650
X27.81070 Y20.23920
X27.82340 Y20.23920
X27.82340 Y20.25190
X27.83610 Y20.25190
X27.83610 Y20.26460
X27.84880 Y20.26460
X27.84880 Y20.27730
X27.86150 Y20.27730
X27.86150 Y20.29000
X27.87420 Y20.29000
X27.87420 Y20.30270
X27.88690 Y20.30270
X27.88690 Y20.31540
X27.89960 Y20.31540
X27.89960 Y20.32810
X27.91230 Y20.32810
X27.91230 Y20.34080
X27.92500 Y20.34080
X27.92500 Y20.35350
X27.93770 Y20.35350
X27.93770 Y20.36620
X27.95040 Y20.36620
X27.95040 Y20.37890
X27.96310 Y20.37890
X27.96310 Y20.39160
X27.97580 Y20.39160
X27.97580 Y20.40430
X27.98850 Y20.40430
X27.98850 Y20.41700
X28.00120 Y20.41700
X28.00120 Y20.42970
X28.01390 Y20.42970
X28.01390 Y20.44240
X28.02660 Y20.44240
X28.02660 Y20.45510
X28.03930 Y20.45510
X28.03930 Y20.46780
X28.05200 Y20.46780
X28.05200 Y20.48050
X28.06470 Y20.48050
X28.06470 Y20.49320
X28.07740 Y20.49320
X28.07740 Y20.50590
X28.09010 Y20.50590
X28.09010 Y20.51860
X28.10280 Y20.51860
X28.10280 Y20.53130
X28.11550 Y20.53130
X28.11550 Y20.54400
X28.12820 Y20.54400
X28.12820 Y20.55670
X28.14090 Y20.55670
X28.14090 Y20.56940
X28.15360 Y20.56940
X28.15360 Y20.58210
X28.16630 Y20.58210
X28.16630 Y20.59480
X28.17900 Y20.59480
X28.17900 Y20.60750
X28.19170 Y20.60750
X28.19170 Y20.62020
X28.20440 Y20.62020
X28.20440 Y20.63290
X28.21710 Y20.63290
X28.21710 Y20.64560
X28.22980 Y20.64560
X28.22980 Y20.65830
X28.24250 Y20.65830
X28.24250 Y20.67100
X28.25520 Y20.67100
X28.25520 Y20.68370
X28.26790 Y20.68370
X28.26790 Y20.69640
X28.28060 Y20.69640
X28.28060 Y20.70910
X28.29330 Y20.70910
X28.29330 Y20.72180
X28.30600 Y20.72180
X28.30600 Y20.73450
X28.31870 Y20.73450
X28.31870 Y20.74720
X28.33140 Y20.74720
X28.33140 Y20.75990
X28.34410 Y20.75990
X28.34410 Y20.77260
X28.35680 Y20.77260
X28.35680 Y20.78530
X28.36950 Y20.78530
X28.36950 Y20.79800
X28.38220 Y20.79800
X28.38220 Y20.81070
X28.39490 Y20.81070
X28.39490 Y20.82340
X28.40760 Y20.82340
X28.40760 Y20.83610
X28.42030 Y20.83610
X28.42030 Y20.84880
X28.43300 Y20.84880
X28.43300 Y20.86150
X28.44570 Y20.86150
X28.44570 Y20.87420
X28.45840 Y20.87420
X28.45840 Y20.88690
X28.47110 Y20.88690
X28.47110 Y20.89960
X28.48380 Y20.89960
X28.48380 Y20.91230
X28.49650 Y20.91230
X28.49650 Y20.92500
X28.50920 Y20.92500
X28.50920 Y20.93770
X28.52190 Y20.93770
X28.52190 Y20.95040
X28.53460 Y20.95040
X28.53460 Y20.96310
X28.54730 Y20.96310
X28.54730 Y20.97580
X28.56000 Y20.97580
X28.56000 Y20.98850
X28.57270 Y20.98850
X28.57270 Y21.00120
X28.58540 Y21.00120
X28.58540 Y21.01390
X28.59810 Y21.01390
X28.59810 Y21.02660
X28.61080 Y21.02660
X28.61080 Y21.03930
X28.62350 Y21.03930
X28.62350 Y21.05200
X28.63620 Y21.05200
X28.63620 Y21.06470
X28.64890 Y21.06470
X28.64890 Y21.07740
X28.66160 Y21.07740
X28.66160 Y21.09010
X28.67430 Y21.09010
X28.67430 Y21.10280
X28.68700 Y21.10280
X28.68700 Y21.11550
X28.69970 Y21.11550
X28.69970 Y21.12820
X28.71240 Y21.12820
X28.71240 Y21.14090
X28.72510 Y21.14090
X28.72510 Y21.15360
X28.73780 Y21.15360
X28.73780 Y21.16630
X28.75050 Y21.16630
X28.75050 Y21.17900
X28.76320 Y21.17900
X28.76320 Y21.19170
X28.77590 Y21.19170
X28.77590 Y21.20440
X28.78860 Y21.20440
X28.78860 Y21.21710
X28.80130 Y21.21710
X28.80130 Y21.22980
X28.81400 Y21.22980
X28.81400 Y21.24250
X28.82670 Y21.24250
X28.82670 Y21.25520
X28.83940 Y21.25520
X28.83940 Y21.26790
X28.85210 Y21.26790
X28.85210 Y21.28060
X28.86480 Y21.28060
X28.86480 Y21.29330
X28.87750 Y21.29330
X28.87750 Y21.30600
X28.89020 Y21.30600
X28.89020 Y21.31870
X28.90290 Y21.31870
X28.90290 Y21.33140
X28.91560 Y21.33140
X28.91560 Y21.34410
X28.92830 Y21.34410
X28.92830 Y21.35680
X28.94100 Y21.35680
X28.94100 Y21.36950
X28.95370 Y21.36950
X28.95370 Y21.38220
X28.96640 Y21.38220
X28.96640 Y21.39490
X28.97910 Y21.39490
X28.97910 Y21.40760
X28.99180 Y21.40760
X28.99180 Y21.42030
X29.00450 Y21.42030
X29.00450 Y21.43300
X29.01720 Y21.43300
X29.01720 Y21.44570
X29.02990 Y21.44570
X29.02990 Y21.45840
X29.04260 Y21.45840
X29.04260 Y21.47110
X29.05530 Y21.47110
X29.05530 Y21.48380
X29.06800 Y21.48380
X29.06800 Y21.49650
X29.08070 Y21.49650
X29.08070 Y21.50920
X29.09340 Y21.50920
X29.09340 Y21.52190
X29.10610 Y21.52190
X29.10610 Y21.53460
X29.11880 Y21.53460
X29.11880 Y21.54730
X29.13150 Y21.54730
X29.13150 Y21.56000
X29.14420 Y21.56000
X29.14420 Y21.57270
X29.15690 Y21.57270
X29.15690 Y21.58540
X29.16960 Y21.58540
X29.16960 Y21.59810
X29.18230 Y21.59810
X29.18230 Y21.61080
X29.19500 Y21.61080
X29.19500 Y21.62350
X29.20770 Y21.62350
X29.20770 Y21.63620
X29.22040 Y21.63620
X29.22040 Y21.64890
X29.23310 Y21.64890
X29.23310 Y21.66160
X29.24580 Y21.66160
X29.24580 Y21.67430
X29.25850 Y21.67430
X29.25850 Y21.68700
X29.27120 Y21.68700
X29.27120 Y21.69970
X29.28390 Y21.69970
X29.28390 Y21.71240
X29.29660 Y21.71240
X29.29660 Y21.72510
X29.30930 Y21.72510
X29.30930 Y21.73780
X29.32200 Y21.73780
X29.32200 Y21.75050
X29.33470 Y21.75050
X29.33470 Y21.76320
X29.34740 Y21.76320
X29.34740 Y21.77590
X29.36010 Y21.77590
X29.36010 Y21.78860
X29.37280 Y21.78860
X29.37280 Y21.80130
X29.38550 Y21.80130
X29.38550 Y21.81400
X29.39820 Y21.81400
X29.39820 Y21.82670
X29.41090 Y21.82670
X29.41090 Y21.83940
X29.42360 Y21.83940
X29.42360 Y21.85210
X29.43630 Y21.85210
X29.43630 Y21.86480
X29.44900 Y21.86480
X29.44900 Y21.87750
X29.46170 Y21.87750
X29.46170 Y21.89020
X29.47440 Y21.89020
X29.47440 Y21.90290
X29.48710 Y21.90290
X29.48710 Y21.91560
X29.49980 Y21.91560
X29.49980 Y21.92830
X29.51250 Y21.92830
X29.51250 Y21.94100
X29.52520 Y21.94100
X29.52520 Y21.95370
X29.53790 Y21.95370
X29.53790 Y21.96640
X29.55060 Y21.96640
X29.55060 Y21.97910
X29.56330 Y21.97910
X29.56330 Y21.99180
X29.57600 Y21.99180
X29.57600 Y22.00450
X29.58870 Y22.00450
X29.58870 Y22.01720
X29.60140 Y22.01720
X29.60140 Y22.02990
X29.61410 Y22.02990
X29.61410 Y22.04260
X29.62680 Y22.04260
X29.62680 Y22.05530
X29.63950 Y22.05530
X29.63950 Y22.06800
X29.65220 Y22.06800
X29.65220 Y22.08070
X29.66490 Y22.08070
X29.66490 Y22.09340
X29.67760 Y22.09340
X29.67760 Y22.10610
X29.69030 Y22.10610
X29.69030 Y22.11880
X29.70300 Y22.11880
X29.70300 Y22.13150
X29.71570 Y22.13150
X29.71570 Y22.14420
X29.72840 Y22.14420
X29.72840 Y22.15690
X29.74110 Y22.15690
X29.74110 Y22.16960
X29.75380 Y22.16960
X29.75380 Y22.18230
X29.76650 Y22.18230
X29.76650 Y22.19500
X29.77920 Y22.19500
X29.77920 Y22.20770
X29.79190 Y22.20770
X29.79190 Y22.22040
X29.80460 Y22.22040
X29.80460 Y22.23310
X29.81730 Y22.23310
X29.81730 Y22.24580
X29.83000 Y22.24580
X29.83000 Y22.25850
X29.84270 Y22.25850
X29.84270 Y22.27120
X29.85540 Y22.27120
X29.85540 Y22.28390
X29.86810 Y22.28390
X29.86810 Y22.29660
X29.88080 Y22.29660
X29.88080 Y22.30930
X29.89350 Y22.30930
X29.89350 Y22.32200
X29.90620 Y22.32200
X29.90620 Y22.33470
X29.91890 Y22.33470
X29.91890 Y22.34740
X29.93160 Y22.34740
X29.93160 Y22.36010
X29.94430 Y22.36010
X29.94430 Y22.37280
X29.95700 Y22.37280
X29.95700 Y22.38550
X29.96970 Y22.38550
X29.96970 Y22.39820
X29.98240 Y22.39820
X29.98240 Y22.41090
X29.99510 Y22.41090
X29.99510 Y22.42360
X30.00780 Y22.42360
X30.00780 Y22.43630
X30.02050 Y22.43630
X30.02050 Y22.44900
X30.03320 Y22.44900
X30.03320 Y22.46170
X30.04590 Y22.46170
X30.04590 Y22.47440
X30.05860 Y22.47440
X30.05860 Y22.48710
X30.07130 Y22.48710
X30.07130 Y22.49980
X30.08400 Y22.49980
X30.08400 Y22.51250
X30.09670 Y22.51250
X30.09670 Y22.52520
X30.10940 Y22.52520
X30.10940 Y22.53790
X30.12210 Y22.53790
X30.12210 Y22.55060
X30.13480 Y22.55060
X30.13480 Y22.56330
X30.14750 Y22.56330
X30.14750 Y22.57600
X30.16020 Y22.57600
X30.16020 Y22.58870
X30.17290 Y22.58870
X30.17290 Y22.60140
X30.18560 Y22.60140
X30.18560 Y22.61410
X30.19830 Y22.61410
X30.19830 Y22.62680
X30.21100 Y22.62680
X30.21100 Y22.63950
X30.22370 Y22.63950
X30.22370 Y22.65220
X30.23640 Y22.65220
X30.23640 Y22.66490
X30.24910 Y22.66490
X30.24910 Y22.67760
X30.26180 Y22.67760
X30.26180 Y22.69030
X30.27450 Y22.69030
X30.27450 Y22.70300
X30.28720 Y22.70300
X30.28720 Y22.71570
X30.29990 Y22.71570
X30.29990 Y22.72840
X30.31260 Y22.72840
X30.31260 Y22.74110
X30.32530 Y22.74110
X30.32530 Y22.75380
X30.33800 Y22.75380
X30.33800 Y22.76650
X30.35070 Y22.76650
X30.35070 Y22.77920
X30.36340 Y22.77920
X30.36340 Y22.79190
X30.37610 Y22.79190
X30.37610 Y22.80460
X30.38880 Y22.80460
X30.38880 Y22.81730
X30.40150 Y22.81730
X30.40150 Y22.83000
X30.41420 Y22.83000
X30.41420 Y22.84270
X30.42690 Y22.84270
X30.42690 Y22.85540
X30.43960 Y22.85540
X30.43960 Y22.86810
X30.45230 Y22.86810
X30.45230 Y22.88080
X30.46500 Y22.88080
X30.46500 Y22.89350
X30.47770 Y22.89350
X30.47770 Y22.90620
X30.49040 Y22.90620
X30.49040 Y22.91890
X30.50310 Y22.91890
X30.50310 Y22.93160
X30.51580 Y22.93160
X30.51580 Y22.94430
X30.52850 Y22.94430
X30.52850 Y22.95700
X30.54120 Y22.95700
X30.54120 Y22.96970
X30.55390 Y22.96970
X30.55390 Y22.98240
X30.56660 Y22.98240
X30.56660 Y22.99510
X30.57930 Y22.99510
X30.57930 Y23.00780
X30.59200 Y23.00780
X30.59200 Y23.02050
X30.60470 Y23.02050
X30.60470 Y23.03320
X30.61740 Y23.03320
X30.61740 Y23.04590
X30.63010 Y23.04590
X30.63010 Y23.05860
X30.64280 Y23.05860
X30.64280 Y23.07130
X30.65550 Y23.07130
X30.65550 Y23.08400
X30.66820 Y23.08400
X30.66820 Y23.09670
X30.68090 Y23.09670
X30.68090 Y23.10940
X30.69360 Y23.10940
X30.69360 Y23.12210
X30.70630 Y23.12210
X30.70630 Y23.13480
X30.71900 Y23.13480
X30.71900 Y23.14750
X30.73170 Y23.14750
X30.73170 Y23.16020
X30.74440 Y23.16020
X30.74440 Y23.17290
X30.75710 Y23.17290
X30.75710 Y23.18560
X30.76980 Y23.18560
X30.76980 Y23.19830
X30.78250 Y23.19830
X30.78250 Y23.21100
X30.79520 Y23.21100
X30.79520 Y23.22370
X30.80790 Y23.22370
X30.80790 Y23.23640
X30.82060 Y23.23640
X30.82060 Y23.24910
X30.83330 Y23.24910
X30.83330 Y23.26180
X30.84600 Y23.26180
X30.84600 Y23.27450
X30.85870 Y23.27450
X30.85870 Y23.28720
X30.87140 Y23.28720
X30.87140 Y23.29990
X30.88410 Y23.29990
X30.88410 Y23.31260
X30.89680 Y23.31260
X30.89680 Y23.32530
X30.90950 Y23.32530
X30.90950 Y23.33800
X30.92220 Y23.33800
X30.92220 Y23.35070
X30.93490 Y23.35070
X30.93490 Y23.36340
X30.94760 Y23.36340
X30.94760 Y23.37610
X30.96030 Y23.37610
X30.96030 Y23.38880
X30.97300 Y23.38880
X30.97300 Y23.40150
X30.98570 Y23.40150
X30.98570 Y23.41420
X30.99840 Y23.41420
X30.99840 Y23.42690
X31.01110 Y23.42690
X31.01110 Y23.43960
X31.02380 Y23.43960
X31.02380 Y23.45230
X31.03650 Y23.45230
X31.03650 Y23.46500
X31.04920 Y23.46500
X31.04920 Y23.47770
X31.06190 Y23.47770
X31.06190 Y23.49040
X31.07460 Y23.49040
X31.07460 Y23.50310
X31.08730 Y23.50310
X31.08730 Y23.51580
X31.10000 Y23.51580
X31.10000 Y23.52850
X31.11270 Y23.52850
X31.11270 Y23.54120
X31.12540 Y23.54120
X31.12540 Y23.55390
X31.13810 Y23.55390
X31.13810 Y23.56660
X31.15080 Y23.56660
X31.15080 Y23.57930
X31.16350 Y23.57930
X31.16350 Y23.59200
X31.17620 Y23.59200
X31.17620 Y23.60470
X31.18890 Y23.60470
X31.18890 Y23.61740
X31.20160 Y23.61740
X31.20160 Y23.63010
X31.21430 Y23.63010
X31.21430 Y23.64280
X31.22700 Y23.64280
X31.22700 Y23.65550
X31.23970 Y23.65550
X31.23970 Y23.66820
X31.25240 Y23.66820
X31.25240 Y23.68090
X31.26510 Y23.68090
X31.26510 Y23.69360
X31.27780 Y23.69360
X31.27780 Y23.70630
X31.29050 Y23.70630
X31.29050 Y23.71900
X31.30320 Y23.71900
X31.30320 Y23.73170
X31.31590 Y23.73170
X31.31590 Y23.74440
X31.32860 Y23.74440
X31.32860 Y23.75710
X31.34130 Y23.75710
X31.34130 Y23.76980
X31.35400 Y23.76980
X31.35400 Y23.78250
X31.36670 Y23.78250
X31.36670 Y23.79520
X31.37940 Y23.79520
X31.37940 Y23.80790
X31.39210 Y23.80790
X31.39210 Y23.82060
X31.40480 Y23.82060
X31.40480 Y23.83330
X31.41750 Y23.83330
X31.41750 Y23.84600
X31.43020 Y23.84600
X31.43020 Y23.85870
X31.44290 Y23.85870
X31.44290 Y23.87140
X31.45560 Y23.87140
X31.45560 Y23.88410
X31.46830 Y23.88410
X31.46830 Y23.89680
X31.48100 Y23.89680
X31.48100 Y23.90950
X31.49370 Y23.90950
X31.49370 Y23.92220
X31.50640 Y23.92220
X31.50640 Y23.93490
X31.51910 Y23.93490
X31.51910 Y23.94760
X31.53180 Y23.94760
X31.53180 Y23.96030
X31.54450 Y23.96030
X31.54450 Y23.97300
X31.55720 Y23.97300
X31.55720 Y23.98570
X31.56990 Y23.98570
X31.56990 Y23.99840
X31.58260 Y23.99840
X31.58260 Y24.01110
X31.59530 Y24.01110
X31.59530 Y24.02380
X31.60800 Y24.02380
X31.60800 Y24.03650
X31.62070 Y24.03650
X31.62070 Y24.04920
X31.63340 Y24.04920
X31.63340 Y24.06190
X31.64610 Y24.06190
X31.64610 Y24.07460
X31.65880 Y24.07460
X31.65880 Y24.08730
X31.67150 Y24.08730
X31.67150 Y24.10000
X31.68420 Y24.10000
X31.68420 Y24.11270
X31.69690 Y24.11270
X31.69690 Y24.12540
X31.70960 Y24.12540
X31.70960 Y24.13810
X31.72230 Y24.13810
X31.72230 Y24.15080
X31.73500 Y24.15080
X31.73500 Y24.16350
X31.74770 Y24.16350
X31.74770 Y24.17620
X31.76040 Y24.17620
X31.76040 Y24.18890
X31.77310 Y24.18890
X31.77310 Y24.20160
X31.78580 Y24.20160
X31.78580 Y24.21430
X31.79850 Y24.21430
X31.79850 Y24.22700
X31.81120 Y24.22700
X31.81120 Y24.23970
X31.82390 Y24.23970
X31.82390 Y24.25240
X31.83660 Y24.25240
X31.83660 Y24.26510
X31.84930 Y24.26510
X31.84930 Y24.27780
X31.86200 Y24.27780
X31.86200 Y24.29050
X31.87470 Y24.29050
X31.87470 Y24.30320
X31.88740 Y24.30320
X31.88740 Y24.31590
X31.90010 Y24.31590
X31.90010 Y24.32860
X31.91280 Y24.32860
X31.91280 Y24.34130
X31.92550 Y24.34130
X31.92550 Y24.35400
X31.93820 Y24.35400
X31.93820 Y24.36670
X31.95090 Y24.36670
X31.95090 Y24.37940
X31.96360 Y24.37940
X31.96360 Y24.39210
X31.97630 Y24.39210
X31.97630 Y24.40480
X31.98900 Y24.40480
X31.98900 Y24.41750
X32.00170 Y24.41750
X32.00170 Y24.43020
X32.01440 Y24.43020
X32.01440 Y24.44290
X32.02710 Y24.44290
X32.02710 Y24.45560
X32.03980 Y24.45560
X32.03980 Y24.46830
X32.05250 Y24.46830
X32.05250 Y24.48100
X32.06520 Y24.48100
X32.06520 Y24.49370
X32.07790 Y24.49370
X32.07790 Y24.50640
X32.09060 Y24.50640
X32.09060 Y24.51910
X32.10330 Y24.51910
X32.10330 Y24.53180
X32.11600 Y24.53180
X32.11600 Y24.54450
X32.12870 Y24.54450
X32.12870 Y24.55720
X32.14140 Y24.55720
X32.14140 Y24.56990
X32.15410 Y24.56990
X32.15410 Y24.58260
X32.16680 Y24.58260
X32.16680 Y24.59530
X32.17950 Y24.59530
X32.17950 Y24.60800
X32.19220 Y24.60800
X32.19220 Y24.62070
X32.20490 Y24.62070
X32.20490 Y24.63340
X32.21760 Y24.63340
X32.21760 Y24.64610
X32.23030 Y24.64610
X32.23030 Y24.65880
X32.24300 Y24.65880
X32.24300 Y24.67150
X32.25570 Y24.67150
X32.25570 Y24.68420
X32.26840 Y24.68420
X32.26840 Y24.69690
X32.28110 Y24.69690
X32.28110 Y24.70960
X32.29380 Y24.70960
X32.29380 Y24.72230
X32.30650 Y24.72230
X32.30650 Y24.73500
X32.31920 Y24.73500
X32.31920 Y24.74770
X32.33190 Y24.74770
X32.33190 Y24.76040
X32.34460 Y24.76040
X32.34460 Y24.77310
X32.35730 Y24.77310
X32.35730 Y24.78580
X32.37000 Y24.78580
X32.37000 Y24.79850
X32.38270 Y24.79850
X32.38270 Y24.81120
X32.39540 Y24.81120
X32.39540 Y24.82390
X32.40810 Y24.82390
X32.40810 Y24.83660
X32.42080 Y24.83660
X32.42080 Y24.84930
X32.43350 Y24.84930
X32.43350 Y24.86200
X32.44620 Y24.86200
X32.44620 Y24.87470
X32.45890 Y24.87470
X32.45890 Y24.88740
X32.47160 Y24.88740
X32.47160 Y24.90010
X32.48430 Y24.90010
X32.48430 Y24.91280
X32.49700 Y24.91280
X32.49700 Y24.92550
X32.50970 Y24.92550
X32.50970 Y24.93820
X32.52240 Y24.93820
X32.52240 Y24.95090
X32.53510 Y24.95090
X32.53510 Y24.96360
X32.54780 Y24.96360
X32.54780 Y24.97630
X32.56050 Y24.97630
X32.56050 Y24.98900
X32.57320 Y24.98900
X32.57320 Y25.00170
X32.58590 Y25.00170
X32.58590 Y25.01440
X32.59860 Y25.01440
X32.59860 Y25.02710
X32.61130 Y25.02710
X32.61130 Y25.03980
X32.62400 Y25.03980
X32.62400 Y25.05250
X32.63670 Y25.05250
X32.63670 Y25.06520
X32.64940 Y25.06520
X32.64940 Y25.07790
X32.66210 Y25.07790
X32.66210 Y25.09060
X32.67480 Y25.09060
X32.67480 Y25.10330
X32.68750 Y25.10330
X32.68750 Y25.11600
X32.70020 Y25.11600
X32.70020 Y25.12870
X32.71290 Y25.12870
X32.71290 Y25.14140
X32.72560 Y25.14140
X32.72560 Y25.15410
X32.73830 Y25.15410
X32.73830 Y25.16680
X32.75100 Y25.16680
X32.75100 Y25.17950
X32.76370 Y25.17950
X32.76370 Y25.19220
X32.77640 Y25.19220
X32.77640 Y25.20490
X32.78910 Y25.20490
X32.78910 Y25.21760
X32.80180 Y25.21760
X32.80180 Y25.23030
X32.81450 Y25.23030
X32.81450 Y25.24300
X32.82720 Y25.24300
X32.82720 Y25.25570
X32.83990 Y25.25570
X32.83990 Y25.26840
X32.85260 Y25.26840
X32.85260 Y25.28110
X32.86530 Y25.28110
X32.86530 Y25.29380
X32.87800 Y25.29380
X32.87800 Y25.30650
X32.89070 Y25.30650
X32.89070 Y25.31920
X32.90340 Y25.31920
X32.90340 Y25.33190
X32.91610 Y25.33190
X32.91610 Y25.34460
X32.92880 Y25.34460
X32.92880 Y25.35730
X32.94150 Y25.35730
X32.94150 Y25.37000
X32.95420 Y25.37000
X32.95420 Y25.38270
X32.96690 Y25.38270
X32.96690 Y25.39540
X32.97960 Y25.39540
X32.97960 Y25.40810
X32.99230 Y25.40810
X32.99230 Y25.42080
X33.00500 Y25.42080
X33.00500 Y25.43350
X33.01770 Y25.43350
X33.01770 Y25.44620
X33.03040 Y25.44620
X33.03040 Y25.45890
X33.04310 Y25.45890
X33.04310 Y25.47160
X33.05580 Y25.47160
X33.05580 Y25.48430
X33.06850 Y25.48430
X33.06850 Y25.49700
X33.08120 Y25.49700
X33.08120 Y25.50970
X33.09390 Y25.50970
X33.09390 Y25.52240
X33.10660 Y25.52240
X33.10660 Y25.53510
X33.11930 Y25.53510
X33.11930 Y25.54780
X33.13200 Y25.54780
X33.13200 Y25.56050
X33.14470 Y25.56050
X33.14470 Y25.57320
X33.15740 Y25.57320
X33.15740 Y25.58590
X33.17010 Y25.58590
X33.17010 Y25.59860
X33.18280 Y25.59860
X33.18280 Y25.61130
X33.19550 Y25.61130
X33.19550 Y25.62400
X33.20820 Y25.62400
X33.20820 Y25.63670
X33.22090 Y25.63670
X33.22090 Y25.64940
X33.23360 Y25.64940
X33.23360 Y25.66210
X33.24630 Y25.66210
X33.24630 Y25.67480
X33.25900 Y25.67480
X33.25900 Y25.68750
X33.27170 Y25.68750
X33.27170 Y25.70020
X33.28440 Y25.70020
X33.28440 Y25.71290
X33.29710 Y25.71290
X33.29710 Y25.72560
X33.30980 Y25.72560
X33.30980 Y25.73830
X33.32250 Y25.73830
X33.32250 Y25.75100
X33.33520 Y25.75100
X33.33520 Y25.76370
X33.34790 Y25.76370
X33.34790 Y25.77640
X33.36060 Y25.77640
X33.36060 Y25.78910
X33.37330 Y25.78910
X33.37330 Y25.80180
X33.38600 Y25.80180
X33.38600 Y25.81450
X33.39870 Y25.81450
X33.39870 Y25.82720
X33.41140 Y25.82720
X33.41140 Y25.83990
X33.42410 Y25.83990
X33.42410 Y25.85260
X33.43680 Y25.85260
X33.43680 Y25.86530
X33.44950 Y25.86530
X33.44950 Y25.87800
X33.46220 Y25.87800
X33.46220 Y25.89070
X33.47490 Y25.89070
X33.47490 Y25.90340
X33.48760 Y25.90340
X33.48760 Y25.91610
X33.50030 Y25.91610
X33.50030 Y25.92880
X33.51300 Y25.92880
X33.51300 Y25.94150
X33.52570 Y25.94150
X33.52570 Y25.95420
X33.53840 Y25.95420
X33.53840 Y25.96690
X33.55110 Y25.96690
X33.55110 Y25.97960
X33.56380 Y25.97960
X33.56380 Y25.99230
X33.57650 Y25.99230
X33.57650 Y26.00500
X33.58920 Y26.00500
X33.58920 Y26.01770
X33.60190 Y26.01770
X33.60190 Y26.03040
X33.61460 Y26.03040
X33.61460 Y26.04310
X33.62730 Y26.04310
X33.62730 Y26.05580
X33.64000 Y26.05580
X33.64000 Y26.06850
X33.65270 Y26.06850
X33.65270 Y26.08120
X33.66540 Y26.08120
X33.66540 Y26.09390
X33.67810 Y26.09390
X33.67810 Y26.10660
X33.69080 Y26.10660
X33.69080 Y26.11930
X33.70350 Y26.11930
X33.70350 Y26.13200
X33.71620 Y26.13200
X33.71620 Y26.14470
X33.72890 Y26.14470
X33.72890 Y26.15740
X33.74160 Y26.15740
X33.74160 Y26.17010
X33.75430 Y26.17010
X33.75430 Y26.18280
X33.76700 Y26.18280
X33.76700 Y26.19550
X33.77970 Y26.19550
X33.77970 Y26.20820
X33.79240 Y26.20820
X33.79240 Y26.22090
X33.80510 Y26.22090
X33.80510 Y26.23360
X33.81780 Y26.23360
X33.81780 Y26.24630
X33.83050 Y26.24630
X33.83050 Y26.25900
X33.84320 Y26.25900
X33.84320 Y26.27170
X33.85590 Y26.27170
X33.85590 Y26.28440
X33.86860 Y26.28440
X33.86860 Y26.29710
X33.88130 Y26.29710
X33.88130 Y26.30980
X33.89400 Y26.30980
X33.89400 Y26.32250
X33.90670 Y26.32250
X33.90670 Y26.33520
X33.91940 Y26.33520
X33.91940 Y26.34790
X33.93210 Y26.34790
X33.93210 Y26.36060
X33.94480 Y26.36060
X33.94480 Y26.37330
X33.95750 Y26.37330
X33.95750 Y26.38600
X33.97020 Y26.38600
X33.97020 Y26.39870
X33.98290 Y26.39870
X33.98290 Y26.41140
X33.99560 Y26.41140
X33.99560 Y26.42410
X34.00830 Y26.42410
X34.00830 Y26.43680
X34.02100 Y26.43680
X34.02100 Y26.44950
X34.03370 Y26.44950
X34.03370 Y26.46220
X34.04640 Y26.46220
X34.04640 Y26.47490
X34.05910 Y26.47490
X34.05910 Y26.48760
X34.07180 Y26.48760
X34.07180 Y26.50030
X34.08450 Y26.50030
X34.08450 Y26.51300
X34.09720 Y26.51300
X34.09720 Y26.52570
X34.10990 Y26.52570
X34.10990 Y26.53840
X34.12260 Y26.53840
X34.12260 Y26.55110
X34.13530 Y26.55110
X34.13530 Y26.56380
X34.14800 Y26.56380
X34.14800 Y26.57650
X34.16070 Y26.57650
X34.16070 Y26.58920
X34.17340 Y26.58920
X34.17340 Y26.60190
X34.18610 Y26.60190
X34.18610 Y26.61460
X34.19880 Y26.61460
X34.19880 Y26.62730
X34.21150 Y26.62730
X34.21150 Y26.64000
X34.22420 Y26.64000
X34.22420 Y26.65270
X34.23690 Y26.65270
X34.23690 Y26.66540
X34.24960 Y26.66540
X34.24960 Y26.67810
X34.26230 Y26.67810
X34.26230 Y26.69080
X34.27500 Y26.69080
X34.27500 Y26.70350
X34.28770 Y26.70350
X34.28770 Y26.71620
X34.30040 Y26.71620
X34.30040 Y26.72890
X34.31310 Y26.72890
X34.31310 Y26.74160
X34.32580 Y26.74160
X34.32580 Y26.75430
X34.33850 Y26.75430
X34.33850 Y26.76700
X34.35120 Y26.76700
X34.35120 Y26.77970
X34.36390 Y26.77970
X34.36390 Y26.79240
X34.37660 Y26.79240
X34.37660 Y26.80510
X34.38930 Y26.80510
X34.38930 Y26.81780
X34.40200 Y26.81780
X34.40200 Y26.83050
X34.41470 Y26.83050
X34.41470 Y26.84320
X34.42740 Y26.84320
X34.42740 Y26.85590
X34.44010 Y26.85590
X34.44010 Y26.86860
X34.45280 Y26.86860
X34.45280 Y26.88130
X34.46550 Y26.88130
X34.46550 Y26.89400
X34.47820 Y26.89400
X34.47820 Y26.90670
X34.49090 Y26.90670
X34.49090 Y26.91940
X34.50360 Y26.91940
X34.50360 Y26.93210
X34.51630 Y26.93210
X34.51630 Y26.94480
X34.52900 Y26.94480
X34.52900 Y26.95750
X34.54170 Y26.95750
X34.54170 Y26.97020
X34.55440 Y26.97020
X34.55440 Y26.98290
X34.56710 Y26.98290
X34.56710 Y26.99560
X34.57980 Y26.99560
X34.57980 Y27.00830
X34.59250 Y27.00830
X34.59250 Y27.02100
X34.60520 Y27.02100
X34.60520 Y27.03370
X34.61790 Y27.03370
X34.61790 Y27.04640
X34.63060 Y27.04640
X34.63060 Y27.05910
X34.64330 Y27.05910
X34.64330 Y27.07180
X34.65600 Y27.07180
X34.65600 Y27.08450
X34.66870 Y27.08450
X34.66870 Y27.09720
X34.68140 Y27.09720
X34.68140 Y27.10990
X34.69410 Y27.10990
X34.69410 Y27.12260
X34.70680 Y27.12260
X34.70680 Y27.13530
X34.71950 Y27.13530
X34.71950 Y27.14800
X34.73220 Y27.14800
X34.73220 Y27.16070
X34.74490 Y27.16070
X34.74490 Y27.17340
X34.75760 Y27.17340
X34.75760 Y27.18610
X34.77030 Y27.18610
X34.77030 Y27.19880
X34.78300 Y27.19880
X34.78300 Y27.21150
X34.79570 Y27.21150
X34.79570 Y27.22420
X34.80840 Y27.22420
X34.80840 Y27.23690
X34.82110 Y27.23690
X34.82110 Y27.24960
X34.83380 Y27.24960
X34.83380 Y27.26230
X34.84650 Y27.26230
X34.84650 Y27.27500
X34.85920 Y27.27500
X34.85920 Y27.28770
X34.87190 Y27.28770
X34.87190 Y27.30040
X34.88460 Y27.30040
X34.88460 Y27.31310
X34.89730 Y27.31310
X34.89730 Y27.32580
X34.91000 Y27.32580
X34.91000 Y27.33850
X34.92270 Y27.33850
X34.92270 Y27.35120
X34.93540 Y27.35120
X34.93540 Y27.36390
X34.94810 Y27.36390
X34.94810 Y27.37660
X34.96080 Y27.37660
X34.96080 Y27.38930
X34.97350 Y27.38930
X34.97350 Y27.40200
X34.98620 Y27.40200
X34.98620 Y27.41470
X34.99890 Y27.41470
X34.99890 Y27.42740
X35.01160 Y27.42740
X35.01160 Y27.44010
X35.02430 Y27.44010
X35.02430 Y27.45280
X35.03700 Y27.45280
X35.03700 Y27.46550
X35.04970 Y27.46550
X35.04970 Y27.47820
X35.06240 Y27.47820
X35.06240 Y27.49090
X35.07510 Y27.49090
X35.07510 Y27.50360
X35.08780 Y27.50360
X35.08780 Y27.51630
X35.10050 Y27.51630
X35.10050 Y27.52900
X35.11320 Y27.52900
X35.11320 Y27.54170
X35.12590 Y27.54170
X35.12590 Y27.55440
X35.13860 Y27.55440
X35.13860 Y27.56710
X35.15130 Y27.56710
X35.15130 Y27.57980
X35.16400 Y27.57980
X35.16400 Y27.59250
X35.17670 Y27.59250
X35.17670 Y27.60520
X35.18940 Y27.60520
X35.18940 Y27.61790
X35.20210 Y27.61790
X35.20210 Y27.63060
X35.21480 Y27.63060
X35.21480 Y27.64330
X35.22750 Y27.64330
X35.22750 Y27.65600
X35.24020 Y27.65600
X35.24020 Y27.66870
X35.25290 Y27.66870
X35.25290 Y27.68140
X35.26560 Y27.68140
X35.26560 Y27.69410
X35.27830 Y27.69410
X35.27830 Y27.70680
X35.29100 Y27.70680
X35.29100 Y27.71950
X35.30370 Y27.71950
X35.30370 Y27.73220
X35.31640 Y27.73220
X35.31640 Y27.74490
X35.32910 Y27.74490
X35.32910 Y27.75760
X35.34180 Y27.75760
X35.34180 Y27.77030
X35.35450 Y27.77030
X35.35450 Y27.78300
X35.36720 Y27.78300
X35.36720 Y27.79570
X35.37990 Y27.79570
X35.37990 Y27.80840
X35.39260 Y27.80840
X35.39260 Y27.82110
X35.40530 Y27.82110
X35.40530 Y27.83380
X35.41800 Y27.83380
X35.41800 Y27.84650
X35.43070 Y27.84650
X35.43070 Y27.85920
X35.44340 Y27.85920
X35.44340 Y27.87190
X35.45610 Y27.87190
X35.45610 Y27.88460
X35.46880 Y27.88460
X35.46880 Y27.89730
X35.48150 Y27.89730
X35.48150 Y27.91000
X35.49420 Y27.91000
X35.49420 Y27.92270
X35.50690 Y27.92270
X35.50690 Y27.93540
X35.51960 Y27.93540
X35.51960 Y27.94810
X35.53230 Y27.94810
X35.53230 Y27.96080
X35.54500 Y27.96080
X35.54500 Y27.97350
X35.55770 Y27.97350
X35.55770 Y27.98620
X35.57040 Y27.98620
X35.57040 Y27.99890
X35.58310 Y27.99890
X35.58310 Y28.01160
X35.59580 Y28.01160
X35.59580 Y28.02430
X35.60850 Y28.02430
X35.60850 Y28.03700
X35.62120 Y28.03700
X35.62120 Y28.04970
X35.63390 Y28.04970
X35.63390 Y28.06240
X35.64660 Y28.06240
X35.64660 Y28.07510
X35.65930 Y28.07510
X35.65930 Y28.08780
X35.67200 Y28.08780
X35.67200 Y28.10050
X35.68470 Y28.10050
X35.68470 Y28.11320
X35.69740 Y28.11320
X35.69740 Y28.12590
X35.71010 Y28.12590
X35.71010 Y28.13860
X35.72280 Y28.13860
X35.72280 Y28.15130
X35.73550 Y28.15130
X35.73550 Y28.16400
X35.74820 Y28.16400
X35.74820 Y28.17670
X35.76090 Y28.17670
X35.76090 Y28.18940
X35.77360 Y28.18940
X35.77360 Y28.20210
X35.78630 Y28.20210
X35.78630 Y28.21480
X35.79900 Y28.21480
X35.79900 Y28.22750
X35.81170 Y28.22750
X35.81170 Y28.24020
X35.82440 Y28.24020
X35.82440 Y28.25290
X35.83710 Y28.25290
X35.83710 Y28.26560
X35.84980 Y28.26560
X35.84980 Y28.27830
X35.86250 Y28.27830
X35.86250 Y28.29100
X35.87520 Y28.29100
X35.87520 Y28.30370
X35.88790 Y28.30370
X35.88790 Y28.31640
X35.90060 Y28.31640
X35.90060 Y28.32910
X35.91330 Y28.32910
X35.91330 Y28.34180
X35.92600 Y28.34180
X35.92600 Y28.35450
X35.93870 Y28.35450
X35.93870 Y28.36720
X35.95140 Y28.36720
X35.95140 Y28.37990
X35.96410 Y28.37990
X35.96410 Y28.39260
X35.97680 Y28.39260
X35.97680 Y28.40530
X35.98950 Y28.40530
X35.98950 Y28.41800
X36.00220 Y28.41800
X36.00220 Y28.43070
X36.01490 Y28.43070
X36.01490 Y28.44340
X36.02760 Y28.44340
X36.02760 Y28.45610
X36.04030 Y28.45610
X36.04030 Y28.46880
X36.05300 Y28.46880
X36.05300 Y28.48150
X36.06570 Y28.48150
X36.06570 Y28.49420
X36.07840 Y28.49420
X36.07840 Y28.50690
X36.09110 Y28.50690
X36.09110 Y28.51960
X36.10380 Y28.51960
X36.10380 Y28.53230
X36.11650 Y28.53230
X36.11650 Y28.54500
X36.12920 Y28.54500
X36.12920 Y28.55770
X36.14190 Y28.55770
X36.14190 Y28.57040
X36.15460 Y28.57040
X36.15460 Y28.58310
X36.16730 Y28.58310
X36.16730 Y28.59580
X36.18000 Y28.59580
X36.18000 Y28.60850
X36.19270 Y28.60850
X36.19270 Y28.62120
X36.20540 Y28.62120
X36.20540 Y28.63390
X36.21810 Y28.63390
X36.21810 Y28.64660
X36.23080 Y28.64660
X36.23080 Y28.65930
X36.24350 Y28.65930
X36.24350 Y28.67200
X36.25620 Y28.67200
X36.25620 Y28.68470
X36.26890 Y28.68470
X36.26890 Y28.69740
X36.28160 Y28.69740
X36.28160 Y28.71010
X36.29430 Y28.71010
X36.29430 Y28.72280
X36.30700 Y28.72280
X36.30700 Y28.73550
X36.31970 Y28.73550
X36.31970 Y28.74820
X36.33240 Y28.74820
X36.33240 Y28.76090
X36.34510 Y28.76090
X36.34510 Y28.77360
X36.35780 Y28.77360
X36.35780 Y28.78630
X36.37050 Y28.78630
X36.37050 Y28.79900
X36.38320 Y28.79900
X36.38320 Y28.81170
X36.39590 Y28.81170
X36.39590 Y28.82440
X36.40860 Y28.82440
X36.40860 Y28.83710
X36.42130 Y28.83710
X36.42130 Y28.84980
X36.43400 Y28.84980
X36.43400 Y28.86250
X36.44670 Y28.86250
X36.44670 Y28.87520
X36.45940 Y28.87520
X36.45940 Y28.88790
X36.47210 Y28.88790
X36.47210 Y28.90060
X36.48480 Y28.90060
X36.48480 Y28.91330
X36.49750 Y28.91330
X36.49750 Y28.92600
X36.51020 Y28.92600
X36.51020 Y28.93870
X36.52290 Y28.93870
X36.52290 Y28.95140
X36.53560 Y28.95140
X36.53560 Y28.96410
X36.54830 Y28.96410
X36.54830 Y28.97680
X36.56100 Y28.97680
X36.56100 Y28.98950
X36.57370 Y28.98950
X36.57370 Y29.00220
X36.58640 Y29.00220
X36.58640 Y29.01490
X36.59910 Y29.01490
X36.59910 Y29.02760
X36.61180 Y29.02760
X36.61180 Y29.04030
X36.62450 Y29.04030
X36.62450 Y29.05300
X36.63720 Y29.05300
X36.63720 Y29.06570
X36.64990 Y29.06570
X36.64990 Y29.07840
X36.66260 Y29.07840
X36.66260 Y29.09110
X36.67530 Y29.09110
X36.67530 Y29.10380
X36.68800 Y29.10380
X36.68800 Y29.11650
X36.70070 Y29.11650
X36.70070 Y29.12920
X36.71340 Y29.12920
X36.71340 Y29.14190
X36.72610 Y29.14190
X36.72610 Y29.15460
X36.73880 Y29.15460
X36.73880 Y29.16730
X36.75150 Y29.16730
X36.75150 Y29.18000
X36.76420 Y29.18000
X36.76420 Y29.19270
X36.77690 Y29.19270
X36.77690 Y29.20540
X36.78960 Y29.20540
X36.78960 Y29.21810
X36.80230 Y29.21810
X36.80230 Y29.23080
X36.81500 Y29.23080
X36.81500 Y29.24350
X36.82770 Y29.24350
X36.82770 Y29.25620
X36.84040 Y29.25620
X36.84040 Y29.26890
X36.85310 Y29.26890
X36.85310 Y29.28160
X36.86580 Y29.28160
X36.86580 Y29.29430
X36.87850 Y29.29430
X36.87850 Y29.30700
X36.89120 Y29.30700
X36.89120 Y29.31970
X36.90390 Y29.31970
X36.90390 Y29.33240
X36.91660 Y29.33240
X36.91660 Y29.34510
X36.92930 Y29.34510
X36.92930 Y29.35780
X36.94200 Y29.35780
X36.94200 Y29.37050
X36.95470 Y29.37050
X36.95470 Y29.38320
X36.96740 Y29.38320
X36.96740 Y29.39590
X36.98010 Y29.39590
X36.98010 Y29.40860
X36.99280 Y29.40860
X36.99280 Y29.42130
X37.00550 Y29.42130
X37.00550 Y29.43400
X37.01820 Y29.43400
X37.01820 Y29.44670
X37.03090 Y29.44670
X37.03090 Y29.45940
X37.04360 Y29.45940
X37.04360 Y29.47210
X37.05630 Y29.47210
X37.05630 Y29.48480
X37.06900 Y29.48480
X37.06900 Y29.49750
X37.08170 Y29.49750
X37.08170 Y29.51020
X37.09440 Y29.51020
X37.09440 Y29.52290
X37.10710 Y29.52290
X37.10710 Y29.53560
X37.11980 Y29.53560
X37.11980 Y29.54830
X37.13250 Y29.54830
X37.13250 Y29.56100
X37.14520 Y29.56100
X37.14520 Y29.57370
X37.15790 Y29.57370
X37.15790 Y29.58640
X37.17060 Y29.58640
X37.17060 Y29.59910
X37.18330 Y29.59910
X37.18330 Y29.61180
X37.19600 Y29.61180
X37.19600 Y29.62450
X37.20870 Y29.62450
X37.20870 Y29.63720
X37.22140 Y29.63720
X37.22140 Y29.64990
X37.23410 Y29.64990
X37.23410 Y29.66260
X37.24680 Y29.66260
X37.24680 Y29.67530
X37.25950 Y29.67530
X37.25950 Y29.68800
X37.27220 Y29.68800
X37.27220 Y29.70070
X37.28490 Y29.70070
X37.28490 Y29.71340
X37.29760 Y29.71340
X37.29760 Y29.72610
X37.31030 Y29.72610
X37.31030 Y29.73880
X37.32300 Y29.73880
X37.32300 Y29.75150
X37.33570 Y29.75150
X37.33570 Y29.76420
X37.34840 Y29.76420
X37.34840 Y29.77690
X37.36110 Y29.77690
X37.36110 Y29.78960
X37.37380 Y29.78960
X37.37380 Y29.80230
X37.38650 Y29.80230
X37.38650 Y29.81500
X37.39920 Y29.81500
X37.39920 Y29.82770
X37.41190 Y29.82770
X37.41190 Y29.84040
X37.42460 Y29.84040
X37.42460 Y29.85310
X37.43730 Y29.85310
X37.43730 Y29.86580
X37.45000 Y29.86580
X37.45000 Y29.87850
X37.46270 Y29.87850
X37.46270 Y29.89120
X37.47540 Y29.89120
X37.47540 Y29.90390
X37.48810 Y29.90390
X37.48810 Y29.91660
X37.50080 Y29.91660
X37.50080 Y29.92930
X37.51350 Y29.92930
X37.51350 Y29.94200
X37.52620 Y29.94200
X37.52620 Y29.95470
X37.53890 Y29.95470
X37.53890 Y29.96740
X37.55160 Y29.96740
X37.55160 Y29.98010
X37.56430 Y29.98010
X37.56430 Y29.99280
X37.57700 Y29.99280
X37.57700 Y30.00550
X37.58970 Y30.00550
X37.58970 Y30.01820
X37.60240 Y30.01820
X37.60240 Y30.03090
X37.61510 Y30.03090
X37.61510 Y30.04360
X37.62780 Y30.04360
X37.62780 Y30.05630
X37.64050 Y30.05630
X37.64050 Y30.06900
X37.65320 Y30.06900
X37.65320 Y30.08170
X37.66590 Y30.08170
X37.66590 Y30.09440
X37.67860 Y30.09440
X37.67860 Y30.10710
X37.69130 Y30.10710
X37.69130 Y30.11980
X37.70400 Y30.11980
X37.70400 Y30.13250
X37.71670 Y30.13250
X37.71670 Y30.14520
X37.72940 Y30.14520
X37.72940 Y30.15790
X37.74210 Y30.15790
X37.74210 Y30.17060
X37.75480 Y30.17060
X37.75480 Y30.18330
X37.76750 Y30.18330
X37.76750 Y30.19600
X37.78020 Y30.19600
X37.78020 Y30.20870
X37.79290 Y30.20870
X37.79290 Y30.22140
X37.80560 Y30.22140
X37.80560 Y30.23410
X37.81830 Y30.23410
X37.81830 Y30.24680
X37.83100 Y30.24680
X37.83100 Y30.25950
X37.84370 Y30.25950
X37.84370 Y30.27220
X37.85640 Y30.27220
X37.85640 Y30.28490
X37.86910 Y30.28490
X37.86910 Y30.29760
X37.88180 Y30.29760
X37.88180 Y30.31030
X37.89450 Y30.31030
X37.89450 Y30.32300
X37.90720 Y30.32300
X37.90720 Y30.33570
X37.91990 Y30.33570
X37.91990 Y30.34840
X37.93260 Y30.34840
X37.93260 Y30.36110
X37.94530 Y30.36110
X37.94530 Y30.37380
X37.95800 Y30.37380
X37.95800 Y30.38650
X37.97070 Y30.38650
X37.97070 Y30.39920
X37.98340 Y30.39920
X37.98340 Y30.41190
X37.99610 Y30.41190
X37.99610 Y30.42460
X38.00880 Y30.42460
X38.00880 Y30.43730
X38.02150 Y30.43730
X38.02150 Y30.45000
X38.03420 Y30.45000
X38.03420 Y30.46270
X38.04690 Y30.46270
X38.04690 Y30.47540
X38.05960 Y30.47540
X38.05960 Y30.48810
X38.07230 Y30.48810
X38.07230 Y30.50080
X38.08500 Y30.50080
X38.08500 Y30.51350
X38.09770 Y30.51350
X38.09770 Y30.52620
X38.11040 Y30.52620
X38.11040 Y30.53890
X38.12310 Y30.53890
X38.12310 Y30.55160
X38.13580 Y30.55160
X38.13580 Y30.56430
X38.14850 Y30.56430
X38.14850 Y30.57700
X38.16120 Y30.57700
X38.16120 Y30.58970
X38.17390 Y30.58970
X38.17390 Y30.60240
X38.18660 Y30.60240
X38.18660 Y30.61510
X38.19930 Y30.61510
X38.19930 Y30.62780
X38.21200 Y30.62780
X38.21200 Y30.64050
X38.22470 Y30.64050
X38.22470 Y30.65320
X38.23740 Y30.65320
X38.23740 Y30.66590
X38.25010 Y30.66590
X38.25010 Y30.67860
X38.26280 Y30.67860
X38.26280 Y30.69130
X38.27550 Y30.69130
X38.27550 Y30.70400
X38.28820 Y30.70400
X38.28820 Y30.71670
X38.30090 Y30.71670
X38.30090 Y30.72940
X38.31360 Y30.72940
X38.31360 Y30.74210
X38.32630 Y30.74210
X38.32630 Y30.75480
X38.33900 Y30.75480
X38.33900 Y30.76750
X38.35170 Y30.76750
X38.35170 Y30.78020
X38.36440 Y30.78020
X38.36440 Y30.79290
X38.37710 Y30.79290
X38.37710 Y30.80560
X38.38980 Y30.80560
X38.38980 Y30.81830
X38.40250 Y30.81830
X38.40250 Y30.83100
X38.41520 Y30.83100
X38.41520 Y30.84370
X38.42790 Y30.84370
X38.42790 Y30.85640
X38.44060 Y30.85640
X38.44060 Y30.86910
X38.45330 Y30.86910
X38.45330 Y30.88180
X38.46600 Y30.88180
X38.46600 Y30.89450
X38.47870 Y30.89450
X38.47870 Y30.90720
X38.49140 Y30.90720
X38.49140 Y30.91990
X38.50410 Y30.91990
X38.50410 Y30.93260
X38.51680 Y30.93260
X38.51680 Y30.94530
X38.52950 Y30.94530
X38.52950 Y30.95800
X38.54220 Y30.95800
X38.54220 Y30.97070
X38.55490 Y30.97070
X38.55490 Y30.98340
X38.56760 Y30.98340
X38.56760 Y30.99610
X38.58030 Y30.99610
X38.58030 Y31.00880
X38.59300 Y31.00880
X38.59300 Y31.02150
X38.60570 Y31.02150
X38.60570 Y31.03420
X38.61840 Y31.03420
X38.61840 Y31.04690
X38.63110 Y31.04690
X38.63110 Y31.05960
X38.64380 Y31.05960
X38.64380 Y31.07230
X38.65650 Y31.07230
X38.65650 Y31.08500
X38.66920 Y31.08500
X38.66920 Y31.09770
X38.68190 Y31.09770
X38.68190 Y31.11040
X38.69460 Y31.11040
X38.69460 Y31.12310
X38.70730 Y31.12310
X38.70730 Y31.13580
X38.72000 Y31.13580
X38.72000 Y31.14850
X38.73270 Y31.14850
X38.73270 Y31.16120
X38.74540 Y31.16120
X38.74540 Y31.17390
X38.75810 Y31.17390
X38.75810 Y31.18660
X38.77080 Y31.18660
X38.77080 Y31.19930
X38.78350 Y31.19930
X38.78350 Y31.21200
X38.79620 Y31.21200
X38.79620 Y31.22470
X38.80890 Y31.22470
X38.80890 Y31.23740
X38.82160 Y31.23740
X38.82160 Y31.25010
X38.83430 Y31.25010
X38.83430 Y31.26280
X38.84700 Y31.26280
X38.84700 Y31.27550
X38.85970 Y31.27550
X38.85970 Y31.28820
X38.87240 Y31.28820
X38.87240 Y31.30090
X38.88510 Y31.30090
X38.88510 Y31.31360
X38.89780 Y31.31360
X38.89780 Y31.32630
X38.91050 Y31.32630
X38.91050 Y31.33900
X38.92320 Y31.33900
X38.92320 Y31.35170
X38.93590 Y31.35170
X38.93590 Y31.36440
X38.94860 Y31.36440
X38.94860 Y31.37710
X38.96130 Y31.37710
X38.96130 Y31.38980
X38.97400 Y31.38980
X38.97400 Y31.40250
X38.98670 Y31.40250
X38.98670 Y31.41520
X38.99940 Y31.41520
X38.99940 Y31.42790
X39.01210 Y31.42790
X39.01210 Y31.44060
X39.02480 Y31.44060
X39.02480 Y31.45330
X39.03750 Y31.45330
X39.03750 Y31.46600
X39.05020 Y31.46600
X39.05020 Y31.47870
X39.06290 Y31.47870
X39.06290 Y31.49140
X39.07560 Y31.49140
X39.07560 Y31.50410
X39.08830 Y31.50410
X39.08830 Y31.51680
X39.10100 Y31.51680
X39.10100 Y31.52950
X39.11370 Y31.52950
X39.11370 Y31.54220
X39.12640 Y31.54220
X39.12640 Y31.55490
X39.13910 Y31.55490
X39.13910 Y31.56760
X39.15180 Y31.56760
X39.15180 Y31.58030
X39.16450 Y31.58030
X39.16450 Y31.59300
X39.17720 Y31.59300
X39.17720 Y31.60570
X39.18990 Y31.60570
X39.18990 Y31.61840
X39.20260 Y31.61840
X39.20260 Y31.63110
X39.21530 Y31.63110
X39.21530 Y31.64380
X39.22800 Y31.64380
X39.22800 Y31.65650
X39.24070 Y31.65650
X39.24070 Y31.66920
X39.25340 Y31.66920
X39.25340 Y31.68190
X39.26610 Y31.68190
X39.26610 Y31.70730
X39.27880 Y31.70730
X39.27880 Y31.73270
X39.29150 Y31.73270
X39.29150 Y34.71720
X39.30420 Y34.71720
X39.30420 Y34.72990
X39.31690 Y34.72990
X39.31690 Y34.74260
X39.32960 Y34.74260
X39.32960 Y34.75530
X39.34230 Y34.75530
X39.34230 Y34.76800
X39.35500 Y34.76800
X39.35500 Y34.78070
X39.36770 Y34.78070
X39.36770 Y34.79340
X39.38040 Y34.79340
X39.38040 Y34.80610
X39.39310 Y34.80610
X39.39310 Y34.81880
X39.40580 Y34.81880
X39.40580 Y34.83150
X39.41850 Y34.83150
X39.41850 Y34.84420
X39.43120 Y34.84420
X39.43120 Y34.85690
X39.44390 Y34.85690
X39.44390 Y34.86960
X39.45660 Y34.86960
X39.45660 Y34.88230
X39.46930 Y34.88230
X39.46930 Y34.89500
X39.48200 Y34.89500
X39.48200 Y34.90770
X39.49470 Y34.90770
X39.49470 Y34.92040
X39.50740 Y34.92040
X39.50740 Y34.93310
X39.52010 Y34.93310
X39.52010 Y34.94580
X39.53280 Y34.94580
X39.53280 Y34.95850
X39.54550 Y34.95850
X39.54550 Y34.97120
X39.55820 Y34.97120
X39.55820 Y34.98390
X39.57090 Y34.98390
X39.57090 Y34.99660
X39.58360 Y34.99660
X39.58360 Y35.00930
X39.59630 Y35.00930
X39.59630 Y35.02200
X39.60900 Y35.02200
X39.60900 Y35.03470
X39.62170 Y35.03470
X39.62170 Y35.04740
X39.63440 Y35.04740
X39.63440 Y35.06010
X39.64710 Y35.06010
X39.64710 Y35.07280
X39.69790 Y35.07280
X39.69790 Y35.06010
X39.73600 Y35.06010
X39.73600 Y35.04740
X39.77410 Y35.04740
X39.77410 Y35.03470
X39.86300 Y35.03470
X39.86300 Y35.02200
X40.20590 Y35.02200
X40.20590 Y35.03470
X40.29480 Y35.03470
X40.29480 Y35.04740
X40.33290 Y35.04740
X40.33290 Y35.06010
X40.38370 Y35.06010
X40.38370 Y35.07280
X40.42180 Y35.07280
X40.42180 Y35.08550
X40.44720 Y35.08550
X40.44720 Y35.09820
X40.47260 Y35.09820
X40.47260 Y35.11090
X40.48530 Y35.11090
X40.48530 Y35.12360
X40.51070 Y35.12360
X40.51070 Y35.13630
X40.53610 Y35.13630
X40.53610 Y35.14900
X40.56150 Y35.14900
X40.56150 Y35.16170
X40.57420 Y35.16170
X40.57420 Y35.17440
X40.58690 Y35.17440
X40.58690 Y35.18710
X40.59960 Y35.18710
X40.59960 Y35.19980
X40.61230 Y35.19980
X40.61230 Y35.21250
X40.63770 Y35.21250
X40.63770 Y35.22520
X40.65040 Y35.22520
X40.65040 Y35.23790
X40.66310 Y35.23790
X40.66310 Y35.25060
X40.67580 Y35.25060
X40.67580 Y35.26330
X40.68850 Y35.26330
X40.68850 Y35.28870
X40.70120 Y35.28870
X40.70120 Y35.30140
X40.71390 Y35.30140
X40.71390 Y35.31410
X40.72660 Y35.31410
X40.72660 Y35.32680
X40.73930 Y35.32680
X40.73930 Y35.33950
X40.75200 Y35.33950
X40.75200 Y35.36490
X40.76470 Y35.36490
X40.76470 Y35.39030
X40.77740 Y35.39030
X40.77740 Y35.41570
X40.79010 Y35.41570
X40.79010 Y35.42840
X40.80280 Y35.42840
X40.80280 Y35.45380
X40.81550 Y35.45380
X40.81550 Y35.47920
X40.82820 Y35.47920
X40.82820 Y35.51730
X40.84090 Y35.51730
X40.84090 Y35.56810
X40.85360 Y35.56810
X40.85360 Y35.60620
X40.86630 Y35.60620
X40.86630 Y35.69510
X40.87900 Y35.69510
X40.87900 Y36.03800
X40.86630 Y36.03800
X40.86630 Y36.12690
X40.85360 Y36.12690
X40.85360 Y36.16500
X40.84090 Y36.16500
X40.84090 Y36.21580
X40.82820 Y36.21580
X40.82820 Y36.25390
X40.81550 Y36.25390
X40.81550 Y36.27930
X40.80280 Y36.27930
X40.80280 Y36.30470
X40.79010 Y36.30470
X40.79010 Y36.31740
X40.77740 Y36.31740
X40.77740 Y36.34280
X40.76470 Y36.34280
X40.76470 Y36.36820
X40.75200 Y36.36820
X40.75200 Y36.39360
X40.73930 Y36.39360
X40.73930 Y36.40630
X40.72660 Y36.40630
X40.72660 Y36.41900
X40.71390 Y36.41900
X40.71390 Y36.43170
X40.70120 Y36.43170
X40.70120 Y36.44440
X40.68850 Y36.44440
X40.68850 Y36.46980
X40.67580 Y36.46980
X40.67580 Y36.48250
X40.66310 Y36.48250
X40.66310 Y36.49520
X40.65040 Y36.49520
X40.65040 Y36.50790
X40.63770 Y36.50790
X40.63770 Y36.52060
X40.61230 Y36.52060
X40.61230 Y36.53330
X40.59960 Y36.53330
X40.59960 Y36.54600
X40.58690 Y36.54600
X40.58690 Y36.55870
X40.57420 Y36.55870
X40.57420 Y36.57140
X40.56150 Y36.57140
X40.56150 Y36.58410
X40.53610 Y36.58410
X40.53610 Y36.59680
X40.51070 Y36.59680
X40.51070 Y36.60950
X40.48530 Y36.60950
X40.48530 Y36.62220
X40.47260 Y36.62220
X40.47260 Y36.63490
X40.44720 Y36.63490
X40.44720 Y36.64760
X40.42180 Y36.64760
X40.42180 Y36.66030
X40.37100 Y36.66030
X40.37100 Y36.67300
X40.33290 Y36.67300
X40.33290 Y36.68570
X40.29480 Y36.68570
X40.29480 Y36.69840
X40.19320 Y36.69840
X40.19320 Y36.71110
X39.87570 Y36.71110
X39.87570 Y36.69840
X39.77410 Y36.69840
X39.77410 Y36.68570
X39.73600 Y36.68570
X39.73600 Y36.67300
X39.69790 Y36.67300
X39.69790 Y36.66030
X39.64710 Y36.66030
X39.64710 Y36.64760
X39.62170 Y36.64760
X39.62170 Y36.63490
X39.59630 Y36.63490
X39.59630 Y36.62220
X39.58360 Y36.62220
X39.58360 Y36.60950
G04 P0 ( dwell for no time -- G64 should not smooth over this point )
G00 Z5.00000 ( retract )

G00 X36.58640 Y37.61280 ( rapid move to begin. )
F300.00000
G01 Z-0.05000
G04 P0 ( dwell for no time -- G64 should not smooth over this point )
F600.00000
X36.58640 Y37.61280
X36.56100 Y37.61280
X36.56100 Y37.60010
X36.53560 Y37.60010
X36.53560 Y37.58740
X36.51020 Y37.58740
X36.51020 Y37.57470
X36.49750 Y37.57470
X36.49750 Y37.56200
X36.48480 Y37.56200
X36.48480 Y37.54930
X36.47210 Y37.54930
X36.47210 Y37.53660
X36.45940 Y37.53660
X36.45940 Y37.52390
X36.43400 Y37.52390
X36.43400 Y37.51120
X36.42130 Y37.51120
X36.42130 Y37.49850
X36.40860 Y37.49850
X36.40860 Y37.48580
X36.39590 Y37.48580
X36.39590 Y37.47310
X36.38320 Y37.47310
X36.38320 Y37.44770
X36.37050 Y37.44770
X36.37050 Y37.43500
X36.35780 Y37.43500
X36.35780 Y37.42230
X36.34510 Y37.42230
X36.34510 Y37.40960
X36.33240 Y37.40960
X36.33240 Y37.39690
X36.31970 Y37.39690
X36.31970 Y37.37150
X36.30700 Y37.37150
X36.30700 Y37.34610
X36.29430 Y37.34610
X36.29430 Y37.32070
X36.28160 Y37.32070
X36.28160 Y37.30800
X36.26890 Y37.30800
X36.26890 Y37.28260
X36.25620 Y37.28260
X36.25620 Y37.25720
X36.24350 Y37.25720
X36.24350 Y37.20640
X36.23080 Y37.20640
X36.23080 Y37.16830
X36.21810 Y37.16830
X36.21810 Y37.13020
X36.20540 Y37.13020
X36.20540 Y37.02860
X36.19270 Y37.02860
X36.19270 Y36.71110
X36.20540 Y36.71110
X36.20540 Y36.60950
X36.21810 Y36.60950
X36.21810 Y36.57140
X36.23080 Y36.57140
X36.23080 Y36.53330
X36.24350 Y36.53330
X36.24350 Y36.48250
X36.25620 Y36.48250
X36.25620 Y36.45710
X36.26890 Y36.45710
X36.26890 Y36.43170
X36.28160 Y36.43170
X36.28160 Y36.41900
X36.29430 Y36.41900
X36.29430 Y36.39360
X36.30700 Y36.39360
X36.30700 Y36.36820
X36.31970 Y36.36820
X36.31970 Y36.34280
X36.33240 Y36.34280
X36.33240 Y36.33010
X36.34510 Y36.33010
X36.34510 Y36.31740
X36.35780 Y36.31740
X36.35780 Y36.30470
X36.37050 Y36.30470
X36.37050 Y36.29200
X36.38320 Y36.29200
X36.38320 Y36.26660
X36.39590 Y36.26660
X36.39590 Y36.25390
X36.40860 Y36.25390
X36.40860 Y36.24120
X36.42130 Y36.24120
X36.42130 Y36.22850
X36.43400 Y36.22850
X36.43400 Y36.21580
X36.45940 Y36.21580
X36.45940 Y36.20310
X36.47210 Y36.20310
X36.47210 Y36.19040
X36.48480 Y36.19040
X36.48480 Y36.17770
X36.49750 Y36.17770
X36.49750 Y36.16500
X36.51020 Y36.16500
X36.51020 Y36.15230
X36.53560 Y36.15230
X36.53560 Y36.13960
X36.56100 Y36.13960
X36.56100 Y36.12690
X36.58640 Y36.12690
X36.58640 Y36.11420
X36.59910 Y36.11420
X36.59910 Y36.10150
X36.62450 Y36.10150
X36.62450 Y36.08880
X36.64990 Y36.08880
X36.64990 Y36.07610
X36.70070 Y36.07610
X36.70070 Y36.06340
X36.73880 Y36.06340
X36.73880 Y36.05070
X36.77690 Y36.05070
X36.77690 Y36.03800
X36.78960 Y36.03800
X36.78960 Y33.01540
X36.77690 Y33.01540
X36.77690 Y33.00270
X36.76420 Y33.00270
X36.76420 Y32.99000
X36.75150 Y32.99000
X36.75150 Y32.97730
X36.73880 Y32.97730
X36.73880 Y32.96460
X36.72610 Y32.96460
X36.72610 Y32.95190
X36.71340 Y32.95190
X36.71340 Y32.93920
X36.70070 Y32.93920
X36.70070 Y32.92650
X36.68800 Y32.92650
X36.68800 Y32.91380
X36.67530 Y32.91380
X36.67530 Y32.90110
X36.66260 Y32.90110
X36.66260 Y32.88840
X36.64990 Y32.88840
X36.64990 Y32.87570
X36.63720 Y32.87570
X36.63720 Y32.86300
X36.62450 Y32.86300
X36.62450 Y32.85030
X36.61180 Y32.85030
X36.61180 Y32.83760
X36.59910 Y32.83760
X36.59910 Y32.82490
X36.58640 Y32.82490
X36.58640 Y32.81220
X36.57370 Y32.81220
X36.57370 Y32.79950
X36.56100 Y32.79950
X36.56100 Y32.78680
X36.54830 Y32.78680
X36.54830 Y32.77410
X36.53560 Y32.77410
X36.53560 Y32.76140
X36.52290 Y32.76140
X36.52290 Y32.74870
X36.51020 Y32.74870
X36.51020 Y32.73600
X36.49750 Y32.73600
X36.49750 Y32.72330
X36.48480 Y32.72330
X36.48480 Y32.71060
X36.47210 Y32.71060
X36.47210 Y32.69790
X36.45940 Y32.69790
X36.45940 Y32.68520
X36.44670 Y32.68520
X36.44670 Y32.67250
X36.43400 Y32.67250
X36.43400 Y32.65980
X36.42130 Y32.65980
X36.42130 Y32.64710
X36.40860 Y32.64710
X36.40860 Y32.63440
X36.39590 Y32.63440
X36.39590 Y32.62170
X36.38320 Y32.62170
X36.38320 Y32.60900
X36.37050 Y32.60900
X36.37050 Y32.59630
X36.35780 Y32.59630
X36.35780 Y32.58360
X36.34510 Y32.58360
X36.34510 Y32.57090
X36.33240 Y32.57090
X36.33240 Y32.55820
X36.31970 Y32.55820
X36.31970 Y32.54550
X36.30700 Y32.54550
X36.30700 Y32.53280
X36.29430 Y32.53280
X36.29430 Y32.52010
X36.28160 Y32.52010
X36.28160 Y32.50740
X36.26890 Y32.50740
X36.26890 Y32.49470
X36.25620 Y32.49470
X36.25620 Y32.48200
X36.24350 Y32.48200
X36.24350 Y32.46930
X36.23080 Y32.46930
X36.23080 Y32.45660
X36.21810 Y32.45660
X36.21810 Y32.44390
X36.20540 Y32.44390
X36.20540 Y32.43120
X36.19270 Y32.43120
X36.19270 Y32.41850
X36.18000 Y32.41850
X36.18000 Y32.40580
X36.16730 Y32.40580
X36.16730 Y32.39310
X36.15460 Y32.39310
X36.15460 Y32.38040
X36.14190 Y32.38040
X36.14190 Y32.36770
X36.12920 Y32.36770
X36.12920 Y32.35500
X36.11650 Y32.35500
X36.11650 Y32.34230
X36.10380 Y32.34230
X36.10380 Y32.32960
X36.09110 Y32.32960
X36.09110 Y32.31690
X36.07840 Y32.31690
X36.07840 Y32.30420
X36.06570 Y32.30420
X36.06570 Y32.29150
X36.05300 Y32.29150
X36.05300 Y32.27880
X36.04030 Y32.27880
X36.04030 Y32.26610
X36.02760 Y32.26610
X36.02760 Y32.25340
X36.01490 Y32.25340
X36.01490 Y32.24070
X36.00220 Y32.24070
X36.00220 Y32.22800
X35.98950 Y32.22800
X35.98950 Y32.21530
X35.97680 Y32.21530
X35.97680 Y32.20260
X35.96410 Y32.20260
X35.96410 Y32.18990
X35.95140 Y32.18990
X35.95140 Y32.17720
X35.93870 Y32.17720
X35.93870 Y32.16450
X35.92600 Y32.16450
X35.92600 Y32.15180
X35.91330 Y32.15180
X35.91330 Y32.13910
X35.90060 Y32.13910
X35.90060 Y32.12640
X35.88790 Y32.12640
X35.88790 Y32.11370
X35.87520 Y32.11370
X35.87520 Y32.10100
X35.86250 Y32.10100
X35.86250 Y32.08830
X35.84980 Y32.08830
X35.84980 Y32.07560
X35.83710 Y32.07560
X35.83710 Y32.06290
X35.82440 Y32.06290
X35.82440 Y32.05020
X35.81170 Y32.05020
X35.81170 Y32.03750
X35.79900 Y32.03750
X35.79900 Y32.02480
X35.78630 Y32.02480
X35.78630 Y32.01210
X35.77360 Y32.01210
X35.77360 Y31.99940
X35.76090 Y31.99940
X35.76090 Y31.98670
X35.74820 Y31.98670
X35.74820 Y31.97400
X35.73550 Y31.97400
X35.73550 Y31.96130
X35.72280 Y31.96130
X35.72280 Y31.94860
X35.71010 Y31.94860
X35.71010 Y31.93590
X35.69740 Y31.93590
X35.69740 Y31.92320
X35.68470 Y31.92320
X35.68470 Y31.91050
X35.67200 Y31.91050
X35.67200 Y31.89780
X35.65930 Y31.89780
X35.65930 Y31.88510
X35.64660 Y31.88510
X35.64660 Y31.87240
X35.63390 Y31.87240
X35.63390 Y31.85970
X35.62120 Y31.85970
X35.62120 Y31.84700
X35.60850 Y31.84700
X35.60850 Y31.83430
X35.59580 Y31.83430
X35.59580 Y31.82160
X35.58310 Y31.82160
X35.58310 Y31.80890
X35.57040 Y31.80890
X35.57040 Y31.79620
X35.55770 Y31.79620
X35.55770 Y31.78350
X35.54500 Y31.78350
X35.54500 Y31.77080
X35.53230 Y31.77080
X35.53230 Y31.75810
X35.51960 Y31.75810
X35.51960 Y31.74540
X35.50690 Y31.74540
X35.50690 Y31.73270
X35.49420 Y31.73270
X35.49420 Y31.72000
X35.48150 Y31.72000
X35.48150 Y31.70730
X35.46880 Y31.70730
X35.46880 Y31.69460
X35.45610 Y31.69460
X35.45610 Y31.68190
X35.44340 Y31.68190
X35.44340 Y31.66920
X35.43070 Y31.66920
X35.43070 Y31.65650
X35.41800 Y31.65650
X35.41800 Y31.64380
X35.40530 Y31.64380
X35.40530 Y31.63110
X35.39260 Y31.63110
X35.39260 Y31.61840
X35.37990 Y31.61840
X35.37990 Y31.60570
X35.36720 Y31.60570
X35.36720 Y31.59300
X35.35450 Y31.59300
X35.35450 Y31.58030
X35.34180 Y31.58030
X35.34180 Y31.56760
X35.32910 Y31.56760
X35.32910 Y31.55490
X35.31640 Y31.55490
X35.31640 Y31.54220
X35.30370 Y31.54220
X35.30370 Y31.52950
X35.29100 Y31.52950
X35.29100 Y31.51680
X35.27830 Y31.51680
X35.27830 Y31.50410
X35.26560 Y31.50410
X35.26560 Y31.49140
X35.25290 Y31.49140
X35.25290 Y31.47870
X35.24020 Y31.47870
X35.24020 Y31.46600
X35.22750 Y31.46600
X35.22750 Y31.45330
X35.21480 Y31.45330
X35.21480 Y31.44060
X35.20210 Y31.44060
X35.20210 Y31.42790
X35.18940 Y31.42790
X35.18940 Y31.41520
X35.17670 Y31.41520
X35.17670 Y31.40250
X35.16400 Y31.40250
X35.16400 Y31.38980
X35.15130 Y31.38980
X35.15130 Y31.37710
X35.13860 Y31.37710
X35.13860 Y31.36440
X35.12590 Y31.36440
X35.12590 Y31.35170
X35.11320 Y31.35170
X35.11320 Y31.33900
X35.10050 Y31.33900
X35.10050 Y31.32630
X35.08780 Y31.32630
X35.08780 Y31.31360
X35.07510 Y31.31360
X35.07510 Y31.30090
X35.06240 Y31.30090
X35.06240 Y31.28820
X35.04970 Y31.28820
X35.04970 Y31.27550
X35.03700 Y31.27550
X35.03700 Y31.26280
X35.02430 Y31.26280
X35.02430 Y31.25010
X35.01160 Y31.25010
X35.01160 Y31.23740
X34.99890 Y31.23740
X34.99890 Y31.22470
X34.98620 Y31.22470
X34.98620 Y31.21200
X34.97350 Y31.21200
X34.97350 Y31.19930
X34.96080 Y31.19930
X34.96080 Y31.18660
X34.94810 Y31.18660
X34.94810 Y31.17390
X34.93540 Y31.17390
X34.93540 Y31.16120
X34.92270 Y31.16120
X34.92270 Y31.14850
X34.91000 Y31.14850
X34.91000 Y31.13580
X34.89730 Y31.13580
X34.89730 Y31.12310
X34.88460 Y31.12310
X34.88460 Y31.11040
X34.87190 Y31.11040
X34.87190 Y31.09770
X34.85920 Y31.09770
X34.85920 Y31.08500
X34.84650 Y31.08500
X34.84650 Y31.07230
X34.83380 Y31.07230
X34.83380 Y31.05960
X34.82110 Y31.05960
X34.82110 Y31.04690
X34.80840 Y31.04690
X34.80840 Y31.03420
X34.79570 Y31.03420
X34.79570 Y31.02150
X34.78300 Y31.02150
X34.78300 Y31.00880
X34.77030 Y31.00880
X34.77030 Y30.99610
X34.75760 Y30.99610
X34.75760 Y30.98340
X34.74490 Y30.98340
X34.74490 Y30.97070
X34.73220 Y30.97070
X34.73220 Y30.95800
X34.71950 Y30.95800
X34.71950 Y30.94530
X34.70680 Y30.94530
X34.70680 Y30.93260
X34.69410 Y30.93260
X34.69410 Y30.91990
X34.68140 Y30.91990
X34.68140 Y30.90720
X34.66870 Y30.90720
X34.66870 Y30.89450
X34.65600 Y30.89450
X34.65600 Y30.88180
X34.64330 Y30.88180
X34.64330 Y30.86910
X34.63060 Y30.86910
X34.63060 Y30.85640
X34.61790 Y30.85640
X34.61790 Y30.84370
X34.60520 Y30.84370
X34.60520 Y30.83100
X34.59250 Y30.83100
X34.59250 Y30.81830
X34.57980 Y30.81830
X34.57980 Y30.80560
X34.56710 Y30.80560
X34.56710 Y30.79290
X34.55440 Y30.79290
X34.55440 Y30.78020
X34.54170 Y30.78020
X34.54170 Y30.76750
X34.52900 Y30.76750
X34.52900 Y30.75480
X34.51630 Y30.75480
X34.51630 Y30.74210
X34.50360 Y30.74210
X34.50360 Y30.72940
X34.49090 Y30.72940
X34.49090 Y30.71670
X34.47820 Y30.71670
X34.47820 Y30.70400
X34.46550 Y30.70400
X34.46550 Y30.69130
X34.45280 Y30.69130
X34.45280 Y30.67860
X34.44010 Y30.67860
X34.44010 Y30.66590
X34.42740 Y30.66590
X34.42740 Y30.65320
X34.41470 Y30.65320
X34.41470 Y30.64050
X34.40200 Y30.64050
X34.40200 Y30.62780
X34.38930 Y30.62780
X34.38930 Y30.61510
X34.37660 Y30.61510
X34.37660 Y30.60240
X34.36390 Y30.60240
X34.36390 Y30.58970
X34.35120 Y30.58970
X34.35120 Y30.57700
X34.33850 Y30.57700
X34.33850 Y30.56430
X34.32580 Y30.56430
X34.32580 Y30.55160
X34.31310 Y30.55160
X34.31310 Y30.53890
X34.30040 Y30.53890
X34.30040 Y30.52620
X34.28770 Y30.52620
X34.28770 Y30.51350
X34.27500 Y30.51350
X34.27500 Y30.50080
X34.26230 Y30.50080
X34.26230 Y30.48810
X34.24960 Y30.48810
X34.24960 Y30.47540
X34.23690 Y30.47540
X34.23690 Y30.46270
X34.22420 Y30.46270
X34.22420 Y30.45000
X34.21150 Y30.45000
X34.21150 Y30.43730
X34.19880 Y30.43730
X34.19880 Y30.42460
X34.18610 Y30.42460
X34.18610 Y30.41190
X34.17340 Y30.41190
X34.17340 Y30.39920
X34.16070 Y30.39920
X34.16070 Y30.38650
X34.14800 Y30.38650
X34.14800 Y30.37380
X34.13530 Y30.37380
X34.13530 Y30.36110
X34.12260 Y30.36110
X34.12260 Y30.34840
X34.10990 Y30.34840
X34.10990 Y30.33570
X34.09720 Y30.33570
X34.09720 Y30.32300
X34.08450 Y30.32300
X34.08450 Y30.31030
X34.07180 Y30.31030
X34.07180 Y30.29760
X34.05910 Y30.29760
X34.05910 Y30.28490
X34.04640 Y30.28490
X34.04640 Y30.27220
X34.03370 Y30.27220
X34.03370 Y30.25950
X34.02100 Y30.25950
X34.02100 Y30.24680
X34.00830 Y30.24680
X34.00830 Y30.23410
X33.99560 Y30.23410
X33.99560 Y30.22140
X33.98290 Y30.22140
X33.98290 Y30.20870
X33.97020 Y30.20870
X33.97020 Y30.19600
X33.95750 Y30.19600
X33.95750 Y30.18330
X33.94480 Y30.18330
X33.94480 Y30.15790
X33.93210 Y30.15790
X33.93210 Y30.14520
X33.91940 Y30.14520
X33.91940 Y30.13250
X33.90670 Y30.13250
X33.90670 Y30.11980
X33.89400 Y30.11980
X33.89400 Y30.10710
X33.88130 Y30.10710
X33.88130 Y30.09440
X33.86860 Y30.09440
X33.86860 Y30.08170
X33.85590 Y30.08170
X33.85590 Y30.06900
X33.84320 Y30.06900
X33.84320 Y30.05630
X33.83050 Y30.05630
X33.83050 Y30.04360
X33.81780 Y30.04360
X33.81780 Y30.01820
X33.80510 Y30.01820
X33.80510 Y29.98010
X33.79240 Y29.98010
X33.79240 Y29.01490
X33.77970 Y29.01490
X33.77970 Y29.00220
X33.76700 Y29.00220
X33.76700 Y28.98950
X33.75430 Y28.98950
X33.75430 Y28.97680
X33.74160 Y28.97680
X33.74160 Y28.96410
X33.72890 Y28.96410
X33.72890 Y28.95140
X33.71620 Y28.95140
X33.71620 Y28.93870
X33.70350 Y28.93870
X33.70350 Y28.92600
X33.69080 Y28.92600
X33.69080 Y28.91330
X33.67810 Y28.91330
X33.67810 Y28.90060
X33.66540 Y28.90060
X33.66540 Y28.88790
X33.65270 Y28.88790
X33.65270 Y28.87520
X33.64000 Y28.87520
X33.64000 Y28.86250
X33.62730 Y28.86250
X33.62730 Y28.84980
X33.61460 Y28.84980
X33.61460 Y28.83710
X33.60190 Y28.83710
X33.60190 Y28.82440
X33.58920 Y28.82440
X33.58920 Y28.81170
X33.57650 Y28.81170
X33.57650 Y28.79900
X33.56380 Y28.79900
X33.56380 Y28.78630
X33.55110 Y28.78630
X33.55110 Y28.77360
X33.53840 Y28.77360
X33.53840 Y28.76090
X33.52570 Y28.76090
X33.52570 Y28.74820
X33.51300 Y28.74820
X33.51300 Y28.73550
X33.50030 Y28.73550
X33.50030 Y28.72280
X33.48760 Y28.72280
X33.48760 Y28.71010
X33.47490 Y28.71010
X33.47490 Y28.69740
X33.46220 Y28.69740
X33.46220 Y28.68470
X33.44950 Y28.68470
X33.44950 Y28.67200
X33.43680 Y28.67200
X33.43680 Y28.65930
X33.42410 Y28.65930
X33.42410 Y28.65930
X33.37330 Y28.65930
X33.37330 Y28.67200
X33.33520 Y28.67200
X33.33520 Y28.68470
X33.29710 Y28.68470
X33.29710 Y28.69740
X33.19550 Y28.69740
X33.19550 Y28.71010
X32.87800 Y28.71010
X32.87800 Y28.69740
X32.77640 Y28.69740
X32.77640 Y28.68470
X32.73830 Y28.68470
X32.73830 Y28.67200
X32.70020 Y28.67200
X32.70020 Y28.65930
X32.64940 Y28.65930
X32.64940 Y28.64660
X32.62400 Y28.64660
X32.62400 Y28.63390
X32.59860 Y28.63390
X32.59860 Y28.62120
X32.58590 Y28.62120
X32.58590 Y28.60850
X32.56050 Y28.60850
X32.56050 Y28.59580
X32.53510 Y28.59580
X32.53510 Y28.58310
X32.50970 Y28.58310
X32.50970 Y28.57040
X32.49700 Y28.57040
X32.49700 Y28.55770
X32.48430 Y28.55770
X32.48430 Y28.54500
X32.47160 Y28.54500
X32.47160 Y28.53230
X32.45890 Y28.53230
X32.45890 Y28.51960
X32.43350 Y28.51960
X32.43350 Y28.50690
X32.42080 Y28.50690
X32.42080 Y28.49420
X32.40810 Y28.49420
X32.40810 Y28.48150
X32.39540 Y28.48150
X32.39540 Y28.46880
X32.38270 Y28.46880
X32.38270 Y28.44340
X32.37000 Y28.44340
X32.37000 Y28.43070
X32.35730 Y28.43070
X32.35730 Y28.41800
X32.34460 Y28.41800
X32.34460 Y28.40530
X32.33190 Y28.40530
X32.33190 Y28.39260
X32.31920 Y28.39260
X32.31920 Y28.36720
X32.30650 Y28.36720
X32.30650 Y28.34180
X32.29380 Y28.34180
X32.29380 Y28.31640
X32.28110 Y28.31640
X32.28110 Y28.30370
X32.26840 Y28.30370
X32.26840 Y28.27830
X32.25570 Y28.27830
X32.25570 Y28.25290
X32.24300 Y28.25290
X32.24300 Y28.20210
X32.23030 Y28.20210
X32.23030 Y28.16400
X32.21760 Y28.16400
X32.21760 Y28.12590
X32.20490 Y28.12590
X32.20490 Y28.02430
X32.19220 Y28.02430
X32.19220 Y27.70680
X32.20490 Y27.70680
X32.20490 Y27.60520
X32.21760 Y27.60520
X32.21760 Y27.56710
X32.23030 Y27.56710
X32.23030 Y27.52900
X32.24300 Y27.52900
X32.24300 Y27.47820
X32.25570 Y27.47820
X32.25570 Y27.45280
X32.26840 Y27.45280
X32.26840 Y27.42740
X32.28110 Y27.42740
X32.28110 Y27.41470
X32.29380 Y27.41470
X32.29380 Y27.38930
X32.30650 Y27.38930
X32.30650 Y27.36390
X32.31920 Y27.36390
X32.31920 Y27.33850
X32.33190 Y27.33850
X32.33190 Y27.32580
X32.34460 Y27.32580
X32.34460 Y27.31310
X32.35730 Y27.31310
X32.35730 Y27.30040
X32.37000 Y27.30040
X32.37000 Y27.28770
X32.38270 Y27.28770
X32.38270 Y27.26230
X32.39540 Y27.26230
X32.39540 Y27.24960
X32.40810 Y27.24960
X32.40810 Y27.23690
X32.42080 Y27.23690
X32.42080 Y27.22420
X32.43350 Y27.22420
X32.43350 Y27.21150
X32.45890 Y27.21150
X32.45890 Y27.19880
X32.47160 Y27.19880
X32.47160 Y27.18610
X32.48430 Y27.18610
X32.48430 Y27.17340
X32.49700 Y27.17340
X32.49700 Y27.16070
X32.50970 Y27.16070
X32.50970 Y27.14800
X32.53510 Y27.14800
X32.53510 Y27.13530
X32.56050 Y27.13530
X32.56050 Y27.12260
X32.58590 Y27.12260
X32.58590 Y27.10990
X32.59860 Y27.10990
X32.59860 Y27.09720
X32.62400 Y27.09720
X32.62400 Y27.08450
X32.64940 Y27.08450
X32.64940 Y27.07180
X32.70020 Y27.07180
X32.70020 Y27.05910
X32.73830 Y27.05910
X32.73830 Y27.04640
X32.77640 Y27.04640
X32.77640 Y27.03370
X32.86530 Y27.03370
X32.86530 Y27.02100
X33.20820 Y27.02100
X33.20820 Y27.03370
X33.29710 Y27.03370
X33.29710 Y27.04640
X33.33520 Y27.04640
X33.33520 Y27.05910
X33.38600 Y27.05910
X33.38600 Y27.07180
X33.42410 Y27.07180
X33.42410 Y27.08450
X33.44950 Y27.08450
X33.44950 Y27.09720
X33.47490 Y27.09720
X33.47490 Y27.10990
X33.48760 Y27.10990
X33.48760 Y27.12260
X33.51300 Y27.12260
X33.51300 Y27.13530
X33.53840 Y27.13530
X33.53840 Y27.14800
X33.56380 Y27.14800
X33.56380 Y27.16070
X33.57650 Y27.16070
X33.57650 Y27.17340
X33.58920 Y27.17340
X33.58920 Y27.18610
X33.60190 Y27.18610
X33.60190 Y27.19880
X33.61460 Y27.19880
X33.61460 Y27.21150
X33.64000 Y27.21150
X33.64000 Y27.22420
X33.65270 Y27.22420
X33.65270 Y27.23690
X33.66540 Y27.23690
X33.66540 Y27.24960
X33.67810 Y27.24960
X33.67810 Y27.26230
X33.69080 Y27.26230
X33.69080 Y27.28770
X33.70350 Y27.28770
X33.70350 Y27.30040
X33.71620 Y27.30040
X33.71620 Y27.31310
X33.72890 Y27.31310
X33.72890 Y27.32580
X33.74160 Y27.32580
X33.74160 Y27.33850
X33.75430 Y27.33850
X33.75430 Y27.36390
X33.76700 Y27.36390
X33.76700 Y27.38930
X33.77970 Y27.38930
X33.77970 Y27.41470
X33.79240 Y27.41470
X33.79240 Y27.42740
X33.80510 Y27.42740
X33.80510 Y27.45280
X33.81780 Y27.45280
X33.81780 Y27.47820
X33.83050 Y27.47820
X33.83050 Y27.51630
X33.84320 Y27.51630
X33.84320 Y27.56710
X33.85590 Y27.56710
X33.85590 Y27.60520
X33.86860 Y27.60520
X33.86860 Y27.69410
X33.88130 Y27.69410
X33.88130 Y28.03700
X33.86860 Y28.03700
X33.86860 Y28.12590
X33.85590 Y28.12590
X33.85590 Y28.16400
X33.84320 Y28.16400
X33.84320 Y28.21480
X33.83050 Y28.21480
X33.83050 Y28.25290
X33.83050 Y28.25290
X33.83050 Y28.26560
X33.84320 Y28.26560
X33.84320 Y28.27830
X33.85590 Y28.27830
X33.85590 Y28.29100
X33.86860 Y28.29100
X33.86860 Y28.30370
X33.88130 Y28.30370
X33.88130 Y28.31640
X33.89400 Y28.31640
X33.89400 Y28.32910
X33.90670 Y28.32910
X33.90670 Y28.34180
X33.91940 Y28.34180
X33.91940 Y28.35450
X33.93210 Y28.35450
X33.93210 Y28.36720
X33.94480 Y28.36720
X33.94480 Y28.37990
X33.95750 Y28.37990
X33.95750 Y28.39260
X33.97020 Y28.39260
X33.97020 Y28.40530
X33.98290 Y28.40530
X33.98290 Y28.41800
X33.99560 Y28.41800
X33.99560 Y28.43070
X34.00830 Y28.43070
X34.00830 Y28.44340
X34.02100 Y28.44340
X34.02100 Y28.45610
X34.03370 Y28.45610
X34.03370 Y28.46880
X34.04640 Y28.46880
X34.04640 Y28.48150
X34.05910 Y28.48150
X34.05910 Y28.49420
X34.07180 Y28.49420
X34.07180 Y28.50690
X34.08450 Y28.50690
X34.08450 Y28.51960
X34.09720 Y28.51960
X34.09720 Y28.53230
X34.10990 Y28.53230
X34.10990 Y28.54500
X34.12260 Y28.54500
X34.12260 Y28.55770
X34.13530 Y28.55770
X34.13530 Y28.57040
X34.14800 Y28.57040
X34.14800 Y28.58310
X34.16070 Y28.58310
X34.16070 Y28.59580
X34.17340 Y28.59580
X34.17340 Y28.60850
X34.18610 Y28.60850
X34.18610 Y28.62120
X34.19880 Y28.62120
X34.19880 Y28.63390
X34.21150 Y28.63390
X34.21150 Y28.64660
X34.22420 Y28.64660
X34.22420 Y28.65930
X34.23690 Y28.65930
X34.23690 Y28.67200
X34.24960 Y28.67200
X34.24960 Y28.68470
X34.26230 Y28.68470
X34.26230 Y28.71010
X34.27500 Y28.71010
X34.27500 Y28.73550
X34.28770 Y28.73550
X34.28770 Y29.71340
X34.30040 Y29.71340
X34.30040 Y29.72610
X34.31310 Y29.72610
X34.31310 Y29.73880
X34.32580 Y29.73880
X34.32580 Y29.75150
X34.33850 Y29.75150
X34.33850 Y29.76420
X34.35120 Y29.76420
X34.35120 Y29.77690
X34.36390 Y29.77690
X34.36390 Y29.78960
X34.37660 Y29.78960
X34.37660 Y29.80230
X34.38930 Y29.80230
X34.38930 Y29.81500
X34.40200 Y29.81500
X34.40200 Y29.82770
X34.41470 Y29.82770
X34.41470 Y29.84040
X34.42740 Y29.84040
X34.42740 Y29.85310
X34.44010 Y29.85310
X34.44010 Y29.86580
X34.45280 Y29.86580
X34.45280 Y29.87850
X34.46550 Y29.87850
X34.46550 Y29.89120
X34.47820 Y29.89120
X34.47820 Y29.90390
X34.49090 Y29.90390
X34.49090 Y29.91660
X34.50360 Y29.91660
X34.50360 Y29.92930
X34.51630 Y29.92930
X34.51630 Y29.94200
X34.52900 Y29.94200
X34.52900 Y29.95470
X34.54170 Y29.95470
X34.54170 Y29.96740
X34.55440 Y29.96740
X34.55440 Y29.98010
X34.56710 Y29.98010
X34.56710 Y29.99280
X34.57980 Y29.99280
X34.57980 Y30.00550
X34.59250 Y30.00550
X34.59250 Y30.01820
X34.60520 Y30.01820
X34.60520 Y30.03090
X34.61790 Y30.03090
X34.61790 Y30.04360
X34.63060 Y30.04360
X34.63060 Y30.05630
X34.64330 Y30.05630
X34.64330 Y30.06900
X34.65600 Y30.06900
X34.65600 Y30.08170
X34.66870 Y30.08170
X34.66870 Y30.09440
X34.68140 Y30.09440
X34.68140 Y30.10710
X34.69410 Y30.10710
X34.69410 Y30.11980
X34.70680 Y30.11980
X34.70680 Y30.13250
X34.71950 Y30.13250
X34.71950 Y30.14520
X34.73220 Y30.14520
X34.73220 Y30.15790
X34.74490 Y30.15790
X34.74490 Y30.17060
X34.75760 Y30.17060
X34.75760 Y30.18330
X34.77030 Y30.18330
X34.77030 Y30.19600
X34.78300 Y30.19600
X34.78300 Y30.20870
X34.79570 Y30.20870
X34.79570 Y30.22140
X34.80840 Y30.22140
X34.80840 Y30.23410
X34.82110 Y30.23410
X34.82110 Y30.24680
X34.83380 Y30.24680
X34.83380 Y30.25950
X34.84650 Y30.25950
X34.84650 Y30.27220
X34.85920 Y30.27220
X34.85920 Y30.28490
X34.87190 Y30.28490
X34.87190 Y30.29760
X34.88460 Y30.29760
X34.88460 Y30.31030
X34.89730 Y30.31030
X34.89730 Y30.32300
X34.91000 Y30.32300
X34.91000 Y30.33570
X34.92270 Y30.33570
X34.92270 Y30.34840
X34.93540 Y30.34840
X34.93540 Y30.36110
X34.94810 Y30.36110
X34.94810 Y30.37380
X34.96080 Y30.37380
X34.96080 Y30.38650
X34.97350 Y30.38650
X34.97350 Y30.39920
X34.98620 Y30.39920
X34.98620 Y30.41190
X34.99890 Y30.41190
X34.99890 Y30.42460
X35.01160 Y30.42460
X35.01160 Y30.43730
X35.02430 Y30.43730
X35.02430 Y30.45000
X35.03700 Y30.45000
X35.03700 Y30.46270
X35.04970 Y30.46270
X35.04970 Y30.47540
X35.06240 Y30.47540
X35.06240 Y30.48810
X35.07510 Y30.48810
X35.07510 Y30.50080
X35.08780 Y30.50080
X35.08780 Y30.51350
X35.10050 Y30.51350
X35.10050 Y30.52620
X35.11320 Y30.52620
X35.11320 Y30.53890
X35.12590 Y30.53890
X35.12590 Y30.55160
X35.13860 Y30.55160
X35.13860 Y30.56430
X35.15130 Y30.56430
X35.15130 Y30.57700
X35.16400 Y30.57700
X35.16400 Y30.58970
X35.17670 Y30.58970
X35.17670 Y30.60240
X35.18940 Y30.60240
X35.18940 Y30.61510
X35.20210 Y30.61510
X35.20210 Y30.62780
X35.21480 Y30.62780
X35.21480 Y30.64050
X35.22750 Y30.64050
X35.22750 Y30.65320
X35.24020 Y30.65320
X35.24020 Y30.66590
X35.25290 Y30.66590
X35.25290 Y30.67860
X35.26560 Y30.67860
X35.26560 Y30.69130
X35.27830 Y30.69130
X35.27830 Y30.70400
X35.29100 Y30.70400
X35.29100 Y30.71670
X35.30370 Y30.71670
X35.30370 Y30.72940
X35.31640 Y30.72940
X35.31640 Y30.74210
X35.32910 Y30.74210
X35.32910 Y30.75480
X35.34180 Y30.75480
X35.34180 Y30.76750
X35.35450 Y30.76750
X35.35450 Y30.78020
X35.36720 Y30.78020
X35.36720 Y30.79290
X35.37990 Y30.79290
X35.37990 Y30.80560
X35.39260 Y30.80560
X35.39260 Y30.81830
X35.40530 Y30.81830
X35.40530 Y30.83100
X35.41800 Y30.83100
X35.41800 Y30.84370
X35.43070 Y30.84370
X35.43070 Y30.85640
X35.44340 Y30.85640
X35.44340 Y30.86910
X35.45610 Y30.86910
X35.45610 Y30.88180
X35.46880 Y30.88180
X35.46880 Y30.89450
X35.48150 Y30.89450
X35.48150 Y30.90720
X35.49420 Y30.90720
X35.49420 Y30.91990
X35.50690 Y30.91990
X35.50690 Y30.93260
X35.51960 Y30.93260
X35.51960 Y30.94530
X35.53230 Y30.94530
X35.53230 Y30.95800
X35.54500 Y30.95800
X35.54500 Y30.97070
X35.55770 Y30.97070
X35.55770 Y30.98340
X35.57040 Y30.98340
X35.57040 Y30.99610
X35.58310 Y30.99610
X35.58310 Y31.00880
X35.59580 Y31.00880
X35.59580 Y31.02150
X35.60850 Y31.02150
X35.60850 Y31.03420
X35.62120 Y31.03420
X35.62120 Y31.04690
X35.63390 Y31.04690
X35.63390 Y31.05960
X35.64660 Y31.05960
X35.64660 Y31.07230
X35.65930 Y31.07230
X35.65930 Y31.08500
X35.67200 Y31.08500
X35.67200 Y31.09770
X35.68470 Y31.09770
X35.68470 Y31.11040
X35.69740 Y31.11040
X35.69740 Y31.12310
X35.71010 Y31.12310
X35.71010 Y31.13580
X35.72280 Y31.13580
X35.72280 Y31.14850
X35.73550 Y31.14850
X35.73550 Y31.16120
X35.74820 Y31.16120
X35.74820 Y31.17390
X35.76090 Y31.17390
X35.76090 Y31.18660
X35.77360 Y31.18660
X35.77360 Y31.19930
X35.78630 Y31.19930
X35.78630 Y31.21200
X35.79900 Y31.21200
X35.79900 Y31.22470
X35.81170 Y31.22470
X35.81170 Y31.23740
X35.82440 Y31.23740
X35.82440 Y31.25010
X35.83710 Y31.25010
X35.83710 Y31.26280
X35.84980 Y31.26280
X35.84980 Y31.27550
X35.86250 Y31.27550
X35.86250 Y31.28820
X35.87520 Y31.28820
X35.87520 Y31.30090
X35.88790 Y31.30090
X35.88790 Y31.31360
X35.90060 Y31.31360
X35.90060 Y31.32630
X35.91330 Y31.32630
X35.91330 Y31.33900
X35.92600 Y31.33900
X35.92600 Y31.35170
X35.93870 Y31.35170
X35.93870 Y31.36440
X35.95140 Y31.36440
X35.95140 Y31.37710
X35.96410 Y31.37710
X35.96410 Y31.38980
X35.97680 Y31.38980
X35.97680 Y31.40250
X35.98950 Y31.40250
X35.98950 Y31.41520
X36.00220 Y31.41520
X36.00220 Y31.42790
X36.01490 Y31.42790
X36.01490 Y31.44060
X36.02760 Y31.44060
X36.02760 Y31.45330
X36.04030 Y31.45330
X36.04030 Y31.46600
X36.05300 Y31.46600
X36.05300 Y31.47870
X36.06570 Y31.47870
X36.06570 Y31.49140
X36.07840 Y31.49140
X36.07840 Y31.50410
X36.09110 Y31.50410
X36.09110 Y31.51680
X36.10380 Y31.51680
X36.10380 Y31.52950
X36.11650 Y31.52950
X36.11650 Y31.54220
X36.12920 Y31.54220
X36.12920 Y31.55490
X36.14190 Y31.55490
X36.14190 Y31.56760
X36.15460 Y31.56760
X36.15460 Y31.58030
X36.16730 Y31.58030
X36.16730 Y31.59300
X36.18000 Y31.59300
X36.18000 Y31.60570
X36.19270 Y31.60570
X36.19270 Y31.61840
X36.20540 Y31.61840
X36.20540 Y31.63110
X36.21810 Y31.63110
X36.21810 Y31.64380
X36.23080 Y31.64380
X36.23080 Y31.65650
X36.24350 Y31.65650
X36.24350 Y31.66920
X36.25620 Y31.66920
X36.25620 Y31.68190
X36.26890 Y31.68190
X36.26890 Y31.69460
X36.28160 Y31.69460
X36.28160 Y31.70730
X36.29430 Y31.70730
X36.29430 Y31.72000
X36.30700 Y31.72000
X36.30700 Y31.73270
X36.31970 Y31.73270
X36.31970 Y31.74540
X36.33240 Y31.74540
X36.33240 Y31.75810
X36.34510 Y31.75810
X36.34510 Y31.77080
X36.35780 Y31.77080
X36.35780 Y31.78350
X36.37050 Y31.78350
X36.37050 Y31.79620
X36.38320 Y31.79620
X36.38320 Y31.80890
X36.39590 Y31.80890
X36.39590 Y31.82160
X36.40860 Y31.82160
X36.40860 Y31.83430
X36.42130 Y31.83430
X36.42130 Y31.84700
X36.43400 Y31.84700
X36.43400 Y31.85970
X36.44670 Y31.85970
X36.44670 Y31.87240
X36.45940 Y31.87240
X36.45940 Y31.88510
X36.47210 Y31.88510
X36.47210 Y31.89780
X36.48480 Y31.89780
X36.48480 Y31.91050
X36.49750 Y31.91050
X36.49750 Y31.92320
X36.51020 Y31.92320
X36.51020 Y31.93590
X36.52290 Y31.93590
X36.52290 Y31.94860
X36.53560 Y31.94860
X36.53560 Y31.96130
X36.54830 Y31.96130
X36.54830 Y31.97400
X36.56100 Y31.97400
X36.56100 Y31.98670
X36.57370 Y31.98670
X36.57370 Y31.99940
X36.58640 Y31.99940
X36.58640 Y32.01210
X36.59910 Y32.01210
X36.59910 Y32.02480
X36.61180 Y32.02480
X36.61180 Y32.03750
X36.62450 Y32.03750
X36.62450 Y32.05020
X36.63720 Y32.05020
X36.63720 Y32.06290
X36.64990 Y32.06290
X36.64990 Y32.07560
X36.66260 Y32.07560
X36.66260 Y32.08830
X36.67530 Y32.08830
X36.67530 Y32.10100
X36.68800 Y32.10100
X36.68800 Y32.11370
X36.70070 Y32.11370
X36.70070 Y32.12640
X36.71340 Y32.12640
X36.71340 Y32.13910
X36.72610 Y32.13910
X36.72610 Y32.15180
X36.73880 Y32.15180
X36.73880 Y32.16450
X36.75150 Y32.16450
X36.75150 Y32.17720
X36.76420 Y32.17720
X36.76420 Y32.18990
X36.77690 Y32.18990
X36.77690 Y32.20260
X36.78960 Y32.20260
X36.78960 Y32.21530
X36.80230 Y32.21530
X36.80230 Y32.22800
X36.81500 Y32.22800
X36.81500 Y32.24070
X36.82770 Y32.24070
X36.82770 Y32.25340
X36.84040 Y32.25340
X36.84040 Y32.26610
X36.85310 Y32.26610
X36.85310 Y32.27880
X36.86580 Y32.27880
X36.86580 Y32.29150
X36.87850 Y32.29150
X36.87850 Y32.30420
X36.89120 Y32.30420
X36.89120 Y32.31690
X36.90390 Y32.31690
X36.90390 Y32.32960
X36.91660 Y32.32960
X36.91660 Y32.34230
X36.92930 Y32.34230
X36.92930 Y32.35500
X36.94200 Y32.35500
X36.94200 Y32.36770
X36.95470 Y32.36770
X36.95470 Y32.38040
X36.96740 Y32.38040
X36.96740 Y32.39310
X36.98010 Y32.39310
X36.98010 Y32.40580
X36.99280 Y32.40580
X36.99280 Y32.41850
X37.00550 Y32.41850
X37.00550 Y32.43120
X37.01820 Y32.43120
X37.01820 Y32.44390
X37.03090 Y32.44390
X37.03090 Y32.45660
X37.04360 Y32.45660
X37.04360 Y32.46930
X37.05630 Y32.46930
X37.05630 Y32.48200
X37.06900 Y32.48200
X37.06900 Y32.49470
X37.08170 Y32.49470
X37.08170 Y32.50740
X37.09440 Y32.50740
X37.09440 Y32.52010
X37.10710 Y32.52010
X37.10710 Y32.53280
X37.11980 Y32.53280
X37.11980 Y32.54550
X37.13250 Y32.54550
X37.13250 Y32.55820
X37.14520 Y32.55820
X37.14520 Y32.57090
X37.15790 Y32.57090
X37.15790 Y32.58360
X37.17060 Y32.58360
X37.17060 Y32.59630
X37.18330 Y32.59630
X37.18330 Y32.62170
X37.19600 Y32.62170
X37.19600 Y32.63440
X37.20870 Y32.63440
X37.20870 Y32.64710
X37.22140 Y32.64710
X37.22140 Y32.65980
X37.23410 Y32.65980
X37.23410 Y32.67250
X37.24680 Y32.67250
X37.24680 Y32.68520
X37.25950 Y32.68520
X37.25950 Y32.71060
X37.27220 Y32.71060
X37.27220 Y32.73600
X37.28490 Y32.73600
X37.28490 Y36.03800
X37.29760 Y36.03800
X37.29760 Y36.05070
X37.33570 Y36.05070
X37.33570 Y36.06340
X37.38650 Y36.06340
X37.38650 Y36.07610
X37.42460 Y36.07610
X37.42460 Y36.08880
X37.45000 Y36.08880
X37.45000 Y36.10150
X37.47540 Y36.10150
X37.47540 Y36.11420
X37.48810 Y36.11420
X37.48810 Y36.12690
X37.51350 Y36.12690
X37.51350 Y36.13960
X37.53890 Y36.13960
X37.53890 Y36.15230
X37.56430 Y36.15230
X37.56430 Y36.16500
X37.57700 Y36.16500
X37.57700 Y36.17770
X37.58970 Y36.17770
X37.58970 Y36.19040
X37.60240 Y36.19040
X37.60240 Y36.20310
X37.61510 Y36.20310
X37.61510 Y36.21580
X37.64050 Y36.21580
X37.64050 Y36.22850
X37.65320 Y36.22850
X37.65320 Y36.24120
X37.66590 Y36.24120
X37.66590 Y36.25390
X37.67860 Y36.25390
X37.67860 Y36.26660
X37.69130 Y36.26660
X37.69130 Y36.29200
X37.70400 Y36.29200
X37.70400 Y36.30470
X37.71670 Y36.30470
X37.71670 Y36.31740
X37.72940 Y36.31740
X37.72940 Y36.33010
X37.74210 Y36.33010
X37.74210 Y36.34280
X37.75480 Y36.34280
X37.75480 Y36.36820
X37.76750 Y36.36820
X37.76750 Y36.39360
X37.78020 Y36.39360
X37.78020 Y36.41900
X37.79290 Y36.41900
X37.79290 Y36.43170
X37.80560 Y36.43170
X37.80560 Y36.45710
X37.81830 Y36.45710
X37.81830 Y36.48250
X37.83100 Y36.48250
X37.83100 Y36.52060
X37.84370 Y36.52060
X37.84370 Y36.57140
X37.85640 Y36.57140
X37.85640 Y36.60950
X37.86910 Y36.60950
X37.86910 Y36.69840
X37.88180 Y36.69840
X37.88180 Y37.04130
X37.86910 Y37.04130
X37.86910 Y37.13020
X37.85640 Y37.13020
X37.85640 Y37.16830
X37.84370 Y37.16830
X37.84370 Y37.21910
X37.83100 Y37.21910
X37.83100 Y37.25720
X37.81830 Y37.25720
X37.81830 Y37.28260
X37.80560 Y37.28260
X37.80560 Y37.30800
X37.79290 Y37.30800
X37.79290 Y37.32070
X37.78020 Y37.32070
X37.78020 Y37.34610
X37.76750 Y37.34610
X37.76750 Y37.37150
X37.75480 Y37.37150
X37.75480 Y37.39690
X37.74210 Y37.39690
X37.74210 Y37.40960
X37.72940 Y37.40960
X37.72940 Y37.42230
X37.71670 Y37.42230
X37.71670 Y37.43500
X37.70400 Y37.43500
X37.70400 Y37.44770
X37.69130 Y37.44770
X37.69130 Y37.47310
X37.67860 Y37.47310
X37.67860 Y37.48580
X37.66590 Y37.48580
X37.66590 Y37.49850
X37.65320 Y37.49850
X37.65320 Y37.51120
X37.64050 Y37.51120
X37.64050 Y37.52390
X37.61510 Y37.52390
X37.61510 Y37.53660
X37.60240 Y37.53660
X37.60240 Y37.54930
X37.58970 Y37.54930
X37.58970 Y37.56200
X37.57700 Y37.56200
X37.57700 Y37.57470
X37.56430 Y37.57470
X37.56430 Y37.58740
X37.53890 Y37.58740
X37.53890 Y37.60010
X37.51350 Y37.60010
X37.51350 Y37.61280
X37.48810 Y37.61280
X37.48810 Y37.62550
X37.47540 Y37.62550
X37.47540 Y37.63820
X37.45000 Y37.63820
X37.45000 Y37.65090
X37.42460 Y37.65090
X37.42460 Y37.66360
X37.37380 Y37.66360
X37.37380 Y37.67630
X37.33570 Y37.67630
X37.33570 Y37.68900
X37.29760 Y37.68900
X37.29760 Y37.70170
X37.19600 Y37.70170
X37.19600 Y37.71440
X36.87850 Y37.71440
X36.87850 Y37.70170
X36.77690 Y37.70170
X36.77690 Y37.68900
X36.73880 Y37.68900
X36.73880 Y37.67630
X36.70070 Y37.67630
X36.70070 Y37.66360
X36.64990 Y37.66360
X36.64990 Y37.65090
X36.62450 Y37.65090
X36.62450 Y37.63820
X36.59910 Y37.63820
X36.59910 Y37.62550
X36.58640 Y37.62550
X36.58640 Y37.61280
G04 P0 ( dwell for no time -- G64 should not smooth over this point )
G00 Z5.00000 ( retract )

G00 X38.75810 Y42.84520 ( rapid move to begin. )
F300.00000
G01 Z-0.05000
G04 P0 ( dwell for no time -- G64 should not smooth over this point )
F600.00000
X38.75810 Y42.84520
X38.73270 Y42.84520
X38.73270 Y42.83250
X38.70730 Y42.83250
X38.70730 Y42.81980
X38.68190 Y42.81980
X38.68190 Y42.80710
X38.66920 Y42.80710
X38.66920 Y42.79440
X38.65650 Y42.79440
X38.65650 Y42.78170
X38.64380 Y42.78170
X38.64380 Y42.76900
X38.63110 Y42.76900
X38.63110 Y42.75630
X38.60570 Y42.75630
X38.60570 Y42.74360
X38.59300 Y42.74360
X38.59300 Y42.73090
X38.58030 Y42.73090
X38.58030 Y42.71820
X38.56760 Y42.71820
X38.56760 Y42.70550
X38.55490 Y42.70550
X38.55490 Y42.68010
X38.54220 Y42.68010
X38.54220 Y42.66740
X38.52950 Y42.66740
X38.52950 Y42.65470
X38.51680 Y42.65470
X38.51680 Y42.64200
X38.50410 Y42.64200
X38.50410 Y42.62930
X38.49140 Y42.62930
X38.49140 Y42.60390
X38.47870 Y42.60390
X38.47870 Y42.57850
X38.46600 Y42.57850
X38.46600 Y42.55310
X38.45330 Y42.55310
X38.45330 Y42.54040
X38.44060 Y42.54040
X38.44060 Y42.51500
X38.42790 Y42.51500
X38.42790 Y42.48960
X38.41520 Y42.48960
X38.41520 Y42.43880
X38.40250 Y42.43880
X38.40250 Y42.40070
X38.38980 Y42.40070
X38.38980 Y42.36260
X38.37710 Y42.36260
X38.37710 Y42.34990
X37.06900 Y42.34990
X37.06900 Y42.33720
X37.03090 Y42.33720
X37.03090 Y42.32450
X37.00550 Y42.32450
X37.00550 Y42.31180
X36.99280 Y42.31180
X36.99280 Y42.29910
X36.98010 Y42.29910
X36.98010 Y42.28640
X36.96740 Y42.28640
X36.96740 Y42.27370
X36.95470 Y42.27370
X36.95470 Y42.26100
X36.94200 Y42.26100
X36.94200 Y42.24830
X36.92930 Y42.24830
X36.92930 Y42.23560
X36.91660 Y42.23560
X36.91660 Y42.22290
X36.90390 Y42.22290
X36.90390 Y42.21020
X36.89120 Y42.21020
X36.89120 Y42.19750
X36.87850 Y42.19750
X36.87850 Y42.18480
X36.86580 Y42.18480
X36.86580 Y42.17210
X36.85310 Y42.17210
X36.85310 Y42.15940
X36.84040 Y42.15940
X36.84040 Y42.14670
X36.82770 Y42.14670
X36.82770 Y42.13400
X36.81500 Y42.13400
X36.81500 Y42.12130
X36.80230 Y42.12130
X36.80230 Y42.10860
X36.78960 Y42.10860
X36.78960 Y42.09590
X36.77690 Y42.09590
X36.77690 Y42.08320
X36.76420 Y42.08320
X36.76420 Y42.07050
X36.75150 Y42.07050
X36.75150 Y42.05780
X36.73880 Y42.05780
X36.73880 Y42.04510
X36.72610 Y42.04510
X36.72610 Y42.03240
X36.71340 Y42.03240
X36.71340 Y42.01970
X36.70070 Y42.01970
X36.70070 Y42.00700
X36.68800 Y42.00700
X36.68800 Y41.99430
X36.67530 Y41.99430
X36.67530 Y41.98160
X36.66260 Y41.98160
X36.66260 Y41.96890
X36.64990 Y41.96890
X36.64990 Y41.95620
X36.63720 Y41.95620
X36.63720 Y41.94350
X36.62450 Y41.94350
X36.62450 Y41.93080
X36.61180 Y41.93080
X36.61180 Y41.91810
X36.59910 Y41.91810
X36.59910 Y41.90540
X36.58640 Y41.90540
X36.58640 Y41.89270
X36.57370 Y41.89270
X36.57370 Y41.88000
X36.56100 Y41.88000
X36.56100 Y41.86730
X36.54830 Y41.86730
X36.54830 Y41.85460
X36.53560 Y41.85460
X36.53560 Y41.84190
X36.52290 Y41.84190
X36.52290 Y41.82920
X36.51020 Y41.82920
X36.51020 Y41.81650
X36.49750 Y41.81650
X36.49750 Y41.80380
X36.48480 Y41.80380
X36.48480 Y41.79110
X36.47210 Y41.79110
X36.47210 Y41.77840
X36.45940 Y41.77840
X36.45940 Y41.76570
X36.44670 Y41.76570
X36.44670 Y41.75300
X36.43400 Y41.75300
X36.43400 Y41.74030
X36.42130 Y41.74030
X36.42130 Y41.72760
X36.40860 Y41.72760
X36.40860 Y41.71490
X36.39590 Y41.71490
X36.39590 Y41.70220
X36.38320 Y41.70220
X36.38320 Y41.68950
X36.37050 Y41.68950
X36.37050 Y41.67680
X36.35780 Y41.67680
X36.35780 Y41.66410
X36.34510 Y41.66410
X36.34510 Y41.65140
X36.33240 Y41.65140
X36.33240 Y41.63870
X36.31970 Y41.63870
X36.31970 Y41.62600
X36.30700 Y41.62600
X36.30700 Y41.61330
X36.29430 Y41.61330
X36.29430 Y41.60060
X36.28160 Y41.60060
X36.28160 Y41.58790
X36.26890 Y41.58790
X36.26890 Y41.57520
X36.25620 Y41.57520
X36.25620 Y41.56250
X36.24350 Y41.56250
X36.24350 Y41.54980
X36.23080 Y41.54980
X36.23080 Y41.53710
X36.21810 Y41.53710
X36.21810 Y41.52440
X36.20540 Y41.52440
X36.20540 Y41.51170
X36.19270 Y41.51170
X36.19270 Y41.49900
X36.18000 Y41.49900
X36.18000 Y41.48630
X36.16730 Y41.48630
X36.16730 Y41.47360
X36.15460 Y41.47360
X36.15460 Y41.46090
X36.14190 Y41.46090
X36.14190 Y41.44820
X36.12920 Y41.44820
X36.12920 Y41.43550
X36.11650 Y41.43550
X36.11650 Y41.42280
X36.10380 Y41.42280
X36.10380 Y41.41010
X36.09110 Y41.41010
X36.09110 Y41.39740
X36.07840 Y41.39740
X36.07840 Y41.38470
X36.06570 Y41.38470
X36.06570 Y41.37200
X36.05300 Y41.37200
X36.05300 Y41.35930
X36.04030 Y41.35930
X36.04030 Y41.34660
X36.02760 Y41.34660
X36.02760 Y41.33390
X36.01490 Y41.33390
X36.01490 Y41.32120
X36.00220 Y41.32120
X36.00220 Y41.30850
X35.98950 Y41.30850
X35.98950 Y41.29580
X35.97680 Y41.29580
X35.97680 Y41.28310
X35.96410 Y41.28310
X35.96410 Y41.27040
X35.95140 Y41.27040
X35.95140 Y41.25770
X35.93870 Y41.25770
X35.93870 Y41.24500
X35.92600 Y41.24500
X35.92600 Y41.23230
X35.91330 Y41.23230
X35.91330 Y41.21960
X35.90060 Y41.21960
X35.90060 Y41.20690
X35.88790 Y41.20690
X35.88790 Y41.19420
X35.87520 Y41.19420
X35.87520 Y41.18150
X35.86250 Y41.18150
X35.86250 Y41.16880
X35.84980 Y41.16880
X35.84980 Y41.15610
X35.83710 Y41.15610
X35.83710 Y41.14340
X35.82440 Y41.14340
X35.82440 Y41.13070
X35.81170 Y41.13070
X35.81170 Y41.11800
X35.79900 Y41.11800
X35.79900 Y41.10530
X35.78630 Y41.10530
X35.78630 Y41.09260
X35.77360 Y41.09260
X35.77360 Y41.07990
X35.76090 Y41.07990
X35.76090 Y41.06720
X35.74820 Y41.06720
X35.74820 Y41.05450
X35.73550 Y41.05450
X35.73550 Y41.04180
X35.72280 Y41.04180
X35.72280 Y41.02910
X35.71010 Y41.02910
X35.71010 Y41.01640
X35.69740 Y41.01640
X35.69740 Y41.00370
X35.68470 Y41.00370
X35.68470 Y40.99100
X35.67200 Y40.99100
X35.67200 Y40.97830
X35.65930 Y40.97830
X35.65930 Y40.96560
X35.64660 Y40.96560
X35.64660 Y40.95290
X35.63390 Y40.95290
X35.63390 Y40.94020
X35.62120 Y40.94020
X35.62120 Y40.92750
X35.60850 Y40.92750
X35.60850 Y40.91480
X35.59580 Y40.91480
X35.59580 Y40.90210
X35.58310 Y40.90210
X35.58310 Y40.88940
X35.57040 Y40.88940
X35.57040 Y40.87670
X35.55770 Y40.87670
X35.55770 Y40.86400
X35.54500 Y40.86400
X35.54500 Y40.85130
X35.53230 Y40.85130
X35.53230 Y40.83860
X35.51960 Y40.83860
X35.51960 Y40.82590
X35.50690 Y40.82590
X35.50690 Y40.81320
X35.49420 Y40.81320
X35.49420 Y40.80050
X35.48150 Y40.80050
X35.48150 Y40.78780
X35.46880 Y40.78780
X35.46880 Y40.77510
X35.45610 Y40.77510
X35.45610 Y40.76240
X35.44340 Y40.76240
X35.44340 Y40.74970
X35.43070 Y40.74970
X35.43070 Y40.73700
X35.41800 Y40.73700
X35.41800 Y40.72430
X35.40530 Y40.72430
X35.40530 Y40.71160
X35.39260 Y40.71160
X35.39260 Y40.69890
X35.37990 Y40.69890
X35.37990 Y40.68620
X35.36720 Y40.68620
X35.36720 Y40.67350
X35.35450 Y40.67350
X35.35450 Y40.66080
X35.34180 Y40.66080
X35.34180 Y40.64810
X35.32910 Y40.64810
X35.32910 Y40.63540
X35.31640 Y40.63540
X35.31640 Y40.62270
X35.30370 Y40.62270
X35.30370 Y40.61000
X35.29100 Y40.61000
X35.29100 Y40.59730
X35.27830 Y40.59730
X35.27830 Y40.58460
X35.26560 Y40.58460
X35.26560 Y40.57190
X35.25290 Y40.57190
X35.25290 Y40.55920
X35.24020 Y40.55920
X35.24020 Y40.54650
X35.22750 Y40.54650
X35.22750 Y40.53380
X35.21480 Y40.53380
X35.21480 Y40.52110
X35.20210 Y40.52110
X35.20210 Y40.50840
X35.18940 Y40.50840
X35.18940 Y40.49570
X35.17670 Y40.49570
X35.17670 Y40.48300
X35.16400 Y40.48300
X35.16400 Y40.47030
X35.15130 Y40.47030
X35.15130 Y40.45760
X35.13860 Y40.45760
X35.13860 Y40.44490
X35.12590 Y40.44490
X35.12590 Y40.43220
X35.11320 Y40.43220
X35.11320 Y40.41950
X35.10050 Y40.41950
X35.10050 Y40.40680
X35.08780 Y40.40680
X35.08780 Y40.39410
X35.07510 Y40.39410
X35.07510 Y40.38140
X35.06240 Y40.38140
X35.06240 Y40.36870
X35.04970 Y40.36870
X35.04970 Y40.35600
X35.03700 Y40.35600
X35.03700 Y40.34330
X35.02430 Y40.34330
X35.02430 Y40.33060
X35.01160 Y40.33060
X35.01160 Y40.31790
X34.99890 Y40.31790
X34.99890 Y40.30520
X34.98620 Y40.30520
X34.98620 Y40.29250
X34.97350 Y40.29250
X34.97350 Y40.27980
X34.96080 Y40.27980
X34.96080 Y40.26710
X34.94810 Y40.26710
X34.94810 Y40.25440
X34.93540 Y40.25440
X34.93540 Y40.24170
X34.92270 Y40.24170
X34.92270 Y40.22900
X34.91000 Y40.22900
X34.91000 Y40.21630
X34.89730 Y40.21630
X34.89730 Y40.20360
X34.88460 Y40.20360
X34.88460 Y40.19090
X34.87190 Y40.19090
X34.87190 Y40.17820
X34.85920 Y40.17820
X34.85920 Y40.16550
X34.84650 Y40.16550
X34.84650 Y40.15280
X34.83380 Y40.15280
X34.83380 Y40.14010
X34.82110 Y40.14010
X34.82110 Y40.12740
X34.80840 Y40.12740
X34.80840 Y40.11470
X34.79570 Y40.11470
X34.79570 Y40.10200
X34.78300 Y40.10200
X34.78300 Y40.08930
X34.77030 Y40.08930
X34.77030 Y40.07660
X34.75760 Y40.07660
X34.75760 Y40.06390
X34.74490 Y40.06390
X34.74490 Y40.05120
X34.73220 Y40.05120
X34.73220 Y40.03850
X34.71950 Y40.03850
X34.71950 Y40.02580
X34.70680 Y40.02580
X34.70680 Y40.01310
X34.69410 Y40.01310
X34.69410 Y40.00040
X34.68140 Y40.00040
X34.68140 Y39.98770
X34.66870 Y39.98770
X34.66870 Y39.97500
X34.65600 Y39.97500
X34.65600 Y39.96230
X34.64330 Y39.96230
X34.64330 Y39.94960
X34.63060 Y39.94960
X34.63060 Y39.93690
X34.61790 Y39.93690
X34.61790 Y39.92420
X34.60520 Y39.92420
X34.60520 Y39.91150
X34.59250 Y39.91150
X34.59250 Y39.89880
X34.57980 Y39.89880
X34.57980 Y39.88610
X34.56710 Y39.88610
X34.56710 Y39.87340
X34.55440 Y39.87340
X34.55440 Y39.86070
X34.54170 Y39.86070
X34.54170 Y39.84800
X34.52900 Y39.84800
X34.52900 Y39.83530
X34.51630 Y39.83530
X34.51630 Y39.82260
X34.50360 Y39.82260
X34.50360 Y39.80990
X34.49090 Y39.80990
X34.49090 Y39.79720
X34.47820 Y39.79720
X34.47820 Y39.78450
X34.46550 Y39.78450
X34.46550 Y39.77180
X34.45280 Y39.77180
X34.45280 Y39.75910
X34.44010 Y39.75910
X34.44010 Y39.74640
X34.42740 Y39.74640
X34.42740 Y39.73370
X34.41470 Y39.73370
X34.41470 Y39.72100
X34.40200 Y39.72100
X34.40200 Y39.70830
X34.38930 Y39.70830
X34.38930 Y39.69560
X34.37660 Y39.69560
X34.37660 Y39.68290
X34.36390 Y39.68290
X34.36390 Y39.67020
X34.35120 Y39.67020
X34.35120 Y39.65750
X34.33850 Y39.65750
X34.33850 Y39.64480
X34.32580 Y39.64480
X34.32580 Y39.63210
X34.31310 Y39.63210
X34.31310 Y39.61940
X34.30040 Y39.61940
X34.30040 Y39.60670
X34.28770 Y39.60670
X34.28770 Y39.59400
X34.27500 Y39.59400
X34.27500 Y39.58130
X34.26230 Y39.58130
X34.26230 Y39.56860
X34.24960 Y39.56860
X34.24960 Y39.55590
X34.23690 Y39.55590
X34.23690 Y39.54320
X34.22420 Y39.54320
X34.22420 Y39.53050
X34.21150 Y39.53050
X34.21150 Y39.51780
X34.19880 Y39.51780
X34.19880 Y39.50510
X34.18610 Y39.50510
X34.18610 Y39.49240
X34.17340 Y39.49240
X34.17340 Y39.47970
X34.16070 Y39.47970
X34.16070 Y39.46700
X34.14800 Y39.46700
X34.14800 Y39.45430
X34.13530 Y39.45430
X34.13530 Y39.44160
X34.12260 Y39.44160
X34.12260 Y39.42890
X34.10990 Y39.42890
X34.10990 Y39.41620
X34.09720 Y39.41620
X34.09720 Y39.40350
X34.08450 Y39.40350
X34.08450 Y39.39080
X34.07180 Y39.39080
X34.07180 Y39.37810
X34.05910 Y39.37810
X34.05910 Y39.36540
X34.04640 Y39.36540
X34.04640 Y39.35270
X34.03370 Y39.35270
X34.03370 Y39.34000
X34.02100 Y39.34000
X34.02100 Y39.32730
X34.00830 Y39.32730
X34.00830 Y39.31460
X33.99560 Y39.31460
X33.99560 Y39.30190
X33.98290 Y39.30190
X33.98290 Y39.28920
X33.97020 Y39.28920
X33.97020 Y39.27650
X33.95750 Y39.27650
X33.95750 Y39.26380
X33.94480 Y39.26380
X33.94480 Y39.25110
X33.93210 Y39.25110
X33.93210 Y39.23840
X33.91940 Y39.23840
X33.91940 Y39.22570
X33.90670 Y39.22570
X33.90670 Y39.21300
X33.89400 Y39.21300
X33.89400 Y39.20030
X33.88130 Y39.20030
X33.88130 Y39.18760
X33.86860 Y39.18760
X33.86860 Y39.17490
X33.85590 Y39.17490
X33.85590 Y39.16220
X33.84320 Y39.16220
X33.84320 Y39.14950
X33.83050 Y39.14950
X33.83050 Y39.13680
X33.81780 Y39.13680
X33.81780 Y39.11140
X33.80510 Y39.11140
X33.80510 Y39.07330
X33.79240 Y39.07330
X33.79240 Y36.74920
X33.80510 Y36.74920
X33.80510 Y36.71110
X33.81780 Y36.71110
X33.81780 Y36.68570
X33.83050 Y36.68570
X33.83050 Y36.67300
X33.84320 Y36.67300
X33.84320 Y36.66030
X33.85590 Y36.66030
X33.85590 Y36.64760
X33.86860 Y36.64760
X33.86860 Y36.63490
X33.88130 Y36.63490
X33.88130 Y36.62220
X33.89400 Y36.62220
X33.89400 Y36.60950
X33.90670 Y36.60950
X33.90670 Y36.59680
X33.91940 Y36.59680
X33.91940 Y36.58410
X33.93210 Y36.58410
X33.93210 Y36.57140
X33.94480 Y36.57140
X33.94480 Y36.55870
X33.95750 Y36.55870
X33.95750 Y36.54600
X33.97020 Y36.54600
X33.97020 Y36.53330
X33.98290 Y36.53330
X33.98290 Y36.52060
X33.99560 Y36.52060
X33.99560 Y36.50790
X34.00830 Y36.50790
X34.00830 Y36.49520
X34.02100 Y36.49520
X34.02100 Y36.48250
X34.03370 Y36.48250
X34.03370 Y36.46980
X34.04640 Y36.46980
X34.04640 Y36.45710
X34.05910 Y36.45710
X34.05910 Y36.44440
X34.07180 Y36.44440
X34.07180 Y36.43170
X34.08450 Y36.43170
X34.08450 Y36.41900
X34.09720 Y36.41900
X34.09720 Y36.40630
X34.10990 Y36.40630
X34.10990 Y36.39360
X34.12260 Y36.39360
X34.12260 Y36.38090
X34.13530 Y36.38090
X34.13530 Y36.36820
X34.14800 Y36.36820
X34.14800 Y36.35550
X34.16070 Y36.35550
X34.16070 Y36.34280
X34.17340 Y36.34280
X34.17340 Y36.33010
X34.18610 Y36.33010
X34.18610 Y36.31740
X34.19880 Y36.31740
X34.19880 Y36.30470
X34.21150 Y36.30470
X34.21150 Y36.29200
X34.22420 Y36.29200
X34.22420 Y36.27930
X34.23690 Y36.27930
X34.23690 Y36.26660
X34.24960 Y36.26660
X34.24960 Y36.25390
X34.26230 Y36.25390
X34.26230 Y36.24120
X34.27500 Y36.24120
X34.27500 Y36.22850
X34.28770 Y36.22850
X34.28770 Y36.21580
X34.30040 Y36.21580
X34.30040 Y36.20310
X34.31310 Y36.20310
X34.31310 Y36.19040
X34.32580 Y36.19040
X34.32580 Y36.17770
X34.33850 Y36.17770
X34.33850 Y36.16500
X34.35120 Y36.16500
X34.35120 Y36.15230
X34.36390 Y36.15230
X34.36390 Y36.13960
X34.37660 Y36.13960
X34.37660 Y36.12690
X34.38930 Y36.12690
X34.38930 Y36.11420
X34.40200 Y36.11420
X34.40200 Y36.10150
X34.41470 Y36.10150
X34.41470 Y36.08880
X34.42740 Y36.08880
X34.42740 Y36.07610
X34.44010 Y36.07610
X34.44010 Y36.06340
X34.45280 Y36.06340
X34.45280 Y36.05070
X34.46550 Y36.05070
X34.46550 Y36.03800
X34.47820 Y36.03800
X34.47820 Y36.02530
X34.49090 Y36.02530
X34.49090 Y36.01260
X34.50360 Y36.01260
X34.50360 Y35.99990
X34.51630 Y35.99990
X34.51630 Y35.98720
X34.52900 Y35.98720
X34.52900 Y35.97450
X34.54170 Y35.97450
X34.54170 Y35.96180
X34.55440 Y35.96180
X34.55440 Y35.94910
X34.56710 Y35.94910
X34.56710 Y35.93640
X34.57980 Y35.93640
X34.57980 Y35.92370
X34.59250 Y35.92370
X34.59250 Y35.91100
X34.60520 Y35.91100
X34.60520 Y35.89830
X34.61790 Y35.89830
X34.61790 Y35.88560
X34.63060 Y35.88560
X34.63060 Y35.87290
X34.64330 Y35.87290
X34.64330 Y35.86020
X34.65600 Y35.86020
X34.65600 Y35.84750
X34.66870 Y35.84750
X34.66870 Y35.83480
X34.68140 Y35.83480
X34.68140 Y35.82210
X34.69410 Y35.82210
X34.69410 Y35.80940
X34.70680 Y35.80940
X34.70680 Y35.79670
X34.71950 Y35.79670
X34.71950 Y35.78400
X34.73220 Y35.78400
X34.73220 Y35.77130
X34.74490 Y35.77130
X34.74490 Y35.75860
X34.75760 Y35.75860
X34.75760 Y35.74590
X34.77030 Y35.74590
X34.77030 Y35.73320
X34.78300 Y35.73320
X34.78300 Y35.72050
X34.79570 Y35.72050
X34.79570 Y34.00600
X34.78300 Y34.00600
X34.78300 Y33.99330
X34.77030 Y33.99330
X34.77030 Y33.98060
X34.75760 Y33.98060
X34.75760 Y33.96790
X34.74490 Y33.96790
X34.74490 Y33.95520
X34.71950 Y33.95520
X34.71950 Y33.94250
X34.70680 Y33.94250
X34.70680 Y33.92980
X34.69410 Y33.92980
X34.69410 Y33.91710
X34.68140 Y33.91710
X34.68140 Y33.90440
X34.66870 Y33.90440
X34.66870 Y33.89170
X34.65600 Y33.89170
X34.65600 Y33.87900
X34.64330 Y33.87900
X34.64330 Y33.86630
X34.63060 Y33.86630
X34.63060 Y33.85360
X34.61790 Y33.85360
X34.61790 Y33.84090
X34.60520 Y33.84090
X34.60520 Y33.82820
X34.59250 Y33.82820
X34.59250 Y33.81550
X34.57980 Y33.81550
X34.57980 Y33.80280
X34.56710 Y33.80280
X34.56710 Y33.79010
X34.55440 Y33.79010
X34.55440 Y33.77740
X34.54170 Y33.77740
X34.54170 Y33.76470
X34.52900 Y33.76470
X34.52900 Y33.75200
X34.51630 Y33.75200
X34.51630 Y33.73930
X34.50360 Y33.73930
X34.50360 Y33.72660
X34.49090 Y33.72660
X34.49090 Y33.71390
X34.47820 Y33.71390
X34.47820 Y33.70120
X34.46550 Y33.70120
X34.46550 Y33.68850
X34.45280 Y33.68850
X34.45280 Y33.67580
X34.44010 Y33.67580
X34.44010 Y33.66310
X34.42740 Y33.66310
X34.42740 Y33.65040
X34.41470 Y33.65040
X34.41470 Y33.63770
X34.40200 Y33.63770
X34.40200 Y33.62500
X34.38930 Y33.62500
X34.38930 Y33.61230
X34.37660 Y33.61230
X34.37660 Y33.59960
X34.36390 Y33.59960
X34.36390 Y33.58690
X34.35120 Y33.58690
X34.35120 Y33.57420
X34.33850 Y33.57420
X34.33850 Y33.56150
X34.32580 Y33.56150
X34.32580 Y33.54880
X34.31310 Y33.54880
X34.31310 Y33.53610
X34.30040 Y33.53610
X34.30040 Y33.52340
X34.28770 Y33.52340
X34.28770 Y33.51070
X34.27500 Y33.51070
X34.27500 Y33.49800
X34.26230 Y33.49800
X34.26230 Y33.48530
X34.24960 Y33.48530
X34.24960 Y33.47260
X34.23690 Y33.47260
X34.23690 Y33.45990
X34.22420 Y33.45990
X34.22420 Y33.44720
X34.21150 Y33.44720
X34.21150 Y33.43450
X34.19880 Y33.43450
X34.19880 Y33.42180
X34.18610 Y33.42180
X34.18610 Y33.40910
X34.17340 Y33.40910
X34.17340 Y33.39640
X34.16070 Y33.39640
X34.16070 Y33.38370
X34.14800 Y33.38370
X34.14800 Y33.37100
X34.13530 Y33.37100
X34.13530 Y33.35830
X34.12260 Y33.35830
X34.12260 Y33.34560
X34.10990 Y33.34560
X34.10990 Y33.33290
X34.09720 Y33.33290
X34.09720 Y33.32020
X34.08450 Y33.32020
X34.08450 Y33.30750
X34.07180 Y33.30750
X34.07180 Y33.29480
X34.05910 Y33.29480
X34.05910 Y33.28210
X34.04640 Y33.28210
X34.04640 Y33.26940
X34.03370 Y33.26940
X34.03370 Y33.25670
X34.02100 Y33.25670
X34.02100 Y33.24400
X34.00830 Y33.24400
X34.00830 Y33.23130
X33.99560 Y33.23130
X33.99560 Y33.21860
X33.98290 Y33.21860
X33.98290 Y33.20590
X33.97020 Y33.20590
X33.97020 Y33.19320
X33.95750 Y33.19320
X33.95750 Y33.18050
X33.94480 Y33.18050
X33.94480 Y33.16780
X33.93210 Y33.16780
X33.93210 Y33.15510
X33.91940 Y33.15510
X33.91940 Y33.14240
X33.90670 Y33.14240
X33.90670 Y33.12970
X33.89400 Y33.12970
X33.89400 Y33.11700
X33.88130 Y33.11700
X33.88130 Y33.10430
X33.86860 Y33.10430
X33.86860 Y33.09160
X33.85590 Y33.09160
X33.85590 Y33.07890
X33.84320 Y33.07890
X33.84320 Y33.06620
X33.83050 Y33.06620
X33.83050 Y33.05350
X33.81780 Y33.05350
X33.81780 Y33.04080
X33.80510 Y33.04080
X33.80510 Y33.02810
X33.79240 Y33.02810
X33.79240 Y33.01540
X33.77970 Y33.01540
X33.77970 Y33.00270
X33.76700 Y33.00270
X33.76700 Y32.99000
X33.75430 Y32.99000
X33.75430 Y32.97730
X33.74160 Y32.97730
X33.74160 Y32.96460
X33.72890 Y32.96460
X33.72890 Y32.95190
X33.71620 Y32.95190
X33.71620 Y32.93920
X33.70350 Y32.93920
X33.70350 Y32.92650
X33.69080 Y32.92650
X33.69080 Y32.91380
X33.67810 Y32.91380
X33.67810 Y32.90110
X33.66540 Y32.90110
X33.66540 Y32.88840
X33.65270 Y32.88840
X33.65270 Y32.87570
X33.64000 Y32.87570
X33.64000 Y32.86300
X33.62730 Y32.86300
X33.62730 Y32.85030
X33.61460 Y32.85030
X33.61460 Y32.83760
X33.60190 Y32.83760
X33.60190 Y32.82490
X33.58920 Y32.82490
X33.58920 Y32.81220
X33.57650 Y32.81220
X33.57650 Y32.79950
X33.56380 Y32.79950
X33.56380 Y32.78680
X33.55110 Y32.78680
X33.55110 Y32.77410
X33.53840 Y32.77410
X33.53840 Y32.76140
X33.52570 Y32.76140
X33.52570 Y32.74870
X33.51300 Y32.74870
X33.51300 Y32.73600
X33.50030 Y32.73600
X33.50030 Y32.72330
X33.48760 Y32.72330
X33.48760 Y32.71060
X33.47490 Y32.71060
X33.47490 Y32.69790
X33.46220 Y32.69790
X33.46220 Y32.68520
X33.44950 Y32.68520
X33.44950 Y32.67250
X33.43680 Y32.67250
X33.43680 Y32.65980
X33.42410 Y32.65980
X33.42410 Y32.64710
X33.41140 Y32.64710
X33.41140 Y32.63440
X33.39870 Y32.63440
X33.39870 Y32.62170
X33.38600 Y32.62170
X33.38600 Y32.60900
X33.37330 Y32.60900
X33.37330 Y32.59630
X33.36060 Y32.59630
X33.36060 Y32.58360
X33.34790 Y32.58360
X33.34790 Y32.57090
X33.33520 Y32.57090
X33.33520 Y32.55820
X33.32250 Y32.55820
X33.32250 Y32.54550
X33.30980 Y32.54550
X33.30980 Y32.53280
X33.29710 Y32.53280
X33.29710 Y32.52010
X33.28440 Y32.52010
X33.28440 Y32.50740
X33.27170 Y32.50740
X33.27170 Y32.49470
X33.25900 Y32.49470
X33.25900 Y32.48200
X33.24630 Y32.48200
X33.24630 Y32.46930
X33.23360 Y32.46930
X33.23360 Y32.45660
X33.22090 Y32.45660
X33.22090 Y32.44390
X33.20820 Y32.44390
X33.20820 Y32.43120
X33.19550 Y32.43120
X33.19550 Y32.41850
X33.18280 Y32.41850
X33.18280 Y32.40580
X33.17010 Y32.40580
X33.17010 Y32.39310
X33.15740 Y32.39310
X33.15740 Y32.38040
X33.14470 Y32.38040
X33.14470 Y32.36770
X33.13200 Y32.36770
X33.13200 Y32.35500
X33.11930 Y32.35500
X33.11930 Y32.34230
X33.10660 Y32.34230
X33.10660 Y32.32960
X33.09390 Y32.32960
X33.09390 Y32.31690
X33.08120 Y32.31690
X33.08120 Y32.30420
X33.06850 Y32.30420
X33.06850 Y32.29150
X33.05580 Y32.29150
X33.05580 Y32.27880
X33.04310 Y32.27880
X33.04310 Y32.26610
X33.03040 Y32.26610
X33.03040 Y32.25340
X33.01770 Y32.25340
X33.01770 Y32.24070
X33.00500 Y32.24070
X33.00500 Y32.22800
X32.99230 Y32.22800
X32.99230 Y32.21530
X32.97960 Y32.21530
X32.97960 Y32.20260
X32.96690 Y32.20260
X32.96690 Y32.18990
X32.95420 Y32.18990
X32.95420 Y32.17720
X32.94150 Y32.17720
X32.94150 Y32.16450
X32.92880 Y32.16450
X32.92880 Y32.15180
X32.91610 Y32.15180
X32.91610 Y32.13910
X32.90340 Y32.13910
X32.90340 Y32.12640
X32.89070 Y32.12640
X32.89070 Y32.11370
X32.87800 Y32.11370
X32.87800 Y32.10100
X32.86530 Y32.10100
X32.86530 Y32.08830
X32.85260 Y32.08830
X32.85260 Y32.07560
X32.83990 Y32.07560
X32.83990 Y32.06290
X32.82720 Y32.06290
X32.82720 Y32.05020
X32.81450 Y32.05020
X32.81450 Y32.03750
X32.80180 Y32.03750
X32.80180 Y32.02480
X32.78910 Y32.02480
X32.78910 Y32.01210
X32.77640 Y32.01210
X32.77640 Y31.99940
X32.76370 Y31.99940
X32.76370 Y31.98670
X32.75100 Y31.98670
X32.75100 Y31.97400
X32.73830 Y31.97400
X32.73830 Y31.96130
X32.72560 Y31.96130
X32.72560 Y31.94860
X32.71290 Y31.94860
X32.71290 Y31.93590
X32.70020 Y31.93590
X32.70020 Y31.92320
X32.68750 Y31.92320
X32.68750 Y31.91050
X32.67480 Y31.91050
X32.67480 Y31.89780
X32.66210 Y31.89780
X32.66210 Y31.88510
X32.64940 Y31.88510
X32.64940 Y31.87240
X32.63670 Y31.87240
X32.63670 Y31.85970
X32.62400 Y31.85970
X32.62400 Y31.84700
X32.61130 Y31.84700
X32.61130 Y31.83430
X32.59860 Y31.83430
X32.59860 Y31.82160
X32.58590 Y31.82160
X32.58590 Y31.80890
X32.57320 Y31.80890
X32.57320 Y31.79620
X32.56050 Y31.79620
X32.56050 Y31.78350
X32.54780 Y31.78350
X32.54780 Y31.77080
X32.53510 Y31.77080
X32.53510 Y31.75810
X32.52240 Y31.75810
X32.52240 Y31.74540
X32.50970 Y31.74540
X32.50970 Y31.73270
X32.49700 Y31.73270
X32.49700 Y31.72000
X32.48430 Y31.72000
X32.48430 Y31.70730
X32.47160 Y31.70730
X32.47160 Y31.69460
X32.45890 Y31.69460
X32.45890 Y31.68190
X32.44620 Y31.68190
X32.44620 Y31.66920
X32.43350 Y31.66920
X32.43350 Y31.65650
X32.42080 Y31.65650
X32.42080 Y31.64380
X32.40810 Y31.64380
X32.40810 Y31.63110
X32.39540 Y31.63110
X32.39540 Y31.61840
X32.38270 Y31.61840
X32.38270 Y31.60570
X32.37000 Y31.60570
X32.37000 Y31.59300
X32.35730 Y31.59300
X32.35730 Y31.58030
X32.34460 Y31.58030
X32.34460 Y31.56760
X32.33190 Y31.56760
X32.33190 Y31.55490
X32.31920 Y31.55490
X32.31920 Y31.54220
X32.30650 Y31.54220
X32.30650 Y31.52950
X32.29380 Y31.52950
X32.29380 Y31.51680
X32.28110 Y31.51680
X32.28110 Y31.50410
X32.26840 Y31.50410
X32.26840 Y31.49140
X32.25570 Y31.49140
X32.25570 Y31.47870
X32.24300 Y31.47870
X32.24300 Y31.46600
X32.23030 Y31.46600
X32.23030 Y31.45330
X32.21760 Y31.45330
X32.21760 Y31.44060
X32.20490 Y31.44060
X32.20490 Y31.42790
X32.19220 Y31.42790
X32.19220 Y31.41520
X32.17950 Y31.41520
X32.17950 Y31.40250
X32.16680 Y31.40250
X32.16680 Y31.38980
X32.15410 Y31.38980
X32.15410 Y31.37710
X32.14140 Y31.37710
X32.14140 Y31.36440
X32.12870 Y31.36440
X32.12870 Y31.35170
X32.11600 Y31.35170
X32.11600 Y31.33900
X32.10330 Y31.33900
X32.10330 Y31.32630
X32.09060 Y31.32630
X32.09060 Y31.31360
X32.07790 Y31.31360
X32.07790 Y31.30090
X32.06520 Y31.30090
X32.06520 Y31.28820
X32.05250 Y31.28820
X32.05250 Y31.27550
X32.03980 Y31.27550
X32.03980 Y31.26280
X32.02710 Y31.26280
X32.02710 Y31.25010
X32.01440 Y31.25010
X32.01440 Y31.23740
X32.00170 Y31.23740
X32.00170 Y31.22470
X31.98900 Y31.22470
X31.98900 Y31.21200
X31.97630 Y31.21200
X31.97630 Y31.19930
X31.96360 Y31.19930
X31.96360 Y31.18660
X31.95090 Y31.18660
X31.95090 Y31.17390
X31.93820 Y31.17390
X31.93820 Y31.16120
X31.92550 Y31.16120
X31.92550 Y31.14850
X31.91280 Y31.14850
X31.91280 Y31.13580
X31.90010 Y31.13580
X31.90010 Y31.12310
X31.88740 Y31.12310
X31.88740 Y31.11040
X31.87470 Y31.11040
X31.87470 Y31.09770
X31.86200 Y31.09770
X31.86200 Y31.08500
X31.84930 Y31.08500
X31.84930 Y31.07230
X31.83660 Y31.07230
X31.83660 Y31.05960
X31.82390 Y31.05960
X31.82390 Y31.04690
X31.81120 Y31.04690
X31.81120 Y31.02150
X31.79850 Y31.02150
X31.79850 Y30.98340
X31.78580 Y30.98340
X31.78580 Y30.38650
X31.77310 Y30.38650
X31.77310 Y30.37380
X31.73500 Y30.37380
X31.73500 Y30.36110
X31.69690 Y30.36110
X31.69690 Y30.34840
X31.64610 Y30.34840
X31.64610 Y30.33570
X31.62070 Y30.33570
X31.62070 Y30.32300
X31.59530 Y30.32300
X31.59530 Y30.31030
X31.58260 Y30.31030
X31.58260 Y30.29760
X31.55720 Y30.29760
X31.55720 Y30.28490
X31.53180 Y30.28490
X31.53180 Y30.27220
X31.50640 Y30.27220
X31.50640 Y30.25950
X31.49370 Y30.25950
X31.49370 Y30.24680
X31.48100 Y30.24680
X31.48100 Y30.23410
X31.46830 Y30.23410
X31.46830 Y30.22140
X31.45560 Y30.22140
X31.45560 Y30.20870
X31.43020 Y30.20870
X31.43020 Y30.19600
X31.41750 Y30.19600
X31.41750 Y30.18330
X31.40480 Y30.18330
X31.40480 Y30.17060
X31.39210 Y30.17060
X31.39210 Y30.15790
X31.37940 Y30.15790
X31.37940 Y30.13250
X31.36670 Y30.13250
X31.36670 Y30.11980
X31.35400 Y30.11980
X31.35400 Y30.10710
X31.34130 Y30.10710
X31.34130 Y30.09440
X31.32860 Y30.09440
X31.32860 Y30.08170
X31.31590 Y30.08170
X31.31590 Y30.05630
X31.30320 Y30.05630
X31.30320 Y30.03090
X31.29050 Y30.03090
X31.29050 Y30.00550
X31.27780 Y30.00550
X31.27780 Y29.99280
X31.26510 Y29.99280
X31.26510 Y29.96740
X31.25240 Y29.96740
X31.25240 Y29.94200
X31.23970 Y29.94200
X31.23970 Y29.89120
X31.22700 Y29.89120
X31.22700 Y29.85310
X31.21430 Y29.85310
X31.21430 Y29.81500
X31.20160 Y29.81500
X31.20160 Y29.71340
X31.18890 Y29.71340
X31.18890 Y29.39590
X31.20160 Y29.39590
X31.20160 Y29.29430
X31.21430 Y29.29430
X31.21430 Y29.25620
X31.22700 Y29.25620
X31.22700 Y29.21810
X31.23970 Y29.21810
X31.23970 Y29.16730
X31.25240 Y29.16730
X31.25240 Y29.14190
X31.26510 Y29.14190
X31.26510 Y29.11650
X31.27780 Y29.11650
X31.27780 Y29.10380
X31.29050 Y29.10380
X31.29050 Y29.07840
X31.30320 Y29.07840
X31.30320 Y29.05300
X31.31590 Y29.05300
X31.31590 Y29.02760
X31.32860 Y29.02760
X31.32860 Y29.01490
X31.34130 Y29.01490
X31.34130 Y29.00220
X31.35400 Y29.00220
X31.35400 Y28.98950
X31.36670 Y28.98950
X31.36670 Y28.97680
X31.37940 Y28.97680
X31.37940 Y28.95140
X31.39210 Y28.95140
X31.39210 Y28.93870
X31.40480 Y28.93870
X31.40480 Y28.92600
X31.41750 Y28.92600
X31.41750 Y28.91330
X31.43020 Y28.91330
X31.43020 Y28.90060
X31.45560 Y28.90060
X31.45560 Y28.88790
X31.46830 Y28.88790
X31.46830 Y28.87520
X31.48100 Y28.87520
X31.48100 Y28.86250
X31.49370 Y28.86250
X31.49370 Y28.84980
X31.50640 Y28.84980
X31.50640 Y28.83710
X31.53180 Y28.83710
X31.53180 Y28.82440
X31.55720 Y28.82440
X31.55720 Y28.81170
X31.58260 Y28.81170
X31.58260 Y28.79900
X31.59530 Y28.79900
X31.59530 Y28.78630
X31.62070 Y28.78630
X31.62070 Y28.77360
X31.64610 Y28.77360
X31.64610 Y28.76090
X31.69690 Y28.76090
X31.69690 Y28.74820
X31.73500 Y28.74820
X31.73500 Y28.73550
X31.77310 Y28.73550
X31.77310 Y28.72280
X31.86200 Y28.72280
X31.86200 Y28.71010
X32.20490 Y28.71010
X32.20490 Y28.72280
X32.29380 Y28.72280
X32.29380 Y28.73550
X32.33190 Y28.73550
X32.33190 Y28.74820
X32.38270 Y28.74820
X32.38270 Y28.76090
X32.42080 Y28.76090
X32.42080 Y28.77360
X32.44620 Y28.77360
X32.44620 Y28.78630
X32.47160 Y28.78630
X32.47160 Y28.79900
X32.48430 Y28.79900
X32.48430 Y28.81170
X32.50970 Y28.81170
X32.50970 Y28.82440
X32.53510 Y28.82440
X32.53510 Y28.83710
X32.56050 Y28.83710
X32.56050 Y28.84980
X32.57320 Y28.84980
X32.57320 Y28.86250
X32.58590 Y28.86250
X32.58590 Y28.87520
X32.59860 Y28.87520
X32.59860 Y28.88790
X32.61130 Y28.88790
X32.61130 Y28.90060
X32.63670 Y28.90060
X32.63670 Y28.91330
X32.64940 Y28.91330
X32.64940 Y28.92600
X32.66210 Y28.92600
X32.66210 Y28.93870
X32.67480 Y28.93870
X32.67480 Y28.95140
X32.68750 Y28.95140
X32.68750 Y28.97680
X32.70020 Y28.97680
X32.70020 Y28.98950
X32.71290 Y28.98950
X32.71290 Y29.00220
X32.72560 Y29.00220
X32.72560 Y29.01490
X32.73830 Y29.01490
X32.73830 Y29.02760
X32.75100 Y29.02760
X32.75100 Y29.05300
X32.76370 Y29.05300
X32.76370 Y29.07840
X32.77640 Y29.07840
X32.77640 Y29.10380
X32.78910 Y29.10380
X32.78910 Y29.11650
X32.80180 Y29.11650
X32.80180 Y29.14190
X32.81450 Y29.14190
X32.81450 Y29.16730
X32.82720 Y29.16730
X32.82720 Y29.20540
X32.83990 Y29.20540
X32.83990 Y29.25620
X32.85260 Y29.25620
X32.85260 Y29.29430
X32.86530 Y29.29430
X32.86530 Y29.38320
X32.87800 Y29.38320
X32.87800 Y29.72610
X32.86530 Y29.72610
X32.86530 Y29.81500
X32.85260 Y29.81500
X32.85260 Y29.85310
X32.83990 Y29.85310
X32.83990 Y29.90390
X32.82720 Y29.90390
X32.82720 Y29.94200
X32.81450 Y29.94200
X32.81450 Y29.96740
X32.80180 Y29.96740
X32.80180 Y29.99280
X32.78910 Y29.99280
X32.78910 Y30.00550
X32.77640 Y30.00550
X32.77640 Y30.03090
X32.76370 Y30.03090
X32.76370 Y30.05630
X32.75100 Y30.05630
X32.75100 Y30.08170
X32.73830 Y30.08170
X32.73830 Y30.09440
X32.72560 Y30.09440
X32.72560 Y30.10710
X32.71290 Y30.10710
X32.71290 Y30.11980
X32.70020 Y30.11980
X32.70020 Y30.13250
X32.68750 Y30.13250
X32.68750 Y30.15790
X32.67480 Y30.15790
X32.67480 Y30.17060
X32.66210 Y30.17060
X32.66210 Y30.18330
X32.64940 Y30.18330
X32.64940 Y30.19600
X32.63670 Y30.19600
X32.63670 Y30.20870
X32.61130 Y30.20870
X32.61130 Y30.22140
X32.59860 Y30.22140
X32.59860 Y30.23410
X32.58590 Y30.23410
X32.58590 Y30.24680
X32.57320 Y30.24680
X32.57320 Y30.25950
X32.56050 Y30.25950
X32.56050 Y30.27220
X32.53510 Y30.27220
X32.53510 Y30.28490
X32.50970 Y30.28490
X32.50970 Y30.29760
X32.48430 Y30.29760
X32.48430 Y30.31030
X32.47160 Y30.31030
X32.47160 Y30.32300
X32.44620 Y30.32300
X32.44620 Y30.33570
X32.42080 Y30.33570
X32.42080 Y30.34840
X32.37000 Y30.34840
X32.37000 Y30.36110
X32.33190 Y30.36110
X32.33190 Y30.37380
X32.29380 Y30.37380
X32.29380 Y30.38650
X32.28110 Y30.38650
X32.28110 Y30.71670
X32.30650 Y30.71670
X32.30650 Y30.72940
X32.31920 Y30.72940
X32.31920 Y30.74210
X32.33190 Y30.74210
X32.33190 Y30.75480
X32.34460 Y30.75480
X32.34460 Y30.76750
X32.35730 Y30.76750
X32.35730 Y30.78020
X32.37000 Y30.78020
X32.37000 Y30.79290
X32.38270 Y30.79290
X32.38270 Y30.80560
X32.39540 Y30.80560
X32.39540 Y30.81830
X32.40810 Y30.81830
X32.40810 Y30.83100
X32.42080 Y30.83100
X32.42080 Y30.84370
X32.43350 Y30.84370
X32.43350 Y30.85640
X32.44620 Y30.85640
X32.44620 Y30.86910
X32.45890 Y30.86910
X32.45890 Y30.88180
X32.47160 Y30.88180
X32.47160 Y30.89450
X32.48430 Y30.89450
X32.48430 Y30.90720
X32.49700 Y30.90720
X32.49700 Y30.91990
X32.50970 Y30.91990
X32.50970 Y30.93260
X32.52240 Y30.93260
X32.52240 Y30.94530
X32.53510 Y30.94530
X32.53510 Y30.95800
X32.54780 Y30.95800
X32.54780 Y30.97070
X32.56050 Y30.97070
X32.56050 Y30.98340
X32.57320 Y30.98340
X32.57320 Y30.99610
X32.58590 Y30.99610
X32.58590 Y31.00880
X32.59860 Y31.00880
X32.59860 Y31.02150
X32.61130 Y31.02150
X32.61130 Y31.03420
X32.62400 Y31.03420
X32.62400 Y31.04690
X32.63670 Y31.04690
X32.63670 Y31.05960
X32.64940 Y31.05960
X32.64940 Y31.07230
X32.66210 Y31.07230
X32.66210 Y31.08500
X32.67480 Y31.08500
X32.67480 Y31.09770
X32.68750 Y31.09770
X32.68750 Y31.11040
X32.70020 Y31.11040
X32.70020 Y31.12310
X32.71290 Y31.12310
X32.71290 Y31.13580
X32.72560 Y31.13580
X32.72560 Y31.14850
X32.73830 Y31.14850
X32.73830 Y31.16120
X32.75100 Y31.16120
X32.75100 Y31.17390
X32.76370 Y31.17390
X32.76370 Y31.18660
X32.77640 Y31.18660
X32.77640 Y31.19930
X32.78910 Y31.19930
X32.78910 Y31.21200
X32.80180 Y31.21200
X32.80180 Y31.22470
X32.81450 Y31.22470
X32.81450 Y31.23740
X32.82720 Y31.23740
X32.82720 Y31.25010
X32.83990 Y31.25010
X32.83990 Y31.26280
X32.85260 Y31.26280
X32.85260 Y31.27550
X32.86530 Y31.27550
X32.86530 Y31.28820
X32.87800 Y31.28820
X32.87800 Y31.30090
X32.89070 Y31.30090
X32.89070 Y31.31360
X32.90340 Y31.31360
X32.90340 Y31.32630
X32.91610 Y31.32630
X32.91610 Y31.33900
X32.92880 Y31.33900
X32.92880 Y31.35170
X32.94150 Y31.35170
X32.94150 Y31.36440
X32.95420 Y31.36440
X32.95420 Y31.37710
X32.96690 Y31.37710
X32.96690 Y31.38980
X32.97960 Y31.38980
X32.97960 Y31.40250
X32.99230 Y31.40250
X32.99230 Y31.41520
X33.00500 Y31.41520
X33.00500 Y31.42790
X33.01770 Y31.42790
X33.01770 Y31.44060
X33.03040 Y31.44060
X33.03040 Y31.45330
X33.04310 Y31.45330
X33.04310 Y31.46600
X33.05580 Y31.46600
X33.05580 Y31.47870
X33.06850 Y31.47870
X33.06850 Y31.49140
X33.08120 Y31.49140
X33.08120 Y31.50410
X33.09390 Y31.50410
X33.09390 Y31.51680
X33.10660 Y31.51680
X33.10660 Y31.52950
X33.11930 Y31.52950
X33.11930 Y31.54220
X33.13200 Y31.54220
X33.13200 Y31.55490
X33.14470 Y31.55490
X33.14470 Y31.56760
X33.15740 Y31.56760
X33.15740 Y31.58030
X33.17010 Y31.58030
X33.17010 Y31.59300
X33.18280 Y31.59300
X33.18280 Y31.60570
X33.19550 Y31.60570
X33.19550 Y31.61840
X33.20820 Y31.61840
X33.20820 Y31.63110
X33.22090 Y31.63110
X33.22090 Y31.64380
X33.23360 Y31.64380
X33.23360 Y31.65650
X33.24630 Y31.65650
X33.24630 Y31.66920
X33.25900 Y31.66920
X33.25900 Y31.68190
X33.27170 Y31.68190
X33.27170 Y31.69460
X33.28440 Y31.69460
X33.28440 Y31.70730
X33.29710 Y31.70730
X33.29710 Y31.72000
X33.30980 Y31.72000
X33.30980 Y31.73270
X33.32250 Y31.73270
X33.32250 Y31.74540
X33.33520 Y31.74540
X33.33520 Y31.75810
X33.34790 Y31.75810
X33.34790 Y31.77080
X33.36060 Y31.77080
X33.36060 Y31.78350
X33.37330 Y31.78350
X33.37330 Y31.79620
X33.38600 Y31.79620
X33.38600 Y31.80890
X33.39870 Y31.80890
X33.39870 Y31.82160
X33.41140 Y31.82160
X33.41140 Y31.83430
X33.42410 Y31.83430
X33.42410 Y31.84700
X33.43680 Y31.84700
X33.43680 Y31.85970
X33.44950 Y31.85970
X33.44950 Y31.87240
X33.46220 Y31.87240
X33.46220 Y31.88510
X33.47490 Y31.88510
X33.47490 Y31.89780
X33.48760 Y31.89780
X33.48760 Y31.91050
X33.50030 Y31.91050
X33.50030 Y31.92320
X33.51300 Y31.92320
X33.51300 Y31.93590
X33.52570 Y31.93590
X33.52570 Y31.94860
X33.53840 Y31.94860
X33.53840 Y31.96130
X33.55110 Y31.96130
X33.55110 Y31.97400
X33.56380 Y31.97400
X33.56380 Y31.98670
X33.57650 Y31.98670
X33.57650 Y31.99940
X33.58920 Y31.99940
X33.58920 Y32.01210
X33.60190 Y32.01210
X33.60190 Y32.02480
X33.61460 Y32.02480
X33.61460 Y32.03750
X33.62730 Y32.03750
X33.62730 Y32.05020
X33.64000 Y32.05020
X33.64000 Y32.06290
X33.65270 Y32.06290
X33.65270 Y32.07560
X33.66540 Y32.07560
X33.66540 Y32.08830
X33.67810 Y32.08830
X33.67810 Y32.10100
X33.69080 Y32.10100
X33.69080 Y32.11370
X33.70350 Y32.11370
X33.70350 Y32.12640
X33.71620 Y32.12640
X33.71620 Y32.13910
X33.72890 Y32.13910
X33.72890 Y32.15180
X33.74160 Y32.15180
X33.74160 Y32.16450
X33.75430 Y32.16450
X33.75430 Y32.17720
X33.76700 Y32.17720
X33.76700 Y32.18990
X33.77970 Y32.18990
X33.77970 Y32.20260
X33.79240 Y32.20260
X33.79240 Y32.21530
X33.80510 Y32.21530
X33.80510 Y32.22800
X33.81780 Y32.22800
X33.81780 Y32.24070
X33.83050 Y32.24070
X33.83050 Y32.25340
X33.84320 Y32.25340
X33.84320 Y32.26610
X33.85590 Y32.26610
X33.85590 Y32.27880
X33.86860 Y32.27880
X33.86860 Y32.29150
X33.88130 Y32.29150
X33.88130 Y32.30420
X33.89400 Y32.30420
X33.89400 Y32.31690
X33.90670 Y32.31690
X33.90670 Y32.32960
X33.91940 Y32.32960
X33.91940 Y32.34230
X33.93210 Y32.34230
X33.93210 Y32.35500
X33.94480 Y32.35500
X33.94480 Y32.36770
X33.95750 Y32.36770
X33.95750 Y32.38040
X33.97020 Y32.38040
X33.97020 Y32.39310
X33.98290 Y32.39310
X33.98290 Y32.40580
X33.99560 Y32.40580
X33.99560 Y32.41850
X34.00830 Y32.41850
X34.00830 Y32.43120
X34.02100 Y32.43120
X34.02100 Y32.44390
X34.03370 Y32.44390
X34.03370 Y32.45660
X34.04640 Y32.45660
X34.04640 Y32.46930
X34.05910 Y32.46930
X34.05910 Y32.48200
X34.07180 Y32.48200
X34.07180 Y32.49470
X34.08450 Y32.49470
X34.08450 Y32.50740
X34.09720 Y32.50740
X34.09720 Y32.52010
X34.10990 Y32.52010
X34.10990 Y32.53280
X34.12260 Y32.53280
X34.12260 Y32.54550
X34.13530 Y32.54550
X34.13530 Y32.55820
X34.14800 Y32.55820
X34.14800 Y32.57090
X34.16070 Y32.57090
X34.16070 Y32.58360
X34.17340 Y32.58360
X34.17340 Y32.59630
X34.18610 Y32.59630
X34.18610 Y32.60900
X34.19880 Y32.60900
X34.19880 Y32.62170
X34.21150 Y32.62170
X34.21150 Y32.63440
X34.22420 Y32.63440
X34.22420 Y32.64710
X34.23690 Y32.64710
X34.23690 Y32.65980
X34.24960 Y32.65980
X34.24960 Y32.67250
X34.26230 Y32.67250
X34.26230 Y32.68520
X34.27500 Y32.68520
X34.27500 Y32.69790
X34.28770 Y32.69790
X34.28770 Y32.71060
X34.30040 Y32.71060
X34.30040 Y32.72330
X34.31310 Y32.72330
X34.31310 Y32.73600
X34.32580 Y32.73600
X34.32580 Y32.74870
X34.33850 Y32.74870
X34.33850 Y32.76140
X34.35120 Y32.76140
X34.35120 Y32.77410
X34.36390 Y32.77410
X34.36390 Y32.78680
X34.37660 Y32.78680
X34.37660 Y32.79950
X34.38930 Y32.79950
X34.38930 Y32.81220
X34.40200 Y32.81220
X34.40200 Y32.82490
X34.41470 Y32.82490
X34.41470 Y32.83760
X34.42740 Y32.83760
X34.42740 Y32.85030
X34.44010 Y32.85030
X34.44010 Y32.86300
X34.45280 Y32.86300
X34.45280 Y32.87570
X34.46550 Y32.87570
X34.46550 Y32.88840
X34.47820 Y32.88840
X34.47820 Y32.90110
X34.49090 Y32.90110
X34.49090 Y32.91380
X34.50360 Y32.91380
X34.50360 Y32.92650
X34.51630 Y32.92650
X34.51630 Y32.93920
X34.52900 Y32.93920
X34.52900 Y32.95190
X34.54170 Y32.95190
X34.54170 Y32.96460
X34.55440 Y32.96460
X34.55440 Y32.97730
X34.56710 Y32.97730
X34.56710 Y32.99000
X34.57980 Y32.99000
X34.57980 Y33.00270
X34.59250 Y33.00270
X34.59250 Y33.01540
X34.60520 Y33.01540
X34.60520 Y33.02810
X34.61790 Y33.02810
X34.61790 Y33.04080
X34.63060 Y33.04080
X34.63060 Y33.05350
X34.64330 Y33.05350
X34.64330 Y33.06620
X34.65600 Y33.06620
X34.65600 Y33.07890
X34.66870 Y33.07890
X34.66870 Y33.09160
X34.68140 Y33.09160
X34.68140 Y33.10430
X34.69410 Y33.10430
X34.69410 Y33.11700
X34.70680 Y33.11700
X34.70680 Y33.12970
X34.71950 Y33.12970
X34.71950 Y33.14240
X34.73220 Y33.14240
X34.73220 Y33.15510
X34.74490 Y33.15510
X34.74490 Y33.16780
X34.75760 Y33.16780
X34.75760 Y33.18050
X34.77030 Y33.18050
X34.77030 Y33.19320
X34.78300 Y33.19320
X34.78300 Y33.20590
X34.79570 Y33.20590
X34.79570 Y33.21860
X34.80840 Y33.21860
X34.80840 Y33.23130
X34.82110 Y33.23130
X34.82110 Y33.24400
X34.83380 Y33.24400
X34.83380 Y33.25670
X34.84650 Y33.25670
X34.84650 Y33.26940
X34.85920 Y33.26940
X34.85920 Y33.28210
X34.87190 Y33.28210
X34.87190 Y33.29480
X34.88460 Y33.29480
X34.88460 Y33.30750
X34.89730 Y33.30750
X34.89730 Y33.32020
X34.91000 Y33.32020
X34.91000 Y33.33290
X34.92270 Y33.33290
X34.92270 Y33.34560
X34.93540 Y33.34560
X34.93540 Y33.35830
X34.94810 Y33.35830
X34.94810 Y33.37100
X34.96080 Y33.37100
X34.96080 Y33.38370
X34.97350 Y33.38370
X34.97350 Y33.39640
X34.98620 Y33.39640
X34.98620 Y33.40910
X34.99890 Y33.40910
X34.99890 Y33.42180
X35.01160 Y33.42180
X35.01160 Y33.43450
X35.02430 Y33.43450
X35.02430 Y33.44720
X35.03700 Y33.44720
X35.03700 Y33.45990
X35.04970 Y33.45990
X35.04970 Y33.47260
X35.06240 Y33.47260
X35.06240 Y33.48530
X35.07510 Y33.48530
X35.07510 Y33.49800
X35.08780 Y33.49800
X35.08780 Y33.51070
X35.10050 Y33.51070
X35.10050 Y33.52340
X35.11320 Y33.52340
X35.11320 Y33.53610
X35.12590 Y33.53610
X35.12590 Y33.54880
X35.13860 Y33.54880
X35.13860 Y33.56150
X35.15130 Y33.56150
X35.15130 Y33.57420
X35.16400 Y33.57420
X35.16400 Y33.58690
X35.17670 Y33.58690
X35.17670 Y33.59960
X35.18940 Y33.59960
X35.18940 Y33.61230
X35.20210 Y33.61230
X35.20210 Y33.62500
X35.21480 Y33.62500
X35.21480 Y33.63770
X35.22750 Y33.63770
X35.22750 Y33.65040
X35.24020 Y33.65040
X35.24020 Y33.66310
X35.25290 Y33.66310
X35.25290 Y33.67580
X35.26560 Y33.67580
X35.26560 Y33.70120
X35.27830 Y33.70120
X35.27830 Y33.72660
X35.29100 Y33.72660
X35.29100 Y35.99990
X35.27830 Y35.99990
X35.27830 Y36.02530
X35.26560 Y36.02530
X35.26560 Y36.05070
X35.25290 Y36.05070
X35.25290 Y36.06340
X35.24020 Y36.06340
X35.24020 Y36.07610
X35.22750 Y36.07610
X35.22750 Y36.08880
X35.21480 Y36.08880
X35.21480 Y36.10150
X35.20210 Y36.10150
X35.20210 Y36.11420
X35.18940 Y36.11420
X35.18940 Y36.12690
X35.17670 Y36.12690
X35.17670 Y36.13960
X35.16400 Y36.13960
X35.16400 Y36.15230
X35.15130 Y36.15230
X35.15130 Y36.16500
X35.13860 Y36.16500
X35.13860 Y36.17770
X35.12590 Y36.17770
X35.12590 Y36.19040
X35.11320 Y36.19040
X35.11320 Y36.20310
X35.10050 Y36.20310
X35.10050 Y36.21580
X35.08780 Y36.21580
X35.08780 Y36.22850
X35.07510 Y36.22850
X35.07510 Y36.24120
X35.06240 Y36.24120
X35.06240 Y36.25390
X35.04970 Y36.25390
X35.04970 Y36.26660
X35.03700 Y36.26660
X35.03700 Y36.27930
X35.02430 Y36.27930
X35.02430 Y36.29200
X35.01160 Y36.29200
X35.01160 Y36.30470
X34.99890 Y36.30470
X34.99890 Y36.31740
X34.98620 Y36.31740
X34.98620 Y36.33010
X34.97350 Y36.33010
X34.97350 Y36.34280
X34.96080 Y36.34280
X34.96080 Y36.35550
X34.94810 Y36.35550
X34.94810 Y36.36820
X34.93540 Y36.36820
X34.93540 Y36.38090
X34.92270 Y36.38090
X34.92270 Y36.39360
X34.91000 Y36.39360
X34.91000 Y36.40630
X34.89730 Y36.40630
X34.89730 Y36.41900
X34.88460 Y36.41900
X34.88460 Y36.43170
X34.87190 Y36.43170
X34.87190 Y36.44440
X34.85920 Y36.44440
X34.85920 Y36.45710
X34.84650 Y36.45710
X34.84650 Y36.46980
X34.83380 Y36.46980
X34.83380 Y36.48250
X34.82110 Y36.48250
X34.82110 Y36.49520
X34.80840 Y36.49520
X34.80840 Y36.50790
X34.79570 Y36.50790
X34.79570 Y36.52060
X34.78300 Y36.52060
X34.78300 Y36.53330
X34.77030 Y36.53330
X34.77030 Y36.54600
X34.75760 Y36.54600
X34.75760 Y36.55870
X34.74490 Y36.55870
X34.74490 Y36.57140
X34.73220 Y36.57140
X34.73220 Y36.58410
X34.71950 Y36.58410
X34.71950 Y36.59680
X34.70680 Y36.59680
X34.70680 Y36.60950
X34.69410 Y36.60950
X34.69410 Y36.62220
X34.68140 Y36.62220
X34.68140 Y36.63490
X34.66870 Y36.63490
X34.66870 Y36.64760
X34.65600 Y36.64760
X34.65600 Y36.66030
X34.64330 Y36.66030
X34.64330 Y36.67300
X34.63060 Y36.67300
X34.63060 Y36.68570
X34.61790 Y36.68570
X34.61790 Y36.69840
X34.60520 Y36.69840
X34.60520 Y36.71110
X34.59250 Y36.71110
X34.59250 Y36.72380
X34.57980 Y36.72380
X34.57980 Y36.73650
X34.56710 Y36.73650
X34.56710 Y36.74920
X34.55440 Y36.74920
X34.55440 Y36.76190
X34.54170 Y36.76190
X34.54170 Y36.77460
X34.52900 Y36.77460
X34.52900 Y36.78730
X34.51630 Y36.78730
X34.51630 Y36.80000
X34.50360 Y36.80000
X34.50360 Y36.81270
X34.49090 Y36.81270
X34.49090 Y36.82540
X34.47820 Y36.82540
X34.47820 Y36.83810
X34.46550 Y36.83810
X34.46550 Y36.85080
X34.45280 Y36.85080
X34.45280 Y36.86350
X34.44010 Y36.86350
X34.44010 Y36.87620
X34.42740 Y36.87620
X34.42740 Y36.88890
X34.41470 Y36.88890
X34.41470 Y36.90160
X34.40200 Y36.90160
X34.40200 Y36.91430
X34.38930 Y36.91430
X34.38930 Y36.92700
X34.37660 Y36.92700
X34.37660 Y36.93970
X34.36390 Y36.93970
X34.36390 Y36.95240
X34.35120 Y36.95240
X34.35120 Y36.96510
X34.33850 Y36.96510
X34.33850 Y36.97780
X34.32580 Y36.97780
X34.32580 Y36.99050
X34.31310 Y36.99050
X34.31310 Y37.00320
X34.30040 Y37.00320
X34.30040 Y37.01590
X34.28770 Y37.01590
X34.28770 Y38.80660
X34.30040 Y38.80660
X34.30040 Y38.81930
X34.31310 Y38.81930
X34.31310 Y38.83200
X34.32580 Y38.83200
X34.32580 Y38.84470
X34.33850 Y38.84470
X34.33850 Y38.85740
X34.35120 Y38.85740
X34.35120 Y38.87010
X34.36390 Y38.87010
X34.36390 Y38.88280
X34.37660 Y38.88280
X34.37660 Y38.89550
X34.38930 Y38.89550
X34.38930 Y38.90820
X34.40200 Y38.90820
X34.40200 Y38.92090
X34.41470 Y38.92090
X34.41470 Y38.93360
X34.42740 Y38.93360
X34.42740 Y38.94630
X34.44010 Y38.94630
X34.44010 Y38.95900
X34.45280 Y38.95900
X34.45280 Y38.97170
X34.46550 Y38.97170
X34.46550 Y38.98440
X34.47820 Y38.98440
X34.47820 Y38.99710
X34.49090 Y38.99710
X34.49090 Y39.00980
X34.50360 Y39.00980
X34.50360 Y39.02250
X34.51630 Y39.02250
X34.51630 Y39.03520
X34.52900 Y39.03520
X34.52900 Y39.04790
X34.54170 Y39.04790
X34.54170 Y39.06060
X34.55440 Y39.06060
X34.55440 Y39.07330
X34.56710 Y39.07330
X34.56710 Y39.08600
X34.57980 Y39.08600
X34.57980 Y39.09870
X34.59250 Y39.09870
X34.59250 Y39.11140
X34.60520 Y39.11140
X34.60520 Y39.12410
X34.61790 Y39.12410
X34.61790 Y39.13680
X34.63060 Y39.13680
X34.63060 Y39.14950
X34.64330 Y39.14950
X34.64330 Y39.16220
X34.65600 Y39.16220
X34.65600 Y39.17490
X34.66870 Y39.17490
X34.66870 Y39.18760
X34.68140 Y39.18760
X34.68140 Y39.20030
X34.69410 Y39.20030
X34.69410 Y39.21300
X34.70680 Y39.21300
X34.70680 Y39.22570
X34.71950 Y39.22570
X34.71950 Y39.23840
X34.73220 Y39.23840
X34.73220 Y39.25110
X34.74490 Y39.25110
X34.74490 Y39.26380
X34.75760 Y39.26380
X34.75760 Y39.27650
X34.77030 Y39.27650
X34.77030 Y39.28920
X34.78300 Y39.28920
X34.78300 Y39.30190
X34.79570 Y39.30190
X34.79570 Y39.31460
X34.80840 Y39.31460
X34.80840 Y39.32730
X34.82110 Y39.32730
X34.82110 Y39.34000
X34.83380 Y39.34000
X34.83380 Y39.35270
X34.84650 Y39.35270
X34.84650 Y39.36540
X34.85920 Y39.36540
X34.85920 Y39.37810
X34.87190 Y39.37810
X34.87190 Y39.39080
X34.88460 Y39.39080
X34.88460 Y39.40350
X34.89730 Y39.40350
X34.89730 Y39.41620
X34.91000 Y39.41620
X34.91000 Y39.42890
X34.92270 Y39.42890
X34.92270 Y39.44160
X34.93540 Y39.44160
X34.93540 Y39.45430
X34.94810 Y39.45430
X34.94810 Y39.46700
X34.96080 Y39.46700
X34.96080 Y39.47970
X34.97350 Y39.47970
X34.97350 Y39.49240
X34.98620 Y39.49240
X34.98620 Y39.50510
X34.99890 Y39.50510
X34.99890 Y39.51780
X35.01160 Y39.51780
X35.01160 Y39.53050
X35.02430 Y39.53050
X35.02430 Y39.54320
X35.03700 Y39.54320
X35.03700 Y39.55590
X35.04970 Y39.55590
X35.04970 Y39.56860
X35.06240 Y39.56860
X35.06240 Y39.58130
X35.07510 Y39.58130
X35.07510 Y39.59400
X35.08780 Y39.59400
X35.08780 Y39.60670
X35.10050 Y39.60670
X35.10050 Y39.61940
X35.11320 Y39.61940
X35.11320 Y39.63210
X35.12590 Y39.63210
X35.12590 Y39.64480
X35.13860 Y39.64480
X35.13860 Y39.65750
X35.15130 Y39.65750
X35.15130 Y39.67020
X35.16400 Y39.67020
X35.16400 Y39.68290
X35.17670 Y39.68290
X35.17670 Y39.69560
X35.18940 Y39.69560
X35.18940 Y39.70830
X35.20210 Y39.70830
X35.20210 Y39.72100
X35.21480 Y39.72100
X35.21480 Y39.73370
X35.22750 Y39.73370
X35.22750 Y39.74640
X35.24020 Y39.74640
X35.24020 Y39.75910
X35.25290 Y39.75910
X35.25290 Y39.77180
X35.26560 Y39.77180
X35.26560 Y39.78450
X35.27830 Y39.78450
X35.27830 Y39.79720
X35.29100 Y39.79720
X35.29100 Y39.80990
X35.30370 Y39.80990
X35.30370 Y39.82260
X35.31640 Y39.82260
X35.31640 Y39.83530
X35.32910 Y39.83530
X35.32910 Y39.84800
X35.34180 Y39.84800
X35.34180 Y39.86070
X35.35450 Y39.86070
X35.35450 Y39.87340
X35.36720 Y39.87340
X35.36720 Y39.88610
X35.37990 Y39.88610
X35.37990 Y39.89880
X35.39260 Y39.89880
X35.39260 Y39.91150
X35.40530 Y39.91150
X35.40530 Y39.92420
X35.41800 Y39.92420
X35.41800 Y39.93690
X35.43070 Y39.93690
X35.43070 Y39.94960
X35.44340 Y39.94960
X35.44340 Y39.96230
X35.45610 Y39.96230
X35.45610 Y39.97500
X35.46880 Y39.97500
X35.46880 Y39.98770
X35.48150 Y39.98770
X35.48150 Y40.00040
X35.49420 Y40.00040
X35.49420 Y40.01310
X35.50690 Y40.01310
X35.50690 Y40.02580
X35.51960 Y40.02580
X35.51960 Y40.03850
X35.53230 Y40.03850
X35.53230 Y40.05120
X35.54500 Y40.05120
X35.54500 Y40.06390
X35.55770 Y40.06390
X35.55770 Y40.07660
X35.57040 Y40.07660
X35.57040 Y40.08930
X35.58310 Y40.08930
X35.58310 Y40.10200
X35.59580 Y40.10200
X35.59580 Y40.11470
X35.60850 Y40.11470
X35.60850 Y40.12740
X35.62120 Y40.12740
X35.62120 Y40.14010
X35.63390 Y40.14010
X35.63390 Y40.15280
X35.64660 Y40.15280
X35.64660 Y40.16550
X35.65930 Y40.16550
X35.65930 Y40.17820
X35.67200 Y40.17820
X35.67200 Y40.19090
X35.68470 Y40.19090
X35.68470 Y40.20360
X35.69740 Y40.20360
X35.69740 Y40.21630
X35.71010 Y40.21630
X35.71010 Y40.22900
X35.72280 Y40.22900
X35.72280 Y40.24170
X35.73550 Y40.24170
X35.73550 Y40.25440
X35.74820 Y40.25440
X35.74820 Y40.26710
X35.76090 Y40.26710
X35.76090 Y40.27980
X35.77360 Y40.27980
X35.77360 Y40.29250
X35.78630 Y40.29250
X35.78630 Y40.30520
X35.79900 Y40.30520
X35.79900 Y40.31790
X35.81170 Y40.31790
X35.81170 Y40.33060
X35.82440 Y40.33060
X35.82440 Y40.34330
X35.83710 Y40.34330
X35.83710 Y40.35600
X35.84980 Y40.35600
X35.84980 Y40.36870
X35.86250 Y40.36870
X35.86250 Y40.38140
X35.87520 Y40.38140
X35.87520 Y40.39410
X35.88790 Y40.39410
X35.88790 Y40.40680
X35.90060 Y40.40680
X35.90060 Y40.41950
X35.91330 Y40.41950
X35.91330 Y40.43220
X35.92600 Y40.43220
X35.92600 Y40.44490
X35.93870 Y40.44490
X35.93870 Y40.45760
X35.95140 Y40.45760
X35.95140 Y40.47030
X35.96410 Y40.47030
X35.96410 Y40.48300
X35.97680 Y40.48300
X35.97680 Y40.49570
X35.98950 Y40.49570
X35.98950 Y40.50840
X36.00220 Y40.50840
X36.00220 Y40.52110
X36.01490 Y40.52110
X36.01490 Y40.53380
X36.02760 Y40.53380
X36.02760 Y40.54650
X36.04030 Y40.54650
X36.04030 Y40.55920
X36.05300 Y40.55920
X36.05300 Y40.57190
X36.06570 Y40.57190
X36.06570 Y40.58460
X36.07840 Y40.58460
X36.07840 Y40.59730
X36.09110 Y40.59730
X36.09110 Y40.61000
X36.10380 Y40.61000
X36.10380 Y40.62270
X36.11650 Y40.62270
X36.11650 Y40.63540
X36.12920 Y40.63540
X36.12920 Y40.64810
X36.14190 Y40.64810
X36.14190 Y40.66080
X36.15460 Y40.66080
X36.15460 Y40.67350
X36.16730 Y40.67350
X36.16730 Y40.68620
X36.18000 Y40.68620
X36.18000 Y40.69890
X36.19270 Y40.69890
X36.19270 Y40.71160
X36.20540 Y40.71160
X36.20540 Y40.72430
X36.21810 Y40.72430
X36.21810 Y40.73700
X36.23080 Y40.73700
X36.23080 Y40.74970
X36.24350 Y40.74970
X36.24350 Y40.76240
X36.25620 Y40.76240
X36.25620 Y40.77510
X36.26890 Y40.77510
X36.26890 Y40.78780
X36.28160 Y40.78780
X36.28160 Y40.80050
X36.29430 Y40.80050
X36.29430 Y40.81320
X36.30700 Y40.81320
X36.30700 Y40.82590
X36.31970 Y40.82590
X36.31970 Y40.83860
X36.33240 Y40.83860
X36.33240 Y40.85130
X36.34510 Y40.85130
X36.34510 Y40.86400
X36.35780 Y40.86400
X36.35780 Y40.87670
X36.37050 Y40.87670
X36.37050 Y40.88940
X36.38320 Y40.88940
X36.38320 Y40.90210
X36.39590 Y40.90210
X36.39590 Y40.91480
X36.40860 Y40.91480
X36.40860 Y40.92750
X36.42130 Y40.92750
X36.42130 Y40.94020
X36.43400 Y40.94020
X36.43400 Y40.95290
X36.44670 Y40.95290
X36.44670 Y40.96560
X36.45940 Y40.96560
X36.45940 Y40.97830
X36.47210 Y40.97830
X36.47210 Y40.99100
X36.48480 Y40.99100
X36.48480 Y41.00370
X36.49750 Y41.00370
X36.49750 Y41.01640
X36.51020 Y41.01640
X36.51020 Y41.02910
X36.52290 Y41.02910
X36.52290 Y41.04180
X36.53560 Y41.04180
X36.53560 Y41.05450
X36.54830 Y41.05450
X36.54830 Y41.06720
X36.56100 Y41.06720
X36.56100 Y41.07990
X36.57370 Y41.07990
X36.57370 Y41.09260
X36.58640 Y41.09260
X36.58640 Y41.10530
X36.59910 Y41.10530
X36.59910 Y41.11800
X36.61180 Y41.11800
X36.61180 Y41.13070
X36.62450 Y41.13070
X36.62450 Y41.14340
X36.63720 Y41.14340
X36.63720 Y41.15610
X36.64990 Y41.15610
X36.64990 Y41.16880
X36.66260 Y41.16880
X36.66260 Y41.18150
X36.67530 Y41.18150
X36.67530 Y41.19420
X36.68800 Y41.19420
X36.68800 Y41.20690
X36.70070 Y41.20690
X36.70070 Y41.21960
X36.71340 Y41.21960
X36.71340 Y41.23230
X36.72610 Y41.23230
X36.72610 Y41.24500
X36.73880 Y41.24500
X36.73880 Y41.25770
X36.75150 Y41.25770
X36.75150 Y41.27040
X36.76420 Y41.27040
X36.76420 Y41.28310
X36.77690 Y41.28310
X36.77690 Y41.29580
X36.78960 Y41.29580
X36.78960 Y41.30850
X36.80230 Y41.30850
X36.80230 Y41.32120
X36.81500 Y41.32120
X36.81500 Y41.33390
X36.82770 Y41.33390
X36.82770 Y41.34660
X36.84040 Y41.34660
X36.84040 Y41.35930
X36.85310 Y41.35930
X36.85310 Y41.37200
X36.86580 Y41.37200
X36.86580 Y41.38470
X36.87850 Y41.38470
X36.87850 Y41.39740
X36.89120 Y41.39740
X36.89120 Y41.41010
X36.90390 Y41.41010
X36.90390 Y41.42280
X36.91660 Y41.42280
X36.91660 Y41.43550
X36.92930 Y41.43550
X36.92930 Y41.44820
X36.94200 Y41.44820
X36.94200 Y41.46090
X36.95470 Y41.46090
X36.95470 Y41.47360
X36.96740 Y41.47360
X36.96740 Y41.48630
X36.98010 Y41.48630
X36.98010 Y41.49900
X36.99280 Y41.49900
X36.99280 Y41.51170
X37.00550 Y41.51170
X37.00550 Y41.52440
X37.01820 Y41.52440
X37.01820 Y41.53710
X37.03090 Y41.53710
X37.03090 Y41.54980
X37.04360 Y41.54980
X37.04360 Y41.56250
X37.05630 Y41.56250
X37.05630 Y41.57520
X37.06900 Y41.57520
X37.06900 Y41.58790
X37.08170 Y41.58790
X37.08170 Y41.60060
X37.09440 Y41.60060
X37.09440 Y41.61330
X37.10710 Y41.61330
X37.10710 Y41.62600
X37.11980 Y41.62600
X37.11980 Y41.63870
X37.13250 Y41.63870
X37.13250 Y41.65140
X37.14520 Y41.65140
X37.14520 Y41.66410
X37.15790 Y41.66410
X37.15790 Y41.67680
X37.17060 Y41.67680
X37.17060 Y41.68950
X37.18330 Y41.68950
X37.18330 Y41.70220
X37.19600 Y41.70220
X37.19600 Y41.71490
X37.20870 Y41.71490
X37.20870 Y41.72760
X37.22140 Y41.72760
X37.22140 Y41.74030
X37.23410 Y41.74030
X37.23410 Y41.75300
X37.24680 Y41.75300
X37.24680 Y41.76570
X37.25950 Y41.76570
X37.25950 Y41.77840
X37.27220 Y41.77840
X37.27220 Y41.79110
X37.28490 Y41.79110
X37.28490 Y41.80380
X37.29760 Y41.80380
X37.29760 Y41.81650
X37.31030 Y41.81650
X37.31030 Y41.82920
X37.32300 Y41.82920
X37.32300 Y41.84190
X37.33570 Y41.84190
X37.33570 Y41.85460
X38.37710 Y41.85460
X38.37710 Y41.84190
X38.38980 Y41.84190
X38.38980 Y41.80380
X38.40250 Y41.80380
X38.40250 Y41.76570
X38.41520 Y41.76570
X38.41520 Y41.71490
X38.42790 Y41.71490
X38.42790 Y41.68950
X38.44060 Y41.68950
X38.44060 Y41.66410
X38.45330 Y41.66410
X38.45330 Y41.65140
X38.46600 Y41.65140
X38.46600 Y41.62600
X38.47870 Y41.62600
X38.47870 Y41.60060
X38.49140 Y41.60060
X38.49140 Y41.57520
X38.50410 Y41.57520
X38.50410 Y41.56250
X38.51680 Y41.56250
X38.51680 Y41.54980
X38.52950 Y41.54980
X38.52950 Y41.53710
X38.54220 Y41.53710
X38.54220 Y41.52440
X38.55490 Y41.52440
X38.55490 Y41.49900
X38.56760 Y41.49900
X38.56760 Y41.48630
X38.58030 Y41.48630
X38.58030 Y41.47360
X38.59300 Y41.47360
X38.59300 Y41.46090
X38.60570 Y41.46090
X38.60570 Y41.44820
X38.63110 Y41.44820
X38.63110 Y41.43550
X38.64380 Y41.43550
X38.64380 Y41.42280
X38.65650 Y41.42280
X38.65650 Y41.41010
X38.66920 Y41.41010
X38.66920 Y41.39740
X38.68190 Y41.39740
X38.68190 Y41.38470
X38.70730 Y41.38470
X38.70730 Y41.37200
X38.73270 Y41.37200
X38.73270 Y41.35930
X38.75810 Y41.35930
X38.75810 Y41.34660
X38.77080 Y41.34660
X38.77080 Y41.33390
X38.79620 Y41.33390
X38.79620 Y41.32120
X38.82160 Y41.32120
X38.82160 Y41.30850
X38.87240 Y41.30850
X38.87240 Y41.29580
X38.91050 Y41.29580
X38.91050 Y41.28310
X38.94860 Y41.28310
X38.94860 Y41.27040
X39.03750 Y41.27040
X39.03750 Y41.25770
X39.38040 Y41.25770
X39.38040 Y41.27040
X39.46930 Y41.27040
X39.46930 Y41.28310
X39.50740 Y41.28310
X39.50740 Y41.29580
X39.55820 Y41.29580
X39.55820 Y41.30850
X39.59630 Y41.30850
X39.59630 Y41.32120
X39.62170 Y41.32120
X39.62170 Y41.33390
X39.64710 Y41.33390
X39.64710 Y41.34660
X39.65980 Y41.34660
X39.65980 Y41.35930
X39.68520 Y41.35930
X39.68520 Y41.37200
X39.71060 Y41.37200
X39.71060 Y41.38470
X39.73600 Y41.38470
X39.73600 Y41.39740
X39.74870 Y41.39740
X39.74870 Y41.41010
X39.76140 Y41.41010
X39.76140 Y41.42280
X39.77410 Y41.42280
X39.77410 Y41.43550
X39.78680 Y41.43550
X39.78680 Y41.44820
X39.81220 Y41.44820
X39.81220 Y41.46090
X39.82490 Y41.46090
X39.82490 Y41.47360
X39.83760 Y41.47360
X39.83760 Y41.48630
X39.85030 Y41.48630
X39.85030 Y41.49900
X39.86300 Y41.49900
X39.86300 Y41.52440
X39.87570 Y41.52440
X39.87570 Y41.53710
X39.88840 Y41.53710
X39.88840 Y41.54980
X39.90110 Y41.54980
X39.90110 Y41.56250
X39.91380 Y41.56250
X39.91380 Y41.57520
X39.92650 Y41.57520
X39.92650 Y41.60060
X39.93920 Y41.60060
X39.93920 Y41.62600
X39.95190 Y41.62600
X39.95190 Y41.65140
X39.96460 Y41.65140
X39.96460 Y41.66410
X39.97730 Y41.66410
X39.97730 Y41.68950
X39.99000 Y41.68950
X39.99000 Y41.71490
X40.00270 Y41.71490
X40.00270 Y41.75300
X40.01540 Y41.75300
X40.01540 Y41.80380
X40.02810 Y41.80380
X40.02810 Y41.84190
X40.04080 Y41.84190
X40.04080 Y41.93080
X40.05350 Y41.93080
X40.05350 Y42.27370
X40.04080 Y42.27370
X40.04080 Y42.36260
X40.02810 Y42.36260
X40.02810 Y42.40070
X40.01540 Y42.40070
X40.01540 Y42.45150
X40.00270 Y42.45150
X40.00270 Y42.48960
X39.99000 Y42.48960
X39.99000 Y42.51500
X39.97730 Y42.51500
X39.97730 Y42.54040
X39.96460 Y42.54040
X39.96460 Y42.55310
X39.95190 Y42.55310
X39.95190 Y42.57850
X39.93920 Y42.57850
X39.93920 Y42.60390
X39.92650 Y42.60390
X39.92650 Y42.62930
X39.91380 Y42.62930
X39.91380 Y42.64200
X39.90110 Y42.64200
X39.90110 Y42.65470
X39.88840 Y42.65470
X39.88840 Y42.66740
X39.87570 Y42.66740
X39.87570 Y42.68010
X39.86300 Y42.68010
X39.86300 Y42.70550
X39.85030 Y42.70550
X39.85030 Y42.71820
X39.83760 Y42.71820
X39.83760 Y42.73090
X39.82490 Y42.73090
X39.82490 Y42.74360
X39.81220 Y42.74360
X39.81220 Y42.75630
X39.78680 Y42.75630
X39.78680 Y42.76900
X39.77410 Y42.76900
X39.77410 Y42.78170
X39.76140 Y42.78170
X39.76140 Y42.79440
X39.74870 Y42.79440
X39.74870 Y42.80710
X39.73600 Y42.80710
X39.73600 Y42.81980
X39.71060 Y42.81980
X39.71060 Y42.83250
X39.68520 Y42.83250
X39.68520 Y42.84520
X39.65980 Y42.84520
X39.65980 Y42.85790
X39.64710 Y42.85790
X39.64710 Y42.87060
X39.62170 Y42.87060
X39.62170 Y42.88330
X39.59630 Y42.88330
X39.59630 Y42.89600
X39.54550 Y42.89600
X39.54550 Y42.90870
X39.50740 Y42.90870
X39.50740 Y42.92140
X39.46930 Y42.92140
X39.46930 Y42.93410
X39.36770 Y42.93410
X39.36770 Y42.94680
X39.05020 Y42.94680
X39.05020 Y42.93410
X38.94860 Y42.93410
X38.94860 Y42.92140
X38.91050 Y42.92140
X38.91050 Y42.90870
X38.87240 Y42.90870
X38.87240 Y42.89600
X38.82160 Y42.89600
X38.82160 Y42.88330
X38.79620 Y42.88330
X38.79620 Y42.87060
X38.77080 Y42.87060
X38.77080 Y42.85790
X38.75810 Y42.85790
X38.75810 Y42.84520
G04 P0 ( dwell for no time -- G64 should not smooth over this point )
G00 Z5.00000 ( retract )

G00 X46.58130 Y38.60340 ( rapid move to begin. )
F300.00000
G01 Z-0.05000
G04 P0 ( dwell for no time -- G64 should not smooth over this point )
F600.00000
X46.58130 Y38.60340
X46.55590 Y38.60340
X46.55590 Y38.59070
X46.53050 Y38.59070
X46.53050 Y38.57800
X46.50510 Y38.57800
X46.50510 Y38.56530
X46.49240 Y38.56530
X46.49240 Y38.55260
X46.47970 Y38.55260
X46.47970 Y38.53990
X46.46700 Y38.53990
X46.46700 Y38.52720
X46.45430 Y38.52720
X46.45430 Y38.51450
X46.42890 Y38.51450
X46.42890 Y38.50180
X46.41620 Y38.50180
X46.41620 Y38.48910
X46.40350 Y38.48910
X46.40350 Y38.47640
X46.39080 Y38.47640
X46.39080 Y38.46370
X46.37810 Y38.46370
X46.37810 Y38.43830
X46.36540 Y38.43830
X46.36540 Y38.42560
X46.35270 Y38.42560
X46.35270 Y38.41290
X46.34000 Y38.41290
X46.34000 Y38.40020
X46.32730 Y38.40020
X46.32730 Y38.38750
X46.31460 Y38.38750
X46.31460 Y38.36210
X46.30190 Y38.36210
X46.30190 Y38.33670
X46.28920 Y38.33670
X46.28920 Y38.31130
X46.27650 Y38.31130
X46.27650 Y38.29860
X46.26380 Y38.29860
X46.26380 Y38.27320
X46.25110 Y38.27320
X46.25110 Y38.24780
X46.23840 Y38.24780
X46.23840 Y38.19700
X46.22570 Y38.19700
X46.22570 Y38.15890
X46.21300 Y38.15890
X46.21300 Y38.12080
X46.20030 Y38.12080
X46.20030 Y38.01920
X46.18760 Y38.01920
X46.18760 Y37.70170
X46.20030 Y37.70170
X46.20030 Y37.60010
X46.21300 Y37.60010
X46.21300 Y37.56200
X46.22570 Y37.56200
X46.22570 Y37.52390
X46.23840 Y37.52390
X46.23840 Y37.47310
X46.23840 Y37.47310
X46.23840 Y37.46040
X46.22570 Y37.46040
X46.22570 Y37.44770
X46.21300 Y37.44770
X46.21300 Y37.43500
X46.20030 Y37.43500
X46.20030 Y37.42230
X46.18760 Y37.42230
X46.18760 Y37.40960
X46.17490 Y37.40960
X46.17490 Y37.39690
X46.16220 Y37.39690
X46.16220 Y37.38420
X46.14950 Y37.38420
X46.14950 Y37.37150
X46.13680 Y37.37150
X46.13680 Y37.35880
X46.12410 Y37.35880
X46.12410 Y37.34610
X46.11140 Y37.34610
X46.11140 Y37.33340
X46.09870 Y37.33340
X46.09870 Y37.32070
X46.08600 Y37.32070
X46.08600 Y37.30800
X46.07330 Y37.30800
X46.07330 Y37.29530
X46.06060 Y37.29530
X46.06060 Y37.28260
X46.04790 Y37.28260
X46.04790 Y37.26990
X46.03520 Y37.26990
X46.03520 Y37.25720
X46.02250 Y37.25720
X46.02250 Y37.24450
X46.00980 Y37.24450
X46.00980 Y37.23180
X45.99710 Y37.23180
X45.99710 Y37.21910
X45.98440 Y37.21910
X45.98440 Y37.20640
X45.97170 Y37.20640
X45.97170 Y37.19370
X45.95900 Y37.19370
X45.95900 Y37.18100
X45.94630 Y37.18100
X45.94630 Y37.16830
X45.93360 Y37.16830
X45.93360 Y37.15560
X45.92090 Y37.15560
X45.92090 Y37.14290
X45.90820 Y37.14290
X45.90820 Y37.13020
X45.89550 Y37.13020
X45.89550 Y37.11750
X45.88280 Y37.11750
X45.88280 Y37.10480
X45.87010 Y37.10480
X45.87010 Y37.09210
X45.85740 Y37.09210
X45.85740 Y37.07940
X45.84470 Y37.07940
X45.84470 Y37.06670
X45.83200 Y37.06670
X45.83200 Y37.05400
X45.81930 Y37.05400
X45.81930 Y37.04130
X45.80660 Y37.04130
X45.80660 Y37.02860
X45.79390 Y37.02860
X45.79390 Y37.01590
X45.78120 Y37.01590
X45.78120 Y37.00320
X45.76850 Y37.00320
X45.76850 Y36.99050
X45.75580 Y36.99050
X45.75580 Y36.97780
X45.74310 Y36.97780
X45.74310 Y36.96510
X45.73040 Y36.96510
X45.73040 Y36.95240
X45.71770 Y36.95240
X45.71770 Y36.93970
X45.70500 Y36.93970
X45.70500 Y36.92700
X45.69230 Y36.92700
X45.69230 Y36.91430
X45.67960 Y36.91430
X45.67960 Y36.90160
X45.66690 Y36.90160
X45.66690 Y36.88890
X45.65420 Y36.88890
X45.65420 Y36.87620
X45.64150 Y36.87620
X45.64150 Y36.86350
X45.62880 Y36.86350
X45.62880 Y36.85080
X45.61610 Y36.85080
X45.61610 Y36.83810
X45.60340 Y36.83810
X45.60340 Y36.82540
X45.59070 Y36.82540
X45.59070 Y36.81270
X45.57800 Y36.81270
X45.57800 Y36.80000
X45.56530 Y36.80000
X45.56530 Y36.78730
X45.55260 Y36.78730
X45.55260 Y36.77460
X45.53990 Y36.77460
X45.53990 Y36.76190
X45.52720 Y36.76190
X45.52720 Y36.74920
X45.51450 Y36.74920
X45.51450 Y36.73650
X45.50180 Y36.73650
X45.50180 Y36.72380
X45.48910 Y36.72380
X45.48910 Y36.71110
X45.47640 Y36.71110
X45.47640 Y36.69840
X45.46370 Y36.69840
X45.46370 Y36.68570
X45.45100 Y36.68570
X45.45100 Y36.67300
X45.43830 Y36.67300
X45.43830 Y36.66030
X45.42560 Y36.66030
X45.42560 Y36.64760
X45.41290 Y36.64760
X45.41290 Y36.63490
X45.40020 Y36.63490
X45.40020 Y36.62220
X45.38750 Y36.62220
X45.38750 Y36.60950
X45.37480 Y36.60950
X45.37480 Y36.59680
X45.36210 Y36.59680
X45.36210 Y36.58410
X45.34940 Y36.58410
X45.34940 Y36.57140
X45.33670 Y36.57140
X45.33670 Y36.55870
X45.32400 Y36.55870
X45.32400 Y36.54600
X45.31130 Y36.54600
X45.31130 Y36.53330
X45.29860 Y36.53330
X45.29860 Y36.52060
X45.28590 Y36.52060
X45.28590 Y36.50790
X45.27320 Y36.50790
X45.27320 Y36.49520
X45.26050 Y36.49520
X45.26050 Y36.48250
X45.24780 Y36.48250
X45.24780 Y36.46980
X45.23510 Y36.46980
X45.23510 Y36.45710
X45.22240 Y36.45710
X45.22240 Y36.44440
X45.20970 Y36.44440
X45.20970 Y36.43170
X45.19700 Y36.43170
X45.19700 Y36.41900
X45.18430 Y36.41900
X45.18430 Y36.40630
X45.17160 Y36.40630
X45.17160 Y36.39360
X45.15890 Y36.39360
X45.15890 Y36.38090
X45.14620 Y36.38090
X45.14620 Y36.36820
X45.13350 Y36.36820
X45.13350 Y36.35550
X45.12080 Y36.35550
X45.12080 Y36.34280
X45.10810 Y36.34280
X45.10810 Y36.33010
X45.09540 Y36.33010
X45.09540 Y36.31740
X45.08270 Y36.31740
X45.08270 Y36.30470
X45.07000 Y36.30470
X45.07000 Y36.29200
X45.05730 Y36.29200
X45.05730 Y36.27930
X45.04460 Y36.27930
X45.04460 Y36.26660
X45.03190 Y36.26660
X45.03190 Y36.25390
X45.01920 Y36.25390
X45.01920 Y36.24120
X45.00650 Y36.24120
X45.00650 Y36.22850
X44.99380 Y36.22850
X44.99380 Y36.21580
X44.98110 Y36.21580
X44.98110 Y36.20310
X44.96840 Y36.20310
X44.96840 Y36.19040
X44.95570 Y36.19040
X44.95570 Y36.17770
X44.94300 Y36.17770
X44.94300 Y36.16500
X44.93030 Y36.16500
X44.93030 Y36.15230
X44.91760 Y36.15230
X44.91760 Y36.13960
X44.90490 Y36.13960
X44.90490 Y36.12690
X44.89220 Y36.12690
X44.89220 Y36.11420
X44.87950 Y36.11420
X44.87950 Y36.10150
X44.86680 Y36.10150
X44.86680 Y36.08880
X44.85410 Y36.08880
X44.85410 Y36.07610
X44.84140 Y36.07610
X44.84140 Y36.06340
X44.82870 Y36.06340
X44.82870 Y36.05070
X44.81600 Y36.05070
X44.81600 Y36.02530
X44.80330 Y36.02530
X44.80330 Y35.98720
X44.79060 Y35.98720
X44.79060 Y31.00880
X44.77790 Y31.00880
X44.77790 Y30.99610
X44.76520 Y30.99610
X44.76520 Y30.98340
X44.75250 Y30.98340
X44.75250 Y30.97070
X44.73980 Y30.97070
X44.73980 Y30.95800
X44.72710 Y30.95800
X44.72710 Y30.94530
X44.71440 Y30.94530
X44.71440 Y30.93260
X44.70170 Y30.93260
X44.70170 Y30.91990
X44.68900 Y30.91990
X44.68900 Y30.90720
X44.67630 Y30.90720
X44.67630 Y30.89450
X44.66360 Y30.89450
X44.66360 Y30.88180
X44.65090 Y30.88180
X44.65090 Y30.86910
X44.63820 Y30.86910
X44.63820 Y30.85640
X44.62550 Y30.85640
X44.62550 Y30.84370
X44.61280 Y30.84370
X44.61280 Y30.83100
X44.60010 Y30.83100
X44.60010 Y30.81830
X44.58740 Y30.81830
X44.58740 Y30.80560
X44.57470 Y30.80560
X44.57470 Y30.79290
X44.56200 Y30.79290
X44.56200 Y30.78020
X44.54930 Y30.78020
X44.54930 Y30.76750
X44.53660 Y30.76750
X44.53660 Y30.75480
X44.52390 Y30.75480
X44.52390 Y30.74210
X44.51120 Y30.74210
X44.51120 Y30.72940
X44.49850 Y30.72940
X44.49850 Y30.71670
X44.48580 Y30.71670
X44.48580 Y30.70400
X44.47310 Y30.70400
X44.47310 Y30.69130
X44.46040 Y30.69130
X44.46040 Y30.67860
X44.44770 Y30.67860
X44.44770 Y30.66590
X44.43500 Y30.66590
X44.43500 Y30.65320
X44.42230 Y30.65320
X44.42230 Y30.64050
X44.40960 Y30.64050
X44.40960 Y30.62780
X44.39690 Y30.62780
X44.39690 Y30.61510
X44.38420 Y30.61510
X44.38420 Y30.60240
X44.37150 Y30.60240
X44.37150 Y30.58970
X44.35880 Y30.58970
X44.35880 Y30.57700
X44.34610 Y30.57700
X44.34610 Y30.56430
X44.33340 Y30.56430
X44.33340 Y30.55160
X44.32070 Y30.55160
X44.32070 Y30.53890
X44.30800 Y30.53890
X44.30800 Y30.52620
X44.29530 Y30.52620
X44.29530 Y30.51350
X44.28260 Y30.51350
X44.28260 Y30.50080
X44.26990 Y30.50080
X44.26990 Y30.48810
X44.25720 Y30.48810
X44.25720 Y30.47540
X44.24450 Y30.47540
X44.24450 Y30.46270
X44.23180 Y30.46270
X44.23180 Y30.45000
X44.21910 Y30.45000
X44.21910 Y30.43730
X44.20640 Y30.43730
X44.20640 Y30.42460
X44.19370 Y30.42460
X44.19370 Y30.41190
X44.18100 Y30.41190
X44.18100 Y30.39920
X44.16830 Y30.39920
X44.16830 Y30.38650
X44.15560 Y30.38650
X44.15560 Y30.37380
X44.14290 Y30.37380
X44.14290 Y30.36110
X44.13020 Y30.36110
X44.13020 Y30.34840
X44.11750 Y30.34840
X44.11750 Y30.33570
X44.10480 Y30.33570
X44.10480 Y30.32300
X44.09210 Y30.32300
X44.09210 Y30.31030
X44.07940 Y30.31030
X44.07940 Y30.29760
X44.06670 Y30.29760
X44.06670 Y30.28490
X44.05400 Y30.28490
X44.05400 Y30.27220
X44.04130 Y30.27220
X44.04130 Y30.25950
X44.02860 Y30.25950
X44.02860 Y30.24680
X44.01590 Y30.24680
X44.01590 Y30.23410
X44.00320 Y30.23410
X44.00320 Y30.22140
X43.99050 Y30.22140
X43.99050 Y30.20870
X43.97780 Y30.20870
X43.97780 Y30.19600
X43.96510 Y30.19600
X43.96510 Y30.18330
X43.95240 Y30.18330
X43.95240 Y30.17060
X43.93970 Y30.17060
X43.93970 Y30.15790
X43.92700 Y30.15790
X43.92700 Y30.14520
X43.91430 Y30.14520
X43.91430 Y30.13250
X43.90160 Y30.13250
X43.90160 Y30.11980
X43.88890 Y30.11980
X43.88890 Y30.10710
X43.87620 Y30.10710
X43.87620 Y30.09440
X43.86350 Y30.09440
X43.86350 Y30.08170
X43.85080 Y30.08170
X43.85080 Y30.06900
X43.83810 Y30.06900
X43.83810 Y30.05630
X43.82540 Y30.05630
X43.82540 Y30.04360
X43.81270 Y30.04360
X43.81270 Y30.01820
X43.80000 Y30.01820
X43.80000 Y29.98010
X43.78730 Y29.98010
X43.78730 Y17.71190
X43.55870 Y17.71190
X43.55870 Y17.69920
X43.45710 Y17.69920
X43.45710 Y17.68650
X43.41900 Y17.68650
X43.41900 Y17.67380
X43.38090 Y17.67380
X43.38090 Y17.66110
X43.33010 Y17.66110
X43.33010 Y17.64840
X43.30470 Y17.64840
X43.30470 Y17.63570
X43.27930 Y17.63570
X43.27930 Y17.62300
X43.26660 Y17.62300
X43.26660 Y17.61030
X43.24120 Y17.61030
X43.24120 Y17.59760
X43.21580 Y17.59760
X43.21580 Y17.58490
X43.19040 Y17.58490
X43.19040 Y17.57220
X43.17770 Y17.57220
X43.17770 Y17.55950
X43.16500 Y17.55950
X43.16500 Y17.54680
X43.15230 Y17.54680
X43.15230 Y17.53410
X43.13960 Y17.53410
X43.13960 Y17.52140
X43.11420 Y17.52140
X43.11420 Y17.50870
X43.10150 Y17.50870
X43.10150 Y17.49600
X43.08880 Y17.49600
X43.08880 Y17.48330
X43.07610 Y17.48330
X43.07610 Y17.47060
X43.06340 Y17.47060
X43.06340 Y17.44520
X43.05070 Y17.44520
X43.05070 Y17.43250
X43.03800 Y17.43250
X43.03800 Y17.41980
X43.02530 Y17.41980
X43.02530 Y17.40710
X43.01260 Y17.40710
X43.01260 Y17.39440
X42.99990 Y17.39440
X42.99990 Y17.36900
X42.98720 Y17.36900
X42.98720 Y17.34360
X42.97450 Y17.34360
X42.97450 Y17.31820
X42.96180 Y17.31820
X42.96180 Y17.30550
X42.94910 Y17.30550
X42.94910 Y17.28010
X42.93640 Y17.28010
X42.93640 Y17.25470
X42.92370 Y17.25470
X42.92370 Y17.20390
X42.91100 Y17.20390
X42.91100 Y17.16580
X42.89830 Y17.16580
X42.89830 Y17.12770
X42.88560 Y17.12770
X42.88560 Y17.02610
X42.87290 Y17.02610
X42.87290 Y16.70860
X42.88560 Y16.70860
X42.88560 Y16.60700
X42.89830 Y16.60700
X42.89830 Y16.56890
X42.91100 Y16.56890
X42.91100 Y16.53080
X42.92370 Y16.53080
X42.92370 Y16.48000
X42.93640 Y16.48000
X42.93640 Y16.45460
X42.94910 Y16.45460
X42.94910 Y16.42920
X42.96180 Y16.42920
X42.96180 Y16.41650
X42.97450 Y16.41650
X42.97450 Y16.39110
X42.98720 Y16.39110
X42.98720 Y16.36570
X42.99990 Y16.36570
X42.99990 Y16.34030
X43.01260 Y16.34030
X43.01260 Y16.32760
X43.02530 Y16.32760
X43.02530 Y16.31490
X43.03800 Y16.31490
X43.03800 Y16.30220
X43.05070 Y16.30220
X43.05070 Y16.28950
X43.06340 Y16.28950
X43.06340 Y16.26410
X43.07610 Y16.26410
X43.07610 Y16.25140
X43.08880 Y16.25140
X43.08880 Y16.23870
X43.10150 Y16.23870
X43.10150 Y16.22600
X43.11420 Y16.22600
X43.11420 Y16.21330
X43.13960 Y16.21330
X43.13960 Y16.20060
X43.15230 Y16.20060
X43.15230 Y16.18790
X43.16500 Y16.18790
X43.16500 Y16.17520
X43.17770 Y16.17520
X43.17770 Y16.16250
X43.19040 Y16.16250
X43.19040 Y16.14980
X43.21580 Y16.14980
X43.21580 Y16.13710
X43.24120 Y16.13710
X43.24120 Y16.12440
X43.26660 Y16.12440
X43.26660 Y16.11170
X43.27930 Y16.11170
X43.27930 Y16.09900
X43.30470 Y16.09900
X43.30470 Y16.08630
X43.33010 Y16.08630
X43.33010 Y16.07360
X43.38090 Y16.07360
X43.38090 Y16.06090
X43.41900 Y16.06090
X43.41900 Y16.04820
X43.45710 Y16.04820
X43.45710 Y16.03550
X43.54600 Y16.03550
X43.54600 Y16.02280
X43.88890 Y16.02280
X43.88890 Y16.03550
X43.97780 Y16.03550
X43.97780 Y16.04820
X44.01590 Y16.04820
X44.01590 Y16.06090
X44.06670 Y16.06090
X44.06670 Y16.07360
X44.10480 Y16.07360
X44.10480 Y16.08630
X44.13020 Y16.08630
X44.13020 Y16.09900
X44.15560 Y16.09900
X44.15560 Y16.11170
X44.16830 Y16.11170
X44.16830 Y16.12440
X44.19370 Y16.12440
X44.19370 Y16.13710
X44.21910 Y16.13710
X44.21910 Y16.14980
X44.24450 Y16.14980
X44.24450 Y16.16250
X44.25720 Y16.16250
X44.25720 Y16.17520
X44.26990 Y16.17520
X44.26990 Y16.18790
X44.28260 Y16.18790
X44.28260 Y16.20060
X44.29530 Y16.20060
X44.29530 Y16.21330
X44.32070 Y16.21330
X44.32070 Y16.22600
X44.33340 Y16.22600
X44.33340 Y16.23870
X44.34610 Y16.23870
X44.34610 Y16.25140
X44.35880 Y16.25140
X44.35880 Y16.26410
X44.37150 Y16.26410
X44.37150 Y16.28950
X44.38420 Y16.28950
X44.38420 Y16.30220
X44.39690 Y16.30220
X44.39690 Y16.31490
X44.40960 Y16.31490
X44.40960 Y16.32760
X44.42230 Y16.32760
X44.42230 Y16.34030
X44.43500 Y16.34030
X44.43500 Y16.36570
X44.44770 Y16.36570
X44.44770 Y16.39110
X44.46040 Y16.39110
X44.46040 Y16.41650
X44.47310 Y16.41650
X44.47310 Y16.42920
X44.48580 Y16.42920
X44.48580 Y16.45460
X44.49850 Y16.45460
X44.49850 Y16.48000
X44.51120 Y16.48000
X44.51120 Y16.51810
X44.52390 Y16.51810
X44.52390 Y16.56890
X44.53660 Y16.56890
X44.53660 Y16.60700
X44.54930 Y16.60700
X44.54930 Y16.69590
X44.56200 Y16.69590
X44.56200 Y17.03880
X44.54930 Y17.03880
X44.54930 Y17.12770
X44.53660 Y17.12770
X44.53660 Y17.16580
X44.52390 Y17.16580
X44.52390 Y17.21660
X44.51120 Y17.21660
X44.51120 Y17.25470
X44.49850 Y17.25470
X44.49850 Y17.28010
X44.48580 Y17.28010
X44.48580 Y17.30550
X44.47310 Y17.30550
X44.47310 Y17.31820
X44.46040 Y17.31820
X44.46040 Y17.34360
X44.44770 Y17.34360
X44.44770 Y17.36900
X44.43500 Y17.36900
X44.43500 Y17.39440
X44.42230 Y17.39440
X44.42230 Y17.40710
X44.40960 Y17.40710
X44.40960 Y17.41980
X44.39690 Y17.41980
X44.39690 Y17.43250
X44.38420 Y17.43250
X44.38420 Y17.44520
X44.37150 Y17.44520
X44.37150 Y17.47060
X44.35880 Y17.47060
X44.35880 Y17.48330
X44.34610 Y17.48330
X44.34610 Y17.49600
X44.33340 Y17.49600
X44.33340 Y17.50870
X44.32070 Y17.50870
X44.32070 Y17.52140
X44.29530 Y17.52140
X44.29530 Y17.53410
X44.28260 Y17.53410
X44.28260 Y29.71340
X44.29530 Y29.71340
X44.29530 Y29.72610
X44.30800 Y29.72610
X44.30800 Y29.73880
X44.32070 Y29.73880
X44.32070 Y29.75150
X44.33340 Y29.75150
X44.33340 Y29.76420
X44.34610 Y29.76420
X44.34610 Y29.77690
X44.35880 Y29.77690
X44.35880 Y29.78960
X44.37150 Y29.78960
X44.37150 Y29.80230
X44.38420 Y29.80230
X44.38420 Y29.81500
X44.39690 Y29.81500
X44.39690 Y29.82770
X44.40960 Y29.82770
X44.40960 Y29.84040
X44.42230 Y29.84040
X44.42230 Y29.85310
X44.43500 Y29.85310
X44.43500 Y29.86580
X44.44770 Y29.86580
X44.44770 Y29.87850
X44.46040 Y29.87850
X44.46040 Y29.89120
X44.47310 Y29.89120
X44.47310 Y29.90390
X44.48580 Y29.90390
X44.48580 Y29.91660
X44.49850 Y29.91660
X44.49850 Y29.92930
X44.51120 Y29.92930
X44.51120 Y29.94200
X44.52390 Y29.94200
X44.52390 Y29.95470
X44.53660 Y29.95470
X44.53660 Y29.96740
X44.54930 Y29.96740
X44.54930 Y29.98010
X44.56200 Y29.98010
X44.56200 Y29.99280
X44.57470 Y29.99280
X44.57470 Y30.00550
X44.58740 Y30.00550
X44.58740 Y30.01820
X44.60010 Y30.01820
X44.60010 Y30.03090
X44.61280 Y30.03090
X44.61280 Y30.04360
X44.62550 Y30.04360
X44.62550 Y30.05630
X44.63820 Y30.05630
X44.63820 Y30.06900
X44.65090 Y30.06900
X44.65090 Y30.08170
X44.66360 Y30.08170
X44.66360 Y30.09440
X44.67630 Y30.09440
X44.67630 Y30.10710
X44.68900 Y30.10710
X44.68900 Y30.11980
X44.70170 Y30.11980
X44.70170 Y30.13250
X44.71440 Y30.13250
X44.71440 Y30.14520
X44.72710 Y30.14520
X44.72710 Y30.15790
X44.73980 Y30.15790
X44.73980 Y30.17060
X44.75250 Y30.17060
X44.75250 Y30.18330
X44.76520 Y30.18330
X44.76520 Y30.19600
X44.77790 Y30.19600
X44.77790 Y30.20870
X44.79060 Y30.20870
X44.79060 Y30.22140
X44.80330 Y30.22140
X44.80330 Y30.23410
X44.81600 Y30.23410
X44.81600 Y30.24680
X44.82870 Y30.24680
X44.82870 Y30.25950
X44.84140 Y30.25950
X44.84140 Y30.27220
X44.85410 Y30.27220
X44.85410 Y30.28490
X44.86680 Y30.28490
X44.86680 Y30.29760
X44.87950 Y30.29760
X44.87950 Y30.31030
X44.89220 Y30.31030
X44.89220 Y30.32300
X44.90490 Y30.32300
X44.90490 Y30.33570
X44.91760 Y30.33570
X44.91760 Y30.34840
X44.93030 Y30.34840
X44.93030 Y30.36110
X44.94300 Y30.36110
X44.94300 Y30.37380
X44.95570 Y30.37380
X44.95570 Y30.38650
X44.96840 Y30.38650
X44.96840 Y30.39920
X44.98110 Y30.39920
X44.98110 Y30.41190
X44.99380 Y30.41190
X44.99380 Y30.42460
X45.00650 Y30.42460
X45.00650 Y30.43730
X45.01920 Y30.43730
X45.01920 Y30.45000
X45.03190 Y30.45000
X45.03190 Y30.46270
X45.04460 Y30.46270
X45.04460 Y30.47540
X45.05730 Y30.47540
X45.05730 Y30.48810
X45.07000 Y30.48810
X45.07000 Y30.50080
X45.08270 Y30.50080
X45.08270 Y30.51350
X45.09540 Y30.51350
X45.09540 Y30.52620
X45.10810 Y30.52620
X45.10810 Y30.53890
X45.12080 Y30.53890
X45.12080 Y30.55160
X45.13350 Y30.55160
X45.13350 Y30.56430
X45.14620 Y30.56430
X45.14620 Y30.57700
X45.15890 Y30.57700
X45.15890 Y30.58970
X45.17160 Y30.58970
X45.17160 Y30.60240
X45.18430 Y30.60240
X45.18430 Y30.61510
X45.19700 Y30.61510
X45.19700 Y30.62780
X45.20970 Y30.62780
X45.20970 Y30.64050
X45.22240 Y30.64050
X45.22240 Y30.65320
X45.23510 Y30.65320
X45.23510 Y30.66590
X45.24780 Y30.66590
X45.24780 Y30.67860
X45.26050 Y30.67860
X45.26050 Y30.70400
X45.27320 Y30.70400
X45.27320 Y30.72940
X45.28590 Y30.72940
X45.28590 Y35.72050
X45.29860 Y35.72050
X45.29860 Y35.73320
X45.31130 Y35.73320
X45.31130 Y35.74590
X45.32400 Y35.74590
X45.32400 Y35.75860
X45.33670 Y35.75860
X45.33670 Y35.77130
X45.34940 Y35.77130
X45.34940 Y35.78400
X45.36210 Y35.78400
X45.36210 Y35.79670
X45.37480 Y35.79670
X45.37480 Y35.80940
X45.38750 Y35.80940
X45.38750 Y35.82210
X45.40020 Y35.82210
X45.40020 Y35.83480
X45.41290 Y35.83480
X45.41290 Y35.84750
X45.42560 Y35.84750
X45.42560 Y35.86020
X45.43830 Y35.86020
X45.43830 Y35.87290
X45.45100 Y35.87290
X45.45100 Y35.88560
X45.46370 Y35.88560
X45.46370 Y35.89830
X45.47640 Y35.89830
X45.47640 Y35.91100
X45.48910 Y35.91100
X45.48910 Y35.92370
X45.50180 Y35.92370
X45.50180 Y35.93640
X45.51450 Y35.93640
X45.51450 Y35.94910
X45.52720 Y35.94910
X45.52720 Y35.96180
X45.53990 Y35.96180
X45.53990 Y35.97450
X45.55260 Y35.97450
X45.55260 Y35.98720
X45.56530 Y35.98720
X45.56530 Y35.99990
X45.57800 Y35.99990
X45.57800 Y36.01260
X45.59070 Y36.01260
X45.59070 Y36.02530
X45.60340 Y36.02530
X45.60340 Y36.03800
X45.61610 Y36.03800
X45.61610 Y36.05070
X45.62880 Y36.05070
X45.62880 Y36.06340
X45.64150 Y36.06340
X45.64150 Y36.07610
X45.65420 Y36.07610
X45.65420 Y36.08880
X45.66690 Y36.08880
X45.66690 Y36.10150
X45.67960 Y36.10150
X45.67960 Y36.11420
X45.69230 Y36.11420
X45.69230 Y36.12690
X45.70500 Y36.12690
X45.70500 Y36.13960
X45.71770 Y36.13960
X45.71770 Y36.15230
X45.73040 Y36.15230
X45.73040 Y36.16500
X45.74310 Y36.16500
X45.74310 Y36.17770
X45.75580 Y36.17770
X45.75580 Y36.19040
X45.76850 Y36.19040
X45.76850 Y36.20310
X45.78120 Y36.20310
X45.78120 Y36.21580
X45.79390 Y36.21580
X45.79390 Y36.22850
X45.80660 Y36.22850
X45.80660 Y36.24120
X45.81930 Y36.24120
X45.81930 Y36.25390
X45.83200 Y36.25390
X45.83200 Y36.26660
X45.84470 Y36.26660
X45.84470 Y36.27930
X45.85740 Y36.27930
X45.85740 Y36.29200
X45.87010 Y36.29200
X45.87010 Y36.30470
X45.88280 Y36.30470
X45.88280 Y36.31740
X45.89550 Y36.31740
X45.89550 Y36.33010
X45.90820 Y36.33010
X45.90820 Y36.34280
X45.92090 Y36.34280
X45.92090 Y36.35550
X45.93360 Y36.35550
X45.93360 Y36.36820
X45.94630 Y36.36820
X45.94630 Y36.38090
X45.95900 Y36.38090
X45.95900 Y36.39360
X45.97170 Y36.39360
X45.97170 Y36.40630
X45.98440 Y36.40630
X45.98440 Y36.41900
X45.99710 Y36.41900
X45.99710 Y36.43170
X46.00980 Y36.43170
X46.00980 Y36.44440
X46.02250 Y36.44440
X46.02250 Y36.45710
X46.03520 Y36.45710
X46.03520 Y36.46980
X46.04790 Y36.46980
X46.04790 Y36.48250
X46.06060 Y36.48250
X46.06060 Y36.49520
X46.07330 Y36.49520
X46.07330 Y36.50790
X46.08600 Y36.50790
X46.08600 Y36.52060
X46.09870 Y36.52060
X46.09870 Y36.53330
X46.11140 Y36.53330
X46.11140 Y36.54600
X46.12410 Y36.54600
X46.12410 Y36.55870
X46.13680 Y36.55870
X46.13680 Y36.57140
X46.14950 Y36.57140
X46.14950 Y36.58410
X46.16220 Y36.58410
X46.16220 Y36.59680
X46.17490 Y36.59680
X46.17490 Y36.60950
X46.18760 Y36.60950
X46.18760 Y36.62220
X46.20030 Y36.62220
X46.20030 Y36.63490
X46.21300 Y36.63490
X46.21300 Y36.64760
X46.22570 Y36.64760
X46.22570 Y36.66030
X46.23840 Y36.66030
X46.23840 Y36.67300
X46.25110 Y36.67300
X46.25110 Y36.68570
X46.26380 Y36.68570
X46.26380 Y36.69840
X46.27650 Y36.69840
X46.27650 Y36.71110
X46.28920 Y36.71110
X46.28920 Y36.72380
X46.30190 Y36.72380
X46.30190 Y36.73650
X46.31460 Y36.73650
X46.31460 Y36.74920
X46.32730 Y36.74920
X46.32730 Y36.76190
X46.34000 Y36.76190
X46.34000 Y36.77460
X46.35270 Y36.77460
X46.35270 Y36.78730
X46.36540 Y36.78730
X46.36540 Y36.80000
X46.37810 Y36.80000
X46.37810 Y36.81270
X46.39080 Y36.81270
X46.39080 Y36.82540
X46.40350 Y36.82540
X46.40350 Y36.83810
X46.41620 Y36.83810
X46.41620 Y36.85080
X46.42890 Y36.85080
X46.42890 Y36.86350
X46.44160 Y36.86350
X46.44160 Y36.87620
X46.45430 Y36.87620
X46.45430 Y36.88890
X46.46700 Y36.88890
X46.46700 Y36.90160
X46.47970 Y36.90160
X46.47970 Y36.91430
X46.49240 Y36.91430
X46.49240 Y36.92700
X46.50510 Y36.92700
X46.50510 Y36.93970
X46.51780 Y36.93970
X46.51780 Y36.95240
X46.53050 Y36.95240
X46.53050 Y36.96510
X46.54320 Y36.96510
X46.54320 Y36.97780
X46.55590 Y36.97780
X46.55590 Y36.99050
X46.56860 Y36.99050
X46.56860 Y37.00320
X46.58130 Y37.00320
X46.58130 Y37.01590
X46.59400 Y37.01590
X46.59400 Y37.02860
X46.60670 Y37.02860
X46.60670 Y37.04130
X46.61940 Y37.04130
X46.61940 Y37.05400
X46.63210 Y37.05400
X46.63210 Y37.06670
X46.64480 Y37.06670
X46.64480 Y37.06670
X46.69560 Y37.06670
X46.69560 Y37.05400
X46.73370 Y37.05400
X46.73370 Y37.04130
X46.77180 Y37.04130
X46.77180 Y37.02860
X46.86070 Y37.02860
X46.86070 Y37.01590
X47.20360 Y37.01590
X47.20360 Y37.02860
X47.29250 Y37.02860
X47.29250 Y37.04130
X47.33060 Y37.04130
X47.33060 Y37.05400
X47.38140 Y37.05400
X47.38140 Y37.06670
X47.41950 Y37.06670
X47.41950 Y37.07940
X47.44490 Y37.07940
X47.44490 Y37.09210
X47.47030 Y37.09210
X47.47030 Y37.10480
X47.48300 Y37.10480
X47.48300 Y37.11750
X47.50840 Y37.11750
X47.50840 Y37.13020
X47.53380 Y37.13020
X47.53380 Y37.14290
X47.55920 Y37.14290
X47.55920 Y37.15560
X47.57190 Y37.15560
X47.57190 Y37.16830
X47.58460 Y37.16830
X47.58460 Y37.18100
X47.59730 Y37.18100
X47.59730 Y37.19370
X47.61000 Y37.19370
X47.61000 Y37.20640
X47.63540 Y37.20640
X47.63540 Y37.21910
X47.64810 Y37.21910
X47.64810 Y37.23180
X47.66080 Y37.23180
X47.66080 Y37.24450
X47.67350 Y37.24450
X47.67350 Y37.25720
X47.68620 Y37.25720
X47.68620 Y37.28260
X47.69890 Y37.28260
X47.69890 Y37.29530
X47.71160 Y37.29530
X47.71160 Y37.30800
X47.72430 Y37.30800
X47.72430 Y37.32070
X47.73700 Y37.32070
X47.73700 Y37.33340
X47.74970 Y37.33340
X47.74970 Y37.35880
X47.76240 Y37.35880
X47.76240 Y37.38420
X47.77510 Y37.38420
X47.77510 Y37.40960
X47.78780 Y37.40960
X47.78780 Y37.42230
X47.80050 Y37.42230
X47.80050 Y37.44770
X47.81320 Y37.44770
X47.81320 Y37.47310
X47.82590 Y37.47310
X47.82590 Y37.51120
X47.83860 Y37.51120
X47.83860 Y37.56200
X47.85130 Y37.56200
X47.85130 Y37.60010
X47.86400 Y37.60010
X47.86400 Y37.68900
X47.87670 Y37.68900
X47.87670 Y38.03190
X47.86400 Y38.03190
X47.86400 Y38.12080
X47.85130 Y38.12080
X47.85130 Y38.15890
X47.83860 Y38.15890
X47.83860 Y38.20970
X47.82590 Y38.20970
X47.82590 Y38.24780
X47.81320 Y38.24780
X47.81320 Y38.27320
X47.80050 Y38.27320
X47.80050 Y38.29860
X47.78780 Y38.29860
X47.78780 Y38.31130
X47.77510 Y38.31130
X47.77510 Y38.33670
X47.76240 Y38.33670
X47.76240 Y38.36210
X47.74970 Y38.36210
X47.74970 Y38.38750
X47.73700 Y38.38750
X47.73700 Y38.40020
X47.72430 Y38.40020
X47.72430 Y38.41290
X47.71160 Y38.41290
X47.71160 Y38.42560
X47.69890 Y38.42560
X47.69890 Y38.43830
X47.68620 Y38.43830
X47.68620 Y38.46370
X47.67350 Y38.46370
X47.67350 Y38.47640
X47.66080 Y38.47640
X47.66080 Y38.48910
X47.64810 Y38.48910
X47.64810 Y38.50180
X47.63540 Y38.50180
X47.63540 Y38.51450
X47.61000 Y38.51450
X47.61000 Y38.52720
X47.59730 Y38.52720
X47.59730 Y38.53990
X47.58460 Y38.53990
X47.58460 Y38.55260
X47.57190 Y38.55260
X47.57190 Y38.56530
X47.55920 Y38.56530
X47.55920 Y38.57800
X47.53380 Y38.57800
X47.53380 Y38.59070
X47.50840 Y38.59070
X47.50840 Y38.60340
X47.48300 Y38.60340
X47.48300 Y38.61610
X47.47030 Y38.61610
X47.47030 Y38.62880
X47.44490 Y38.62880
X47.44490 Y38.64150
X47.41950 Y38.64150
X47.41950 Y38.65420
X47.36870 Y38.65420
X47.36870 Y38.66690
X47.33060 Y38.66690
X47.33060 Y38.67960
X47.29250 Y38.67960
X47.29250 Y38.69230
X47.19090 Y38.69230
X47.19090 Y38.70500
X46.87340 Y38.70500
X46.87340 Y38.69230
X46.77180 Y38.69230
X46.77180 Y38.67960
X46.73370 Y38.67960
X46.73370 Y38.66690
X46.69560 Y38.66690
X46.69560 Y38.65420
X46.64480 Y38.65420
X46.64480 Y38.64150
X46.61940 Y38.64150
X46.61940 Y38.62880
X46.59400 Y38.62880
X46.59400 Y38.61610
X46.58130 Y38.61610
X46.58130 Y38.60340
G04 P0 ( dwell for no time -- G64 should not smooth over this point )
G00 Z5.00000 ( retract )

G00 X50.95010 Y42.21020 ( rapid move to begin. )
F300.00000
G01 Z-0.05000
G04 P0 ( dwell for no time -- G64 should not smooth over this point )
F600.00000
X50.95010 Y42.21020
X50.93740 Y42.21020
X50.93740 Y42.19750
X50.92470 Y42.19750
X50.92470 Y42.17210
X50.91200 Y42.17210
X50.91200 Y42.15940
X50.89930 Y42.15940
X50.89930 Y42.13400
X50.88660 Y42.13400
X50.88660 Y42.12130
X50.87390 Y42.12130
X50.87390 Y42.10860
X50.86120 Y42.10860
X50.86120 Y42.09590
X50.84850 Y42.09590
X50.84850 Y42.08320
X50.83580 Y42.08320
X50.83580 Y42.07050
X50.82310 Y42.07050
X50.82310 Y42.05780
X50.81040 Y42.05780
X50.81040 Y42.04510
X50.79770 Y42.04510
X50.79770 Y42.03240
X50.78500 Y42.03240
X50.78500 Y42.01970
X50.77230 Y42.01970
X50.77230 Y42.00700
X50.74690 Y42.00700
X50.74690 Y41.99430
X50.73420 Y41.99430
X50.73420 Y41.98160
X50.70880 Y41.98160
X50.70880 Y41.96890
X50.69610 Y41.96890
X50.69610 Y41.95620
X50.68340 Y41.95620
X50.68340 Y41.94350
X50.65800 Y41.94350
X50.65800 Y41.93080
X50.64530 Y41.93080
X50.64530 Y41.91810
X50.61990 Y41.91810
X50.61990 Y41.90540
X50.60720 Y41.90540
X50.60720 Y41.89270
X50.58180 Y41.89270
X50.58180 Y41.88000
X50.55640 Y41.88000
X50.55640 Y41.86730
X50.54370 Y41.86730
X50.54370 Y41.85460
X50.51830 Y41.85460
X50.51830 Y41.84190
X50.50560 Y41.84190
X50.50560 Y41.82920
X50.49290 Y41.82920
X50.49290 Y41.81650
X50.48020 Y41.81650
X50.48020 Y41.80380
X50.46750 Y41.80380
X50.46750 Y41.79110
X50.45480 Y41.79110
X50.45480 Y41.75300
X50.44210 Y41.75300
X50.44210 Y41.52440
X50.45480 Y41.52440
X50.45480 Y41.48630
X50.46750 Y41.48630
X50.46750 Y41.46090
X50.48020 Y41.46090
X50.48020 Y41.44820
X50.49290 Y41.44820
X50.49290 Y41.43550
X50.50560 Y41.43550
X50.50560 Y41.42280
X60.03060 Y41.42280
X60.03060 Y41.43550
X60.06870 Y41.43550
X60.06870 Y41.44820
X60.08140 Y41.44820
X60.08140 Y41.46090
X60.09410 Y41.46090
X60.09410 Y41.48630
X60.10680 Y41.48630
X60.10680 Y41.49900
X60.11950 Y41.49900
X60.11950 Y41.51170
X60.13220 Y41.51170
X60.13220 Y41.53710
X60.14490 Y41.53710
X60.14490 Y41.54980
X60.15760 Y41.54980
X60.15760 Y41.56250
X60.17030 Y41.56250
X60.17030 Y41.57520
X60.18300 Y41.57520
X60.18300 Y41.58790
X60.19570 Y41.58790
X60.19570 Y41.60060
X60.20840 Y41.60060
X60.20840 Y41.61330
X60.22110 Y41.61330
X60.22110 Y41.62600
X60.23380 Y41.62600
X60.23380 Y41.63870
X60.24650 Y41.63870
X60.24650 Y41.65140
X60.25920 Y41.65140
X60.25920 Y41.66410
X60.27190 Y41.66410
X60.27190 Y41.67680
X60.28460 Y41.67680
X60.28460 Y41.68950
X60.29730 Y41.68950
X60.29730 Y41.70220
X60.31000 Y41.70220
X60.31000 Y41.71490
X60.32270 Y41.71490
X60.32270 Y41.72760
X60.33540 Y41.72760
X60.33540 Y41.74030
X60.34810 Y41.74030
X60.34810 Y41.75300
X60.36080 Y41.75300
X60.36080 Y41.76570
X60.38620 Y41.76570
X60.38620 Y41.77840
X60.39890 Y41.77840
X60.39890 Y41.79110
X60.41160 Y41.79110
X60.41160 Y41.80380
X60.43700 Y41.80380
X60.43700 Y41.81650
X60.44970 Y41.81650
X60.44970 Y41.82920
X60.46240 Y41.82920
X60.46240 Y41.84190
X60.48780 Y41.84190
X60.48780 Y41.85460
X60.52590 Y41.85460
X60.52590 Y41.86730
X60.55130 Y41.86730
X60.55130 Y41.88000
X60.57670 Y41.88000
X60.57670 Y41.89270
X60.58940 Y41.89270
X60.58940 Y41.90540
X60.60210 Y41.90540
X60.60210 Y41.91810
X60.61480 Y41.91810
X60.61480 Y41.94350
X60.62750 Y41.94350
X60.62750 Y41.98160
X60.64020 Y41.98160
X60.64020 Y42.21020
X60.62750 Y42.21020
X60.62750 Y42.24830
X60.61480 Y42.24830
X60.61480 Y42.26100
X60.60210 Y42.26100
X60.60210 Y42.27370
X60.58940 Y42.27370
X60.58940 Y42.28640
X60.57670 Y42.28640
X60.57670 Y42.29910
X60.53860 Y42.29910
X60.53860 Y42.31180
X51.06440 Y42.31180
X51.06440 Y42.29910
X51.02630 Y42.29910
X51.02630 Y42.28640
X51.00090 Y42.28640
X51.00090 Y42.27370
X50.98820 Y42.27370
X50.98820 Y42.26100
X50.97550 Y42.26100
X50.97550 Y42.24830
X50.96280 Y42.24830
X50.96280 Y42.23560
X50.95010 Y42.23560
X50.95010 Y42.21020
G04 P0 ( dwell for no time -- G64 should not smooth over this point )
G00 Z5.00000 ( retract )

G00 X58.58280 Y38.60340 ( rapid move to begin. )
F300.00000
G01 Z-0.05000
G04 P0 ( dwell for no time -- G64 should not smooth over this point )
F600.00000
X58.58280 Y38.60340
X58.55740 Y38.60340
X58.55740 Y38.59070
X58.53200 Y38.59070
X58.53200 Y38.57800
X58.50660 Y38.57800
X58.50660 Y38.56530
X58.49390 Y38.56530
X58.49390 Y38.55260
X58.48120 Y38.55260
X58.48120 Y38.53990
X58.46850 Y38.53990
X58.46850 Y38.52720
X58.45580 Y38.52720
X58.45580 Y38.51450
X58.43040 Y38.51450
X58.43040 Y38.50180
X58.41770 Y38.50180
X58.41770 Y38.48910
X58.40500 Y38.48910
X58.40500 Y38.47640
X58.39230 Y38.47640
X58.39230 Y38.46370
X58.37960 Y38.46370
X58.37960 Y38.43830
X58.36690 Y38.43830
X58.36690 Y38.42560
X58.35420 Y38.42560
X58.35420 Y38.41290
X58.34150 Y38.41290
X58.34150 Y38.40020
X58.32880 Y38.40020
X58.32880 Y38.38750
X58.31610 Y38.38750
X58.31610 Y38.36210
X58.30340 Y38.36210
X58.30340 Y38.33670
X58.29070 Y38.33670
X58.29070 Y38.31130
X58.27800 Y38.31130
X58.27800 Y38.29860
X58.26530 Y38.29860
X58.26530 Y38.27320
X58.25260 Y38.27320
X58.25260 Y38.24780
X58.23990 Y38.24780
X58.23990 Y38.19700
X58.22720 Y38.19700
X58.22720 Y38.15890
X58.21450 Y38.15890
X58.21450 Y38.12080
X58.20180 Y38.12080
X58.20180 Y38.01920
X58.18910 Y38.01920
X58.18910 Y37.70170
X58.20180 Y37.70170
X58.20180 Y37.60010
X58.21450 Y37.60010
X58.21450 Y37.56200
X58.22720 Y37.56200
X58.22720 Y37.52390
X58.23990 Y37.52390
X58.23990 Y37.47310
X58.25260 Y37.47310
X58.25260 Y37.44770
X58.26530 Y37.44770
X58.26530 Y37.42230
X58.27800 Y37.42230
X58.27800 Y37.40960
X58.29070 Y37.40960
X58.29070 Y37.38420
X58.30340 Y37.38420
X58.30340 Y37.35880
X58.31610 Y37.35880
X58.31610 Y37.33340
X58.32880 Y37.33340
X58.32880 Y37.32070
X58.34150 Y37.32070
X58.34150 Y37.30800
X58.35420 Y37.30800
X58.35420 Y37.29530
X58.36690 Y37.29530
X58.36690 Y37.28260
X58.37960 Y37.28260
X58.37960 Y37.25720
X58.39230 Y37.25720
X58.39230 Y37.24450
X58.40500 Y37.24450
X58.40500 Y37.23180
X58.41770 Y37.23180
X58.41770 Y37.21910
X58.43040 Y37.21910
X58.43040 Y37.20640
X58.45580 Y37.20640
X58.45580 Y37.19370
X58.46850 Y37.19370
X58.46850 Y37.18100
X58.48120 Y37.18100
X58.48120 Y37.16830
X58.49390 Y37.16830
X58.49390 Y37.15560
X58.50660 Y37.15560
X58.50660 Y37.14290
X58.53200 Y37.14290
X58.53200 Y37.13020
X58.55740 Y37.13020
X58.55740 Y37.11750
X58.58280 Y37.11750
X58.58280 Y37.10480
X58.59550 Y37.10480
X58.59550 Y37.09210
X58.62090 Y37.09210
X58.62090 Y37.07940
X58.64630 Y37.07940
X58.64630 Y37.06670
X58.69710 Y37.06670
X58.69710 Y37.05400
X58.73520 Y37.05400
X58.73520 Y37.04130
X58.77330 Y37.04130
X58.77330 Y37.02860
X58.86220 Y37.02860
X58.86220 Y37.01590
X59.20510 Y37.01590
X59.20510 Y37.02860
X59.29400 Y37.02860
X59.29400 Y37.04130
X59.33210 Y37.04130
X59.33210 Y37.05400
X59.38290 Y37.05400
X59.38290 Y37.06670
X59.42100 Y37.06670
X59.42100 Y37.07940
X59.44640 Y37.07940
X59.44640 Y37.09210
X59.47180 Y37.09210
X59.47180 Y37.10480
X59.48450 Y37.10480
X59.48450 Y37.11750
X59.50990 Y37.11750
X59.50990 Y37.13020
X59.53530 Y37.13020
X59.53530 Y37.14290
X59.56070 Y37.14290
X59.56070 Y37.15560
X59.57340 Y37.15560
X59.57340 Y37.16830
X59.58610 Y37.16830
X59.58610 Y37.18100
X59.59880 Y37.18100
X59.59880 Y37.19370
X59.61150 Y37.19370
X59.61150 Y37.20640
X59.63690 Y37.20640
X59.63690 Y37.21910
X59.64960 Y37.21910
X59.64960 Y37.23180
X59.66230 Y37.23180
X59.66230 Y37.24450
X59.67500 Y37.24450
X59.67500 Y37.25720
X59.68770 Y37.25720
X59.68770 Y37.28260
X59.70040 Y37.28260
X59.70040 Y37.29530
X59.71310 Y37.29530
X59.71310 Y37.30800
X59.72580 Y37.30800
X59.72580 Y37.32070
X59.73850 Y37.32070
X59.73850 Y37.33340
X59.75120 Y37.33340
X59.75120 Y37.35880
X59.76390 Y37.35880
X59.76390 Y37.38420
X59.77660 Y37.38420
X59.77660 Y37.40960
X59.78930 Y37.40960
X59.78930 Y37.42230
X59.80200 Y37.42230
X59.80200 Y37.44770
X59.81470 Y37.44770
X59.81470 Y37.47310
X59.82740 Y37.47310
X59.82740 Y37.51120
X59.84010 Y37.51120
X59.84010 Y37.56200
X59.85280 Y37.56200
X59.85280 Y37.60010
X59.86550 Y37.60010
X59.86550 Y37.61280
X64.89470 Y37.61280
X64.89470 Y37.60010
X64.90740 Y37.60010
X64.90740 Y37.58740
X64.92010 Y37.58740
X64.92010 Y37.57470
X64.93280 Y37.57470
X64.93280 Y37.56200
X64.94550 Y37.56200
X64.94550 Y37.54930
X64.95820 Y37.54930
X64.95820 Y37.53660
X64.97090 Y37.53660
X64.97090 Y37.52390
X64.98360 Y37.52390
X64.98360 Y37.51120
X64.99630 Y37.51120
X64.99630 Y37.49850
X65.00900 Y37.49850
X65.00900 Y37.48580
X65.02170 Y37.48580
X65.02170 Y37.47310
X65.03440 Y37.47310
X65.03440 Y37.46040
X65.04710 Y37.46040
X65.04710 Y37.44770
X65.05980 Y37.44770
X65.05980 Y37.43500
X65.07250 Y37.43500
X65.07250 Y37.42230
X65.08520 Y37.42230
X65.08520 Y37.40960
X65.09790 Y37.40960
X65.09790 Y37.39690
X65.11060 Y37.39690
X65.11060 Y37.38420
X65.12330 Y37.38420
X65.12330 Y37.37150
X65.13600 Y37.37150
X65.13600 Y37.35880
X65.14870 Y37.35880
X65.14870 Y37.34610
X65.16140 Y37.34610
X65.16140 Y37.33340
X65.17410 Y37.33340
X65.17410 Y37.32070
X65.18680 Y37.32070
X65.18680 Y37.30800
X65.19950 Y37.30800
X65.19950 Y37.29530
X65.21220 Y37.29530
X65.21220 Y37.28260
X65.22490 Y37.28260
X65.22490 Y37.26990
X65.23760 Y37.26990
X65.23760 Y37.25720
X65.25030 Y37.25720
X65.25030 Y37.24450
X65.26300 Y37.24450
X65.26300 Y37.23180
X65.27570 Y37.23180
X65.27570 Y37.21910
X65.28840 Y37.21910
X65.28840 Y37.20640
X65.30110 Y37.20640
X65.30110 Y37.19370
X65.31380 Y37.19370
X65.31380 Y37.18100
X65.32650 Y37.18100
X65.32650 Y37.16830
X65.33920 Y37.16830
X65.33920 Y37.15560
X65.35190 Y37.15560
X65.35190 Y37.14290
X65.36460 Y37.14290
X65.36460 Y37.13020
X65.37730 Y37.13020
X65.37730 Y37.11750
X65.39000 Y37.11750
X65.39000 Y37.10480
X65.40270 Y37.10480
X65.40270 Y37.09210
X65.41540 Y37.09210
X65.41540 Y37.07940
X65.42810 Y37.07940
X65.42810 Y37.06670
X65.44080 Y37.06670
X65.44080 Y37.05400
X65.45350 Y37.05400
X65.45350 Y37.04130
X65.46620 Y37.04130
X65.46620 Y37.02860
X65.47890 Y37.02860
X65.47890 Y37.01590
X65.49160 Y37.01590
X65.49160 Y37.00320
X65.50430 Y37.00320
X65.50430 Y36.99050
X65.51700 Y36.99050
X65.51700 Y36.97780
X65.52970 Y36.97780
X65.52970 Y36.96510
X65.54240 Y36.96510
X65.54240 Y36.95240
X65.55510 Y36.95240
X65.55510 Y36.93970
X65.56780 Y36.93970
X65.56780 Y36.92700
X65.58050 Y36.92700
X65.58050 Y36.91430
X65.59320 Y36.91430
X65.59320 Y36.90160
X65.60590 Y36.90160
X65.60590 Y36.88890
X65.61860 Y36.88890
X65.61860 Y36.87620
X65.63130 Y36.87620
X65.63130 Y36.86350
X65.64400 Y36.86350
X65.64400 Y36.85080
X65.65670 Y36.85080
X65.65670 Y36.83810
X65.66940 Y36.83810
X65.66940 Y36.82540
X65.68210 Y36.82540
X65.68210 Y36.81270
X65.69480 Y36.81270
X65.69480 Y36.80000
X65.70750 Y36.80000
X65.70750 Y36.78730
X65.72020 Y36.78730
X65.72020 Y36.77460
X65.73290 Y36.77460
X65.73290 Y36.76190
X65.74560 Y36.76190
X65.74560 Y36.74920
X65.75830 Y36.74920
X65.75830 Y36.73650
X65.77100 Y36.73650
X65.77100 Y36.72380
X65.78370 Y36.72380
X65.78370 Y36.71110
X65.79640 Y36.71110
X65.79640 Y36.69840
X65.80910 Y36.69840
X65.80910 Y36.68570
X65.82180 Y36.68570
X65.82180 Y36.67300
X65.83450 Y36.67300
X65.83450 Y36.66030
X65.84720 Y36.66030
X65.84720 Y36.64760
X65.85990 Y36.64760
X65.85990 Y36.63490
X65.87260 Y36.63490
X65.87260 Y36.62220
X65.88530 Y36.62220
X65.88530 Y36.60950
X65.89800 Y36.60950
X65.89800 Y36.59680
X65.91070 Y36.59680
X65.91070 Y36.58410
X65.92340 Y36.58410
X65.92340 Y36.57140
X65.93610 Y36.57140
X65.93610 Y36.55870
X65.94880 Y36.55870
X65.94880 Y36.54600
X65.96150 Y36.54600
X65.96150 Y36.53330
X65.97420 Y36.53330
X65.97420 Y36.52060
X65.98690 Y36.52060
X65.98690 Y36.50790
X65.99960 Y36.50790
X65.99960 Y36.49520
X66.01230 Y36.49520
X66.01230 Y36.48250
X66.02500 Y36.48250
X66.02500 Y36.46980
X66.03770 Y36.46980
X66.03770 Y36.45710
X66.05040 Y36.45710
X66.05040 Y36.44440
X66.06310 Y36.44440
X66.06310 Y36.43170
X66.07580 Y36.43170
X66.07580 Y36.41900
X66.08850 Y36.41900
X66.08850 Y36.40630
X66.10120 Y36.40630
X66.10120 Y36.39360
X66.11390 Y36.39360
X66.11390 Y36.38090
X66.12660 Y36.38090
X66.12660 Y36.36820
X66.13930 Y36.36820
X66.13930 Y36.35550
X66.15200 Y36.35550
X66.15200 Y36.34280
X66.16470 Y36.34280
X66.16470 Y36.33010
X66.17740 Y36.33010
X66.17740 Y36.31740
X66.19010 Y36.31740
X66.19010 Y36.30470
X66.20280 Y36.30470
X66.20280 Y36.29200
X66.21550 Y36.29200
X66.21550 Y36.27930
X66.22820 Y36.27930
X66.22820 Y36.26660
X66.24090 Y36.26660
X66.24090 Y36.25390
X66.24090 Y36.25390
X66.24090 Y36.20310
X66.22820 Y36.20310
X66.22820 Y36.16500
X66.21550 Y36.16500
X66.21550 Y36.12690
X66.20280 Y36.12690
X66.20280 Y36.02530
X66.19010 Y36.02530
X66.19010 Y35.70780
X66.20280 Y35.70780
X66.20280 Y35.60620
X66.21550 Y35.60620
X66.21550 Y35.56810
X66.22820 Y35.56810
X66.22820 Y35.53000
X66.24090 Y35.53000
X66.24090 Y35.47920
X66.25360 Y35.47920
X66.25360 Y35.45380
X66.26630 Y35.45380
X66.26630 Y35.42840
X66.27900 Y35.42840
X66.27900 Y35.41570
X66.29170 Y35.41570
X66.29170 Y35.39030
X66.30440 Y35.39030
X66.30440 Y35.36490
X66.31710 Y35.36490
X66.31710 Y35.33950
X66.32980 Y35.33950
X66.32980 Y35.32680
X66.34250 Y35.32680
X66.34250 Y35.31410
X66.35520 Y35.31410
X66.35520 Y35.30140
X66.36790 Y35.30140
X66.36790 Y35.28870
X66.38060 Y35.28870
X66.38060 Y35.26330
X66.39330 Y35.26330
X66.39330 Y35.25060
X66.40600 Y35.25060
X66.40600 Y35.23790
X66.41870 Y35.23790
X66.41870 Y35.22520
X66.43140 Y35.22520
X66.43140 Y35.21250
X66.45680 Y35.21250
X66.45680 Y35.19980
X66.46950 Y35.19980
X66.46950 Y35.18710
X66.48220 Y35.18710
X66.48220 Y35.17440
X66.49490 Y35.17440
X66.49490 Y35.16170
X66.50760 Y35.16170
X66.50760 Y35.14900
X66.53300 Y35.14900
X66.53300 Y35.13630
X66.55840 Y35.13630
X66.55840 Y35.12360
X66.58380 Y35.12360
X66.58380 Y35.11090
X66.59650 Y35.11090
X66.59650 Y35.09820
X66.62190 Y35.09820
X66.62190 Y35.08550
X66.64730 Y35.08550
X66.64730 Y35.07280
X66.69810 Y35.07280
X66.69810 Y35.06010
X66.73620 Y35.06010
X66.73620 Y35.04740
X66.77430 Y35.04740
X66.77430 Y35.03470
X66.86320 Y35.03470
X66.86320 Y35.02200
X67.20610 Y35.02200
X67.20610 Y35.03470
X67.29500 Y35.03470
X67.29500 Y35.04740
X67.33310 Y35.04740
X67.33310 Y35.06010
X67.38390 Y35.06010
X67.38390 Y35.07280
X67.42200 Y35.07280
X67.42200 Y35.08550
X67.44740 Y35.08550
X67.44740 Y35.09820
X67.47280 Y35.09820
X67.47280 Y35.11090
X67.48550 Y35.11090
X67.48550 Y35.12360
X67.51090 Y35.12360
X67.51090 Y35.13630
X67.53630 Y35.13630
X67.53630 Y35.14900
X67.56170 Y35.14900
X67.56170 Y35.16170
X67.57440 Y35.16170
X67.57440 Y35.17440
X67.58710 Y35.17440
X67.58710 Y35.18710
X67.59980 Y35.18710
X67.59980 Y35.19980
X67.61250 Y35.19980
X67.61250 Y35.21250
X67.63790 Y35.21250
X67.63790 Y35.22520
X67.65060 Y35.22520
X67.65060 Y35.23790
X67.66330 Y35.23790
X67.66330 Y35.25060
X67.67600 Y35.25060
X67.67600 Y35.26330
X67.68870 Y35.26330
X67.68870 Y35.28870
X67.70140 Y35.28870
X67.70140 Y35.30140
X67.71410 Y35.30140
X67.71410 Y35.31410
X67.72680 Y35.31410
X67.72680 Y35.32680
X67.73950 Y35.32680
X67.73950 Y35.33950
X67.75220 Y35.33950
X67.75220 Y35.36490
X67.76490 Y35.36490
X67.76490 Y35.39030
X67.77760 Y35.39030
X67.77760 Y35.41570
X67.79030 Y35.41570
X67.79030 Y35.42840
X67.80300 Y35.42840
X67.80300 Y35.45380
X67.81570 Y35.45380
X67.81570 Y35.47920
X67.82840 Y35.47920
X67.82840 Y35.51730
X67.84110 Y35.51730
X67.84110 Y35.56810
X67.85380 Y35.56810
X67.85380 Y35.60620
X67.86650 Y35.60620
X67.86650 Y35.69510
X67.87920 Y35.69510
X67.87920 Y36.03800
X67.86650 Y36.03800
X67.86650 Y36.12690
X67.85380 Y36.12690
X67.85380 Y36.16500
X67.84110 Y36.16500
X67.84110 Y36.21580
X67.82840 Y36.21580
X67.82840 Y36.25390
X67.81570 Y36.25390
X67.81570 Y36.27930
X67.80300 Y36.27930
X67.80300 Y36.30470
X67.79030 Y36.30470
X67.79030 Y36.31740
X67.77760 Y36.31740
X67.77760 Y36.34280
X67.76490 Y36.34280
X67.76490 Y36.36820
X67.75220 Y36.36820
X67.75220 Y36.39360
X67.73950 Y36.39360
X67.73950 Y36.40630
X67.72680 Y36.40630
X67.72680 Y36.41900
X67.71410 Y36.41900
X67.71410 Y36.43170
X67.70140 Y36.43170
X67.70140 Y36.44440
X67.68870 Y36.44440
X67.68870 Y36.46980
X67.67600 Y36.46980
X67.67600 Y36.48250
X67.66330 Y36.48250
X67.66330 Y36.49520
X67.65060 Y36.49520
X67.65060 Y36.50790
X67.63790 Y36.50790
X67.63790 Y36.52060
X67.61250 Y36.52060
X67.61250 Y36.53330
X67.59980 Y36.53330
X67.59980 Y36.54600
X67.58710 Y36.54600
X67.58710 Y36.55870
X67.57440 Y36.55870
X67.57440 Y36.57140
X67.56170 Y36.57140
X67.56170 Y36.58410
X67.53630 Y36.58410
X67.53630 Y36.59680
X67.51090 Y36.59680
X67.51090 Y36.60950
X67.48550 Y36.60950
X67.48550 Y36.62220
X67.47280 Y36.62220
X67.47280 Y36.63490
X67.44740 Y36.63490
X67.44740 Y36.64760
X67.42200 Y36.64760
X67.42200 Y36.66030
X67.37120 Y36.66030
X67.37120 Y36.67300
X67.33310 Y36.67300
X67.33310 Y36.68570
X67.29500 Y36.68570
X67.29500 Y36.69840
X67.19340 Y36.69840
X67.19340 Y36.71110
X66.87590 Y36.71110
X66.87590 Y36.69840
X66.77430 Y36.69840
X66.77430 Y36.68570
X66.73620 Y36.68570
X66.73620 Y36.67300
X66.69810 Y36.67300
X66.69810 Y36.66030
X66.64730 Y36.66030
X66.64730 Y36.66030
X66.63460 Y36.66030
X66.63460 Y36.67300
X66.62190 Y36.67300
X66.62190 Y36.68570
X66.60920 Y36.68570
X66.60920 Y36.69840
X66.59650 Y36.69840
X66.59650 Y36.71110
X66.58380 Y36.71110
X66.58380 Y36.72380
X66.57110 Y36.72380
X66.57110 Y36.73650
X66.55840 Y36.73650
X66.55840 Y36.74920
X66.54570 Y36.74920
X66.54570 Y36.76190
X66.53300 Y36.76190
X66.53300 Y36.77460
X66.52030 Y36.77460
X66.52030 Y36.78730
X66.50760 Y36.78730
X66.50760 Y36.80000
X66.49490 Y36.80000
X66.49490 Y36.81270
X66.48220 Y36.81270
X66.48220 Y36.82540
X66.46950 Y36.82540
X66.46950 Y36.83810
X66.45680 Y36.83810
X66.45680 Y36.85080
X66.44410 Y36.85080
X66.44410 Y36.86350
X66.43140 Y36.86350
X66.43140 Y36.87620
X66.41870 Y36.87620
X66.41870 Y36.88890
X66.40600 Y36.88890
X66.40600 Y36.90160
X66.39330 Y36.90160
X66.39330 Y36.91430
X66.38060 Y36.91430
X66.38060 Y36.92700
X66.36790 Y36.92700
X66.36790 Y36.93970
X66.35520 Y36.93970
X66.35520 Y36.95240
X66.34250 Y36.95240
X66.34250 Y36.96510
X66.32980 Y36.96510
X66.32980 Y36.97780
X66.31710 Y36.97780
X66.31710 Y36.99050
X66.30440 Y36.99050
X66.30440 Y37.00320
X66.29170 Y37.00320
X66.29170 Y37.01590
X66.27900 Y37.01590
X66.27900 Y37.02860
X66.26630 Y37.02860
X66.26630 Y37.04130
X66.25360 Y37.04130
X66.25360 Y37.05400
X66.24090 Y37.05400
X66.24090 Y37.06670
X66.22820 Y37.06670
X66.22820 Y37.07940
X66.21550 Y37.07940
X66.21550 Y37.09210
X66.20280 Y37.09210
X66.20280 Y37.10480
X66.19010 Y37.10480
X66.19010 Y37.11750
X66.17740 Y37.11750
X66.17740 Y37.13020
X66.16470 Y37.13020
X66.16470 Y37.14290
X66.15200 Y37.14290
X66.15200 Y37.15560
X66.13930 Y37.15560
X66.13930 Y37.16830
X66.12660 Y37.16830
X66.12660 Y37.18100
X66.11390 Y37.18100
X66.11390 Y37.19370
X66.10120 Y37.19370
X66.10120 Y37.20640
X66.08850 Y37.20640
X66.08850 Y37.21910
X66.07580 Y37.21910
X66.07580 Y37.23180
X66.06310 Y37.23180
X66.06310 Y37.24450
X66.05040 Y37.24450
X66.05040 Y37.25720
X66.03770 Y37.25720
X66.03770 Y37.26990
X66.02500 Y37.26990
X66.02500 Y37.28260
X66.01230 Y37.28260
X66.01230 Y37.29530
X65.99960 Y37.29530
X65.99960 Y37.30800
X65.98690 Y37.30800
X65.98690 Y37.32070
X65.97420 Y37.32070
X65.97420 Y37.33340
X65.96150 Y37.33340
X65.96150 Y37.34610
X65.94880 Y37.34610
X65.94880 Y37.35880
X65.93610 Y37.35880
X65.93610 Y37.37150
X65.92340 Y37.37150
X65.92340 Y37.38420
X65.91070 Y37.38420
X65.91070 Y37.39690
X65.89800 Y37.39690
X65.89800 Y37.40960
X65.88530 Y37.40960
X65.88530 Y37.42230
X65.87260 Y37.42230
X65.87260 Y37.43500
X65.85990 Y37.43500
X65.85990 Y37.44770
X65.84720 Y37.44770
X65.84720 Y37.46040
X65.83450 Y37.46040
X65.83450 Y37.47310
X65.82180 Y37.47310
X65.82180 Y37.48580
X65.80910 Y37.48580
X65.80910 Y37.49850
X65.79640 Y37.49850
X65.79640 Y37.51120
X65.78370 Y37.51120
X65.78370 Y37.52390
X65.77100 Y37.52390
X65.77100 Y37.53660
X65.75830 Y37.53660
X65.75830 Y37.54930
X65.74560 Y37.54930
X65.74560 Y37.56200
X65.73290 Y37.56200
X65.73290 Y37.57470
X65.72020 Y37.57470
X65.72020 Y37.58740
X65.70750 Y37.58740
X65.70750 Y37.60010
X65.69480 Y37.60010
X65.69480 Y37.61280
X65.68210 Y37.61280
X65.68210 Y37.62550
X65.66940 Y37.62550
X65.66940 Y37.63820
X65.65670 Y37.63820
X65.65670 Y37.65090
X65.64400 Y37.65090
X65.64400 Y37.66360
X65.63130 Y37.66360
X65.63130 Y37.67630
X65.61860 Y37.67630
X65.61860 Y37.68900
X65.60590 Y37.68900
X65.60590 Y37.70170
X65.59320 Y37.70170
X65.59320 Y37.71440
X65.58050 Y37.71440
X65.58050 Y37.72710
X65.56780 Y37.72710
X65.56780 Y37.73980
X65.55510 Y37.73980
X65.55510 Y37.75250
X65.54240 Y37.75250
X65.54240 Y37.76520
X65.52970 Y37.76520
X65.52970 Y37.77790
X65.51700 Y37.77790
X65.51700 Y37.79060
X65.50430 Y37.79060
X65.50430 Y37.80330
X65.49160 Y37.80330
X65.49160 Y37.81600
X65.47890 Y37.81600
X65.47890 Y37.82870
X65.46620 Y37.82870
X65.46620 Y37.84140
X65.45350 Y37.84140
X65.45350 Y37.85410
X65.44080 Y37.85410
X65.44080 Y37.86680
X65.42810 Y37.86680
X65.42810 Y37.87950
X65.41540 Y37.87950
X65.41540 Y37.89220
X65.40270 Y37.89220
X65.40270 Y37.90490
X65.39000 Y37.90490
X65.39000 Y37.91760
X65.37730 Y37.91760
X65.37730 Y37.93030
X65.36460 Y37.93030
X65.36460 Y37.94300
X65.35190 Y37.94300
X65.35190 Y37.95570
X65.33920 Y37.95570
X65.33920 Y37.96840
X65.32650 Y37.96840
X65.32650 Y37.98110
X65.31380 Y37.98110
X65.31380 Y37.99380
X65.30110 Y37.99380
X65.30110 Y38.00650
X65.28840 Y38.00650
X65.28840 Y38.01920
X65.27570 Y38.01920
X65.27570 Y38.03190
X65.26300 Y38.03190
X65.26300 Y38.04460
X65.25030 Y38.04460
X65.25030 Y38.05730
X65.23760 Y38.05730
X65.23760 Y38.07000
X65.22490 Y38.07000
X65.22490 Y38.08270
X65.19950 Y38.08270
X65.19950 Y38.09540
X65.16140 Y38.09540
X65.16140 Y38.10810
X59.86550 Y38.10810
X59.86550 Y38.12080
X59.85280 Y38.12080
X59.85280 Y38.15890
X59.84010 Y38.15890
X59.84010 Y38.20970
X59.82740 Y38.20970
X59.82740 Y38.24780
X59.81470 Y38.24780
X59.81470 Y38.27320
X59.80200 Y38.27320
X59.80200 Y38.29860
X59.78930 Y38.29860
X59.78930 Y38.31130
X59.77660 Y38.31130
X59.77660 Y38.33670
X59.76390 Y38.33670
X59.76390 Y38.36210
X59.75120 Y38.36210
X59.75120 Y38.38750
X59.73850 Y38.38750
X59.73850 Y38.40020
X59.72580 Y38.40020
X59.72580 Y38.41290
X59.71310 Y38.41290
X59.71310 Y38.42560
X59.70040 Y38.42560
X59.70040 Y38.43830
X59.68770 Y38.43830
X59.68770 Y38.46370
X59.67500 Y38.46370
X59.67500 Y38.47640
X59.66230 Y38.47640
X59.66230 Y38.48910
X59.64960 Y38.48910
X59.64960 Y38.50180
X59.63690 Y38.50180
X59.63690 Y38.51450
X59.61150 Y38.51450
X59.61150 Y38.52720
X59.59880 Y38.52720
X59.59880 Y38.53990
X59.58610 Y38.53990
X59.58610 Y38.55260
X59.57340 Y38.55260
X59.57340 Y38.56530
X59.56070 Y38.56530
X59.56070 Y38.57800
X59.53530 Y38.57800
X59.53530 Y38.59070
X59.50990 Y38.59070
X59.50990 Y38.60340
X59.48450 Y38.60340
X59.48450 Y38.61610
X59.47180 Y38.61610
X59.47180 Y38.62880
X59.44640 Y38.62880
X59.44640 Y38.64150
X59.42100 Y38.64150
X59.42100 Y38.65420
X59.37020 Y38.65420
X59.37020 Y38.66690
X59.33210 Y38.66690
X59.33210 Y38.67960
X59.29400 Y38.67960
X59.29400 Y38.69230
X59.19240 Y38.69230
X59.19240 Y38.70500
X58.87490 Y38.70500
X58.87490 Y38.69230
X58.77330 Y38.69230
X58.77330 Y38.67960
X58.73520 Y38.67960
X58.73520 Y38.66690
X58.69710 Y38.66690
X58.69710 Y38.65420
X58.64630 Y38.65420
X58.64630 Y38.64150
X58.62090 Y38.64150
X58.62090 Y38.62880
X58.59550 Y38.62880
X58.59550 Y38.61610
X58.58280 Y38.61610
X58.58280 Y38.60340
G04 P0 ( dwell for no time -- G64 should not smooth over this point )
G00 Z5.00000 ( retract )

G00 X60.58940 Y41.61330 ( rapid move to begin. )
F300.00000
G01 Z-0.05000
G04 P0 ( dwell for no time -- G64 should not smooth over this point )
F600.00000
X60.58940 Y41.61330
X60.56400 Y41.61330
X60.56400 Y41.60060
X60.53860 Y41.60060
X60.53860 Y41.58790
X60.51320 Y41.58790
X60.51320 Y41.57520
X60.50050 Y41.57520
X60.50050 Y41.56250
X60.48780 Y41.56250
X60.48780 Y41.54980
X60.47510 Y41.54980
X60.47510 Y41.53710
X60.46240 Y41.53710
X60.46240 Y41.52440
X60.43700 Y41.52440
X60.43700 Y41.51170
X60.42430 Y41.51170
X60.42430 Y41.49900
X60.41160 Y41.49900
X60.41160 Y41.48630
X60.39890 Y41.48630
X60.39890 Y41.47360
X60.38620 Y41.47360
X60.38620 Y41.44820
X60.37350 Y41.44820
X60.37350 Y41.43550
X60.36080 Y41.43550
X60.36080 Y41.42280
X60.34810 Y41.42280
X60.34810 Y41.41010
X60.33540 Y41.41010
X60.33540 Y41.39740
X60.32270 Y41.39740
X60.32270 Y41.37200
X60.31000 Y41.37200
X60.31000 Y41.34660
X60.29730 Y41.34660
X60.29730 Y41.32120
X60.28460 Y41.32120
X60.28460 Y41.30850
X60.27190 Y41.30850
X60.27190 Y41.28310
X60.25920 Y41.28310
X60.25920 Y41.25770
X60.24650 Y41.25770
X60.24650 Y41.20690
X60.23380 Y41.20690
X60.23380 Y41.16880
X60.22110 Y41.16880
X60.22110 Y41.13070
X60.20840 Y41.13070
X60.20840 Y41.11800
X46.28920 Y41.11800
X46.28920 Y41.10530
X46.25110 Y41.10530
X46.25110 Y41.09260
X46.22570 Y41.09260
X46.22570 Y41.07990
X46.21300 Y41.07990
X46.21300 Y41.06720
X46.20030 Y41.06720
X46.20030 Y41.05450
X46.18760 Y41.05450
X46.18760 Y41.04180
X46.17490 Y41.04180
X46.17490 Y41.02910
X46.16220 Y41.02910
X46.16220 Y41.01640
X46.14950 Y41.01640
X46.14950 Y41.00370
X46.13680 Y41.00370
X46.13680 Y40.99100
X46.12410 Y40.99100
X46.12410 Y40.97830
X46.11140 Y40.97830
X46.11140 Y40.96560
X46.09870 Y40.96560
X46.09870 Y40.95290
X46.08600 Y40.95290
X46.08600 Y40.94020
X46.07330 Y40.94020
X46.07330 Y40.92750
X46.06060 Y40.92750
X46.06060 Y40.91480
X46.04790 Y40.91480
X46.04790 Y40.90210
X46.03520 Y40.90210
X46.03520 Y40.88940
X46.02250 Y40.88940
X46.02250 Y40.87670
X46.00980 Y40.87670
X46.00980 Y40.86400
X45.99710 Y40.86400
X45.99710 Y40.85130
X45.98440 Y40.85130
X45.98440 Y40.83860
X45.97170 Y40.83860
X45.97170 Y40.82590
X45.95900 Y40.82590
X45.95900 Y40.81320
X45.94630 Y40.81320
X45.94630 Y40.80050
X45.93360 Y40.80050
X45.93360 Y40.78780
X45.92090 Y40.78780
X45.92090 Y40.77510
X45.90820 Y40.77510
X45.90820 Y40.76240
X45.89550 Y40.76240
X45.89550 Y40.74970
X45.88280 Y40.74970
X45.88280 Y40.73700
X45.87010 Y40.73700
X45.87010 Y40.72430
X45.85740 Y40.72430
X45.85740 Y40.71160
X45.84470 Y40.71160
X45.84470 Y40.69890
X45.83200 Y40.69890
X45.83200 Y40.68620
X45.81930 Y40.68620
X45.81930 Y40.67350
X45.80660 Y40.67350
X45.80660 Y40.66080
X45.79390 Y40.66080
X45.79390 Y40.64810
X45.78120 Y40.64810
X45.78120 Y40.63540
X45.76850 Y40.63540
X45.76850 Y40.62270
X45.75580 Y40.62270
X45.75580 Y40.61000
X45.74310 Y40.61000
X45.74310 Y40.59730
X45.73040 Y40.59730
X45.73040 Y40.58460
X45.71770 Y40.58460
X45.71770 Y40.57190
X45.70500 Y40.57190
X45.70500 Y40.55920
X45.69230 Y40.55920
X45.69230 Y40.54650
X45.67960 Y40.54650
X45.67960 Y40.53380
X45.66690 Y40.53380
X45.66690 Y40.52110
X45.65420 Y40.52110
X45.65420 Y40.50840
X45.64150 Y40.50840
X45.64150 Y40.49570
X45.62880 Y40.49570
X45.62880 Y40.48300
X45.61610 Y40.48300
X45.61610 Y40.47030
X45.60340 Y40.47030
X45.60340 Y40.45760
X45.59070 Y40.45760
X45.59070 Y40.44490
X45.57800 Y40.44490
X45.57800 Y40.43220
X45.56530 Y40.43220
X45.56530 Y40.41950
X45.55260 Y40.41950
X45.55260 Y40.40680
X45.53990 Y40.40680
X45.53990 Y40.39410
X45.52720 Y40.39410
X45.52720 Y40.38140
X45.51450 Y40.38140
X45.51450 Y40.36870
X45.50180 Y40.36870
X45.50180 Y40.35600
X45.48910 Y40.35600
X45.48910 Y40.34330
X45.47640 Y40.34330
X45.47640 Y40.33060
X45.46370 Y40.33060
X45.46370 Y40.31790
X45.45100 Y40.31790
X45.45100 Y40.30520
X45.43830 Y40.30520
X45.43830 Y40.29250
X45.42560 Y40.29250
X45.42560 Y40.27980
X45.41290 Y40.27980
X45.41290 Y40.26710
X45.40020 Y40.26710
X45.40020 Y40.25440
X45.38750 Y40.25440
X45.38750 Y40.24170
X45.37480 Y40.24170
X45.37480 Y40.22900
X45.36210 Y40.22900
X45.36210 Y40.21630
X45.34940 Y40.21630
X45.34940 Y40.20360
X45.33670 Y40.20360
X45.33670 Y40.19090
X45.32400 Y40.19090
X45.32400 Y40.17820
X45.31130 Y40.17820
X45.31130 Y40.16550
X45.29860 Y40.16550
X45.29860 Y40.15280
X45.28590 Y40.15280
X45.28590 Y40.14010
X45.27320 Y40.14010
X45.27320 Y40.12740
X45.26050 Y40.12740
X45.26050 Y40.11470
X45.24780 Y40.11470
X45.24780 Y40.10200
X45.23510 Y40.10200
X45.23510 Y40.08930
X45.22240 Y40.08930
X45.22240 Y40.07660
X45.20970 Y40.07660
X45.20970 Y40.06390
X45.19700 Y40.06390
X45.19700 Y40.05120
X45.18430 Y40.05120
X45.18430 Y40.03850
X45.17160 Y40.03850
X45.17160 Y40.02580
X45.15890 Y40.02580
X45.15890 Y40.01310
X45.14620 Y40.01310
X45.14620 Y40.00040
X45.13350 Y40.00040
X45.13350 Y39.98770
X45.12080 Y39.98770
X45.12080 Y39.97500
X45.10810 Y39.97500
X45.10810 Y39.96230
X45.09540 Y39.96230
X45.09540 Y39.94960
X45.08270 Y39.94960
X45.08270 Y39.93690
X45.07000 Y39.93690
X45.07000 Y39.92420
X45.05730 Y39.92420
X45.05730 Y39.91150
X45.04460 Y39.91150
X45.04460 Y39.89880
X45.03190 Y39.89880
X45.03190 Y39.88610
X45.01920 Y39.88610
X45.01920 Y39.87340
X45.00650 Y39.87340
X45.00650 Y39.86070
X44.99380 Y39.86070
X44.99380 Y39.84800
X44.98110 Y39.84800
X44.98110 Y39.83530
X44.96840 Y39.83530
X44.96840 Y39.82260
X44.95570 Y39.82260
X44.95570 Y39.80990
X44.94300 Y39.80990
X44.94300 Y39.79720
X44.93030 Y39.79720
X44.93030 Y39.78450
X44.91760 Y39.78450
X44.91760 Y39.77180
X44.90490 Y39.77180
X44.90490 Y39.75910
X44.89220 Y39.75910
X44.89220 Y39.74640
X44.87950 Y39.74640
X44.87950 Y39.73370
X44.86680 Y39.73370
X44.86680 Y39.72100
X44.85410 Y39.72100
X44.85410 Y39.70830
X44.84140 Y39.70830
X44.84140 Y39.69560
X44.82870 Y39.69560
X44.82870 Y39.68290
X44.81600 Y39.68290
X44.81600 Y39.67020
X44.80330 Y39.67020
X44.80330 Y39.65750
X44.79060 Y39.65750
X44.79060 Y39.64480
X44.77790 Y39.64480
X44.77790 Y39.63210
X44.76520 Y39.63210
X44.76520 Y39.61940
X44.75250 Y39.61940
X44.75250 Y39.60670
X44.73980 Y39.60670
X44.73980 Y39.59400
X44.72710 Y39.59400
X44.72710 Y39.58130
X44.71440 Y39.58130
X44.71440 Y39.56860
X44.70170 Y39.56860
X44.70170 Y39.55590
X44.68900 Y39.55590
X44.68900 Y39.54320
X44.67630 Y39.54320
X44.67630 Y39.53050
X44.66360 Y39.53050
X44.66360 Y39.51780
X44.65090 Y39.51780
X44.65090 Y39.50510
X44.63820 Y39.50510
X44.63820 Y39.49240
X44.62550 Y39.49240
X44.62550 Y39.47970
X44.61280 Y39.47970
X44.61280 Y39.46700
X44.60010 Y39.46700
X44.60010 Y39.45430
X44.58740 Y39.45430
X44.58740 Y39.44160
X44.57470 Y39.44160
X44.57470 Y39.42890
X44.56200 Y39.42890
X44.56200 Y39.41620
X44.54930 Y39.41620
X44.54930 Y39.40350
X44.53660 Y39.40350
X44.53660 Y39.39080
X44.52390 Y39.39080
X44.52390 Y39.37810
X44.51120 Y39.37810
X44.51120 Y39.36540
X44.49850 Y39.36540
X44.49850 Y39.35270
X44.48580 Y39.35270
X44.48580 Y39.34000
X44.47310 Y39.34000
X44.47310 Y39.32730
X44.46040 Y39.32730
X44.46040 Y39.31460
X44.44770 Y39.31460
X44.44770 Y39.30190
X44.43500 Y39.30190
X44.43500 Y39.28920
X44.42230 Y39.28920
X44.42230 Y39.27650
X44.40960 Y39.27650
X44.40960 Y39.26380
X44.39690 Y39.26380
X44.39690 Y39.25110
X44.38420 Y39.25110
X44.38420 Y39.23840
X44.37150 Y39.23840
X44.37150 Y39.22570
X44.35880 Y39.22570
X44.35880 Y39.21300
X44.34610 Y39.21300
X44.34610 Y39.20030
X44.33340 Y39.20030
X44.33340 Y39.18760
X44.32070 Y39.18760
X44.32070 Y39.17490
X44.30800 Y39.17490
X44.30800 Y39.16220
X44.29530 Y39.16220
X44.29530 Y39.14950
X44.28260 Y39.14950
X44.28260 Y39.13680
X44.26990 Y39.13680
X44.26990 Y39.12410
X44.25720 Y39.12410
X44.25720 Y39.11140
X44.24450 Y39.11140
X44.24450 Y39.09870
X44.23180 Y39.09870
X44.23180 Y39.08600
X44.21910 Y39.08600
X44.21910 Y39.07330
X44.20640 Y39.07330
X44.20640 Y39.06060
X44.19370 Y39.06060
X44.19370 Y39.04790
X44.18100 Y39.04790
X44.18100 Y39.03520
X44.16830 Y39.03520
X44.16830 Y39.02250
X44.15560 Y39.02250
X44.15560 Y39.00980
X44.14290 Y39.00980
X44.14290 Y38.99710
X44.13020 Y38.99710
X44.13020 Y38.98440
X44.11750 Y38.98440
X44.11750 Y38.97170
X44.10480 Y38.97170
X44.10480 Y38.95900
X44.09210 Y38.95900
X44.09210 Y38.94630
X44.07940 Y38.94630
X44.07940 Y38.93360
X44.06670 Y38.93360
X44.06670 Y38.92090
X44.05400 Y38.92090
X44.05400 Y38.90820
X44.04130 Y38.90820
X44.04130 Y38.89550
X44.02860 Y38.89550
X44.02860 Y38.88280
X44.01590 Y38.88280
X44.01590 Y38.87010
X44.00320 Y38.87010
X44.00320 Y38.85740
X43.99050 Y38.85740
X43.99050 Y38.84470
X43.97780 Y38.84470
X43.97780 Y38.83200
X43.96510 Y38.83200
X43.96510 Y38.81930
X43.95240 Y38.81930
X43.95240 Y38.80660
X43.93970 Y38.80660
X43.93970 Y38.79390
X43.92700 Y38.79390
X43.92700 Y38.78120
X43.91430 Y38.78120
X43.91430 Y38.76850
X43.90160 Y38.76850
X43.90160 Y38.75580
X43.88890 Y38.75580
X43.88890 Y38.74310
X43.87620 Y38.74310
X43.87620 Y38.73040
X43.86350 Y38.73040
X43.86350 Y38.71770
X43.85080 Y38.71770
X43.85080 Y38.70500
X43.83810 Y38.70500
X43.83810 Y38.69230
X43.82540 Y38.69230
X43.82540 Y38.67960
X43.81270 Y38.67960
X43.81270 Y38.66690
X43.80000 Y38.66690
X43.80000 Y38.65420
X43.78730 Y38.65420
X43.78730 Y38.64150
X43.77460 Y38.64150
X43.77460 Y38.62880
X43.76190 Y38.62880
X43.76190 Y38.61610
X43.74920 Y38.61610
X43.74920 Y38.60340
X43.73650 Y38.60340
X43.73650 Y38.59070
X43.72380 Y38.59070
X43.72380 Y38.57800
X43.71110 Y38.57800
X43.71110 Y38.56530
X43.69840 Y38.56530
X43.69840 Y38.55260
X43.68570 Y38.55260
X43.68570 Y38.53990
X43.67300 Y38.53990
X43.67300 Y38.52720
X43.66030 Y38.52720
X43.66030 Y38.51450
X43.64760 Y38.51450
X43.64760 Y38.50180
X43.63490 Y38.50180
X43.63490 Y38.48910
X43.62220 Y38.48910
X43.62220 Y38.47640
X43.60950 Y38.47640
X43.60950 Y38.46370
X43.59680 Y38.46370
X43.59680 Y38.45100
X43.58410 Y38.45100
X43.58410 Y38.43830
X43.57140 Y38.43830
X43.57140 Y38.42560
X43.55870 Y38.42560
X43.55870 Y38.41290
X43.54600 Y38.41290
X43.54600 Y38.40020
X43.53330 Y38.40020
X43.53330 Y38.38750
X43.52060 Y38.38750
X43.52060 Y38.37480
X43.50790 Y38.37480
X43.50790 Y38.36210
X43.49520 Y38.36210
X43.49520 Y38.34940
X43.48250 Y38.34940
X43.48250 Y38.33670
X43.46980 Y38.33670
X43.46980 Y38.32400
X43.45710 Y38.32400
X43.45710 Y38.31130
X43.44440 Y38.31130
X43.44440 Y38.28590
X43.43170 Y38.28590
X43.43170 Y38.27320
X43.41900 Y38.27320
X43.41900 Y38.26050
X43.40630 Y38.26050
X43.40630 Y38.24780
X43.39360 Y38.24780
X43.39360 Y38.23510
X43.38090 Y38.23510
X43.38090 Y38.22240
X43.36820 Y38.22240
X43.36820 Y38.20970
X43.35550 Y38.20970
X43.35550 Y38.19700
X43.34280 Y38.19700
X43.34280 Y38.18430
X43.33010 Y38.18430
X43.33010 Y38.17160
X43.31740 Y38.17160
X43.31740 Y38.14620
X43.30470 Y38.14620
X43.30470 Y38.10810
X43.29200 Y38.10810
X43.29200 Y32.79950
X43.27930 Y32.79950
X43.27930 Y32.78680
X43.26660 Y32.78680
X43.26660 Y32.77410
X43.25390 Y32.77410
X43.25390 Y32.76140
X43.24120 Y32.76140
X43.24120 Y32.74870
X43.22850 Y32.74870
X43.22850 Y32.73600
X43.21580 Y32.73600
X43.21580 Y32.72330
X43.20310 Y32.72330
X43.20310 Y32.71060
X43.19040 Y32.71060
X43.19040 Y32.69790
X43.17770 Y32.69790
X43.17770 Y32.68520
X43.16500 Y32.68520
X43.16500 Y32.67250
X43.15230 Y32.67250
X43.15230 Y32.65980
X43.13960 Y32.65980
X43.13960 Y32.64710
X43.12690 Y32.64710
X43.12690 Y32.63440
X43.11420 Y32.63440
X43.11420 Y32.62170
X43.10150 Y32.62170
X43.10150 Y32.60900
X43.08880 Y32.60900
X43.08880 Y32.59630
X43.07610 Y32.59630
X43.07610 Y32.58360
X43.06340 Y32.58360
X43.06340 Y32.57090
X43.05070 Y32.57090
X43.05070 Y32.55820
X43.03800 Y32.55820
X43.03800 Y32.54550
X43.02530 Y32.54550
X43.02530 Y32.53280
X43.01260 Y32.53280
X43.01260 Y32.52010
X42.99990 Y32.52010
X42.99990 Y32.50740
X42.98720 Y32.50740
X42.98720 Y32.49470
X42.97450 Y32.49470
X42.97450 Y32.48200
X42.96180 Y32.48200
X42.96180 Y32.46930
X42.94910 Y32.46930
X42.94910 Y32.45660
X42.93640 Y32.45660
X42.93640 Y32.44390
X42.92370 Y32.44390
X42.92370 Y32.43120
X42.91100 Y32.43120
X42.91100 Y32.41850
X42.89830 Y32.41850
X42.89830 Y32.40580
X42.88560 Y32.40580
X42.88560 Y32.39310
X42.87290 Y32.39310
X42.87290 Y32.38040
X42.86020 Y32.38040
X42.86020 Y32.36770
X42.84750 Y32.36770
X42.84750 Y32.35500
X42.83480 Y32.35500
X42.83480 Y32.34230
X42.82210 Y32.34230
X42.82210 Y32.32960
X42.80940 Y32.32960
X42.80940 Y32.31690
X42.79670 Y32.31690
X42.79670 Y32.30420
X42.78400 Y32.30420
X42.78400 Y32.29150
X42.77130 Y32.29150
X42.77130 Y32.27880
X42.75860 Y32.27880
X42.75860 Y32.26610
X42.74590 Y32.26610
X42.74590 Y32.25340
X42.73320 Y32.25340
X42.73320 Y32.24070
X42.72050 Y32.24070
X42.72050 Y32.22800
X42.70780 Y32.22800
X42.70780 Y32.21530
X42.69510 Y32.21530
X42.69510 Y32.20260
X42.68240 Y32.20260
X42.68240 Y32.18990
X42.66970 Y32.18990
X42.66970 Y32.17720
X42.65700 Y32.17720
X42.65700 Y32.16450
X42.64430 Y32.16450
X42.64430 Y32.15180
X42.63160 Y32.15180
X42.63160 Y32.13910
X42.61890 Y32.13910
X42.61890 Y32.12640
X42.60620 Y32.12640
X42.60620 Y32.11370
X42.59350 Y32.11370
X42.59350 Y32.10100
X42.58080 Y32.10100
X42.58080 Y32.08830
X42.56810 Y32.08830
X42.56810 Y32.07560
X42.55540 Y32.07560
X42.55540 Y32.06290
X42.54270 Y32.06290
X42.54270 Y32.05020
X42.53000 Y32.05020
X42.53000 Y32.03750
X42.51730 Y32.03750
X42.51730 Y32.02480
X42.50460 Y32.02480
X42.50460 Y32.01210
X42.49190 Y32.01210
X42.49190 Y31.99940
X42.47920 Y31.99940
X42.47920 Y31.98670
X42.46650 Y31.98670
X42.46650 Y31.97400
X42.45380 Y31.97400
X42.45380 Y31.96130
X42.44110 Y31.96130
X42.44110 Y31.94860
X42.42840 Y31.94860
X42.42840 Y31.93590
X42.41570 Y31.93590
X42.41570 Y31.92320
X42.40300 Y31.92320
X42.40300 Y31.91050
X42.39030 Y31.91050
X42.39030 Y31.89780
X42.37760 Y31.89780
X42.37760 Y31.88510
X42.36490 Y31.88510
X42.36490 Y31.87240
X42.35220 Y31.87240
X42.35220 Y31.85970
X42.33950 Y31.85970
X42.33950 Y31.84700
X42.32680 Y31.84700
X42.32680 Y31.83430
X42.31410 Y31.83430
X42.31410 Y31.82160
X42.30140 Y31.82160
X42.30140 Y31.80890
X42.28870 Y31.80890
X42.28870 Y31.79620
X42.27600 Y31.79620
X42.27600 Y31.78350
X42.26330 Y31.78350
X42.26330 Y31.77080
X42.25060 Y31.77080
X42.25060 Y31.75810
X42.23790 Y31.75810
X42.23790 Y31.74540
X42.22520 Y31.74540
X42.22520 Y31.73270
X42.21250 Y31.73270
X42.21250 Y31.72000
X42.19980 Y31.72000
X42.19980 Y31.70730
X42.18710 Y31.70730
X42.18710 Y31.69460
X42.17440 Y31.69460
X42.17440 Y31.68190
X42.16170 Y31.68190
X42.16170 Y31.66920
X42.14900 Y31.66920
X42.14900 Y31.65650
X42.13630 Y31.65650
X42.13630 Y31.64380
X42.12360 Y31.64380
X42.12360 Y31.63110
X42.11090 Y31.63110
X42.11090 Y31.61840
X42.09820 Y31.61840
X42.09820 Y31.60570
X42.08550 Y31.60570
X42.08550 Y31.59300
X42.07280 Y31.59300
X42.07280 Y31.58030
X42.06010 Y31.58030
X42.06010 Y31.56760
X42.04740 Y31.56760
X42.04740 Y31.55490
X42.03470 Y31.55490
X42.03470 Y31.54220
X42.02200 Y31.54220
X42.02200 Y31.52950
X42.00930 Y31.52950
X42.00930 Y31.51680
X41.99660 Y31.51680
X41.99660 Y31.50410
X41.98390 Y31.50410
X41.98390 Y31.49140
X41.97120 Y31.49140
X41.97120 Y31.47870
X41.95850 Y31.47870
X41.95850 Y31.46600
X41.94580 Y31.46600
X41.94580 Y31.45330
X41.93310 Y31.45330
X41.93310 Y31.44060
X41.92040 Y31.44060
X41.92040 Y31.42790
X41.90770 Y31.42790
X41.90770 Y31.41520
X41.89500 Y31.41520
X41.89500 Y31.40250
X41.88230 Y31.40250
X41.88230 Y31.38980
X41.86960 Y31.38980
X41.86960 Y31.37710
X41.85690 Y31.37710
X41.85690 Y31.36440
X41.84420 Y31.36440
X41.84420 Y31.35170
X41.83150 Y31.35170
X41.83150 Y31.33900
X41.81880 Y31.33900
X41.81880 Y31.31360
X41.80610 Y31.31360
X41.80610 Y31.27550
X41.79340 Y31.27550
X41.79340 Y29.01490
X41.78070 Y29.01490
X41.78070 Y29.00220
X41.76800 Y29.00220
X41.76800 Y28.98950
X41.75530 Y28.98950
X41.75530 Y28.97680
X41.74260 Y28.97680
X41.74260 Y28.96410
X41.72990 Y28.96410
X41.72990 Y28.95140
X41.71720 Y28.95140
X41.71720 Y28.93870
X41.70450 Y28.93870
X41.70450 Y28.92600
X41.69180 Y28.92600
X41.69180 Y28.91330
X41.67910 Y28.91330
X41.67910 Y28.90060
X41.66640 Y28.90060
X41.66640 Y28.88790
X41.65370 Y28.88790
X41.65370 Y28.87520
X41.64100 Y28.87520
X41.64100 Y28.86250
X41.62830 Y28.86250
X41.62830 Y28.84980
X41.61560 Y28.84980
X41.61560 Y28.83710
X41.60290 Y28.83710
X41.60290 Y28.82440
X41.59020 Y28.82440
X41.59020 Y28.81170
X41.57750 Y28.81170
X41.57750 Y28.79900
X41.56480 Y28.79900
X41.56480 Y28.78630
X41.55210 Y28.78630
X41.55210 Y28.77360
X41.53940 Y28.77360
X41.53940 Y28.76090
X41.52670 Y28.76090
X41.52670 Y28.74820
X41.51400 Y28.74820
X41.51400 Y28.73550
X41.50130 Y28.73550
X41.50130 Y28.72280
X41.48860 Y28.72280
X41.48860 Y28.71010
X41.47590 Y28.71010
X41.47590 Y28.69740
X41.46320 Y28.69740
X41.46320 Y28.68470
X41.45050 Y28.68470
X41.45050 Y28.67200
X41.43780 Y28.67200
X41.43780 Y28.65930
X41.42510 Y28.65930
X41.42510 Y28.64660
X41.41240 Y28.64660
X41.41240 Y28.63390
X41.39970 Y28.63390
X41.39970 Y28.62120
X41.38700 Y28.62120
X41.38700 Y28.60850
X41.37430 Y28.60850
X41.37430 Y28.59580
X41.36160 Y28.59580
X41.36160 Y28.58310
X41.34890 Y28.58310
X41.34890 Y28.57040
X41.33620 Y28.57040
X41.33620 Y28.55770
X41.32350 Y28.55770
X41.32350 Y28.54500
X41.31080 Y28.54500
X41.31080 Y28.53230
X41.29810 Y28.53230
X41.29810 Y28.51960
X41.28540 Y28.51960
X41.28540 Y28.50690
X41.27270 Y28.50690
X41.27270 Y28.49420
X41.26000 Y28.49420
X41.26000 Y28.48150
X41.24730 Y28.48150
X41.24730 Y28.46880
X41.23460 Y28.46880
X41.23460 Y28.45610
X41.22190 Y28.45610
X41.22190 Y28.44340
X41.20920 Y28.44340
X41.20920 Y28.43070
X41.19650 Y28.43070
X41.19650 Y28.41800
X41.18380 Y28.41800
X41.18380 Y28.40530
X41.17110 Y28.40530
X41.17110 Y28.39260
X41.15840 Y28.39260
X41.15840 Y28.37990
X41.14570 Y28.37990
X41.14570 Y28.36720
X41.13300 Y28.36720
X41.13300 Y28.35450
X41.12030 Y28.35450
X41.12030 Y28.34180
X41.10760 Y28.34180
X41.10760 Y28.32910
X41.09490 Y28.32910
X41.09490 Y28.31640
X41.08220 Y28.31640
X41.08220 Y28.30370
X41.06950 Y28.30370
X41.06950 Y28.29100
X41.05680 Y28.29100
X41.05680 Y28.27830
X41.04410 Y28.27830
X41.04410 Y28.26560
X41.03140 Y28.26560
X41.03140 Y28.25290
X41.01870 Y28.25290
X41.01870 Y28.24020
X41.00600 Y28.24020
X41.00600 Y28.22750
X40.99330 Y28.22750
X40.99330 Y28.21480
X40.98060 Y28.21480
X40.98060 Y28.20210
X40.96790 Y28.20210
X40.96790 Y28.18940
X40.95520 Y28.18940
X40.95520 Y28.17670
X40.94250 Y28.17670
X40.94250 Y28.16400
X40.92980 Y28.16400
X40.92980 Y28.15130
X40.91710 Y28.15130
X40.91710 Y28.13860
X40.90440 Y28.13860
X40.90440 Y28.12590
X40.89170 Y28.12590
X40.89170 Y28.11320
X40.87900 Y28.11320
X40.87900 Y28.10050
X40.86630 Y28.10050
X40.86630 Y28.08780
X40.85360 Y28.08780
X40.85360 Y28.07510
X40.84090 Y28.07510
X40.84090 Y28.06240
X40.82820 Y28.06240
X40.82820 Y28.04970
X40.81550 Y28.04970
X40.81550 Y28.03700
X40.80280 Y28.03700
X40.80280 Y28.02430
X40.79010 Y28.02430
X40.79010 Y28.01160
X40.77740 Y28.01160
X40.77740 Y27.99890
X40.76470 Y27.99890
X40.76470 Y27.98620
X40.75200 Y27.98620
X40.75200 Y27.97350
X40.73930 Y27.97350
X40.73930 Y27.96080
X40.72660 Y27.96080
X40.72660 Y27.94810
X40.71390 Y27.94810
X40.71390 Y27.93540
X40.70120 Y27.93540
X40.70120 Y27.92270
X40.68850 Y27.92270
X40.68850 Y27.91000
X40.67580 Y27.91000
X40.67580 Y27.89730
X40.66310 Y27.89730
X40.66310 Y27.88460
X40.65040 Y27.88460
X40.65040 Y27.87190
X40.63770 Y27.87190
X40.63770 Y27.85920
X40.62500 Y27.85920
X40.62500 Y27.84650
X40.61230 Y27.84650
X40.61230 Y27.83380
X40.59960 Y27.83380
X40.59960 Y27.82110
X40.58690 Y27.82110
X40.58690 Y27.80840
X40.57420 Y27.80840
X40.57420 Y27.79570
X40.56150 Y27.79570
X40.56150 Y27.78300
X40.54880 Y27.78300
X40.54880 Y27.77030
X40.53610 Y27.77030
X40.53610 Y27.75760
X40.52340 Y27.75760
X40.52340 Y27.74490
X40.51070 Y27.74490
X40.51070 Y27.73220
X40.49800 Y27.73220
X40.49800 Y27.71950
X40.48530 Y27.71950
X40.48530 Y27.70680
X40.47260 Y27.70680
X40.47260 Y27.69410
X40.45990 Y27.69410
X40.45990 Y27.68140
X40.44720 Y27.68140
X40.44720 Y27.66870
X40.43450 Y27.66870
X40.43450 Y27.65600
X40.42180 Y27.65600
X40.42180 Y27.64330
X40.40910 Y27.64330
X40.40910 Y27.63060
X40.39640 Y27.63060
X40.39640 Y27.61790
X40.38370 Y27.61790
X40.38370 Y27.60520
X40.37100 Y27.60520
X40.37100 Y27.59250
X40.35830 Y27.59250
X40.35830 Y27.57980
X40.34560 Y27.57980
X40.34560 Y27.56710
X40.33290 Y27.56710
X40.33290 Y27.55440
X40.32020 Y27.55440
X40.32020 Y27.54170
X40.30750 Y27.54170
X40.30750 Y27.52900
X40.29480 Y27.52900
X40.29480 Y27.51630
X40.28210 Y27.51630
X40.28210 Y27.50360
X40.26940 Y27.50360
X40.26940 Y27.49090
X40.25670 Y27.49090
X40.25670 Y27.47820
X40.24400 Y27.47820
X40.24400 Y27.46550
X40.23130 Y27.46550
X40.23130 Y27.45280
X40.21860 Y27.45280
X40.21860 Y27.44010
X40.20590 Y27.44010
X40.20590 Y27.42740
X40.19320 Y27.42740
X40.19320 Y27.41470
X40.18050 Y27.41470
X40.18050 Y27.40200
X40.16780 Y27.40200
X40.16780 Y27.38930
X40.15510 Y27.38930
X40.15510 Y27.37660
X40.14240 Y27.37660
X40.14240 Y27.36390
X40.12970 Y27.36390
X40.12970 Y27.35120
X40.11700 Y27.35120
X40.11700 Y27.33850
X40.10430 Y27.33850
X40.10430 Y27.32580
X40.09160 Y27.32580
X40.09160 Y27.31310
X40.07890 Y27.31310
X40.07890 Y27.30040
X40.06620 Y27.30040
X40.06620 Y27.28770
X40.05350 Y27.28770
X40.05350 Y27.27500
X40.04080 Y27.27500
X40.04080 Y27.26230
X40.02810 Y27.26230
X40.02810 Y27.24960
X40.01540 Y27.24960
X40.01540 Y27.23690
X40.00270 Y27.23690
X40.00270 Y27.22420
X39.99000 Y27.22420
X39.99000 Y27.21150
X39.97730 Y27.21150
X39.97730 Y27.19880
X39.96460 Y27.19880
X39.96460 Y27.18610
X39.95190 Y27.18610
X39.95190 Y27.17340
X39.93920 Y27.17340
X39.93920 Y27.16070
X39.92650 Y27.16070
X39.92650 Y27.14800
X39.91380 Y27.14800
X39.91380 Y27.13530
X39.90110 Y27.13530
X39.90110 Y27.12260
X39.88840 Y27.12260
X39.88840 Y27.10990
X39.87570 Y27.10990
X39.87570 Y27.09720
X39.86300 Y27.09720
X39.86300 Y27.08450
X39.85030 Y27.08450
X39.85030 Y27.07180
X39.83760 Y27.07180
X39.83760 Y27.05910
X39.82490 Y27.05910
X39.82490 Y27.04640
X39.81220 Y27.04640
X39.81220 Y27.03370
X39.79950 Y27.03370
X39.79950 Y27.02100
X39.78680 Y27.02100
X39.78680 Y27.00830
X39.77410 Y27.00830
X39.77410 Y26.99560
X39.76140 Y26.99560
X39.76140 Y26.98290
X39.74870 Y26.98290
X39.74870 Y26.97020
X39.73600 Y26.97020
X39.73600 Y26.95750
X39.72330 Y26.95750
X39.72330 Y26.94480
X39.71060 Y26.94480
X39.71060 Y26.93210
X39.69790 Y26.93210
X39.69790 Y26.91940
X39.68520 Y26.91940
X39.68520 Y26.90670
X39.67250 Y26.90670
X39.67250 Y26.89400
X39.65980 Y26.89400
X39.65980 Y26.88130
X39.64710 Y26.88130
X39.64710 Y26.86860
X39.63440 Y26.86860
X39.63440 Y26.85590
X39.62170 Y26.85590
X39.62170 Y26.84320
X39.60900 Y26.84320
X39.60900 Y26.83050
X39.59630 Y26.83050
X39.59630 Y26.81780
X39.58360 Y26.81780
X39.58360 Y26.80510
X39.57090 Y26.80510
X39.57090 Y26.79240
X39.55820 Y26.79240
X39.55820 Y26.77970
X39.54550 Y26.77970
X39.54550 Y26.76700
X39.53280 Y26.76700
X39.53280 Y26.75430
X39.52010 Y26.75430
X39.52010 Y26.74160
X39.50740 Y26.74160
X39.50740 Y26.72890
X39.49470 Y26.72890
X39.49470 Y26.71620
X39.48200 Y26.71620
X39.48200 Y26.70350
X39.46930 Y26.70350
X39.46930 Y26.69080
X39.45660 Y26.69080
X39.45660 Y26.67810
X39.44390 Y26.67810
X39.44390 Y26.66540
X39.43120 Y26.66540
X39.43120 Y26.65270
X39.41850 Y26.65270
X39.41850 Y26.64000
X39.40580 Y26.64000
X39.40580 Y26.62730
X39.39310 Y26.62730
X39.39310 Y26.61460
X39.38040 Y26.61460
X39.38040 Y26.60190
X39.36770 Y26.60190
X39.36770 Y26.58920
X39.35500 Y26.58920
X39.35500 Y26.57650
X39.34230 Y26.57650
X39.34230 Y26.56380
X39.32960 Y26.56380
X39.32960 Y26.55110
X39.31690 Y26.55110
X39.31690 Y26.53840
X39.30420 Y26.53840
X39.30420 Y26.52570
X39.29150 Y26.52570
X39.29150 Y26.51300
X39.27880 Y26.51300
X39.27880 Y26.50030
X39.26610 Y26.50030
X39.26610 Y26.48760
X39.25340 Y26.48760
X39.25340 Y26.47490
X39.24070 Y26.47490
X39.24070 Y26.46220
X39.22800 Y26.46220
X39.22800 Y26.44950
X39.21530 Y26.44950
X39.21530 Y26.43680
X39.20260 Y26.43680
X39.20260 Y26.42410
X39.18990 Y26.42410
X39.18990 Y26.41140
X39.17720 Y26.41140
X39.17720 Y26.39870
X39.16450 Y26.39870
X39.16450 Y26.38600
X39.15180 Y26.38600
X39.15180 Y26.37330
X39.13910 Y26.37330
X39.13910 Y26.36060
X39.12640 Y26.36060
X39.12640 Y26.34790
X39.11370 Y26.34790
X39.11370 Y26.33520
X39.10100 Y26.33520
X39.10100 Y26.32250
X39.08830 Y26.32250
X39.08830 Y26.30980
X39.07560 Y26.30980
X39.07560 Y26.29710
X39.06290 Y26.29710
X39.06290 Y26.28440
X39.05020 Y26.28440
X39.05020 Y26.27170
X39.03750 Y26.27170
X39.03750 Y26.25900
X39.02480 Y26.25900
X39.02480 Y26.24630
X39.01210 Y26.24630
X39.01210 Y26.23360
X38.99940 Y26.23360
X38.99940 Y26.22090
X38.98670 Y26.22090
X38.98670 Y26.20820
X38.97400 Y26.20820
X38.97400 Y26.19550
X38.96130 Y26.19550
X38.96130 Y26.18280
X38.94860 Y26.18280
X38.94860 Y26.17010
X38.93590 Y26.17010
X38.93590 Y26.15740
X38.92320 Y26.15740
X38.92320 Y26.14470
X38.91050 Y26.14470
X38.91050 Y26.13200
X38.89780 Y26.13200
X38.89780 Y26.11930
X38.88510 Y26.11930
X38.88510 Y26.10660
X38.87240 Y26.10660
X38.87240 Y26.09390
X38.85970 Y26.09390
X38.85970 Y26.08120
X38.84700 Y26.08120
X38.84700 Y26.06850
X38.83430 Y26.06850
X38.83430 Y26.05580
X38.82160 Y26.05580
X38.82160 Y26.04310
X38.80890 Y26.04310
X38.80890 Y26.03040
X38.79620 Y26.03040
X38.79620 Y26.01770
X38.78350 Y26.01770
X38.78350 Y26.00500
X38.77080 Y26.00500
X38.77080 Y25.99230
X38.75810 Y25.99230
X38.75810 Y25.97960
X38.74540 Y25.97960
X38.74540 Y25.96690
X38.73270 Y25.96690
X38.73270 Y25.95420
X38.72000 Y25.95420
X38.72000 Y25.94150
X38.70730 Y25.94150
X38.70730 Y25.92880
X38.69460 Y25.92880
X38.69460 Y25.91610
X38.68190 Y25.91610
X38.68190 Y25.90340
X38.66920 Y25.90340
X38.66920 Y25.89070
X38.65650 Y25.89070
X38.65650 Y25.87800
X38.64380 Y25.87800
X38.64380 Y25.86530
X38.63110 Y25.86530
X38.63110 Y25.85260
X38.61840 Y25.85260
X38.61840 Y25.83990
X38.60570 Y25.83990
X38.60570 Y25.82720
X38.59300 Y25.82720
X38.59300 Y25.81450
X38.58030 Y25.81450
X38.58030 Y25.80180
X38.56760 Y25.80180
X38.56760 Y25.78910
X38.55490 Y25.78910
X38.55490 Y25.77640
X38.54220 Y25.77640
X38.54220 Y25.76370
X38.52950 Y25.76370
X38.52950 Y25.75100
X38.51680 Y25.75100
X38.51680 Y25.73830
X38.50410 Y25.73830
X38.50410 Y25.72560
X38.49140 Y25.72560
X38.49140 Y25.71290
X38.47870 Y25.71290
X38.47870 Y25.70020
X38.46600 Y25.70020
X38.46600 Y25.68750
X38.45330 Y25.68750
X38.45330 Y25.67480
X38.44060 Y25.67480
X38.44060 Y25.66210
X38.42790 Y25.66210
X38.42790 Y25.64940
X38.41520 Y25.64940
X38.41520 Y25.63670
X38.40250 Y25.63670
X38.40250 Y25.62400
X38.38980 Y25.62400
X38.38980 Y25.61130
X38.37710 Y25.61130
X38.37710 Y25.59860
X38.36440 Y25.59860
X38.36440 Y25.58590
X38.35170 Y25.58590
X38.35170 Y25.57320
X38.33900 Y25.57320
X38.33900 Y25.56050
X38.32630 Y25.56050
X38.32630 Y25.54780
X38.31360 Y25.54780
X38.31360 Y25.53510
X38.30090 Y25.53510
X38.30090 Y25.52240
X38.28820 Y25.52240
X38.28820 Y25.50970
X38.27550 Y25.50970
X38.27550 Y25.49700
X38.26280 Y25.49700
X38.26280 Y25.48430
X38.25010 Y25.48430
X38.25010 Y25.47160
X38.23740 Y25.47160
X38.23740 Y25.45890
X38.22470 Y25.45890
X38.22470 Y25.44620
X38.21200 Y25.44620
X38.21200 Y25.43350
X38.19930 Y25.43350
X38.19930 Y25.42080
X38.18660 Y25.42080
X38.18660 Y25.40810
X38.17390 Y25.40810
X38.17390 Y25.39540
X38.16120 Y25.39540
X38.16120 Y25.38270
X38.14850 Y25.38270
X38.14850 Y25.37000
X38.13580 Y25.37000
X38.13580 Y25.35730
X38.12310 Y25.35730
X38.12310 Y25.34460
X38.11040 Y25.34460
X38.11040 Y25.33190
X38.09770 Y25.33190
X38.09770 Y25.31920
X38.08500 Y25.31920
X38.08500 Y25.30650
X38.07230 Y25.30650
X38.07230 Y25.29380
X38.05960 Y25.29380
X38.05960 Y25.28110
X38.04690 Y25.28110
X38.04690 Y25.26840
X38.03420 Y25.26840
X38.03420 Y25.25570
X38.02150 Y25.25570
X38.02150 Y25.24300
X38.00880 Y25.24300
X38.00880 Y25.23030
X37.99610 Y25.23030
X37.99610 Y25.21760
X37.98340 Y25.21760
X37.98340 Y25.20490
X37.97070 Y25.20490
X37.97070 Y25.19220
X37.95800 Y25.19220
X37.95800 Y25.17950
X37.94530 Y25.17950
X37.94530 Y25.16680
X37.93260 Y25.16680
X37.93260 Y25.15410
X37.91990 Y25.15410
X37.91990 Y25.14140
X37.90720 Y25.14140
X37.90720 Y25.12870
X37.89450 Y25.12870
X37.89450 Y25.11600
X37.88180 Y25.11600
X37.88180 Y25.10330
X37.86910 Y25.10330
X37.86910 Y25.09060
X37.85640 Y25.09060
X37.85640 Y25.07790
X37.84370 Y25.07790
X37.84370 Y25.06520
X37.83100 Y25.06520
X37.83100 Y25.05250
X37.81830 Y25.05250
X37.81830 Y25.03980
X37.80560 Y25.03980
X37.80560 Y25.02710
X37.79290 Y25.02710
X37.79290 Y25.01440
X37.78020 Y25.01440
X37.78020 Y25.00170
X37.76750 Y25.00170
X37.76750 Y24.98900
X37.75480 Y24.98900
X37.75480 Y24.97630
X37.74210 Y24.97630
X37.74210 Y24.96360
X37.72940 Y24.96360
X37.72940 Y24.95090
X37.71670 Y24.95090
X37.71670 Y24.93820
X37.70400 Y24.93820
X37.70400 Y24.92550
X37.69130 Y24.92550
X37.69130 Y24.91280
X37.67860 Y24.91280
X37.67860 Y24.90010
X37.66590 Y24.90010
X37.66590 Y24.88740
X37.65320 Y24.88740
X37.65320 Y24.87470
X37.64050 Y24.87470
X37.64050 Y24.86200
X37.62780 Y24.86200
X37.62780 Y24.84930
X37.61510 Y24.84930
X37.61510 Y24.83660
X37.60240 Y24.83660
X37.60240 Y24.82390
X37.58970 Y24.82390
X37.58970 Y24.81120
X37.57700 Y24.81120
X37.57700 Y24.79850
X37.56430 Y24.79850
X37.56430 Y24.78580
X37.55160 Y24.78580
X37.55160 Y24.77310
X37.53890 Y24.77310
X37.53890 Y24.76040
X37.52620 Y24.76040
X37.52620 Y24.74770
X37.51350 Y24.74770
X37.51350 Y24.73500
X37.50080 Y24.73500
X37.50080 Y24.72230
X37.48810 Y24.72230
X37.48810 Y24.70960
X37.47540 Y24.70960
X37.47540 Y24.69690
X37.46270 Y24.69690
X37.46270 Y24.68420
X37.45000 Y24.68420
X37.45000 Y24.67150
X37.43730 Y24.67150
X37.43730 Y24.65880
X37.42460 Y24.65880
X37.42460 Y24.64610
X37.41190 Y24.64610
X37.41190 Y24.63340
X37.39920 Y24.63340
X37.39920 Y24.62070
X37.38650 Y24.62070
X37.38650 Y24.60800
X37.37380 Y24.60800
X37.37380 Y24.59530
X37.36110 Y24.59530
X37.36110 Y24.58260
X37.34840 Y24.58260
X37.34840 Y24.56990
X37.33570 Y24.56990
X37.33570 Y24.55720
X37.32300 Y24.55720
X37.32300 Y24.54450
X37.31030 Y24.54450
X37.31030 Y24.53180
X37.29760 Y24.53180
X37.29760 Y24.51910
X37.28490 Y24.51910
X37.28490 Y24.50640
X37.27220 Y24.50640
X37.27220 Y24.49370
X37.25950 Y24.49370
X37.25950 Y24.48100
X37.24680 Y24.48100
X37.24680 Y24.46830
X37.23410 Y24.46830
X37.23410 Y24.45560
X37.22140 Y24.45560
X37.22140 Y24.44290
X37.20870 Y24.44290
X37.20870 Y24.43020
X37.19600 Y24.43020
X37.19600 Y24.41750
X37.18330 Y24.41750
X37.18330 Y24.40480
X37.17060 Y24.40480
X37.17060 Y24.39210
X37.15790 Y24.39210
X37.15790 Y24.37940
X37.14520 Y24.37940
X37.14520 Y24.36670
X37.13250 Y24.36670
X37.13250 Y24.35400
X37.11980 Y24.35400
X37.11980 Y24.34130
X37.10710 Y24.34130
X37.10710 Y24.32860
X37.09440 Y24.32860
X37.09440 Y24.31590
X37.08170 Y24.31590
X37.08170 Y24.30320
X37.06900 Y24.30320
X37.06900 Y24.29050
X37.05630 Y24.29050
X37.05630 Y24.27780
X37.04360 Y24.27780
X37.04360 Y24.26510
X37.03090 Y24.26510
X37.03090 Y24.25240
X37.01820 Y24.25240
X37.01820 Y24.23970
X37.00550 Y24.23970
X37.00550 Y24.22700
X36.99280 Y24.22700
X36.99280 Y24.21430
X36.98010 Y24.21430
X36.98010 Y24.20160
X36.96740 Y24.20160
X36.96740 Y24.18890
X36.95470 Y24.18890
X36.95470 Y24.17620
X36.94200 Y24.17620
X36.94200 Y24.16350
X36.92930 Y24.16350
X36.92930 Y24.15080
X36.91660 Y24.15080
X36.91660 Y24.13810
X36.90390 Y24.13810
X36.90390 Y24.12540
X36.89120 Y24.12540
X36.89120 Y24.11270
X36.87850 Y24.11270
X36.87850 Y24.10000
X36.86580 Y24.10000
X36.86580 Y24.08730
X36.85310 Y24.08730
X36.85310 Y24.07460
X36.84040 Y24.07460
X36.84040 Y24.06190
X36.82770 Y24.06190
X36.82770 Y24.04920
X36.81500 Y24.04920
X36.81500 Y24.03650
X36.80230 Y24.03650
X36.80230 Y24.02380
X36.78960 Y24.02380
X36.78960 Y24.01110
X36.77690 Y24.01110
X36.77690 Y23.99840
X36.76420 Y23.99840
X36.76420 Y23.98570
X36.75150 Y23.98570
X36.75150 Y23.97300
X36.73880 Y23.97300
X36.73880 Y23.96030
X36.72610 Y23.96030
X36.72610 Y23.94760
X36.71340 Y23.94760
X36.71340 Y23.93490
X36.70070 Y23.93490
X36.70070 Y23.92220
X36.68800 Y23.92220
X36.68800 Y23.90950
X36.67530 Y23.90950
X36.67530 Y23.89680
X36.66260 Y23.89680
X36.66260 Y23.88410
X36.64990 Y23.88410
X36.64990 Y23.87140
X36.63720 Y23.87140
X36.63720 Y23.85870
X36.62450 Y23.85870
X36.62450 Y23.84600
X36.61180 Y23.84600
X36.61180 Y23.83330
X36.59910 Y23.83330
X36.59910 Y23.82060
X36.58640 Y23.82060
X36.58640 Y23.80790
X36.57370 Y23.80790
X36.57370 Y23.79520
X36.56100 Y23.79520
X36.56100 Y23.78250
X36.54830 Y23.78250
X36.54830 Y23.76980
X36.53560 Y23.76980
X36.53560 Y23.75710
X36.52290 Y23.75710
X36.52290 Y23.74440
X36.51020 Y23.74440
X36.51020 Y23.73170
X36.49750 Y23.73170
X36.49750 Y23.71900
X36.48480 Y23.71900
X36.48480 Y23.70630
X36.47210 Y23.70630
X36.47210 Y23.69360
X36.45940 Y23.69360
X36.45940 Y23.68090
X36.44670 Y23.68090
X36.44670 Y23.66820
X36.43400 Y23.66820
X36.43400 Y23.65550
X36.42130 Y23.65550
X36.42130 Y23.64280
X36.40860 Y23.64280
X36.40860 Y23.63010
X36.39590 Y23.63010
X36.39590 Y23.61740
X36.38320 Y23.61740
X36.38320 Y23.60470
X36.37050 Y23.60470
X36.37050 Y23.59200
X36.35780 Y23.59200
X36.35780 Y23.57930
X36.34510 Y23.57930
X36.34510 Y23.56660
X36.33240 Y23.56660
X36.33240 Y23.55390
X36.31970 Y23.55390
X36.31970 Y23.54120
X36.30700 Y23.54120
X36.30700 Y23.52850
X36.20540 Y23.52850
X36.20540 Y23.54120
X35.88790 Y23.54120
X35.88790 Y23.52850
X35.78630 Y23.52850
X35.78630 Y23.51580
X35.74820 Y23.51580
X35.74820 Y23.50310
X35.71010 Y23.50310
X35.71010 Y23.49040
X35.65930 Y23.49040
X35.65930 Y23.47770
X35.63390 Y23.47770
X35.63390 Y23.46500
X35.60850 Y23.46500
X35.60850 Y23.45230
X35.59580 Y23.45230
X35.59580 Y23.43960
X35.57040 Y23.43960
X35.57040 Y23.42690
X35.54500 Y23.42690
X35.54500 Y23.41420
X35.51960 Y23.41420
X35.51960 Y23.40150
X35.50690 Y23.40150
X35.50690 Y23.38880
X35.49420 Y23.38880
X35.49420 Y23.37610
X35.48150 Y23.37610
X35.48150 Y23.36340
X35.46880 Y23.36340
X35.46880 Y23.35070
X35.44340 Y23.35070
X35.44340 Y23.33800
X35.43070 Y23.33800
X35.43070 Y23.32530
X35.41800 Y23.32530
X35.41800 Y23.31260
X35.40530 Y23.31260
X35.40530 Y23.29990
X35.39260 Y23.29990
X35.39260 Y23.27450
X35.37990 Y23.27450
X35.37990 Y23.26180
X35.36720 Y23.26180
X35.36720 Y23.24910
X35.35450 Y23.24910
X35.35450 Y23.23640
X35.34180 Y23.23640
X35.34180 Y23.22370
X35.32910 Y23.22370
X35.32910 Y23.19830
X35.31640 Y23.19830
X35.31640 Y23.17290
X35.30370 Y23.17290
X35.30370 Y23.14750
X35.29100 Y23.14750
X35.29100 Y23.13480
X35.27830 Y23.13480
X35.27830 Y23.10940
X35.26560 Y23.10940
X35.26560 Y23.08400
X35.25290 Y23.08400
X35.25290 Y23.03320
X35.24020 Y23.03320
X35.24020 Y22.99510
X35.22750 Y22.99510
X35.22750 Y22.95700
X35.21480 Y22.95700
X35.21480 Y22.85540
X35.20210 Y22.85540
X35.20210 Y22.53790
X35.21480 Y22.53790
X35.21480 Y22.43630
X35.22750 Y22.43630
X35.22750 Y22.39820
X35.24020 Y22.39820
X35.24020 Y22.36010
X35.25290 Y22.36010
X35.25290 Y22.30930
X35.26560 Y22.30930
X35.26560 Y22.28390
X35.27830 Y22.28390
X35.27830 Y22.25850
X35.29100 Y22.25850
X35.29100 Y22.24580
X35.30370 Y22.24580
X35.30370 Y22.22040
X35.31640 Y22.22040
X35.31640 Y22.19500
X35.32910 Y22.19500
X35.32910 Y22.16960
X35.34180 Y22.16960
X35.34180 Y22.15690
X35.35450 Y22.15690
X35.35450 Y22.14420
X35.36720 Y22.14420
X35.36720 Y22.13150
X35.37990 Y22.13150
X35.37990 Y22.11880
X35.39260 Y22.11880
X35.39260 Y22.09340
X35.40530 Y22.09340
X35.40530 Y22.08070
X35.41800 Y22.08070
X35.41800 Y22.06800
X35.43070 Y22.06800
X35.43070 Y22.05530
X35.44340 Y22.05530
X35.44340 Y22.04260
X35.46880 Y22.04260
X35.46880 Y22.02990
X35.48150 Y22.02990
X35.48150 Y22.01720
X35.49420 Y22.01720
X35.49420 Y22.00450
X35.50690 Y22.00450
X35.50690 Y21.99180
X35.51960 Y21.99180
X35.51960 Y21.97910
X35.54500 Y21.97910
X35.54500 Y21.96640
X35.57040 Y21.96640
X35.57040 Y21.95370
X35.59580 Y21.95370
X35.59580 Y21.94100
X35.60850 Y21.94100
X35.60850 Y21.92830
X35.63390 Y21.92830
X35.63390 Y21.91560
X35.65930 Y21.91560
X35.65930 Y21.90290
X35.71010 Y21.90290
X35.71010 Y21.89020
X35.74820 Y21.89020
X35.74820 Y21.87750
X35.78630 Y21.87750
X35.78630 Y21.86480
X35.87520 Y21.86480
X35.87520 Y21.85210
X36.21810 Y21.85210
X36.21810 Y21.86480
X36.30700 Y21.86480
X36.30700 Y21.87750
X36.34510 Y21.87750
X36.34510 Y21.89020
X36.39590 Y21.89020
X36.39590 Y21.90290
X36.43400 Y21.90290
X36.43400 Y21.91560
X36.45940 Y21.91560
X36.45940 Y21.92830
X36.48480 Y21.92830
X36.48480 Y21.94100
X36.49750 Y21.94100
X36.49750 Y21.95370
X36.52290 Y21.95370
X36.52290 Y21.96640
X36.54830 Y21.96640
X36.54830 Y21.97910
X36.57370 Y21.97910
X36.57370 Y21.99180
X36.58640 Y21.99180
X36.58640 Y22.00450
X36.59910 Y22.00450
X36.59910 Y22.01720
X36.61180 Y22.01720
X36.61180 Y22.02990
X36.62450 Y22.02990
X36.62450 Y22.04260
X36.64990 Y22.04260
X36.64990 Y22.05530
X36.66260 Y22.05530
X36.66260 Y22.06800
X36.67530 Y22.06800
X36.67530 Y22.08070
X36.68800 Y22.08070
X36.68800 Y22.09340
X36.70070 Y22.09340
X36.70070 Y22.11880
X36.71340 Y22.11880
X36.71340 Y22.13150
X36.72610 Y22.13150
X36.72610 Y22.14420
X36.73880 Y22.14420
X36.73880 Y22.15690
X36.75150 Y22.15690
X36.75150 Y22.16960
X36.76420 Y22.16960
X36.76420 Y22.19500
X36.77690 Y22.19500
X36.77690 Y22.22040
X36.78960 Y22.22040
X36.78960 Y22.24580
X36.80230 Y22.24580
X36.80230 Y22.25850
X36.81500 Y22.25850
X36.81500 Y22.28390
X36.82770 Y22.28390
X36.82770 Y22.30930
X36.84040 Y22.30930
X36.84040 Y22.34740
X36.85310 Y22.34740
X36.85310 Y22.39820
X36.86580 Y22.39820
X36.86580 Y22.43630
X36.87850 Y22.43630
X36.87850 Y22.52520
X36.89120 Y22.52520
X36.89120 Y22.86810
X36.87850 Y22.86810
X36.87850 Y22.95700
X36.86580 Y22.95700
X36.86580 Y22.99510
X36.85310 Y22.99510
X36.85310 Y23.04590
X36.84040 Y23.04590
X36.84040 Y23.08400
X36.82770 Y23.08400
X36.82770 Y23.10940
X36.81500 Y23.10940
X36.81500 Y23.13480
X36.80230 Y23.13480
X36.80230 Y23.14750
X36.78960 Y23.14750
X36.78960 Y23.17290
X36.77690 Y23.17290
X36.77690 Y23.19830
X36.77690 Y23.19830
X36.77690 Y23.21100
X36.78960 Y23.21100
X36.78960 Y23.22370
X36.80230 Y23.22370
X36.80230 Y23.23640
X36.81500 Y23.23640
X36.81500 Y23.24910
X36.82770 Y23.24910
X36.82770 Y23.26180
X36.84040 Y23.26180
X36.84040 Y23.27450
X36.85310 Y23.27450
X36.85310 Y23.28720
X36.86580 Y23.28720
X36.86580 Y23.29990
X36.87850 Y23.29990
X36.87850 Y23.31260
X36.89120 Y23.31260
X36.89120 Y23.32530
X36.90390 Y23.32530
X36.90390 Y23.33800
X36.91660 Y23.33800
X36.91660 Y23.35070
X36.92930 Y23.35070
X36.92930 Y23.36340
X36.94200 Y23.36340
X36.94200 Y23.37610
X36.95470 Y23.37610
X36.95470 Y23.38880
X36.96740 Y23.38880
X36.96740 Y23.40150
X36.98010 Y23.40150
X36.98010 Y23.41420
X36.99280 Y23.41420
X36.99280 Y23.42690
X37.00550 Y23.42690
X37.00550 Y23.43960
X37.01820 Y23.43960
X37.01820 Y23.45230
X37.03090 Y23.45230
X37.03090 Y23.46500
X37.04360 Y23.46500
X37.04360 Y23.47770
X37.05630 Y23.47770
X37.05630 Y23.49040
X37.06900 Y23.49040
X37.06900 Y23.50310
X37.08170 Y23.50310
X37.08170 Y23.51580
X37.09440 Y23.51580
X37.09440 Y23.52850
X37.10710 Y23.52850
X37.10710 Y23.54120
X37.11980 Y23.54120
X37.11980 Y23.55390
X37.13250 Y23.55390
X37.13250 Y23.56660
X37.14520 Y23.56660
X37.14520 Y23.57930
X37.15790 Y23.57930
X37.15790 Y23.59200
X37.17060 Y23.59200
X37.17060 Y23.60470
X37.18330 Y23.60470
X37.18330 Y23.61740
X37.19600 Y23.61740
X37.19600 Y23.63010
X37.20870 Y23.63010
X37.20870 Y23.64280
X37.22140 Y23.64280
X37.22140 Y23.65550
X37.23410 Y23.65550
X37.23410 Y23.66820
X37.24680 Y23.66820
X37.24680 Y23.68090
X37.25950 Y23.68090
X37.25950 Y23.69360
X37.27220 Y23.69360
X37.27220 Y23.70630
X37.28490 Y23.70630
X37.28490 Y23.71900
X37.29760 Y23.71900
X37.29760 Y23.73170
X37.31030 Y23.73170
X37.31030 Y23.74440
X37.32300 Y23.74440
X37.32300 Y23.75710
X37.33570 Y23.75710
X37.33570 Y23.76980
X37.34840 Y23.76980
X37.34840 Y23.78250
X37.36110 Y23.78250
X37.36110 Y23.79520
X37.37380 Y23.79520
X37.37380 Y23.80790
X37.38650 Y23.80790
X37.38650 Y23.82060
X37.39920 Y23.82060
X37.39920 Y23.83330
X37.41190 Y23.83330
X37.41190 Y23.84600
X37.42460 Y23.84600
X37.42460 Y23.85870
X37.43730 Y23.85870
X37.43730 Y23.87140
X37.45000 Y23.87140
X37.45000 Y23.88410
X37.46270 Y23.88410
X37.46270 Y23.89680
X37.47540 Y23.89680
X37.47540 Y23.90950
X37.48810 Y23.90950
X37.48810 Y23.92220
X37.50080 Y23.92220
X37.50080 Y23.93490
X37.51350 Y23.93490
X37.51350 Y23.94760
X37.52620 Y23.94760
X37.52620 Y23.96030
X37.53890 Y23.96030
X37.53890 Y23.97300
X37.55160 Y23.97300
X37.55160 Y23.98570
X37.56430 Y23.98570
X37.56430 Y23.99840
X37.57700 Y23.99840
X37.57700 Y24.01110
X37.58970 Y24.01110
X37.58970 Y24.02380
X37.60240 Y24.02380
X37.60240 Y24.03650
X37.61510 Y24.03650
X37.61510 Y24.04920
X37.62780 Y24.04920
X37.62780 Y24.06190
X37.64050 Y24.06190
X37.64050 Y24.07460
X37.65320 Y24.07460
X37.65320 Y24.08730
X37.66590 Y24.08730
X37.66590 Y24.10000
X37.67860 Y24.10000
X37.67860 Y24.11270
X37.69130 Y24.11270
X37.69130 Y24.12540
X37.70400 Y24.12540
X37.70400 Y24.13810
X37.71670 Y24.13810
X37.71670 Y24.15080
X37.72940 Y24.15080
X37.72940 Y24.16350
X37.74210 Y24.16350
X37.74210 Y24.17620
X37.75480 Y24.17620
X37.75480 Y24.18890
X37.76750 Y24.18890
X37.76750 Y24.20160
X37.78020 Y24.20160
X37.78020 Y24.21430
X37.79290 Y24.21430
X37.79290 Y24.22700
X37.80560 Y24.22700
X37.80560 Y24.23970
X37.81830 Y24.23970
X37.81830 Y24.25240
X37.83100 Y24.25240
X37.83100 Y24.26510
X37.84370 Y24.26510
X37.84370 Y24.27780
X37.85640 Y24.27780
X37.85640 Y24.29050
X37.86910 Y24.29050
X37.86910 Y24.30320
X37.88180 Y24.30320
X37.88180 Y24.31590
X37.89450 Y24.31590
X37.89450 Y24.32860
X37.90720 Y24.32860
X37.90720 Y24.34130
X37.91990 Y24.34130
X37.91990 Y24.35400
X37.93260 Y24.35400
X37.93260 Y24.36670
X37.94530 Y24.36670
X37.94530 Y24.37940
X37.95800 Y24.37940
X37.95800 Y24.39210
X37.97070 Y24.39210
X37.97070 Y24.40480
X37.98340 Y24.40480
X37.98340 Y24.41750
X37.99610 Y24.41750
X37.99610 Y24.43020
X38.00880 Y24.43020
X38.00880 Y24.44290
X38.02150 Y24.44290
X38.02150 Y24.45560
X38.03420 Y24.45560
X38.03420 Y24.46830
X38.04690 Y24.46830
X38.04690 Y24.48100
X38.05960 Y24.48100
X38.05960 Y24.49370
X38.07230 Y24.49370
X38.07230 Y24.50640
X38.08500 Y24.50640
X38.08500 Y24.51910
X38.09770 Y24.51910
X38.09770 Y24.53180
X38.11040 Y24.53180
X38.11040 Y24.54450
X38.12310 Y24.54450
X38.12310 Y24.55720
X38.13580 Y24.55720
X38.13580 Y24.56990
X38.14850 Y24.56990
X38.14850 Y24.58260
X38.16120 Y24.58260
X38.16120 Y24.59530
X38.17390 Y24.59530
X38.17390 Y24.60800
X38.18660 Y24.60800
X38.18660 Y24.62070
X38.19930 Y24.62070
X38.19930 Y24.63340
X38.21200 Y24.63340
X38.21200 Y24.64610
X38.22470 Y24.64610
X38.22470 Y24.65880
X38.23740 Y24.65880
X38.23740 Y24.67150
X38.25010 Y24.67150
X38.25010 Y24.68420
X38.26280 Y24.68420
X38.26280 Y24.69690
X38.27550 Y24.69690
X38.27550 Y24.70960
X38.28820 Y24.70960
X38.28820 Y24.72230
X38.30090 Y24.72230
X38.30090 Y24.73500
X38.31360 Y24.73500
X38.31360 Y24.74770
X38.32630 Y24.74770
X38.32630 Y24.76040
X38.33900 Y24.76040
X38.33900 Y24.77310
X38.35170 Y24.77310
X38.35170 Y24.78580
X38.36440 Y24.78580
X38.36440 Y24.79850
X38.37710 Y24.79850
X38.37710 Y24.81120
X38.38980 Y24.81120
X38.38980 Y24.82390
X38.40250 Y24.82390
X38.40250 Y24.83660
X38.41520 Y24.83660
X38.41520 Y24.84930
X38.42790 Y24.84930
X38.42790 Y24.86200
X38.44060 Y24.86200
X38.44060 Y24.87470
X38.45330 Y24.87470
X38.45330 Y24.88740
X38.46600 Y24.88740
X38.46600 Y24.90010
X38.47870 Y24.90010
X38.47870 Y24.91280
X38.49140 Y24.91280
X38.49140 Y24.92550
X38.50410 Y24.92550
X38.50410 Y24.93820
X38.51680 Y24.93820
X38.51680 Y24.95090
X38.52950 Y24.95090
X38.52950 Y24.96360
X38.54220 Y24.96360
X38.54220 Y24.97630
X38.55490 Y24.97630
X38.55490 Y24.98900
X38.56760 Y24.98900
X38.56760 Y25.00170
X38.58030 Y25.00170
X38.58030 Y25.01440
X38.59300 Y25.01440
X38.59300 Y25.02710
X38.60570 Y25.02710
X38.60570 Y25.03980
X38.61840 Y25.03980
X38.61840 Y25.05250
X38.63110 Y25.05250
X38.63110 Y25.06520
X38.64380 Y25.06520
X38.64380 Y25.07790
X38.65650 Y25.07790
X38.65650 Y25.09060
X38.66920 Y25.09060
X38.66920 Y25.10330
X38.68190 Y25.10330
X38.68190 Y25.11600
X38.69460 Y25.11600
X38.69460 Y25.12870
X38.70730 Y25.12870
X38.70730 Y25.14140
X38.72000 Y25.14140
X38.72000 Y25.15410
X38.73270 Y25.15410
X38.73270 Y25.16680
X38.74540 Y25.16680
X38.74540 Y25.17950
X38.75810 Y25.17950
X38.75810 Y25.19220
X38.77080 Y25.19220
X38.77080 Y25.20490
X38.78350 Y25.20490
X38.78350 Y25.21760
X38.79620 Y25.21760
X38.79620 Y25.23030
X38.80890 Y25.23030
X38.80890 Y25.24300
X38.82160 Y25.24300
X38.82160 Y25.25570
X38.83430 Y25.25570
X38.83430 Y25.26840
X38.84700 Y25.26840
X38.84700 Y25.28110
X38.85970 Y25.28110
X38.85970 Y25.29380
X38.87240 Y25.29380
X38.87240 Y25.30650
X38.88510 Y25.30650
X38.88510 Y25.31920
X38.89780 Y25.31920
X38.89780 Y25.33190
X38.91050 Y25.33190
X38.91050 Y25.34460
X38.92320 Y25.34460
X38.92320 Y25.35730
X38.93590 Y25.35730
X38.93590 Y25.37000
X38.94860 Y25.37000
X38.94860 Y25.38270
X38.96130 Y25.38270
X38.96130 Y25.39540
X38.97400 Y25.39540
X38.97400 Y25.40810
X38.98670 Y25.40810
X38.98670 Y25.42080
X38.99940 Y25.42080
X38.99940 Y25.43350
X39.01210 Y25.43350
X39.01210 Y25.44620
X39.02480 Y25.44620
X39.02480 Y25.45890
X39.03750 Y25.45890
X39.03750 Y25.47160
X39.05020 Y25.47160
X39.05020 Y25.48430
X39.06290 Y25.48430
X39.06290 Y25.49700
X39.07560 Y25.49700
X39.07560 Y25.50970
X39.08830 Y25.50970
X39.08830 Y25.52240
X39.10100 Y25.52240
X39.10100 Y25.53510
X39.11370 Y25.53510
X39.11370 Y25.54780
X39.12640 Y25.54780
X39.12640 Y25.56050
X39.13910 Y25.56050
X39.13910 Y25.57320
X39.15180 Y25.57320
X39.15180 Y25.58590
X39.16450 Y25.58590
X39.16450 Y25.59860
X39.17720 Y25.59860
X39.17720 Y25.61130
X39.18990 Y25.61130
X39.18990 Y25.62400
X39.20260 Y25.62400
X39.20260 Y25.63670
X39.21530 Y25.63670
X39.21530 Y25.64940
X39.22800 Y25.64940
X39.22800 Y25.66210
X39.24070 Y25.66210
X39.24070 Y25.67480
X39.25340 Y25.67480
X39.25340 Y25.68750
X39.26610 Y25.68750
X39.26610 Y25.70020
X39.27880 Y25.70020
X39.27880 Y25.71290
X39.29150 Y25.71290
X39.29150 Y25.72560
X39.30420 Y25.72560
X39.30420 Y25.73830
X39.31690 Y25.73830
X39.31690 Y25.75100
X39.32960 Y25.75100
X39.32960 Y25.76370
X39.34230 Y25.76370
X39.34230 Y25.77640
X39.35500 Y25.77640
X39.35500 Y25.78910
X39.36770 Y25.78910
X39.36770 Y25.80180
X39.38040 Y25.80180
X39.38040 Y25.81450
X39.39310 Y25.81450
X39.39310 Y25.82720
X39.40580 Y25.82720
X39.40580 Y25.83990
X39.41850 Y25.83990
X39.41850 Y25.85260
X39.43120 Y25.85260
X39.43120 Y25.86530
X39.44390 Y25.86530
X39.44390 Y25.87800
X39.45660 Y25.87800
X39.45660 Y25.89070
X39.46930 Y25.89070
X39.46930 Y25.90340
X39.48200 Y25.90340
X39.48200 Y25.91610
X39.49470 Y25.91610
X39.49470 Y25.92880
X39.50740 Y25.92880
X39.50740 Y25.94150
X39.52010 Y25.94150
X39.52010 Y25.95420
X39.53280 Y25.95420
X39.53280 Y25.96690
X39.54550 Y25.96690
X39.54550 Y25.97960
X39.55820 Y25.97960
X39.55820 Y25.99230
X39.57090 Y25.99230
X39.57090 Y26.00500
X39.58360 Y26.00500
X39.58360 Y26.01770
X39.59630 Y26.01770
X39.59630 Y26.03040
X39.60900 Y26.03040
X39.60900 Y26.04310
X39.62170 Y26.04310
X39.62170 Y26.05580
X39.63440 Y26.05580
X39.63440 Y26.06850
X39.64710 Y26.06850
X39.64710 Y26.08120
X39.65980 Y26.08120
X39.65980 Y26.09390
X39.67250 Y26.09390
X39.67250 Y26.10660
X39.68520 Y26.10660
X39.68520 Y26.11930
X39.69790 Y26.11930
X39.69790 Y26.13200
X39.71060 Y26.13200
X39.71060 Y26.14470
X39.72330 Y26.14470
X39.72330 Y26.15740
X39.73600 Y26.15740
X39.73600 Y26.17010
X39.74870 Y26.17010
X39.74870 Y26.18280
X39.76140 Y26.18280
X39.76140 Y26.19550
X39.77410 Y26.19550
X39.77410 Y26.20820
X39.78680 Y26.20820
X39.78680 Y26.22090
X39.79950 Y26.22090
X39.79950 Y26.23360
X39.81220 Y26.23360
X39.81220 Y26.24630
X39.82490 Y26.24630
X39.82490 Y26.25900
X39.83760 Y26.25900
X39.83760 Y26.27170
X39.85030 Y26.27170
X39.85030 Y26.28440
X39.86300 Y26.28440
X39.86300 Y26.29710
X39.87570 Y26.29710
X39.87570 Y26.30980
X39.88840 Y26.30980
X39.88840 Y26.32250
X39.90110 Y26.32250
X39.90110 Y26.33520
X39.91380 Y26.33520
X39.91380 Y26.34790
X39.92650 Y26.34790
X39.92650 Y26.36060
X39.93920 Y26.36060
X39.93920 Y26.37330
X39.95190 Y26.37330
X39.95190 Y26.38600
X39.96460 Y26.38600
X39.96460 Y26.39870
X39.97730 Y26.39870
X39.97730 Y26.41140
X39.99000 Y26.41140
X39.99000 Y26.42410
X40.00270 Y26.42410
X40.00270 Y26.43680
X40.01540 Y26.43680
X40.01540 Y26.44950
X40.02810 Y26.44950
X40.02810 Y26.46220
X40.04080 Y26.46220
X40.04080 Y26.47490
X40.05350 Y26.47490
X40.05350 Y26.48760
X40.06620 Y26.48760
X40.06620 Y26.50030
X40.07890 Y26.50030
X40.07890 Y26.51300
X40.09160 Y26.51300
X40.09160 Y26.52570
X40.10430 Y26.52570
X40.10430 Y26.53840
X40.11700 Y26.53840
X40.11700 Y26.55110
X40.12970 Y26.55110
X40.12970 Y26.56380
X40.14240 Y26.56380
X40.14240 Y26.57650
X40.15510 Y26.57650
X40.15510 Y26.58920
X40.16780 Y26.58920
X40.16780 Y26.60190
X40.18050 Y26.60190
X40.18050 Y26.61460
X40.19320 Y26.61460
X40.19320 Y26.62730
X40.20590 Y26.62730
X40.20590 Y26.64000
X40.21860 Y26.64000
X40.21860 Y26.65270
X40.23130 Y26.65270
X40.23130 Y26.66540
X40.24400 Y26.66540
X40.24400 Y26.67810
X40.25670 Y26.67810
X40.25670 Y26.69080
X40.26940 Y26.69080
X40.26940 Y26.70350
X40.28210 Y26.70350
X40.28210 Y26.71620
X40.29480 Y26.71620
X40.29480 Y26.72890
X40.30750 Y26.72890
X40.30750 Y26.74160
X40.32020 Y26.74160
X40.32020 Y26.75430
X40.33290 Y26.75430
X40.33290 Y26.76700
X40.34560 Y26.76700
X40.34560 Y26.77970
X40.35830 Y26.77970
X40.35830 Y26.79240
X40.37100 Y26.79240
X40.37100 Y26.80510
X40.38370 Y26.80510
X40.38370 Y26.81780
X40.39640 Y26.81780
X40.39640 Y26.83050
X40.40910 Y26.83050
X40.40910 Y26.84320
X40.42180 Y26.84320
X40.42180 Y26.85590
X40.43450 Y26.85590
X40.43450 Y26.86860
X40.44720 Y26.86860
X40.44720 Y26.88130
X40.45990 Y26.88130
X40.45990 Y26.89400
X40.47260 Y26.89400
X40.47260 Y26.90670
X40.48530 Y26.90670
X40.48530 Y26.91940
X40.49800 Y26.91940
X40.49800 Y26.93210
X40.51070 Y26.93210
X40.51070 Y26.94480
X40.52340 Y26.94480
X40.52340 Y26.95750
X40.53610 Y26.95750
X40.53610 Y26.97020
X40.54880 Y26.97020
X40.54880 Y26.98290
X40.56150 Y26.98290
X40.56150 Y26.99560
X40.57420 Y26.99560
X40.57420 Y27.00830
X40.58690 Y27.00830
X40.58690 Y27.02100
X40.59960 Y27.02100
X40.59960 Y27.03370
X40.61230 Y27.03370
X40.61230 Y27.04640
X40.62500 Y27.04640
X40.62500 Y27.05910
X40.63770 Y27.05910
X40.63770 Y27.07180
X40.65040 Y27.07180
X40.65040 Y27.08450
X40.66310 Y27.08450
X40.66310 Y27.09720
X40.67580 Y27.09720
X40.67580 Y27.10990
X40.68850 Y27.10990
X40.68850 Y27.12260
X40.70120 Y27.12260
X40.70120 Y27.13530
X40.71390 Y27.13530
X40.71390 Y27.14800
X40.72660 Y27.14800
X40.72660 Y27.16070
X40.73930 Y27.16070
X40.73930 Y27.17340
X40.75200 Y27.17340
X40.75200 Y27.18610
X40.76470 Y27.18610
X40.76470 Y27.19880
X40.77740 Y27.19880
X40.77740 Y27.21150
X40.79010 Y27.21150
X40.79010 Y27.22420
X40.80280 Y27.22420
X40.80280 Y27.23690
X40.81550 Y27.23690
X40.81550 Y27.24960
X40.82820 Y27.24960
X40.82820 Y27.26230
X40.84090 Y27.26230
X40.84090 Y27.27500
X40.85360 Y27.27500
X40.85360 Y27.28770
X40.86630 Y27.28770
X40.86630 Y27.30040
X40.87900 Y27.30040
X40.87900 Y27.31310
X40.89170 Y27.31310
X40.89170 Y27.32580
X40.90440 Y27.32580
X40.90440 Y27.33850
X40.91710 Y27.33850
X40.91710 Y27.35120
X40.92980 Y27.35120
X40.92980 Y27.36390
X40.94250 Y27.36390
X40.94250 Y27.37660
X40.95520 Y27.37660
X40.95520 Y27.38930
X40.96790 Y27.38930
X40.96790 Y27.40200
X40.98060 Y27.40200
X40.98060 Y27.41470
X40.99330 Y27.41470
X40.99330 Y27.42740
X41.00600 Y27.42740
X41.00600 Y27.44010
X41.01870 Y27.44010
X41.01870 Y27.45280
X41.03140 Y27.45280
X41.03140 Y27.46550
X41.04410 Y27.46550
X41.04410 Y27.47820
X41.05680 Y27.47820
X41.05680 Y27.49090
X41.06950 Y27.49090
X41.06950 Y27.50360
X41.08220 Y27.50360
X41.08220 Y27.51630
X41.09490 Y27.51630
X41.09490 Y27.52900
X41.10760 Y27.52900
X41.10760 Y27.54170
X41.12030 Y27.54170
X41.12030 Y27.55440
X41.13300 Y27.55440
X41.13300 Y27.56710
X41.14570 Y27.56710
X41.14570 Y27.57980
X41.15840 Y27.57980
X41.15840 Y27.59250
X41.17110 Y27.59250
X41.17110 Y27.60520
X41.18380 Y27.60520
X41.18380 Y27.61790
X41.19650 Y27.61790
X41.19650 Y27.63060
X41.20920 Y27.63060
X41.20920 Y27.64330
X41.22190 Y27.64330
X41.22190 Y27.65600
X41.23460 Y27.65600
X41.23460 Y27.66870
X41.24730 Y27.66870
X41.24730 Y27.68140
X41.26000 Y27.68140
X41.26000 Y27.69410
X41.27270 Y27.69410
X41.27270 Y27.70680
X41.28540 Y27.70680
X41.28540 Y27.71950
X41.29810 Y27.71950
X41.29810 Y27.73220
X41.31080 Y27.73220
X41.31080 Y27.74490
X41.32350 Y27.74490
X41.32350 Y27.75760
X41.33620 Y27.75760
X41.33620 Y27.77030
X41.34890 Y27.77030
X41.34890 Y27.78300
X41.36160 Y27.78300
X41.36160 Y27.79570
X41.37430 Y27.79570
X41.37430 Y27.80840
X41.38700 Y27.80840
X41.38700 Y27.82110
X41.39970 Y27.82110
X41.39970 Y27.83380
X41.41240 Y27.83380
X41.41240 Y27.84650
X41.42510 Y27.84650
X41.42510 Y27.85920
X41.43780 Y27.85920
X41.43780 Y27.87190
X41.45050 Y27.87190
X41.45050 Y27.88460
X41.46320 Y27.88460
X41.46320 Y27.89730
X41.47590 Y27.89730
X41.47590 Y27.91000
X41.48860 Y27.91000
X41.48860 Y27.92270
X41.50130 Y27.92270
X41.50130 Y27.93540
X41.51400 Y27.93540
X41.51400 Y27.94810
X41.52670 Y27.94810
X41.52670 Y27.96080
X41.53940 Y27.96080
X41.53940 Y27.97350
X41.55210 Y27.97350
X41.55210 Y27.98620
X41.56480 Y27.98620
X41.56480 Y27.99890
X41.57750 Y27.99890
X41.57750 Y28.01160
X41.59020 Y28.01160
X41.59020 Y28.02430
X41.60290 Y28.02430
X41.60290 Y28.03700
X41.61560 Y28.03700
X41.61560 Y28.04970
X41.62830 Y28.04970
X41.62830 Y28.06240
X41.64100 Y28.06240
X41.64100 Y28.07510
X41.65370 Y28.07510
X41.65370 Y28.08780
X41.66640 Y28.08780
X41.66640 Y28.10050
X41.67910 Y28.10050
X41.67910 Y28.11320
X41.69180 Y28.11320
X41.69180 Y28.12590
X41.70450 Y28.12590
X41.70450 Y28.13860
X41.71720 Y28.13860
X41.71720 Y28.15130
X41.72990 Y28.15130
X41.72990 Y28.16400
X41.74260 Y28.16400
X41.74260 Y28.17670
X41.75530 Y28.17670
X41.75530 Y28.18940
X41.76800 Y28.18940
X41.76800 Y28.20210
X41.78070 Y28.20210
X41.78070 Y28.21480
X41.79340 Y28.21480
X41.79340 Y28.22750
X41.80610 Y28.22750
X41.80610 Y28.24020
X41.81880 Y28.24020
X41.81880 Y28.25290
X41.83150 Y28.25290
X41.83150 Y28.26560
X41.84420 Y28.26560
X41.84420 Y28.27830
X41.85690 Y28.27830
X41.85690 Y28.29100
X41.86960 Y28.29100
X41.86960 Y28.30370
X41.88230 Y28.30370
X41.88230 Y28.31640
X41.89500 Y28.31640
X41.89500 Y28.32910
X41.90770 Y28.32910
X41.90770 Y28.34180
X41.92040 Y28.34180
X41.92040 Y28.35450
X41.93310 Y28.35450
X41.93310 Y28.36720
X41.94580 Y28.36720
X41.94580 Y28.37990
X41.95850 Y28.37990
X41.95850 Y28.39260
X41.97120 Y28.39260
X41.97120 Y28.40530
X41.98390 Y28.40530
X41.98390 Y28.41800
X41.99660 Y28.41800
X41.99660 Y28.43070
X42.00930 Y28.43070
X42.00930 Y28.44340
X42.02200 Y28.44340
X42.02200 Y28.45610
X42.03470 Y28.45610
X42.03470 Y28.46880
X42.04740 Y28.46880
X42.04740 Y28.48150
X42.06010 Y28.48150
X42.06010 Y28.49420
X42.07280 Y28.49420
X42.07280 Y28.50690
X42.08550 Y28.50690
X42.08550 Y28.51960
X42.09820 Y28.51960
X42.09820 Y28.53230
X42.11090 Y28.53230
X42.11090 Y28.54500
X42.12360 Y28.54500
X42.12360 Y28.55770
X42.13630 Y28.55770
X42.13630 Y28.57040
X42.14900 Y28.57040
X42.14900 Y28.58310
X42.16170 Y28.58310
X42.16170 Y28.59580
X42.17440 Y28.59580
X42.17440 Y28.60850
X42.18710 Y28.60850
X42.18710 Y28.62120
X42.19980 Y28.62120
X42.19980 Y28.63390
X42.21250 Y28.63390
X42.21250 Y28.64660
X42.22520 Y28.64660
X42.22520 Y28.65930
X42.23790 Y28.65930
X42.23790 Y28.67200
X42.25060 Y28.67200
X42.25060 Y28.68470
X42.26330 Y28.68470
X42.26330 Y28.71010
X42.27600 Y28.71010
X42.27600 Y28.73550
X42.28870 Y28.73550
X42.28870 Y31.00880
X42.30140 Y31.00880
X42.30140 Y31.02150
X42.31410 Y31.02150
X42.31410 Y31.03420
X42.32680 Y31.03420
X42.32680 Y31.04690
X42.33950 Y31.04690
X42.33950 Y31.05960
X42.35220 Y31.05960
X42.35220 Y31.07230
X42.36490 Y31.07230
X42.36490 Y31.08500
X42.37760 Y31.08500
X42.37760 Y31.09770
X42.39030 Y31.09770
X42.39030 Y31.11040
X42.40300 Y31.11040
X42.40300 Y31.12310
X42.41570 Y31.12310
X42.41570 Y31.13580
X42.42840 Y31.13580
X42.42840 Y31.14850
X42.44110 Y31.14850
X42.44110 Y31.16120
X42.45380 Y31.16120
X42.45380 Y31.17390
X42.46650 Y31.17390
X42.46650 Y31.18660
X42.47920 Y31.18660
X42.47920 Y31.19930
X42.49190 Y31.19930
X42.49190 Y31.21200
X42.50460 Y31.21200
X42.50460 Y31.22470
X42.51730 Y31.22470
X42.51730 Y31.23740
X42.53000 Y31.23740
X42.53000 Y31.25010
X42.54270 Y31.25010
X42.54270 Y31.26280
X42.55540 Y31.26280
X42.55540 Y31.27550
X42.56810 Y31.27550
X42.56810 Y31.28820
X42.58080 Y31.28820
X42.58080 Y31.30090
X42.59350 Y31.30090
X42.59350 Y31.31360
X42.60620 Y31.31360
X42.60620 Y31.32630
X42.61890 Y31.32630
X42.61890 Y31.33900
X42.63160 Y31.33900
X42.63160 Y31.35170
X42.64430 Y31.35170
X42.64430 Y31.36440
X42.65700 Y31.36440
X42.65700 Y31.37710
X42.66970 Y31.37710
X42.66970 Y31.38980
X42.68240 Y31.38980
X42.68240 Y31.40250
X42.69510 Y31.40250
X42.69510 Y31.41520
X42.70780 Y31.41520
X42.70780 Y31.42790
X42.72050 Y31.42790
X42.72050 Y31.44060
X42.73320 Y31.44060
X42.73320 Y31.45330
X42.74590 Y31.45330
X42.74590 Y31.46600
X42.75860 Y31.46600
X42.75860 Y31.47870
X42.77130 Y31.47870
X42.77130 Y31.49140
X42.78400 Y31.49140
X42.78400 Y31.50410
X42.79670 Y31.50410
X42.79670 Y31.51680
X42.80940 Y31.51680
X42.80940 Y31.52950
X42.82210 Y31.52950
X42.82210 Y31.54220
X42.83480 Y31.54220
X42.83480 Y31.55490
X42.84750 Y31.55490
X42.84750 Y31.56760
X42.86020 Y31.56760
X42.86020 Y31.58030
X42.87290 Y31.58030
X42.87290 Y31.59300
X42.88560 Y31.59300
X42.88560 Y31.60570
X42.89830 Y31.60570
X42.89830 Y31.61840
X42.91100 Y31.61840
X42.91100 Y31.63110
X42.92370 Y31.63110
X42.92370 Y31.64380
X42.93640 Y31.64380
X42.93640 Y31.65650
X42.94910 Y31.65650
X42.94910 Y31.66920
X42.96180 Y31.66920
X42.96180 Y31.68190
X42.97450 Y31.68190
X42.97450 Y31.69460
X42.98720 Y31.69460
X42.98720 Y31.70730
X42.99990 Y31.70730
X42.99990 Y31.72000
X43.01260 Y31.72000
X43.01260 Y31.73270
X43.02530 Y31.73270
X43.02530 Y31.74540
X43.03800 Y31.74540
X43.03800 Y31.75810
X43.05070 Y31.75810
X43.05070 Y31.77080
X43.06340 Y31.77080
X43.06340 Y31.78350
X43.07610 Y31.78350
X43.07610 Y31.79620
X43.08880 Y31.79620
X43.08880 Y31.80890
X43.10150 Y31.80890
X43.10150 Y31.82160
X43.11420 Y31.82160
X43.11420 Y31.83430
X43.12690 Y31.83430
X43.12690 Y31.84700
X43.13960 Y31.84700
X43.13960 Y31.85970
X43.15230 Y31.85970
X43.15230 Y31.87240
X43.16500 Y31.87240
X43.16500 Y31.88510
X43.17770 Y31.88510
X43.17770 Y31.89780
X43.19040 Y31.89780
X43.19040 Y31.91050
X43.20310 Y31.91050
X43.20310 Y31.92320
X43.21580 Y31.92320
X43.21580 Y31.93590
X43.22850 Y31.93590
X43.22850 Y31.94860
X43.24120 Y31.94860
X43.24120 Y31.96130
X43.25390 Y31.96130
X43.25390 Y31.97400
X43.26660 Y31.97400
X43.26660 Y31.98670
X43.27930 Y31.98670
X43.27930 Y31.99940
X43.29200 Y31.99940
X43.29200 Y32.01210
X43.30470 Y32.01210
X43.30470 Y32.02480
X43.31740 Y32.02480
X43.31740 Y32.03750
X43.33010 Y32.03750
X43.33010 Y32.05020
X43.34280 Y32.05020
X43.34280 Y32.06290
X43.35550 Y32.06290
X43.35550 Y32.07560
X43.36820 Y32.07560
X43.36820 Y32.08830
X43.38090 Y32.08830
X43.38090 Y32.10100
X43.39360 Y32.10100
X43.39360 Y32.11370
X43.40630 Y32.11370
X43.40630 Y32.12640
X43.41900 Y32.12640
X43.41900 Y32.13910
X43.43170 Y32.13910
X43.43170 Y32.15180
X43.44440 Y32.15180
X43.44440 Y32.16450
X43.45710 Y32.16450
X43.45710 Y32.17720
X43.46980 Y32.17720
X43.46980 Y32.18990
X43.48250 Y32.18990
X43.48250 Y32.20260
X43.49520 Y32.20260
X43.49520 Y32.21530
X43.50790 Y32.21530
X43.50790 Y32.22800
X43.52060 Y32.22800
X43.52060 Y32.24070
X43.53330 Y32.24070
X43.53330 Y32.25340
X43.54600 Y32.25340
X43.54600 Y32.26610
X43.55870 Y32.26610
X43.55870 Y32.27880
X43.57140 Y32.27880
X43.57140 Y32.29150
X43.58410 Y32.29150
X43.58410 Y32.30420
X43.59680 Y32.30420
X43.59680 Y32.31690
X43.60950 Y32.31690
X43.60950 Y32.32960
X43.62220 Y32.32960
X43.62220 Y32.34230
X43.63490 Y32.34230
X43.63490 Y32.35500
X43.64760 Y32.35500
X43.64760 Y32.36770
X43.66030 Y32.36770
X43.66030 Y32.38040
X43.67300 Y32.38040
X43.67300 Y32.39310
X43.68570 Y32.39310
X43.68570 Y32.40580
X43.69840 Y32.40580
X43.69840 Y32.41850
X43.71110 Y32.41850
X43.71110 Y32.43120
X43.72380 Y32.43120
X43.72380 Y32.44390
X43.73650 Y32.44390
X43.73650 Y32.45660
X43.74920 Y32.45660
X43.74920 Y32.46930
X43.76190 Y32.46930
X43.76190 Y32.49470
X43.77460 Y32.49470
X43.77460 Y32.52010
X43.78730 Y32.52010
X43.78730 Y37.84140
X43.80000 Y37.84140
X43.80000 Y37.85410
X43.81270 Y37.85410
X43.81270 Y37.86680
X43.82540 Y37.86680
X43.82540 Y37.87950
X43.83810 Y37.87950
X43.83810 Y37.89220
X43.85080 Y37.89220
X43.85080 Y37.90490
X43.86350 Y37.90490
X43.86350 Y37.91760
X43.87620 Y37.91760
X43.87620 Y37.93030
X43.88890 Y37.93030
X43.88890 Y37.94300
X43.90160 Y37.94300
X43.90160 Y37.95570
X43.91430 Y37.95570
X43.91430 Y37.96840
X43.92700 Y37.96840
X43.92700 Y37.98110
X43.93970 Y37.98110
X43.93970 Y37.99380
X43.95240 Y37.99380
X43.95240 Y38.00650
X43.96510 Y38.00650
X43.96510 Y38.01920
X43.97780 Y38.01920
X43.97780 Y38.03190
X43.99050 Y38.03190
X43.99050 Y38.04460
X44.00320 Y38.04460
X44.00320 Y38.05730
X44.01590 Y38.05730
X44.01590 Y38.07000
X44.02860 Y38.07000
X44.02860 Y38.08270
X44.04130 Y38.08270
X44.04130 Y38.09540
X44.05400 Y38.09540
X44.05400 Y38.10810
X44.06670 Y38.10810
X44.06670 Y38.12080
X44.07940 Y38.12080
X44.07940 Y38.13350
X44.09210 Y38.13350
X44.09210 Y38.14620
X44.10480 Y38.14620
X44.10480 Y38.15890
X44.11750 Y38.15890
X44.11750 Y38.17160
X44.13020 Y38.17160
X44.13020 Y38.18430
X44.14290 Y38.18430
X44.14290 Y38.19700
X44.15560 Y38.19700
X44.15560 Y38.20970
X44.16830 Y38.20970
X44.16830 Y38.22240
X44.18100 Y38.22240
X44.18100 Y38.23510
X44.19370 Y38.23510
X44.19370 Y38.24780
X44.20640 Y38.24780
X44.20640 Y38.26050
X44.21910 Y38.26050
X44.21910 Y38.27320
X44.23180 Y38.27320
X44.23180 Y38.28590
X44.24450 Y38.28590
X44.24450 Y38.29860
X44.25720 Y38.29860
X44.25720 Y38.31130
X44.26990 Y38.31130
X44.26990 Y38.32400
X44.28260 Y38.32400
X44.28260 Y38.33670
X44.29530 Y38.33670
X44.29530 Y38.34940
X44.30800 Y38.34940
X44.30800 Y38.36210
X44.32070 Y38.36210
X44.32070 Y38.37480
X44.33340 Y38.37480
X44.33340 Y38.38750
X44.34610 Y38.38750
X44.34610 Y38.40020
X44.35880 Y38.40020
X44.35880 Y38.41290
X44.37150 Y38.41290
X44.37150 Y38.42560
X44.38420 Y38.42560
X44.38420 Y38.43830
X44.39690 Y38.43830
X44.39690 Y38.45100
X44.40960 Y38.45100
X44.40960 Y38.46370
X44.42230 Y38.46370
X44.42230 Y38.47640
X44.43500 Y38.47640
X44.43500 Y38.48910
X44.44770 Y38.48910
X44.44770 Y38.50180
X44.46040 Y38.50180
X44.46040 Y38.51450
X44.47310 Y38.51450
X44.47310 Y38.52720
X44.48580 Y38.52720
X44.48580 Y38.53990
X44.49850 Y38.53990
X44.49850 Y38.55260
X44.51120 Y38.55260
X44.51120 Y38.56530
X44.52390 Y38.56530
X44.52390 Y38.57800
X44.53660 Y38.57800
X44.53660 Y38.59070
X44.54930 Y38.59070
X44.54930 Y38.60340
X44.56200 Y38.60340
X44.56200 Y38.61610
X44.57470 Y38.61610
X44.57470 Y38.62880
X44.58740 Y38.62880
X44.58740 Y38.64150
X44.60010 Y38.64150
X44.60010 Y38.65420
X44.61280 Y38.65420
X44.61280 Y38.66690
X44.62550 Y38.66690
X44.62550 Y38.67960
X44.63820 Y38.67960
X44.63820 Y38.69230
X44.65090 Y38.69230
X44.65090 Y38.70500
X44.66360 Y38.70500
X44.66360 Y38.71770
X44.67630 Y38.71770
X44.67630 Y38.73040
X44.68900 Y38.73040
X44.68900 Y38.74310
X44.70170 Y38.74310
X44.70170 Y38.75580
X44.71440 Y38.75580
X44.71440 Y38.76850
X44.72710 Y38.76850
X44.72710 Y38.78120
X44.73980 Y38.78120
X44.73980 Y38.79390
X44.75250 Y38.79390
X44.75250 Y38.80660
X44.76520 Y38.80660
X44.76520 Y38.81930
X44.77790 Y38.81930
X44.77790 Y38.83200
X44.79060 Y38.83200
X44.79060 Y38.84470
X44.80330 Y38.84470
X44.80330 Y38.85740
X44.81600 Y38.85740
X44.81600 Y38.87010
X44.82870 Y38.87010
X44.82870 Y38.88280
X44.84140 Y38.88280
X44.84140 Y38.89550
X44.85410 Y38.89550
X44.85410 Y38.90820
X44.86680 Y38.90820
X44.86680 Y38.92090
X44.87950 Y38.92090
X44.87950 Y38.93360
X44.89220 Y38.93360
X44.89220 Y38.94630
X44.90490 Y38.94630
X44.90490 Y38.95900
X44.91760 Y38.95900
X44.91760 Y38.97170
X44.93030 Y38.97170
X44.93030 Y38.98440
X44.94300 Y38.98440
X44.94300 Y38.99710
X44.95570 Y38.99710
X44.95570 Y39.00980
X44.96840 Y39.00980
X44.96840 Y39.02250
X44.98110 Y39.02250
X44.98110 Y39.03520
X44.99380 Y39.03520
X44.99380 Y39.04790
X45.00650 Y39.04790
X45.00650 Y39.06060
X45.01920 Y39.06060
X45.01920 Y39.07330
X45.03190 Y39.07330
X45.03190 Y39.08600
X45.04460 Y39.08600
X45.04460 Y39.09870
X45.05730 Y39.09870
X45.05730 Y39.11140
X45.07000 Y39.11140
X45.07000 Y39.12410
X45.08270 Y39.12410
X45.08270 Y39.13680
X45.09540 Y39.13680
X45.09540 Y39.14950
X45.10810 Y39.14950
X45.10810 Y39.16220
X45.12080 Y39.16220
X45.12080 Y39.17490
X45.13350 Y39.17490
X45.13350 Y39.18760
X45.14620 Y39.18760
X45.14620 Y39.20030
X45.15890 Y39.20030
X45.15890 Y39.21300
X45.17160 Y39.21300
X45.17160 Y39.22570
X45.18430 Y39.22570
X45.18430 Y39.23840
X45.19700 Y39.23840
X45.19700 Y39.25110
X45.20970 Y39.25110
X45.20970 Y39.26380
X45.22240 Y39.26380
X45.22240 Y39.27650
X45.23510 Y39.27650
X45.23510 Y39.28920
X45.24780 Y39.28920
X45.24780 Y39.30190
X45.26050 Y39.30190
X45.26050 Y39.31460
X45.27320 Y39.31460
X45.27320 Y39.32730
X45.28590 Y39.32730
X45.28590 Y39.34000
X45.29860 Y39.34000
X45.29860 Y39.35270
X45.31130 Y39.35270
X45.31130 Y39.36540
X45.32400 Y39.36540
X45.32400 Y39.37810
X45.33670 Y39.37810
X45.33670 Y39.39080
X45.34940 Y39.39080
X45.34940 Y39.40350
X45.36210 Y39.40350
X45.36210 Y39.41620
X45.37480 Y39.41620
X45.37480 Y39.42890
X45.38750 Y39.42890
X45.38750 Y39.44160
X45.40020 Y39.44160
X45.40020 Y39.45430
X45.41290 Y39.45430
X45.41290 Y39.46700
X45.42560 Y39.46700
X45.42560 Y39.47970
X45.43830 Y39.47970
X45.43830 Y39.49240
X45.45100 Y39.49240
X45.45100 Y39.50510
X45.46370 Y39.50510
X45.46370 Y39.51780
X45.47640 Y39.51780
X45.47640 Y39.53050
X45.48910 Y39.53050
X45.48910 Y39.54320
X45.50180 Y39.54320
X45.50180 Y39.55590
X45.51450 Y39.55590
X45.51450 Y39.56860
X45.52720 Y39.56860
X45.52720 Y39.58130
X45.53990 Y39.58130
X45.53990 Y39.59400
X45.55260 Y39.59400
X45.55260 Y39.60670
X45.56530 Y39.60670
X45.56530 Y39.61940
X45.57800 Y39.61940
X45.57800 Y39.63210
X45.59070 Y39.63210
X45.59070 Y39.64480
X45.60340 Y39.64480
X45.60340 Y39.65750
X45.61610 Y39.65750
X45.61610 Y39.67020
X45.62880 Y39.67020
X45.62880 Y39.68290
X45.64150 Y39.68290
X45.64150 Y39.69560
X45.65420 Y39.69560
X45.65420 Y39.70830
X45.66690 Y39.70830
X45.66690 Y39.72100
X45.67960 Y39.72100
X45.67960 Y39.73370
X45.69230 Y39.73370
X45.69230 Y39.74640
X45.70500 Y39.74640
X45.70500 Y39.75910
X45.71770 Y39.75910
X45.71770 Y39.77180
X45.73040 Y39.77180
X45.73040 Y39.78450
X45.74310 Y39.78450
X45.74310 Y39.79720
X45.75580 Y39.79720
X45.75580 Y39.80990
X45.76850 Y39.80990
X45.76850 Y39.82260
X45.78120 Y39.82260
X45.78120 Y39.83530
X45.79390 Y39.83530
X45.79390 Y39.84800
X45.80660 Y39.84800
X45.80660 Y39.86070
X45.81930 Y39.86070
X45.81930 Y39.87340
X45.83200 Y39.87340
X45.83200 Y39.88610
X45.84470 Y39.88610
X45.84470 Y39.89880
X45.85740 Y39.89880
X45.85740 Y39.91150
X45.87010 Y39.91150
X45.87010 Y39.92420
X45.88280 Y39.92420
X45.88280 Y39.93690
X45.89550 Y39.93690
X45.89550 Y39.94960
X45.90820 Y39.94960
X45.90820 Y39.96230
X45.92090 Y39.96230
X45.92090 Y39.97500
X45.93360 Y39.97500
X45.93360 Y39.98770
X45.94630 Y39.98770
X45.94630 Y40.00040
X45.95900 Y40.00040
X45.95900 Y40.01310
X45.97170 Y40.01310
X45.97170 Y40.02580
X45.98440 Y40.02580
X45.98440 Y40.03850
X45.99710 Y40.03850
X45.99710 Y40.05120
X46.00980 Y40.05120
X46.00980 Y40.06390
X46.02250 Y40.06390
X46.02250 Y40.07660
X46.03520 Y40.07660
X46.03520 Y40.08930
X46.04790 Y40.08930
X46.04790 Y40.10200
X46.06060 Y40.10200
X46.06060 Y40.11470
X46.07330 Y40.11470
X46.07330 Y40.12740
X46.08600 Y40.12740
X46.08600 Y40.14010
X46.09870 Y40.14010
X46.09870 Y40.15280
X46.11140 Y40.15280
X46.11140 Y40.16550
X46.12410 Y40.16550
X46.12410 Y40.17820
X46.13680 Y40.17820
X46.13680 Y40.19090
X46.14950 Y40.19090
X46.14950 Y40.20360
X46.16220 Y40.20360
X46.16220 Y40.21630
X46.17490 Y40.21630
X46.17490 Y40.22900
X46.18760 Y40.22900
X46.18760 Y40.24170
X46.20030 Y40.24170
X46.20030 Y40.25440
X46.21300 Y40.25440
X46.21300 Y40.26710
X46.22570 Y40.26710
X46.22570 Y40.27980
X46.23840 Y40.27980
X46.23840 Y40.29250
X46.25110 Y40.29250
X46.25110 Y40.30520
X46.26380 Y40.30520
X46.26380 Y40.31790
X46.27650 Y40.31790
X46.27650 Y40.33060
X46.28920 Y40.33060
X46.28920 Y40.34330
X46.30190 Y40.34330
X46.30190 Y40.35600
X46.31460 Y40.35600
X46.31460 Y40.36870
X46.32730 Y40.36870
X46.32730 Y40.38140
X46.34000 Y40.38140
X46.34000 Y40.39410
X46.35270 Y40.39410
X46.35270 Y40.40680
X46.36540 Y40.40680
X46.36540 Y40.41950
X46.37810 Y40.41950
X46.37810 Y40.43220
X46.39080 Y40.43220
X46.39080 Y40.44490
X46.40350 Y40.44490
X46.40350 Y40.45760
X46.41620 Y40.45760
X46.41620 Y40.47030
X46.42890 Y40.47030
X46.42890 Y40.48300
X46.44160 Y40.48300
X46.44160 Y40.49570
X46.45430 Y40.49570
X46.45430 Y40.50840
X46.46700 Y40.50840
X46.46700 Y40.52110
X46.47970 Y40.52110
X46.47970 Y40.53380
X46.49240 Y40.53380
X46.49240 Y40.54650
X46.50510 Y40.54650
X46.50510 Y40.55920
X46.51780 Y40.55920
X46.51780 Y40.57190
X46.53050 Y40.57190
X46.53050 Y40.58460
X46.54320 Y40.58460
X46.54320 Y40.61000
X46.55590 Y40.61000
X46.55590 Y40.62270
X60.20840 Y40.62270
X60.20840 Y40.61000
X60.22110 Y40.61000
X60.22110 Y40.57190
X60.23380 Y40.57190
X60.23380 Y40.53380
X60.24650 Y40.53380
X60.24650 Y40.48300
X60.25920 Y40.48300
X60.25920 Y40.45760
X60.27190 Y40.45760
X60.27190 Y40.43220
X60.28460 Y40.43220
X60.28460 Y40.41950
X60.29730 Y40.41950
X60.29730 Y40.39410
X60.31000 Y40.39410
X60.31000 Y40.36870
X60.32270 Y40.36870
X60.32270 Y40.34330
X60.33540 Y40.34330
X60.33540 Y40.33060
X60.34810 Y40.33060
X60.34810 Y40.31790
X60.36080 Y40.31790
X60.36080 Y40.30520
X60.37350 Y40.30520
X60.37350 Y40.29250
X60.38620 Y40.29250
X60.38620 Y40.26710
X60.39890 Y40.26710
X60.39890 Y40.25440
X60.41160 Y40.25440
X60.41160 Y40.24170
X60.42430 Y40.24170
X60.42430 Y40.22900
X60.43700 Y40.22900
X60.43700 Y40.21630
X60.46240 Y40.21630
X60.46240 Y40.20360
X60.47510 Y40.20360
X60.47510 Y40.19090
X60.48780 Y40.19090
X60.48780 Y40.17820
X60.50050 Y40.17820
X60.50050 Y40.16550
X60.51320 Y40.16550
X60.51320 Y40.15280
X60.53860 Y40.15280
X60.53860 Y40.14010
X60.56400 Y40.14010
X60.56400 Y40.12740
X60.58940 Y40.12740
X60.58940 Y40.11470
X60.60210 Y40.11470
X60.60210 Y40.10200
X60.62750 Y40.10200
X60.62750 Y40.08930
X60.65290 Y40.08930
X60.65290 Y40.07660
X60.70370 Y40.07660
X60.70370 Y40.06390
X60.74180 Y40.06390
X60.74180 Y40.05120
X60.77990 Y40.05120
X60.77990 Y40.03850
X60.86880 Y40.03850
X60.86880 Y40.02580
X61.21170 Y40.02580
X61.21170 Y40.03850
X61.30060 Y40.03850
X61.30060 Y40.05120
X61.33870 Y40.05120
X61.33870 Y40.06390
X61.38950 Y40.06390
X61.38950 Y40.07660
X61.42760 Y40.07660
X61.42760 Y40.08930
X61.45300 Y40.08930
X61.45300 Y40.10200
X61.47840 Y40.10200
X61.47840 Y40.11470
X61.49110 Y40.11470
X61.49110 Y40.12740
X61.51650 Y40.12740
X61.51650 Y40.14010
X61.54190 Y40.14010
X61.54190 Y40.15280
X61.56730 Y40.15280
X61.56730 Y40.16550
X61.58000 Y40.16550
X61.58000 Y40.17820
X61.59270 Y40.17820
X61.59270 Y40.19090
X61.60540 Y40.19090
X61.60540 Y40.20360
X61.61810 Y40.20360
X61.61810 Y40.21630
X61.64350 Y40.21630
X61.64350 Y40.22900
X61.65620 Y40.22900
X61.65620 Y40.24170
X61.66890 Y40.24170
X61.66890 Y40.25440
X61.68160 Y40.25440
X61.68160 Y40.26710
X61.69430 Y40.26710
X61.69430 Y40.29250
X61.70700 Y40.29250
X61.70700 Y40.30520
X61.71970 Y40.30520
X61.71970 Y40.31790
X61.73240 Y40.31790
X61.73240 Y40.33060
X61.74510 Y40.33060
X61.74510 Y40.34330
X61.75780 Y40.34330
X61.75780 Y40.36870
X61.77050 Y40.36870
X61.77050 Y40.39410
X61.78320 Y40.39410
X61.78320 Y40.41950
X61.79590 Y40.41950
X61.79590 Y40.43220
X61.80860 Y40.43220
X61.80860 Y40.45760
X61.82130 Y40.45760
X61.82130 Y40.48300
X61.83400 Y40.48300
X61.83400 Y40.52110
X61.84670 Y40.52110
X61.84670 Y40.57190
X61.85940 Y40.57190
X61.85940 Y40.61000
X61.87210 Y40.61000
X61.87210 Y40.69890
X61.88480 Y40.69890
X61.88480 Y41.04180
X61.87210 Y41.04180
X61.87210 Y41.13070
X61.85940 Y41.13070
X61.85940 Y41.16880
X61.84670 Y41.16880
X61.84670 Y41.21960
X61.83400 Y41.21960
X61.83400 Y41.25770
X61.82130 Y41.25770
X61.82130 Y41.28310
X61.80860 Y41.28310
X61.80860 Y41.30850
X61.79590 Y41.30850
X61.79590 Y41.32120
X61.78320 Y41.32120
X61.78320 Y41.34660
X61.77050 Y41.34660
X61.77050 Y41.37200
X61.75780 Y41.37200
X61.75780 Y41.39740
X61.74510 Y41.39740
X61.74510 Y41.41010
X61.73240 Y41.41010
X61.73240 Y41.42280
X61.71970 Y41.42280
X61.71970 Y41.43550
X61.70700 Y41.43550
X61.70700 Y41.44820
X61.69430 Y41.44820
X61.69430 Y41.47360
X61.68160 Y41.47360
X61.68160 Y41.48630
X61.66890 Y41.48630
X61.66890 Y41.49900
X61.65620 Y41.49900
X61.65620 Y41.51170
X61.64350 Y41.51170
X61.64350 Y41.52440
X61.61810 Y41.52440
X61.61810 Y41.53710
X61.60540 Y41.53710
X61.60540 Y41.54980
X61.59270 Y41.54980
X61.59270 Y41.56250
X61.58000 Y41.56250
X61.58000 Y41.57520
X61.56730 Y41.57520
X61.56730 Y41.58790
X61.54190 Y41.58790
X61.54190 Y41.60060
X61.51650 Y41.60060
X61.51650 Y41.61330
X61.49110 Y41.61330
X61.49110 Y41.62600
X61.47840 Y41.62600
X61.47840 Y41.63870
X61.45300 Y41.63870
X61.45300 Y41.65140
X61.42760 Y41.65140
X61.42760 Y41.66410
X61.37680 Y41.66410
X61.37680 Y41.67680
X61.33870 Y41.67680
X61.33870 Y41.68950
X61.30060 Y41.68950
X61.30060 Y41.70220
X61.19900 Y41.70220
X61.19900 Y41.71490
X60.88150 Y41.71490
X60.88150 Y41.70220
X60.77990 Y41.70220
X60.77990 Y41.68950
X60.74180 Y41.68950
X60.74180 Y41.67680
X60.70370 Y41.67680
X60.70370 Y41.66410
X60.65290 Y41.66410
X60.65290 Y41.65140
X60.62750 Y41.65140
X60.62750 Y41.63870
X60.60210 Y41.63870
X60.60210 Y41.62600
X60.58940 Y41.62600
X60.58940 Y41.61330
G04 P0 ( dwell for no time -- G64 should not smooth over this point )
G00 Z5.00000 ( retract )

G00 X64.58990 Y43.60720 ( rapid move to begin. )
F300.00000
G01 Z-0.05000
G04 P0 ( dwell for no time -- G64 should not smooth over this point )
F600.00000
X64.58990 Y43.60720
X64.56450 Y43.60720
X64.56450 Y43.59450
X64.53910 Y43.59450
X64.53910 Y43.58180
X64.51370 Y43.58180
X64.51370 Y43.56910
X64.50100 Y43.56910
X64.50100 Y43.55640
X64.48830 Y43.55640
X64.48830 Y43.54370
X64.47560 Y43.54370
X64.47560 Y43.53100
X64.46290 Y43.53100
X64.46290 Y43.51830
X64.43750 Y43.51830
X64.43750 Y43.50560
X64.42480 Y43.50560
X64.42480 Y43.49290
X64.41210 Y43.49290
X64.41210 Y43.48020
X64.39940 Y43.48020
X64.39940 Y43.46750
X64.38670 Y43.46750
X64.38670 Y43.44210
X64.37400 Y43.44210
X64.37400 Y43.42940
X64.36130 Y43.42940
X64.36130 Y43.41670
X64.34860 Y43.41670
X64.34860 Y43.40400
X64.33590 Y43.40400
X64.33590 Y43.39130
X64.32320 Y43.39130
X64.32320 Y43.36590
X64.31050 Y43.36590
X64.31050 Y43.34050
X64.29780 Y43.34050
X64.29780 Y43.31510
X64.28510 Y43.31510
X64.28510 Y43.30240
X64.27240 Y43.30240
X64.27240 Y43.27700
X64.25970 Y43.27700
X64.25970 Y43.25160
X64.24700 Y43.25160
X64.24700 Y43.20080
X64.23430 Y43.20080
X64.23430 Y43.16270
X64.22160 Y43.16270
X64.22160 Y43.12460
X64.20890 Y43.12460
X64.20890 Y43.11190
X50.87390 Y43.11190
X50.87390 Y43.12460
X50.86120 Y43.12460
X50.86120 Y43.16270
X50.84850 Y43.16270
X50.84850 Y43.21350
X50.83580 Y43.21350
X50.83580 Y43.25160
X50.82310 Y43.25160
X50.82310 Y43.27700
X50.81040 Y43.27700
X50.81040 Y43.30240
X50.79770 Y43.30240
X50.79770 Y43.31510
X50.78500 Y43.31510
X50.78500 Y43.34050
X50.77230 Y43.34050
X50.77230 Y43.36590
X50.75960 Y43.36590
X50.75960 Y43.39130
X50.74690 Y43.39130
X50.74690 Y43.40400
X50.73420 Y43.40400
X50.73420 Y43.41670
X50.72150 Y43.41670
X50.72150 Y43.42940
X50.70880 Y43.42940
X50.70880 Y43.44210
X50.69610 Y43.44210
X50.69610 Y43.46750
X50.68340 Y43.46750
X50.68340 Y43.48020
X50.67070 Y43.48020
X50.67070 Y43.49290
X50.65800 Y43.49290
X50.65800 Y43.50560
X50.64530 Y43.50560
X50.64530 Y43.51830
X50.61990 Y43.51830
X50.61990 Y43.53100
X50.60720 Y43.53100
X50.60720 Y43.54370
X50.59450 Y43.54370
X50.59450 Y43.55640
X50.58180 Y43.55640
X50.58180 Y43.56910
X50.56910 Y43.56910
X50.56910 Y43.58180
X50.54370 Y43.58180
X50.54370 Y43.59450
X50.51830 Y43.59450
X50.51830 Y43.60720
X50.49290 Y43.60720
X50.49290 Y43.61990
X50.48020 Y43.61990
X50.48020 Y43.63260
X50.45480 Y43.63260
X50.45480 Y43.64530
X50.42940 Y43.64530
X50.42940 Y43.65800
X50.37860 Y43.65800
X50.37860 Y43.67070
X50.34050 Y43.67070
X50.34050 Y43.68340
X50.30240 Y43.68340
X50.30240 Y43.69610
X50.20080 Y43.69610
X50.20080 Y43.70880
X49.88330 Y43.70880
X49.88330 Y43.69610
X49.78170 Y43.69610
X49.78170 Y43.68340
X49.74360 Y43.68340
X49.74360 Y43.67070
X49.70550 Y43.67070
X49.70550 Y43.65800
X49.65470 Y43.65800
X49.65470 Y43.64530
X49.62930 Y43.64530
X49.62930 Y43.63260
X49.60390 Y43.63260
X49.60390 Y43.61990
X49.59120 Y43.61990
X49.59120 Y43.60720
X49.56580 Y43.60720
X49.56580 Y43.59450
X49.54040 Y43.59450
X49.54040 Y43.58180
X49.51500 Y43.58180
X49.51500 Y43.56910
X49.50230 Y43.56910
X49.50230 Y43.55640
X49.48960 Y43.55640
X49.48960 Y43.54370
X49.47690 Y43.54370
X49.47690 Y43.53100
X49.46420 Y43.53100
X49.46420 Y43.51830
X49.43880 Y43.51830
X49.43880 Y43.50560
X49.42610 Y43.50560
X49.42610 Y43.49290
X49.41340 Y43.49290
X49.41340 Y43.48020
X49.40070 Y43.48020
X49.40070 Y43.46750
X49.38800 Y43.46750
X49.38800 Y43.44210
X49.37530 Y43.44210
X49.37530 Y43.42940
X49.36260 Y43.42940
X49.36260 Y43.41670
X49.34990 Y43.41670
X49.34990 Y43.40400
X49.33720 Y43.40400
X49.33720 Y43.39130
X49.32450 Y43.39130
X49.32450 Y43.36590
X49.31180 Y43.36590
X49.31180 Y43.34050
X49.29910 Y43.34050
X49.29910 Y43.31510
X49.28640 Y43.31510
X49.28640 Y43.30240
X49.27370 Y43.30240
X49.27370 Y43.27700
X49.26100 Y43.27700
X49.26100 Y43.25160
X49.24830 Y43.25160
X49.24830 Y43.20080
X49.23560 Y43.20080
X49.23560 Y43.16270
X49.22290 Y43.16270
X49.22290 Y43.12460
X49.21020 Y43.12460
X49.21020 Y43.02300
X49.19750 Y43.02300
X49.19750 Y42.70550
X49.21020 Y42.70550
X49.21020 Y42.60390
X49.22290 Y42.60390
X49.22290 Y42.56580
X49.23560 Y42.56580
X49.23560 Y42.52770
X49.24830 Y42.52770
X49.24830 Y42.47690
X49.26100 Y42.47690
X49.26100 Y42.45150
X49.27370 Y42.45150
X49.27370 Y42.42610
X49.28640 Y42.42610
X49.28640 Y42.41340
X49.29910 Y42.41340
X49.29910 Y42.38800
X49.31180 Y42.38800
X49.31180 Y42.36260
X49.32450 Y42.36260
X49.32450 Y42.33720
X49.33720 Y42.33720
X49.33720 Y42.32450
X49.34990 Y42.32450
X49.34990 Y42.31180
X49.36260 Y42.31180
X49.36260 Y42.29910
X49.37530 Y42.29910
X49.37530 Y42.28640
X49.38800 Y42.28640
X49.38800 Y42.26100
X49.40070 Y42.26100
X49.40070 Y42.24830
X49.41340 Y42.24830
X49.41340 Y42.23560
X49.42610 Y42.23560
X49.42610 Y42.22290
X49.43880 Y42.22290
X49.43880 Y42.21020
X49.46420 Y42.21020
X49.46420 Y42.19750
X49.47690 Y42.19750
X49.47690 Y42.18480
X49.48960 Y42.18480
X49.48960 Y42.17210
X49.50230 Y42.17210
X49.50230 Y42.15940
X49.51500 Y42.15940
X49.51500 Y42.14670
X49.54040 Y42.14670
X49.54040 Y42.13400
X49.56580 Y42.13400
X49.56580 Y42.12130
X49.59120 Y42.12130
X49.59120 Y42.10860
X49.60390 Y42.10860
X49.60390 Y42.09590
X49.62930 Y42.09590
X49.62930 Y42.08320
X49.65470 Y42.08320
X49.65470 Y42.07050
X49.70550 Y42.07050
X49.70550 Y42.05780
X49.74360 Y42.05780
X49.74360 Y42.04510
X49.78170 Y42.04510
X49.78170 Y42.03240
X49.87060 Y42.03240
X49.87060 Y42.01970
X50.21350 Y42.01970
X50.21350 Y42.03240
X50.30240 Y42.03240
X50.30240 Y42.04510
X50.34050 Y42.04510
X50.34050 Y42.05780
X50.39130 Y42.05780
X50.39130 Y42.07050
X50.42940 Y42.07050
X50.42940 Y42.08320
X50.45480 Y42.08320
X50.45480 Y42.09590
X50.48020 Y42.09590
X50.48020 Y42.10860
X50.49290 Y42.10860
X50.49290 Y42.12130
X50.51830 Y42.12130
X50.51830 Y42.13400
X50.54370 Y42.13400
X50.54370 Y42.14670
X50.56910 Y42.14670
X50.56910 Y42.15940
X50.58180 Y42.15940
X50.58180 Y42.17210
X50.59450 Y42.17210
X50.59450 Y42.18480
X50.60720 Y42.18480
X50.60720 Y42.19750
X50.61990 Y42.19750
X50.61990 Y42.21020
X50.64530 Y42.21020
X50.64530 Y42.22290
X50.65800 Y42.22290
X50.65800 Y42.23560
X50.67070 Y42.23560
X50.67070 Y42.24830
X50.68340 Y42.24830
X50.68340 Y42.26100
X50.69610 Y42.26100
X50.69610 Y42.28640
X50.70880 Y42.28640
X50.70880 Y42.29910
X50.72150 Y42.29910
X50.72150 Y42.31180
X50.73420 Y42.31180
X50.73420 Y42.32450
X50.74690 Y42.32450
X50.74690 Y42.33720
X50.75960 Y42.33720
X50.75960 Y42.36260
X50.77230 Y42.36260
X50.77230 Y42.38800
X50.78500 Y42.38800
X50.78500 Y42.41340
X50.79770 Y42.41340
X50.79770 Y42.42610
X50.81040 Y42.42610
X50.81040 Y42.45150
X50.82310 Y42.45150
X50.82310 Y42.47690
X50.83580 Y42.47690
X50.83580 Y42.51500
X50.84850 Y42.51500
X50.84850 Y42.56580
X50.86120 Y42.56580
X50.86120 Y42.60390
X50.87390 Y42.60390
X50.87390 Y42.61660
X64.20890 Y42.61660
X64.20890 Y42.60390
X64.22160 Y42.60390
X64.22160 Y42.56580
X64.23430 Y42.56580
X64.23430 Y42.52770
X64.24700 Y42.52770
X64.24700 Y42.47690
X64.25970 Y42.47690
X64.25970 Y42.45150
X64.27240 Y42.45150
X64.27240 Y42.42610
X64.28510 Y42.42610
X64.28510 Y42.41340
X64.29780 Y42.41340
X64.29780 Y42.38800
X64.31050 Y42.38800
X64.31050 Y42.36260
X64.32320 Y42.36260
X64.32320 Y42.33720
X64.33590 Y42.33720
X64.33590 Y42.32450
X64.34860 Y42.32450
X64.34860 Y42.31180
X64.36130 Y42.31180
X64.36130 Y42.29910
X64.37400 Y42.29910
X64.37400 Y42.28640
X64.38670 Y42.28640
X64.38670 Y42.26100
X64.39940 Y42.26100
X64.39940 Y42.24830
X64.41210 Y42.24830
X64.41210 Y42.23560
X64.42480 Y42.23560
X64.42480 Y42.22290
X64.43750 Y42.22290
X64.43750 Y42.21020
X64.46290 Y42.21020
X64.46290 Y42.19750
X64.47560 Y42.19750
X64.47560 Y42.18480
X64.48830 Y42.18480
X64.48830 Y42.17210
X64.50100 Y42.17210
X64.50100 Y42.15940
X64.51370 Y42.15940
X64.51370 Y42.14670
X64.53910 Y42.14670
X64.53910 Y42.13400
X64.56450 Y42.13400
X64.56450 Y42.12130
X64.58990 Y42.12130
X64.58990 Y42.10860
X64.60260 Y42.10860
X64.60260 Y42.09590
X64.62800 Y42.09590
X64.62800 Y42.08320
X64.65340 Y42.08320
X64.65340 Y42.07050
X64.70420 Y42.07050
X64.70420 Y42.05780
X64.74230 Y42.05780
X64.74230 Y42.04510
X64.78040 Y42.04510
X64.78040 Y42.03240
X64.86930 Y42.03240
X64.86930 Y42.01970
X65.21220 Y42.01970
X65.21220 Y42.03240
X65.30110 Y42.03240
X65.30110 Y42.04510
X65.33920 Y42.04510
X65.33920 Y42.05780
X65.39000 Y42.05780
X65.39000 Y42.07050
X65.42810 Y42.07050
X65.42810 Y42.08320
X65.45350 Y42.08320
X65.45350 Y42.09590
X65.47890 Y42.09590
X65.47890 Y42.10860
X65.49160 Y42.10860
X65.49160 Y42.12130
X65.51700 Y42.12130
X65.51700 Y42.13400
X65.54240 Y42.13400
X65.54240 Y42.14670
X65.56780 Y42.14670
X65.56780 Y42.15940
X65.58050 Y42.15940
X65.58050 Y42.17210
X65.59320 Y42.17210
X65.59320 Y42.18480
X65.60590 Y42.18480
X65.60590 Y42.19750
X65.61860 Y42.19750
X65.61860 Y42.21020
X65.64400 Y42.21020
X65.64400 Y42.22290
X65.65670 Y42.22290
X65.65670 Y42.23560
X65.66940 Y42.23560
X65.66940 Y42.24830
X65.68210 Y42.24830
X65.68210 Y42.26100
X65.69480 Y42.26100
X65.69480 Y42.28640
X65.70750 Y42.28640
X65.70750 Y42.29910
X65.72020 Y42.29910
X65.72020 Y42.31180
X65.73290 Y42.31180
X65.73290 Y42.32450
X65.74560 Y42.32450
X65.74560 Y42.33720
X65.75830 Y42.33720
X65.75830 Y42.36260
X65.77100 Y42.36260
X65.77100 Y42.38800
X65.78370 Y42.38800
X65.78370 Y42.41340
X65.79640 Y42.41340
X65.79640 Y42.42610
X65.80910 Y42.42610
X65.80910 Y42.45150
X65.82180 Y42.45150
X65.82180 Y42.47690
X65.83450 Y42.47690
X65.83450 Y42.51500
X65.84720 Y42.51500
X65.84720 Y42.56580
X65.85990 Y42.56580
X65.85990 Y42.60390
X65.87260 Y42.60390
X65.87260 Y42.69280
X65.88530 Y42.69280
X65.88530 Y43.03570
X65.87260 Y43.03570
X65.87260 Y43.12460
X65.85990 Y43.12460
X65.85990 Y43.16270
X65.84720 Y43.16270
X65.84720 Y43.21350
X65.83450 Y43.21350
X65.83450 Y43.25160
X65.82180 Y43.25160
X65.82180 Y43.27700
X65.80910 Y43.27700
X65.80910 Y43.30240
X65.79640 Y43.30240
X65.79640 Y43.31510
X65.78370 Y43.31510
X65.78370 Y43.34050
X65.77100 Y43.34050
X65.77100 Y43.36590
X65.75830 Y43.36590
X65.75830 Y43.39130
X65.74560 Y43.39130
X65.74560 Y43.40400
X65.73290 Y43.40400
X65.73290 Y43.41670
X65.72020 Y43.41670
X65.72020 Y43.42940
X65.70750 Y43.42940
X65.70750 Y43.44210
X65.69480 Y43.44210
X65.69480 Y43.46750
X65.68210 Y43.46750
X65.68210 Y43.48020
X65.66940 Y43.48020
X65.66940 Y43.49290
X65.65670 Y43.49290
X65.65670 Y43.50560
X65.64400 Y43.50560
X65.64400 Y43.51830
X65.61860 Y43.51830
X65.61860 Y43.53100
X65.60590 Y43.53100
X65.60590 Y43.54370
X65.59320 Y43.54370
X65.59320 Y43.55640
X65.58050 Y43.55640
X65.58050 Y43.56910
X65.56780 Y43.56910
X65.56780 Y43.58180
X65.54240 Y43.58180
X65.54240 Y43.59450
X65.51700 Y43.59450
X65.51700 Y43.60720
X65.49160 Y43.60720
X65.49160 Y43.61990
X65.47890 Y43.61990
X65.47890 Y43.63260
X65.45350 Y43.63260
X65.45350 Y43.64530
X65.42810 Y43.64530
X65.42810 Y43.65800
X65.37730 Y43.65800
X65.37730 Y43.67070
X65.33920 Y43.67070
X65.33920 Y43.68340
X65.30110 Y43.68340
X65.30110 Y43.69610
X65.19950 Y43.69610
X65.19950 Y43.70880
X64.88200 Y43.70880
X64.88200 Y43.69610
X64.78040 Y43.69610
X64.78040 Y43.68340
X64.74230 Y43.68340
X64.74230 Y43.67070
X64.70420 Y43.67070
X64.70420 Y43.65800
X64.65340 Y43.65800
X64.65340 Y43.64530
X64.62800 Y43.64530
X64.62800 Y43.63260
X64.60260 Y43.63260
X64.60260 Y43.61990
X64.58990 Y43.61990
X64.58990 Y43.60720
G04 P0 ( dwell for no time -- G64 should not smooth over this point )
G00 Z5.00000 ( retract )

G00 X71.93050 Y48.44590 ( rapid move to begin. )
F300.00000
G01 Z-0.05000
G04 P0 ( dwell for no time -- G64 should not smooth over this point )
F600.00000
X71.93050 Y48.44590
X71.91780 Y48.44590
X71.91780 Y48.43320
X71.89240 Y48.43320
X71.89240 Y48.42050
X71.86700 Y48.42050
X71.86700 Y48.40780
X71.84160 Y48.40780
X71.84160 Y48.39510
X71.81620 Y48.39510
X71.81620 Y48.38240
X71.79080 Y48.38240
X71.79080 Y48.36970
X71.77810 Y48.36970
X71.77810 Y48.35700
X71.76540 Y48.35700
X71.76540 Y48.34430
X71.75270 Y48.34430
X71.75270 Y48.33160
X71.72730 Y48.33160
X71.72730 Y48.31890
X71.71460 Y48.31890
X71.71460 Y48.30620
X71.70190 Y48.30620
X71.70190 Y48.29350
X71.68920 Y48.29350
X71.68920 Y48.28080
X71.67650 Y48.28080
X71.67650 Y48.26810
X71.65110 Y48.26810
X71.65110 Y48.25540
X71.63840 Y48.25540
X71.63840 Y48.24270
X71.62570 Y48.24270
X71.62570 Y48.21730
X71.61300 Y48.21730
X71.61300 Y48.20460
X71.60030 Y48.20460
X71.60030 Y48.19190
X71.58760 Y48.19190
X71.58760 Y48.17920
X71.57490 Y48.17920
X71.57490 Y48.16650
X71.56220 Y48.16650
X71.56220 Y48.14110
X71.54950 Y48.14110
X71.54950 Y48.12840
X71.53680 Y48.12840
X71.53680 Y48.11570
X71.52410 Y48.11570
X71.52410 Y48.10300
X71.51140 Y48.10300
X71.51140 Y48.07760
X71.49870 Y48.07760
X71.49870 Y48.05220
X71.48600 Y48.05220
X71.48600 Y48.02680
X71.47330 Y48.02680
X71.47330 Y48.00140
X71.46060 Y48.00140
X71.46060 Y47.97600
X71.44790 Y47.97600
X71.44790 Y47.96330
X71.43520 Y47.96330
X71.43520 Y47.93790
X71.42250 Y47.93790
X71.42250 Y47.89980
X71.40980 Y47.89980
X71.40980 Y47.84900
X71.39710 Y47.84900
X71.39710 Y47.81090
X71.38440 Y47.81090
X71.38440 Y47.77280
X71.37170 Y47.77280
X71.37170 Y47.69660
X71.35900 Y47.69660
X71.35900 Y47.56960
X71.34630 Y47.56960
X71.34630 Y47.32830
X71.35900 Y47.32830
X71.35900 Y47.20130
X71.37170 Y47.20130
X71.37170 Y47.12510
X71.38440 Y47.12510
X71.38440 Y47.08700
X71.39710 Y47.08700
X71.39710 Y47.04890
X71.40980 Y47.04890
X71.40980 Y46.99810
X71.42250 Y46.99810
X71.42250 Y46.96000
X71.43520 Y46.96000
X71.43520 Y46.93460
X71.44790 Y46.93460
X71.44790 Y46.92190
X71.46060 Y46.92190
X71.46060 Y46.89650
X71.47330 Y46.89650
X71.47330 Y46.87110
X71.48600 Y46.87110
X71.48600 Y46.84570
X71.49870 Y46.84570
X71.49870 Y46.82030
X71.51140 Y46.82030
X71.51140 Y46.79490
X71.52410 Y46.79490
X71.52410 Y46.78220
X71.53680 Y46.78220
X71.53680 Y46.76950
X71.54950 Y46.76950
X71.54950 Y46.75680
X71.56220 Y46.75680
X71.56220 Y46.73140
X71.57490 Y46.73140
X71.57490 Y46.71870
X71.58760 Y46.71870
X71.58760 Y46.70600
X71.60030 Y46.70600
X71.60030 Y46.69330
X71.61300 Y46.69330
X71.61300 Y46.68060
X71.62570 Y46.68060
X71.62570 Y46.65520
X71.63840 Y46.65520
X71.63840 Y46.64250
X71.65110 Y46.64250
X71.65110 Y46.62980
X71.67650 Y46.62980
X71.67650 Y46.61710
X71.68920 Y46.61710
X71.68920 Y46.60440
X71.70190 Y46.60440
X71.70190 Y46.59170
X71.71460 Y46.59170
X71.71460 Y46.57900
X71.72730 Y46.57900
X71.72730 Y46.56630
X71.75270 Y46.56630
X71.75270 Y46.55360
X71.76540 Y46.55360
X71.76540 Y46.54090
X71.77810 Y46.54090
X71.77810 Y46.52820
X71.79080 Y46.52820
X71.79080 Y46.51550
X71.81620 Y46.51550
X71.81620 Y46.50280
X71.84160 Y46.50280
X71.84160 Y46.49010
X71.86700 Y46.49010
X71.86700 Y46.47740
X71.89240 Y46.47740
X71.89240 Y46.46470
X71.91780 Y46.46470
X71.91780 Y46.45200
X71.93050 Y46.45200
X71.93050 Y46.43930
X71.95590 Y46.43930
X71.95590 Y46.42660
X71.99400 Y46.42660
X71.99400 Y46.41390
X72.04480 Y46.41390
X72.04480 Y46.40120
X72.08290 Y46.40120
X72.08290 Y46.38850
X72.12100 Y46.38850
X72.12100 Y46.37580
X72.19720 Y46.37580
X72.19720 Y46.36310
X72.32420 Y46.36310
X72.32420 Y46.35040
X72.56550 Y46.35040
X72.56550 Y46.36310
X72.69250 Y46.36310
X72.69250 Y46.37580
X72.76870 Y46.37580
X72.76870 Y46.38850
X72.80680 Y46.38850
X72.80680 Y46.40120
X72.84490 Y46.40120
X72.84490 Y46.41390
X72.89570 Y46.41390
X72.89570 Y46.42660
X72.93380 Y46.42660
X72.93380 Y46.43930
X72.95920 Y46.43930
X72.95920 Y46.45200
X72.97190 Y46.45200
X72.97190 Y46.46470
X72.99730 Y46.46470
X72.99730 Y46.47740
X73.02270 Y46.47740
X73.02270 Y46.49010
X73.04810 Y46.49010
X73.04810 Y46.50280
X73.07350 Y46.50280
X73.07350 Y46.51550
X73.09890 Y46.51550
X73.09890 Y46.52820
X73.11160 Y46.52820
X73.11160 Y46.54090
X73.12430 Y46.54090
X73.12430 Y46.55360
X73.13700 Y46.55360
X73.13700 Y46.56630
X73.16240 Y46.56630
X73.16240 Y46.57900
X73.17510 Y46.57900
X73.17510 Y46.59170
X73.18780 Y46.59170
X73.18780 Y46.60440
X73.20050 Y46.60440
X73.20050 Y46.61710
X73.21320 Y46.61710
X73.21320 Y46.62980
X73.23860 Y46.62980
X73.23860 Y46.64250
X73.25130 Y46.64250
X73.25130 Y46.65520
X73.26400 Y46.65520
X73.26400 Y46.68060
X73.27670 Y46.68060
X73.27670 Y46.69330
X73.28940 Y46.69330
X73.28940 Y46.70600
X73.30210 Y46.70600
X73.30210 Y46.71870
X73.31480 Y46.71870
X73.31480 Y46.73140
X73.32750 Y46.73140
X73.32750 Y46.75680
X73.34020 Y46.75680
X73.34020 Y46.76950
X73.35290 Y46.76950
X73.35290 Y46.78220
X73.36560 Y46.78220
X73.36560 Y46.79490
X73.37830 Y46.79490
X73.37830 Y46.82030
X73.39100 Y46.82030
X73.39100 Y46.84570
X73.40370 Y46.84570
X73.40370 Y46.87110
X73.41640 Y46.87110
X73.41640 Y46.89650
X73.42910 Y46.89650
X73.42910 Y46.92190
X73.44180 Y46.92190
X73.44180 Y46.93460
X73.45450 Y46.93460
X73.45450 Y46.96000
X73.46720 Y46.96000
X73.46720 Y46.99810
X73.47990 Y46.99810
X73.47990 Y47.04890
X73.49260 Y47.04890
X73.49260 Y47.08700
X73.50530 Y47.08700
X73.50530 Y47.12510
X73.51800 Y47.12510
X73.51800 Y47.20130
X73.53070 Y47.20130
X73.53070 Y47.32830
X73.54340 Y47.32830
X73.54340 Y47.56960
X73.53070 Y47.56960
X73.53070 Y47.69660
X73.51800 Y47.69660
X73.51800 Y47.77280
X73.50530 Y47.77280
X73.50530 Y47.81090
X73.49260 Y47.81090
X73.49260 Y47.84900
X73.47990 Y47.84900
X73.47990 Y47.89980
X73.46720 Y47.89980
X73.46720 Y47.93790
X73.45450 Y47.93790
X73.45450 Y47.96330
X73.44180 Y47.96330
X73.44180 Y47.97600
X73.42910 Y47.97600
X73.42910 Y48.00140
X73.41640 Y48.00140
X73.41640 Y48.02680
X73.40370 Y48.02680
X73.40370 Y48.05220
X73.39100 Y48.05220
X73.39100 Y48.07760
X73.37830 Y48.07760
X73.37830 Y48.10300
X73.36560 Y48.10300
X73.36560 Y48.11570
X73.35290 Y48.11570
X73.35290 Y48.12840
X73.34020 Y48.12840
X73.34020 Y48.14110
X73.32750 Y48.14110
X73.32750 Y48.16650
X73.31480 Y48.16650
X73.31480 Y48.17920
X73.30210 Y48.17920
X73.30210 Y48.19190
X73.28940 Y48.19190
X73.28940 Y48.20460
X73.27670 Y48.20460
X73.27670 Y48.21730
X73.26400 Y48.21730
X73.26400 Y48.24270
X73.25130 Y48.24270
X73.25130 Y48.25540
X73.23860 Y48.25540
X73.23860 Y48.26810
X73.21320 Y48.26810
X73.21320 Y48.28080
X73.20050 Y48.28080
X73.20050 Y48.29350
X73.18780 Y48.29350
X73.18780 Y48.30620
X73.17510 Y48.30620
X73.17510 Y48.31890
X73.16240 Y48.31890
X73.16240 Y48.33160
X73.13700 Y48.33160
X73.13700 Y48.34430
X73.12430 Y48.34430
X73.12430 Y48.35700
X73.11160 Y48.35700
X73.11160 Y48.36970
X73.09890 Y48.36970
X73.09890 Y48.38240
X73.07350 Y48.38240
X73.07350 Y48.39510
X73.04810 Y48.39510
X73.04810 Y48.40780
X73.02270 Y48.40780
X73.02270 Y48.42050
X72.99730 Y48.42050
X72.99730 Y48.43320
X72.97190 Y48.43320
X72.97190 Y48.44590
X72.95920 Y48.44590
X72.95920 Y48.45860
X72.93380 Y48.45860
X72.93380 Y48.47130
X72.89570 Y48.47130
X72.89570 Y48.48400
X72.84490 Y48.48400
X72.84490 Y48.49670
X72.80680 Y48.49670
X72.80680 Y48.50940
X72.76870 Y48.50940
X72.76870 Y48.52210
X72.69250 Y48.52210
X72.69250 Y48.53480
X72.56550 Y48.53480
X72.56550 Y48.54750
X72.32420 Y48.54750
X72.32420 Y48.53480
X72.19720 Y48.53480
X72.19720 Y48.52210
X72.12100 Y48.52210
X72.12100 Y48.50940
X72.08290 Y48.50940
X72.08290 Y48.49670
X72.04480 Y48.49670
X72.04480 Y48.48400
X71.99400 Y48.48400
X71.99400 Y48.47130
X71.95590 Y48.47130
X71.95590 Y48.45860
X71.93050 Y48.45860
X71.93050 Y48.44590
G04 P0 ( dwell for no time -- G64 should not smooth over this point )
G00 Z5.00000 ( retract )

G00 X78.43290 Y48.44590 ( rapid move to begin. )
F300.00000
G01 Z-0.05000
G04 P0 ( dwell for no time -- G64 should not smooth over this point )
F600.00000
X78.43290 Y48.44590
X78.42020 Y48.44590
X78.42020 Y48.43320
X78.39480 Y48.43320
X78.39480 Y48.42050
X78.36940 Y48.42050
X78.36940 Y48.40780
X78.34400 Y48.40780
X78.34400 Y48.39510
X78.31860 Y48.39510
X78.31860 Y48.38240
X78.29320 Y48.38240
X78.29320 Y48.36970
X78.28050 Y48.36970
X78.28050 Y48.35700
X78.26780 Y48.35700
X78.26780 Y48.34430
X78.25510 Y48.34430
X78.25510 Y48.33160
X78.22970 Y48.33160
X78.22970 Y48.31890
X78.21700 Y48.31890
X78.21700 Y48.30620
X78.20430 Y48.30620
X78.20430 Y48.29350
X78.19160 Y48.29350
X78.19160 Y48.28080
X78.17890 Y48.28080
X78.17890 Y48.26810
X78.15350 Y48.26810
X78.15350 Y48.25540
X78.14080 Y48.25540
X78.14080 Y48.24270
X78.12810 Y48.24270
X78.12810 Y48.21730
X78.11540 Y48.21730
X78.11540 Y48.20460
X78.10270 Y48.20460
X78.10270 Y48.19190
X78.09000 Y48.19190
X78.09000 Y48.17920
X78.07730 Y48.17920
X78.07730 Y48.16650
X78.06460 Y48.16650
X78.06460 Y48.14110
X78.05190 Y48.14110
X78.05190 Y48.12840
X78.03920 Y48.12840
X78.03920 Y48.11570
X78.02650 Y48.11570
X78.02650 Y48.10300
X78.01380 Y48.10300
X78.01380 Y48.07760
X78.00110 Y48.07760
X78.00110 Y48.05220
X77.98840 Y48.05220
X77.98840 Y48.02680
X77.97570 Y48.02680
X77.97570 Y48.00140
X77.96300 Y48.00140
X77.96300 Y47.97600
X77.95030 Y47.97600
X77.95030 Y47.96330
X77.93760 Y47.96330
X77.93760 Y47.93790
X77.92490 Y47.93790
X77.92490 Y47.89980
X77.91220 Y47.89980
X77.91220 Y47.84900
X77.89950 Y47.84900
X77.89950 Y47.81090
X77.88680 Y47.81090
X77.88680 Y47.77280
X77.87410 Y47.77280
X77.87410 Y47.69660
X77.86140 Y47.69660
X77.86140 Y47.56960
X77.84870 Y47.56960
X77.84870 Y47.32830
X77.86140 Y47.32830
X77.86140 Y47.20130
X77.87410 Y47.20130
X77.87410 Y47.12510
X77.88680 Y47.12510
X77.88680 Y47.08700
X77.89950 Y47.08700
X77.89950 Y47.04890
X77.91220 Y47.04890
X77.91220 Y46.99810
X77.92490 Y46.99810
X77.92490 Y46.96000
X77.93760 Y46.96000
X77.93760 Y46.93460
X77.95030 Y46.93460
X77.95030 Y46.92190
X77.96300 Y46.92190
X77.96300 Y46.89650
X77.97570 Y46.89650
X77.97570 Y46.87110
X77.98840 Y46.87110
X77.98840 Y46.84570
X78.00110 Y46.84570
X78.00110 Y46.82030
X78.01380 Y46.82030
X78.01380 Y46.79490
X78.02650 Y46.79490
X78.02650 Y46.78220
X78.03920 Y46.78220
X78.03920 Y46.76950
X78.05190 Y46.76950
X78.05190 Y46.75680
X78.06460 Y46.75680
X78.06460 Y46.73140
X78.07730 Y46.73140
X78.07730 Y46.71870
X78.09000 Y46.71870
X78.09000 Y46.70600
X78.10270 Y46.70600
X78.10270 Y46.69330
X78.11540 Y46.69330
X78.11540 Y46.68060
X78.12810 Y46.68060
X78.12810 Y46.65520
X78.14080 Y46.65520
X78.14080 Y46.64250
X78.15350 Y46.64250
X78.15350 Y46.62980
X78.17890 Y46.62980
X78.17890 Y46.61710
X78.19160 Y46.61710
X78.19160 Y46.60440
X78.20430 Y46.60440
X78.20430 Y46.59170
X78.21700 Y46.59170
X78.21700 Y46.57900
X78.22970 Y46.57900
X78.22970 Y46.56630
X78.25510 Y46.56630
X78.25510 Y46.55360
X78.26780 Y46.55360
X78.26780 Y46.54090
X78.28050 Y46.54090
X78.28050 Y46.52820
X78.29320 Y46.52820
X78.29320 Y46.51550
X78.31860 Y46.51550
X78.31860 Y46.50280
X78.34400 Y46.50280
X78.34400 Y46.49010
X78.36940 Y46.49010
X78.36940 Y46.47740
X78.39480 Y46.47740
X78.39480 Y46.46470
X78.42020 Y46.46470
X78.42020 Y46.45200
X78.43290 Y46.45200
X78.43290 Y46.43930
X78.45830 Y46.43930
X78.45830 Y46.42660
X78.49640 Y46.42660
X78.49640 Y46.41390
X78.54720 Y46.41390
X78.54720 Y46.40120
X78.58530 Y46.40120
X78.58530 Y46.38850
X78.62340 Y46.38850
X78.62340 Y46.37580
X78.69960 Y46.37580
X78.69960 Y46.36310
X78.82660 Y46.36310
X78.82660 Y46.35040
X79.06790 Y46.35040
X79.06790 Y46.36310
X79.19490 Y46.36310
X79.19490 Y46.37580
X79.27110 Y46.37580
X79.27110 Y46.38850
X79.30920 Y46.38850
X79.30920 Y46.40120
X79.34730 Y46.40120
X79.34730 Y46.41390
X79.39810 Y46.41390
X79.39810 Y46.42660
X79.43620 Y46.42660
X79.43620 Y46.43930
X79.46160 Y46.43930
X79.46160 Y46.45200
X79.47430 Y46.45200
X79.47430 Y46.46470
X79.49970 Y46.46470
X79.49970 Y46.47740
X79.52510 Y46.47740
X79.52510 Y46.49010
X79.55050 Y46.49010
X79.55050 Y46.50280
X79.57590 Y46.50280
X79.57590 Y46.51550
X79.60130 Y46.51550
X79.60130 Y46.52820
X79.61400 Y46.52820
X79.61400 Y46.54090
X79.62670 Y46.54090
X79.62670 Y46.55360
X79.63940 Y46.55360
X79.63940 Y46.56630
X79.66480 Y46.56630
X79.66480 Y46.57900
X79.67750 Y46.57900
X79.67750 Y46.59170
X79.69020 Y46.59170
X79.69020 Y46.60440
X79.70290 Y46.60440
X79.70290 Y46.61710
X79.71560 Y46.61710
X79.71560 Y46.62980
X79.74100 Y46.62980
X79.74100 Y46.64250
X79.75370 Y46.64250
X79.75370 Y46.65520
X79.76640 Y46.65520
X79.76640 Y46.68060
X79.77910 Y46.68060
X79.77910 Y46.69330
X79.79180 Y46.69330
X79.79180 Y46.70600
X79.80450 Y46.70600
X79.80450 Y46.71870
X79.81720 Y46.71870
X79.81720 Y46.73140
X79.82990 Y46.73140
X79.82990 Y46.75680
X79.84260 Y46.75680
X79.84260 Y46.76950
X79.85530 Y46.76950
X79.85530 Y46.78220
X79.86800 Y46.78220
X79.86800 Y46.79490
X79.88070 Y46.79490
X79.88070 Y46.82030
X79.89340 Y46.82030
X79.89340 Y46.84570
X79.90610 Y46.84570
X79.90610 Y46.87110
X79.91880 Y46.87110
X79.91880 Y46.89650
X79.93150 Y46.89650
X79.93150 Y46.92190
X79.94420 Y46.92190
X79.94420 Y46.93460
X79.95690 Y46.93460
X79.95690 Y46.96000
X79.96960 Y46.96000
X79.96960 Y46.99810
X79.98230 Y46.99810
X79.98230 Y47.04890
X79.99500 Y47.04890
X79.99500 Y47.08700
X80.00770 Y47.08700
X80.00770 Y47.12510
X80.02040 Y47.12510
X80.02040 Y47.20130
X80.03310 Y47.20130
X80.03310 Y47.32830
X80.04580 Y47.32830
X80.04580 Y47.56960
X80.03310 Y47.56960
X80.03310 Y47.69660
X80.02040 Y47.69660
X80.02040 Y47.77280
X80.00770 Y47.77280
X80.00770 Y47.81090
X79.99500 Y47.81090
X79.99500 Y47.84900
X79.98230 Y47.84900
X79.98230 Y47.89980
X79.96960 Y47.89980
X79.96960 Y47.93790
X79.95690 Y47.93790
X79.95690 Y47.96330
X79.94420 Y47.96330
X79.94420 Y47.97600
X79.93150 Y47.97600
X79.93150 Y48.00140
X79.91880 Y48.00140
X79.91880 Y48.02680
X79.90610 Y48.02680
X79.90610 Y48.05220
X79.89340 Y48.05220
X79.89340 Y48.07760
X79.88070 Y48.07760
X79.88070 Y48.10300
X79.86800 Y48.10300
X79.86800 Y48.11570
X79.85530 Y48.11570
X79.85530 Y48.12840
X79.84260 Y48.12840
X79.84260 Y48.14110
X79.82990 Y48.14110
X79.82990 Y48.16650
X79.81720 Y48.16650
X79.81720 Y48.17920
X79.80450 Y48.17920
X79.80450 Y48.19190
X79.79180 Y48.19190
X79.79180 Y48.20460
X79.77910 Y48.20460
X79.77910 Y48.21730
X79.76640 Y48.21730
X79.76640 Y48.24270
X79.75370 Y48.24270
X79.75370 Y48.25540
X79.74100 Y48.25540
X79.74100 Y48.26810
X79.71560 Y48.26810
X79.71560 Y48.28080
X79.70290 Y48.28080
X79.70290 Y48.29350
X79.69020 Y48.29350
X79.69020 Y48.30620
X79.67750 Y48.30620
X79.67750 Y48.31890
X79.66480 Y48.31890
X79.66480 Y48.33160
X79.63940 Y48.33160
X79.63940 Y48.34430
X79.62670 Y48.34430
X79.62670 Y48.35700
X79.61400 Y48.35700
X79.61400 Y48.36970
X79.60130 Y48.36970
X79.60130 Y48.38240
X79.57590 Y48.38240
X79.57590 Y48.39510
X79.55050 Y48.39510
X79.55050 Y48.40780
X79.52510 Y48.40780
X79.52510 Y48.42050
X79.49970 Y48.42050
X79.49970 Y48.43320
X79.47430 Y48.43320
X79.47430 Y48.44590
X79.46160 Y48.44590
X79.46160 Y48.45860
X79.43620 Y48.45860
X79.43620 Y48.47130
X79.39810 Y48.47130
X79.39810 Y48.48400
X79.34730 Y48.48400
X79.34730 Y48.49670
X79.30920 Y48.49670
X79.30920 Y48.50940
X79.27110 Y48.50940
X79.27110 Y48.52210
X79.19490 Y48.52210
X79.19490 Y48.53480
X79.06790 Y48.53480
X79.06790 Y48.54750
X78.82660 Y48.54750
X78.82660 Y48.53480
X78.69960 Y48.53480
X78.69960 Y48.52210
X78.62340 Y48.52210
X78.62340 Y48.50940
X78.58530 Y48.50940
X78.58530 Y48.49670
X78.54720 Y48.49670
X78.54720 Y48.48400
X78.49640 Y48.48400
X78.49640 Y48.47130
X78.45830 Y48.47130
X78.45830 Y48.45860
X78.43290 Y48.45860
X78.43290 Y48.44590
G04 P0 ( dwell for no time -- G64 should not smooth over this point )
G00 Z5.00000 ( retract )

G00 X85.58300 Y41.61330 ( rapid move to begin. )
F300.00000
G01 Z-0.05000
G04 P0 ( dwell for no time -- G64 should not smooth over this point )
F600.00000
X85.58300 Y41.61330
X85.55760 Y41.61330
X85.55760 Y41.60060
X85.53220 Y41.60060
X85.53220 Y41.58790
X85.50680 Y41.58790
X85.50680 Y41.57520
X85.49410 Y41.57520
X85.49410 Y41.56250
X85.48140 Y41.56250
X85.48140 Y41.54980
X85.46870 Y41.54980
X85.46870 Y41.53710
X85.45600 Y41.53710
X85.45600 Y41.52440
X85.43060 Y41.52440
X85.43060 Y41.51170
X85.41790 Y41.51170
X85.41790 Y41.49900
X85.40520 Y41.49900
X85.40520 Y41.48630
X85.39250 Y41.48630
X85.39250 Y41.47360
X85.37980 Y41.47360
X85.37980 Y41.44820
X85.36710 Y41.44820
X85.36710 Y41.43550
X85.35440 Y41.43550
X85.35440 Y41.42280
X85.34170 Y41.42280
X85.34170 Y41.41010
X85.32900 Y41.41010
X85.32900 Y41.39740
X85.31630 Y41.39740
X85.31630 Y41.37200
X85.30360 Y41.37200
X85.30360 Y41.34660
X85.29090 Y41.34660
X85.29090 Y41.32120
X85.27820 Y41.32120
X85.27820 Y41.30850
X85.26550 Y41.30850
X85.26550 Y41.28310
X85.25280 Y41.28310
X85.25280 Y41.25770
X85.24010 Y41.25770
X85.24010 Y41.20690
X85.22740 Y41.20690
X85.22740 Y41.16880
X85.21470 Y41.16880
X85.21470 Y41.13070
X85.20200 Y41.13070
X85.20200 Y41.02910
X85.18930 Y41.02910
X85.18930 Y40.71160
X85.20200 Y40.71160
X85.20200 Y40.61000
X85.21470 Y40.61000
X85.21470 Y40.57190
X85.22740 Y40.57190
X85.22740 Y40.53380
X85.24010 Y40.53380
X85.24010 Y40.48300
X85.25280 Y40.48300
X85.25280 Y40.45760
X85.26550 Y40.45760
X85.26550 Y40.43220
X85.27820 Y40.43220
X85.27820 Y40.41950
X85.29090 Y40.41950
X85.29090 Y40.39410
X85.30360 Y40.39410
X85.30360 Y40.36870
X85.31630 Y40.36870
X85.31630 Y40.34330
X85.32900 Y40.34330
X85.32900 Y40.33060
X85.34170 Y40.33060
X85.34170 Y40.31790
X85.35440 Y40.31790
X85.35440 Y40.30520
X85.36710 Y40.30520
X85.36710 Y40.29250
X85.37980 Y40.29250
X85.37980 Y40.26710
X85.39250 Y40.26710
X85.39250 Y40.25440
X85.40520 Y40.25440
X85.40520 Y40.24170
X85.41790 Y40.24170
X85.41790 Y40.22900
X85.43060 Y40.22900
X85.43060 Y40.21630
X85.45600 Y40.21630
X85.45600 Y40.20360
X85.46870 Y40.20360
X85.46870 Y40.19090
X85.48140 Y40.19090
X85.48140 Y40.17820
X85.49410 Y40.17820
X85.49410 Y40.16550
X85.50680 Y40.16550
X85.50680 Y40.15280
X85.53220 Y40.15280
X85.53220 Y40.14010
X85.55760 Y40.14010
X85.55760 Y40.12740
X85.58300 Y40.12740
X85.58300 Y40.11470
X85.59570 Y40.11470
X85.59570 Y40.10200
X85.62110 Y40.10200
X85.62110 Y40.08930
X85.64650 Y40.08930
X85.64650 Y40.07660
X85.69730 Y40.07660
X85.69730 Y40.06390
X85.73540 Y40.06390
X85.73540 Y40.05120
X85.77350 Y40.05120
X85.77350 Y40.03850
X85.78620 Y40.03850
X85.78620 Y35.69510
X85.77350 Y35.69510
X85.77350 Y35.68240
X85.73540 Y35.68240
X85.73540 Y35.66970
X85.69730 Y35.66970
X85.69730 Y35.65700
X85.64650 Y35.65700
X85.64650 Y35.64430
X85.62110 Y35.64430
X85.62110 Y35.63160
X85.59570 Y35.63160
X85.59570 Y35.61890
X85.58300 Y35.61890
X85.58300 Y35.60620
X85.55760 Y35.60620
X85.55760 Y35.59350
X85.53220 Y35.59350
X85.53220 Y35.58080
X85.50680 Y35.58080
X85.50680 Y35.56810
X85.49410 Y35.56810
X85.49410 Y35.55540
X85.48140 Y35.55540
X85.48140 Y35.54270
X85.46870 Y35.54270
X85.46870 Y35.53000
X85.45600 Y35.53000
X85.45600 Y35.51730
X85.43060 Y35.51730
X85.43060 Y35.50460
X85.41790 Y35.50460
X85.41790 Y35.49190
X85.40520 Y35.49190
X85.40520 Y35.47920
X85.39250 Y35.47920
X85.39250 Y35.46650
X85.37980 Y35.46650
X85.37980 Y35.44110
X85.36710 Y35.44110
X85.36710 Y35.42840
X85.35440 Y35.42840
X85.35440 Y35.41570
X85.34170 Y35.41570
X85.34170 Y35.40300
X85.32900 Y35.40300
X85.32900 Y35.39030
X85.31630 Y35.39030
X85.31630 Y35.36490
X85.30360 Y35.36490
X85.30360 Y35.33950
X85.29090 Y35.33950
X85.29090 Y35.31410
X85.27820 Y35.31410
X85.27820 Y35.30140
X85.26550 Y35.30140
X85.26550 Y35.27600
X85.25280 Y35.27600
X85.25280 Y35.25060
X85.24010 Y35.25060
X85.24010 Y35.19980
X85.22740 Y35.19980
X85.22740 Y35.16170
X85.21470 Y35.16170
X85.21470 Y35.12360
X85.20200 Y35.12360
X85.20200 Y35.02200
X85.18930 Y35.02200
X85.18930 Y34.70450
X85.20200 Y34.70450
X85.20200 Y34.60290
X85.21470 Y34.60290
X85.21470 Y34.56480
X85.22740 Y34.56480
X85.22740 Y34.52670
X85.24010 Y34.52670
X85.24010 Y34.47590
X85.25280 Y34.47590
X85.25280 Y34.45050
X85.26550 Y34.45050
X85.26550 Y34.42510
X85.27820 Y34.42510
X85.27820 Y34.41240
X85.29090 Y34.41240
X85.29090 Y34.38700
X85.30360 Y34.38700
X85.30360 Y34.36160
X85.31630 Y34.36160
X85.31630 Y34.33620
X85.32900 Y34.33620
X85.32900 Y34.32350
X85.34170 Y34.32350
X85.34170 Y34.31080
X85.35440 Y34.31080
X85.35440 Y34.29810
X85.36710 Y34.29810
X85.36710 Y34.28540
X85.37980 Y34.28540
X85.37980 Y34.26000
X85.39250 Y34.26000
X85.39250 Y34.24730
X85.40520 Y34.24730
X85.40520 Y34.23460
X85.41790 Y34.23460
X85.41790 Y34.22190
X85.43060 Y34.22190
X85.43060 Y34.20920
X85.45600 Y34.20920
X85.45600 Y34.19650
X85.46870 Y34.19650
X85.46870 Y34.18380
X85.48140 Y34.18380
X85.48140 Y34.17110
X85.49410 Y34.17110
X85.49410 Y34.15840
X85.50680 Y34.15840
X85.50680 Y34.14570
X85.53220 Y34.14570
X85.53220 Y34.13300
X85.55760 Y34.13300
X85.55760 Y34.12030
X85.58300 Y34.12030
X85.58300 Y34.10760
X85.59570 Y34.10760
X85.59570 Y34.09490
X85.62110 Y34.09490
X85.62110 Y34.08220
X85.64650 Y34.08220
X85.64650 Y34.06950
X85.69730 Y34.06950
X85.69730 Y34.05680
X85.73540 Y34.05680
X85.73540 Y34.04410
X85.77350 Y34.04410
X85.77350 Y34.03140
X85.86240 Y34.03140
X85.86240 Y34.01870
X86.20530 Y34.01870
X86.20530 Y34.03140
X86.29420 Y34.03140
X86.29420 Y34.04410
X86.33230 Y34.04410
X86.33230 Y34.05680
X86.38310 Y34.05680
X86.38310 Y34.06950
X86.42120 Y34.06950
X86.42120 Y34.08220
X86.44660 Y34.08220
X86.44660 Y34.09490
X86.47200 Y34.09490
X86.47200 Y34.10760
X86.48470 Y34.10760
X86.48470 Y34.12030
X86.51010 Y34.12030
X86.51010 Y34.13300
X86.53550 Y34.13300
X86.53550 Y34.14570
X86.56090 Y34.14570
X86.56090 Y34.15840
X86.57360 Y34.15840
X86.57360 Y34.17110
X86.58630 Y34.17110
X86.58630 Y34.18380
X86.59900 Y34.18380
X86.59900 Y34.19650
X86.61170 Y34.19650
X86.61170 Y34.20920
X86.63710 Y34.20920
X86.63710 Y34.22190
X86.64980 Y34.22190
X86.64980 Y34.23460
X86.66250 Y34.23460
X86.66250 Y34.24730
X86.67520 Y34.24730
X86.67520 Y34.26000
X86.68790 Y34.26000
X86.68790 Y34.28540
X86.70060 Y34.28540
X86.70060 Y34.29810
X86.71330 Y34.29810
X86.71330 Y34.31080
X86.72600 Y34.31080
X86.72600 Y34.32350
X86.73870 Y34.32350
X86.73870 Y34.33620
X86.75140 Y34.33620
X86.75140 Y34.36160
X86.76410 Y34.36160
X86.76410 Y34.38700
X86.77680 Y34.38700
X86.77680 Y34.41240
X86.78950 Y34.41240
X86.78950 Y34.42510
X86.80220 Y34.42510
X86.80220 Y34.45050
X86.81490 Y34.45050
X86.81490 Y34.47590
X86.82760 Y34.47590
X86.82760 Y34.51400
X86.84030 Y34.51400
X86.84030 Y34.56480
X86.85300 Y34.56480
X86.85300 Y34.60290
X86.86570 Y34.60290
X86.86570 Y34.69180
X86.87840 Y34.69180
X86.87840 Y35.03470
X86.86570 Y35.03470
X86.86570 Y35.12360
X86.85300 Y35.12360
X86.85300 Y35.16170
X86.84030 Y35.16170
X86.84030 Y35.21250
X86.82760 Y35.21250
X86.82760 Y35.25060
X86.81490 Y35.25060
X86.81490 Y35.27600
X86.80220 Y35.27600
X86.80220 Y35.30140
X86.78950 Y35.30140
X86.78950 Y35.31410
X86.77680 Y35.31410
X86.77680 Y35.33950
X86.76410 Y35.33950
X86.76410 Y35.36490
X86.75140 Y35.36490
X86.75140 Y35.39030
X86.73870 Y35.39030
X86.73870 Y35.40300
X86.72600 Y35.40300
X86.72600 Y35.41570
X86.71330 Y35.41570
X86.71330 Y35.42840
X86.70060 Y35.42840
X86.70060 Y35.44110
X86.68790 Y35.44110
X86.68790 Y35.46650
X86.67520 Y35.46650
X86.67520 Y35.47920
X86.66250 Y35.47920
X86.66250 Y35.49190
X86.64980 Y35.49190
X86.64980 Y35.50460
X86.63710 Y35.50460
X86.63710 Y35.51730
X86.61170 Y35.51730
X86.61170 Y35.53000
X86.59900 Y35.53000
X86.59900 Y35.54270
X86.58630 Y35.54270
X86.58630 Y35.55540
X86.57360 Y35.55540
X86.57360 Y35.56810
X86.56090 Y35.56810
X86.56090 Y35.58080
X86.53550 Y35.58080
X86.53550 Y35.59350
X86.51010 Y35.59350
X86.51010 Y35.60620
X86.48470 Y35.60620
X86.48470 Y35.61890
X86.47200 Y35.61890
X86.47200 Y35.63160
X86.44660 Y35.63160
X86.44660 Y35.64430
X86.42120 Y35.64430
X86.42120 Y35.65700
X86.37040 Y35.65700
X86.37040 Y35.66970
X86.33230 Y35.66970
X86.33230 Y35.68240
X86.29420 Y35.68240
X86.29420 Y35.69510
X86.28150 Y35.69510
X86.28150 Y40.03850
X86.29420 Y40.03850
X86.29420 Y40.05120
X86.33230 Y40.05120
X86.33230 Y40.06390
X86.38310 Y40.06390
X86.38310 Y40.07660
X86.42120 Y40.07660
X86.42120 Y40.08930
X86.44660 Y40.08930
X86.44660 Y40.10200
X86.47200 Y40.10200
X86.47200 Y40.11470
X86.48470 Y40.11470
X86.48470 Y40.12740
X86.51010 Y40.12740
X86.51010 Y40.14010
X86.53550 Y40.14010
X86.53550 Y40.15280
X86.56090 Y40.15280
X86.56090 Y40.16550
X86.57360 Y40.16550
X86.57360 Y40.17820
X86.58630 Y40.17820
X86.58630 Y40.19090
X86.59900 Y40.19090
X86.59900 Y40.20360
X86.61170 Y40.20360
X86.61170 Y40.21630
X86.63710 Y40.21630
X86.63710 Y40.22900
X86.64980 Y40.22900
X86.64980 Y40.24170
X86.66250 Y40.24170
X86.66250 Y40.25440
X86.67520 Y40.25440
X86.67520 Y40.26710
X86.68790 Y40.26710
X86.68790 Y40.29250
X86.70060 Y40.29250
X86.70060 Y40.30520
X86.71330 Y40.30520
X86.71330 Y40.31790
X86.72600 Y40.31790
X86.72600 Y40.33060
X86.73870 Y40.33060
X86.73870 Y40.34330
X86.75140 Y40.34330
X86.75140 Y40.36870
X86.76410 Y40.36870
X86.76410 Y40.39410
X86.77680 Y40.39410
X86.77680 Y40.41950
X86.78950 Y40.41950
X86.78950 Y40.43220
X86.80220 Y40.43220
X86.80220 Y40.45760
X86.81490 Y40.45760
X86.81490 Y40.48300
X86.82760 Y40.48300
X86.82760 Y40.52110
X86.84030 Y40.52110
X86.84030 Y40.57190
X86.85300 Y40.57190
X86.85300 Y40.61000
X86.86570 Y40.61000
X86.86570 Y40.69890
X86.87840 Y40.69890
X86.87840 Y41.04180
X86.86570 Y41.04180
X86.86570 Y41.13070
X86.85300 Y41.13070
X86.85300 Y41.16880
X86.84030 Y41.16880
X86.84030 Y41.21960
X86.82760 Y41.21960
X86.82760 Y41.25770
X86.81490 Y41.25770
X86.81490 Y41.28310
X86.80220 Y41.28310
X86.80220 Y41.30850
X86.78950 Y41.30850
X86.78950 Y41.32120
X86.77680 Y41.32120
X86.77680 Y41.34660
X86.76410 Y41.34660
X86.76410 Y41.37200
X86.75140 Y41.37200
X86.75140 Y41.39740
X86.73870 Y41.39740
X86.73870 Y41.41010
X86.72600 Y41.41010
X86.72600 Y41.42280
X86.71330 Y41.42280
X86.71330 Y41.43550
X86.70060 Y41.43550
X86.70060 Y41.44820
X86.68790 Y41.44820
X86.68790 Y41.47360
X86.67520 Y41.47360
X86.67520 Y41.48630
X86.66250 Y41.48630
X86.66250 Y41.49900
X86.64980 Y41.49900
X86.64980 Y41.51170
X86.63710 Y41.51170
X86.63710 Y41.52440
X86.61170 Y41.52440
X86.61170 Y41.53710
X86.59900 Y41.53710
X86.59900 Y41.54980
X86.58630 Y41.54980
X86.58630 Y41.56250
X86.57360 Y41.56250
X86.57360 Y41.57520
X86.56090 Y41.57520
X86.56090 Y41.58790
X86.53550 Y41.58790
X86.53550 Y41.60060
X86.51010 Y41.60060
X86.51010 Y41.61330
X86.48470 Y41.61330
X86.48470 Y41.62600
X86.47200 Y41.62600
X86.47200 Y41.63870
X86.44660 Y41.63870
X86.44660 Y41.65140
X86.42120 Y41.65140
X86.42120 Y41.66410
X86.37040 Y41.66410
X86.37040 Y41.67680
X86.33230 Y41.67680
X86.33230 Y41.68950
X86.29420 Y41.68950
X86.29420 Y41.70220
X86.19260 Y41.70220
X86.19260 Y41.71490
X85.87510 Y41.71490
X85.87510 Y41.70220
X85.77350 Y41.70220
X85.77350 Y41.68950
X85.73540 Y41.68950
X85.73540 Y41.67680
X85.69730 Y41.67680
X85.69730 Y41.66410
X85.64650 Y41.66410
X85.64650 Y41.65140
X85.62110 Y41.65140
X85.62110 Y41.63870
X85.59570 Y41.63870
X85.59570 Y41.62600
X85.58300 Y41.62600
X85.58300 Y41.61330
G04 P0 ( dwell for no time -- G64 should not smooth over this point )
G00 Z5.00000 ( retract )

G00 X79.77910 Y65.79410 ( rapid move to begin. )
F300.00000
G01 Z-0.05000
G04 P0 ( dwell for no time -- G64 should not smooth over this point )
F600.00000
X79.77910 Y65.79410
X79.75370 Y65.79410
X79.75370 Y65.78140
X79.72830 Y65.78140
X79.72830 Y65.76870
X79.70290 Y65.76870
X79.70290 Y65.75600
X79.69020 Y65.75600
X79.69020 Y65.74330
X79.67750 Y65.74330
X79.67750 Y65.73060
X79.66480 Y65.73060
X79.66480 Y65.71790
X79.65210 Y65.71790
X79.65210 Y65.70520
X79.62670 Y65.70520
X79.62670 Y65.69250
X79.61400 Y65.69250
X79.61400 Y65.67980
X79.60130 Y65.67980
X79.60130 Y65.66710
X79.58860 Y65.66710
X79.58860 Y65.65440
X79.57590 Y65.65440
X79.57590 Y65.62900
X79.56320 Y65.62900
X79.56320 Y65.61630
X79.55050 Y65.61630
X79.55050 Y65.60360
X79.53780 Y65.60360
X79.53780 Y65.59090
X79.52510 Y65.59090
X79.52510 Y65.57820
X79.51240 Y65.57820
X79.51240 Y65.55280
X79.49970 Y65.55280
X79.49970 Y65.52740
X79.48700 Y65.52740
X79.48700 Y65.50200
X79.47430 Y65.50200
X79.47430 Y65.48930
X79.46160 Y65.48930
X79.46160 Y65.46390
X79.44890 Y65.46390
X79.44890 Y65.43850
X79.43620 Y65.43850
X79.43620 Y65.38770
X79.42350 Y65.38770
X79.42350 Y65.34960
X79.41080 Y65.34960
X79.41080 Y65.31150
X79.39810 Y65.31150
X79.39810 Y65.20990
X79.38540 Y65.20990
X79.38540 Y64.89240
X79.39810 Y64.89240
X79.39810 Y64.79080
X79.41080 Y64.79080
X79.41080 Y64.75270
X79.42350 Y64.75270
X79.42350 Y64.71460
X79.43620 Y64.71460
X79.43620 Y64.66380
X79.44890 Y64.66380
X79.44890 Y64.63840
X79.46160 Y64.63840
X79.46160 Y64.61300
X79.47430 Y64.61300
X79.47430 Y64.60030
X79.48700 Y64.60030
X79.48700 Y64.57490
X79.49970 Y64.57490
X79.49970 Y64.54950
X79.51240 Y64.54950
X79.51240 Y64.52410
X79.52510 Y64.52410
X79.52510 Y64.51140
X79.53780 Y64.51140
X79.53780 Y64.49870
X79.55050 Y64.49870
X79.55050 Y64.48600
X79.56320 Y64.48600
X79.56320 Y64.47330
X79.57590 Y64.47330
X79.57590 Y64.44790
X79.58860 Y64.44790
X79.58860 Y64.43520
X79.60130 Y64.43520
X79.60130 Y64.42250
X79.61400 Y64.42250
X79.61400 Y64.40980
X79.62670 Y64.40980
X79.62670 Y64.39710
X79.65210 Y64.39710
X79.65210 Y64.38440
X79.66480 Y64.38440
X79.66480 Y64.37170
X79.67750 Y64.37170
X79.67750 Y64.35900
X79.69020 Y64.35900
X79.69020 Y64.34630
X79.70290 Y64.34630
X79.70290 Y64.33360
X79.72830 Y64.33360
X79.72830 Y64.32090
X79.75370 Y64.32090
X79.75370 Y64.30820
X79.77910 Y64.30820
X79.77910 Y64.29550
X79.79180 Y64.29550
X79.79180 Y63.00010
X79.77910 Y63.00010
X79.77910 Y62.98740
X79.74100 Y62.98740
X79.74100 Y62.97470
X79.70290 Y62.97470
X79.70290 Y62.96200
X79.65210 Y62.96200
X79.65210 Y62.94930
X79.62670 Y62.94930
X79.62670 Y62.93660
X79.60130 Y62.93660
X79.60130 Y62.92390
X79.58860 Y62.92390
X79.58860 Y62.91120
X79.56320 Y62.91120
X79.56320 Y62.89850
X79.53780 Y62.89850
X79.53780 Y62.88580
X79.51240 Y62.88580
X79.51240 Y62.87310
X79.49970 Y62.87310
X79.49970 Y62.86040
X79.48700 Y62.86040
X79.48700 Y62.84770
X79.47430 Y62.84770
X79.47430 Y62.83500
X79.46160 Y62.83500
X79.46160 Y62.82230
X79.43620 Y62.82230
X79.43620 Y62.80960
X79.42350 Y62.80960
X79.42350 Y62.79690
X79.41080 Y62.79690
X79.41080 Y62.78420
X79.39810 Y62.78420
X79.39810 Y62.77150
X79.38540 Y62.77150
X79.38540 Y62.74610
X79.37270 Y62.74610
X79.37270 Y62.73340
X79.36000 Y62.73340
X79.36000 Y62.72070
X79.34730 Y62.72070
X79.34730 Y62.70800
X79.33460 Y62.70800
X79.33460 Y62.69530
X79.32190 Y62.69530
X79.32190 Y62.66990
X79.30920 Y62.66990
X79.30920 Y62.64450
X79.29650 Y62.64450
X79.29650 Y62.61910
X79.28380 Y62.61910
X79.28380 Y62.60640
X79.27110 Y62.60640
X79.27110 Y62.58100
X79.25840 Y62.58100
X79.25840 Y62.55560
X79.24570 Y62.55560
X79.24570 Y62.50480
X79.23300 Y62.50480
X79.23300 Y62.46670
X79.22030 Y62.46670
X79.22030 Y62.42860
X79.20760 Y62.42860
X79.20760 Y62.32700
X79.19490 Y62.32700
X79.19490 Y62.00950
X79.20760 Y62.00950
X79.20760 Y61.90790
X79.22030 Y61.90790
X79.22030 Y61.86980
X79.23300 Y61.86980
X79.23300 Y61.83170
X79.24570 Y61.83170
X79.24570 Y61.78090
X79.25840 Y61.78090
X79.25840 Y61.75550
X79.27110 Y61.75550
X79.27110 Y61.73010
X79.28380 Y61.73010
X79.28380 Y61.71740
X79.29650 Y61.71740
X79.29650 Y61.69200
X79.30920 Y61.69200
X79.30920 Y61.66660
X79.32190 Y61.66660
X79.32190 Y61.64120
X79.33460 Y61.64120
X79.33460 Y61.62850
X79.34730 Y61.62850
X79.34730 Y61.61580
X79.36000 Y61.61580
X79.36000 Y61.60310
X79.37270 Y61.60310
X79.37270 Y61.59040
X79.38540 Y61.59040
X79.38540 Y61.56500
X79.39810 Y61.56500
X79.39810 Y61.55230
X79.41080 Y61.55230
X79.41080 Y61.53960
X79.42350 Y61.53960
X79.42350 Y61.52690
X79.43620 Y61.52690
X79.43620 Y61.51420
X79.46160 Y61.51420
X79.46160 Y61.50150
X79.47430 Y61.50150
X79.47430 Y61.48880
X79.48700 Y61.48880
X79.48700 Y61.47610
X79.49970 Y61.47610
X79.49970 Y61.46340
X79.51240 Y61.46340
X79.51240 Y61.45070
X79.53780 Y61.45070
X79.53780 Y61.43800
X79.56320 Y61.43800
X79.56320 Y61.42530
X79.58860 Y61.42530
X79.58860 Y61.41260
X79.60130 Y61.41260
X79.60130 Y61.39990
X79.62670 Y61.39990
X79.62670 Y61.38720
X79.65210 Y61.38720
X79.65210 Y61.37450
X79.70290 Y61.37450
X79.70290 Y61.36180
X79.74100 Y61.36180
X79.74100 Y61.34910
X79.77910 Y61.34910
X79.77910 Y61.33640
X79.86800 Y61.33640
X79.86800 Y61.32370
X80.21090 Y61.32370
X80.21090 Y61.33640
X80.29980 Y61.33640
X80.29980 Y61.34910
X80.33790 Y61.34910
X80.33790 Y61.36180
X80.38870 Y61.36180
X80.38870 Y61.37450
X80.42680 Y61.37450
X80.42680 Y61.38720
X80.45220 Y61.38720
X80.45220 Y61.39990
X80.47760 Y61.39990
X80.47760 Y61.41260
X80.49030 Y61.41260
X80.49030 Y61.42530
X80.51570 Y61.42530
X80.51570 Y61.43800
X80.54110 Y61.43800
X80.54110 Y61.45070
X80.56650 Y61.45070
X80.56650 Y61.46340
X80.57920 Y61.46340
X80.57920 Y61.47610
X80.59190 Y61.47610
X80.59190 Y61.48880
X80.60460 Y61.48880
X80.60460 Y61.50150
X80.61730 Y61.50150
X80.61730 Y61.51420
X80.64270 Y61.51420
X80.64270 Y61.52690
X80.65540 Y61.52690
X80.65540 Y61.53960
X80.66810 Y61.53960
X80.66810 Y61.55230
X80.68080 Y61.55230
X80.68080 Y61.56500
X80.69350 Y61.56500
X80.69350 Y61.59040
X80.70620 Y61.59040
X80.70620 Y61.60310
X80.71890 Y61.60310
X80.71890 Y61.61580
X80.73160 Y61.61580
X80.73160 Y61.62850
X80.74430 Y61.62850
X80.74430 Y61.64120
X80.75700 Y61.64120
X80.75700 Y61.66660
X80.76970 Y61.66660
X80.76970 Y61.69200
X80.78240 Y61.69200
X80.78240 Y61.71740
X80.79510 Y61.71740
X80.79510 Y61.73010
X80.80780 Y61.73010
X80.80780 Y61.75550
X80.82050 Y61.75550
X80.82050 Y61.78090
X80.83320 Y61.78090
X80.83320 Y61.81900
X80.84590 Y61.81900
X80.84590 Y61.86980
X80.85860 Y61.86980
X80.85860 Y61.90790
X80.87130 Y61.90790
X80.87130 Y61.99680
X80.88400 Y61.99680
X80.88400 Y62.33970
X80.87130 Y62.33970
X80.87130 Y62.42860
X80.85860 Y62.42860
X80.85860 Y62.46670
X80.84590 Y62.46670
X80.84590 Y62.51750
X80.83320 Y62.51750
X80.83320 Y62.55560
X80.82050 Y62.55560
X80.82050 Y62.58100
X80.80780 Y62.58100
X80.80780 Y62.60640
X80.79510 Y62.60640
X80.79510 Y62.61910
X80.78240 Y62.61910
X80.78240 Y62.64450
X80.76970 Y62.64450
X80.76970 Y62.66990
X80.75700 Y62.66990
X80.75700 Y62.69530
X80.74430 Y62.69530
X80.74430 Y62.70800
X80.73160 Y62.70800
X80.73160 Y62.72070
X80.71890 Y62.72070
X80.71890 Y62.73340
X80.70620 Y62.73340
X80.70620 Y62.74610
X80.69350 Y62.74610
X80.69350 Y62.77150
X80.68080 Y62.77150
X80.68080 Y62.78420
X80.66810 Y62.78420
X80.66810 Y62.79690
X80.65540 Y62.79690
X80.65540 Y62.80960
X80.64270 Y62.80960
X80.64270 Y62.82230
X80.61730 Y62.82230
X80.61730 Y62.83500
X80.60460 Y62.83500
X80.60460 Y62.84770
X80.59190 Y62.84770
X80.59190 Y62.86040
X80.57920 Y62.86040
X80.57920 Y62.87310
X80.56650 Y62.87310
X80.56650 Y62.88580
X80.54110 Y62.88580
X80.54110 Y62.89850
X80.51570 Y62.89850
X80.51570 Y62.91120
X80.49030 Y62.91120
X80.49030 Y62.92390
X80.47760 Y62.92390
X80.47760 Y62.93660
X80.45220 Y62.93660
X80.45220 Y62.94930
X80.42680 Y62.94930
X80.42680 Y62.96200
X80.37600 Y62.96200
X80.37600 Y62.97470
X80.33790 Y62.97470
X80.33790 Y62.98740
X80.29980 Y62.98740
X80.29980 Y63.00010
X80.28710 Y63.00010
X80.28710 Y64.20660
X80.40140 Y64.20660
X80.40140 Y64.21930
X80.49030 Y64.21930
X80.49030 Y64.23200
X80.52840 Y64.23200
X80.52840 Y64.24470
X80.57920 Y64.24470
X80.57920 Y64.25740
X80.61730 Y64.25740
X80.61730 Y64.27010
X80.64270 Y64.27010
X80.64270 Y64.28280
X80.66810 Y64.28280
X80.66810 Y64.29550
X80.68080 Y64.29550
X80.68080 Y64.30820
X80.70620 Y64.30820
X80.70620 Y64.32090
X80.73160 Y64.32090
X80.73160 Y64.33360
X80.75700 Y64.33360
X80.75700 Y64.34630
X80.76970 Y64.34630
X80.76970 Y64.35900
X80.78240 Y64.35900
X80.78240 Y64.37170
X80.79510 Y64.37170
X80.79510 Y64.38440
X80.80780 Y64.38440
X80.80780 Y64.39710
X80.83320 Y64.39710
X80.83320 Y64.40980
X80.84590 Y64.40980
X80.84590 Y64.42250
X80.85860 Y64.42250
X80.85860 Y64.43520
X80.87130 Y64.43520
X80.87130 Y64.44790
X80.88400 Y64.44790
X80.88400 Y64.47330
X80.89670 Y64.47330
X80.89670 Y64.48600
X80.90940 Y64.48600
X80.90940 Y64.49870
X80.92210 Y64.49870
X80.92210 Y64.51140
X80.93480 Y64.51140
X80.93480 Y64.52410
X80.94750 Y64.52410
X80.94750 Y64.54950
X80.96020 Y64.54950
X80.96020 Y64.57490
X80.97290 Y64.57490
X80.97290 Y64.60030
X80.98560 Y64.60030
X80.98560 Y64.61300
X80.99830 Y64.61300
X80.99830 Y64.63840
X81.01100 Y64.63840
X81.01100 Y64.66380
X81.02370 Y64.66380
X81.02370 Y64.70190
X81.03640 Y64.70190
X81.03640 Y64.75270
X81.04910 Y64.75270
X81.04910 Y64.79080
X81.06180 Y64.79080
X81.06180 Y64.87970
X81.07450 Y64.87970
X81.07450 Y65.22260
X81.06180 Y65.22260
X81.06180 Y65.31150
X81.04910 Y65.31150
X81.04910 Y65.34960
X81.03640 Y65.34960
X81.03640 Y65.40040
X81.02370 Y65.40040
X81.02370 Y65.43850
X81.01100 Y65.43850
X81.01100 Y65.46390
X80.99830 Y65.46390
X80.99830 Y65.48930
X80.98560 Y65.48930
X80.98560 Y65.50200
X80.97290 Y65.50200
X80.97290 Y65.52740
X80.96020 Y65.52740
X80.96020 Y65.55280
X80.94750 Y65.55280
X80.94750 Y65.57820
X80.93480 Y65.57820
X80.93480 Y65.59090
X80.92210 Y65.59090
X80.92210 Y65.60360
X80.90940 Y65.60360
X80.90940 Y65.61630
X80.89670 Y65.61630
X80.89670 Y65.62900
X80.88400 Y65.62900
X80.88400 Y65.65440
X80.87130 Y65.65440
X80.87130 Y65.66710
X80.85860 Y65.66710
X80.85860 Y65.67980
X80.84590 Y65.67980
X80.84590 Y65.69250
X80.83320 Y65.69250
X80.83320 Y65.70520
X80.80780 Y65.70520
X80.80780 Y65.71790
X80.79510 Y65.71790
X80.79510 Y65.73060
X80.78240 Y65.73060
X80.78240 Y65.74330
X80.76970 Y65.74330
X80.76970 Y65.75600
X80.75700 Y65.75600
X80.75700 Y65.76870
X80.73160 Y65.76870
X80.73160 Y65.78140
X80.70620 Y65.78140
X80.70620 Y65.79410
X80.68080 Y65.79410
X80.68080 Y65.80680
X80.66810 Y65.80680
X80.66810 Y65.81950
X80.64270 Y65.81950
X80.64270 Y65.83220
X80.61730 Y65.83220
X80.61730 Y65.84490
X80.56650 Y65.84490
X80.56650 Y65.85760
X80.52840 Y65.85760
X80.52840 Y65.87030
X80.49030 Y65.87030
X80.49030 Y65.88300
X80.38870 Y65.88300
X80.38870 Y65.89570
X80.07120 Y65.89570
X80.07120 Y65.88300
X79.96960 Y65.88300
X79.96960 Y65.87030
X79.93150 Y65.87030
X79.93150 Y65.85760
X79.89340 Y65.85760
X79.89340 Y65.84490
X79.84260 Y65.84490
X79.84260 Y65.83220
X79.81720 Y65.83220
X79.81720 Y65.81950
X79.79180 Y65.81950
X79.79180 Y65.80680
X79.77910 Y65.80680
X79.77910 Y65.79410
G04 P0 ( dwell for no time -- G64 should not smooth over this point )
G00 Z5.00000 ( retract )

G00 X76.59140 Y65.60360 ( rapid move to begin. )
F300.00000
G01 Z-0.05000
G04 P0 ( dwell for no time -- G64 should not smooth over this point )
F600.00000
X76.59140 Y65.60360
X76.56600 Y65.60360
X76.56600 Y65.59090
X76.54060 Y65.59090
X76.54060 Y65.57820
X76.51520 Y65.57820
X76.51520 Y65.56550
X76.50250 Y65.56550
X76.50250 Y65.55280
X76.48980 Y65.55280
X76.48980 Y65.54010
X76.47710 Y65.54010
X76.47710 Y65.52740
X76.46440 Y65.52740
X76.46440 Y65.51470
X76.43900 Y65.51470
X76.43900 Y65.50200
X76.42630 Y65.50200
X76.42630 Y65.48930
X76.41360 Y65.48930
X76.41360 Y65.47660
X76.40090 Y65.47660
X76.40090 Y65.46390
X76.38820 Y65.46390
X76.38820 Y65.43850
X76.37550 Y65.43850
X76.37550 Y65.42580
X76.36280 Y65.42580
X76.36280 Y65.41310
X76.35010 Y65.41310
X76.35010 Y65.40040
X76.33740 Y65.40040
X76.33740 Y65.38770
X76.32470 Y65.38770
X76.32470 Y65.36230
X76.31200 Y65.36230
X76.31200 Y65.33690
X76.29930 Y65.33690
X76.29930 Y65.31150
X76.28660 Y65.31150
X76.28660 Y65.29880
X76.27390 Y65.29880
X76.27390 Y65.27340
X76.26120 Y65.27340
X76.26120 Y65.24800
X76.24850 Y65.24800
X76.24850 Y65.19720
X76.23580 Y65.19720
X76.23580 Y65.15910
X76.22310 Y65.15910
X76.22310 Y65.12100
X76.21040 Y65.12100
X76.21040 Y65.01940
X76.19770 Y65.01940
X76.19770 Y64.70190
X76.21040 Y64.70190
X76.21040 Y64.60030
X76.22310 Y64.60030
X76.22310 Y64.56220
X76.23580 Y64.56220
X76.23580 Y64.52410
X76.24850 Y64.52410
X76.24850 Y64.47330
X76.23580 Y64.47330
X76.23580 Y64.46060
X76.22310 Y64.46060
X76.22310 Y64.44790
X76.21040 Y64.44790
X76.21040 Y64.43520
X76.19770 Y64.43520
X76.19770 Y64.42250
X76.18500 Y64.42250
X76.18500 Y64.40980
X76.17230 Y64.40980
X76.17230 Y64.39710
X76.15960 Y64.39710
X76.15960 Y64.38440
X76.14690 Y64.38440
X76.14690 Y64.37170
X76.13420 Y64.37170
X76.13420 Y64.35900
X76.12150 Y64.35900
X76.12150 Y64.34630
X76.10880 Y64.34630
X76.10880 Y64.33360
X76.09610 Y64.33360
X76.09610 Y64.32090
X76.08340 Y64.32090
X76.08340 Y64.30820
X76.07070 Y64.30820
X76.07070 Y64.29550
X76.05800 Y64.29550
X76.05800 Y64.28280
X76.04530 Y64.28280
X76.04530 Y64.27010
X76.03260 Y64.27010
X76.03260 Y64.25740
X76.01990 Y64.25740
X76.01990 Y64.24470
X76.00720 Y64.24470
X76.00720 Y64.23200
X75.99450 Y64.23200
X75.99450 Y64.21930
X75.98180 Y64.21930
X75.98180 Y64.20660
X75.96910 Y64.20660
X75.96910 Y64.19390
X75.95640 Y64.19390
X75.95640 Y64.18120
X75.94370 Y64.18120
X75.94370 Y64.16850
X75.93100 Y64.16850
X75.93100 Y64.15580
X75.91830 Y64.15580
X75.91830 Y64.14310
X75.90560 Y64.14310
X75.90560 Y64.13040
X75.89290 Y64.13040
X75.89290 Y64.11770
X75.88020 Y64.11770
X75.88020 Y64.10500
X75.86750 Y64.10500
X75.86750 Y64.09230
X75.85480 Y64.09230
X75.85480 Y64.07960
X75.84210 Y64.07960
X75.84210 Y64.06690
X75.82940 Y64.06690
X75.82940 Y64.05420
X75.81670 Y64.05420
X75.81670 Y64.04150
X75.80400 Y64.04150
X75.80400 Y64.02880
X75.79130 Y64.02880
X75.79130 Y64.01610
X75.77860 Y64.01610
X75.77860 Y64.00340
X75.76590 Y64.00340
X75.76590 Y63.99070
X75.75320 Y63.99070
X75.75320 Y63.97800
X75.74050 Y63.97800
X75.74050 Y63.96530
X75.72780 Y63.96530
X75.72780 Y63.95260
X75.71510 Y63.95260
X75.71510 Y63.93990
X75.70240 Y63.93990
X75.70240 Y63.92720
X75.68970 Y63.92720
X75.68970 Y63.91450
X75.67700 Y63.91450
X75.67700 Y63.90180
X75.66430 Y63.90180
X75.66430 Y63.88910
X75.65160 Y63.88910
X75.65160 Y63.87640
X75.63890 Y63.87640
X75.63890 Y63.86370
X75.62620 Y63.86370
X75.62620 Y63.85100
X75.61350 Y63.85100
X75.61350 Y63.83830
X75.60080 Y63.83830
X75.60080 Y63.82560
X75.58810 Y63.82560
X75.58810 Y63.81290
X75.57540 Y63.81290
X75.57540 Y63.80020
X75.56270 Y63.80020
X75.56270 Y63.78750
X75.55000 Y63.78750
X75.55000 Y63.77480
X75.53730 Y63.77480
X75.53730 Y63.76210
X75.52460 Y63.76210
X75.52460 Y63.74940
X75.51190 Y63.74940
X75.51190 Y63.73670
X75.49920 Y63.73670
X75.49920 Y63.72400
X75.48650 Y63.72400
X75.48650 Y63.71130
X75.47380 Y63.71130
X75.47380 Y63.69860
X75.46110 Y63.69860
X75.46110 Y63.68590
X75.44840 Y63.68590
X75.44840 Y63.67320
X75.43570 Y63.67320
X75.43570 Y63.66050
X75.42300 Y63.66050
X75.42300 Y63.64780
X75.41030 Y63.64780
X75.41030 Y63.63510
X75.39760 Y63.63510
X75.39760 Y63.62240
X75.38490 Y63.62240
X75.38490 Y63.60970
X75.37220 Y63.60970
X75.37220 Y63.59700
X75.35950 Y63.59700
X75.35950 Y63.58430
X75.34680 Y63.58430
X75.34680 Y63.57160
X75.33410 Y63.57160
X75.33410 Y63.55890
X75.32140 Y63.55890
X75.32140 Y63.54620
X75.30870 Y63.54620
X75.30870 Y63.53350
X75.29600 Y63.53350
X75.29600 Y63.52080
X75.28330 Y63.52080
X75.28330 Y63.50810
X75.27060 Y63.50810
X75.27060 Y63.49540
X75.25790 Y63.49540
X75.25790 Y63.48270
X75.24520 Y63.48270
X75.24520 Y63.47000
X75.23250 Y63.47000
X75.23250 Y63.45730
X75.21980 Y63.45730
X75.21980 Y63.44460
X75.20710 Y63.44460
X75.20710 Y63.43190
X75.19440 Y63.43190
X75.19440 Y63.41920
X75.18170 Y63.41920
X75.18170 Y63.40650
X75.16900 Y63.40650
X75.16900 Y63.39380
X75.15630 Y63.39380
X75.15630 Y63.38110
X75.14360 Y63.38110
X75.14360 Y63.36840
X75.13090 Y63.36840
X75.13090 Y63.35570
X75.11820 Y63.35570
X75.11820 Y63.34300
X75.10550 Y63.34300
X75.10550 Y63.33030
X75.09280 Y63.33030
X75.09280 Y63.31760
X75.08010 Y63.31760
X75.08010 Y63.30490
X75.06740 Y63.30490
X75.06740 Y63.29220
X75.05470 Y63.29220
X75.05470 Y63.27950
X75.04200 Y63.27950
X75.04200 Y63.26680
X75.02930 Y63.26680
X75.02930 Y63.25410
X75.01660 Y63.25410
X75.01660 Y63.24140
X75.00390 Y63.24140
X75.00390 Y63.22870
X74.99120 Y63.22870
X74.99120 Y63.21600
X74.97850 Y63.21600
X74.97850 Y63.20330
X74.96580 Y63.20330
X74.96580 Y63.19060
X74.95310 Y63.19060
X74.95310 Y63.17790
X74.94040 Y63.17790
X74.94040 Y63.16520
X74.92770 Y63.16520
X74.92770 Y63.15250
X74.91500 Y63.15250
X74.91500 Y63.13980
X74.90230 Y63.13980
X74.90230 Y63.12710
X74.88960 Y63.12710
X74.88960 Y63.11440
X74.87690 Y63.11440
X74.87690 Y63.10170
X74.86420 Y63.10170
X74.86420 Y63.08900
X74.85150 Y63.08900
X74.85150 Y63.07630
X74.83880 Y63.07630
X74.83880 Y63.06360
X74.82610 Y63.06360
X74.82610 Y63.05090
X74.81340 Y63.05090
X74.81340 Y63.03820
X74.80070 Y63.03820
X74.80070 Y63.02550
X74.78800 Y63.02550
X74.78800 Y63.01280
X74.77530 Y63.01280
X74.77530 Y63.00010
X74.76260 Y63.00010
X74.76260 Y62.98740
X74.74990 Y62.98740
X74.74990 Y62.97470
X74.73720 Y62.97470
X74.73720 Y62.96200
X74.72450 Y62.96200
X74.72450 Y62.94930
X74.71180 Y62.94930
X74.71180 Y62.93660
X74.69910 Y62.93660
X74.69910 Y62.92390
X74.68640 Y62.92390
X74.68640 Y62.91120
X74.67370 Y62.91120
X74.67370 Y62.89850
X74.66100 Y62.89850
X74.66100 Y62.88580
X74.64830 Y62.88580
X74.64830 Y62.87310
X74.63560 Y62.87310
X74.63560 Y62.86040
X74.62290 Y62.86040
X74.62290 Y62.84770
X74.61020 Y62.84770
X74.61020 Y62.83500
X74.59750 Y62.83500
X74.59750 Y62.82230
X74.58480 Y62.82230
X74.58480 Y62.80960
X74.57210 Y62.80960
X74.57210 Y62.79690
X74.55940 Y62.79690
X74.55940 Y62.78420
X74.54670 Y62.78420
X74.54670 Y62.77150
X74.53400 Y62.77150
X74.53400 Y62.75880
X74.52130 Y62.75880
X74.52130 Y62.74610
X74.50860 Y62.74610
X74.50860 Y62.73340
X74.49590 Y62.73340
X74.49590 Y62.72070
X74.48320 Y62.72070
X74.48320 Y62.70800
X74.47050 Y62.70800
X74.47050 Y62.69530
X74.45780 Y62.69530
X74.45780 Y62.68260
X74.44510 Y62.68260
X74.44510 Y62.66990
X74.43240 Y62.66990
X74.43240 Y62.65720
X74.41970 Y62.65720
X74.41970 Y62.64450
X74.40700 Y62.64450
X74.40700 Y62.63180
X74.39430 Y62.63180
X74.39430 Y62.61910
X74.38160 Y62.61910
X74.38160 Y62.60640
X74.36890 Y62.60640
X74.36890 Y62.59370
X74.35620 Y62.59370
X74.35620 Y62.58100
X74.34350 Y62.58100
X74.34350 Y62.56830
X74.33080 Y62.56830
X74.33080 Y62.55560
X74.31810 Y62.55560
X74.31810 Y62.54290
X74.30540 Y62.54290
X74.30540 Y62.53020
X74.29270 Y62.53020
X74.29270 Y62.51750
X74.28000 Y62.51750
X74.28000 Y62.50480
X74.26730 Y62.50480
X74.26730 Y62.49210
X74.25460 Y62.49210
X74.25460 Y62.47940
X74.24190 Y62.47940
X74.24190 Y62.46670
X74.22920 Y62.46670
X74.22920 Y62.45400
X74.21650 Y62.45400
X74.21650 Y62.44130
X74.20380 Y62.44130
X74.20380 Y62.42860
X74.19110 Y62.42860
X74.19110 Y62.41590
X74.17840 Y62.41590
X74.17840 Y62.40320
X74.16570 Y62.40320
X74.16570 Y62.39050
X74.15300 Y62.39050
X74.15300 Y62.37780
X74.14030 Y62.37780
X74.14030 Y62.36510
X74.12760 Y62.36510
X74.12760 Y62.35240
X74.11490 Y62.35240
X74.11490 Y62.33970
X74.10220 Y62.33970
X74.10220 Y62.32700
X74.08950 Y62.32700
X74.08950 Y62.31430
X74.07680 Y62.31430
X74.07680 Y62.30160
X74.06410 Y62.30160
X74.06410 Y62.28890
X74.05140 Y62.28890
X74.05140 Y62.27620
X74.03870 Y62.27620
X74.03870 Y62.26350
X74.02600 Y62.26350
X74.02600 Y62.25080
X74.01330 Y62.25080
X74.01330 Y62.23810
X74.00060 Y62.23810
X74.00060 Y62.22540
X73.98790 Y62.22540
X73.98790 Y62.21270
X73.97520 Y62.21270
X73.97520 Y62.20000
X73.96250 Y62.20000
X73.96250 Y62.18730
X73.94980 Y62.18730
X73.94980 Y62.17460
X73.93710 Y62.17460
X73.93710 Y62.16190
X73.92440 Y62.16190
X73.92440 Y62.14920
X73.91170 Y62.14920
X73.91170 Y62.13650
X73.89900 Y62.13650
X73.89900 Y62.12380
X73.88630 Y62.12380
X73.88630 Y62.11110
X73.87360 Y62.11110
X73.87360 Y62.09840
X73.86090 Y62.09840
X73.86090 Y62.08570
X73.84820 Y62.08570
X73.84820 Y62.07300
X73.83550 Y62.07300
X73.83550 Y62.06030
X73.82280 Y62.06030
X73.82280 Y62.04760
X73.81010 Y62.04760
X73.81010 Y62.03490
X73.79740 Y62.03490
X73.79740 Y62.02220
X73.78470 Y62.02220
X73.78470 Y62.00950
X73.77200 Y62.00950
X73.77200 Y61.99680
X73.75930 Y61.99680
X73.75930 Y61.98410
X73.74660 Y61.98410
X73.74660 Y61.97140
X73.73390 Y61.97140
X73.73390 Y61.95870
X73.72120 Y61.95870
X73.72120 Y61.94600
X73.70850 Y61.94600
X73.70850 Y61.93330
X73.69580 Y61.93330
X73.69580 Y61.92060
X73.68310 Y61.92060
X73.68310 Y61.90790
X73.67040 Y61.90790
X73.67040 Y61.89520
X73.65770 Y61.89520
X73.65770 Y61.88250
X73.64500 Y61.88250
X73.64500 Y61.86980
X73.63230 Y61.86980
X73.63230 Y61.85710
X73.61960 Y61.85710
X73.61960 Y61.84440
X73.60690 Y61.84440
X73.60690 Y61.83170
X73.59420 Y61.83170
X73.59420 Y61.81900
X73.58150 Y61.81900
X73.58150 Y61.80630
X73.56880 Y61.80630
X73.56880 Y61.79360
X73.55610 Y61.79360
X73.55610 Y61.78090
X73.54340 Y61.78090
X73.54340 Y61.76820
X73.53070 Y61.76820
X73.53070 Y61.75550
X73.51800 Y61.75550
X73.51800 Y61.74280
X73.50530 Y61.74280
X73.50530 Y61.73010
X73.49260 Y61.73010
X73.49260 Y61.71740
X73.47990 Y61.71740
X73.47990 Y61.70470
X73.46720 Y61.70470
X73.46720 Y61.69200
X73.45450 Y61.69200
X73.45450 Y61.67930
X73.44180 Y61.67930
X73.44180 Y61.66660
X73.42910 Y61.66660
X73.42910 Y61.65390
X73.41640 Y61.65390
X73.41640 Y61.64120
X73.40370 Y61.64120
X73.40370 Y61.62850
X73.39100 Y61.62850
X73.39100 Y61.61580
X73.37830 Y61.61580
X73.37830 Y61.60310
X73.36560 Y61.60310
X73.36560 Y61.59040
X73.35290 Y61.59040
X73.35290 Y61.57770
X73.34020 Y61.57770
X73.34020 Y61.56500
X73.32750 Y61.56500
X73.32750 Y61.55230
X73.31480 Y61.55230
X73.31480 Y61.53960
X73.30210 Y61.53960
X73.30210 Y61.52690
X73.28940 Y61.52690
X73.28940 Y61.51420
X73.27670 Y61.51420
X73.27670 Y61.50150
X73.26400 Y61.50150
X73.26400 Y61.48880
X73.25130 Y61.48880
X73.25130 Y61.47610
X73.23860 Y61.47610
X73.23860 Y61.46340
X73.22590 Y61.46340
X73.22590 Y61.45070
X73.21320 Y61.45070
X73.21320 Y61.43800
X73.20050 Y61.43800
X73.20050 Y61.42530
X73.18780 Y61.42530
X73.18780 Y61.41260
X73.17510 Y61.41260
X73.17510 Y61.39990
X73.16240 Y61.39990
X73.16240 Y61.38720
X73.14970 Y61.38720
X73.14970 Y61.37450
X73.13700 Y61.37450
X73.13700 Y61.36180
X73.12430 Y61.36180
X73.12430 Y61.34910
X73.11160 Y61.34910
X73.11160 Y61.33640
X73.09890 Y61.33640
X73.09890 Y61.32370
X73.08620 Y61.32370
X73.08620 Y61.31100
X73.07350 Y61.31100
X73.07350 Y61.29830
X73.06080 Y61.29830
X73.06080 Y61.28560
X73.04810 Y61.28560
X73.04810 Y61.27290
X73.03540 Y61.27290
X73.03540 Y61.26020
X73.02270 Y61.26020
X73.02270 Y61.24750
X73.01000 Y61.24750
X73.01000 Y61.23480
X72.99730 Y61.23480
X72.99730 Y61.22210
X72.98460 Y61.22210
X72.98460 Y61.20940
X72.97190 Y61.20940
X72.97190 Y61.19670
X72.95920 Y61.19670
X72.95920 Y61.18400
X72.94650 Y61.18400
X72.94650 Y61.17130
X72.93380 Y61.17130
X72.93380 Y61.15860
X72.92110 Y61.15860
X72.92110 Y61.14590
X72.90840 Y61.14590
X72.90840 Y61.13320
X72.89570 Y61.13320
X72.89570 Y61.12050
X72.88300 Y61.12050
X72.88300 Y61.10780
X72.87030 Y61.10780
X72.87030 Y61.09510
X72.85760 Y61.09510
X72.85760 Y61.08240
X72.84490 Y61.08240
X72.84490 Y61.06970
X72.83220 Y61.06970
X72.83220 Y61.05700
X72.81950 Y61.05700
X72.81950 Y61.04430
X72.80680 Y61.04430
X72.80680 Y61.03160
X72.79410 Y61.03160
X72.79410 Y61.01890
X72.78140 Y61.01890
X72.78140 Y61.00620
X72.76870 Y61.00620
X72.76870 Y60.99350
X72.75600 Y60.99350
X72.75600 Y60.98080
X72.74330 Y60.98080
X72.74330 Y60.96810
X72.73060 Y60.96810
X72.73060 Y60.95540
X72.71790 Y60.95540
X72.71790 Y60.94270
X72.70520 Y60.94270
X72.70520 Y60.93000
X72.69250 Y60.93000
X72.69250 Y60.91730
X72.67980 Y60.91730
X72.67980 Y60.90460
X72.66710 Y60.90460
X72.66710 Y60.89190
X72.65440 Y60.89190
X72.65440 Y60.87920
X72.64170 Y60.87920
X72.64170 Y60.86650
X72.62900 Y60.86650
X72.62900 Y60.85380
X72.61630 Y60.85380
X72.61630 Y60.84110
X72.60360 Y60.84110
X72.60360 Y60.82840
X72.59090 Y60.82840
X72.59090 Y60.81570
X72.57820 Y60.81570
X72.57820 Y60.80300
X72.56550 Y60.80300
X72.56550 Y60.79030
X72.55280 Y60.79030
X72.55280 Y60.77760
X72.54010 Y60.77760
X72.54010 Y60.76490
X72.52740 Y60.76490
X72.52740 Y60.75220
X72.51470 Y60.75220
X72.51470 Y60.73950
X72.50200 Y60.73950
X72.50200 Y60.72680
X72.48930 Y60.72680
X72.48930 Y60.71410
X72.47660 Y60.71410
X72.47660 Y60.70140
X72.46390 Y60.70140
X72.46390 Y60.68870
X72.45120 Y60.68870
X72.45120 Y60.67600
X72.43850 Y60.67600
X72.43850 Y60.66330
X72.42580 Y60.66330
X72.42580 Y60.65060
X72.41310 Y60.65060
X72.41310 Y60.63790
X72.40040 Y60.63790
X72.40040 Y60.62520
X72.38770 Y60.62520
X72.38770 Y60.61250
X72.37500 Y60.61250
X72.37500 Y60.59980
X72.36230 Y60.59980
X72.36230 Y60.58710
X72.34960 Y60.58710
X72.34960 Y60.57440
X72.33690 Y60.57440
X72.33690 Y60.56170
X72.32420 Y60.56170
X72.32420 Y60.54900
X72.31150 Y60.54900
X72.31150 Y60.53630
X72.29880 Y60.53630
X72.29880 Y60.52360
X72.28610 Y60.52360
X72.28610 Y60.51090
X72.27340 Y60.51090
X72.27340 Y60.49820
X72.26070 Y60.49820
X72.26070 Y60.48550
X72.24800 Y60.48550
X72.24800 Y60.47280
X72.23530 Y60.47280
X72.23530 Y60.46010
X72.22260 Y60.46010
X72.22260 Y60.44740
X72.20990 Y60.44740
X72.20990 Y60.43470
X72.19720 Y60.43470
X72.19720 Y60.42200
X72.18450 Y60.42200
X72.18450 Y60.40930
X72.17180 Y60.40930
X72.17180 Y60.39660
X72.15910 Y60.39660
X72.15910 Y60.38390
X72.14640 Y60.38390
X72.14640 Y60.37120
X72.13370 Y60.37120
X72.13370 Y60.35850
X72.12100 Y60.35850
X72.12100 Y60.34580
X72.10830 Y60.34580
X72.10830 Y60.33310
X72.09560 Y60.33310
X72.09560 Y60.32040
X72.08290 Y60.32040
X72.08290 Y60.30770
X72.07020 Y60.30770
X72.07020 Y60.29500
X72.05750 Y60.29500
X72.05750 Y60.28230
X72.04480 Y60.28230
X72.04480 Y60.26960
X72.03210 Y60.26960
X72.03210 Y60.25690
X72.01940 Y60.25690
X72.01940 Y60.24420
X72.00670 Y60.24420
X72.00670 Y60.23150
X71.99400 Y60.23150
X71.99400 Y60.21880
X71.98130 Y60.21880
X71.98130 Y60.20610
X71.96860 Y60.20610
X71.96860 Y60.19340
X71.95590 Y60.19340
X71.95590 Y60.18070
X71.94320 Y60.18070
X71.94320 Y60.16800
X71.93050 Y60.16800
X71.93050 Y60.15530
X71.91780 Y60.15530
X71.91780 Y60.14260
X71.90510 Y60.14260
X71.90510 Y60.12990
X71.89240 Y60.12990
X71.89240 Y60.11720
X71.87970 Y60.11720
X71.87970 Y60.10450
X71.86700 Y60.10450
X71.86700 Y60.09180
X71.85430 Y60.09180
X71.85430 Y60.07910
X71.84160 Y60.07910
X71.84160 Y60.06640
X71.82890 Y60.06640
X71.82890 Y60.05370
X71.81620 Y60.05370
X71.81620 Y60.02830
X71.80350 Y60.02830
X71.80350 Y59.99020
X71.79080 Y59.99020
X71.79080 Y59.69810
X71.77810 Y59.69810
X71.77810 Y59.68540
X71.74000 Y59.68540
X71.74000 Y59.67270
X71.70190 Y59.67270
X71.70190 Y59.66000
X71.65110 Y59.66000
X71.65110 Y59.64730
X71.62570 Y59.64730
X71.62570 Y59.63460
X71.60030 Y59.63460
X71.60030 Y59.62190
X71.58760 Y59.62190
X71.58760 Y59.60920
X71.56220 Y59.60920
X71.56220 Y59.59650
X71.53680 Y59.59650
X71.53680 Y59.58380
X71.51140 Y59.58380
X71.51140 Y59.57110
X71.49870 Y59.57110
X71.49870 Y59.55840
X71.48600 Y59.55840
X71.48600 Y59.54570
X71.47330 Y59.54570
X71.47330 Y59.53300
X71.46060 Y59.53300
X71.46060 Y59.52030
X71.43520 Y59.52030
X71.43520 Y59.50760
X71.42250 Y59.50760
X71.42250 Y59.49490
X71.40980 Y59.49490
X71.40980 Y59.48220
X71.39710 Y59.48220
X71.39710 Y59.46950
X71.38440 Y59.46950
X71.38440 Y59.44410
X71.37170 Y59.44410
X71.37170 Y59.43140
X71.35900 Y59.43140
X71.35900 Y59.41870
X71.34630 Y59.41870
X71.34630 Y59.40600
X71.33360 Y59.40600
X71.33360 Y59.39330
X71.32090 Y59.39330
X71.32090 Y59.36790
X71.30820 Y59.36790
X71.30820 Y59.34250
X71.29550 Y59.34250
X71.29550 Y59.31710
X71.28280 Y59.31710
X71.28280 Y59.30440
X71.27010 Y59.30440
X71.27010 Y59.27900
X71.25740 Y59.27900
X71.25740 Y59.25360
X71.24470 Y59.25360
X71.24470 Y59.20280
X71.23200 Y59.20280
X71.23200 Y59.16470
X71.21930 Y59.16470
X71.21930 Y59.12660
X71.20660 Y59.12660
X71.20660 Y59.02500
X71.19390 Y59.02500
X71.19390 Y58.70750
X71.20660 Y58.70750
X71.20660 Y58.60590
X71.21930 Y58.60590
X71.21930 Y58.56780
X71.23200 Y58.56780
X71.23200 Y58.52970
X71.24470 Y58.52970
X71.24470 Y58.47890
X71.25740 Y58.47890
X71.25740 Y58.45350
X71.27010 Y58.45350
X71.27010 Y58.42810
X71.28280 Y58.42810
X71.28280 Y58.41540
X71.29550 Y58.41540
X71.29550 Y58.39000
X71.30820 Y58.39000
X71.30820 Y58.36460
X71.32090 Y58.36460
X71.32090 Y58.33920
X71.33360 Y58.33920
X71.33360 Y58.32650
X71.34630 Y58.32650
X71.34630 Y58.31380
X71.35900 Y58.31380
X71.35900 Y58.30110
X71.37170 Y58.30110
X71.37170 Y58.28840
X71.38440 Y58.28840
X71.38440 Y58.26300
X71.39710 Y58.26300
X71.39710 Y58.25030
X71.40980 Y58.25030
X71.40980 Y58.23760
X71.42250 Y58.23760
X71.42250 Y58.22490
X71.43520 Y58.22490
X71.43520 Y58.21220
X71.46060 Y58.21220
X71.46060 Y58.19950
X71.47330 Y58.19950
X71.47330 Y58.18680
X71.48600 Y58.18680
X71.48600 Y58.17410
X71.49870 Y58.17410
X71.49870 Y58.16140
X71.51140 Y58.16140
X71.51140 Y58.14870
X71.53680 Y58.14870
X71.53680 Y58.13600
X71.56220 Y58.13600
X71.56220 Y58.12330
X71.58760 Y58.12330
X71.58760 Y58.11060
X71.60030 Y58.11060
X71.60030 Y58.09790
X71.62570 Y58.09790
X71.62570 Y58.08520
X71.65110 Y58.08520
X71.65110 Y58.07250
X71.70190 Y58.07250
X71.70190 Y58.05980
X71.74000 Y58.05980
X71.74000 Y58.04710
X71.77810 Y58.04710
X71.77810 Y58.03440
X71.86700 Y58.03440
X71.86700 Y58.02170
X72.20990 Y58.02170
X72.20990 Y58.03440
X72.29880 Y58.03440
X72.29880 Y58.04710
X72.33690 Y58.04710
X72.33690 Y58.05980
X72.38770 Y58.05980
X72.38770 Y58.07250
X72.42580 Y58.07250
X72.42580 Y58.08520
X72.45120 Y58.08520
X72.45120 Y58.09790
X72.47660 Y58.09790
X72.47660 Y58.11060
X72.48930 Y58.11060
X72.48930 Y58.12330
X72.51470 Y58.12330
X72.51470 Y58.13600
X72.54010 Y58.13600
X72.54010 Y58.14870
X72.56550 Y58.14870
X72.56550 Y58.16140
X72.57820 Y58.16140
X72.57820 Y58.17410
X72.59090 Y58.17410
X72.59090 Y58.18680
X72.60360 Y58.18680
X72.60360 Y58.19950
X72.61630 Y58.19950
X72.61630 Y58.21220
X72.64170 Y58.21220
X72.64170 Y58.22490
X72.65440 Y58.22490
X72.65440 Y58.23760
X72.66710 Y58.23760
X72.66710 Y58.25030
X72.67980 Y58.25030
X72.67980 Y58.26300
X72.69250 Y58.26300
X72.69250 Y58.28840
X72.70520 Y58.28840
X72.70520 Y58.30110
X72.71790 Y58.30110
X72.71790 Y58.31380
X72.73060 Y58.31380
X72.73060 Y58.32650
X72.74330 Y58.32650
X72.74330 Y58.33920
X72.75600 Y58.33920
X72.75600 Y58.36460
X72.76870 Y58.36460
X72.76870 Y58.39000
X72.78140 Y58.39000
X72.78140 Y58.41540
X72.79410 Y58.41540
X72.79410 Y58.42810
X72.80680 Y58.42810
X72.80680 Y58.45350
X72.81950 Y58.45350
X72.81950 Y58.47890
X72.83220 Y58.47890
X72.83220 Y58.51700
X72.84490 Y58.51700
X72.84490 Y58.56780
X72.85760 Y58.56780
X72.85760 Y58.60590
X72.87030 Y58.60590
X72.87030 Y58.69480
X72.88300 Y58.69480
X72.88300 Y59.03770
X72.87030 Y59.03770
X72.87030 Y59.12660
X72.85760 Y59.12660
X72.85760 Y59.16470
X72.84490 Y59.16470
X72.84490 Y59.21550
X72.83220 Y59.21550
X72.83220 Y59.25360
X72.81950 Y59.25360
X72.81950 Y59.27900
X72.80680 Y59.27900
X72.80680 Y59.30440
X72.79410 Y59.30440
X72.79410 Y59.31710
X72.78140 Y59.31710
X72.78140 Y59.34250
X72.76870 Y59.34250
X72.76870 Y59.36790
X72.75600 Y59.36790
X72.75600 Y59.39330
X72.74330 Y59.39330
X72.74330 Y59.40600
X72.73060 Y59.40600
X72.73060 Y59.41870
X72.71790 Y59.41870
X72.71790 Y59.43140
X72.70520 Y59.43140
X72.70520 Y59.44410
X72.69250 Y59.44410
X72.69250 Y59.46950
X72.67980 Y59.46950
X72.67980 Y59.48220
X72.66710 Y59.48220
X72.66710 Y59.49490
X72.65440 Y59.49490
X72.65440 Y59.50760
X72.64170 Y59.50760
X72.64170 Y59.52030
X72.61630 Y59.52030
X72.61630 Y59.53300
X72.60360 Y59.53300
X72.60360 Y59.54570
X72.59090 Y59.54570
X72.59090 Y59.55840
X72.57820 Y59.55840
X72.57820 Y59.57110
X72.56550 Y59.57110
X72.56550 Y59.58380
X72.54010 Y59.58380
X72.54010 Y59.59650
X72.51470 Y59.59650
X72.51470 Y59.60920
X72.48930 Y59.60920
X72.48930 Y59.62190
X72.47660 Y59.62190
X72.47660 Y59.63460
X72.45120 Y59.63460
X72.45120 Y59.64730
X72.42580 Y59.64730
X72.42580 Y59.66000
X72.37500 Y59.66000
X72.37500 Y59.67270
X72.33690 Y59.67270
X72.33690 Y59.68540
X72.29880 Y59.68540
X72.29880 Y59.69810
X72.28610 Y59.69810
X72.28610 Y59.72350
X72.29880 Y59.72350
X72.29880 Y59.73620
X72.31150 Y59.73620
X72.31150 Y59.74890
X72.32420 Y59.74890
X72.32420 Y59.76160
X72.33690 Y59.76160
X72.33690 Y59.77430
X72.34960 Y59.77430
X72.34960 Y59.78700
X72.37500 Y59.78700
X72.37500 Y59.79970
X72.38770 Y59.79970
X72.38770 Y59.81240
X72.40040 Y59.81240
X72.40040 Y59.82510
X72.41310 Y59.82510
X72.41310 Y59.83780
X72.42580 Y59.83780
X72.42580 Y59.85050
X72.43850 Y59.85050
X72.43850 Y59.86320
X72.45120 Y59.86320
X72.45120 Y59.87590
X72.46390 Y59.87590
X72.46390 Y59.88860
X72.47660 Y59.88860
X72.47660 Y59.90130
X72.48930 Y59.90130
X72.48930 Y59.91400
X72.50200 Y59.91400
X72.50200 Y59.92670
X72.51470 Y59.92670
X72.51470 Y59.93940
X72.52740 Y59.93940
X72.52740 Y59.95210
X72.54010 Y59.95210
X72.54010 Y59.96480
X72.55280 Y59.96480
X72.55280 Y59.97750
X72.56550 Y59.97750
X72.56550 Y59.99020
X72.57820 Y59.99020
X72.57820 Y60.00290
X72.59090 Y60.00290
X72.59090 Y60.01560
X72.60360 Y60.01560
X72.60360 Y60.02830
X72.61630 Y60.02830
X72.61630 Y60.04100
X72.62900 Y60.04100
X72.62900 Y60.05370
X72.64170 Y60.05370
X72.64170 Y60.06640
X72.65440 Y60.06640
X72.65440 Y60.07910
X72.66710 Y60.07910
X72.66710 Y60.09180
X72.67980 Y60.09180
X72.67980 Y60.10450
X72.69250 Y60.10450
X72.69250 Y60.11720
X72.70520 Y60.11720
X72.70520 Y60.12990
X72.71790 Y60.12990
X72.71790 Y60.14260
X72.73060 Y60.14260
X72.73060 Y60.15530
X72.74330 Y60.15530
X72.74330 Y60.16800
X72.75600 Y60.16800
X72.75600 Y60.18070
X72.76870 Y60.18070
X72.76870 Y60.19340
X72.78140 Y60.19340
X72.78140 Y60.20610
X72.79410 Y60.20610
X72.79410 Y60.21880
X72.80680 Y60.21880
X72.80680 Y60.23150
X72.81950 Y60.23150
X72.81950 Y60.24420
X72.83220 Y60.24420
X72.83220 Y60.25690
X72.84490 Y60.25690
X72.84490 Y60.26960
X72.85760 Y60.26960
X72.85760 Y60.28230
X72.87030 Y60.28230
X72.87030 Y60.29500
X72.88300 Y60.29500
X72.88300 Y60.30770
X72.89570 Y60.30770
X72.89570 Y60.32040
X72.90840 Y60.32040
X72.90840 Y60.33310
X72.92110 Y60.33310
X72.92110 Y60.34580
X72.93380 Y60.34580
X72.93380 Y60.35850
X72.94650 Y60.35850
X72.94650 Y60.37120
X72.95920 Y60.37120
X72.95920 Y60.38390
X72.97190 Y60.38390
X72.97190 Y60.39660
X72.98460 Y60.39660
X72.98460 Y60.40930
X72.99730 Y60.40930
X72.99730 Y60.42200
X73.01000 Y60.42200
X73.01000 Y60.43470
X73.02270 Y60.43470
X73.02270 Y60.44740
X73.03540 Y60.44740
X73.03540 Y60.46010
X73.04810 Y60.46010
X73.04810 Y60.47280
X73.06080 Y60.47280
X73.06080 Y60.48550
X73.07350 Y60.48550
X73.07350 Y60.49820
X73.08620 Y60.49820
X73.08620 Y60.51090
X73.09890 Y60.51090
X73.09890 Y60.52360
X73.11160 Y60.52360
X73.11160 Y60.53630
X73.12430 Y60.53630
X73.12430 Y60.54900
X73.13700 Y60.54900
X73.13700 Y60.56170
X73.14970 Y60.56170
X73.14970 Y60.57440
X73.16240 Y60.57440
X73.16240 Y60.58710
X73.17510 Y60.58710
X73.17510 Y60.59980
X73.18780 Y60.59980
X73.18780 Y60.61250
X73.20050 Y60.61250
X73.20050 Y60.62520
X73.21320 Y60.62520
X73.21320 Y60.63790
X73.22590 Y60.63790
X73.22590 Y60.65060
X73.23860 Y60.65060
X73.23860 Y60.66330
X73.25130 Y60.66330
X73.25130 Y60.67600
X73.26400 Y60.67600
X73.26400 Y60.68870
X73.27670 Y60.68870
X73.27670 Y60.70140
X73.28940 Y60.70140
X73.28940 Y60.71410
X73.30210 Y60.71410
X73.30210 Y60.72680
X73.31480 Y60.72680
X73.31480 Y60.73950
X73.32750 Y60.73950
X73.32750 Y60.75220
X73.34020 Y60.75220
X73.34020 Y60.76490
X73.35290 Y60.76490
X73.35290 Y60.77760
X73.36560 Y60.77760
X73.36560 Y60.79030
X73.37830 Y60.79030
X73.37830 Y60.80300
X73.39100 Y60.80300
X73.39100 Y60.81570
X73.40370 Y60.81570
X73.40370 Y60.82840
X73.41640 Y60.82840
X73.41640 Y60.84110
X73.42910 Y60.84110
X73.42910 Y60.85380
X73.44180 Y60.85380
X73.44180 Y60.86650
X73.45450 Y60.86650
X73.45450 Y60.87920
X73.46720 Y60.87920
X73.46720 Y60.89190
X73.47990 Y60.89190
X73.47990 Y60.90460
X73.49260 Y60.90460
X73.49260 Y60.91730
X73.50530 Y60.91730
X73.50530 Y60.93000
X73.51800 Y60.93000
X73.51800 Y60.94270
X73.53070 Y60.94270
X73.53070 Y60.95540
X73.54340 Y60.95540
X73.54340 Y60.96810
X73.55610 Y60.96810
X73.55610 Y60.98080
X73.56880 Y60.98080
X73.56880 Y60.99350
X73.58150 Y60.99350
X73.58150 Y61.00620
X73.59420 Y61.00620
X73.59420 Y61.01890
X73.60690 Y61.01890
X73.60690 Y61.03160
X73.61960 Y61.03160
X73.61960 Y61.04430
X73.63230 Y61.04430
X73.63230 Y61.05700
X73.64500 Y61.05700
X73.64500 Y61.06970
X73.65770 Y61.06970
X73.65770 Y61.08240
X73.67040 Y61.08240
X73.67040 Y61.09510
X73.68310 Y61.09510
X73.68310 Y61.10780
X73.69580 Y61.10780
X73.69580 Y61.12050
X73.70850 Y61.12050
X73.70850 Y61.13320
X73.72120 Y61.13320
X73.72120 Y61.14590
X73.73390 Y61.14590
X73.73390 Y61.15860
X73.74660 Y61.15860
X73.74660 Y61.17130
X73.75930 Y61.17130
X73.75930 Y61.18400
X73.77200 Y61.18400
X73.77200 Y61.19670
X73.78470 Y61.19670
X73.78470 Y61.20940
X73.79740 Y61.20940
X73.79740 Y61.22210
X73.81010 Y61.22210
X73.81010 Y61.23480
X73.82280 Y61.23480
X73.82280 Y61.24750
X73.83550 Y61.24750
X73.83550 Y61.26020
X73.84820 Y61.26020
X73.84820 Y61.27290
X73.86090 Y61.27290
X73.86090 Y61.28560
X73.87360 Y61.28560
X73.87360 Y61.29830
X73.88630 Y61.29830
X73.88630 Y61.31100
X73.89900 Y61.31100
X73.89900 Y61.32370
X73.91170 Y61.32370
X73.91170 Y61.33640
X73.92440 Y61.33640
X73.92440 Y61.34910
X73.93710 Y61.34910
X73.93710 Y61.36180
X73.94980 Y61.36180
X73.94980 Y61.37450
X73.96250 Y61.37450
X73.96250 Y61.38720
X73.97520 Y61.38720
X73.97520 Y61.39990
X73.98790 Y61.39990
X73.98790 Y61.41260
X74.00060 Y61.41260
X74.00060 Y61.42530
X74.01330 Y61.42530
X74.01330 Y61.43800
X74.02600 Y61.43800
X74.02600 Y61.45070
X74.03870 Y61.45070
X74.03870 Y61.46340
X74.05140 Y61.46340
X74.05140 Y61.47610
X74.06410 Y61.47610
X74.06410 Y61.48880
X74.07680 Y61.48880
X74.07680 Y61.50150
X74.08950 Y61.50150
X74.08950 Y61.51420
X74.10220 Y61.51420
X74.10220 Y61.52690
X74.11490 Y61.52690
X74.11490 Y61.53960
X74.12760 Y61.53960
X74.12760 Y61.55230
X74.14030 Y61.55230
X74.14030 Y61.56500
X74.15300 Y61.56500
X74.15300 Y61.57770
X74.16570 Y61.57770
X74.16570 Y61.59040
X74.17840 Y61.59040
X74.17840 Y61.60310
X74.19110 Y61.60310
X74.19110 Y61.61580
X74.20380 Y61.61580
X74.20380 Y61.62850
X74.21650 Y61.62850
X74.21650 Y61.64120
X74.22920 Y61.64120
X74.22920 Y61.65390
X74.24190 Y61.65390
X74.24190 Y61.66660
X74.25460 Y61.66660
X74.25460 Y61.67930
X74.26730 Y61.67930
X74.26730 Y61.69200
X74.28000 Y61.69200
X74.28000 Y61.70470
X74.29270 Y61.70470
X74.29270 Y61.71740
X74.30540 Y61.71740
X74.30540 Y61.73010
X74.31810 Y61.73010
X74.31810 Y61.74280
X74.33080 Y61.74280
X74.33080 Y61.75550
X74.34350 Y61.75550
X74.34350 Y61.76820
X74.35620 Y61.76820
X74.35620 Y61.78090
X74.36890 Y61.78090
X74.36890 Y61.79360
X74.38160 Y61.79360
X74.38160 Y61.80630
X74.39430 Y61.80630
X74.39430 Y61.81900
X74.40700 Y61.81900
X74.40700 Y61.83170
X74.41970 Y61.83170
X74.41970 Y61.84440
X74.43240 Y61.84440
X74.43240 Y61.85710
X74.44510 Y61.85710
X74.44510 Y61.86980
X74.45780 Y61.86980
X74.45780 Y61.88250
X74.47050 Y61.88250
X74.47050 Y61.89520
X74.48320 Y61.89520
X74.48320 Y61.90790
X74.49590 Y61.90790
X74.49590 Y61.92060
X74.50860 Y61.92060
X74.50860 Y61.93330
X74.52130 Y61.93330
X74.52130 Y61.94600
X74.53400 Y61.94600
X74.53400 Y61.95870
X74.54670 Y61.95870
X74.54670 Y61.97140
X74.55940 Y61.97140
X74.55940 Y61.98410
X74.57210 Y61.98410
X74.57210 Y61.99680
X74.58480 Y61.99680
X74.58480 Y62.00950
X74.59750 Y62.00950
X74.59750 Y62.02220
X74.61020 Y62.02220
X74.61020 Y62.03490
X74.62290 Y62.03490
X74.62290 Y62.04760
X74.63560 Y62.04760
X74.63560 Y62.06030
X74.64830 Y62.06030
X74.64830 Y62.07300
X74.66100 Y62.07300
X74.66100 Y62.08570
X74.67370 Y62.08570
X74.67370 Y62.09840
X74.68640 Y62.09840
X74.68640 Y62.11110
X74.69910 Y62.11110
X74.69910 Y62.12380
X74.71180 Y62.12380
X74.71180 Y62.13650
X74.72450 Y62.13650
X74.72450 Y62.14920
X74.73720 Y62.14920
X74.73720 Y62.16190
X74.74990 Y62.16190
X74.74990 Y62.17460
X74.76260 Y62.17460
X74.76260 Y62.18730
X74.77530 Y62.18730
X74.77530 Y62.20000
X74.78800 Y62.20000
X74.78800 Y62.21270
X74.80070 Y62.21270
X74.80070 Y62.22540
X74.81340 Y62.22540
X74.81340 Y62.23810
X74.82610 Y62.23810
X74.82610 Y62.25080
X74.83880 Y62.25080
X74.83880 Y62.26350
X74.85150 Y62.26350
X74.85150 Y62.27620
X74.86420 Y62.27620
X74.86420 Y62.28890
X74.87690 Y62.28890
X74.87690 Y62.30160
X74.88960 Y62.30160
X74.88960 Y62.31430
X74.90230 Y62.31430
X74.90230 Y62.32700
X74.91500 Y62.32700
X74.91500 Y62.33970
X74.92770 Y62.33970
X74.92770 Y62.35240
X74.94040 Y62.35240
X74.94040 Y62.36510
X74.95310 Y62.36510
X74.95310 Y62.37780
X74.96580 Y62.37780
X74.96580 Y62.39050
X74.97850 Y62.39050
X74.97850 Y62.40320
X74.99120 Y62.40320
X74.99120 Y62.41590
X75.00390 Y62.41590
X75.00390 Y62.42860
X75.01660 Y62.42860
X75.01660 Y62.44130
X75.02930 Y62.44130
X75.02930 Y62.45400
X75.04200 Y62.45400
X75.04200 Y62.46670
X75.05470 Y62.46670
X75.05470 Y62.47940
X75.06740 Y62.47940
X75.06740 Y62.49210
X75.08010 Y62.49210
X75.08010 Y62.50480
X75.09280 Y62.50480
X75.09280 Y62.51750
X75.10550 Y62.51750
X75.10550 Y62.53020
X75.11820 Y62.53020
X75.11820 Y62.54290
X75.13090 Y62.54290
X75.13090 Y62.55560
X75.14360 Y62.55560
X75.14360 Y62.56830
X75.15630 Y62.56830
X75.15630 Y62.58100
X75.16900 Y62.58100
X75.16900 Y62.59370
X75.18170 Y62.59370
X75.18170 Y62.60640
X75.19440 Y62.60640
X75.19440 Y62.61910
X75.20710 Y62.61910
X75.20710 Y62.63180
X75.21980 Y62.63180
X75.21980 Y62.64450
X75.23250 Y62.64450
X75.23250 Y62.65720
X75.24520 Y62.65720
X75.24520 Y62.66990
X75.25790 Y62.66990
X75.25790 Y62.68260
X75.27060 Y62.68260
X75.27060 Y62.69530
X75.28330 Y62.69530
X75.28330 Y62.70800
X75.29600 Y62.70800
X75.29600 Y62.72070
X75.30870 Y62.72070
X75.30870 Y62.73340
X75.32140 Y62.73340
X75.32140 Y62.74610
X75.33410 Y62.74610
X75.33410 Y62.75880
X75.34680 Y62.75880
X75.34680 Y62.77150
X75.35950 Y62.77150
X75.35950 Y62.78420
X75.37220 Y62.78420
X75.37220 Y62.79690
X75.38490 Y62.79690
X75.38490 Y62.80960
X75.39760 Y62.80960
X75.39760 Y62.82230
X75.41030 Y62.82230
X75.41030 Y62.83500
X75.42300 Y62.83500
X75.42300 Y62.84770
X75.43570 Y62.84770
X75.43570 Y62.86040
X75.44840 Y62.86040
X75.44840 Y62.87310
X75.46110 Y62.87310
X75.46110 Y62.88580
X75.47380 Y62.88580
X75.47380 Y62.89850
X75.48650 Y62.89850
X75.48650 Y62.91120
X75.49920 Y62.91120
X75.49920 Y62.92390
X75.51190 Y62.92390
X75.51190 Y62.93660
X75.52460 Y62.93660
X75.52460 Y62.94930
X75.53730 Y62.94930
X75.53730 Y62.96200
X75.55000 Y62.96200
X75.55000 Y62.97470
X75.56270 Y62.97470
X75.56270 Y62.98740
X75.57540 Y62.98740
X75.57540 Y63.00010
X75.58810 Y63.00010
X75.58810 Y63.01280
X75.60080 Y63.01280
X75.60080 Y63.02550
X75.61350 Y63.02550
X75.61350 Y63.03820
X75.62620 Y63.03820
X75.62620 Y63.05090
X75.63890 Y63.05090
X75.63890 Y63.06360
X75.65160 Y63.06360
X75.65160 Y63.07630
X75.66430 Y63.07630
X75.66430 Y63.08900
X75.67700 Y63.08900
X75.67700 Y63.10170
X75.68970 Y63.10170
X75.68970 Y63.11440
X75.70240 Y63.11440
X75.70240 Y63.12710
X75.71510 Y63.12710
X75.71510 Y63.13980
X75.72780 Y63.13980
X75.72780 Y63.15250
X75.74050 Y63.15250
X75.74050 Y63.16520
X75.75320 Y63.16520
X75.75320 Y63.17790
X75.76590 Y63.17790
X75.76590 Y63.19060
X75.77860 Y63.19060
X75.77860 Y63.20330
X75.79130 Y63.20330
X75.79130 Y63.21600
X75.80400 Y63.21600
X75.80400 Y63.22870
X75.81670 Y63.22870
X75.81670 Y63.24140
X75.82940 Y63.24140
X75.82940 Y63.25410
X75.84210 Y63.25410
X75.84210 Y63.26680
X75.85480 Y63.26680
X75.85480 Y63.27950
X75.86750 Y63.27950
X75.86750 Y63.29220
X75.88020 Y63.29220
X75.88020 Y63.30490
X75.89290 Y63.30490
X75.89290 Y63.31760
X75.90560 Y63.31760
X75.90560 Y63.33030
X75.91830 Y63.33030
X75.91830 Y63.34300
X75.93100 Y63.34300
X75.93100 Y63.35570
X75.94370 Y63.35570
X75.94370 Y63.36840
X75.95640 Y63.36840
X75.95640 Y63.38110
X75.96910 Y63.38110
X75.96910 Y63.39380
X75.98180 Y63.39380
X75.98180 Y63.40650
X75.99450 Y63.40650
X75.99450 Y63.41920
X76.00720 Y63.41920
X76.00720 Y63.43190
X76.01990 Y63.43190
X76.01990 Y63.44460
X76.03260 Y63.44460
X76.03260 Y63.45730
X76.04530 Y63.45730
X76.04530 Y63.47000
X76.05800 Y63.47000
X76.05800 Y63.48270
X76.07070 Y63.48270
X76.07070 Y63.49540
X76.08340 Y63.49540
X76.08340 Y63.50810
X76.09610 Y63.50810
X76.09610 Y63.52080
X76.10880 Y63.52080
X76.10880 Y63.53350
X76.12150 Y63.53350
X76.12150 Y63.54620
X76.13420 Y63.54620
X76.13420 Y63.55890
X76.14690 Y63.55890
X76.14690 Y63.57160
X76.15960 Y63.57160
X76.15960 Y63.58430
X76.17230 Y63.58430
X76.17230 Y63.59700
X76.18500 Y63.59700
X76.18500 Y63.60970
X76.19770 Y63.60970
X76.19770 Y63.62240
X76.21040 Y63.62240
X76.21040 Y63.63510
X76.22310 Y63.63510
X76.22310 Y63.64780
X76.23580 Y63.64780
X76.23580 Y63.66050
X76.24850 Y63.66050
X76.24850 Y63.67320
X76.26120 Y63.67320
X76.26120 Y63.68590
X76.27390 Y63.68590
X76.27390 Y63.69860
X76.28660 Y63.69860
X76.28660 Y63.71130
X76.29930 Y63.71130
X76.29930 Y63.72400
X76.31200 Y63.72400
X76.31200 Y63.73670
X76.32470 Y63.73670
X76.32470 Y63.74940
X76.33740 Y63.74940
X76.33740 Y63.76210
X76.35010 Y63.76210
X76.35010 Y63.77480
X76.36280 Y63.77480
X76.36280 Y63.78750
X76.37550 Y63.78750
X76.37550 Y63.80020
X76.38820 Y63.80020
X76.38820 Y63.81290
X76.40090 Y63.81290
X76.40090 Y63.82560
X76.41360 Y63.82560
X76.41360 Y63.83830
X76.42630 Y63.83830
X76.42630 Y63.85100
X76.43900 Y63.85100
X76.43900 Y63.86370
X76.45170 Y63.86370
X76.45170 Y63.87640
X76.46440 Y63.87640
X76.46440 Y63.88910
X76.47710 Y63.88910
X76.47710 Y63.90180
X76.48980 Y63.90180
X76.48980 Y63.91450
X76.50250 Y63.91450
X76.50250 Y63.92720
X76.51520 Y63.92720
X76.51520 Y63.93990
X76.52790 Y63.93990
X76.52790 Y63.95260
X76.54060 Y63.95260
X76.54060 Y63.96530
X76.55330 Y63.96530
X76.55330 Y63.97800
X76.56600 Y63.97800
X76.56600 Y63.99070
X76.57870 Y63.99070
X76.57870 Y64.00340
X76.59140 Y64.00340
X76.59140 Y64.01610
X76.60410 Y64.01610
X76.60410 Y64.02880
X76.61680 Y64.02880
X76.61680 Y64.04150
X76.62950 Y64.04150
X76.62950 Y64.05420
X76.64220 Y64.05420
X76.64220 Y64.06690
X76.65490 Y64.06690
X76.65490 Y64.06690
X76.70570 Y64.06690
X76.70570 Y64.05420
X76.74380 Y64.05420
X76.74380 Y64.04150
X76.78190 Y64.04150
X76.78190 Y64.02880
X76.87080 Y64.02880
X76.87080 Y64.01610
X77.21370 Y64.01610
X77.21370 Y64.02880
X77.30260 Y64.02880
X77.30260 Y64.04150
X77.34070 Y64.04150
X77.34070 Y64.05420
X77.39150 Y64.05420
X77.39150 Y64.06690
X77.42960 Y64.06690
X77.42960 Y64.07960
X77.45500 Y64.07960
X77.45500 Y64.09230
X77.48040 Y64.09230
X77.48040 Y64.10500
X77.49310 Y64.10500
X77.49310 Y64.11770
X77.51850 Y64.11770
X77.51850 Y64.13040
X77.54390 Y64.13040
X77.54390 Y64.14310
X77.56930 Y64.14310
X77.56930 Y64.15580
X77.58200 Y64.15580
X77.58200 Y64.16850
X77.59470 Y64.16850
X77.59470 Y64.18120
X77.60740 Y64.18120
X77.60740 Y64.19390
X77.62010 Y64.19390
X77.62010 Y64.20660
X77.64550 Y64.20660
X77.64550 Y64.21930
X77.65820 Y64.21930
X77.65820 Y64.23200
X77.67090 Y64.23200
X77.67090 Y64.24470
X77.68360 Y64.24470
X77.68360 Y64.25740
X77.69630 Y64.25740
X77.69630 Y64.28280
X77.70900 Y64.28280
X77.70900 Y64.29550
X77.72170 Y64.29550
X77.72170 Y64.30820
X77.73440 Y64.30820
X77.73440 Y64.32090
X77.74710 Y64.32090
X77.74710 Y64.33360
X77.75980 Y64.33360
X77.75980 Y64.35900
X77.77250 Y64.35900
X77.77250 Y64.38440
X77.78520 Y64.38440
X77.78520 Y64.40980
X77.79790 Y64.40980
X77.79790 Y64.42250
X77.81060 Y64.42250
X77.81060 Y64.44790
X77.82330 Y64.44790
X77.82330 Y64.47330
X77.83600 Y64.47330
X77.83600 Y64.51140
X77.84870 Y64.51140
X77.84870 Y64.56220
X77.86140 Y64.56220
X77.86140 Y64.60030
X77.87410 Y64.60030
X77.87410 Y64.68920
X77.88680 Y64.68920
X77.88680 Y65.03210
X77.87410 Y65.03210
X77.87410 Y65.12100
X77.86140 Y65.12100
X77.86140 Y65.15910
X77.84870 Y65.15910
X77.84870 Y65.20990
X77.83600 Y65.20990
X77.83600 Y65.24800
X77.82330 Y65.24800
X77.82330 Y65.27340
X77.81060 Y65.27340
X77.81060 Y65.29880
X77.79790 Y65.29880
X77.79790 Y65.31150
X77.78520 Y65.31150
X77.78520 Y65.33690
X77.77250 Y65.33690
X77.77250 Y65.36230
X77.75980 Y65.36230
X77.75980 Y65.38770
X77.74710 Y65.38770
X77.74710 Y65.40040
X77.73440 Y65.40040
X77.73440 Y65.41310
X77.72170 Y65.41310
X77.72170 Y65.42580
X77.70900 Y65.42580
X77.70900 Y65.43850
X77.69630 Y65.43850
X77.69630 Y65.46390
X77.68360 Y65.46390
X77.68360 Y65.47660
X77.67090 Y65.47660
X77.67090 Y65.48930
X77.65820 Y65.48930
X77.65820 Y65.50200
X77.64550 Y65.50200
X77.64550 Y65.51470
X77.62010 Y65.51470
X77.62010 Y65.52740
X77.60740 Y65.52740
X77.60740 Y65.54010
X77.59470 Y65.54010
X77.59470 Y65.55280
X77.58200 Y65.55280
X77.58200 Y65.56550
X77.56930 Y65.56550
X77.56930 Y65.57820
X77.54390 Y65.57820
X77.54390 Y65.59090
X77.51850 Y65.59090
X77.51850 Y65.60360
X77.49310 Y65.60360
X77.49310 Y65.61630
X77.48040 Y65.61630
X77.48040 Y65.62900
X77.45500 Y65.62900
X77.45500 Y65.64170
X77.42960 Y65.64170
X77.42960 Y65.65440
X77.37880 Y65.65440
X77.37880 Y65.66710
X77.34070 Y65.66710
X77.34070 Y65.67980
X77.30260 Y65.67980
X77.30260 Y65.69250
X77.20100 Y65.69250
X77.20100 Y65.70520
X76.88350 Y65.70520
X76.88350 Y65.69250
X76.78190 Y65.69250
X76.78190 Y65.67980
X76.74380 Y65.67980
X76.74380 Y65.66710
X76.70570 Y65.66710
X76.70570 Y65.65440
X76.65490 Y65.65440
X76.65490 Y65.64170
X76.62950 Y65.64170
X76.62950 Y65.62900
X76.60410 Y65.62900
X76.60410 Y65.61630
X76.59140 Y65.61630
X76.59140 Y65.60360
G04 P0 ( dwell for no time -- G64 should not smooth over this point )
G00 Z5.00000 ( retract )

G00 X68.14590 Y63.60970 ( rapid move to begin. )
F300.00000
G01 Z-0.05000
G04 P0 ( dwell for no time -- G64 should not smooth over this point )
F600.00000
X68.14590 Y63.60970
X68.12050 Y63.60970
X68.12050 Y63.59700
X68.09510 Y63.59700
X68.09510 Y63.58430
X68.06970 Y63.58430
X68.06970 Y63.57160
X68.05700 Y63.57160
X68.05700 Y63.55890
X68.04430 Y63.55890
X68.04430 Y63.54620
X68.03160 Y63.54620
X68.03160 Y63.53350
X68.01890 Y63.53350
X68.01890 Y63.52080
X67.99350 Y63.52080
X67.99350 Y63.50810
X67.98080 Y63.50810
X67.98080 Y63.49540
X67.96810 Y63.49540
X67.96810 Y63.48270
X67.95540 Y63.48270
X67.95540 Y63.47000
X67.94270 Y63.47000
X67.94270 Y63.44460
X67.93000 Y63.44460
X67.93000 Y63.43190
X67.91730 Y63.43190
X67.91730 Y63.41920
X67.90460 Y63.41920
X67.90460 Y63.40650
X67.89190 Y63.40650
X67.89190 Y63.39380
X67.87920 Y63.39380
X67.87920 Y63.36840
X67.86650 Y63.36840
X67.86650 Y63.34300
X67.85380 Y63.34300
X67.85380 Y63.31760
X67.84110 Y63.31760
X67.84110 Y63.30490
X67.82840 Y63.30490
X67.82840 Y63.27950
X67.81570 Y63.27950
X67.81570 Y63.25410
X67.80300 Y63.25410
X67.80300 Y63.20330
X67.79030 Y63.20330
X67.79030 Y63.16520
X67.77760 Y63.16520
X67.77760 Y63.12710
X67.76490 Y63.12710
X67.76490 Y63.11440
X66.87590 Y63.11440
X66.87590 Y63.12710
X66.86320 Y63.12710
X66.86320 Y63.16520
X66.85050 Y63.16520
X66.85050 Y63.21600
X66.83780 Y63.21600
X66.83780 Y63.25410
X66.82510 Y63.25410
X66.82510 Y63.27950
X66.81240 Y63.27950
X66.81240 Y63.30490
X66.79970 Y63.30490
X66.79970 Y63.31760
X66.78700 Y63.31760
X66.78700 Y63.34300
X66.77430 Y63.34300
X66.77430 Y63.36840
X66.76160 Y63.36840
X66.76160 Y63.39380
X66.74890 Y63.39380
X66.74890 Y63.40650
X66.73620 Y63.40650
X66.73620 Y63.41920
X66.72350 Y63.41920
X66.72350 Y63.43190
X66.71080 Y63.43190
X66.71080 Y63.44460
X66.69810 Y63.44460
X66.69810 Y63.47000
X66.68540 Y63.47000
X66.68540 Y63.48270
X66.67270 Y63.48270
X66.67270 Y63.49540
X66.66000 Y63.49540
X66.66000 Y63.50810
X66.64730 Y63.50810
X66.64730 Y63.52080
X66.62190 Y63.52080
X66.62190 Y63.53350
X66.60920 Y63.53350
X66.60920 Y63.54620
X66.59650 Y63.54620
X66.59650 Y63.55890
X66.58380 Y63.55890
X66.58380 Y63.57160
X66.57110 Y63.57160
X66.57110 Y63.58430
X66.54570 Y63.58430
X66.54570 Y63.59700
X66.52030 Y63.59700
X66.52030 Y63.60970
X66.49490 Y63.60970
X66.49490 Y63.62240
X66.48220 Y63.62240
X66.48220 Y63.63510
X66.45680 Y63.63510
X66.45680 Y63.64780
X66.43140 Y63.64780
X66.43140 Y63.66050
X66.38060 Y63.66050
X66.38060 Y63.67320
X66.34250 Y63.67320
X66.34250 Y63.68590
X66.30440 Y63.68590
X66.30440 Y63.69860
X66.20280 Y63.69860
X66.20280 Y63.71130
X65.88530 Y63.71130
X65.88530 Y63.69860
X65.78370 Y63.69860
X65.78370 Y63.68590
X65.74560 Y63.68590
X65.74560 Y63.67320
X65.70750 Y63.67320
X65.70750 Y63.66050
X65.65670 Y63.66050
X65.65670 Y63.64780
X65.63130 Y63.64780
X65.63130 Y63.63510
X65.60590 Y63.63510
X65.60590 Y63.62240
X65.59320 Y63.62240
X65.59320 Y63.60970
X65.56780 Y63.60970
X65.56780 Y63.59700
X65.54240 Y63.59700
X65.54240 Y63.58430
X65.51700 Y63.58430
X65.51700 Y63.57160
X65.50430 Y63.57160
X65.50430 Y63.55890
X65.49160 Y63.55890
X65.49160 Y63.54620
X65.47890 Y63.54620
X65.47890 Y63.53350
X65.46620 Y63.53350
X65.46620 Y63.52080
X65.44080 Y63.52080
X65.44080 Y63.50810
X65.42810 Y63.50810
X65.42810 Y63.49540
X65.41540 Y63.49540
X65.41540 Y63.48270
X65.40270 Y63.48270
X65.40270 Y63.47000
X65.39000 Y63.47000
X65.39000 Y63.44460
X65.37730 Y63.44460
X65.37730 Y63.43190
X65.36460 Y63.43190
X65.36460 Y63.41920
X65.35190 Y63.41920
X65.35190 Y63.40650
X65.33920 Y63.40650
X65.33920 Y63.39380
X65.32650 Y63.39380
X65.32650 Y63.36840
X65.31380 Y63.36840
X65.31380 Y63.34300
X65.30110 Y63.34300
X65.30110 Y63.31760
X65.28840 Y63.31760
X65.28840 Y63.30490
X65.27570 Y63.30490
X65.27570 Y63.27950
X65.26300 Y63.27950
X65.26300 Y63.25410
X65.25030 Y63.25410
X65.25030 Y63.20330
X65.23760 Y63.20330
X65.23760 Y63.16520
X65.22490 Y63.16520
X65.22490 Y63.12710
X65.21220 Y63.12710
X65.21220 Y63.02550
X65.19950 Y63.02550
X65.19950 Y62.70800
X65.21220 Y62.70800
X65.21220 Y62.60640
X65.22490 Y62.60640
X65.22490 Y62.56830
X65.23760 Y62.56830
X65.23760 Y62.53020
X65.25030 Y62.53020
X65.25030 Y62.47940
X65.26300 Y62.47940
X65.26300 Y62.45400
X65.27570 Y62.45400
X65.27570 Y62.42860
X65.28840 Y62.42860
X65.28840 Y62.41590
X65.30110 Y62.41590
X65.30110 Y62.39050
X65.31380 Y62.39050
X65.31380 Y62.36510
X65.32650 Y62.36510
X65.32650 Y62.33970
X65.33920 Y62.33970
X65.33920 Y62.32700
X65.35190 Y62.32700
X65.35190 Y62.31430
X65.36460 Y62.31430
X65.36460 Y62.30160
X65.37730 Y62.30160
X65.37730 Y62.28890
X65.39000 Y62.28890
X65.39000 Y62.26350
X65.40270 Y62.26350
X65.40270 Y62.25080
X65.41540 Y62.25080
X65.41540 Y62.23810
X65.42810 Y62.23810
X65.42810 Y62.22540
X65.44080 Y62.22540
X65.44080 Y62.21270
X65.46620 Y62.21270
X65.46620 Y62.20000
X65.47890 Y62.20000
X65.47890 Y62.18730
X65.49160 Y62.18730
X65.49160 Y62.17460
X65.50430 Y62.17460
X65.50430 Y62.16190
X65.51700 Y62.16190
X65.51700 Y62.14920
X65.54240 Y62.14920
X65.54240 Y62.13650
X65.56780 Y62.13650
X65.56780 Y62.12380
X65.59320 Y62.12380
X65.59320 Y62.11110
X65.60590 Y62.11110
X65.60590 Y62.09840
X65.63130 Y62.09840
X65.63130 Y62.08570
X65.65670 Y62.08570
X65.65670 Y62.07300
X65.70750 Y62.07300
X65.70750 Y62.06030
X65.74560 Y62.06030
X65.74560 Y62.04760
X65.78370 Y62.04760
X65.78370 Y62.03490
X65.87260 Y62.03490
X65.87260 Y62.02220
X66.21550 Y62.02220
X66.21550 Y62.03490
X66.30440 Y62.03490
X66.30440 Y62.04760
X66.34250 Y62.04760
X66.34250 Y62.06030
X66.39330 Y62.06030
X66.39330 Y62.07300
X66.43140 Y62.07300
X66.43140 Y62.08570
X66.45680 Y62.08570
X66.45680 Y62.09840
X66.48220 Y62.09840
X66.48220 Y62.11110
X66.49490 Y62.11110
X66.49490 Y62.12380
X66.52030 Y62.12380
X66.52030 Y62.13650
X66.54570 Y62.13650
X66.54570 Y62.14920
X66.57110 Y62.14920
X66.57110 Y62.16190
X66.58380 Y62.16190
X66.58380 Y62.17460
X66.59650 Y62.17460
X66.59650 Y62.18730
X66.60920 Y62.18730
X66.60920 Y62.20000
X66.62190 Y62.20000
X66.62190 Y62.21270
X66.64730 Y62.21270
X66.64730 Y62.22540
X66.66000 Y62.22540
X66.66000 Y62.23810
X66.67270 Y62.23810
X66.67270 Y62.25080
X66.68540 Y62.25080
X66.68540 Y62.26350
X66.69810 Y62.26350
X66.69810 Y62.28890
X66.71080 Y62.28890
X66.71080 Y62.30160
X66.72350 Y62.30160
X66.72350 Y62.31430
X66.73620 Y62.31430
X66.73620 Y62.32700
X66.74890 Y62.32700
X66.74890 Y62.33970
X66.76160 Y62.33970
X66.76160 Y62.36510
X66.77430 Y62.36510
X66.77430 Y62.39050
X66.78700 Y62.39050
X66.78700 Y62.41590
X66.79970 Y62.41590
X66.79970 Y62.42860
X66.81240 Y62.42860
X66.81240 Y62.45400
X66.82510 Y62.45400
X66.82510 Y62.47940
X66.83780 Y62.47940
X66.83780 Y62.51750
X66.85050 Y62.51750
X66.85050 Y62.56830
X66.86320 Y62.56830
X66.86320 Y62.60640
X66.87590 Y62.60640
X66.87590 Y62.61910
X67.76490 Y62.61910
X67.76490 Y62.60640
X67.77760 Y62.60640
X67.77760 Y62.56830
X67.79030 Y62.56830
X67.79030 Y62.53020
X67.80300 Y62.53020
X67.80300 Y62.47940
X67.81570 Y62.47940
X67.81570 Y62.45400
X67.82840 Y62.45400
X67.82840 Y62.42860
X67.84110 Y62.42860
X67.84110 Y62.41590
X67.85380 Y62.41590
X67.85380 Y62.39050
X67.86650 Y62.39050
X67.86650 Y62.36510
X67.87920 Y62.36510
X67.87920 Y62.33970
X67.89190 Y62.33970
X67.89190 Y62.32700
X67.90460 Y62.32700
X67.90460 Y62.31430
X67.91730 Y62.31430
X67.91730 Y62.30160
X67.93000 Y62.30160
X67.93000 Y62.28890
X67.94270 Y62.28890
X67.94270 Y62.26350
X67.95540 Y62.26350
X67.95540 Y62.25080
X67.96810 Y62.25080
X67.96810 Y62.23810
X67.98080 Y62.23810
X67.98080 Y62.22540
X67.99350 Y62.22540
X67.99350 Y62.21270
X68.01890 Y62.21270
X68.01890 Y62.20000
X68.03160 Y62.20000
X68.03160 Y62.18730
X68.04430 Y62.18730
X68.04430 Y62.17460
X68.05700 Y62.17460
X68.05700 Y62.16190
X68.06970 Y62.16190
X68.06970 Y62.14920
X68.09510 Y62.14920
X68.09510 Y62.13650
X68.12050 Y62.13650
X68.12050 Y62.12380
X68.14590 Y62.12380
X68.14590 Y62.11110
X68.15860 Y62.11110
X68.15860 Y62.09840
X68.18400 Y62.09840
X68.18400 Y62.08570
X68.20940 Y62.08570
X68.20940 Y62.07300
X68.26020 Y62.07300
X68.26020 Y62.06030
X68.29830 Y62.06030
X68.29830 Y62.04760
X68.33640 Y62.04760
X68.33640 Y62.03490
X68.42530 Y62.03490
X68.42530 Y62.02220
X68.76820 Y62.02220
X68.76820 Y62.03490
X68.85710 Y62.03490
X68.85710 Y62.04760
X68.89520 Y62.04760
X68.89520 Y62.06030
X68.94600 Y62.06030
X68.94600 Y62.07300
X68.98410 Y62.07300
X68.98410 Y62.08570
X69.00950 Y62.08570
X69.00950 Y62.09840
X69.03490 Y62.09840
X69.03490 Y62.11110
X69.04760 Y62.11110
X69.04760 Y62.12380
X69.07300 Y62.12380
X69.07300 Y62.13650
X69.09840 Y62.13650
X69.09840 Y62.14920
X69.12380 Y62.14920
X69.12380 Y62.16190
X69.13650 Y62.16190
X69.13650 Y62.17460
X69.14920 Y62.17460
X69.14920 Y62.18730
X69.16190 Y62.18730
X69.16190 Y62.20000
X69.17460 Y62.20000
X69.17460 Y62.21270
X69.20000 Y62.21270
X69.20000 Y62.22540
X69.21270 Y62.22540
X69.21270 Y62.23810
X69.22540 Y62.23810
X69.22540 Y62.25080
X69.23810 Y62.25080
X69.23810 Y62.26350
X69.25080 Y62.26350
X69.25080 Y62.28890
X69.26350 Y62.28890
X69.26350 Y62.30160
X69.27620 Y62.30160
X69.27620 Y62.31430
X69.28890 Y62.31430
X69.28890 Y62.32700
X69.30160 Y62.32700
X69.30160 Y62.33970
X69.31430 Y62.33970
X69.31430 Y62.36510
X69.32700 Y62.36510
X69.32700 Y62.39050
X69.33970 Y62.39050
X69.33970 Y62.41590
X69.35240 Y62.41590
X69.35240 Y62.42860
X69.36510 Y62.42860
X69.36510 Y62.45400
X69.37780 Y62.45400
X69.37780 Y62.47940
X69.39050 Y62.47940
X69.39050 Y62.51750
X69.40320 Y62.51750
X69.40320 Y62.56830
X69.41590 Y62.56830
X69.41590 Y62.60640
X69.42860 Y62.60640
X69.42860 Y62.69530
X69.44130 Y62.69530
X69.44130 Y63.03820
X69.42860 Y63.03820
X69.42860 Y63.12710
X69.41590 Y63.12710
X69.41590 Y63.16520
X69.40320 Y63.16520
X69.40320 Y63.21600
X69.39050 Y63.21600
X69.39050 Y63.25410
X69.37780 Y63.25410
X69.37780 Y63.27950
X69.36510 Y63.27950
X69.36510 Y63.30490
X69.35240 Y63.30490
X69.35240 Y63.31760
X69.33970 Y63.31760
X69.33970 Y63.34300
X69.32700 Y63.34300
X69.32700 Y63.36840
X69.31430 Y63.36840
X69.31430 Y63.39380
X69.30160 Y63.39380
X69.30160 Y63.40650
X69.28890 Y63.40650
X69.28890 Y63.41920
X69.27620 Y63.41920
X69.27620 Y63.43190
X69.26350 Y63.43190
X69.26350 Y63.44460
X69.25080 Y63.44460
X69.25080 Y63.47000
X69.23810 Y63.47000
X69.23810 Y63.48270
X69.22540 Y63.48270
X69.22540 Y63.49540
X69.21270 Y63.49540
X69.21270 Y63.50810
X69.20000 Y63.50810
X69.20000 Y63.52080
X69.17460 Y63.52080
X69.17460 Y63.53350
X69.16190 Y63.53350
X69.16190 Y63.54620
X69.14920 Y63.54620
X69.14920 Y63.55890
X69.13650 Y63.55890
X69.13650 Y63.57160
X69.12380 Y63.57160
X69.12380 Y63.58430
X69.09840 Y63.58430
X69.09840 Y63.59700
X69.07300 Y63.59700
X69.07300 Y63.60970
X69.04760 Y63.60970
X69.04760 Y63.62240
X69.03490 Y63.62240
X69.03490 Y63.63510
X69.00950 Y63.63510
X69.00950 Y63.64780
X68.98410 Y63.64780
X68.98410 Y63.66050
X68.93330 Y63.66050
X68.93330 Y63.67320
X68.89520 Y63.67320
X68.89520 Y63.68590
X68.85710 Y63.68590
X68.85710 Y63.69860
X68.75550 Y63.69860
X68.75550 Y63.71130
X68.43800 Y63.71130
X68.43800 Y63.69860
X68.33640 Y63.69860
X68.33640 Y63.68590
X68.29830 Y63.68590
X68.29830 Y63.67320
X68.26020 Y63.67320
X68.26020 Y63.66050
X68.20940 Y63.66050
X68.20940 Y63.64780
X68.18400 Y63.64780
X68.18400 Y63.63510
X68.15860 Y63.63510
X68.15860 Y63.62240
X68.14590 Y63.62240
X68.14590 Y63.60970
G04 P0 ( dwell for no time -- G64 should not smooth over this point )
G00 Z5.00000 ( retract )

G00 X63.58660 Y58.60590 ( rapid move to begin. )
F300.00000
G01 Z-0.05000
G04 P0 ( dwell for no time -- G64 should not smooth over this point )
F600.00000
X63.58660 Y58.60590
X63.56120 Y58.60590
X63.56120 Y58.59320
X63.53580 Y58.59320
X63.53580 Y58.58050
X63.51040 Y58.58050
X63.51040 Y58.56780
X63.49770 Y58.56780
X63.49770 Y58.55510
X63.48500 Y58.55510
X63.48500 Y58.54240
X63.47230 Y58.54240
X63.47230 Y58.52970
X63.45960 Y58.52970
X63.45960 Y58.51700
X63.43420 Y58.51700
X63.43420 Y58.50430
X63.42150 Y58.50430
X63.42150 Y58.49160
X63.40880 Y58.49160
X63.40880 Y58.47890
X63.39610 Y58.47890
X63.39610 Y58.46620
X63.38340 Y58.46620
X63.38340 Y58.44080
X63.37070 Y58.44080
X63.37070 Y58.42810
X63.35800 Y58.42810
X63.35800 Y58.41540
X63.34530 Y58.41540
X63.34530 Y58.40270
X63.33260 Y58.40270
X63.33260 Y58.39000
X63.31990 Y58.39000
X63.31990 Y58.36460
X63.30720 Y58.36460
X63.30720 Y58.33920
X63.29450 Y58.33920
X63.29450 Y58.31380
X63.28180 Y58.31380
X63.28180 Y58.30110
X63.26910 Y58.30110
X63.26910 Y58.27570
X63.25640 Y58.27570
X63.25640 Y58.25030
X63.24370 Y58.25030
X63.24370 Y58.19950
X63.23100 Y58.19950
X63.23100 Y58.16140
X63.21830 Y58.16140
X63.21830 Y58.12330
X63.20560 Y58.12330
X63.20560 Y58.02170
X63.19290 Y58.02170
X63.19290 Y57.70420
X63.20560 Y57.70420
X63.20560 Y57.60260
X63.21830 Y57.60260
X63.21830 Y57.56450
X63.23100 Y57.56450
X63.23100 Y57.52640
X63.24370 Y57.52640
X63.24370 Y57.47560
X63.25640 Y57.47560
X63.25640 Y57.45020
X63.26910 Y57.45020
X63.26910 Y57.42480
X63.28180 Y57.42480
X63.28180 Y57.41210
X63.29450 Y57.41210
X63.29450 Y57.38670
X63.30720 Y57.38670
X63.30720 Y57.36130
X63.31990 Y57.36130
X63.31990 Y57.33590
X63.33260 Y57.33590
X63.33260 Y57.32320
X63.34530 Y57.32320
X63.34530 Y57.31050
X63.35800 Y57.31050
X63.35800 Y57.29780
X63.37070 Y57.29780
X63.37070 Y57.28510
X63.38340 Y57.28510
X63.38340 Y57.25970
X63.39610 Y57.25970
X63.39610 Y57.24700
X63.40880 Y57.24700
X63.40880 Y57.23430
X63.42150 Y57.23430
X63.42150 Y57.22160
X63.43420 Y57.22160
X63.43420 Y57.20890
X63.45960 Y57.20890
X63.45960 Y57.19620
X63.47230 Y57.19620
X63.47230 Y57.18350
X63.48500 Y57.18350
X63.48500 Y57.17080
X63.49770 Y57.17080
X63.49770 Y57.15810
X63.51040 Y57.15810
X63.51040 Y57.14540
X63.53580 Y57.14540
X63.53580 Y57.13270
X63.56120 Y57.13270
X63.56120 Y57.12000
X63.58660 Y57.12000
X63.58660 Y57.10730
X63.59930 Y57.10730
X63.59930 Y57.09460
X63.62470 Y57.09460
X63.62470 Y57.08190
X63.65010 Y57.08190
X63.65010 Y57.06920
X63.70090 Y57.06920
X63.70090 Y57.05650
X63.73900 Y57.05650
X63.73900 Y57.04380
X63.77710 Y57.04380
X63.77710 Y57.03110
X63.78980 Y57.03110
X63.78980 Y55.69760
X63.77710 Y55.69760
X63.77710 Y55.68490
X63.73900 Y55.68490
X63.73900 Y55.67220
X63.70090 Y55.67220
X63.70090 Y55.65950
X63.65010 Y55.65950
X63.65010 Y55.64680
X63.62470 Y55.64680
X63.62470 Y55.63410
X63.59930 Y55.63410
X63.59930 Y55.62140
X63.58660 Y55.62140
X63.58660 Y55.60870
X63.56120 Y55.60870
X63.56120 Y55.59600
X63.53580 Y55.59600
X63.53580 Y55.58330
X63.51040 Y55.58330
X63.51040 Y55.57060
X63.49770 Y55.57060
X63.49770 Y55.55790
X63.48500 Y55.55790
X63.48500 Y55.54520
X63.47230 Y55.54520
X63.47230 Y55.53250
X63.45960 Y55.53250
X63.45960 Y55.51980
X63.43420 Y55.51980
X63.43420 Y55.50710
X63.42150 Y55.50710
X63.42150 Y55.49440
X63.40880 Y55.49440
X63.40880 Y55.48170
X63.39610 Y55.48170
X63.39610 Y55.46900
X63.38340 Y55.46900
X63.38340 Y55.44360
X63.37070 Y55.44360
X63.37070 Y55.43090
X63.35800 Y55.43090
X63.35800 Y55.41820
X63.34530 Y55.41820
X63.34530 Y55.40550
X63.33260 Y55.40550
X63.33260 Y55.39280
X63.31990 Y55.39280
X63.31990 Y55.36740
X63.30720 Y55.36740
X63.30720 Y55.34200
X63.29450 Y55.34200
X63.29450 Y55.31660
X63.28180 Y55.31660
X63.28180 Y55.30390
X63.26910 Y55.30390
X63.26910 Y55.27850
X63.25640 Y55.27850
X63.25640 Y55.25310
X63.24370 Y55.25310
X63.24370 Y55.20230
X63.23100 Y55.20230
X63.23100 Y55.16420
X63.21830 Y55.16420
X63.21830 Y55.12610
X63.20560 Y55.12610
X63.20560 Y55.02450
X63.19290 Y55.02450
X63.19290 Y54.70700
X63.20560 Y54.70700
X63.20560 Y54.60540
X63.21830 Y54.60540
X63.21830 Y54.56730
X63.23100 Y54.56730
X63.23100 Y54.52920
X63.24370 Y54.52920
X63.24370 Y54.47840
X63.25640 Y54.47840
X63.25640 Y54.45300
X63.26910 Y54.45300
X63.26910 Y54.42760
X63.28180 Y54.42760
X63.28180 Y54.41490
X63.29450 Y54.41490
X63.29450 Y54.38950
X63.30720 Y54.38950
X63.30720 Y54.36410
X63.31990 Y54.36410
X63.31990 Y54.33870
X63.33260 Y54.33870
X63.33260 Y54.32600
X63.34530 Y54.32600
X63.34530 Y54.31330
X63.35800 Y54.31330
X63.35800 Y54.30060
X63.37070 Y54.30060
X63.37070 Y54.28790
X63.38340 Y54.28790
X63.38340 Y54.26250
X63.39610 Y54.26250
X63.39610 Y54.24980
X63.40880 Y54.24980
X63.40880 Y54.23710
X63.42150 Y54.23710
X63.42150 Y54.22440
X63.43420 Y54.22440
X63.43420 Y54.21170
X63.45960 Y54.21170
X63.45960 Y54.19900
X63.47230 Y54.19900
X63.47230 Y54.18630
X63.48500 Y54.18630
X63.48500 Y54.17360
X63.49770 Y54.17360
X63.49770 Y54.16090
X63.51040 Y54.16090
X63.51040 Y54.14820
X63.53580 Y54.14820
X63.53580 Y54.13550
X63.56120 Y54.13550
X63.56120 Y54.12280
X63.58660 Y54.12280
X63.58660 Y54.11010
X63.59930 Y54.11010
X63.59930 Y54.09740
X63.62470 Y54.09740
X63.62470 Y54.08470
X63.65010 Y54.08470
X63.65010 Y54.07200
X63.70090 Y54.07200
X63.70090 Y54.05930
X63.73900 Y54.05930
X63.73900 Y54.04660
X63.77710 Y54.04660
X63.77710 Y54.03390
X63.86600 Y54.03390
X63.86600 Y54.02120
X64.20890 Y54.02120
X64.20890 Y54.03390
X64.29780 Y54.03390
X64.29780 Y54.04660
X64.33590 Y54.04660
X64.33590 Y54.05930
X64.38670 Y54.05930
X64.38670 Y54.07200
X64.42480 Y54.07200
X64.42480 Y54.08470
X64.45020 Y54.08470
X64.45020 Y54.09740
X64.47560 Y54.09740
X64.47560 Y54.11010
X64.48830 Y54.11010
X64.48830 Y54.12280
X64.51370 Y54.12280
X64.51370 Y54.13550
X64.53910 Y54.13550
X64.53910 Y54.14820
X64.56450 Y54.14820
X64.56450 Y54.16090
X64.57720 Y54.16090
X64.57720 Y54.17360
X64.58990 Y54.17360
X64.58990 Y54.18630
X64.60260 Y54.18630
X64.60260 Y54.19900
X64.61530 Y54.19900
X64.61530 Y54.21170
X64.64070 Y54.21170
X64.64070 Y54.22440
X64.65340 Y54.22440
X64.65340 Y54.23710
X64.66610 Y54.23710
X64.66610 Y54.24980
X64.67880 Y54.24980
X64.67880 Y54.26250
X64.69150 Y54.26250
X64.69150 Y54.28790
X64.70420 Y54.28790
X64.70420 Y54.30060
X64.71690 Y54.30060
X64.71690 Y54.31330
X64.72960 Y54.31330
X64.72960 Y54.32600
X64.74230 Y54.32600
X64.74230 Y54.33870
X64.75500 Y54.33870
X64.75500 Y54.36410
X64.76770 Y54.36410
X64.76770 Y54.38950
X64.78040 Y54.38950
X64.78040 Y54.41490
X64.79310 Y54.41490
X64.79310 Y54.42760
X64.80580 Y54.42760
X64.80580 Y54.45300
X64.81850 Y54.45300
X64.81850 Y54.47840
X64.83120 Y54.47840
X64.83120 Y54.51650
X64.84390 Y54.51650
X64.84390 Y54.56730
X64.85660 Y54.56730
X64.85660 Y54.60540
X64.86930 Y54.60540
X64.86930 Y54.69430
X64.88200 Y54.69430
X64.88200 Y55.03720
X64.86930 Y55.03720
X64.86930 Y55.12610
X64.85660 Y55.12610
X64.85660 Y55.16420
X64.84390 Y55.16420
X64.84390 Y55.21500
X64.83120 Y55.21500
X64.83120 Y55.25310
X64.81850 Y55.25310
X64.81850 Y55.27850
X64.80580 Y55.27850
X64.80580 Y55.30390
X64.79310 Y55.30390
X64.79310 Y55.31660
X64.78040 Y55.31660
X64.78040 Y55.34200
X64.76770 Y55.34200
X64.76770 Y55.36740
X64.75500 Y55.36740
X64.75500 Y55.39280
X64.74230 Y55.39280
X64.74230 Y55.40550
X64.72960 Y55.40550
X64.72960 Y55.41820
X64.71690 Y55.41820
X64.71690 Y55.43090
X64.70420 Y55.43090
X64.70420 Y55.44360
X64.69150 Y55.44360
X64.69150 Y55.46900
X64.67880 Y55.46900
X64.67880 Y55.48170
X64.66610 Y55.48170
X64.66610 Y55.49440
X64.65340 Y55.49440
X64.65340 Y55.50710
X64.64070 Y55.50710
X64.64070 Y55.51980
X64.61530 Y55.51980
X64.61530 Y55.53250
X64.60260 Y55.53250
X64.60260 Y55.54520
X64.58990 Y55.54520
X64.58990 Y55.55790
X64.57720 Y55.55790
X64.57720 Y55.57060
X64.56450 Y55.57060
X64.56450 Y55.58330
X64.53910 Y55.58330
X64.53910 Y55.59600
X64.51370 Y55.59600
X64.51370 Y55.60870
X64.48830 Y55.60870
X64.48830 Y55.62140
X64.47560 Y55.62140
X64.47560 Y55.63410
X64.45020 Y55.63410
X64.45020 Y55.64680
X64.42480 Y55.64680
X64.42480 Y55.65950
X64.37400 Y55.65950
X64.37400 Y55.67220
X64.33590 Y55.67220
X64.33590 Y55.68490
X64.29780 Y55.68490
X64.29780 Y55.69760
X64.28510 Y55.69760
X64.28510 Y57.03110
X64.29780 Y57.03110
X64.29780 Y57.04380
X64.33590 Y57.04380
X64.33590 Y57.05650
X64.38670 Y57.05650
X64.38670 Y57.06920
X64.42480 Y57.06920
X64.42480 Y57.08190
X64.45020 Y57.08190
X64.45020 Y57.09460
X64.47560 Y57.09460
X64.47560 Y57.10730
X64.48830 Y57.10730
X64.48830 Y57.12000
X64.51370 Y57.12000
X64.51370 Y57.13270
X64.53910 Y57.13270
X64.53910 Y57.14540
X64.56450 Y57.14540
X64.56450 Y57.15810
X64.57720 Y57.15810
X64.57720 Y57.17080
X64.58990 Y57.17080
X64.58990 Y57.18350
X64.60260 Y57.18350
X64.60260 Y57.19620
X64.61530 Y57.19620
X64.61530 Y57.20890
X64.64070 Y57.20890
X64.64070 Y57.22160
X64.65340 Y57.22160
X64.65340 Y57.23430
X64.66610 Y57.23430
X64.66610 Y57.24700
X64.67880 Y57.24700
X64.67880 Y57.25970
X64.69150 Y57.25970
X64.69150 Y57.28510
X64.70420 Y57.28510
X64.70420 Y57.29780
X64.71690 Y57.29780
X64.71690 Y57.31050
X64.72960 Y57.31050
X64.72960 Y57.32320
X64.74230 Y57.32320
X64.74230 Y57.33590
X64.75500 Y57.33590
X64.75500 Y57.36130
X64.76770 Y57.36130
X64.76770 Y57.38670
X64.78040 Y57.38670
X64.78040 Y57.41210
X64.79310 Y57.41210
X64.79310 Y57.42480
X64.80580 Y57.42480
X64.80580 Y57.45020
X64.81850 Y57.45020
X64.81850 Y57.47560
X64.83120 Y57.47560
X64.83120 Y57.51370
X64.84390 Y57.51370
X64.84390 Y57.56450
X64.85660 Y57.56450
X64.85660 Y57.60260
X64.86930 Y57.60260
X64.86930 Y57.69150
X64.88200 Y57.69150
X64.88200 Y58.03440
X64.86930 Y58.03440
X64.86930 Y58.12330
X64.85660 Y58.12330
X64.85660 Y58.16140
X64.84390 Y58.16140
X64.84390 Y58.21220
X64.83120 Y58.21220
X64.83120 Y58.25030
X64.81850 Y58.25030
X64.81850 Y58.27570
X64.80580 Y58.27570
X64.80580 Y58.30110
X64.79310 Y58.30110
X64.79310 Y58.31380
X64.78040 Y58.31380
X64.78040 Y58.33920
X64.76770 Y58.33920
X64.76770 Y58.36460
X64.75500 Y58.36460
X64.75500 Y58.39000
X64.74230 Y58.39000
X64.74230 Y58.40270
X64.72960 Y58.40270
X64.72960 Y58.41540
X64.71690 Y58.41540
X64.71690 Y58.42810
X64.70420 Y58.42810
X64.70420 Y58.44080
X64.69150 Y58.44080
X64.69150 Y58.46620
X64.67880 Y58.46620
X64.67880 Y58.47890
X64.66610 Y58.47890
X64.66610 Y58.49160
X64.65340 Y58.49160
X64.65340 Y58.50430
X64.64070 Y58.50430
X64.64070 Y58.51700
X64.61530 Y58.51700
X64.61530 Y58.52970
X64.60260 Y58.52970
X64.60260 Y58.54240
X64.58990 Y58.54240
X64.58990 Y58.55510
X64.57720 Y58.55510
X64.57720 Y58.56780
X64.56450 Y58.56780
X64.56450 Y58.58050
X64.53910 Y58.58050
X64.53910 Y58.59320
X64.51370 Y58.59320
X64.51370 Y58.60590
X64.48830 Y58.60590
X64.48830 Y58.61860
X64.47560 Y58.61860
X64.47560 Y58.63130
X64.45020 Y58.63130
X64.45020 Y58.64400
X64.42480 Y58.64400
X64.42480 Y58.65670
X64.37400 Y58.65670
X64.37400 Y58.66940
X64.33590 Y58.66940
X64.33590 Y58.68210
X64.29780 Y58.68210
X64.29780 Y58.69480
X64.19620 Y58.69480
X64.19620 Y58.70750
X63.87870 Y58.70750
X63.87870 Y58.69480
X63.77710 Y58.69480
X63.77710 Y58.68210
X63.73900 Y58.68210
X63.73900 Y58.66940
X63.70090 Y58.66940
X63.70090 Y58.65670
X63.65010 Y58.65670
X63.65010 Y58.64400
X63.62470 Y58.64400
X63.62470 Y58.63130
X63.59930 Y58.63130
X63.59930 Y58.61860
X63.58660 Y58.61860
X63.58660 Y58.60590
G04 P0 ( dwell for no time -- G64 should not smooth over this point )
G00 Z5.00000 ( retract )

G00 X58.53200 Y69.42630 ( rapid move to begin. )
F300.00000
G01 Z-0.05000
G04 P0 ( dwell for no time -- G64 should not smooth over this point )
F600.00000
X58.53200 Y69.42630
X58.53200 Y67.35620
X60.70370 Y67.35620
X60.70370 Y69.52790
X58.53200 Y69.52790
X58.53200 Y69.42630
G04 P0 ( dwell for no time -- G64 should not smooth over this point )
G00 Z5.00000 ( retract )

G00 X68.61580 Y74.73490 ( rapid move to begin. )
F300.00000
G01 Z-0.05000
G04 P0 ( dwell for no time -- G64 should not smooth over this point )
F600.00000
X68.61580 Y74.73490
X68.59040 Y74.73490
X68.59040 Y74.72220
X68.57770 Y74.72220
X68.57770 Y74.70950
X68.55230 Y74.70950
X68.55230 Y74.69680
X68.53960 Y74.69680
X68.53960 Y74.68410
X68.52690 Y74.68410
X68.52690 Y74.67140
X68.51420 Y74.67140
X68.51420 Y74.65870
X68.50150 Y74.65870
X68.50150 Y74.64600
X68.48880 Y74.64600
X68.48880 Y74.63330
X68.47610 Y74.63330
X68.47610 Y74.62060
X68.46340 Y74.62060
X68.46340 Y74.59520
X68.45070 Y74.59520
X68.45070 Y74.58250
X68.43800 Y74.58250
X68.43800 Y74.55710
X68.42530 Y74.55710
X68.42530 Y74.53170
X68.41260 Y74.53170
X68.41260 Y74.50630
X68.39990 Y74.50630
X68.39990 Y74.48090
X68.38720 Y74.48090
X68.38720 Y74.44280
X68.37450 Y74.44280
X68.37450 Y74.40470
X68.36180 Y74.40470
X68.36180 Y74.32850
X68.34910 Y74.32850
X68.34910 Y73.40140
X68.36180 Y73.40140
X68.36180 Y73.32520
X68.37450 Y73.32520
X68.37450 Y73.28710
X68.38720 Y73.28710
X68.38720 Y73.24900
X68.39990 Y73.24900
X68.39990 Y73.22360
X68.41260 Y73.22360
X68.41260 Y73.19820
X68.42530 Y73.19820
X68.42530 Y73.17280
X68.43800 Y73.17280
X68.43800 Y73.14740
X68.45070 Y73.14740
X68.45070 Y73.13470
X68.46340 Y73.13470
X68.46340 Y73.10930
X68.47610 Y73.10930
X68.47610 Y73.09660
X68.48880 Y73.09660
X68.48880 Y73.08390
X68.50150 Y73.08390
X68.50150 Y73.07120
X68.51420 Y73.07120
X68.51420 Y73.05850
X68.52690 Y73.05850
X68.52690 Y73.04580
X68.53960 Y73.04580
X68.53960 Y73.03310
X68.55230 Y73.03310
X68.55230 Y73.02040
X68.57770 Y73.02040
X68.57770 Y73.00770
X68.59040 Y73.00770
X68.59040 Y72.99500
X68.61580 Y72.99500
X68.61580 Y72.98230
X68.62850 Y72.98230
X68.62850 Y72.96960
X68.65390 Y72.96960
X68.65390 Y72.95690
X68.69200 Y72.95690
X68.69200 Y72.94420
X68.71740 Y72.94420
X68.71740 Y72.93150
X68.75550 Y72.93150
X68.75550 Y72.91880
X68.80630 Y72.91880
X68.80630 Y72.90610
X68.88250 Y72.90610
X68.88250 Y72.89340
X69.20000 Y72.89340
X69.20000 Y72.90610
X69.27620 Y72.90610
X69.27620 Y72.91880
X69.32700 Y72.91880
X69.32700 Y72.93150
X69.36510 Y72.93150
X69.36510 Y72.94420
X69.39050 Y72.94420
X69.39050 Y72.95690
X69.42860 Y72.95690
X69.42860 Y72.96960
X69.45400 Y72.96960
X69.45400 Y72.98230
X69.46670 Y72.98230
X69.46670 Y72.99500
X69.49210 Y72.99500
X69.49210 Y73.00770
X69.50480 Y73.00770
X69.50480 Y73.02040
X69.53020 Y73.02040
X69.53020 Y73.03310
X69.54290 Y73.03310
X69.54290 Y73.04580
X69.55560 Y73.04580
X69.55560 Y73.05850
X69.56830 Y73.05850
X69.56830 Y73.07120
X69.58100 Y73.07120
X69.58100 Y73.08390
X69.59370 Y73.08390
X69.59370 Y73.09660
X69.60640 Y73.09660
X69.60640 Y73.10930
X69.61910 Y73.10930
X69.61910 Y73.13470
X69.63180 Y73.13470
X69.63180 Y73.14740
X69.64450 Y73.14740
X69.64450 Y73.17280
X69.65720 Y73.17280
X69.65720 Y73.19820
X69.66990 Y73.19820
X69.66990 Y73.21090
X69.68260 Y73.21090
X69.68260 Y73.24900
X69.69530 Y73.24900
X69.69530 Y73.28710
X69.70800 Y73.28710
X69.70800 Y73.32520
X69.72070 Y73.32520
X69.72070 Y73.40140
X69.73340 Y73.40140
X69.73340 Y74.32850
X69.72070 Y74.32850
X69.72070 Y74.40470
X69.70800 Y74.40470
X69.70800 Y74.44280
X69.69530 Y74.44280
X69.69530 Y74.48090
X69.68260 Y74.48090
X69.68260 Y74.51900
X69.66990 Y74.51900
X69.66990 Y74.53170
X69.65720 Y74.53170
X69.65720 Y74.55710
X69.64450 Y74.55710
X69.64450 Y74.58250
X69.63180 Y74.58250
X69.63180 Y74.59520
X69.61910 Y74.59520
X69.61910 Y74.62060
X69.60640 Y74.62060
X69.60640 Y74.63330
X69.59370 Y74.63330
X69.59370 Y74.64600
X69.58100 Y74.64600
X69.58100 Y74.65870
X69.56830 Y74.65870
X69.56830 Y74.67140
X69.55560 Y74.67140
X69.55560 Y74.68410
X69.54290 Y74.68410
X69.54290 Y74.69680
X69.53020 Y74.69680
X69.53020 Y74.70950
X69.50480 Y74.70950
X69.50480 Y74.72220
X69.49210 Y74.72220
X69.49210 Y74.73490
X69.46670 Y74.73490
X69.46670 Y74.74760
X69.45400 Y74.74760
X69.45400 Y74.76030
X69.42860 Y74.76030
X69.42860 Y74.77300
X69.39050 Y74.77300
X69.39050 Y74.78570
X69.36510 Y74.78570
X69.36510 Y74.79840
X69.32700 Y74.79840
X69.32700 Y74.81110
X69.27620 Y74.81110
X69.27620 Y74.82380
X69.20000 Y74.82380
X69.20000 Y74.83650
X68.88250 Y74.83650
X68.88250 Y74.82380
X68.80630 Y74.82380
X68.80630 Y74.81110
X68.75550 Y74.81110
X68.75550 Y74.79840
X68.71740 Y74.79840
X68.71740 Y74.78570
X68.69200 Y74.78570
X68.69200 Y74.77300
X68.65390 Y74.77300
X68.65390 Y74.76030
X68.62850 Y74.76030
X68.62850 Y74.74760
X68.61580 Y74.74760
X68.61580 Y74.73490
G04 P0 ( dwell for no time -- G64 should not smooth over this point )
G00 Z5.00000 ( retract )

G00 X70.60970 Y74.73490 ( rapid move to begin. )
F300.00000
G01 Z-0.05000
G04 P0 ( dwell for no time -- G64 should not smooth over this point )
F600.00000
X70.60970 Y74.73490
X70.58430 Y74.73490
X70.58430 Y74.72220
X70.57160 Y74.72220
X70.57160 Y74.70950
X70.54620 Y74.70950
X70.54620 Y74.69680
X70.53350 Y74.69680
X70.53350 Y74.68410
X70.52080 Y74.68410
X70.52080 Y74.67140
X70.50810 Y74.67140
X70.50810 Y74.65870
X70.49540 Y74.65870
X70.49540 Y74.64600
X70.48270 Y74.64600
X70.48270 Y74.63330
X70.47000 Y74.63330
X70.47000 Y74.62060
X70.45730 Y74.62060
X70.45730 Y74.59520
X70.44460 Y74.59520
X70.44460 Y74.58250
X70.43190 Y74.58250
X70.43190 Y74.55710
X70.41920 Y74.55710
X70.41920 Y74.53170
X70.40650 Y74.53170
X70.40650 Y74.50630
X70.39380 Y74.50630
X70.39380 Y74.48090
X70.38110 Y74.48090
X70.38110 Y74.44280
X70.36840 Y74.44280
X70.36840 Y74.40470
X70.35570 Y74.40470
X70.35570 Y74.32850
X70.34300 Y74.32850
X70.34300 Y73.40140
X70.35570 Y73.40140
X70.35570 Y73.32520
X70.36840 Y73.32520
X70.36840 Y73.28710
X70.38110 Y73.28710
X70.38110 Y73.24900
X70.39380 Y73.24900
X70.39380 Y73.22360
X70.40650 Y73.22360
X70.40650 Y73.19820
X70.41920 Y73.19820
X70.41920 Y73.17280
X70.43190 Y73.17280
X70.43190 Y73.14740
X70.44460 Y73.14740
X70.44460 Y73.13470
X70.45730 Y73.13470
X70.45730 Y73.10930
X70.47000 Y73.10930
X70.47000 Y73.09660
X70.48270 Y73.09660
X70.48270 Y73.08390
X70.49540 Y73.08390
X70.49540 Y73.07120
X70.50810 Y73.07120
X70.50810 Y73.05850
X70.52080 Y73.05850
X70.52080 Y73.04580
X70.53350 Y73.04580
X70.53350 Y73.03310
X70.54620 Y73.03310
X70.54620 Y73.02040
X70.57160 Y73.02040
X70.57160 Y73.00770
X70.58430 Y73.00770
X70.58430 Y72.99500
X70.60970 Y72.99500
X70.60970 Y72.98230
X70.62240 Y72.98230
X70.62240 Y72.96960
X70.64780 Y72.96960
X70.64780 Y72.95690
X70.68590 Y72.95690
X70.68590 Y72.94420
X70.71130 Y72.94420
X70.71130 Y72.93150
X70.74940 Y72.93150
X70.74940 Y72.91880
X70.80020 Y72.91880
X70.80020 Y72.90610
X70.87640 Y72.90610
X70.87640 Y72.89340
X71.19390 Y72.89340
X71.19390 Y72.90610
X71.27010 Y72.90610
X71.27010 Y72.91880
X71.32090 Y72.91880
X71.32090 Y72.93150
X71.35900 Y72.93150
X71.35900 Y72.94420
X71.38440 Y72.94420
X71.38440 Y72.95690
X71.42250 Y72.95690
X71.42250 Y72.96960
X71.44790 Y72.96960
X71.44790 Y72.98230
X71.46060 Y72.98230
X71.46060 Y72.99500
X71.48600 Y72.99500
X71.48600 Y73.00770
X71.49870 Y73.00770
X71.49870 Y73.02040
X71.52410 Y73.02040
X71.52410 Y73.03310
X71.53680 Y73.03310
X71.53680 Y73.04580
X71.54950 Y73.04580
X71.54950 Y73.05850
X71.56220 Y73.05850
X71.56220 Y73.07120
X71.57490 Y73.07120
X71.57490 Y73.08390
X71.58760 Y73.08390
X71.58760 Y73.09660
X71.60030 Y73.09660
X71.60030 Y73.10930
X71.61300 Y73.10930
X71.61300 Y73.13470
X71.62570 Y73.13470
X71.62570 Y73.14740
X71.63840 Y73.14740
X71.63840 Y73.17280
X71.65110 Y73.17280
X71.65110 Y73.19820
X71.66380 Y73.19820
X71.66380 Y73.21090
X71.67650 Y73.21090
X71.67650 Y73.24900
X71.68920 Y73.24900
X71.68920 Y73.28710
X71.70190 Y73.28710
X71.70190 Y73.32520
X71.71460 Y73.32520
X71.71460 Y73.40140
X71.72730 Y73.40140
X71.72730 Y74.32850
X71.71460 Y74.32850
X71.71460 Y74.40470
X71.70190 Y74.40470
X71.70190 Y74.44280
X71.68920 Y74.44280
X71.68920 Y74.48090
X71.67650 Y74.48090
X71.67650 Y74.51900
X71.66380 Y74.51900
X71.66380 Y74.53170
X71.65110 Y74.53170
X71.65110 Y74.55710
X71.63840 Y74.55710
X71.63840 Y74.58250
X71.62570 Y74.58250
X71.62570 Y74.59520
X71.61300 Y74.59520
X71.61300 Y74.62060
X71.60030 Y74.62060
X71.60030 Y74.63330
X71.58760 Y74.63330
X71.58760 Y74.64600
X71.57490 Y74.64600
X71.57490 Y74.65870
X71.56220 Y74.65870
X71.56220 Y74.67140
X71.54950 Y74.67140
X71.54950 Y74.68410
X71.53680 Y74.68410
X71.53680 Y74.69680
X71.52410 Y74.69680
X71.52410 Y74.70950
X71.49870 Y74.70950
X71.49870 Y74.72220
X71.48600 Y74.72220
X71.48600 Y74.73490
X71.46060 Y74.73490
X71.46060 Y74.74760
X71.44790 Y74.74760
X71.44790 Y74.76030
X71.42250 Y74.76030
X71.42250 Y74.77300
X71.38440 Y74.77300
X71.38440 Y74.78570
X71.35900 Y74.78570
X71.35900 Y74.79840
X71.32090 Y74.79840
X71.32090 Y74.81110
X71.27010 Y74.81110
X71.27010 Y74.82380
X71.19390 Y74.82380
X71.19390 Y74.83650
X70.87640 Y74.83650
X70.87640 Y74.82380
X70.80020 Y74.82380
X70.80020 Y74.81110
X70.74940 Y74.81110
X70.74940 Y74.79840
X70.71130 Y74.79840
X70.71130 Y74.78570
X70.68590 Y74.78570
X70.68590 Y74.77300
X70.64780 Y74.77300
X70.64780 Y74.76030
X70.62240 Y74.76030
X70.62240 Y74.74760
X70.60970 Y74.74760
X70.60970 Y74.73490
G04 P0 ( dwell for no time -- G64 should not smooth over this point )
G00 Z5.00000 ( retract )

G00 X72.61630 Y74.73490 ( rapid move to begin. )
F300.00000
G01 Z-0.05000
G04 P0 ( dwell for no time -- G64 should not smooth over this point )
F600.00000
X72.61630 Y74.73490
X72.59090 Y74.73490
X72.59090 Y74.72220
X72.57820 Y74.72220
X72.57820 Y74.70950
X72.55280 Y74.70950
X72.55280 Y74.69680
X72.54010 Y74.69680
X72.54010 Y74.68410
X72.52740 Y74.68410
X72.52740 Y74.67140
X72.51470 Y74.67140
X72.51470 Y74.65870
X72.50200 Y74.65870
X72.50200 Y74.64600
X72.48930 Y74.64600
X72.48930 Y74.63330
X72.47660 Y74.63330
X72.47660 Y74.62060
X72.46390 Y74.62060
X72.46390 Y74.59520
X72.45120 Y74.59520
X72.45120 Y74.58250
X72.43850 Y74.58250
X72.43850 Y74.55710
X72.42580 Y74.55710
X72.42580 Y74.53170
X72.41310 Y74.53170
X72.41310 Y74.50630
X72.40040 Y74.50630
X72.40040 Y74.48090
X72.38770 Y74.48090
X72.38770 Y74.44280
X72.37500 Y74.44280
X72.37500 Y74.40470
X72.36230 Y74.40470
X72.36230 Y74.32850
X72.34960 Y74.32850
X72.34960 Y73.40140
X72.36230 Y73.40140
X72.36230 Y73.32520
X72.37500 Y73.32520
X72.37500 Y73.28710
X72.38770 Y73.28710
X72.38770 Y73.24900
X72.40040 Y73.24900
X72.40040 Y73.22360
X72.41310 Y73.22360
X72.41310 Y73.19820
X72.42580 Y73.19820
X72.42580 Y73.17280
X72.43850 Y73.17280
X72.43850 Y73.14740
X72.45120 Y73.14740
X72.45120 Y73.13470
X72.46390 Y73.13470
X72.46390 Y73.10930
X72.47660 Y73.10930
X72.47660 Y73.09660
X72.48930 Y73.09660
X72.48930 Y73.08390
X72.50200 Y73.08390
X72.50200 Y73.07120
X72.51470 Y73.07120
X72.51470 Y73.05850
X72.52740 Y73.05850
X72.52740 Y73.04580
X72.54010 Y73.04580
X72.54010 Y73.03310
X72.55280 Y73.03310
X72.55280 Y73.02040
X72.57820 Y73.02040
X72.57820 Y73.00770
X72.59090 Y73.00770
X72.59090 Y72.99500
X72.61630 Y72.99500
X72.61630 Y72.98230
X72.62900 Y72.98230
X72.62900 Y72.96960
X72.65440 Y72.96960
X72.65440 Y72.95690
X72.69250 Y72.95690
X72.69250 Y72.94420
X72.71790 Y72.94420
X72.71790 Y72.93150
X72.75600 Y72.93150
X72.75600 Y72.91880
X72.80680 Y72.91880
X72.80680 Y72.90610
X72.88300 Y72.90610
X72.88300 Y72.89340
X73.20050 Y72.89340
X73.20050 Y72.90610
X73.27670 Y72.90610
X73.27670 Y72.91880
X73.32750 Y72.91880
X73.32750 Y72.93150
X73.36560 Y72.93150
X73.36560 Y72.94420
X73.39100 Y72.94420
X73.39100 Y72.95690
X73.42910 Y72.95690
X73.42910 Y72.96960
X73.45450 Y72.96960
X73.45450 Y72.98230
X73.46720 Y72.98230
X73.46720 Y72.99500
X73.49260 Y72.99500
X73.49260 Y73.00770
X73.50530 Y73.00770
X73.50530 Y73.02040
X73.53070 Y73.02040
X73.53070 Y73.03310
X73.54340 Y73.03310
X73.54340 Y73.04580
X73.55610 Y73.04580
X73.55610 Y73.05850
X73.56880 Y73.05850
X73.56880 Y73.07120
X73.58150 Y73.07120
X73.58150 Y73.08390
X73.59420 Y73.08390
X73.59420 Y73.09660
X73.60690 Y73.09660
X73.60690 Y73.10930
X73.61960 Y73.10930
X73.61960 Y73.13470
X73.63230 Y73.13470
X73.63230 Y73.14740
X73.64500 Y73.14740
X73.64500 Y73.17280
X73.65770 Y73.17280
X73.65770 Y73.19820
X73.67040 Y73.19820
X73.67040 Y73.21090
X73.68310 Y73.21090
X73.68310 Y73.24900
X73.69580 Y73.24900
X73.69580 Y73.28710
X73.70850 Y73.28710
X73.70850 Y73.32520
X73.72120 Y73.32520
X73.72120 Y73.40140
X73.73390 Y73.40140
X73.73390 Y74.32850
X73.72120 Y74.32850
X73.72120 Y74.40470
X73.70850 Y74.40470
X73.70850 Y74.44280
X73.69580 Y74.44280
X73.69580 Y74.48090
X73.68310 Y74.48090
X73.68310 Y74.51900
X73.67040 Y74.51900
X73.67040 Y74.53170
X73.65770 Y74.53170
X73.65770 Y74.55710
X73.64500 Y74.55710
X73.64500 Y74.58250
X73.63230 Y74.58250
X73.63230 Y74.59520
X73.61960 Y74.59520
X73.61960 Y74.62060
X73.60690 Y74.62060
X73.60690 Y74.63330
X73.59420 Y74.63330
X73.59420 Y74.64600
X73.58150 Y74.64600
X73.58150 Y74.65870
X73.56880 Y74.65870
X73.56880 Y74.67140
X73.55610 Y74.67140
X73.55610 Y74.68410
X73.54340 Y74.68410
X73.54340 Y74.69680
X73.53070 Y74.69680
X73.53070 Y74.70950
X73.50530 Y74.70950
X73.50530 Y74.72220
X73.49260 Y74.72220
X73.49260 Y74.73490
X73.46720 Y74.73490
X73.46720 Y74.74760
X73.45450 Y74.74760
X73.45450 Y74.76030
X73.42910 Y74.76030
X73.42910 Y74.77300
X73.39100 Y74.77300
X73.39100 Y74.78570
X73.36560 Y74.78570
X73.36560 Y74.79840
X73.32750 Y74.79840
X73.32750 Y74.81110
X73.27670 Y74.81110
X73.27670 Y74.82380
X73.20050 Y74.82380
X73.20050 Y74.83650
X72.88300 Y74.83650
X72.88300 Y74.82380
X72.80680 Y74.82380
X72.80680 Y74.81110
X72.75600 Y74.81110
X72.75600 Y74.79840
X72.71790 Y74.79840
X72.71790 Y74.78570
X72.69250 Y74.78570
X72.69250 Y74.77300
X72.65440 Y74.77300
X72.65440 Y74.76030
X72.62900 Y74.76030
X72.62900 Y74.74760
X72.61630 Y74.74760
X72.61630 Y74.73490
G04 P0 ( dwell for no time -- G64 should not smooth over this point )
G00 Z5.00000 ( retract )

G00 X74.61020 Y74.73490 ( rapid move to begin. )
F300.00000
G01 Z-0.05000
G04 P0 ( dwell for no time -- G64 should not smooth over this point )
F600.00000
X74.61020 Y74.73490
X74.58480 Y74.73490
X74.58480 Y74.72220
X74.57210 Y74.72220
X74.57210 Y74.70950
X74.54670 Y74.70950
X74.54670 Y74.69680
X74.53400 Y74.69680
X74.53400 Y74.68410
X74.52130 Y74.68410
X74.52130 Y74.67140
X74.50860 Y74.67140
X74.50860 Y74.65870
X74.49590 Y74.65870
X74.49590 Y74.64600
X74.48320 Y74.64600
X74.48320 Y74.63330
X74.47050 Y74.63330
X74.47050 Y74.62060
X74.45780 Y74.62060
X74.45780 Y74.59520
X74.44510 Y74.59520
X74.44510 Y74.58250
X74.43240 Y74.58250
X74.43240 Y74.55710
X74.41970 Y74.55710
X74.41970 Y74.53170
X74.40700 Y74.53170
X74.40700 Y74.50630
X74.39430 Y74.50630
X74.39430 Y74.48090
X74.38160 Y74.48090
X74.38160 Y74.44280
X74.36890 Y74.44280
X74.36890 Y74.40470
X74.35620 Y74.40470
X74.35620 Y74.32850
X74.34350 Y74.32850
X74.34350 Y73.40140
X74.35620 Y73.40140
X74.35620 Y73.32520
X74.36890 Y73.32520
X74.36890 Y73.28710
X74.38160 Y73.28710
X74.38160 Y73.24900
X74.39430 Y73.24900
X74.39430 Y73.22360
X74.40700 Y73.22360
X74.40700 Y73.19820
X74.41970 Y73.19820
X74.41970 Y73.17280
X74.43240 Y73.17280
X74.43240 Y73.14740
X74.44510 Y73.14740
X74.44510 Y73.13470
X74.45780 Y73.13470
X74.45780 Y73.10930
X74.47050 Y73.10930
X74.47050 Y73.09660
X74.48320 Y73.09660
X74.48320 Y73.08390
X74.49590 Y73.08390
X74.49590 Y73.07120
X74.50860 Y73.07120
X74.50860 Y73.05850
X74.52130 Y73.05850
X74.52130 Y73.04580
X74.53400 Y73.04580
X74.53400 Y73.03310
X74.54670 Y73.03310
X74.54670 Y73.02040
X74.57210 Y73.02040
X74.57210 Y73.00770
X74.58480 Y73.00770
X74.58480 Y72.99500
X74.61020 Y72.99500
X74.61020 Y72.98230
X74.62290 Y72.98230
X74.62290 Y72.96960
X74.64830 Y72.96960
X74.64830 Y72.95690
X74.68640 Y72.95690
X74.68640 Y72.94420
X74.71180 Y72.94420
X74.71180 Y72.93150
X74.74990 Y72.93150
X74.74990 Y72.91880
X74.80070 Y72.91880
X74.80070 Y72.90610
X74.87690 Y72.90610
X74.87690 Y72.89340
X75.19440 Y72.89340
X75.19440 Y72.90610
X75.27060 Y72.90610
X75.27060 Y72.91880
X75.32140 Y72.91880
X75.32140 Y72.93150
X75.35950 Y72.93150
X75.35950 Y72.94420
X75.38490 Y72.94420
X75.38490 Y72.95690
X75.42300 Y72.95690
X75.42300 Y72.96960
X75.44840 Y72.96960
X75.44840 Y72.98230
X75.46110 Y72.98230
X75.46110 Y72.99500
X75.48650 Y72.99500
X75.48650 Y73.00770
X75.49920 Y73.00770
X75.49920 Y73.02040
X75.52460 Y73.02040
X75.52460 Y73.03310
X75.53730 Y73.03310
X75.53730 Y73.04580
X75.55000 Y73.04580
X75.55000 Y73.05850
X75.56270 Y73.05850
X75.56270 Y73.07120
X75.57540 Y73.07120
X75.57540 Y73.08390
X75.58810 Y73.08390
X75.58810 Y73.09660
X75.60080 Y73.09660
X75.60080 Y73.10930
X75.61350 Y73.10930
X75.61350 Y73.13470
X75.62620 Y73.13470
X75.62620 Y73.14740
X75.63890 Y73.14740
X75.63890 Y73.17280
X75.65160 Y73.17280
X75.65160 Y73.19820
X75.66430 Y73.19820
X75.66430 Y73.21090
X75.67700 Y73.21090
X75.67700 Y73.24900
X75.68970 Y73.24900
X75.68970 Y73.28710
X75.70240 Y73.28710
X75.70240 Y73.32520
X75.71510 Y73.32520
X75.71510 Y73.40140
X75.72780 Y73.40140
X75.72780 Y74.32850
X75.71510 Y74.32850
X75.71510 Y74.40470
X75.70240 Y74.40470
X75.70240 Y74.44280
X75.68970 Y74.44280
X75.68970 Y74.48090
X75.67700 Y74.48090
X75.67700 Y74.51900
X75.66430 Y74.51900
X75.66430 Y74.53170
X75.65160 Y74.53170
X75.65160 Y74.55710
X75.63890 Y74.55710
X75.63890 Y74.58250
X75.62620 Y74.58250
X75.62620 Y74.59520
X75.61350 Y74.59520
X75.61350 Y74.62060
X75.60080 Y74.62060
X75.60080 Y74.63330
X75.58810 Y74.63330
X75.58810 Y74.64600
X75.57540 Y74.64600
X75.57540 Y74.65870
X75.56270 Y74.65870
X75.56270 Y74.67140
X75.55000 Y74.67140
X75.55000 Y74.68410
X75.53730 Y74.68410
X75.53730 Y74.69680
X75.52460 Y74.69680
X75.52460 Y74.70950
X75.49920 Y74.70950
X75.49920 Y74.72220
X75.48650 Y74.72220
X75.48650 Y74.73490
X75.46110 Y74.73490
X75.46110 Y74.74760
X75.44840 Y74.74760
X75.44840 Y74.76030
X75.42300 Y74.76030
X75.42300 Y74.77300
X75.38490 Y74.77300
X75.38490 Y74.78570
X75.35950 Y74.78570
X75.35950 Y74.79840
X75.32140 Y74.79840
X75.32140 Y74.81110
X75.27060 Y74.81110
X75.27060 Y74.82380
X75.19440 Y74.82380
X75.19440 Y74.83650
X74.87690 Y74.83650
X74.87690 Y74.82380
X74.80070 Y74.82380
X74.80070 Y74.81110
X74.74990 Y74.81110
X74.74990 Y74.79840
X74.71180 Y74.79840
X74.71180 Y74.78570
X74.68640 Y74.78570
X74.68640 Y74.77300
X74.64830 Y74.77300
X74.64830 Y74.76030
X74.62290 Y74.76030
X74.62290 Y74.74760
X74.61020 Y74.74760
X74.61020 Y74.73490
G04 P0 ( dwell for no time -- G64 should not smooth over this point )
G00 Z5.00000 ( retract )

G00 X76.61680 Y74.73490 ( rapid move to begin. )
F300.00000
G01 Z-0.05000
G04 P0 ( dwell for no time -- G64 should not smooth over this point )
F600.00000
X76.61680 Y74.73490
X76.59140 Y74.73490
X76.59140 Y74.72220
X76.57870 Y74.72220
X76.57870 Y74.70950
X76.55330 Y74.70950
X76.55330 Y74.69680
X76.54060 Y74.69680
X76.54060 Y74.68410
X76.52790 Y74.68410
X76.52790 Y74.67140
X76.51520 Y74.67140
X76.51520 Y74.65870
X76.50250 Y74.65870
X76.50250 Y74.64600
X76.48980 Y74.64600
X76.48980 Y74.63330
X76.47710 Y74.63330
X76.47710 Y74.62060
X76.46440 Y74.62060
X76.46440 Y74.59520
X76.45170 Y74.59520
X76.45170 Y74.58250
X76.43900 Y74.58250
X76.43900 Y74.55710
X76.42630 Y74.55710
X76.42630 Y74.53170
X76.41360 Y74.53170
X76.41360 Y74.50630
X76.40090 Y74.50630
X76.40090 Y74.48090
X76.38820 Y74.48090
X76.38820 Y74.44280
X76.37550 Y74.44280
X76.37550 Y74.40470
X76.36280 Y74.40470
X76.36280 Y74.32850
X76.35010 Y74.32850
X76.35010 Y73.40140
X76.36280 Y73.40140
X76.36280 Y73.32520
X76.37550 Y73.32520
X76.37550 Y73.28710
X76.38820 Y73.28710
X76.38820 Y73.24900
X76.40090 Y73.24900
X76.40090 Y73.22360
X76.41360 Y73.22360
X76.41360 Y73.19820
X76.42630 Y73.19820
X76.42630 Y73.17280
X76.43900 Y73.17280
X76.43900 Y73.14740
X76.45170 Y73.14740
X76.45170 Y73.13470
X76.46440 Y73.13470
X76.46440 Y73.10930
X76.47710 Y73.10930
X76.47710 Y73.09660
X76.48980 Y73.09660
X76.48980 Y73.08390
X76.50250 Y73.08390
X76.50250 Y73.07120
X76.51520 Y73.07120
X76.51520 Y73.05850
X76.52790 Y73.05850
X76.52790 Y73.04580
X76.54060 Y73.04580
X76.54060 Y73.03310
X76.55330 Y73.03310
X76.55330 Y73.02040
X76.57870 Y73.02040
X76.57870 Y73.00770
X76.59140 Y73.00770
X76.59140 Y72.99500
X76.61680 Y72.99500
X76.61680 Y72.98230
X76.62950 Y72.98230
X76.62950 Y72.96960
X76.65490 Y72.96960
X76.65490 Y72.95690
X76.69300 Y72.95690
X76.69300 Y72.94420
X76.71840 Y72.94420
X76.71840 Y72.93150
X76.75650 Y72.93150
X76.75650 Y72.91880
X76.80730 Y72.91880
X76.80730 Y72.90610
X76.88350 Y72.90610
X76.88350 Y72.89340
X77.20100 Y72.89340
X77.20100 Y72.90610
X77.27720 Y72.90610
X77.27720 Y72.91880
X77.32800 Y72.91880
X77.32800 Y72.93150
X77.36610 Y72.93150
X77.36610 Y72.94420
X77.39150 Y72.94420
X77.39150 Y72.95690
X77.42960 Y72.95690
X77.42960 Y72.96960
X77.45500 Y72.96960
X77.45500 Y72.98230
X77.46770 Y72.98230
X77.46770 Y72.99500
X77.49310 Y72.99500
X77.49310 Y73.00770
X77.50580 Y73.00770
X77.50580 Y73.02040
X77.53120 Y73.02040
X77.53120 Y73.03310
X77.54390 Y73.03310
X77.54390 Y73.04580
X77.55660 Y73.04580
X77.55660 Y73.05850
X77.56930 Y73.05850
X77.56930 Y73.07120
X77.58200 Y73.07120
X77.58200 Y73.08390
X77.59470 Y73.08390
X77.59470 Y73.09660
X77.60740 Y73.09660
X77.60740 Y73.10930
X77.62010 Y73.10930
X77.62010 Y73.13470
X77.63280 Y73.13470
X77.63280 Y73.14740
X77.64550 Y73.14740
X77.64550 Y73.17280
X77.65820 Y73.17280
X77.65820 Y73.19820
X77.67090 Y73.19820
X77.67090 Y73.21090
X77.68360 Y73.21090
X77.68360 Y73.24900
X77.69630 Y73.24900
X77.69630 Y73.28710
X77.70900 Y73.28710
X77.70900 Y73.32520
X77.72170 Y73.32520
X77.72170 Y73.40140
X77.73440 Y73.40140
X77.73440 Y74.32850
X77.72170 Y74.32850
X77.72170 Y74.40470
X77.70900 Y74.40470
X77.70900 Y74.44280
X77.69630 Y74.44280
X77.69630 Y74.48090
X77.68360 Y74.48090
X77.68360 Y74.51900
X77.67090 Y74.51900
X77.67090 Y74.53170
X77.65820 Y74.53170
X77.65820 Y74.55710
X77.64550 Y74.55710
X77.64550 Y74.58250
X77.63280 Y74.58250
X77.63280 Y74.59520
X77.62010 Y74.59520
X77.62010 Y74.62060
X77.60740 Y74.62060
X77.60740 Y74.63330
X77.59470 Y74.63330
X77.59470 Y74.64600
X77.58200 Y74.64600
X77.58200 Y74.65870
X77.56930 Y74.65870
X77.56930 Y74.67140
X77.55660 Y74.67140
X77.55660 Y74.68410
X77.54390 Y74.68410
X77.54390 Y74.69680
X77.53120 Y74.69680
X77.53120 Y74.70950
X77.50580 Y74.70950
X77.50580 Y74.72220
X77.49310 Y74.72220
X77.49310 Y74.73490
X77.46770 Y74.73490
X77.46770 Y74.74760
X77.45500 Y74.74760
X77.45500 Y74.76030
X77.42960 Y74.76030
X77.42960 Y74.77300
X77.39150 Y74.77300
X77.39150 Y74.78570
X77.36610 Y74.78570
X77.36610 Y74.79840
X77.32800 Y74.79840
X77.32800 Y74.81110
X77.27720 Y74.81110
X77.27720 Y74.82380
X77.20100 Y74.82380
X77.20100 Y74.83650
X76.88350 Y74.83650
X76.88350 Y74.82380
X76.80730 Y74.82380
X76.80730 Y74.81110
X76.75650 Y74.81110
X76.75650 Y74.79840
X76.71840 Y74.79840
X76.71840 Y74.78570
X76.69300 Y74.78570
X76.69300 Y74.77300
X76.65490 Y74.77300
X76.65490 Y74.76030
X76.62950 Y74.76030
X76.62950 Y74.74760
X76.61680 Y74.74760
X76.61680 Y74.73490
G04 P0 ( dwell for no time -- G64 should not smooth over this point )
G00 Z5.00000 ( retract )

G00 X54.08700 Y34.10760 ( rapid move to begin. )
F300.00000
G01 Z-0.05000
G04 P0 ( dwell for no time -- G64 should not smooth over this point )
F600.00000
X54.08700 Y34.10760
X54.06160 Y34.10760
X54.06160 Y34.09490
X54.03620 Y34.09490
X54.03620 Y34.08220
X54.01080 Y34.08220
X54.01080 Y34.06950
X53.99810 Y34.06950
X53.99810 Y34.05680
X53.98540 Y34.05680
X53.98540 Y34.04410
X53.97270 Y34.04410
X53.97270 Y34.03140
X53.96000 Y34.03140
X53.96000 Y34.01870
X53.93460 Y34.01870
X53.93460 Y34.00600
X53.92190 Y34.00600
X53.92190 Y33.99330
X53.90920 Y33.99330
X53.90920 Y33.98060
X53.89650 Y33.98060
X53.89650 Y33.96790
X53.88380 Y33.96790
X53.88380 Y33.94250
X53.87110 Y33.94250
X53.87110 Y33.92980
X53.85840 Y33.92980
X53.85840 Y33.91710
X53.84570 Y33.91710
X53.84570 Y33.90440
X53.83300 Y33.90440
X53.83300 Y33.89170
X53.82030 Y33.89170
X53.82030 Y33.86630
X53.80760 Y33.86630
X53.80760 Y33.84090
X53.79490 Y33.84090
X53.79490 Y33.81550
X53.78220 Y33.81550
X53.78220 Y33.80280
X53.76950 Y33.80280
X53.76950 Y33.77740
X53.75680 Y33.77740
X53.75680 Y33.75200
X53.74410 Y33.75200
X53.74410 Y33.70120
X53.73140 Y33.70120
X53.73140 Y33.66310
X53.71870 Y33.66310
X53.71870 Y33.62500
X53.70600 Y33.62500
X53.70600 Y33.52340
X53.69330 Y33.52340
X53.69330 Y33.20590
X53.70600 Y33.20590
X53.70600 Y33.10430
X53.71870 Y33.10430
X53.71870 Y33.06620
X53.73140 Y33.06620
X53.73140 Y33.02810
X53.74410 Y33.02810
X53.74410 Y32.97730
X53.74410 Y32.97730
X53.74410 Y32.96460
X53.73140 Y32.96460
X53.73140 Y32.95190
X53.71870 Y32.95190
X53.71870 Y32.93920
X53.70600 Y32.93920
X53.70600 Y32.92650
X53.69330 Y32.92650
X53.69330 Y32.91380
X53.68060 Y32.91380
X53.68060 Y32.90110
X53.66790 Y32.90110
X53.66790 Y32.88840
X53.65520 Y32.88840
X53.65520 Y32.87570
X53.64250 Y32.87570
X53.64250 Y32.86300
X53.62980 Y32.86300
X53.62980 Y32.85030
X53.61710 Y32.85030
X53.61710 Y32.83760
X53.60440 Y32.83760
X53.60440 Y32.82490
X53.59170 Y32.82490
X53.59170 Y32.81220
X53.57900 Y32.81220
X53.57900 Y32.79950
X53.56630 Y32.79950
X53.56630 Y32.78680
X53.55360 Y32.78680
X53.55360 Y32.77410
X53.54090 Y32.77410
X53.54090 Y32.76140
X53.52820 Y32.76140
X53.52820 Y32.74870
X53.51550 Y32.74870
X53.51550 Y32.73600
X53.50280 Y32.73600
X53.50280 Y32.72330
X53.49010 Y32.72330
X53.49010 Y32.71060
X53.47740 Y32.71060
X53.47740 Y32.69790
X53.46470 Y32.69790
X53.46470 Y32.68520
X53.45200 Y32.68520
X53.45200 Y32.67250
X53.43930 Y32.67250
X53.43930 Y32.65980
X53.42660 Y32.65980
X53.42660 Y32.64710
X53.41390 Y32.64710
X53.41390 Y32.63440
X53.40120 Y32.63440
X53.40120 Y32.62170
X53.38850 Y32.62170
X53.38850 Y32.60900
X53.37580 Y32.60900
X53.37580 Y32.59630
X53.36310 Y32.59630
X53.36310 Y32.58360
X53.35040 Y32.58360
X53.35040 Y32.57090
X53.33770 Y32.57090
X53.33770 Y32.55820
X53.32500 Y32.55820
X53.32500 Y32.54550
X53.31230 Y32.54550
X53.31230 Y32.53280
X53.29960 Y32.53280
X53.29960 Y32.52010
X53.28690 Y32.52010
X53.28690 Y32.50740
X53.27420 Y32.50740
X53.27420 Y32.49470
X53.26150 Y32.49470
X53.26150 Y32.48200
X53.24880 Y32.48200
X53.24880 Y32.46930
X53.23610 Y32.46930
X53.23610 Y32.45660
X53.22340 Y32.45660
X53.22340 Y32.44390
X53.21070 Y32.44390
X53.21070 Y32.43120
X53.19800 Y32.43120
X53.19800 Y32.41850
X53.18530 Y32.41850
X53.18530 Y32.40580
X53.17260 Y32.40580
X53.17260 Y32.39310
X53.15990 Y32.39310
X53.15990 Y32.38040
X53.14720 Y32.38040
X53.14720 Y32.36770
X53.13450 Y32.36770
X53.13450 Y32.35500
X53.12180 Y32.35500
X53.12180 Y32.34230
X53.10910 Y32.34230
X53.10910 Y32.32960
X53.09640 Y32.32960
X53.09640 Y32.31690
X53.08370 Y32.31690
X53.08370 Y32.30420
X53.07100 Y32.30420
X53.07100 Y32.29150
X53.05830 Y32.29150
X53.05830 Y32.27880
X53.04560 Y32.27880
X53.04560 Y32.26610
X53.03290 Y32.26610
X53.03290 Y32.25340
X53.02020 Y32.25340
X53.02020 Y32.24070
X53.00750 Y32.24070
X53.00750 Y32.22800
X52.99480 Y32.22800
X52.99480 Y32.21530
X52.98210 Y32.21530
X52.98210 Y32.20260
X52.96940 Y32.20260
X52.96940 Y32.18990
X52.95670 Y32.18990
X52.95670 Y32.17720
X52.94400 Y32.17720
X52.94400 Y32.16450
X52.93130 Y32.16450
X52.93130 Y32.15180
X52.91860 Y32.15180
X52.91860 Y32.13910
X52.90590 Y32.13910
X52.90590 Y32.12640
X52.89320 Y32.12640
X52.89320 Y32.11370
X52.88050 Y32.11370
X52.88050 Y32.10100
X52.86780 Y32.10100
X52.86780 Y32.08830
X52.85510 Y32.08830
X52.85510 Y32.07560
X52.84240 Y32.07560
X52.84240 Y32.06290
X52.82970 Y32.06290
X52.82970 Y32.05020
X52.81700 Y32.05020
X52.81700 Y32.03750
X52.80430 Y32.03750
X52.80430 Y32.02480
X52.79160 Y32.02480
X52.79160 Y32.01210
X52.77890 Y32.01210
X52.77890 Y31.99940
X52.76620 Y31.99940
X52.76620 Y31.98670
X52.75350 Y31.98670
X52.75350 Y31.97400
X52.74080 Y31.97400
X52.74080 Y31.96130
X52.72810 Y31.96130
X52.72810 Y31.94860
X52.71540 Y31.94860
X52.71540 Y31.93590
X52.70270 Y31.93590
X52.70270 Y31.92320
X52.69000 Y31.92320
X52.69000 Y31.91050
X52.67730 Y31.91050
X52.67730 Y31.89780
X52.66460 Y31.89780
X52.66460 Y31.88510
X52.65190 Y31.88510
X52.65190 Y31.87240
X52.63920 Y31.87240
X52.63920 Y31.85970
X52.62650 Y31.85970
X52.62650 Y31.84700
X52.61380 Y31.84700
X52.61380 Y31.83430
X52.60110 Y31.83430
X52.60110 Y31.82160
X52.58840 Y31.82160
X52.58840 Y31.80890
X52.57570 Y31.80890
X52.57570 Y31.79620
X52.56300 Y31.79620
X52.56300 Y31.78350
X52.55030 Y31.78350
X52.55030 Y31.77080
X52.53760 Y31.77080
X52.53760 Y31.75810
X52.52490 Y31.75810
X52.52490 Y31.74540
X52.51220 Y31.74540
X52.51220 Y31.73270
X52.49950 Y31.73270
X52.49950 Y31.72000
X52.48680 Y31.72000
X52.48680 Y31.70730
X52.47410 Y31.70730
X52.47410 Y31.69460
X52.46140 Y31.69460
X52.46140 Y31.68190
X52.44870 Y31.68190
X52.44870 Y31.66920
X52.43600 Y31.66920
X52.43600 Y31.65650
X52.42330 Y31.65650
X52.42330 Y31.64380
X52.41060 Y31.64380
X52.41060 Y31.63110
X52.39790 Y31.63110
X52.39790 Y31.61840
X52.38520 Y31.61840
X52.38520 Y31.60570
X52.37250 Y31.60570
X52.37250 Y31.59300
X52.35980 Y31.59300
X52.35980 Y31.58030
X52.34710 Y31.58030
X52.34710 Y31.56760
X52.33440 Y31.56760
X52.33440 Y31.55490
X52.32170 Y31.55490
X52.32170 Y31.54220
X52.30900 Y31.54220
X52.30900 Y31.52950
X52.29630 Y31.52950
X52.29630 Y31.51680
X52.28360 Y31.51680
X52.28360 Y31.50410
X52.27090 Y31.50410
X52.27090 Y31.49140
X52.25820 Y31.49140
X52.25820 Y31.47870
X52.24550 Y31.47870
X52.24550 Y31.46600
X52.23280 Y31.46600
X52.23280 Y31.45330
X52.22010 Y31.45330
X52.22010 Y31.44060
X52.20740 Y31.44060
X52.20740 Y31.42790
X52.19470 Y31.42790
X52.19470 Y31.41520
X52.18200 Y31.41520
X52.18200 Y31.40250
X52.16930 Y31.40250
X52.16930 Y31.38980
X52.15660 Y31.38980
X52.15660 Y31.37710
X52.14390 Y31.37710
X52.14390 Y31.36440
X52.13120 Y31.36440
X52.13120 Y31.35170
X52.11850 Y31.35170
X52.11850 Y31.33900
X52.10580 Y31.33900
X52.10580 Y31.32630
X52.09310 Y31.32630
X52.09310 Y31.31360
X52.08040 Y31.31360
X52.08040 Y31.30090
X52.06770 Y31.30090
X52.06770 Y31.28820
X52.05500 Y31.28820
X52.05500 Y31.27550
X52.04230 Y31.27550
X52.04230 Y31.26280
X52.02960 Y31.26280
X52.02960 Y31.25010
X52.01690 Y31.25010
X52.01690 Y31.23740
X52.00420 Y31.23740
X52.00420 Y31.22470
X51.99150 Y31.22470
X51.99150 Y31.21200
X51.97880 Y31.21200
X51.97880 Y31.19930
X51.96610 Y31.19930
X51.96610 Y31.18660
X51.95340 Y31.18660
X51.95340 Y31.17390
X51.94070 Y31.17390
X51.94070 Y31.16120
X51.92800 Y31.16120
X51.92800 Y31.14850
X51.91530 Y31.14850
X51.91530 Y31.13580
X51.90260 Y31.13580
X51.90260 Y31.12310
X51.88990 Y31.12310
X51.88990 Y31.11040
X51.87720 Y31.11040
X51.87720 Y31.09770
X51.86450 Y31.09770
X51.86450 Y31.08500
X51.85180 Y31.08500
X51.85180 Y31.07230
X51.83910 Y31.07230
X51.83910 Y31.05960
X51.82640 Y31.05960
X51.82640 Y31.04690
X51.81370 Y31.04690
X51.81370 Y31.03420
X51.80100 Y31.03420
X51.80100 Y31.02150
X51.78830 Y31.02150
X51.78830 Y31.00880
X51.77560 Y31.00880
X51.77560 Y30.99610
X51.76290 Y30.99610
X51.76290 Y30.98340
X51.75020 Y30.98340
X51.75020 Y30.97070
X51.73750 Y30.97070
X51.73750 Y30.95800
X51.72480 Y30.95800
X51.72480 Y30.94530
X51.71210 Y30.94530
X51.71210 Y30.93260
X51.69940 Y30.93260
X51.69940 Y30.91990
X51.68670 Y30.91990
X51.68670 Y30.90720
X51.67400 Y30.90720
X51.67400 Y30.89450
X51.66130 Y30.89450
X51.66130 Y30.88180
X51.64860 Y30.88180
X51.64860 Y30.86910
X51.63590 Y30.86910
X51.63590 Y30.85640
X51.62320 Y30.85640
X51.62320 Y30.84370
X51.61050 Y30.84370
X51.61050 Y30.83100
X51.59780 Y30.83100
X51.59780 Y30.81830
X51.58510 Y30.81830
X51.58510 Y30.80560
X51.57240 Y30.80560
X51.57240 Y30.79290
X51.55970 Y30.79290
X51.55970 Y30.78020
X51.54700 Y30.78020
X51.54700 Y30.76750
X51.53430 Y30.76750
X51.53430 Y30.75480
X51.52160 Y30.75480
X51.52160 Y30.74210
X51.50890 Y30.74210
X51.50890 Y30.72940
X51.49620 Y30.72940
X51.49620 Y30.71670
X51.48350 Y30.71670
X51.48350 Y30.70400
X51.47080 Y30.70400
X51.47080 Y30.69130
X51.45810 Y30.69130
X51.45810 Y30.67860
X51.44540 Y30.67860
X51.44540 Y30.66590
X51.43270 Y30.66590
X51.43270 Y30.65320
X51.42000 Y30.65320
X51.42000 Y30.64050
X51.40730 Y30.64050
X51.40730 Y30.62780
X51.39460 Y30.62780
X51.39460 Y30.61510
X51.38190 Y30.61510
X51.38190 Y30.60240
X51.36920 Y30.60240
X51.36920 Y30.58970
X51.35650 Y30.58970
X51.35650 Y30.57700
X51.34380 Y30.57700
X51.34380 Y30.56430
X51.33110 Y30.56430
X51.33110 Y30.55160
X51.31840 Y30.55160
X51.31840 Y30.53890
X51.30570 Y30.53890
X51.30570 Y30.52620
X51.29300 Y30.52620
X51.29300 Y30.51350
X51.28030 Y30.51350
X51.28030 Y30.50080
X51.26760 Y30.50080
X51.26760 Y30.48810
X51.25490 Y30.48810
X51.25490 Y30.47540
X51.24220 Y30.47540
X51.24220 Y30.46270
X51.22950 Y30.46270
X51.22950 Y30.45000
X51.21680 Y30.45000
X51.21680 Y30.43730
X51.20410 Y30.43730
X51.20410 Y30.42460
X51.19140 Y30.42460
X51.19140 Y30.41190
X51.17870 Y30.41190
X51.17870 Y30.39920
X51.16600 Y30.39920
X51.16600 Y30.38650
X51.15330 Y30.38650
X51.15330 Y30.37380
X51.14060 Y30.37380
X51.14060 Y30.36110
X51.12790 Y30.36110
X51.12790 Y30.34840
X51.11520 Y30.34840
X51.11520 Y30.33570
X51.10250 Y30.33570
X51.10250 Y30.32300
X51.08980 Y30.32300
X51.08980 Y30.31030
X51.07710 Y30.31030
X51.07710 Y30.29760
X51.06440 Y30.29760
X51.06440 Y30.28490
X51.05170 Y30.28490
X51.05170 Y30.27220
X51.03900 Y30.27220
X51.03900 Y30.25950
X51.02630 Y30.25950
X51.02630 Y30.24680
X51.01360 Y30.24680
X51.01360 Y30.23410
X51.00090 Y30.23410
X51.00090 Y30.22140
X50.98820 Y30.22140
X50.98820 Y30.20870
X50.97550 Y30.20870
X50.97550 Y30.19600
X50.96280 Y30.19600
X50.96280 Y30.18330
X50.95010 Y30.18330
X50.95010 Y30.17060
X50.93740 Y30.17060
X50.93740 Y30.15790
X50.92470 Y30.15790
X50.92470 Y30.14520
X50.91200 Y30.14520
X50.91200 Y30.13250
X50.89930 Y30.13250
X50.89930 Y30.11980
X50.88660 Y30.11980
X50.88660 Y30.10710
X50.87390 Y30.10710
X50.87390 Y30.09440
X50.86120 Y30.09440
X50.86120 Y30.08170
X50.84850 Y30.08170
X50.84850 Y30.06900
X50.83580 Y30.06900
X50.83580 Y30.05630
X50.82310 Y30.05630
X50.82310 Y30.04360
X50.81040 Y30.04360
X50.81040 Y30.03090
X50.79770 Y30.03090
X50.79770 Y30.01820
X50.78500 Y30.01820
X50.78500 Y30.00550
X50.77230 Y30.00550
X50.77230 Y29.99280
X50.75960 Y29.99280
X50.75960 Y29.98010
X50.74690 Y29.98010
X50.74690 Y29.96740
X50.73420 Y29.96740
X50.73420 Y29.95470
X50.72150 Y29.95470
X50.72150 Y29.94200
X50.70880 Y29.94200
X50.70880 Y29.92930
X50.69610 Y29.92930
X50.69610 Y29.91660
X50.68340 Y29.91660
X50.68340 Y29.90390
X50.67070 Y29.90390
X50.67070 Y29.89120
X50.65800 Y29.89120
X50.65800 Y29.87850
X50.64530 Y29.87850
X50.64530 Y29.86580
X50.63260 Y29.86580
X50.63260 Y29.85310
X50.61990 Y29.85310
X50.61990 Y29.84040
X50.60720 Y29.84040
X50.60720 Y29.82770
X50.59450 Y29.82770
X50.59450 Y29.81500
X50.58180 Y29.81500
X50.58180 Y29.80230
X50.56910 Y29.80230
X50.56910 Y29.78960
X50.55640 Y29.78960
X50.55640 Y29.77690
X50.54370 Y29.77690
X50.54370 Y29.76420
X50.53100 Y29.76420
X50.53100 Y29.75150
X50.51830 Y29.75150
X50.51830 Y29.73880
X50.50560 Y29.73880
X50.50560 Y29.72610
X50.49290 Y29.72610
X50.49290 Y29.71340
X50.48020 Y29.71340
X50.48020 Y29.70070
X50.46750 Y29.70070
X50.46750 Y29.68800
X50.45480 Y29.68800
X50.45480 Y29.67530
X50.44210 Y29.67530
X50.44210 Y29.66260
X50.42940 Y29.66260
X50.42940 Y29.64990
X50.41670 Y29.64990
X50.41670 Y29.63720
X50.40400 Y29.63720
X50.40400 Y29.62450
X50.39130 Y29.62450
X50.39130 Y29.61180
X50.37860 Y29.61180
X50.37860 Y29.59910
X50.36590 Y29.59910
X50.36590 Y29.58640
X50.35320 Y29.58640
X50.35320 Y29.57370
X50.34050 Y29.57370
X50.34050 Y29.56100
X50.32780 Y29.56100
X50.32780 Y29.54830
X50.31510 Y29.54830
X50.31510 Y29.53560
X50.30240 Y29.53560
X50.30240 Y29.52290
X50.28970 Y29.52290
X50.28970 Y29.51020
X50.27700 Y29.51020
X50.27700 Y29.49750
X50.26430 Y29.49750
X50.26430 Y29.48480
X50.25160 Y29.48480
X50.25160 Y29.47210
X50.23890 Y29.47210
X50.23890 Y29.45940
X50.22620 Y29.45940
X50.22620 Y29.44670
X50.21350 Y29.44670
X50.21350 Y29.43400
X50.20080 Y29.43400
X50.20080 Y29.42130
X50.18810 Y29.42130
X50.18810 Y29.40860
X50.17540 Y29.40860
X50.17540 Y29.39590
X50.16270 Y29.39590
X50.16270 Y29.38320
X50.15000 Y29.38320
X50.15000 Y29.37050
X50.13730 Y29.37050
X50.13730 Y29.35780
X50.12460 Y29.35780
X50.12460 Y29.34510
X50.11190 Y29.34510
X50.11190 Y29.33240
X50.09920 Y29.33240
X50.09920 Y29.31970
X50.08650 Y29.31970
X50.08650 Y29.30700
X50.07380 Y29.30700
X50.07380 Y29.29430
X50.06110 Y29.29430
X50.06110 Y29.28160
X50.04840 Y29.28160
X50.04840 Y29.26890
X50.03570 Y29.26890
X50.03570 Y29.25620
X50.02300 Y29.25620
X50.02300 Y29.24350
X50.01030 Y29.24350
X50.01030 Y29.23080
X49.99760 Y29.23080
X49.99760 Y29.21810
X49.98490 Y29.21810
X49.98490 Y29.20540
X49.97220 Y29.20540
X49.97220 Y29.19270
X49.95950 Y29.19270
X49.95950 Y29.18000
X49.94680 Y29.18000
X49.94680 Y29.16730
X49.93410 Y29.16730
X49.93410 Y29.15460
X49.92140 Y29.15460
X49.92140 Y29.14190
X49.90870 Y29.14190
X49.90870 Y29.12920
X49.89600 Y29.12920
X49.89600 Y29.11650
X49.88330 Y29.11650
X49.88330 Y29.10380
X49.87060 Y29.10380
X49.87060 Y29.09110
X49.85790 Y29.09110
X49.85790 Y29.07840
X49.84520 Y29.07840
X49.84520 Y29.06570
X49.83250 Y29.06570
X49.83250 Y29.05300
X49.81980 Y29.05300
X49.81980 Y29.04030
X49.80710 Y29.04030
X49.80710 Y29.02760
X49.79440 Y29.02760
X49.79440 Y29.01490
X49.78170 Y29.01490
X49.78170 Y29.00220
X49.76900 Y29.00220
X49.76900 Y28.98950
X49.75630 Y28.98950
X49.75630 Y28.97680
X49.74360 Y28.97680
X49.74360 Y28.96410
X49.73090 Y28.96410
X49.73090 Y28.95140
X49.71820 Y28.95140
X49.71820 Y28.93870
X49.70550 Y28.93870
X49.70550 Y28.92600
X49.69280 Y28.92600
X49.69280 Y28.91330
X49.68010 Y28.91330
X49.68010 Y28.90060
X49.66740 Y28.90060
X49.66740 Y28.88790
X49.65470 Y28.88790
X49.65470 Y28.87520
X49.64200 Y28.87520
X49.64200 Y28.86250
X49.62930 Y28.86250
X49.62930 Y28.84980
X49.61660 Y28.84980
X49.61660 Y28.83710
X49.60390 Y28.83710
X49.60390 Y28.82440
X49.59120 Y28.82440
X49.59120 Y28.81170
X49.57850 Y28.81170
X49.57850 Y28.79900
X49.56580 Y28.79900
X49.56580 Y28.78630
X49.55310 Y28.78630
X49.55310 Y28.77360
X49.54040 Y28.77360
X49.54040 Y28.76090
X49.52770 Y28.76090
X49.52770 Y28.74820
X49.51500 Y28.74820
X49.51500 Y28.73550
X49.50230 Y28.73550
X49.50230 Y28.72280
X49.48960 Y28.72280
X49.48960 Y28.71010
X49.47690 Y28.71010
X49.47690 Y28.69740
X49.46420 Y28.69740
X49.46420 Y28.68470
X49.45150 Y28.68470
X49.45150 Y28.67200
X49.43880 Y28.67200
X49.43880 Y28.68470
X49.42610 Y28.68470
X49.42610 Y28.71010
X49.41340 Y28.71010
X49.41340 Y28.73550
X49.40070 Y28.73550
X49.40070 Y28.74820
X49.38800 Y28.74820
X49.38800 Y28.76090
X49.37530 Y28.76090
X49.37530 Y28.77360
X49.36260 Y28.77360
X49.36260 Y28.78630
X49.34990 Y28.78630
X49.34990 Y28.81170
X49.33720 Y28.81170
X49.33720 Y28.82440
X49.32450 Y28.82440
X49.32450 Y28.83710
X49.31180 Y28.83710
X49.31180 Y28.84980
X49.29910 Y28.84980
X49.29910 Y28.86250
X49.27370 Y28.86250
X49.27370 Y28.87520
X49.26100 Y28.87520
X49.26100 Y28.88790
X49.24830 Y28.88790
X49.24830 Y28.90060
X49.23560 Y28.90060
X49.23560 Y28.91330
X49.22290 Y28.91330
X49.22290 Y28.92600
X49.19750 Y28.92600
X49.19750 Y28.93870
X49.17210 Y28.93870
X49.17210 Y28.95140
X49.14670 Y28.95140
X49.14670 Y28.96410
X49.13400 Y28.96410
X49.13400 Y28.97680
X49.10860 Y28.97680
X49.10860 Y28.98950
X49.08320 Y28.98950
X49.08320 Y29.00220
X49.03240 Y29.00220
X49.03240 Y29.01490
X48.99430 Y29.01490
X48.99430 Y29.02760
X48.95620 Y29.02760
X48.95620 Y29.04030
X48.85460 Y29.04030
X48.85460 Y29.05300
X48.53710 Y29.05300
X48.53710 Y29.04030
X48.43550 Y29.04030
X48.43550 Y29.02760
X48.39740 Y29.02760
X48.39740 Y29.01490
X48.35930 Y29.01490
X48.35930 Y29.00220
X48.30850 Y29.00220
X48.30850 Y28.98950
X48.28310 Y28.98950
X48.28310 Y28.97680
X48.25770 Y28.97680
X48.25770 Y28.96410
X48.24500 Y28.96410
X48.24500 Y28.95140
X48.21960 Y28.95140
X48.21960 Y28.93870
X48.19420 Y28.93870
X48.19420 Y28.92600
X48.16880 Y28.92600
X48.16880 Y28.91330
X48.15610 Y28.91330
X48.15610 Y28.90060
X48.14340 Y28.90060
X48.14340 Y28.88790
X48.13070 Y28.88790
X48.13070 Y28.87520
X48.11800 Y28.87520
X48.11800 Y28.86250
X48.09260 Y28.86250
X48.09260 Y28.84980
X48.07990 Y28.84980
X48.07990 Y28.83710
X48.06720 Y28.83710
X48.06720 Y28.82440
X48.05450 Y28.82440
X48.05450 Y28.81170
X48.04180 Y28.81170
X48.04180 Y28.78630
X48.02910 Y28.78630
X48.02910 Y28.77360
X48.01640 Y28.77360
X48.01640 Y28.76090
X48.00370 Y28.76090
X48.00370 Y28.74820
X47.99100 Y28.74820
X47.99100 Y28.73550
X47.97830 Y28.73550
X47.97830 Y28.71010
X47.96560 Y28.71010
X47.96560 Y28.68470
X47.95290 Y28.68470
X47.95290 Y28.65930
X47.94020 Y28.65930
X47.94020 Y28.64660
X47.92750 Y28.64660
X47.92750 Y28.62120
X47.91480 Y28.62120
X47.91480 Y28.59580
X47.90210 Y28.59580
X47.90210 Y28.54500
X47.88940 Y28.54500
X47.88940 Y28.50690
X47.87670 Y28.50690
X47.87670 Y28.46880
X47.86400 Y28.46880
X47.86400 Y28.36720
X47.85130 Y28.36720
X47.85130 Y28.04970
X47.86400 Y28.04970
X47.86400 Y27.94810
X47.87670 Y27.94810
X47.87670 Y27.91000
X47.88940 Y27.91000
X47.88940 Y27.87190
X47.90210 Y27.87190
X47.90210 Y27.82110
X47.91480 Y27.82110
X47.91480 Y27.79570
X47.92750 Y27.79570
X47.92750 Y27.77030
X47.94020 Y27.77030
X47.94020 Y27.75760
X47.95290 Y27.75760
X47.95290 Y27.73220
X47.96560 Y27.73220
X47.96560 Y27.70680
X47.97830 Y27.70680
X47.97830 Y27.68140
X47.99100 Y27.68140
X47.99100 Y27.66870
X48.00370 Y27.66870
X48.00370 Y27.65600
X48.01640 Y27.65600
X48.01640 Y27.64330
X48.02910 Y27.64330
X48.02910 Y27.63060
X48.04180 Y27.63060
X48.04180 Y27.60520
X48.05450 Y27.60520
X48.05450 Y27.59250
X48.06720 Y27.59250
X48.06720 Y27.57980
X48.07990 Y27.57980
X48.07990 Y27.56710
X48.09260 Y27.56710
X48.09260 Y27.55440
X48.11800 Y27.55440
X48.11800 Y27.54170
X48.13070 Y27.54170
X48.13070 Y27.52900
X48.14340 Y27.52900
X48.14340 Y27.51630
X48.15610 Y27.51630
X48.15610 Y27.50360
X48.16880 Y27.50360
X48.16880 Y27.49090
X48.19420 Y27.49090
X48.19420 Y27.47820
X48.21960 Y27.47820
X48.21960 Y27.46550
X48.24500 Y27.46550
X48.24500 Y27.45280
X48.25770 Y27.45280
X48.25770 Y27.44010
X48.28310 Y27.44010
X48.28310 Y27.42740
X48.30850 Y27.42740
X48.30850 Y27.41470
X48.35930 Y27.41470
X48.35930 Y27.40200
X48.39740 Y27.40200
X48.39740 Y27.38930
X48.43550 Y27.38930
X48.43550 Y27.37660
X48.52440 Y27.37660
X48.52440 Y27.36390
X48.86730 Y27.36390
X48.86730 Y27.37660
X48.95620 Y27.37660
X48.95620 Y27.38930
X48.99430 Y27.38930
X48.99430 Y27.40200
X49.04510 Y27.40200
X49.04510 Y27.41470
X49.08320 Y27.41470
X49.08320 Y27.42740
X49.10860 Y27.42740
X49.10860 Y27.44010
X49.13400 Y27.44010
X49.13400 Y27.45280
X49.14670 Y27.45280
X49.14670 Y27.46550
X49.17210 Y27.46550
X49.17210 Y27.47820
X49.19750 Y27.47820
X49.19750 Y27.49090
X49.22290 Y27.49090
X49.22290 Y27.50360
X49.23560 Y27.50360
X49.23560 Y27.51630
X49.24830 Y27.51630
X49.24830 Y27.52900
X49.26100 Y27.52900
X49.26100 Y27.54170
X49.27370 Y27.54170
X49.27370 Y27.55440
X49.29910 Y27.55440
X49.29910 Y27.56710
X49.31180 Y27.56710
X49.31180 Y27.57980
X49.32450 Y27.57980
X49.32450 Y27.59250
X49.33720 Y27.59250
X49.33720 Y27.60520
X49.34990 Y27.60520
X49.34990 Y27.63060
X49.36260 Y27.63060
X49.36260 Y27.64330
X49.37530 Y27.64330
X49.37530 Y27.65600
X49.38800 Y27.65600
X49.38800 Y27.66870
X49.40070 Y27.66870
X49.40070 Y27.68140
X49.41340 Y27.68140
X49.41340 Y27.70680
X49.42610 Y27.70680
X49.42610 Y27.73220
X49.43880 Y27.73220
X49.43880 Y27.75760
X49.45150 Y27.75760
X49.45150 Y27.77030
X49.46420 Y27.77030
X49.46420 Y27.79570
X49.47690 Y27.79570
X49.47690 Y27.82110
X49.48960 Y27.82110
X49.48960 Y27.85920
X49.50230 Y27.85920
X49.50230 Y27.91000
X49.51500 Y27.91000
X49.51500 Y27.94810
X49.52770 Y27.94810
X49.52770 Y27.97350
X49.54040 Y27.97350
X49.54040 Y27.98620
X49.56580 Y27.98620
X49.56580 Y27.99890
X49.57850 Y27.99890
X49.57850 Y28.01160
X49.59120 Y28.01160
X49.59120 Y28.02430
X49.60390 Y28.02430
X49.60390 Y28.03700
X49.61660 Y28.03700
X49.61660 Y28.04970
X49.62930 Y28.04970
X49.62930 Y28.06240
X49.64200 Y28.06240
X49.64200 Y28.07510
X49.65470 Y28.07510
X49.65470 Y28.08780
X49.66740 Y28.08780
X49.66740 Y28.10050
X49.68010 Y28.10050
X49.68010 Y28.11320
X49.69280 Y28.11320
X49.69280 Y28.12590
X49.70550 Y28.12590
X49.70550 Y28.13860
X49.71820 Y28.13860
X49.71820 Y28.15130
X49.73090 Y28.15130
X49.73090 Y28.16400
X49.74360 Y28.16400
X49.74360 Y28.17670
X49.75630 Y28.17670
X49.75630 Y28.18940
X49.76900 Y28.18940
X49.76900 Y28.20210
X49.78170 Y28.20210
X49.78170 Y28.21480
X49.79440 Y28.21480
X49.79440 Y28.22750
X49.80710 Y28.22750
X49.80710 Y28.24020
X49.81980 Y28.24020
X49.81980 Y28.25290
X49.83250 Y28.25290
X49.83250 Y28.26560
X49.84520 Y28.26560
X49.84520 Y28.27830
X49.85790 Y28.27830
X49.85790 Y28.29100
X49.87060 Y28.29100
X49.87060 Y28.30370
X49.88330 Y28.30370
X49.88330 Y28.31640
X49.89600 Y28.31640
X49.89600 Y28.32910
X49.90870 Y28.32910
X49.90870 Y28.34180
X49.92140 Y28.34180
X49.92140 Y28.35450
X49.93410 Y28.35450
X49.93410 Y28.36720
X49.94680 Y28.36720
X49.94680 Y28.37990
X49.95950 Y28.37990
X49.95950 Y28.39260
X49.97220 Y28.39260
X49.97220 Y28.40530
X49.98490 Y28.40530
X49.98490 Y28.41800
X49.99760 Y28.41800
X49.99760 Y28.43070
X50.01030 Y28.43070
X50.01030 Y28.44340
X50.02300 Y28.44340
X50.02300 Y28.45610
X50.03570 Y28.45610
X50.03570 Y28.46880
X50.04840 Y28.46880
X50.04840 Y28.48150
X50.06110 Y28.48150
X50.06110 Y28.49420
X50.07380 Y28.49420
X50.07380 Y28.50690
X50.08650 Y28.50690
X50.08650 Y28.51960
X50.09920 Y28.51960
X50.09920 Y28.53230
X50.11190 Y28.53230
X50.11190 Y28.54500
X50.12460 Y28.54500
X50.12460 Y28.55770
X50.13730 Y28.55770
X50.13730 Y28.57040
X50.15000 Y28.57040
X50.15000 Y28.58310
X50.16270 Y28.58310
X50.16270 Y28.59580
X50.17540 Y28.59580
X50.17540 Y28.60850
X50.18810 Y28.60850
X50.18810 Y28.62120
X50.20080 Y28.62120
X50.20080 Y28.63390
X50.21350 Y28.63390
X50.21350 Y28.64660
X50.22620 Y28.64660
X50.22620 Y28.65930
X50.23890 Y28.65930
X50.23890 Y28.67200
X50.25160 Y28.67200
X50.25160 Y28.68470
X50.26430 Y28.68470
X50.26430 Y28.69740
X50.27700 Y28.69740
X50.27700 Y28.71010
X50.28970 Y28.71010
X50.28970 Y28.72280
X50.30240 Y28.72280
X50.30240 Y28.73550
X50.31510 Y28.73550
X50.31510 Y28.74820
X50.32780 Y28.74820
X50.32780 Y28.76090
X50.34050 Y28.76090
X50.34050 Y28.77360
X50.35320 Y28.77360
X50.35320 Y28.78630
X50.36590 Y28.78630
X50.36590 Y28.79900
X50.37860 Y28.79900
X50.37860 Y28.81170
X50.39130 Y28.81170
X50.39130 Y28.82440
X50.40400 Y28.82440
X50.40400 Y28.83710
X50.41670 Y28.83710
X50.41670 Y28.84980
X50.42940 Y28.84980
X50.42940 Y28.86250
X50.44210 Y28.86250
X50.44210 Y28.87520
X50.45480 Y28.87520
X50.45480 Y28.88790
X50.46750 Y28.88790
X50.46750 Y28.90060
X50.48020 Y28.90060
X50.48020 Y28.91330
X50.49290 Y28.91330
X50.49290 Y28.92600
X50.50560 Y28.92600
X50.50560 Y28.93870
X50.51830 Y28.93870
X50.51830 Y28.95140
X50.53100 Y28.95140
X50.53100 Y28.96410
X50.54370 Y28.96410
X50.54370 Y28.97680
X50.55640 Y28.97680
X50.55640 Y28.98950
X50.56910 Y28.98950
X50.56910 Y29.00220
X50.58180 Y29.00220
X50.58180 Y29.01490
X50.59450 Y29.01490
X50.59450 Y29.02760
X50.60720 Y29.02760
X50.60720 Y29.04030
X50.61990 Y29.04030
X50.61990 Y29.05300
X50.63260 Y29.05300
X50.63260 Y29.06570
X50.64530 Y29.06570
X50.64530 Y29.07840
X50.65800 Y29.07840
X50.65800 Y29.09110
X50.67070 Y29.09110
X50.67070 Y29.10380
X50.68340 Y29.10380
X50.68340 Y29.11650
X50.69610 Y29.11650
X50.69610 Y29.12920
X50.70880 Y29.12920
X50.70880 Y29.14190
X50.72150 Y29.14190
X50.72150 Y29.15460
X50.73420 Y29.15460
X50.73420 Y29.16730
X50.74690 Y29.16730
X50.74690 Y29.18000
X50.75960 Y29.18000
X50.75960 Y29.19270
X50.77230 Y29.19270
X50.77230 Y29.20540
X50.78500 Y29.20540
X50.78500 Y29.21810
X50.79770 Y29.21810
X50.79770 Y29.23080
X50.81040 Y29.23080
X50.81040 Y29.24350
X50.82310 Y29.24350
X50.82310 Y29.25620
X50.83580 Y29.25620
X50.83580 Y29.26890
X50.84850 Y29.26890
X50.84850 Y29.28160
X50.86120 Y29.28160
X50.86120 Y29.29430
X50.87390 Y29.29430
X50.87390 Y29.30700
X50.88660 Y29.30700
X50.88660 Y29.31970
X50.89930 Y29.31970
X50.89930 Y29.33240
X50.91200 Y29.33240
X50.91200 Y29.34510
X50.92470 Y29.34510
X50.92470 Y29.35780
X50.93740 Y29.35780
X50.93740 Y29.37050
X50.95010 Y29.37050
X50.95010 Y29.38320
X50.96280 Y29.38320
X50.96280 Y29.39590
X50.97550 Y29.39590
X50.97550 Y29.40860
X50.98820 Y29.40860
X50.98820 Y29.42130
X51.00090 Y29.42130
X51.00090 Y29.43400
X51.01360 Y29.43400
X51.01360 Y29.44670
X51.02630 Y29.44670
X51.02630 Y29.45940
X51.03900 Y29.45940
X51.03900 Y29.47210
X51.05170 Y29.47210
X51.05170 Y29.48480
X51.06440 Y29.48480
X51.06440 Y29.49750
X51.07710 Y29.49750
X51.07710 Y29.51020
X51.08980 Y29.51020
X51.08980 Y29.52290
X51.10250 Y29.52290
X51.10250 Y29.53560
X51.11520 Y29.53560
X51.11520 Y29.54830
X51.12790 Y29.54830
X51.12790 Y29.56100
X51.14060 Y29.56100
X51.14060 Y29.57370
X51.15330 Y29.57370
X51.15330 Y29.58640
X51.16600 Y29.58640
X51.16600 Y29.59910
X51.17870 Y29.59910
X51.17870 Y29.61180
X51.19140 Y29.61180
X51.19140 Y29.62450
X51.20410 Y29.62450
X51.20410 Y29.63720
X51.21680 Y29.63720
X51.21680 Y29.64990
X51.22950 Y29.64990
X51.22950 Y29.66260
X51.24220 Y29.66260
X51.24220 Y29.67530
X51.25490 Y29.67530
X51.25490 Y29.68800
X51.26760 Y29.68800
X51.26760 Y29.70070
X51.28030 Y29.70070
X51.28030 Y29.71340
X51.29300 Y29.71340
X51.29300 Y29.72610
X51.30570 Y29.72610
X51.30570 Y29.73880
X51.31840 Y29.73880
X51.31840 Y29.75150
X51.33110 Y29.75150
X51.33110 Y29.76420
X51.34380 Y29.76420
X51.34380 Y29.77690
X51.35650 Y29.77690
X51.35650 Y29.78960
X51.36920 Y29.78960
X51.36920 Y29.80230
X51.38190 Y29.80230
X51.38190 Y29.81500
X51.39460 Y29.81500
X51.39460 Y29.82770
X51.40730 Y29.82770
X51.40730 Y29.84040
X51.42000 Y29.84040
X51.42000 Y29.85310
X51.43270 Y29.85310
X51.43270 Y29.86580
X51.44540 Y29.86580
X51.44540 Y29.87850
X51.45810 Y29.87850
X51.45810 Y29.89120
X51.47080 Y29.89120
X51.47080 Y29.90390
X51.48350 Y29.90390
X51.48350 Y29.91660
X51.49620 Y29.91660
X51.49620 Y29.92930
X51.50890 Y29.92930
X51.50890 Y29.94200
X51.52160 Y29.94200
X51.52160 Y29.95470
X51.53430 Y29.95470
X51.53430 Y29.96740
X51.54700 Y29.96740
X51.54700 Y29.98010
X51.55970 Y29.98010
X51.55970 Y29.99280
X51.57240 Y29.99280
X51.57240 Y30.00550
X51.58510 Y30.00550
X51.58510 Y30.01820
X51.59780 Y30.01820
X51.59780 Y30.03090
X51.61050 Y30.03090
X51.61050 Y30.04360
X51.62320 Y30.04360
X51.62320 Y30.05630
X51.63590 Y30.05630
X51.63590 Y30.06900
X51.64860 Y30.06900
X51.64860 Y30.08170
X51.66130 Y30.08170
X51.66130 Y30.09440
X51.67400 Y30.09440
X51.67400 Y30.10710
X51.68670 Y30.10710
X51.68670 Y30.11980
X51.69940 Y30.11980
X51.69940 Y30.13250
X51.71210 Y30.13250
X51.71210 Y30.14520
X51.72480 Y30.14520
X51.72480 Y30.15790
X51.73750 Y30.15790
X51.73750 Y30.17060
X51.75020 Y30.17060
X51.75020 Y30.18330
X51.76290 Y30.18330
X51.76290 Y30.19600
X51.77560 Y30.19600
X51.77560 Y30.20870
X51.78830 Y30.20870
X51.78830 Y30.22140
X51.80100 Y30.22140
X51.80100 Y30.23410
X51.81370 Y30.23410
X51.81370 Y30.24680
X51.82640 Y30.24680
X51.82640 Y30.25950
X51.83910 Y30.25950
X51.83910 Y30.27220
X51.85180 Y30.27220
X51.85180 Y30.28490
X51.86450 Y30.28490
X51.86450 Y30.29760
X51.87720 Y30.29760
X51.87720 Y30.31030
X51.88990 Y30.31030
X51.88990 Y30.32300
X51.90260 Y30.32300
X51.90260 Y30.33570
X51.91530 Y30.33570
X51.91530 Y30.34840
X51.92800 Y30.34840
X51.92800 Y30.36110
X51.94070 Y30.36110
X51.94070 Y30.37380
X51.95340 Y30.37380
X51.95340 Y30.38650
X51.96610 Y30.38650
X51.96610 Y30.39920
X51.97880 Y30.39920
X51.97880 Y30.41190
X51.99150 Y30.41190
X51.99150 Y30.42460
X52.00420 Y30.42460
X52.00420 Y30.43730
X52.01690 Y30.43730
X52.01690 Y30.45000
X52.02960 Y30.45000
X52.02960 Y30.46270
X52.04230 Y30.46270
X52.04230 Y30.47540
X52.05500 Y30.47540
X52.05500 Y30.48810
X52.06770 Y30.48810
X52.06770 Y30.50080
X52.08040 Y30.50080
X52.08040 Y30.51350
X52.09310 Y30.51350
X52.09310 Y30.52620
X52.10580 Y30.52620
X52.10580 Y30.53890
X52.11850 Y30.53890
X52.11850 Y30.55160
X52.13120 Y30.55160
X52.13120 Y30.56430
X52.14390 Y30.56430
X52.14390 Y30.57700
X52.15660 Y30.57700
X52.15660 Y30.58970
X52.16930 Y30.58970
X52.16930 Y30.60240
X52.18200 Y30.60240
X52.18200 Y30.61510
X52.19470 Y30.61510
X52.19470 Y30.62780
X52.20740 Y30.62780
X52.20740 Y30.64050
X52.22010 Y30.64050
X52.22010 Y30.65320
X52.23280 Y30.65320
X52.23280 Y30.66590
X52.24550 Y30.66590
X52.24550 Y30.67860
X52.25820 Y30.67860
X52.25820 Y30.69130
X52.27090 Y30.69130
X52.27090 Y30.70400
X52.28360 Y30.70400
X52.28360 Y30.71670
X52.29630 Y30.71670
X52.29630 Y30.72940
X52.30900 Y30.72940
X52.30900 Y30.74210
X52.32170 Y30.74210
X52.32170 Y30.75480
X52.33440 Y30.75480
X52.33440 Y30.76750
X52.34710 Y30.76750
X52.34710 Y30.78020
X52.35980 Y30.78020
X52.35980 Y30.79290
X52.37250 Y30.79290
X52.37250 Y30.80560
X52.38520 Y30.80560
X52.38520 Y30.81830
X52.39790 Y30.81830
X52.39790 Y30.83100
X52.41060 Y30.83100
X52.41060 Y30.84370
X52.42330 Y30.84370
X52.42330 Y30.85640
X52.43600 Y30.85640
X52.43600 Y30.86910
X52.44870 Y30.86910
X52.44870 Y30.88180
X52.46140 Y30.88180
X52.46140 Y30.89450
X52.47410 Y30.89450
X52.47410 Y30.90720
X52.48680 Y30.90720
X52.48680 Y30.91990
X52.49950 Y30.91990
X52.49950 Y30.93260
X52.51220 Y30.93260
X52.51220 Y30.94530
X52.52490 Y30.94530
X52.52490 Y30.95800
X52.53760 Y30.95800
X52.53760 Y30.97070
X52.55030 Y30.97070
X52.55030 Y30.98340
X52.56300 Y30.98340
X52.56300 Y30.99610
X52.57570 Y30.99610
X52.57570 Y31.00880
X52.58840 Y31.00880
X52.58840 Y31.02150
X52.60110 Y31.02150
X52.60110 Y31.03420
X52.61380 Y31.03420
X52.61380 Y31.04690
X52.62650 Y31.04690
X52.62650 Y31.05960
X52.63920 Y31.05960
X52.63920 Y31.07230
X52.65190 Y31.07230
X52.65190 Y31.08500
X52.66460 Y31.08500
X52.66460 Y31.09770
X52.67730 Y31.09770
X52.67730 Y31.11040
X52.69000 Y31.11040
X52.69000 Y31.12310
X52.70270 Y31.12310
X52.70270 Y31.13580
X52.71540 Y31.13580
X52.71540 Y31.14850
X52.72810 Y31.14850
X52.72810 Y31.16120
X52.74080 Y31.16120
X52.74080 Y31.17390
X52.75350 Y31.17390
X52.75350 Y31.18660
X52.76620 Y31.18660
X52.76620 Y31.19930
X52.77890 Y31.19930
X52.77890 Y31.21200
X52.79160 Y31.21200
X52.79160 Y31.22470
X52.80430 Y31.22470
X52.80430 Y31.23740
X52.81700 Y31.23740
X52.81700 Y31.25010
X52.82970 Y31.25010
X52.82970 Y31.26280
X52.84240 Y31.26280
X52.84240 Y31.27550
X52.85510 Y31.27550
X52.85510 Y31.28820
X52.86780 Y31.28820
X52.86780 Y31.30090
X52.88050 Y31.30090
X52.88050 Y31.31360
X52.89320 Y31.31360
X52.89320 Y31.32630
X52.90590 Y31.32630
X52.90590 Y31.33900
X52.91860 Y31.33900
X52.91860 Y31.35170
X52.93130 Y31.35170
X52.93130 Y31.36440
X52.94400 Y31.36440
X52.94400 Y31.37710
X52.95670 Y31.37710
X52.95670 Y31.38980
X52.96940 Y31.38980
X52.96940 Y31.40250
X52.98210 Y31.40250
X52.98210 Y31.41520
X52.99480 Y31.41520
X52.99480 Y31.42790
X53.00750 Y31.42790
X53.00750 Y31.44060
X53.02020 Y31.44060
X53.02020 Y31.45330
X53.03290 Y31.45330
X53.03290 Y31.46600
X53.04560 Y31.46600
X53.04560 Y31.47870
X53.05830 Y31.47870
X53.05830 Y31.49140
X53.07100 Y31.49140
X53.07100 Y31.50410
X53.08370 Y31.50410
X53.08370 Y31.51680
X53.09640 Y31.51680
X53.09640 Y31.52950
X53.10910 Y31.52950
X53.10910 Y31.54220
X53.12180 Y31.54220
X53.12180 Y31.55490
X53.13450 Y31.55490
X53.13450 Y31.56760
X53.14720 Y31.56760
X53.14720 Y31.58030
X53.15990 Y31.58030
X53.15990 Y31.59300
X53.17260 Y31.59300
X53.17260 Y31.60570
X53.18530 Y31.60570
X53.18530 Y31.61840
X53.19800 Y31.61840
X53.19800 Y31.63110
X53.21070 Y31.63110
X53.21070 Y31.64380
X53.22340 Y31.64380
X53.22340 Y31.65650
X53.23610 Y31.65650
X53.23610 Y31.66920
X53.24880 Y31.66920
X53.24880 Y31.68190
X53.26150 Y31.68190
X53.26150 Y31.69460
X53.27420 Y31.69460
X53.27420 Y31.70730
X53.28690 Y31.70730
X53.28690 Y31.72000
X53.29960 Y31.72000
X53.29960 Y31.73270
X53.31230 Y31.73270
X53.31230 Y31.74540
X53.32500 Y31.74540
X53.32500 Y31.75810
X53.33770 Y31.75810
X53.33770 Y31.77080
X53.35040 Y31.77080
X53.35040 Y31.78350
X53.36310 Y31.78350
X53.36310 Y31.79620
X53.37580 Y31.79620
X53.37580 Y31.80890
X53.38850 Y31.80890
X53.38850 Y31.82160
X53.40120 Y31.82160
X53.40120 Y31.83430
X53.41390 Y31.83430
X53.41390 Y31.84700
X53.42660 Y31.84700
X53.42660 Y31.85970
X53.43930 Y31.85970
X53.43930 Y31.87240
X53.45200 Y31.87240
X53.45200 Y31.88510
X53.46470 Y31.88510
X53.46470 Y31.89780
X53.47740 Y31.89780
X53.47740 Y31.91050
X53.49010 Y31.91050
X53.49010 Y31.92320
X53.50280 Y31.92320
X53.50280 Y31.93590
X53.51550 Y31.93590
X53.51550 Y31.94860
X53.52820 Y31.94860
X53.52820 Y31.96130
X53.54090 Y31.96130
X53.54090 Y31.97400
X53.55360 Y31.97400
X53.55360 Y31.98670
X53.56630 Y31.98670
X53.56630 Y31.99940
X53.57900 Y31.99940
X53.57900 Y32.01210
X53.59170 Y32.01210
X53.59170 Y32.02480
X53.60440 Y32.02480
X53.60440 Y32.03750
X53.61710 Y32.03750
X53.61710 Y32.05020
X53.62980 Y32.05020
X53.62980 Y32.06290
X53.64250 Y32.06290
X53.64250 Y32.07560
X53.65520 Y32.07560
X53.65520 Y32.08830
X53.66790 Y32.08830
X53.66790 Y32.10100
X53.68060 Y32.10100
X53.68060 Y32.11370
X53.69330 Y32.11370
X53.69330 Y32.12640
X53.70600 Y32.12640
X53.70600 Y32.13910
X53.71870 Y32.13910
X53.71870 Y32.15180
X53.73140 Y32.15180
X53.73140 Y32.16450
X53.74410 Y32.16450
X53.74410 Y32.17720
X53.75680 Y32.17720
X53.75680 Y32.18990
X53.76950 Y32.18990
X53.76950 Y32.20260
X53.78220 Y32.20260
X53.78220 Y32.21530
X53.79490 Y32.21530
X53.79490 Y32.22800
X53.80760 Y32.22800
X53.80760 Y32.24070
X53.82030 Y32.24070
X53.82030 Y32.25340
X53.83300 Y32.25340
X53.83300 Y32.26610
X53.84570 Y32.26610
X53.84570 Y32.27880
X53.85840 Y32.27880
X53.85840 Y32.29150
X53.87110 Y32.29150
X53.87110 Y32.30420
X53.88380 Y32.30420
X53.88380 Y32.31690
X53.89650 Y32.31690
X53.89650 Y32.32960
X53.90920 Y32.32960
X53.90920 Y32.34230
X53.92190 Y32.34230
X53.92190 Y32.35500
X53.93460 Y32.35500
X53.93460 Y32.36770
X53.94730 Y32.36770
X53.94730 Y32.38040
X53.96000 Y32.38040
X53.96000 Y32.39310
X53.97270 Y32.39310
X53.97270 Y32.40580
X53.98540 Y32.40580
X53.98540 Y32.41850
X53.99810 Y32.41850
X53.99810 Y32.43120
X54.01080 Y32.43120
X54.01080 Y32.44390
X54.02350 Y32.44390
X54.02350 Y32.45660
X54.03620 Y32.45660
X54.03620 Y32.46930
X54.04890 Y32.46930
X54.04890 Y32.48200
X54.06160 Y32.48200
X54.06160 Y32.49470
X54.07430 Y32.49470
X54.07430 Y32.50740
X54.08700 Y32.50740
X54.08700 Y32.52010
X54.09970 Y32.52010
X54.09970 Y32.53280
X54.11240 Y32.53280
X54.11240 Y32.54550
X54.12510 Y32.54550
X54.12510 Y32.55820
X54.13780 Y32.55820
X54.13780 Y32.57090
X54.15050 Y32.57090
X54.15050 Y32.57090
X54.20130 Y32.57090
X54.20130 Y32.55820
X54.23940 Y32.55820
X54.23940 Y32.54550
X54.27750 Y32.54550
X54.27750 Y32.53280
X54.36640 Y32.53280
X54.36640 Y32.52010
X54.70930 Y32.52010
X54.70930 Y32.53280
X54.79820 Y32.53280
X54.79820 Y32.54550
X54.83630 Y32.54550
X54.83630 Y32.55820
X54.88710 Y32.55820
X54.88710 Y32.57090
X54.92520 Y32.57090
X54.92520 Y32.58360
X54.95060 Y32.58360
X54.95060 Y32.59630
X54.97600 Y32.59630
X54.97600 Y32.60900
X54.98870 Y32.60900
X54.98870 Y32.62170
X55.01410 Y32.62170
X55.01410 Y32.63440
X55.03950 Y32.63440
X55.03950 Y32.64710
X55.06490 Y32.64710
X55.06490 Y32.65980
X55.07760 Y32.65980
X55.07760 Y32.67250
X55.09030 Y32.67250
X55.09030 Y32.68520
X55.10300 Y32.68520
X55.10300 Y32.69790
X55.11570 Y32.69790
X55.11570 Y32.71060
X55.14110 Y32.71060
X55.14110 Y32.72330
X55.15380 Y32.72330
X55.15380 Y32.73600
X55.16650 Y32.73600
X55.16650 Y32.74870
X55.17920 Y32.74870
X55.17920 Y32.76140
X55.19190 Y32.76140
X55.19190 Y32.78680
X55.20460 Y32.78680
X55.20460 Y32.79950
X55.21730 Y32.79950
X55.21730 Y32.81220
X55.23000 Y32.81220
X55.23000 Y32.82490
X55.24270 Y32.82490
X55.24270 Y32.83760
X55.25540 Y32.83760
X55.25540 Y32.86300
X55.26810 Y32.86300
X55.26810 Y32.88840
X55.28080 Y32.88840
X55.28080 Y32.91380
X55.29350 Y32.91380
X55.29350 Y32.92650
X55.30620 Y32.92650
X55.30620 Y32.95190
X55.31890 Y32.95190
X55.31890 Y32.97730
X55.33160 Y32.97730
X55.33160 Y33.01540
X55.34430 Y33.01540
X55.34430 Y33.06620
X55.35700 Y33.06620
X55.35700 Y33.10430
X55.36970 Y33.10430
X55.36970 Y33.19320
X55.38240 Y33.19320
X55.38240 Y33.53610
X55.36970 Y33.53610
X55.36970 Y33.62500
X55.35700 Y33.62500
X55.35700 Y33.66310
X55.34430 Y33.66310
X55.34430 Y33.71390
X55.33160 Y33.71390
X55.33160 Y33.75200
X55.31890 Y33.75200
X55.31890 Y33.77740
X55.30620 Y33.77740
X55.30620 Y33.80280
X55.29350 Y33.80280
X55.29350 Y33.81550
X55.28080 Y33.81550
X55.28080 Y33.84090
X55.26810 Y33.84090
X55.26810 Y33.86630
X55.25540 Y33.86630
X55.25540 Y33.89170
X55.24270 Y33.89170
X55.24270 Y33.90440
X55.23000 Y33.90440
X55.23000 Y33.91710
X55.21730 Y33.91710
X55.21730 Y33.92980
X55.20460 Y33.92980
X55.20460 Y33.94250
X55.19190 Y33.94250
X55.19190 Y33.96790
X55.17920 Y33.96790
X55.17920 Y33.98060
X55.16650 Y33.98060
X55.16650 Y33.99330
X55.15380 Y33.99330
X55.15380 Y34.00600
X55.14110 Y34.00600
X55.14110 Y34.01870
X55.11570 Y34.01870
X55.11570 Y34.03140
X55.10300 Y34.03140
X55.10300 Y34.04410
X55.09030 Y34.04410
X55.09030 Y34.05680
X55.07760 Y34.05680
X55.07760 Y34.06950
X55.06490 Y34.06950
X55.06490 Y34.08220
X55.03950 Y34.08220
X55.03950 Y34.09490
X55.01410 Y34.09490
X55.01410 Y34.10760
X54.98870 Y34.10760
X54.98870 Y34.12030
X54.97600 Y34.12030
X54.97600 Y34.13300
X54.95060 Y34.13300
X54.95060 Y34.14570
X54.92520 Y34.14570
X54.92520 Y34.15840
X54.87440 Y34.15840
X54.87440 Y34.17110
X54.83630 Y34.17110
X54.83630 Y34.18380
X54.79820 Y34.18380
X54.79820 Y34.19650
X54.69660 Y34.19650
X54.69660 Y34.20920
X54.37910 Y34.20920
X54.37910 Y34.19650
X54.27750 Y34.19650
X54.27750 Y34.18380
X54.23940 Y34.18380
X54.23940 Y34.17110
X54.20130 Y34.17110
X54.20130 Y34.15840
X54.15050 Y34.15840
X54.15050 Y34.14570
X54.12510 Y34.14570
X54.12510 Y34.13300
X54.09970 Y34.13300
X54.09970 Y34.12030
X54.08700 Y34.12030
X54.08700 Y34.10760
G04 P0 ( dwell for no time -- G64 should not smooth over this point )
G00 Z5.00000 ( retract )

G00 X55.97930 Y29.84040 ( rapid move to begin. )
F300.00000
G01 Z-0.05000
G04 P0 ( dwell for no time -- G64 should not smooth over this point )
F600.00000
X55.97930 Y29.84040
X55.95390 Y29.84040
X55.95390 Y29.82770
X55.92850 Y29.82770
X55.92850 Y29.81500
X55.90310 Y29.81500
X55.90310 Y29.80230
X55.89040 Y29.80230
X55.89040 Y29.78960
X55.86500 Y29.78960
X55.86500 Y29.77690
X55.85230 Y29.77690
X55.85230 Y29.76420
X55.83960 Y29.76420
X55.83960 Y29.75150
X55.82690 Y29.75150
X55.82690 Y29.73880
X55.81420 Y29.73880
X55.81420 Y29.72610
X55.78880 Y29.72610
X55.78880 Y29.71340
X55.77610 Y29.71340
X55.77610 Y29.70070
X55.76340 Y29.70070
X55.76340 Y29.68800
X55.75070 Y29.68800
X55.75070 Y29.67530
X55.73800 Y29.67530
X55.73800 Y29.66260
X55.72530 Y29.66260
X55.72530 Y29.63720
X55.71260 Y29.63720
X55.71260 Y29.62450
X55.69990 Y29.62450
X55.69990 Y29.61180
X55.68720 Y29.61180
X55.68720 Y29.59910
X55.67450 Y29.59910
X55.67450 Y29.58640
X55.66180 Y29.58640
X55.66180 Y29.56100
X55.64910 Y29.56100
X55.64910 Y29.54830
X55.63640 Y29.54830
X55.63640 Y29.52290
X55.62370 Y29.52290
X55.62370 Y29.49750
X55.61100 Y29.49750
X55.61100 Y29.47210
X55.59830 Y29.47210
X55.59830 Y29.44670
X55.58560 Y29.44670
X55.58560 Y29.42130
X55.57290 Y29.42130
X55.57290 Y29.38320
X55.56020 Y29.38320
X55.56020 Y29.34510
X55.54750 Y29.34510
X55.54750 Y29.30700
X55.53480 Y29.30700
X55.53480 Y29.26890
X55.52210 Y29.26890
X55.52210 Y29.14190
X55.50940 Y29.14190
X55.50940 Y28.84980
X55.52210 Y28.84980
X55.52210 Y28.72280
X55.53480 Y28.72280
X55.53480 Y28.68470
X55.54750 Y28.68470
X55.54750 Y28.64660
X55.56020 Y28.64660
X55.56020 Y28.60850
X55.57290 Y28.60850
X55.57290 Y28.57040
X55.58560 Y28.57040
X55.58560 Y28.54500
X55.59830 Y28.54500
X55.59830 Y28.51960
X55.61100 Y28.51960
X55.61100 Y28.49420
X55.62370 Y28.49420
X55.62370 Y28.46880
X55.63640 Y28.46880
X55.63640 Y28.44340
X55.64910 Y28.44340
X55.64910 Y28.43070
X55.66180 Y28.43070
X55.66180 Y28.40530
X55.67450 Y28.40530
X55.67450 Y28.39260
X55.68720 Y28.39260
X55.68720 Y28.37990
X55.69990 Y28.37990
X55.69990 Y28.36720
X55.71260 Y28.36720
X55.71260 Y28.35450
X55.72530 Y28.35450
X55.72530 Y28.32910
X55.73800 Y28.32910
X55.73800 Y28.31640
X55.75070 Y28.31640
X55.75070 Y28.30370
X55.76340 Y28.30370
X55.76340 Y28.29100
X55.77610 Y28.29100
X55.77610 Y28.27830
X55.78880 Y28.27830
X55.78880 Y28.26560
X55.81420 Y28.26560
X55.81420 Y28.25290
X55.82690 Y28.25290
X55.82690 Y28.24020
X55.83960 Y28.24020
X55.83960 Y28.22750
X55.85230 Y28.22750
X55.85230 Y28.21480
X55.86500 Y28.21480
X55.86500 Y28.20210
X55.89040 Y28.20210
X55.89040 Y28.18940
X55.90310 Y28.18940
X55.90310 Y28.17670
X55.92850 Y28.17670
X55.92850 Y28.16400
X55.95390 Y28.16400
X55.95390 Y28.15130
X55.97930 Y28.15130
X55.97930 Y28.13860
X56.00470 Y28.13860
X56.00470 Y28.12590
X56.03010 Y28.12590
X56.03010 Y28.11320
X56.06820 Y28.11320
X56.06820 Y28.10050
X56.10630 Y28.10050
X56.10630 Y28.08780
X56.14440 Y28.08780
X56.14440 Y28.07510
X56.18250 Y28.07510
X56.18250 Y28.06240
X56.30950 Y28.06240
X56.30950 Y28.04970
X56.60160 Y28.04970
X56.60160 Y28.06240
X56.72860 Y28.06240
X56.72860 Y28.07510
X56.76670 Y28.07510
X56.76670 Y28.08780
X56.80480 Y28.08780
X56.80480 Y28.10050
X56.84290 Y28.10050
X56.84290 Y28.11320
X56.88100 Y28.11320
X56.88100 Y28.12590
X56.90640 Y28.12590
X56.90640 Y28.13860
X56.93180 Y28.13860
X56.93180 Y28.15130
X56.95720 Y28.15130
X56.95720 Y28.16400
X56.98260 Y28.16400
X56.98260 Y28.17670
X57.00800 Y28.17670
X57.00800 Y28.18940
X57.02070 Y28.18940
X57.02070 Y28.20210
X57.04610 Y28.20210
X57.04610 Y28.21480
X57.05880 Y28.21480
X57.05880 Y28.22750
X57.07150 Y28.22750
X57.07150 Y28.24020
X57.08420 Y28.24020
X57.08420 Y28.25290
X57.09690 Y28.25290
X57.09690 Y28.26560
X57.12230 Y28.26560
X57.12230 Y28.27830
X57.13500 Y28.27830
X57.13500 Y28.29100
X57.14770 Y28.29100
X57.14770 Y28.30370
X57.16040 Y28.30370
X57.16040 Y28.31640
X57.17310 Y28.31640
X57.17310 Y28.32910
X57.18580 Y28.32910
X57.18580 Y28.35450
X57.19850 Y28.35450
X57.19850 Y28.36720
X57.21120 Y28.36720
X57.21120 Y28.37990
X57.22390 Y28.37990
X57.22390 Y28.39260
X57.23660 Y28.39260
X57.23660 Y28.40530
X57.24930 Y28.40530
X57.24930 Y28.43070
X57.26200 Y28.43070
X57.26200 Y28.44340
X57.27470 Y28.44340
X57.27470 Y28.46880
X57.28740 Y28.46880
X57.28740 Y28.49420
X57.30010 Y28.49420
X57.30010 Y28.51960
X57.31280 Y28.51960
X57.31280 Y28.54500
X57.32550 Y28.54500
X57.32550 Y28.57040
X57.33820 Y28.57040
X57.33820 Y28.60850
X57.35090 Y28.60850
X57.35090 Y28.64660
X57.36360 Y28.64660
X57.36360 Y28.68470
X57.37630 Y28.68470
X57.37630 Y28.72280
X57.38900 Y28.72280
X57.38900 Y28.84980
X57.40170 Y28.84980
X57.40170 Y29.14190
X57.38900 Y29.14190
X57.38900 Y29.26890
X57.37630 Y29.26890
X57.37630 Y29.30700
X57.36360 Y29.30700
X57.36360 Y29.34510
X57.35090 Y29.34510
X57.35090 Y29.38320
X57.33820 Y29.38320
X57.33820 Y29.42130
X57.32550 Y29.42130
X57.32550 Y29.44670
X57.31280 Y29.44670
X57.31280 Y29.47210
X57.30010 Y29.47210
X57.30010 Y29.49750
X57.28740 Y29.49750
X57.28740 Y29.52290
X57.27470 Y29.52290
X57.27470 Y29.54830
X57.26200 Y29.54830
X57.26200 Y29.56100
X57.24930 Y29.56100
X57.24930 Y29.58640
X57.23660 Y29.58640
X57.23660 Y29.59910
X57.22390 Y29.59910
X57.22390 Y29.61180
X57.21120 Y29.61180
X57.21120 Y29.62450
X57.19850 Y29.62450
X57.19850 Y29.63720
X57.18580 Y29.63720
X57.18580 Y29.66260
X57.17310 Y29.66260
X57.17310 Y29.67530
X57.16040 Y29.67530
X57.16040 Y29.68800
X57.14770 Y29.68800
X57.14770 Y29.70070
X57.13500 Y29.70070
X57.13500 Y29.71340
X57.12230 Y29.71340
X57.12230 Y29.72610
X57.09690 Y29.72610
X57.09690 Y29.73880
X57.08420 Y29.73880
X57.08420 Y29.75150
X57.07150 Y29.75150
X57.07150 Y29.76420
X57.05880 Y29.76420
X57.05880 Y29.77690
X57.04610 Y29.77690
X57.04610 Y29.78960
X57.02070 Y29.78960
X57.02070 Y29.80230
X57.00800 Y29.80230
X57.00800 Y29.81500
X56.98260 Y29.81500
X56.98260 Y29.82770
X56.95720 Y29.82770
X56.95720 Y29.84040
X56.93180 Y29.84040
X56.93180 Y29.85310
X56.90640 Y29.85310
X56.90640 Y29.86580
X56.88100 Y29.86580
X56.88100 Y29.87850
X56.84290 Y29.87850
X56.84290 Y29.89120
X56.80480 Y29.89120
X56.80480 Y29.90390
X56.76670 Y29.90390
X56.76670 Y29.91660
X56.72860 Y29.91660
X56.72860 Y29.92930
X56.60160 Y29.92930
X56.60160 Y29.94200
X56.30950 Y29.94200
X56.30950 Y29.92930
X56.18250 Y29.92930
X56.18250 Y29.91660
X56.14440 Y29.91660
X56.14440 Y29.90390
X56.10630 Y29.90390
X56.10630 Y29.89120
X56.06820 Y29.89120
X56.06820 Y29.87850
X56.03010 Y29.87850
X56.03010 Y29.86580
X56.00470 Y29.86580
X56.00470 Y29.85310
X55.97930 Y29.85310
X55.97930 Y29.84040
G04 P0 ( dwell for no time -- G64 should not smooth over this point )
G00 Z5.00000 ( retract )

G00 X57.28740 Y28.10050 ( rapid move to begin. )
F300.00000
G01 Z-0.05000
G04 P0 ( dwell for no time -- G64 should not smooth over this point )
F600.00000
X57.28740 Y28.10050
X57.27470 Y28.10050
X57.27470 Y28.08780
X57.26200 Y28.08780
X57.26200 Y28.07510
X57.24930 Y28.07510
X57.24930 Y28.06240
X57.22390 Y28.06240
X57.22390 Y28.04970
X57.21120 Y28.04970
X57.21120 Y28.03700
X57.19850 Y28.03700
X57.19850 Y28.02430
X57.17310 Y28.02430
X57.17310 Y28.01160
X57.16040 Y28.01160
X57.16040 Y27.99890
X57.13500 Y27.99890
X57.13500 Y27.98620
X57.12230 Y27.98620
X57.12230 Y27.97350
X57.10960 Y27.97350
X57.10960 Y27.96080
X57.08420 Y27.96080
X57.08420 Y27.94810
X57.07150 Y27.94810
X57.07150 Y27.93540
X57.05880 Y27.93540
X57.05880 Y27.92270
X57.04610 Y27.92270
X57.04610 Y27.91000
X57.03340 Y27.91000
X57.03340 Y27.89730
X57.02070 Y27.89730
X57.02070 Y27.88460
X57.00800 Y27.88460
X57.00800 Y27.85920
X56.99530 Y27.85920
X56.99530 Y27.82110
X56.98260 Y27.82110
X56.98260 Y27.60520
X56.99530 Y27.60520
X56.99530 Y27.56710
X57.00800 Y27.56710
X57.00800 Y27.55440
X57.02070 Y27.55440
X57.02070 Y27.54170
X57.03340 Y27.54170
X57.03340 Y27.52900
X57.04610 Y27.52900
X57.04610 Y27.51630
X57.07150 Y27.51630
X57.07150 Y27.50360
X57.08420 Y27.50360
X57.08420 Y27.49090
X57.09690 Y27.49090
X57.09690 Y27.47820
X57.12230 Y27.47820
X57.12230 Y27.46550
X57.13500 Y27.46550
X57.13500 Y27.45280
X57.16040 Y27.45280
X57.16040 Y27.44010
X57.17310 Y27.44010
X57.17310 Y27.42740
X57.18580 Y27.42740
X57.18580 Y27.41470
X57.21120 Y27.41470
X57.21120 Y27.40200
X57.22390 Y27.40200
X57.22390 Y27.38930
X57.23660 Y27.38930
X57.23660 Y27.37660
X57.24930 Y27.37660
X57.24930 Y27.36390
X57.26200 Y27.36390
X57.26200 Y27.35120
X57.27470 Y27.35120
X57.27470 Y27.33850
X57.28740 Y27.33850
X57.28740 Y27.32580
X57.30010 Y27.32580
X57.30010 Y27.31310
X57.31280 Y27.31310
X57.31280 Y27.30040
X57.32550 Y27.30040
X57.32550 Y27.28770
X57.33820 Y27.28770
X57.33820 Y27.27500
X57.35090 Y27.27500
X57.35090 Y27.26230
X57.36360 Y27.26230
X57.36360 Y27.24960
X57.37630 Y27.24960
X57.37630 Y27.23690
X57.38900 Y27.23690
X57.38900 Y27.22420
X57.40170 Y27.22420
X57.40170 Y27.21150
X57.41440 Y27.21150
X57.41440 Y27.19880
X57.42710 Y27.19880
X57.42710 Y27.17340
X57.43980 Y27.17340
X57.43980 Y27.16070
X57.45250 Y27.16070
X57.45250 Y27.13530
X57.46520 Y27.13530
X57.46520 Y27.12260
X57.47790 Y27.12260
X57.47790 Y27.10990
X57.49060 Y27.10990
X57.49060 Y27.08450
X57.50330 Y27.08450
X57.50330 Y27.07180
X57.51600 Y27.07180
X57.51600 Y27.04640
X57.52870 Y27.04640
X57.52870 Y27.03370
X57.54140 Y27.03370
X57.54140 Y27.02100
X57.55410 Y27.02100
X57.55410 Y27.00830
X57.57950 Y27.00830
X57.57950 Y26.99560
X57.61760 Y26.99560
X57.61760 Y26.98290
X57.83350 Y26.98290
X57.83350 Y26.99560
X57.87160 Y26.99560
X57.87160 Y27.00830
X57.88430 Y27.00830
X57.88430 Y27.02100
X57.89700 Y27.02100
X57.89700 Y27.03370
X57.90970 Y27.03370
X57.90970 Y27.04640
X57.92240 Y27.04640
X57.92240 Y27.05910
X57.93510 Y27.05910
X57.93510 Y27.07180
X57.94780 Y27.07180
X57.94780 Y27.08450
X57.96050 Y27.08450
X57.96050 Y27.09720
X57.97320 Y27.09720
X57.97320 Y27.12260
X57.98590 Y27.12260
X57.98590 Y27.13530
X57.99860 Y27.13530
X57.99860 Y27.16070
X58.01130 Y27.16070
X58.01130 Y27.17340
X58.02400 Y27.17340
X58.02400 Y27.18610
X58.03670 Y27.18610
X58.03670 Y27.21150
X58.04940 Y27.21150
X58.04940 Y27.22420
X58.06210 Y27.22420
X58.06210 Y27.24960
X58.07480 Y27.24960
X58.07480 Y27.26230
X58.08750 Y27.26230
X58.08750 Y27.27500
X58.10020 Y27.27500
X58.10020 Y27.28770
X58.11290 Y27.28770
X58.11290 Y27.30040
X58.12560 Y27.30040
X58.12560 Y27.31310
X58.13830 Y27.31310
X58.13830 Y27.32580
X58.15100 Y27.32580
X58.15100 Y27.33850
X58.16370 Y27.33850
X58.16370 Y27.36390
X58.17640 Y27.36390
X58.17640 Y27.37660
X58.18910 Y27.37660
X58.18910 Y27.40200
X58.20180 Y27.40200
X58.20180 Y27.68140
X58.18910 Y27.68140
X58.18910 Y27.69410
X58.17640 Y27.69410
X58.17640 Y27.70680
X58.16370 Y27.70680
X58.16370 Y27.71950
X58.15100 Y27.71950
X58.15100 Y27.73220
X58.13830 Y27.73220
X58.13830 Y27.74490
X58.11290 Y27.74490
X58.11290 Y27.75760
X58.07480 Y27.75760
X58.07480 Y27.77030
X58.04940 Y27.77030
X58.04940 Y27.78300
X58.01130 Y27.78300
X58.01130 Y27.79570
X57.98590 Y27.79570
X57.98590 Y27.80840
X57.97320 Y27.80840
X57.97320 Y27.82110
X57.96050 Y27.82110
X57.96050 Y27.83380
X57.93510 Y27.83380
X57.93510 Y27.84650
X57.92240 Y27.84650
X57.92240 Y27.85920
X57.90970 Y27.85920
X57.90970 Y27.87190
X57.89700 Y27.87190
X57.89700 Y27.88460
X57.88430 Y27.88460
X57.88430 Y27.89730
X57.87160 Y27.89730
X57.87160 Y27.91000
X57.85890 Y27.91000
X57.85890 Y27.92270
X57.84620 Y27.92270
X57.84620 Y27.94810
X57.83350 Y27.94810
X57.83350 Y27.96080
X57.82080 Y27.96080
X57.82080 Y27.97350
X57.80810 Y27.97350
X57.80810 Y27.98620
X57.79540 Y27.98620
X57.79540 Y28.01160
X57.78270 Y28.01160
X57.78270 Y28.04970
X57.77000 Y28.04970
X57.77000 Y28.07510
X57.75730 Y28.07510
X57.75730 Y28.11320
X57.74460 Y28.11320
X57.74460 Y28.13860
X57.73190 Y28.13860
X57.73190 Y28.15130
X57.71920 Y28.15130
X57.71920 Y28.16400
X57.70650 Y28.16400
X57.70650 Y28.17670
X57.68110 Y28.17670
X57.68110 Y28.18940
X57.64300 Y28.18940
X57.64300 Y28.20210
X57.41440 Y28.20210
X57.41440 Y28.18940
X57.36360 Y28.18940
X57.36360 Y28.17670
X57.35090 Y28.17670
X57.35090 Y28.16400
X57.33820 Y28.16400
X57.33820 Y28.15130
X57.32550 Y28.15130
X57.32550 Y28.13860
X57.31280 Y28.13860
X57.31280 Y28.12590
X57.30010 Y28.12590
X57.30010 Y28.11320
X57.28740 Y28.11320
X57.28740 Y28.10050
G04 P0 ( dwell for no time -- G64 should not smooth over this point )
G00 Z5.00000 ( retract )

G00 X55.97930 Y27.30040 ( rapid move to begin. )
F300.00000
G01 Z-0.05000
G04 P0 ( dwell for no time -- G64 should not smooth over this point )
F600.00000
X55.97930 Y27.30040
X55.95390 Y27.30040
X55.95390 Y27.28770
X55.92850 Y27.28770
X55.92850 Y27.27500
X55.90310 Y27.27500
X55.90310 Y27.26230
X55.89040 Y27.26230
X55.89040 Y27.24960
X55.86500 Y27.24960
X55.86500 Y27.23690
X55.85230 Y27.23690
X55.85230 Y27.22420
X55.83960 Y27.22420
X55.83960 Y27.21150
X55.82690 Y27.21150
X55.82690 Y27.19880
X55.81420 Y27.19880
X55.81420 Y27.18610
X55.78880 Y27.18610
X55.78880 Y27.17340
X55.77610 Y27.17340
X55.77610 Y27.16070
X55.76340 Y27.16070
X55.76340 Y27.14800
X55.75070 Y27.14800
X55.75070 Y27.13530
X55.73800 Y27.13530
X55.73800 Y27.12260
X55.72530 Y27.12260
X55.72530 Y27.09720
X55.71260 Y27.09720
X55.71260 Y27.08450
X55.69990 Y27.08450
X55.69990 Y27.07180
X55.68720 Y27.07180
X55.68720 Y27.05910
X55.67450 Y27.05910
X55.67450 Y27.04640
X55.66180 Y27.04640
X55.66180 Y27.02100
X55.64910 Y27.02100
X55.64910 Y27.00830
X55.63640 Y27.00830
X55.63640 Y26.98290
X55.62370 Y26.98290
X55.62370 Y26.95750
X55.61100 Y26.95750
X55.61100 Y26.93210
X55.59830 Y26.93210
X55.59830 Y26.90670
X55.58560 Y26.90670
X55.58560 Y26.88130
X55.57290 Y26.88130
X55.57290 Y26.84320
X55.56020 Y26.84320
X55.56020 Y26.80510
X55.54750 Y26.80510
X55.54750 Y26.76700
X55.53480 Y26.76700
X55.53480 Y26.72890
X55.52210 Y26.72890
X55.52210 Y26.60190
X55.50940 Y26.60190
X55.50940 Y26.30980
X55.52210 Y26.30980
X55.52210 Y26.18280
X55.53480 Y26.18280
X55.53480 Y26.14470
X55.54750 Y26.14470
X55.54750 Y26.10660
X55.56020 Y26.10660
X55.56020 Y26.06850
X55.57290 Y26.06850
X55.57290 Y26.03040
X55.58560 Y26.03040
X55.58560 Y26.00500
X55.59830 Y26.00500
X55.59830 Y25.97960
X55.61100 Y25.97960
X55.61100 Y25.95420
X55.62370 Y25.95420
X55.62370 Y25.92880
X55.63640 Y25.92880
X55.63640 Y25.90340
X55.64910 Y25.90340
X55.64910 Y25.89070
X55.66180 Y25.89070
X55.66180 Y25.86530
X55.67450 Y25.86530
X55.67450 Y25.85260
X55.68720 Y25.85260
X55.68720 Y25.83990
X55.69990 Y25.83990
X55.69990 Y25.82720
X55.71260 Y25.82720
X55.71260 Y25.81450
X55.72530 Y25.81450
X55.72530 Y25.78910
X55.73800 Y25.78910
X55.73800 Y25.77640
X55.75070 Y25.77640
X55.75070 Y25.76370
X55.76340 Y25.76370
X55.76340 Y25.75100
X55.77610 Y25.75100
X55.77610 Y25.73830
X55.78880 Y25.73830
X55.78880 Y25.72560
X55.81420 Y25.72560
X55.81420 Y25.71290
X55.82690 Y25.71290
X55.82690 Y25.70020
X55.83960 Y25.70020
X55.83960 Y25.68750
X55.85230 Y25.68750
X55.85230 Y25.67480
X55.86500 Y25.67480
X55.86500 Y25.66210
X55.89040 Y25.66210
X55.89040 Y25.64940
X55.90310 Y25.64940
X55.90310 Y25.63670
X55.92850 Y25.63670
X55.92850 Y25.62400
X55.95390 Y25.62400
X55.95390 Y25.61130
X55.97930 Y25.61130
X55.97930 Y25.59860
X56.00470 Y25.59860
X56.00470 Y25.58590
X56.03010 Y25.58590
X56.03010 Y25.57320
X56.06820 Y25.57320
X56.06820 Y25.56050
X56.10630 Y25.56050
X56.10630 Y25.54780
X56.14440 Y25.54780
X56.14440 Y25.53510
X56.18250 Y25.53510
X56.18250 Y25.52240
X56.30950 Y25.52240
X56.30950 Y25.50970
X56.60160 Y25.50970
X56.60160 Y25.52240
X56.72860 Y25.52240
X56.72860 Y25.53510
X56.76670 Y25.53510
X56.76670 Y25.54780
X56.80480 Y25.54780
X56.80480 Y25.56050
X56.84290 Y25.56050
X56.84290 Y25.57320
X56.88100 Y25.57320
X56.88100 Y25.58590
X56.90640 Y25.58590
X56.90640 Y25.59860
X56.93180 Y25.59860
X56.93180 Y25.61130
X56.95720 Y25.61130
X56.95720 Y25.62400
X56.98260 Y25.62400
X56.98260 Y25.63670
X57.00800 Y25.63670
X57.00800 Y25.64940
X57.02070 Y25.64940
X57.02070 Y25.66210
X57.04610 Y25.66210
X57.04610 Y25.67480
X57.05880 Y25.67480
X57.05880 Y25.68750
X57.07150 Y25.68750
X57.07150 Y25.70020
X57.08420 Y25.70020
X57.08420 Y25.71290
X57.09690 Y25.71290
X57.09690 Y25.72560
X57.12230 Y25.72560
X57.12230 Y25.73830
X57.13500 Y25.73830
X57.13500 Y25.75100
X57.14770 Y25.75100
X57.14770 Y25.76370
X57.16040 Y25.76370
X57.16040 Y25.77640
X57.17310 Y25.77640
X57.17310 Y25.78910
X57.18580 Y25.78910
X57.18580 Y25.81450
X57.19850 Y25.81450
X57.19850 Y25.82720
X57.21120 Y25.82720
X57.21120 Y25.83990
X57.22390 Y25.83990
X57.22390 Y25.85260
X57.23660 Y25.85260
X57.23660 Y25.86530
X57.24930 Y25.86530
X57.24930 Y25.89070
X57.26200 Y25.89070
X57.26200 Y25.90340
X57.27470 Y25.90340
X57.27470 Y25.92880
X57.28740 Y25.92880
X57.28740 Y25.95420
X57.30010 Y25.95420
X57.30010 Y25.97960
X57.31280 Y25.97960
X57.31280 Y26.00500
X57.32550 Y26.00500
X57.32550 Y26.03040
X57.33820 Y26.03040
X57.33820 Y26.06850
X57.35090 Y26.06850
X57.35090 Y26.10660
X57.36360 Y26.10660
X57.36360 Y26.14470
X57.37630 Y26.14470
X57.37630 Y26.18280
X57.38900 Y26.18280
X57.38900 Y26.30980
X57.40170 Y26.30980
X57.40170 Y26.60190
X57.38900 Y26.60190
X57.38900 Y26.72890
X57.37630 Y26.72890
X57.37630 Y26.76700
X57.36360 Y26.76700
X57.36360 Y26.80510
X57.35090 Y26.80510
X57.35090 Y26.84320
X57.33820 Y26.84320
X57.33820 Y26.88130
X57.32550 Y26.88130
X57.32550 Y26.90670
X57.31280 Y26.90670
X57.31280 Y26.93210
X57.30010 Y26.93210
X57.30010 Y26.95750
X57.28740 Y26.95750
X57.28740 Y26.98290
X57.27470 Y26.98290
X57.27470 Y27.00830
X57.26200 Y27.00830
X57.26200 Y27.02100
X57.24930 Y27.02100
X57.24930 Y27.04640
X57.23660 Y27.04640
X57.23660 Y27.05910
X57.22390 Y27.05910
X57.22390 Y27.07180
X57.21120 Y27.07180
X57.21120 Y27.08450
X57.19850 Y27.08450
X57.19850 Y27.09720
X57.18580 Y27.09720
X57.18580 Y27.12260
X57.17310 Y27.12260
X57.17310 Y27.13530
X57.16040 Y27.13530
X57.16040 Y27.14800
X57.14770 Y27.14800
X57.14770 Y27.16070
X57.13500 Y27.16070
X57.13500 Y27.17340
X57.12230 Y27.17340
X57.12230 Y27.18610
X57.09690 Y27.18610
X57.09690 Y27.19880
X57.08420 Y27.19880
X57.08420 Y27.21150
X57.07150 Y27.21150
X57.07150 Y27.22420
X57.05880 Y27.22420
X57.05880 Y27.23690
X57.04610 Y27.23690
X57.04610 Y27.24960
X57.02070 Y27.24960
X57.02070 Y27.26230
X57.00800 Y27.26230
X57.00800 Y27.27500
X56.98260 Y27.27500
X56.98260 Y27.28770
X56.95720 Y27.28770
X56.95720 Y27.30040
X56.93180 Y27.30040
X56.93180 Y27.31310
X56.90640 Y27.31310
X56.90640 Y27.32580
X56.88100 Y27.32580
X56.88100 Y27.33850
X56.84290 Y27.33850
X56.84290 Y27.35120
X56.80480 Y27.35120
X56.80480 Y27.36390
X56.76670 Y27.36390
X56.76670 Y27.37660
X56.72860 Y27.37660
X56.72860 Y27.38930
X56.60160 Y27.38930
X56.60160 Y27.40200
X56.30950 Y27.40200
X56.30950 Y27.38930
X56.18250 Y27.38930
X56.18250 Y27.37660
X56.14440 Y27.37660
X56.14440 Y27.36390
X56.10630 Y27.36390
X56.10630 Y27.35120
X56.06820 Y27.35120
X56.06820 Y27.33850
X56.03010 Y27.33850
X56.03010 Y27.32580
X56.00470 Y27.32580
X56.00470 Y27.31310
X55.97930 Y27.31310
X55.97930 Y27.30040
G04 P0 ( dwell for no time -- G64 should not smooth over this point )
G00 Z5.00000 ( retract )

G00 X58.51930 Y27.30040 ( rapid move to begin. )
F300.00000
G01 Z-0.05000
G04 P0 ( dwell for no time -- G64 should not smooth over this point )
F600.00000
X58.51930 Y27.30040
X58.49390 Y27.30040
X58.49390 Y27.28770
X58.46850 Y27.28770
X58.46850 Y27.27500
X58.44310 Y27.27500
X58.44310 Y27.26230
X58.43040 Y27.26230
X58.43040 Y27.24960
X58.40500 Y27.24960
X58.40500 Y27.23690
X58.39230 Y27.23690
X58.39230 Y27.22420
X58.37960 Y27.22420
X58.37960 Y27.21150
X58.36690 Y27.21150
X58.36690 Y27.19880
X58.35420 Y27.19880
X58.35420 Y27.18610
X58.32880 Y27.18610
X58.32880 Y27.17340
X58.31610 Y27.17340
X58.31610 Y27.16070
X58.30340 Y27.16070
X58.30340 Y27.14800
X58.29070 Y27.14800
X58.29070 Y27.13530
X58.27800 Y27.13530
X58.27800 Y27.12260
X58.26530 Y27.12260
X58.26530 Y27.09720
X58.25260 Y27.09720
X58.25260 Y27.08450
X58.23990 Y27.08450
X58.23990 Y27.07180
X58.22720 Y27.07180
X58.22720 Y27.05910
X58.21450 Y27.05910
X58.21450 Y27.04640
X58.20180 Y27.04640
X58.20180 Y27.02100
X58.18910 Y27.02100
X58.18910 Y27.00830
X58.17640 Y27.00830
X58.17640 Y26.98290
X58.16370 Y26.98290
X58.16370 Y26.95750
X58.15100 Y26.95750
X58.15100 Y26.93210
X58.13830 Y26.93210
X58.13830 Y26.90670
X58.12560 Y26.90670
X58.12560 Y26.88130
X58.11290 Y26.88130
X58.11290 Y26.84320
X58.10020 Y26.84320
X58.10020 Y26.80510
X58.08750 Y26.80510
X58.08750 Y26.76700
X58.07480 Y26.76700
X58.07480 Y26.72890
X58.06210 Y26.72890
X58.06210 Y26.60190
X58.04940 Y26.60190
X58.04940 Y26.30980
X58.06210 Y26.30980
X58.06210 Y26.18280
X58.07480 Y26.18280
X58.07480 Y26.14470
X58.08750 Y26.14470
X58.08750 Y26.10660
X58.10020 Y26.10660
X58.10020 Y26.06850
X58.11290 Y26.06850
X58.11290 Y26.03040
X58.12560 Y26.03040
X58.12560 Y26.00500
X58.13830 Y26.00500
X58.13830 Y25.97960
X58.15100 Y25.97960
X58.15100 Y25.95420
X58.16370 Y25.95420
X58.16370 Y25.92880
X58.17640 Y25.92880
X58.17640 Y25.90340
X58.18910 Y25.90340
X58.18910 Y25.89070
X58.20180 Y25.89070
X58.20180 Y25.86530
X58.21450 Y25.86530
X58.21450 Y25.85260
X58.22720 Y25.85260
X58.22720 Y25.83990
X58.23990 Y25.83990
X58.23990 Y25.82720
X58.25260 Y25.82720
X58.25260 Y25.81450
X58.26530 Y25.81450
X58.26530 Y25.78910
X58.27800 Y25.78910
X58.27800 Y25.77640
X58.29070 Y25.77640
X58.29070 Y25.76370
X58.30340 Y25.76370
X58.30340 Y25.75100
X58.31610 Y25.75100
X58.31610 Y25.73830
X58.32880 Y25.73830
X58.32880 Y25.72560
X58.35420 Y25.72560
X58.35420 Y25.71290
X58.36690 Y25.71290
X58.36690 Y25.70020
X58.37960 Y25.70020
X58.37960 Y25.68750
X58.39230 Y25.68750
X58.39230 Y25.67480
X58.40500 Y25.67480
X58.40500 Y25.66210
X58.43040 Y25.66210
X58.43040 Y25.64940
X58.44310 Y25.64940
X58.44310 Y25.63670
X58.46850 Y25.63670
X58.46850 Y25.62400
X58.49390 Y25.62400
X58.49390 Y25.61130
X58.51930 Y25.61130
X58.51930 Y25.59860
X58.54470 Y25.59860
X58.54470 Y25.58590
X58.57010 Y25.58590
X58.57010 Y25.57320
X58.60820 Y25.57320
X58.60820 Y25.56050
X58.64630 Y25.56050
X58.64630 Y25.54780
X58.68440 Y25.54780
X58.68440 Y25.53510
X58.72250 Y25.53510
X58.72250 Y25.52240
X58.84950 Y25.52240
X58.84950 Y25.50970
X59.14160 Y25.50970
X59.14160 Y25.52240
X59.26860 Y25.52240
X59.26860 Y25.53510
X59.30670 Y25.53510
X59.30670 Y25.54780
X59.34480 Y25.54780
X59.34480 Y25.56050
X59.38290 Y25.56050
X59.38290 Y25.57320
X59.42100 Y25.57320
X59.42100 Y25.58590
X59.44640 Y25.58590
X59.44640 Y25.59860
X59.47180 Y25.59860
X59.47180 Y25.61130
X59.49720 Y25.61130
X59.49720 Y25.62400
X59.52260 Y25.62400
X59.52260 Y25.63670
X59.54800 Y25.63670
X59.54800 Y25.64940
X59.56070 Y25.64940
X59.56070 Y25.66210
X59.58610 Y25.66210
X59.58610 Y25.67480
X59.59880 Y25.67480
X59.59880 Y25.68750
X59.61150 Y25.68750
X59.61150 Y25.70020
X59.62420 Y25.70020
X59.62420 Y25.71290
X59.63690 Y25.71290
X59.63690 Y25.72560
X59.66230 Y25.72560
X59.66230 Y25.73830
X59.67500 Y25.73830
X59.67500 Y25.75100
X59.68770 Y25.75100
X59.68770 Y25.76370
X59.70040 Y25.76370
X59.70040 Y25.77640
X59.71310 Y25.77640
X59.71310 Y25.78910
X59.72580 Y25.78910
X59.72580 Y25.81450
X59.73850 Y25.81450
X59.73850 Y25.82720
X59.75120 Y25.82720
X59.75120 Y25.83990
X59.76390 Y25.83990
X59.76390 Y25.85260
X59.77660 Y25.85260
X59.77660 Y25.86530
X59.78930 Y25.86530
X59.78930 Y25.89070
X59.80200 Y25.89070
X59.80200 Y25.90340
X59.81470 Y25.90340
X59.81470 Y25.92880
X59.82740 Y25.92880
X59.82740 Y25.95420
X59.84010 Y25.95420
X59.84010 Y25.97960
X59.85280 Y25.97960
X59.85280 Y26.00500
X59.86550 Y26.00500
X59.86550 Y26.03040
X59.87820 Y26.03040
X59.87820 Y26.06850
X59.89090 Y26.06850
X59.89090 Y26.10660
X59.90360 Y26.10660
X59.90360 Y26.14470
X59.91630 Y26.14470
X59.91630 Y26.18280
X59.92900 Y26.18280
X59.92900 Y26.30980
X59.94170 Y26.30980
X59.94170 Y26.60190
X59.92900 Y26.60190
X59.92900 Y26.72890
X59.91630 Y26.72890
X59.91630 Y26.76700
X59.90360 Y26.76700
X59.90360 Y26.80510
X59.89090 Y26.80510
X59.89090 Y26.84320
X59.87820 Y26.84320
X59.87820 Y26.88130
X59.86550 Y26.88130
X59.86550 Y26.90670
X59.85280 Y26.90670
X59.85280 Y26.93210
X59.84010 Y26.93210
X59.84010 Y26.95750
X59.82740 Y26.95750
X59.82740 Y26.98290
X59.81470 Y26.98290
X59.81470 Y27.00830
X59.80200 Y27.00830
X59.80200 Y27.02100
X59.78930 Y27.02100
X59.78930 Y27.04640
X59.77660 Y27.04640
X59.77660 Y27.05910
X59.76390 Y27.05910
X59.76390 Y27.07180
X59.75120 Y27.07180
X59.75120 Y27.08450
X59.73850 Y27.08450
X59.73850 Y27.09720
X59.72580 Y27.09720
X59.72580 Y27.12260
X59.71310 Y27.12260
X59.71310 Y27.13530
X59.70040 Y27.13530
X59.70040 Y27.14800
X59.68770 Y27.14800
X59.68770 Y27.16070
X59.67500 Y27.16070
X59.67500 Y27.17340
X59.66230 Y27.17340
X59.66230 Y27.18610
X59.63690 Y27.18610
X59.63690 Y27.19880
X59.62420 Y27.19880
X59.62420 Y27.21150
X59.61150 Y27.21150
X59.61150 Y27.22420
X59.59880 Y27.22420
X59.59880 Y27.23690
X59.58610 Y27.23690
X59.58610 Y27.24960
X59.56070 Y27.24960
X59.56070 Y27.26230
X59.54800 Y27.26230
X59.54800 Y27.27500
X59.52260 Y27.27500
X59.52260 Y27.28770
X59.49720 Y27.28770
X59.49720 Y27.30040
X59.47180 Y27.30040
X59.47180 Y27.31310
X59.44640 Y27.31310
X59.44640 Y27.32580
X59.42100 Y27.32580
X59.42100 Y27.33850
X59.38290 Y27.33850
X59.38290 Y27.35120
X59.34480 Y27.35120
X59.34480 Y27.36390
X59.30670 Y27.36390
X59.30670 Y27.37660
X59.26860 Y27.37660
X59.26860 Y27.38930
X59.14160 Y27.38930
X59.14160 Y27.40200
X58.84950 Y27.40200
X58.84950 Y27.38930
X58.72250 Y27.38930
X58.72250 Y27.37660
X58.68440 Y27.37660
X58.68440 Y27.36390
X58.64630 Y27.36390
X58.64630 Y27.35120
X58.60820 Y27.35120
X58.60820 Y27.33850
X58.57010 Y27.33850
X58.57010 Y27.32580
X58.54470 Y27.32580
X58.54470 Y27.31310
X58.51930 Y27.31310
X58.51930 Y27.30040
G04 P0 ( dwell for no time -- G64 should not smooth over this point )
G00 Z5.00000 ( retract )

G00 X51.58510 Y28.60850 ( rapid move to begin. )
F300.00000
G01 Z-0.05000
G04 P0 ( dwell for no time -- G64 should not smooth over this point )
F600.00000
X51.58510 Y28.60850
X51.55970 Y28.60850
X51.55970 Y28.59580
X51.53430 Y28.59580
X51.53430 Y28.58310
X51.50890 Y28.58310
X51.50890 Y28.57040
X51.49620 Y28.57040
X51.49620 Y28.55770
X51.48350 Y28.55770
X51.48350 Y28.54500
X51.47080 Y28.54500
X51.47080 Y28.53230
X51.45810 Y28.53230
X51.45810 Y28.51960
X51.43270 Y28.51960
X51.43270 Y28.50690
X51.42000 Y28.50690
X51.42000 Y28.49420
X51.40730 Y28.49420
X51.40730 Y28.48150
X51.39460 Y28.48150
X51.39460 Y28.46880
X51.38190 Y28.46880
X51.38190 Y28.44340
X51.36920 Y28.44340
X51.36920 Y28.43070
X51.35650 Y28.43070
X51.35650 Y28.41800
X51.34380 Y28.41800
X51.34380 Y28.40530
X51.33110 Y28.40530
X51.33110 Y28.39260
X51.31840 Y28.39260
X51.31840 Y28.36720
X51.30570 Y28.36720
X51.30570 Y28.34180
X51.29300 Y28.34180
X51.29300 Y28.31640
X51.28030 Y28.31640
X51.28030 Y28.30370
X51.26760 Y28.30370
X51.26760 Y28.27830
X51.25490 Y28.27830
X51.25490 Y28.25290
X51.24220 Y28.25290
X51.24220 Y28.20210
X51.22950 Y28.20210
X51.22950 Y28.16400
X51.21680 Y28.16400
X51.21680 Y28.12590
X51.20410 Y28.12590
X51.20410 Y28.02430
X51.19140 Y28.02430
X51.19140 Y27.70680
X51.20410 Y27.70680
X51.20410 Y27.60520
X51.21680 Y27.60520
X51.21680 Y27.56710
X51.22950 Y27.56710
X51.22950 Y27.52900
X51.24220 Y27.52900
X51.24220 Y27.47820
X51.25490 Y27.47820
X51.25490 Y27.45280
X51.26760 Y27.45280
X51.26760 Y27.42740
X51.28030 Y27.42740
X51.28030 Y27.41470
X51.29300 Y27.41470
X51.29300 Y27.38930
X51.30570 Y27.38930
X51.30570 Y27.36390
X51.31840 Y27.36390
X51.31840 Y27.33850
X51.33110 Y27.33850
X51.33110 Y27.32580
X51.34380 Y27.32580
X51.34380 Y27.31310
X51.35650 Y27.31310
X51.35650 Y27.30040
X51.36920 Y27.30040
X51.36920 Y27.28770
X51.38190 Y27.28770
X51.38190 Y27.26230
X51.39460 Y27.26230
X51.39460 Y27.24960
X51.40730 Y27.24960
X51.40730 Y27.23690
X51.42000 Y27.23690
X51.42000 Y27.22420
X51.43270 Y27.22420
X51.43270 Y27.21150
X51.45810 Y27.21150
X51.45810 Y27.19880
X51.47080 Y27.19880
X51.47080 Y27.18610
X51.48350 Y27.18610
X51.48350 Y27.17340
X51.49620 Y27.17340
X51.49620 Y27.16070
X51.50890 Y27.16070
X51.50890 Y27.14800
X51.53430 Y27.14800
X51.53430 Y27.13530
X51.55970 Y27.13530
X51.55970 Y27.12260
X51.58510 Y27.12260
X51.58510 Y27.10990
X51.59780 Y27.10990
X51.59780 Y27.09720
X51.62320 Y27.09720
X51.62320 Y27.08450
X51.64860 Y27.08450
X51.64860 Y27.07180
X51.69940 Y27.07180
X51.69940 Y27.05910
X51.73750 Y27.05910
X51.73750 Y27.04640
X51.77560 Y27.04640
X51.77560 Y27.03370
X51.78830 Y27.03370
X51.78830 Y21.69970
X51.77560 Y21.69970
X51.77560 Y21.68700
X51.73750 Y21.68700
X51.73750 Y21.67430
X51.69940 Y21.67430
X51.69940 Y21.66160
X51.64860 Y21.66160
X51.64860 Y21.64890
X51.62320 Y21.64890
X51.62320 Y21.63620
X51.59780 Y21.63620
X51.59780 Y21.62350
X51.58510 Y21.62350
X51.58510 Y21.61080
X51.55970 Y21.61080
X51.55970 Y21.59810
X51.53430 Y21.59810
X51.53430 Y21.58540
X51.50890 Y21.58540
X51.50890 Y21.57270
X51.49620 Y21.57270
X51.49620 Y21.56000
X51.48350 Y21.56000
X51.48350 Y21.54730
X51.47080 Y21.54730
X51.47080 Y21.53460
X51.45810 Y21.53460
X51.45810 Y21.52190
X51.43270 Y21.52190
X51.43270 Y21.50920
X51.42000 Y21.50920
X51.42000 Y21.49650
X51.40730 Y21.49650
X51.40730 Y21.48380
X51.39460 Y21.48380
X51.39460 Y21.47110
X51.38190 Y21.47110
X51.38190 Y21.44570
X51.36920 Y21.44570
X51.36920 Y21.43300
X51.35650 Y21.43300
X51.35650 Y21.42030
X51.34380 Y21.42030
X51.34380 Y21.40760
X51.33110 Y21.40760
X51.33110 Y21.39490
X51.31840 Y21.39490
X51.31840 Y21.36950
X51.30570 Y21.36950
X51.30570 Y21.34410
X51.29300 Y21.34410
X51.29300 Y21.31870
X51.28030 Y21.31870
X51.28030 Y21.30600
X51.26760 Y21.30600
X51.26760 Y21.28060
X51.25490 Y21.28060
X51.25490 Y21.25520
X51.24220 Y21.25520
X51.24220 Y21.20440
X51.22950 Y21.20440
X51.22950 Y21.16630
X51.21680 Y21.16630
X51.21680 Y21.12820
X51.20410 Y21.12820
X51.20410 Y21.02660
X51.19140 Y21.02660
X51.19140 Y20.70910
X51.20410 Y20.70910
X51.20410 Y20.60750
X51.21680 Y20.60750
X51.21680 Y20.56940
X51.22950 Y20.56940
X51.22950 Y20.53130
X51.24220 Y20.53130
X51.24220 Y20.48050
X51.25490 Y20.48050
X51.25490 Y20.45510
X51.26760 Y20.45510
X51.26760 Y20.42970
X51.28030 Y20.42970
X51.28030 Y20.41700
X51.29300 Y20.41700
X51.29300 Y20.39160
X51.30570 Y20.39160
X51.30570 Y20.36620
X51.31840 Y20.36620
X51.31840 Y20.34080
X51.33110 Y20.34080
X51.33110 Y20.32810
X51.34380 Y20.32810
X51.34380 Y20.31540
X51.35650 Y20.31540
X51.35650 Y20.30270
X51.36920 Y20.30270
X51.36920 Y20.29000
X51.38190 Y20.29000
X51.38190 Y20.26460
X51.39460 Y20.26460
X51.39460 Y20.25190
X51.40730 Y20.25190
X51.40730 Y20.23920
X51.42000 Y20.23920
X51.42000 Y20.22650
X51.43270 Y20.22650
X51.43270 Y20.21380
X51.45810 Y20.21380
X51.45810 Y20.20110
X51.47080 Y20.20110
X51.47080 Y20.18840
X51.48350 Y20.18840
X51.48350 Y20.17570
X51.49620 Y20.17570
X51.49620 Y20.16300
X51.50890 Y20.16300
X51.50890 Y20.15030
X51.53430 Y20.15030
X51.53430 Y20.13760
X51.55970 Y20.13760
X51.55970 Y20.12490
X51.58510 Y20.12490
X51.58510 Y20.11220
X51.59780 Y20.11220
X51.59780 Y20.09950
X51.62320 Y20.09950
X51.62320 Y20.08680
X51.64860 Y20.08680
X51.64860 Y20.07410
X51.69940 Y20.07410
X51.69940 Y20.06140
X51.73750 Y20.06140
X51.73750 Y20.04870
X51.77560 Y20.04870
X51.77560 Y20.03600
X51.86450 Y20.03600
X51.86450 Y20.02330
X52.20740 Y20.02330
X52.20740 Y20.03600
X52.29630 Y20.03600
X52.29630 Y20.04870
X52.33440 Y20.04870
X52.33440 Y20.06140
X52.38520 Y20.06140
X52.38520 Y20.07410
X52.42330 Y20.07410
X52.42330 Y20.08680
X52.44870 Y20.08680
X52.44870 Y20.09950
X52.47410 Y20.09950
X52.47410 Y20.11220
X52.48680 Y20.11220
X52.48680 Y20.12490
X52.51220 Y20.12490
X52.51220 Y20.13760
X52.53760 Y20.13760
X52.53760 Y20.15030
X52.56300 Y20.15030
X52.56300 Y20.16300
X52.57570 Y20.16300
X52.57570 Y20.17570
X52.58840 Y20.17570
X52.58840 Y20.18840
X52.60110 Y20.18840
X52.60110 Y20.20110
X52.61380 Y20.20110
X52.61380 Y20.21380
X52.63920 Y20.21380
X52.63920 Y20.22650
X52.65190 Y20.22650
X52.65190 Y20.23920
X52.66460 Y20.23920
X52.66460 Y20.25190
X52.67730 Y20.25190
X52.67730 Y20.26460
X52.69000 Y20.26460
X52.69000 Y20.29000
X52.70270 Y20.29000
X52.70270 Y20.30270
X52.71540 Y20.30270
X52.71540 Y20.31540
X52.72810 Y20.31540
X52.72810 Y20.32810
X52.74080 Y20.32810
X52.74080 Y20.34080
X52.75350 Y20.34080
X52.75350 Y20.36620
X52.76620 Y20.36620
X52.76620 Y20.39160
X52.77890 Y20.39160
X52.77890 Y20.41700
X52.79160 Y20.41700
X52.79160 Y20.42970
X52.80430 Y20.42970
X52.80430 Y20.45510
X52.81700 Y20.45510
X52.81700 Y20.48050
X52.82970 Y20.48050
X52.82970 Y20.51860
X52.84240 Y20.51860
X52.84240 Y20.56940
X52.85510 Y20.56940
X52.85510 Y20.60750
X52.86780 Y20.60750
X52.86780 Y20.69640
X52.88050 Y20.69640
X52.88050 Y21.03930
X52.86780 Y21.03930
X52.86780 Y21.12820
X52.85510 Y21.12820
X52.85510 Y21.16630
X52.84240 Y21.16630
X52.84240 Y21.21710
X52.82970 Y21.21710
X52.82970 Y21.25520
X52.81700 Y21.25520
X52.81700 Y21.28060
X52.80430 Y21.28060
X52.80430 Y21.30600
X52.79160 Y21.30600
X52.79160 Y21.31870
X52.77890 Y21.31870
X52.77890 Y21.34410
X52.76620 Y21.34410
X52.76620 Y21.36950
X52.75350 Y21.36950
X52.75350 Y21.39490
X52.74080 Y21.39490
X52.74080 Y21.40760
X52.72810 Y21.40760
X52.72810 Y21.42030
X52.71540 Y21.42030
X52.71540 Y21.43300
X52.70270 Y21.43300
X52.70270 Y21.44570
X52.69000 Y21.44570
X52.69000 Y21.47110
X52.67730 Y21.47110
X52.67730 Y21.48380
X52.66460 Y21.48380
X52.66460 Y21.49650
X52.65190 Y21.49650
X52.65190 Y21.50920
X52.63920 Y21.50920
X52.63920 Y21.52190
X52.61380 Y21.52190
X52.61380 Y21.53460
X52.60110 Y21.53460
X52.60110 Y21.54730
X52.58840 Y21.54730
X52.58840 Y21.56000
X52.57570 Y21.56000
X52.57570 Y21.57270
X52.56300 Y21.57270
X52.56300 Y21.58540
X52.53760 Y21.58540
X52.53760 Y21.59810
X52.51220 Y21.59810
X52.51220 Y21.61080
X52.48680 Y21.61080
X52.48680 Y21.62350
X52.47410 Y21.62350
X52.47410 Y21.63620
X52.44870 Y21.63620
X52.44870 Y21.64890
X52.42330 Y21.64890
X52.42330 Y21.66160
X52.37250 Y21.66160
X52.37250 Y21.67430
X52.33440 Y21.67430
X52.33440 Y21.68700
X52.29630 Y21.68700
X52.29630 Y21.69970
X52.28360 Y21.69970
X52.28360 Y27.03370
X52.29630 Y27.03370
X52.29630 Y27.04640
X52.33440 Y27.04640
X52.33440 Y27.05910
X52.38520 Y27.05910
X52.38520 Y27.07180
X52.42330 Y27.07180
X52.42330 Y27.08450
X52.44870 Y27.08450
X52.44870 Y27.09720
X52.47410 Y27.09720
X52.47410 Y27.10990
X52.48680 Y27.10990
X52.48680 Y27.12260
X52.51220 Y27.12260
X52.51220 Y27.13530
X52.53760 Y27.13530
X52.53760 Y27.14800
X52.56300 Y27.14800
X52.56300 Y27.16070
X52.57570 Y27.16070
X52.57570 Y27.17340
X52.58840 Y27.17340
X52.58840 Y27.18610
X52.60110 Y27.18610
X52.60110 Y27.19880
X52.61380 Y27.19880
X52.61380 Y27.21150
X52.63920 Y27.21150
X52.63920 Y27.22420
X52.65190 Y27.22420
X52.65190 Y27.23690
X52.66460 Y27.23690
X52.66460 Y27.24960
X52.67730 Y27.24960
X52.67730 Y27.26230
X52.69000 Y27.26230
X52.69000 Y27.28770
X52.70270 Y27.28770
X52.70270 Y27.30040
X52.71540 Y27.30040
X52.71540 Y27.31310
X52.72810 Y27.31310
X52.72810 Y27.32580
X52.74080 Y27.32580
X52.74080 Y27.33850
X52.75350 Y27.33850
X52.75350 Y27.36390
X52.76620 Y27.36390
X52.76620 Y27.38930
X52.77890 Y27.38930
X52.77890 Y27.41470
X52.79160 Y27.41470
X52.79160 Y27.42740
X52.80430 Y27.42740
X52.80430 Y27.45280
X52.81700 Y27.45280
X52.81700 Y27.47820
X52.82970 Y27.47820
X52.82970 Y27.51630
X52.84240 Y27.51630
X52.84240 Y27.56710
X52.85510 Y27.56710
X52.85510 Y27.60520
X52.86780 Y27.60520
X52.86780 Y27.69410
X52.88050 Y27.69410
X52.88050 Y28.03700
X52.86780 Y28.03700
X52.86780 Y28.12590
X52.85510 Y28.12590
X52.85510 Y28.16400
X52.84240 Y28.16400
X52.84240 Y28.21480
X52.82970 Y28.21480
X52.82970 Y28.25290
X52.81700 Y28.25290
X52.81700 Y28.27830
X52.80430 Y28.27830
X52.80430 Y28.30370
X52.79160 Y28.30370
X52.79160 Y28.31640
X52.77890 Y28.31640
X52.77890 Y28.34180
X52.76620 Y28.34180
X52.76620 Y28.36720
X52.75350 Y28.36720
X52.75350 Y28.39260
X52.74080 Y28.39260
X52.74080 Y28.40530
X52.72810 Y28.40530
X52.72810 Y28.41800
X52.71540 Y28.41800
X52.71540 Y28.43070
X52.70270 Y28.43070
X52.70270 Y28.44340
X52.69000 Y28.44340
X52.69000 Y28.46880
X52.67730 Y28.46880
X52.67730 Y28.48150
X52.66460 Y28.48150
X52.66460 Y28.49420
X52.65190 Y28.49420
X52.65190 Y28.50690
X52.63920 Y28.50690
X52.63920 Y28.51960
X52.61380 Y28.51960
X52.61380 Y28.53230
X52.60110 Y28.53230
X52.60110 Y28.54500
X52.58840 Y28.54500
X52.58840 Y28.55770
X52.57570 Y28.55770
X52.57570 Y28.57040
X52.56300 Y28.57040
X52.56300 Y28.58310
X52.53760 Y28.58310
X52.53760 Y28.59580
X52.51220 Y28.59580
X52.51220 Y28.60850
X52.48680 Y28.60850
X52.48680 Y28.62120
X52.47410 Y28.62120
X52.47410 Y28.63390
X52.44870 Y28.63390
X52.44870 Y28.64660
X52.42330 Y28.64660
X52.42330 Y28.65930
X52.37250 Y28.65930
X52.37250 Y28.67200
X52.33440 Y28.67200
X52.33440 Y28.68470
X52.29630 Y28.68470
X52.29630 Y28.69740
X52.19470 Y28.69740
X52.19470 Y28.71010
X51.87720 Y28.71010
X51.87720 Y28.69740
X51.77560 Y28.69740
X51.77560 Y28.68470
X51.73750 Y28.68470
X51.73750 Y28.67200
X51.69940 Y28.67200
X51.69940 Y28.65930
X51.64860 Y28.65930
X51.64860 Y28.64660
X51.62320 Y28.64660
X51.62320 Y28.63390
X51.59780 Y28.63390
X51.59780 Y28.62120
X51.58510 Y28.62120
X51.58510 Y28.60850
G04 P0 ( dwell for no time -- G64 should not smooth over this point )
G00 Z5.00000 ( retract )

G00 X45.52720 Y30.66590 ( rapid move to begin. )
F300.00000
G01 Z-0.05000
G04 P0 ( dwell for no time -- G64 should not smooth over this point )
F600.00000
X45.52720 Y30.66590
X45.50180 Y30.66590
X45.50180 Y30.65320
X45.47640 Y30.65320
X45.47640 Y30.64050
X45.45100 Y30.64050
X45.45100 Y30.62780
X45.43830 Y30.62780
X45.43830 Y30.61510
X45.42560 Y30.61510
X45.42560 Y30.60240
X45.41290 Y30.60240
X45.41290 Y30.58970
X45.40020 Y30.58970
X45.40020 Y30.57700
X45.37480 Y30.57700
X45.37480 Y30.56430
X45.36210 Y30.56430
X45.36210 Y30.55160
X45.34940 Y30.55160
X45.34940 Y30.53890
X45.33670 Y30.53890
X45.33670 Y30.52620
X45.32400 Y30.52620
X45.32400 Y30.50080
X45.31130 Y30.50080
X45.31130 Y30.48810
X45.29860 Y30.48810
X45.29860 Y30.47540
X45.28590 Y30.47540
X45.28590 Y30.46270
X45.27320 Y30.46270
X45.27320 Y30.45000
X45.26050 Y30.45000
X45.26050 Y30.42460
X45.24780 Y30.42460
X45.24780 Y30.39920
X45.23510 Y30.39920
X45.23510 Y30.37380
X45.22240 Y30.37380
X45.22240 Y30.36110
X45.20970 Y30.36110
X45.20970 Y30.33570
X45.19700 Y30.33570
X45.19700 Y30.31030
X45.18430 Y30.31030
X45.18430 Y30.25950
X45.17160 Y30.25950
X45.17160 Y30.22140
X45.15890 Y30.22140
X45.15890 Y30.18330
X45.14620 Y30.18330
X45.14620 Y30.08170
X45.13350 Y30.08170
X45.13350 Y29.76420
X45.14620 Y29.76420
X45.14620 Y29.66260
X45.15890 Y29.66260
X45.15890 Y29.62450
X45.17160 Y29.62450
X45.17160 Y29.58640
X45.18430 Y29.58640
X45.18430 Y29.53560
X45.19700 Y29.53560
X45.19700 Y29.52290
X45.18430 Y29.52290
X45.18430 Y29.48480
X45.17160 Y29.48480
X45.17160 Y17.08960
X45.15890 Y17.08960
X45.15890 Y17.07690
X45.14620 Y17.07690
X45.14620 Y17.06420
X45.13350 Y17.06420
X45.13350 Y17.05150
X45.12080 Y17.05150
X45.12080 Y17.03880
X45.10810 Y17.03880
X45.10810 Y17.02610
X45.09540 Y17.02610
X45.09540 Y17.01340
X45.08270 Y17.01340
X45.08270 Y17.00070
X45.07000 Y17.00070
X45.07000 Y16.98800
X45.05730 Y16.98800
X45.05730 Y16.97530
X45.04460 Y16.97530
X45.04460 Y16.96260
X45.03190 Y16.96260
X45.03190 Y16.94990
X45.01920 Y16.94990
X45.01920 Y16.93720
X45.00650 Y16.93720
X45.00650 Y16.92450
X44.99380 Y16.92450
X44.99380 Y16.91180
X44.98110 Y16.91180
X44.98110 Y16.89910
X44.96840 Y16.89910
X44.96840 Y16.88640
X44.95570 Y16.88640
X44.95570 Y16.87370
X44.94300 Y16.87370
X44.94300 Y16.86100
X44.93030 Y16.86100
X44.93030 Y16.84830
X44.91760 Y16.84830
X44.91760 Y16.83560
X44.90490 Y16.83560
X44.90490 Y16.82290
X44.89220 Y16.82290
X44.89220 Y16.81020
X44.87950 Y16.81020
X44.87950 Y16.79750
X44.86680 Y16.79750
X44.86680 Y16.78480
X44.85410 Y16.78480
X44.85410 Y16.77210
X44.84140 Y16.77210
X44.84140 Y16.75940
X44.82870 Y16.75940
X44.82870 Y16.74670
X44.81600 Y16.74670
X44.81600 Y16.73400
X44.80330 Y16.73400
X44.80330 Y16.72130
X44.79060 Y16.72130
X44.79060 Y16.70860
X44.77790 Y16.70860
X44.77790 Y16.69590
X44.76520 Y16.69590
X44.76520 Y16.68320
X44.75250 Y16.68320
X44.75250 Y16.67050
X44.73980 Y16.67050
X44.73980 Y16.65780
X44.72710 Y16.65780
X44.72710 Y16.64510
X44.71440 Y16.64510
X44.71440 Y16.63240
X44.70170 Y16.63240
X44.70170 Y16.61970
X44.68900 Y16.61970
X44.68900 Y16.60700
X44.67630 Y16.60700
X44.67630 Y16.59430
X44.66360 Y16.59430
X44.66360 Y16.58160
X44.65090 Y16.58160
X44.65090 Y16.56890
X44.63820 Y16.56890
X44.63820 Y16.55620
X44.62550 Y16.55620
X44.62550 Y16.54350
X44.61280 Y16.54350
X44.61280 Y16.53080
X44.60010 Y16.53080
X44.60010 Y16.51810
X44.58740 Y16.51810
X44.58740 Y16.50540
X44.57470 Y16.50540
X44.57470 Y16.49270
X44.56200 Y16.49270
X44.56200 Y16.48000
X44.54930 Y16.48000
X44.54930 Y16.46730
X44.53660 Y16.46730
X44.53660 Y16.45460
X44.52390 Y16.45460
X44.52390 Y16.44190
X44.51120 Y16.44190
X44.51120 Y16.42920
X44.49850 Y16.42920
X44.49850 Y16.41650
X44.48580 Y16.41650
X44.48580 Y16.40380
X44.47310 Y16.40380
X44.47310 Y16.39110
X44.46040 Y16.39110
X44.46040 Y16.37840
X44.44770 Y16.37840
X44.44770 Y16.36570
X44.43500 Y16.36570
X44.43500 Y16.34030
X44.42230 Y16.34030
X44.42230 Y16.32760
X44.40960 Y16.32760
X44.40960 Y16.31490
X44.39690 Y16.31490
X44.39690 Y16.30220
X44.38420 Y16.30220
X44.38420 Y16.28950
X44.37150 Y16.28950
X44.37150 Y16.26410
X44.35880 Y16.26410
X44.35880 Y16.25140
X44.34610 Y16.25140
X44.34610 Y16.23870
X44.33340 Y16.23870
X44.33340 Y16.22600
X44.32070 Y16.22600
X44.32070 Y16.21330
X44.29530 Y16.21330
X44.29530 Y16.20060
X44.28260 Y16.20060
X44.28260 Y16.18790
X44.26990 Y16.18790
X44.26990 Y16.17520
X44.25720 Y16.17520
X44.25720 Y16.16250
X44.24450 Y16.16250
X44.24450 Y16.14980
X44.21910 Y16.14980
X44.21910 Y16.13710
X44.20640 Y16.13710
X44.20640 Y16.12440
X44.19370 Y16.12440
X44.19370 Y16.11170
X44.18100 Y16.11170
X44.18100 Y16.09900
X44.16830 Y16.09900
X44.16830 Y16.08630
X44.15560 Y16.08630
X44.15560 Y16.07360
X44.14290 Y16.07360
X44.14290 Y16.06090
X44.13020 Y16.06090
X44.13020 Y16.04820
X44.11750 Y16.04820
X44.11750 Y16.03550
X44.10480 Y16.03550
X44.10480 Y16.02280
X44.09210 Y16.02280
X44.09210 Y16.01010
X44.07940 Y16.01010
X44.07940 Y15.99740
X44.06670 Y15.99740
X44.06670 Y15.98470
X44.05400 Y15.98470
X44.05400 Y15.97200
X44.04130 Y15.97200
X44.04130 Y15.95930
X28.76320 Y15.95930
X28.76320 Y15.94660
X28.72510 Y15.94660
X28.72510 Y15.93390
X28.69970 Y15.93390
X28.69970 Y15.92120
X28.68700 Y15.92120
X28.68700 Y15.90850
X28.67430 Y15.90850
X28.67430 Y15.89580
X28.66160 Y15.89580
X28.66160 Y15.88310
X28.64890 Y15.88310
X28.64890 Y15.87040
X28.63620 Y15.87040
X28.63620 Y15.85770
X28.62350 Y15.85770
X28.62350 Y15.84500
X28.61080 Y15.84500
X28.61080 Y15.83230
X28.59810 Y15.83230
X28.59810 Y15.81960
X28.58540 Y15.81960
X28.58540 Y15.80690
X28.57270 Y15.80690
X28.57270 Y15.79420
X28.56000 Y15.79420
X28.56000 Y15.78150
X28.54730 Y15.78150
X28.54730 Y15.76880
X28.53460 Y15.76880
X28.53460 Y15.75610
X28.52190 Y15.75610
X28.52190 Y15.74340
X28.50920 Y15.74340
X28.50920 Y15.73070
X28.49650 Y15.73070
X28.49650 Y15.71800
X28.48380 Y15.71800
X28.48380 Y15.70530
X28.47110 Y15.70530
X28.47110 Y15.69260
X28.45840 Y15.69260
X28.45840 Y15.67990
X28.44570 Y15.67990
X28.44570 Y15.66720
X28.43300 Y15.66720
X28.43300 Y15.65450
X28.42030 Y15.65450
X28.42030 Y15.64180
X28.40760 Y15.64180
X28.40760 Y15.62910
X28.39490 Y15.62910
X28.39490 Y15.61640
X28.38220 Y15.61640
X28.38220 Y15.60370
X28.36950 Y15.60370
X28.36950 Y15.59100
X28.35680 Y15.59100
X28.35680 Y15.57830
X28.34410 Y15.57830
X28.34410 Y15.56560
X28.33140 Y15.56560
X28.33140 Y15.55290
X28.31870 Y15.55290
X28.31870 Y15.54020
X28.30600 Y15.54020
X28.30600 Y15.52750
X28.29330 Y15.52750
X28.29330 Y15.51480
X28.28060 Y15.51480
X28.28060 Y15.50210
X28.26790 Y15.50210
X28.26790 Y15.48940
X28.25520 Y15.48940
X28.25520 Y15.47670
X28.24250 Y15.47670
X28.24250 Y15.46400
X28.22980 Y15.46400
X28.22980 Y15.45130
X28.21710 Y15.45130
X28.21710 Y15.43860
X28.20440 Y15.43860
X28.20440 Y15.42590
X28.19170 Y15.42590
X28.19170 Y15.41320
X28.17900 Y15.41320
X28.17900 Y15.40050
X28.16630 Y15.40050
X28.16630 Y15.38780
X28.15360 Y15.38780
X28.15360 Y15.37510
X28.14090 Y15.37510
X28.14090 Y15.36240
X28.12820 Y15.36240
X28.12820 Y15.34970
X28.11550 Y15.34970
X28.11550 Y15.33700
X28.10280 Y15.33700
X28.10280 Y15.32430
X28.09010 Y15.32430
X28.09010 Y15.31160
X28.07740 Y15.31160
X28.07740 Y15.29890
X28.06470 Y15.29890
X28.06470 Y15.28620
X28.05200 Y15.28620
X28.05200 Y15.27350
X28.03930 Y15.27350
X28.03930 Y15.26080
X28.02660 Y15.26080
X28.02660 Y15.24810
X28.01390 Y15.24810
X28.01390 Y15.23540
X28.00120 Y15.23540
X28.00120 Y15.22270
X27.98850 Y15.22270
X27.98850 Y15.21000
X27.97580 Y15.21000
X27.97580 Y15.19730
X27.96310 Y15.19730
X27.96310 Y15.18460
X27.95040 Y15.18460
X27.95040 Y15.17190
X27.93770 Y15.17190
X27.93770 Y15.15920
X27.92500 Y15.15920
X27.92500 Y15.14650
X27.91230 Y15.14650
X27.91230 Y15.13380
X27.89960 Y15.13380
X27.89960 Y15.12110
X27.88690 Y15.12110
X27.88690 Y15.10840
X27.87420 Y15.10840
X27.87420 Y15.09570
X27.86150 Y15.09570
X27.86150 Y15.08300
X27.84880 Y15.08300
X27.84880 Y15.07030
X27.83610 Y15.07030
X27.83610 Y15.05760
X27.82340 Y15.05760
X27.82340 Y15.04490
X27.81070 Y15.04490
X27.81070 Y15.03220
X27.79800 Y15.03220
X27.79800 Y15.01950
X27.78530 Y15.01950
X27.78530 Y15.00680
X27.77260 Y15.00680
X27.77260 Y14.99410
X27.75990 Y14.99410
X27.75990 Y14.98140
X27.74720 Y14.98140
X27.74720 Y14.96870
X27.73450 Y14.96870
X27.73450 Y14.95600
X27.72180 Y14.95600
X27.72180 Y14.94330
X27.70910 Y14.94330
X27.70910 Y14.93060
X27.69640 Y14.93060
X27.69640 Y14.91790
X27.68370 Y14.91790
X27.68370 Y14.90520
X27.67100 Y14.90520
X27.67100 Y14.89250
X27.65830 Y14.89250
X27.65830 Y14.87980
X27.64560 Y14.87980
X27.64560 Y14.86710
X27.63290 Y14.86710
X27.63290 Y14.85440
X27.62020 Y14.85440
X27.62020 Y14.84170
X27.60750 Y14.84170
X27.60750 Y14.82900
X27.59480 Y14.82900
X27.59480 Y14.81630
X27.58210 Y14.81630
X27.58210 Y14.80360
X27.56940 Y14.80360
X27.56940 Y14.79090
X27.55670 Y14.79090
X27.55670 Y14.77820
X27.54400 Y14.77820
X27.54400 Y14.76550
X27.53130 Y14.76550
X27.53130 Y14.75280
X27.51860 Y14.75280
X27.51860 Y14.74010
X27.50590 Y14.74010
X27.50590 Y14.72740
X27.49320 Y14.72740
X27.49320 Y14.71470
X27.48050 Y14.71470
X27.48050 Y14.70200
X27.46780 Y14.70200
X27.46780 Y14.68930
X27.45510 Y14.68930
X27.45510 Y14.67660
X27.44240 Y14.67660
X27.44240 Y14.66390
X27.42970 Y14.66390
X27.42970 Y14.65120
X27.41700 Y14.65120
X27.41700 Y14.63850
X27.40430 Y14.63850
X27.40430 Y14.62580
X27.39160 Y14.62580
X27.39160 Y14.61310
X27.37890 Y14.61310
X27.37890 Y14.60040
X27.36620 Y14.60040
X27.36620 Y14.58770
X27.35350 Y14.58770
X27.35350 Y14.57500
X27.34080 Y14.57500
X27.34080 Y14.56230
X27.32810 Y14.56230
X27.32810 Y14.54960
X27.31540 Y14.54960
X27.31540 Y14.53690
X27.30270 Y14.53690
X27.30270 Y14.52420
X27.29000 Y14.52420
X27.29000 Y14.51150
X27.27730 Y14.51150
X27.27730 Y14.49880
X27.26460 Y14.49880
X27.26460 Y14.48610
X27.25190 Y14.48610
X27.25190 Y14.47340
X27.23920 Y14.47340
X27.23920 Y14.46070
X27.22650 Y14.46070
X27.22650 Y14.44800
X27.21380 Y14.44800
X27.21380 Y14.43530
X27.20110 Y14.43530
X27.20110 Y14.42260
X27.18840 Y14.42260
X27.18840 Y14.40990
X27.17570 Y14.40990
X27.17570 Y14.39720
X27.16300 Y14.39720
X27.16300 Y14.38450
X27.15030 Y14.38450
X27.15030 Y14.37180
X27.13760 Y14.37180
X27.13760 Y14.35910
X27.12490 Y14.35910
X27.12490 Y14.34640
X27.11220 Y14.34640
X27.11220 Y14.33370
X27.09950 Y14.33370
X27.09950 Y14.32100
X27.08680 Y14.32100
X27.08680 Y14.30830
X27.07410 Y14.30830
X27.07410 Y14.29560
X27.06140 Y14.29560
X27.06140 Y14.28290
X27.04870 Y14.28290
X27.04870 Y14.27020
X27.03600 Y14.27020
X27.03600 Y14.25750
X27.02330 Y14.25750
X27.02330 Y14.24480
X27.01060 Y14.24480
X27.01060 Y14.23210
X26.99790 Y14.23210
X26.99790 Y14.21940
X26.98520 Y14.21940
X26.98520 Y14.20670
X26.97250 Y14.20670
X26.97250 Y14.19400
X26.95980 Y14.19400
X26.95980 Y14.18130
X26.94710 Y14.18130
X26.94710 Y14.16860
X26.93440 Y14.16860
X26.93440 Y14.15590
X26.92170 Y14.15590
X26.92170 Y14.14320
X26.90900 Y14.14320
X26.90900 Y14.13050
X26.89630 Y14.13050
X26.89630 Y14.11780
X26.88360 Y14.11780
X26.88360 Y14.10510
X26.87090 Y14.10510
X26.87090 Y14.09240
X26.85820 Y14.09240
X26.85820 Y14.07970
X26.84550 Y14.07970
X26.84550 Y14.06700
X26.83280 Y14.06700
X26.83280 Y14.05430
X26.82010 Y14.05430
X26.82010 Y14.04160
X26.80740 Y14.04160
X26.80740 Y14.02890
X26.79470 Y14.02890
X26.79470 Y14.01620
X26.78200 Y14.01620
X26.78200 Y14.00350
X26.76930 Y14.00350
X26.76930 Y13.99080
X26.75660 Y13.99080
X26.75660 Y13.97810
X26.74390 Y13.97810
X26.74390 Y13.96540
X26.73120 Y13.96540
X26.73120 Y13.95270
X26.71850 Y13.95270
X26.71850 Y13.94000
X26.70580 Y13.94000
X26.70580 Y13.92730
X26.69310 Y13.92730
X26.69310 Y13.91460
X26.68040 Y13.91460
X26.68040 Y13.90190
X26.66770 Y13.90190
X26.66770 Y13.88920
X26.65500 Y13.88920
X26.65500 Y13.87650
X26.64230 Y13.87650
X26.64230 Y13.86380
X26.62960 Y13.86380
X26.62960 Y13.85110
X26.61690 Y13.85110
X26.61690 Y13.83840
X26.60420 Y13.83840
X26.60420 Y13.82570
X26.59150 Y13.82570
X26.59150 Y13.81300
X26.57880 Y13.81300
X26.57880 Y13.80030
X26.56610 Y13.80030
X26.56610 Y13.78760
X26.55340 Y13.78760
X26.55340 Y13.77490
X26.54070 Y13.77490
X26.54070 Y13.76220
X26.52800 Y13.76220
X26.52800 Y13.74950
X26.51530 Y13.74950
X26.51530 Y13.73680
X26.50260 Y13.73680
X26.50260 Y13.72410
X26.48990 Y13.72410
X26.48990 Y13.71140
X26.47720 Y13.71140
X26.47720 Y13.69870
X26.46450 Y13.69870
X26.46450 Y13.68600
X26.45180 Y13.68600
X26.45180 Y13.67330
X26.43910 Y13.67330
X26.43910 Y13.66060
X26.42640 Y13.66060
X26.42640 Y13.64790
X26.41370 Y13.64790
X26.41370 Y13.63520
X26.40100 Y13.63520
X26.40100 Y13.62250
X26.38830 Y13.62250
X26.38830 Y13.60980
X26.37560 Y13.60980
X26.37560 Y13.59710
X26.36290 Y13.59710
X26.36290 Y13.58440
X26.35020 Y13.58440
X26.35020 Y13.57170
X26.33750 Y13.57170
X26.33750 Y13.55900
X26.32480 Y13.55900
X26.32480 Y13.54630
X26.31210 Y13.54630
X26.31210 Y13.53360
X26.29940 Y13.53360
X26.29940 Y13.52090
X26.28670 Y13.52090
X26.28670 Y13.50820
X26.27400 Y13.50820
X26.27400 Y13.49550
X26.26130 Y13.49550
X26.26130 Y13.48280
X26.24860 Y13.48280
X26.24860 Y13.47010
X26.23590 Y13.47010
X26.23590 Y13.45740
X26.22320 Y13.45740
X26.22320 Y13.44470
X26.21050 Y13.44470
X26.21050 Y13.43200
X26.19780 Y13.43200
X26.19780 Y13.41930
X26.18510 Y13.41930
X26.18510 Y13.40660
X26.17240 Y13.40660
X26.17240 Y13.39390
X26.15970 Y13.39390
X26.15970 Y13.38120
X26.14700 Y13.38120
X26.14700 Y13.36850
X26.13430 Y13.36850
X26.13430 Y13.35580
X26.12160 Y13.35580
X26.12160 Y13.34310
X26.10890 Y13.34310
X26.10890 Y13.33040
X26.09620 Y13.33040
X26.09620 Y13.31770
X26.08350 Y13.31770
X26.08350 Y13.30500
X26.07080 Y13.30500
X26.07080 Y13.29230
X26.05810 Y13.29230
X26.05810 Y13.27960
X26.04540 Y13.27960
X26.04540 Y13.26690
X26.03270 Y13.26690
X26.03270 Y13.25420
X26.02000 Y13.25420
X26.02000 Y13.24150
X26.00730 Y13.24150
X26.00730 Y13.22880
X25.99460 Y13.22880
X25.99460 Y13.21610
X25.98190 Y13.21610
X25.98190 Y13.20340
X25.96920 Y13.20340
X25.96920 Y13.19070
X25.95650 Y13.19070
X25.95650 Y13.17800
X25.94380 Y13.17800
X25.94380 Y13.16530
X25.93110 Y13.16530
X25.93110 Y13.15260
X25.91840 Y13.15260
X25.91840 Y13.13990
X25.90570 Y13.13990
X25.90570 Y13.12720
X25.89300 Y13.12720
X25.89300 Y13.11450
X25.88030 Y13.11450
X25.88030 Y13.10180
X25.86760 Y13.10180
X25.86760 Y13.08910
X25.85490 Y13.08910
X25.85490 Y13.07640
X25.84220 Y13.07640
X25.84220 Y13.06370
X25.82950 Y13.06370
X25.82950 Y13.05100
X25.81680 Y13.05100
X25.81680 Y13.03830
X25.80410 Y13.03830
X25.80410 Y13.02560
X25.79140 Y13.02560
X25.79140 Y13.01290
X25.77870 Y13.01290
X25.77870 Y13.00020
X25.76600 Y13.00020
X25.76600 Y12.98750
X25.75330 Y12.98750
X25.75330 Y12.97480
X25.74060 Y12.97480
X25.74060 Y12.96210
X25.72790 Y12.96210
X25.72790 Y12.94940
X25.71520 Y12.94940
X25.71520 Y12.93670
X25.70250 Y12.93670
X25.70250 Y12.92400
X25.68980 Y12.92400
X25.68980 Y12.91130
X25.67710 Y12.91130
X25.67710 Y12.89860
X25.66440 Y12.89860
X25.66440 Y12.88590
X25.65170 Y12.88590
X25.65170 Y12.87320
X25.63900 Y12.87320
X25.63900 Y12.86050
X25.62630 Y12.86050
X25.62630 Y12.84780
X25.61360 Y12.84780
X25.61360 Y12.83510
X25.60090 Y12.83510
X25.60090 Y12.82240
X25.58820 Y12.82240
X25.58820 Y12.80970
X25.57550 Y12.80970
X25.57550 Y12.79700
X25.56280 Y12.79700
X25.56280 Y12.78430
X25.55010 Y12.78430
X25.55010 Y12.77160
X25.53740 Y12.77160
X25.53740 Y12.75890
X25.52470 Y12.75890
X25.52470 Y12.74620
X25.51200 Y12.74620
X25.51200 Y12.73350
X25.49930 Y12.73350
X25.49930 Y12.72080
X25.48660 Y12.72080
X25.48660 Y12.70810
X25.47390 Y12.70810
X25.47390 Y12.69540
X25.46120 Y12.69540
X25.46120 Y12.68270
X25.44850 Y12.68270
X25.44850 Y12.67000
X25.43580 Y12.67000
X25.43580 Y12.65730
X25.42310 Y12.65730
X25.42310 Y12.64460
X25.41040 Y12.64460
X25.41040 Y12.63190
X25.39770 Y12.63190
X25.39770 Y12.61920
X25.38500 Y12.61920
X25.38500 Y12.60650
X25.37230 Y12.60650
X25.37230 Y12.59380
X25.35960 Y12.59380
X25.35960 Y12.58110
X25.34690 Y12.58110
X25.34690 Y12.56840
X25.33420 Y12.56840
X25.33420 Y12.55570
X25.32150 Y12.55570
X25.32150 Y12.54300
X25.30880 Y12.54300
X25.30880 Y12.53030
X25.29610 Y12.53030
X25.29610 Y12.51760
X25.28340 Y12.51760
X25.28340 Y12.50490
X25.27070 Y12.50490
X25.27070 Y12.49220
X25.25800 Y12.49220
X25.25800 Y12.47950
X25.24530 Y12.47950
X25.24530 Y12.46680
X25.23260 Y12.46680
X25.23260 Y12.45410
X25.21990 Y12.45410
X25.21990 Y12.44140
X25.20720 Y12.44140
X25.20720 Y12.42870
X25.19450 Y12.42870
X25.19450 Y12.41600
X25.18180 Y12.41600
X25.18180 Y12.40330
X25.16910 Y12.40330
X25.16910 Y12.39060
X25.15640 Y12.39060
X25.15640 Y12.37790
X25.14370 Y12.37790
X25.14370 Y12.36520
X25.13100 Y12.36520
X25.13100 Y12.35250
X25.11830 Y12.35250
X25.11830 Y12.33980
X25.10560 Y12.33980
X25.10560 Y12.32710
X25.09290 Y12.32710
X25.09290 Y12.31440
X25.08020 Y12.31440
X25.08020 Y12.30170
X25.06750 Y12.30170
X25.06750 Y12.28900
X25.05480 Y12.28900
X25.05480 Y12.27630
X25.04210 Y12.27630
X25.04210 Y12.26360
X25.02940 Y12.26360
X25.02940 Y12.25090
X25.01670 Y12.25090
X25.01670 Y12.23820
X25.00400 Y12.23820
X25.00400 Y12.22550
X24.99130 Y12.22550
X24.99130 Y12.21280
X24.97860 Y12.21280
X24.97860 Y12.20010
X24.96590 Y12.20010
X24.96590 Y12.18740
X24.95320 Y12.18740
X24.95320 Y12.17470
X24.94050 Y12.17470
X24.94050 Y12.16200
X24.92780 Y12.16200
X24.92780 Y12.14930
X24.91510 Y12.14930
X24.91510 Y12.13660
X24.90240 Y12.13660
X24.90240 Y12.12390
X24.88970 Y12.12390
X24.88970 Y12.11120
X24.87700 Y12.11120
X24.87700 Y12.09850
X24.86430 Y12.09850
X24.86430 Y12.08580
X24.85160 Y12.08580
X24.85160 Y12.07310
X24.83890 Y12.07310
X24.83890 Y12.06040
X24.82620 Y12.06040
X24.82620 Y12.04770
X24.81350 Y12.04770
X24.81350 Y12.03500
X24.80080 Y12.03500
X24.80080 Y12.02230
X24.78810 Y12.02230
X24.78810 Y12.00960
X24.77540 Y12.00960
X24.77540 Y11.99690
X24.76270 Y11.99690
X24.76270 Y11.98420
X24.75000 Y11.98420
X24.75000 Y11.97150
X24.73730 Y11.97150
X24.73730 Y11.95880
X24.72460 Y11.95880
X24.72460 Y11.94610
X24.71190 Y11.94610
X24.71190 Y11.93340
X24.69920 Y11.93340
X24.69920 Y11.92070
X24.68650 Y11.92070
X24.68650 Y11.90800
X24.67380 Y11.90800
X24.67380 Y11.89530
X24.66110 Y11.89530
X24.66110 Y11.88260
X24.64840 Y11.88260
X24.64840 Y11.86990
X24.63570 Y11.86990
X24.63570 Y11.85720
X24.62300 Y11.85720
X24.62300 Y11.84450
X24.61030 Y11.84450
X24.61030 Y11.83180
X24.59760 Y11.83180
X24.59760 Y11.81910
X24.58490 Y11.81910
X24.58490 Y11.80640
X24.57220 Y11.80640
X24.57220 Y11.79370
X24.55950 Y11.79370
X24.55950 Y11.78100
X24.54680 Y11.78100
X24.54680 Y11.76830
X24.53410 Y11.76830
X24.53410 Y11.75560
X24.52140 Y11.75560
X24.52140 Y11.74290
X24.50870 Y11.74290
X24.50870 Y11.73020
X24.49600 Y11.73020
X24.49600 Y11.71750
X24.48330 Y11.71750
X24.48330 Y11.70480
X24.47060 Y11.70480
X24.47060 Y11.69210
X24.45790 Y11.69210
X24.45790 Y11.67940
X24.44520 Y11.67940
X24.44520 Y11.66670
X24.43250 Y11.66670
X24.43250 Y11.65400
X24.41980 Y11.65400
X24.41980 Y11.64130
X24.40710 Y11.64130
X24.40710 Y11.62860
X24.39440 Y11.62860
X24.39440 Y11.61590
X24.38170 Y11.61590
X24.38170 Y11.60320
X24.36900 Y11.60320
X24.36900 Y11.59050
X24.35630 Y11.59050
X24.35630 Y11.57780
X24.34360 Y11.57780
X24.34360 Y11.56510
X24.33090 Y11.56510
X24.33090 Y11.55240
X24.31820 Y11.55240
X24.31820 Y11.53970
X24.30550 Y11.53970
X24.30550 Y11.52700
X24.29280 Y11.52700
X24.29280 Y11.51430
X24.28010 Y11.51430
X24.28010 Y11.50160
X24.26740 Y11.50160
X24.26740 Y11.48890
X24.25470 Y11.48890
X24.25470 Y11.47620
X24.24200 Y11.47620
X24.24200 Y11.46350
X24.22930 Y11.46350
X24.22930 Y11.45080
X24.21660 Y11.45080
X24.21660 Y11.43810
X24.20390 Y11.43810
X24.20390 Y11.42540
X24.19120 Y11.42540
X24.19120 Y11.41270
X24.17850 Y11.41270
X24.17850 Y11.40000
X24.16580 Y11.40000
X24.16580 Y11.38730
X24.15310 Y11.38730
X24.15310 Y11.37460
X24.14040 Y11.37460
X24.14040 Y11.36190
X24.12770 Y11.36190
X24.12770 Y11.34920
X24.11500 Y11.34920
X24.11500 Y11.33650
X24.10230 Y11.33650
X24.10230 Y11.32380
X24.08960 Y11.32380
X24.08960 Y11.31110
X24.07690 Y11.31110
X24.07690 Y11.29840
X24.06420 Y11.29840
X24.06420 Y11.28570
X24.05150 Y11.28570
X24.05150 Y11.27300
X24.03880 Y11.27300
X24.03880 Y11.26030
X24.02610 Y11.26030
X24.02610 Y11.24760
X24.01340 Y11.24760
X24.01340 Y11.23490
X24.00070 Y11.23490
X24.00070 Y11.22220
X23.98800 Y11.22220
X23.98800 Y11.20950
X23.97530 Y11.20950
X23.97530 Y11.19680
X23.96260 Y11.19680
X23.96260 Y11.18410
X23.94990 Y11.18410
X23.94990 Y11.17140
X23.93720 Y11.17140
X23.93720 Y11.15870
X23.92450 Y11.15870
X23.92450 Y11.14600
X23.91180 Y11.14600
X23.91180 Y11.13330
X23.89910 Y11.13330
X23.89910 Y11.12060
X23.88640 Y11.12060
X23.88640 Y11.10790
X23.87370 Y11.10790
X23.87370 Y11.09520
X23.86100 Y11.09520
X23.86100 Y11.08250
X23.84830 Y11.08250
X23.84830 Y11.06980
X23.83560 Y11.06980
X23.83560 Y11.05710
X23.82290 Y11.05710
X23.82290 Y11.04440
X23.81020 Y11.04440
X23.81020 Y11.03170
X23.79750 Y11.03170
X23.79750 Y11.01900
X23.78480 Y11.01900
X23.78480 Y11.00630
X23.77210 Y11.00630
X23.77210 Y10.99360
X23.75940 Y10.99360
X23.75940 Y10.98090
X23.74670 Y10.98090
X23.74670 Y10.96820
X23.73400 Y10.96820
X23.73400 Y10.95550
X23.72130 Y10.95550
X23.72130 Y10.94280
X23.70860 Y10.94280
X23.70860 Y10.93010
X23.69590 Y10.93010
X23.69590 Y10.91740
X23.68320 Y10.91740
X23.68320 Y10.90470
X23.67050 Y10.90470
X23.67050 Y10.89200
X23.65780 Y10.89200
X23.65780 Y10.87930
X23.64510 Y10.87930
X23.64510 Y10.86660
X23.63240 Y10.86660
X23.63240 Y10.85390
X23.61970 Y10.85390
X23.61970 Y10.84120
X23.60700 Y10.84120
X23.60700 Y10.82850
X23.59430 Y10.82850
X23.59430 Y10.81580
X23.58160 Y10.81580
X23.58160 Y10.80310
X23.56890 Y10.80310
X23.56890 Y10.79040
X23.55620 Y10.79040
X23.55620 Y10.77770
X23.54350 Y10.77770
X23.54350 Y10.76500
X23.53080 Y10.76500
X23.53080 Y10.75230
X23.51810 Y10.75230
X23.51810 Y10.73960
X23.50540 Y10.73960
X23.50540 Y10.72690
X23.49270 Y10.72690
X23.49270 Y10.71420
X23.48000 Y10.71420
X23.48000 Y10.70150
X23.46730 Y10.70150
X23.46730 Y10.68880
X23.45460 Y10.68880
X23.45460 Y10.67610
X23.44190 Y10.67610
X23.44190 Y10.66340
X23.42920 Y10.66340
X23.42920 Y10.65070
X23.41650 Y10.65070
X23.41650 Y10.63800
X23.40380 Y10.63800
X23.40380 Y10.62530
X23.39110 Y10.62530
X23.39110 Y10.61260
X23.37840 Y10.61260
X23.37840 Y10.59990
X23.36570 Y10.59990
X23.36570 Y10.58720
X23.35300 Y10.58720
X23.35300 Y10.57450
X23.34030 Y10.57450
X23.34030 Y10.56180
X23.32760 Y10.56180
X23.32760 Y10.54910
X23.31490 Y10.54910
X23.31490 Y10.53640
X23.30220 Y10.53640
X23.30220 Y10.52370
X23.28950 Y10.52370
X23.28950 Y10.51100
X23.27680 Y10.51100
X23.27680 Y10.49830
X23.26410 Y10.49830
X23.26410 Y10.48560
X23.25140 Y10.48560
X23.25140 Y10.47290
X23.23870 Y10.47290
X23.23870 Y10.46020
X23.22600 Y10.46020
X23.22600 Y10.44750
X23.21330 Y10.44750
X23.21330 Y10.43480
X23.20060 Y10.43480
X23.20060 Y10.42210
X23.18790 Y10.42210
X23.18790 Y10.40940
X23.17520 Y10.40940
X23.17520 Y10.39670
X23.16250 Y10.39670
X23.16250 Y10.38400
X23.14980 Y10.38400
X23.14980 Y10.37130
X23.13710 Y10.37130
X23.13710 Y10.35860
X23.12440 Y10.35860
X23.12440 Y10.34590
X23.11170 Y10.34590
X23.11170 Y10.33320
X23.09900 Y10.33320
X23.09900 Y10.32050
X23.08630 Y10.32050
X23.08630 Y10.30780
X23.07360 Y10.30780
X23.07360 Y10.29510
X23.06090 Y10.29510
X23.06090 Y10.28240
X23.04820 Y10.28240
X23.04820 Y10.26970
X23.03550 Y10.26970
X23.03550 Y10.25700
X23.02280 Y10.25700
X23.02280 Y10.24430
X23.01010 Y10.24430
X23.01010 Y10.23160
X22.99740 Y10.23160
X22.99740 Y10.21890
X22.98470 Y10.21890
X22.98470 Y10.20620
X22.97200 Y10.20620
X22.97200 Y10.19350
X22.95930 Y10.19350
X22.95930 Y10.18080
X22.94660 Y10.18080
X22.94660 Y10.16810
X22.93390 Y10.16810
X22.93390 Y10.15540
X22.92120 Y10.15540
X22.92120 Y10.14270
X22.90850 Y10.14270
X22.90850 Y10.13000
X22.89580 Y10.13000
X22.89580 Y10.11730
X22.88310 Y10.11730
X22.88310 Y10.10460
X22.87040 Y10.10460
X22.87040 Y10.09190
X22.85770 Y10.09190
X22.85770 Y10.07920
X22.84500 Y10.07920
X22.84500 Y10.06650
X22.83230 Y10.06650
X22.83230 Y10.05380
X22.81960 Y10.05380
X22.81960 Y10.04110
X22.80690 Y10.04110
X22.80690 Y10.02840
X22.79420 Y10.02840
X22.79420 Y10.01570
X22.78150 Y10.01570
X22.78150 Y10.00300
X22.76880 Y10.00300
X22.76880 Y9.99030
X22.75610 Y9.99030
X22.75610 Y9.97760
X22.74340 Y9.97760
X22.74340 Y9.96490
X22.73070 Y9.96490
X22.73070 Y9.95220
X22.71800 Y9.95220
X22.71800 Y9.93950
X22.70530 Y9.93950
X22.70530 Y9.92680
X22.69260 Y9.92680
X22.69260 Y9.91410
X22.67990 Y9.91410
X22.67990 Y9.90140
X22.66720 Y9.90140
X22.66720 Y9.88870
X22.65450 Y9.88870
X22.65450 Y9.87600
X22.64180 Y9.87600
X22.64180 Y9.86330
X22.62910 Y9.86330
X22.62910 Y9.85060
X22.61640 Y9.85060
X22.61640 Y9.83790
X22.60370 Y9.83790
X22.60370 Y9.82520
X22.59100 Y9.82520
X22.59100 Y9.81250
X22.57830 Y9.81250
X22.57830 Y9.79980
X22.56560 Y9.79980
X22.56560 Y9.78710
X22.55290 Y9.78710
X22.55290 Y9.77440
X22.54020 Y9.77440
X22.54020 Y9.76170
X22.52750 Y9.76170
X22.52750 Y9.74900
X22.51480 Y9.74900
X22.51480 Y9.73630
X22.50210 Y9.73630
X22.50210 Y9.72360
X22.48940 Y9.72360
X22.48940 Y9.71090
X22.47670 Y9.71090
X22.47670 Y9.69820
X22.46400 Y9.69820
X22.46400 Y9.68550
X22.45130 Y9.68550
X22.45130 Y9.67280
X22.43860 Y9.67280
X22.43860 Y9.66010
X22.42590 Y9.66010
X22.42590 Y9.64740
X22.41320 Y9.64740
X22.41320 Y9.63470
X22.40050 Y9.63470
X22.40050 Y9.62200
X22.38780 Y9.62200
X22.38780 Y9.60930
X22.37510 Y9.60930
X22.37510 Y9.59660
X22.36240 Y9.59660
X22.36240 Y9.58390
X22.34970 Y9.58390
X22.34970 Y9.57120
X22.33700 Y9.57120
X22.33700 Y9.55850
X22.32430 Y9.55850
X22.32430 Y9.54580
X22.31160 Y9.54580
X22.31160 Y9.53310
X22.29890 Y9.53310
X22.29890 Y9.52040
X22.28620 Y9.52040
X22.28620 Y9.50770
X22.27350 Y9.50770
X22.27350 Y9.49500
X22.26080 Y9.49500
X22.26080 Y9.48230
X22.24810 Y9.48230
X22.24810 Y9.46960
X22.23540 Y9.46960
X22.23540 Y9.45690
X22.22270 Y9.45690
X22.22270 Y9.44420
X22.21000 Y9.44420
X22.21000 Y9.43150
X22.19730 Y9.43150
X22.19730 Y9.41880
X22.18460 Y9.41880
X22.18460 Y9.40610
X22.17190 Y9.40610
X22.17190 Y9.39340
X22.15920 Y9.39340
X22.15920 Y9.38070
X22.14650 Y9.38070
X22.14650 Y9.36800
X22.13380 Y9.36800
X22.13380 Y9.35530
X22.12110 Y9.35530
X22.12110 Y9.34260
X22.10840 Y9.34260
X22.10840 Y9.32990
X22.09570 Y9.32990
X22.09570 Y9.31720
X22.08300 Y9.31720
X22.08300 Y9.30450
X22.07030 Y9.30450
X22.07030 Y9.29180
X22.05760 Y9.29180
X22.05760 Y9.27910
X22.04490 Y9.27910
X22.04490 Y9.26640
X22.03220 Y9.26640
X22.03220 Y9.25370
X22.01950 Y9.25370
X22.01950 Y9.24100
X22.00680 Y9.24100
X22.00680 Y9.22830
X21.99410 Y9.22830
X21.99410 Y9.21560
X21.98140 Y9.21560
X21.98140 Y9.20290
X21.96870 Y9.20290
X21.96870 Y9.19020
X21.95600 Y9.19020
X21.95600 Y9.17750
X21.94330 Y9.17750
X21.94330 Y9.16480
X21.93060 Y9.16480
X21.93060 Y9.15210
X21.91790 Y9.15210
X21.91790 Y9.13940
X21.90520 Y9.13940
X21.90520 Y9.12670
X21.89250 Y9.12670
X21.89250 Y9.11400
X18.00630 Y9.11400
X18.00630 Y9.13940
X17.99360 Y9.13940
X17.99360 Y9.15210
X17.98090 Y9.15210
X17.98090 Y9.16480
X17.96820 Y9.16480
X17.96820 Y9.17750
X17.95550 Y9.17750
X17.95550 Y9.19020
X17.94280 Y9.19020
X17.94280 Y9.21560
X17.93010 Y9.21560
X17.93010 Y9.22830
X17.91740 Y9.22830
X17.91740 Y9.24100
X17.90470 Y9.24100
X17.90470 Y9.25370
X17.89200 Y9.25370
X17.89200 Y9.26640
X17.86660 Y9.26640
X17.86660 Y9.27910
X17.85390 Y9.27910
X17.85390 Y9.29180
X17.84120 Y9.29180
X17.84120 Y9.30450
X17.82850 Y9.30450
X17.82850 Y9.31720
X17.81580 Y9.31720
X17.81580 Y9.32990
X17.79040 Y9.32990
X17.79040 Y9.34260
X17.76500 Y9.34260
X17.76500 Y9.35530
X17.73960 Y9.35530
X17.73960 Y9.36800
X17.72690 Y9.36800
X17.72690 Y9.38070
X17.70150 Y9.38070
X17.70150 Y9.39340
X17.67610 Y9.39340
X17.67610 Y9.40610
X17.62530 Y9.40610
X17.62530 Y9.41880
X17.58720 Y9.41880
X17.58720 Y9.43150
X17.54910 Y9.43150
X17.54910 Y9.44420
X17.44750 Y9.44420
X17.44750 Y9.45690
X17.13000 Y9.45690
X17.13000 Y9.44420
X17.02840 Y9.44420
X17.02840 Y9.43150
X16.99030 Y9.43150
X16.99030 Y9.41880
X16.95220 Y9.41880
X16.95220 Y9.40610
X16.90140 Y9.40610
X16.90140 Y9.39340
X16.87600 Y9.39340
X16.87600 Y9.38070
X16.85060 Y9.38070
X16.85060 Y9.36800
X16.83790 Y9.36800
X16.83790 Y9.35530
X16.81250 Y9.35530
X16.81250 Y9.34260
X16.78710 Y9.34260
X16.78710 Y9.32990
X16.76170 Y9.32990
X16.76170 Y9.31720
X16.74900 Y9.31720
X16.74900 Y9.30450
X16.73630 Y9.30450
X16.73630 Y9.29180
X16.72360 Y9.29180
X16.72360 Y9.27910
X16.71090 Y9.27910
X16.71090 Y9.26640
X16.68550 Y9.26640
X16.68550 Y9.25370
X16.67280 Y9.25370
X16.67280 Y9.24100
X16.66010 Y9.24100
X16.66010 Y9.22830
X16.64740 Y9.22830
X16.64740 Y9.21560
X16.63470 Y9.21560
X16.63470 Y9.19020
X16.62200 Y9.19020
X16.62200 Y9.17750
X16.60930 Y9.17750
X16.60930 Y9.16480
X16.59660 Y9.16480
X16.59660 Y9.15210
X16.58390 Y9.15210
X16.58390 Y9.13940
X16.57120 Y9.13940
X16.57120 Y9.11400
X16.55850 Y9.11400
X16.55850 Y9.08860
X16.54580 Y9.08860
X16.54580 Y9.06320
X16.53310 Y9.06320
X16.53310 Y9.05050
X16.52040 Y9.05050
X16.52040 Y9.02510
X16.50770 Y9.02510
X16.50770 Y8.99970
X16.49500 Y8.99970
X16.49500 Y8.94890
X16.48230 Y8.94890
X16.48230 Y8.91080
X16.46960 Y8.91080
X16.46960 Y8.87270
X16.45690 Y8.87270
X16.45690 Y8.77110
X16.44420 Y8.77110
X16.44420 Y8.45360
X16.45690 Y8.45360
X16.45690 Y8.35200
X16.46960 Y8.35200
X16.46960 Y8.31390
X16.48230 Y8.31390
X16.48230 Y8.27580
X16.49500 Y8.27580
X16.49500 Y8.22500
X16.50770 Y8.22500
X16.50770 Y8.19960
X16.52040 Y8.19960
X16.52040 Y8.17420
X16.53310 Y8.17420
X16.53310 Y8.16150
X16.54580 Y8.16150
X16.54580 Y8.13610
X16.55850 Y8.13610
X16.55850 Y8.11070
X16.57120 Y8.11070
X16.57120 Y8.08530
X16.58390 Y8.08530
X16.58390 Y8.07260
X16.59660 Y8.07260
X16.59660 Y8.05990
X16.60930 Y8.05990
X16.60930 Y8.04720
X16.62200 Y8.04720
X16.62200 Y8.03450
X16.63470 Y8.03450
X16.63470 Y8.00910
X16.64740 Y8.00910
X16.64740 Y7.99640
X16.66010 Y7.99640
X16.66010 Y7.98370
X16.67280 Y7.98370
X16.67280 Y7.97100
X16.68550 Y7.97100
X16.68550 Y7.95830
X16.71090 Y7.95830
X16.71090 Y7.94560
X16.72360 Y7.94560
X16.72360 Y7.93290
X16.73630 Y7.93290
X16.73630 Y7.92020
X16.74900 Y7.92020
X16.74900 Y7.90750
X16.76170 Y7.90750
X16.76170 Y7.89480
X16.78710 Y7.89480
X16.78710 Y7.88210
X16.81250 Y7.88210
X16.81250 Y7.86940
X16.83790 Y7.86940
X16.83790 Y7.85670
X16.85060 Y7.85670
X16.85060 Y7.84400
X16.87600 Y7.84400
X16.87600 Y7.83130
X16.90140 Y7.83130
X16.90140 Y7.81860
X16.95220 Y7.81860
X16.95220 Y7.80590
X16.99030 Y7.80590
X16.99030 Y7.79320
X17.02840 Y7.79320
X17.02840 Y7.78050
X17.11730 Y7.78050
X17.11730 Y7.76780
X17.46020 Y7.76780
X17.46020 Y7.78050
X17.54910 Y7.78050
X17.54910 Y7.79320
X17.58720 Y7.79320
X17.58720 Y7.80590
X17.63800 Y7.80590
X17.63800 Y7.81860
X17.67610 Y7.81860
X17.67610 Y7.83130
X17.70150 Y7.83130
X17.70150 Y7.84400
X17.72690 Y7.84400
X17.72690 Y7.85670
X17.73960 Y7.85670
X17.73960 Y7.86940
X17.76500 Y7.86940
X17.76500 Y7.88210
X17.79040 Y7.88210
X17.79040 Y7.89480
X17.81580 Y7.89480
X17.81580 Y7.90750
X17.82850 Y7.90750
X17.82850 Y7.92020
X17.84120 Y7.92020
X17.84120 Y7.93290
X17.85390 Y7.93290
X17.85390 Y7.94560
X17.86660 Y7.94560
X17.86660 Y7.95830
X17.89200 Y7.95830
X17.89200 Y7.97100
X17.90470 Y7.97100
X17.90470 Y7.98370
X17.91740 Y7.98370
X17.91740 Y7.99640
X17.93010 Y7.99640
X17.93010 Y8.00910
X17.94280 Y8.00910
X17.94280 Y8.03450
X17.95550 Y8.03450
X17.95550 Y8.04720
X17.96820 Y8.04720
X17.96820 Y8.05990
X17.98090 Y8.05990
X17.98090 Y8.07260
X17.99360 Y8.07260
X17.99360 Y8.08530
X18.00630 Y8.08530
X18.00630 Y8.11070
X18.01900 Y8.11070
X18.01900 Y8.13610
X18.03170 Y8.13610
X18.03170 Y8.16150
X18.04440 Y8.16150
X18.04440 Y8.17420
X18.05710 Y8.17420
X18.05710 Y8.19960
X18.06980 Y8.19960
X18.06980 Y8.22500
X18.08250 Y8.22500
X18.08250 Y8.26310
X18.09520 Y8.26310
X18.09520 Y8.31390
X18.10790 Y8.31390
X18.10790 Y8.35200
X18.12060 Y8.35200
X18.12060 Y8.44090
X18.13330 Y8.44090
X18.13330 Y8.61870
X22.17190 Y8.61870
X22.17190 Y8.63140
X22.19730 Y8.63140
X22.19730 Y8.64410
X22.22270 Y8.64410
X22.22270 Y8.65680
X22.23540 Y8.65680
X22.23540 Y8.66950
X22.24810 Y8.66950
X22.24810 Y8.68220
X22.26080 Y8.68220
X22.26080 Y8.69490
X22.27350 Y8.69490
X22.27350 Y8.70760
X22.28620 Y8.70760
X22.28620 Y8.72030
X22.29890 Y8.72030
X22.29890 Y8.73300
X22.31160 Y8.73300
X22.31160 Y8.74570
X22.32430 Y8.74570
X22.32430 Y8.75840
X22.33700 Y8.75840
X22.33700 Y8.77110
X22.34970 Y8.77110
X22.34970 Y8.78380
X22.36240 Y8.78380
X22.36240 Y8.79650
X22.37510 Y8.79650
X22.37510 Y8.80920
X22.38780 Y8.80920
X22.38780 Y8.82190
X22.40050 Y8.82190
X22.40050 Y8.83460
X22.41320 Y8.83460
X22.41320 Y8.84730
X22.42590 Y8.84730
X22.42590 Y8.86000
X22.43860 Y8.86000
X22.43860 Y8.87270
X22.45130 Y8.87270
X22.45130 Y8.88540
X22.46400 Y8.88540
X22.46400 Y8.89810
X22.47670 Y8.89810
X22.47670 Y8.91080
X22.48940 Y8.91080
X22.48940 Y8.92350
X22.50210 Y8.92350
X22.50210 Y8.93620
X22.51480 Y8.93620
X22.51480 Y8.94890
X22.52750 Y8.94890
X22.52750 Y8.96160
X22.54020 Y8.96160
X22.54020 Y8.97430
X22.55290 Y8.97430
X22.55290 Y8.98700
X22.56560 Y8.98700
X22.56560 Y8.99970
X22.57830 Y8.99970
X22.57830 Y9.01240
X22.59100 Y9.01240
X22.59100 Y9.02510
X22.60370 Y9.02510
X22.60370 Y9.03780
X22.61640 Y9.03780
X22.61640 Y9.05050
X22.62910 Y9.05050
X22.62910 Y9.06320
X22.64180 Y9.06320
X22.64180 Y9.07590
X22.65450 Y9.07590
X22.65450 Y9.08860
X22.66720 Y9.08860
X22.66720 Y9.10130
X22.67990 Y9.10130
X22.67990 Y9.11400
X22.69260 Y9.11400
X22.69260 Y9.12670
X22.70530 Y9.12670
X22.70530 Y9.13940
X22.71800 Y9.13940
X22.71800 Y9.15210
X22.73070 Y9.15210
X22.73070 Y9.16480
X22.74340 Y9.16480
X22.74340 Y9.17750
X22.75610 Y9.17750
X22.75610 Y9.19020
X22.76880 Y9.19020
X22.76880 Y9.20290
X22.78150 Y9.20290
X22.78150 Y9.21560
X22.79420 Y9.21560
X22.79420 Y9.22830
X22.80690 Y9.22830
X22.80690 Y9.24100
X22.81960 Y9.24100
X22.81960 Y9.25370
X22.83230 Y9.25370
X22.83230 Y9.26640
X22.84500 Y9.26640
X22.84500 Y9.27910
X22.85770 Y9.27910
X22.85770 Y9.29180
X22.87040 Y9.29180
X22.87040 Y9.30450
X22.88310 Y9.30450
X22.88310 Y9.31720
X22.89580 Y9.31720
X22.89580 Y9.32990
X22.90850 Y9.32990
X22.90850 Y9.34260
X22.92120 Y9.34260
X22.92120 Y9.35530
X22.93390 Y9.35530
X22.93390 Y9.36800
X22.94660 Y9.36800
X22.94660 Y9.38070
X22.95930 Y9.38070
X22.95930 Y9.39340
X22.97200 Y9.39340
X22.97200 Y9.40610
X22.98470 Y9.40610
X22.98470 Y9.41880
X22.99740 Y9.41880
X22.99740 Y9.43150
X23.01010 Y9.43150
X23.01010 Y9.44420
X23.02280 Y9.44420
X23.02280 Y9.45690
X23.03550 Y9.45690
X23.03550 Y9.46960
X23.04820 Y9.46960
X23.04820 Y9.48230
X23.06090 Y9.48230
X23.06090 Y9.49500
X23.07360 Y9.49500
X23.07360 Y9.50770
X23.08630 Y9.50770
X23.08630 Y9.52040
X23.09900 Y9.52040
X23.09900 Y9.53310
X23.11170 Y9.53310
X23.11170 Y9.54580
X23.12440 Y9.54580
X23.12440 Y9.55850
X23.13710 Y9.55850
X23.13710 Y9.57120
X23.14980 Y9.57120
X23.14980 Y9.58390
X23.16250 Y9.58390
X23.16250 Y9.59660
X23.17520 Y9.59660
X23.17520 Y9.60930
X23.18790 Y9.60930
X23.18790 Y9.62200
X23.20060 Y9.62200
X23.20060 Y9.63470
X23.21330 Y9.63470
X23.21330 Y9.64740
X23.22600 Y9.64740
X23.22600 Y9.66010
X23.23870 Y9.66010
X23.23870 Y9.67280
X23.25140 Y9.67280
X23.25140 Y9.68550
X23.26410 Y9.68550
X23.26410 Y9.69820
X23.27680 Y9.69820
X23.27680 Y9.71090
X23.28950 Y9.71090
X23.28950 Y9.72360
X23.30220 Y9.72360
X23.30220 Y9.73630
X23.31490 Y9.73630
X23.31490 Y9.74900
X23.32760 Y9.74900
X23.32760 Y9.76170
X23.34030 Y9.76170
X23.34030 Y9.77440
X23.35300 Y9.77440
X23.35300 Y9.78710
X23.36570 Y9.78710
X23.36570 Y9.79980
X23.37840 Y9.79980
X23.37840 Y9.81250
X23.39110 Y9.81250
X23.39110 Y9.82520
X23.40380 Y9.82520
X23.40380 Y9.83790
X23.41650 Y9.83790
X23.41650 Y9.85060
X23.42920 Y9.85060
X23.42920 Y9.86330
X23.44190 Y9.86330
X23.44190 Y9.87600
X23.45460 Y9.87600
X23.45460 Y9.88870
X23.46730 Y9.88870
X23.46730 Y9.90140
X23.48000 Y9.90140
X23.48000 Y9.91410
X23.49270 Y9.91410
X23.49270 Y9.92680
X23.50540 Y9.92680
X23.50540 Y9.93950
X23.51810 Y9.93950
X23.51810 Y9.95220
X23.53080 Y9.95220
X23.53080 Y9.96490
X23.54350 Y9.96490
X23.54350 Y9.97760
X23.55620 Y9.97760
X23.55620 Y9.99030
X23.56890 Y9.99030
X23.56890 Y10.00300
X23.58160 Y10.00300
X23.58160 Y10.01570
X23.59430 Y10.01570
X23.59430 Y10.02840
X23.60700 Y10.02840
X23.60700 Y10.04110
X23.61970 Y10.04110
X23.61970 Y10.05380
X23.63240 Y10.05380
X23.63240 Y10.06650
X23.64510 Y10.06650
X23.64510 Y10.07920
X23.65780 Y10.07920
X23.65780 Y10.09190
X23.67050 Y10.09190
X23.67050 Y10.10460
X23.68320 Y10.10460
X23.68320 Y10.11730
X23.69590 Y10.11730
X23.69590 Y10.13000
X23.70860 Y10.13000
X23.70860 Y10.14270
X23.72130 Y10.14270
X23.72130 Y10.15540
X23.73400 Y10.15540
X23.73400 Y10.16810
X23.74670 Y10.16810
X23.74670 Y10.18080
X23.75940 Y10.18080
X23.75940 Y10.19350
X23.77210 Y10.19350
X23.77210 Y10.20620
X23.78480 Y10.20620
X23.78480 Y10.21890
X23.79750 Y10.21890
X23.79750 Y10.23160
X23.81020 Y10.23160
X23.81020 Y10.24430
X23.82290 Y10.24430
X23.82290 Y10.25700
X23.83560 Y10.25700
X23.83560 Y10.26970
X23.84830 Y10.26970
X23.84830 Y10.28240
X23.86100 Y10.28240
X23.86100 Y10.29510
X23.87370 Y10.29510
X23.87370 Y10.30780
X23.88640 Y10.30780
X23.88640 Y10.32050
X23.89910 Y10.32050
X23.89910 Y10.33320
X23.91180 Y10.33320
X23.91180 Y10.34590
X23.92450 Y10.34590
X23.92450 Y10.35860
X23.93720 Y10.35860
X23.93720 Y10.37130
X23.94990 Y10.37130
X23.94990 Y10.38400
X23.96260 Y10.38400
X23.96260 Y10.39670
X23.97530 Y10.39670
X23.97530 Y10.40940
X23.98800 Y10.40940
X23.98800 Y10.42210
X24.00070 Y10.42210
X24.00070 Y10.43480
X24.01340 Y10.43480
X24.01340 Y10.44750
X24.02610 Y10.44750
X24.02610 Y10.46020
X24.03880 Y10.46020
X24.03880 Y10.47290
X24.05150 Y10.47290
X24.05150 Y10.48560
X24.06420 Y10.48560
X24.06420 Y10.49830
X24.07690 Y10.49830
X24.07690 Y10.51100
X24.08960 Y10.51100
X24.08960 Y10.52370
X24.10230 Y10.52370
X24.10230 Y10.53640
X24.11500 Y10.53640
X24.11500 Y10.54910
X24.12770 Y10.54910
X24.12770 Y10.56180
X24.14040 Y10.56180
X24.14040 Y10.57450
X24.15310 Y10.57450
X24.15310 Y10.58720
X24.16580 Y10.58720
X24.16580 Y10.59990
X24.17850 Y10.59990
X24.17850 Y10.61260
X24.19120 Y10.61260
X24.19120 Y10.62530
X24.20390 Y10.62530
X24.20390 Y10.63800
X24.21660 Y10.63800
X24.21660 Y10.65070
X24.22930 Y10.65070
X24.22930 Y10.66340
X24.24200 Y10.66340
X24.24200 Y10.67610
X24.25470 Y10.67610
X24.25470 Y10.68880
X24.26740 Y10.68880
X24.26740 Y10.70150
X24.28010 Y10.70150
X24.28010 Y10.71420
X24.29280 Y10.71420
X24.29280 Y10.72690
X24.30550 Y10.72690
X24.30550 Y10.73960
X24.31820 Y10.73960
X24.31820 Y10.75230
X24.33090 Y10.75230
X24.33090 Y10.76500
X24.34360 Y10.76500
X24.34360 Y10.77770
X24.35630 Y10.77770
X24.35630 Y10.79040
X24.36900 Y10.79040
X24.36900 Y10.80310
X24.38170 Y10.80310
X24.38170 Y10.81580
X24.39440 Y10.81580
X24.39440 Y10.82850
X24.40710 Y10.82850
X24.40710 Y10.84120
X24.41980 Y10.84120
X24.41980 Y10.85390
X24.43250 Y10.85390
X24.43250 Y10.86660
X24.44520 Y10.86660
X24.44520 Y10.87930
X24.45790 Y10.87930
X24.45790 Y10.89200
X24.47060 Y10.89200
X24.47060 Y10.90470
X24.48330 Y10.90470
X24.48330 Y10.91740
X24.49600 Y10.91740
X24.49600 Y10.93010
X24.50870 Y10.93010
X24.50870 Y10.94280
X24.52140 Y10.94280
X24.52140 Y10.95550
X24.53410 Y10.95550
X24.53410 Y10.96820
X24.54680 Y10.96820
X24.54680 Y10.98090
X24.55950 Y10.98090
X24.55950 Y10.99360
X24.57220 Y10.99360
X24.57220 Y11.00630
X24.58490 Y11.00630
X24.58490 Y11.01900
X24.59760 Y11.01900
X24.59760 Y11.03170
X24.61030 Y11.03170
X24.61030 Y11.04440
X24.62300 Y11.04440
X24.62300 Y11.05710
X24.63570 Y11.05710
X24.63570 Y11.06980
X24.64840 Y11.06980
X24.64840 Y11.08250
X24.66110 Y11.08250
X24.66110 Y11.09520
X24.67380 Y11.09520
X24.67380 Y11.10790
X24.68650 Y11.10790
X24.68650 Y11.12060
X24.69920 Y11.12060
X24.69920 Y11.13330
X24.71190 Y11.13330
X24.71190 Y11.14600
X24.72460 Y11.14600
X24.72460 Y11.15870
X24.73730 Y11.15870
X24.73730 Y11.17140
X24.75000 Y11.17140
X24.75000 Y11.18410
X24.76270 Y11.18410
X24.76270 Y11.19680
X24.77540 Y11.19680
X24.77540 Y11.20950
X24.78810 Y11.20950
X24.78810 Y11.22220
X24.80080 Y11.22220
X24.80080 Y11.23490
X24.81350 Y11.23490
X24.81350 Y11.24760
X24.82620 Y11.24760
X24.82620 Y11.26030
X24.83890 Y11.26030
X24.83890 Y11.27300
X24.85160 Y11.27300
X24.85160 Y11.28570
X24.86430 Y11.28570
X24.86430 Y11.29840
X24.87700 Y11.29840
X24.87700 Y11.31110
X24.88970 Y11.31110
X24.88970 Y11.32380
X24.90240 Y11.32380
X24.90240 Y11.33650
X24.91510 Y11.33650
X24.91510 Y11.34920
X24.92780 Y11.34920
X24.92780 Y11.36190
X24.94050 Y11.36190
X24.94050 Y11.37460
X24.95320 Y11.37460
X24.95320 Y11.38730
X24.96590 Y11.38730
X24.96590 Y11.40000
X24.97860 Y11.40000
X24.97860 Y11.41270
X24.99130 Y11.41270
X24.99130 Y11.42540
X25.00400 Y11.42540
X25.00400 Y11.43810
X25.01670 Y11.43810
X25.01670 Y11.45080
X25.02940 Y11.45080
X25.02940 Y11.46350
X25.04210 Y11.46350
X25.04210 Y11.47620
X25.05480 Y11.47620
X25.05480 Y11.48890
X25.06750 Y11.48890
X25.06750 Y11.50160
X25.08020 Y11.50160
X25.08020 Y11.51430
X25.09290 Y11.51430
X25.09290 Y11.52700
X25.10560 Y11.52700
X25.10560 Y11.53970
X25.11830 Y11.53970
X25.11830 Y11.55240
X25.13100 Y11.55240
X25.13100 Y11.56510
X25.14370 Y11.56510
X25.14370 Y11.57780
X25.15640 Y11.57780
X25.15640 Y11.59050
X25.16910 Y11.59050
X25.16910 Y11.60320
X25.18180 Y11.60320
X25.18180 Y11.61590
X25.19450 Y11.61590
X25.19450 Y11.62860
X25.20720 Y11.62860
X25.20720 Y11.64130
X25.21990 Y11.64130
X25.21990 Y11.65400
X25.23260 Y11.65400
X25.23260 Y11.66670
X25.24530 Y11.66670
X25.24530 Y11.67940
X25.25800 Y11.67940
X25.25800 Y11.69210
X25.27070 Y11.69210
X25.27070 Y11.70480
X25.28340 Y11.70480
X25.28340 Y11.71750
X25.29610 Y11.71750
X25.29610 Y11.73020
X25.30880 Y11.73020
X25.30880 Y11.74290
X25.32150 Y11.74290
X25.32150 Y11.75560
X25.33420 Y11.75560
X25.33420 Y11.76830
X25.34690 Y11.76830
X25.34690 Y11.78100
X25.35960 Y11.78100
X25.35960 Y11.79370
X25.37230 Y11.79370
X25.37230 Y11.80640
X25.38500 Y11.80640
X25.38500 Y11.81910
X25.39770 Y11.81910
X25.39770 Y11.83180
X25.41040 Y11.83180
X25.41040 Y11.84450
X25.42310 Y11.84450
X25.42310 Y11.85720
X25.43580 Y11.85720
X25.43580 Y11.86990
X25.44850 Y11.86990
X25.44850 Y11.88260
X25.46120 Y11.88260
X25.46120 Y11.89530
X25.47390 Y11.89530
X25.47390 Y11.90800
X25.48660 Y11.90800
X25.48660 Y11.92070
X25.49930 Y11.92070
X25.49930 Y11.93340
X25.51200 Y11.93340
X25.51200 Y11.94610
X25.52470 Y11.94610
X25.52470 Y11.95880
X25.53740 Y11.95880
X25.53740 Y11.97150
X25.55010 Y11.97150
X25.55010 Y11.98420
X25.56280 Y11.98420
X25.56280 Y11.99690
X25.57550 Y11.99690
X25.57550 Y12.00960
X25.58820 Y12.00960
X25.58820 Y12.02230
X25.60090 Y12.02230
X25.60090 Y12.03500
X25.61360 Y12.03500
X25.61360 Y12.04770
X25.62630 Y12.04770
X25.62630 Y12.06040
X25.63900 Y12.06040
X25.63900 Y12.07310
X25.65170 Y12.07310
X25.65170 Y12.08580
X25.66440 Y12.08580
X25.66440 Y12.09850
X25.67710 Y12.09850
X25.67710 Y12.11120
X25.68980 Y12.11120
X25.68980 Y12.12390
X25.70250 Y12.12390
X25.70250 Y12.13660
X25.71520 Y12.13660
X25.71520 Y12.14930
X25.72790 Y12.14930
X25.72790 Y12.16200
X25.74060 Y12.16200
X25.74060 Y12.17470
X25.75330 Y12.17470
X25.75330 Y12.18740
X25.76600 Y12.18740
X25.76600 Y12.20010
X25.77870 Y12.20010
X25.77870 Y12.21280
X25.79140 Y12.21280
X25.79140 Y12.22550
X25.80410 Y12.22550
X25.80410 Y12.23820
X25.81680 Y12.23820
X25.81680 Y12.25090
X25.82950 Y12.25090
X25.82950 Y12.26360
X25.84220 Y12.26360
X25.84220 Y12.27630
X25.85490 Y12.27630
X25.85490 Y12.28900
X25.86760 Y12.28900
X25.86760 Y12.30170
X25.88030 Y12.30170
X25.88030 Y12.31440
X25.89300 Y12.31440
X25.89300 Y12.32710
X25.90570 Y12.32710
X25.90570 Y12.33980
X25.91840 Y12.33980
X25.91840 Y12.35250
X25.93110 Y12.35250
X25.93110 Y12.36520
X25.94380 Y12.36520
X25.94380 Y12.37790
X25.95650 Y12.37790
X25.95650 Y12.39060
X25.96920 Y12.39060
X25.96920 Y12.40330
X25.98190 Y12.40330
X25.98190 Y12.41600
X25.99460 Y12.41600
X25.99460 Y12.42870
X26.00730 Y12.42870
X26.00730 Y12.44140
X26.02000 Y12.44140
X26.02000 Y12.45410
X26.03270 Y12.45410
X26.03270 Y12.46680
X26.04540 Y12.46680
X26.04540 Y12.47950
X26.05810 Y12.47950
X26.05810 Y12.49220
X26.07080 Y12.49220
X26.07080 Y12.50490
X26.08350 Y12.50490
X26.08350 Y12.51760
X26.09620 Y12.51760
X26.09620 Y12.53030
X26.10890 Y12.53030
X26.10890 Y12.54300
X26.12160 Y12.54300
X26.12160 Y12.55570
X26.13430 Y12.55570
X26.13430 Y12.56840
X26.14700 Y12.56840
X26.14700 Y12.58110
X26.15970 Y12.58110
X26.15970 Y12.59380
X26.17240 Y12.59380
X26.17240 Y12.60650
X26.18510 Y12.60650
X26.18510 Y12.61920
X26.19780 Y12.61920
X26.19780 Y12.63190
X26.21050 Y12.63190
X26.21050 Y12.64460
X26.22320 Y12.64460
X26.22320 Y12.65730
X26.23590 Y12.65730
X26.23590 Y12.67000
X26.24860 Y12.67000
X26.24860 Y12.68270
X26.26130 Y12.68270
X26.26130 Y12.69540
X26.27400 Y12.69540
X26.27400 Y12.70810
X26.28670 Y12.70810
X26.28670 Y12.72080
X26.29940 Y12.72080
X26.29940 Y12.73350
X26.31210 Y12.73350
X26.31210 Y12.74620
X26.32480 Y12.74620
X26.32480 Y12.75890
X26.33750 Y12.75890
X26.33750 Y12.77160
X26.35020 Y12.77160
X26.35020 Y12.78430
X26.36290 Y12.78430
X26.36290 Y12.79700
X26.37560 Y12.79700
X26.37560 Y12.80970
X26.38830 Y12.80970
X26.38830 Y12.82240
X26.40100 Y12.82240
X26.40100 Y12.83510
X26.41370 Y12.83510
X26.41370 Y12.84780
X26.42640 Y12.84780
X26.42640 Y12.86050
X26.43910 Y12.86050
X26.43910 Y12.87320
X26.45180 Y12.87320
X26.45180 Y12.88590
X26.46450 Y12.88590
X26.46450 Y12.89860
X26.47720 Y12.89860
X26.47720 Y12.91130
X26.48990 Y12.91130
X26.48990 Y12.92400
X26.50260 Y12.92400
X26.50260 Y12.93670
X26.51530 Y12.93670
X26.51530 Y12.94940
X26.52800 Y12.94940
X26.52800 Y12.96210
X26.54070 Y12.96210
X26.54070 Y12.97480
X26.55340 Y12.97480
X26.55340 Y12.98750
X26.56610 Y12.98750
X26.56610 Y13.00020
X26.57880 Y13.00020
X26.57880 Y13.01290
X26.59150 Y13.01290
X26.59150 Y13.02560
X26.60420 Y13.02560
X26.60420 Y13.03830
X26.61690 Y13.03830
X26.61690 Y13.05100
X26.62960 Y13.05100
X26.62960 Y13.06370
X26.64230 Y13.06370
X26.64230 Y13.07640
X26.65500 Y13.07640
X26.65500 Y13.08910
X26.66770 Y13.08910
X26.66770 Y13.10180
X26.68040 Y13.10180
X26.68040 Y13.11450
X26.69310 Y13.11450
X26.69310 Y13.12720
X26.70580 Y13.12720
X26.70580 Y13.13990
X26.71850 Y13.13990
X26.71850 Y13.15260
X26.73120 Y13.15260
X26.73120 Y13.16530
X26.74390 Y13.16530
X26.74390 Y13.17800
X26.75660 Y13.17800
X26.75660 Y13.19070
X26.76930 Y13.19070
X26.76930 Y13.20340
X26.78200 Y13.20340
X26.78200 Y13.21610
X26.79470 Y13.21610
X26.79470 Y13.22880
X26.80740 Y13.22880
X26.80740 Y13.24150
X26.82010 Y13.24150
X26.82010 Y13.25420
X26.83280 Y13.25420
X26.83280 Y13.26690
X26.84550 Y13.26690
X26.84550 Y13.27960
X26.85820 Y13.27960
X26.85820 Y13.29230
X26.87090 Y13.29230
X26.87090 Y13.30500
X26.88360 Y13.30500
X26.88360 Y13.31770
X26.89630 Y13.31770
X26.89630 Y13.33040
X26.90900 Y13.33040
X26.90900 Y13.34310
X26.92170 Y13.34310
X26.92170 Y13.35580
X26.93440 Y13.35580
X26.93440 Y13.36850
X26.94710 Y13.36850
X26.94710 Y13.38120
X26.95980 Y13.38120
X26.95980 Y13.39390
X26.97250 Y13.39390
X26.97250 Y13.40660
X26.98520 Y13.40660
X26.98520 Y13.41930
X26.99790 Y13.41930
X26.99790 Y13.43200
X27.01060 Y13.43200
X27.01060 Y13.44470
X27.02330 Y13.44470
X27.02330 Y13.45740
X27.03600 Y13.45740
X27.03600 Y13.47010
X27.04870 Y13.47010
X27.04870 Y13.48280
X27.06140 Y13.48280
X27.06140 Y13.49550
X27.07410 Y13.49550
X27.07410 Y13.50820
X27.08680 Y13.50820
X27.08680 Y13.52090
X27.09950 Y13.52090
X27.09950 Y13.53360
X27.11220 Y13.53360
X27.11220 Y13.54630
X27.12490 Y13.54630
X27.12490 Y13.55900
X27.13760 Y13.55900
X27.13760 Y13.57170
X27.15030 Y13.57170
X27.15030 Y13.58440
X27.16300 Y13.58440
X27.16300 Y13.59710
X27.17570 Y13.59710
X27.17570 Y13.60980
X27.18840 Y13.60980
X27.18840 Y13.62250
X27.20110 Y13.62250
X27.20110 Y13.63520
X27.21380 Y13.63520
X27.21380 Y13.64790
X27.22650 Y13.64790
X27.22650 Y13.66060
X27.23920 Y13.66060
X27.23920 Y13.67330
X27.25190 Y13.67330
X27.25190 Y13.68600
X27.26460 Y13.68600
X27.26460 Y13.69870
X27.27730 Y13.69870
X27.27730 Y13.71140
X27.29000 Y13.71140
X27.29000 Y13.72410
X27.30270 Y13.72410
X27.30270 Y13.73680
X27.31540 Y13.73680
X27.31540 Y13.74950
X27.32810 Y13.74950
X27.32810 Y13.76220
X27.34080 Y13.76220
X27.34080 Y13.77490
X27.35350 Y13.77490
X27.35350 Y13.78760
X27.36620 Y13.78760
X27.36620 Y13.80030
X27.37890 Y13.80030
X27.37890 Y13.81300
X27.39160 Y13.81300
X27.39160 Y13.82570
X27.40430 Y13.82570
X27.40430 Y13.83840
X27.41700 Y13.83840
X27.41700 Y13.85110
X27.42970 Y13.85110
X27.42970 Y13.86380
X27.44240 Y13.86380
X27.44240 Y13.87650
X27.45510 Y13.87650
X27.45510 Y13.88920
X27.46780 Y13.88920
X27.46780 Y13.90190
X27.48050 Y13.90190
X27.48050 Y13.91460
X27.49320 Y13.91460
X27.49320 Y13.92730
X27.50590 Y13.92730
X27.50590 Y13.94000
X27.51860 Y13.94000
X27.51860 Y13.95270
X27.53130 Y13.95270
X27.53130 Y13.96540
X27.54400 Y13.96540
X27.54400 Y13.97810
X27.55670 Y13.97810
X27.55670 Y13.99080
X27.56940 Y13.99080
X27.56940 Y14.00350
X27.58210 Y14.00350
X27.58210 Y14.01620
X27.59480 Y14.01620
X27.59480 Y14.02890
X27.60750 Y14.02890
X27.60750 Y14.04160
X27.62020 Y14.04160
X27.62020 Y14.05430
X27.63290 Y14.05430
X27.63290 Y14.06700
X27.64560 Y14.06700
X27.64560 Y14.07970
X27.65830 Y14.07970
X27.65830 Y14.09240
X27.67100 Y14.09240
X27.67100 Y14.10510
X27.68370 Y14.10510
X27.68370 Y14.11780
X27.69640 Y14.11780
X27.69640 Y14.13050
X27.70910 Y14.13050
X27.70910 Y14.14320
X27.72180 Y14.14320
X27.72180 Y14.15590
X27.73450 Y14.15590
X27.73450 Y14.16860
X27.74720 Y14.16860
X27.74720 Y14.18130
X27.75990 Y14.18130
X27.75990 Y14.19400
X27.77260 Y14.19400
X27.77260 Y14.20670
X27.78530 Y14.20670
X27.78530 Y14.21940
X27.79800 Y14.21940
X27.79800 Y14.23210
X27.81070 Y14.23210
X27.81070 Y14.24480
X27.82340 Y14.24480
X27.82340 Y14.25750
X27.83610 Y14.25750
X27.83610 Y14.27020
X27.84880 Y14.27020
X27.84880 Y14.28290
X27.86150 Y14.28290
X27.86150 Y14.29560
X27.87420 Y14.29560
X27.87420 Y14.30830
X27.88690 Y14.30830
X27.88690 Y14.32100
X27.89960 Y14.32100
X27.89960 Y14.33370
X27.91230 Y14.33370
X27.91230 Y14.34640
X27.92500 Y14.34640
X27.92500 Y14.35910
X27.93770 Y14.35910
X27.93770 Y14.37180
X27.95040 Y14.37180
X27.95040 Y14.38450
X27.96310 Y14.38450
X27.96310 Y14.39720
X27.97580 Y14.39720
X27.97580 Y14.40990
X27.98850 Y14.40990
X27.98850 Y14.42260
X28.00120 Y14.42260
X28.00120 Y14.43530
X28.01390 Y14.43530
X28.01390 Y14.44800
X28.02660 Y14.44800
X28.02660 Y14.46070
X28.03930 Y14.46070
X28.03930 Y14.47340
X28.05200 Y14.47340
X28.05200 Y14.48610
X28.06470 Y14.48610
X28.06470 Y14.49880
X28.07740 Y14.49880
X28.07740 Y14.51150
X28.09010 Y14.51150
X28.09010 Y14.52420
X28.10280 Y14.52420
X28.10280 Y14.53690
X28.11550 Y14.53690
X28.11550 Y14.54960
X28.12820 Y14.54960
X28.12820 Y14.56230
X28.14090 Y14.56230
X28.14090 Y14.57500
X28.15360 Y14.57500
X28.15360 Y14.58770
X28.16630 Y14.58770
X28.16630 Y14.60040
X28.17900 Y14.60040
X28.17900 Y14.61310
X28.19170 Y14.61310
X28.19170 Y14.62580
X28.20440 Y14.62580
X28.20440 Y14.63850
X28.21710 Y14.63850
X28.21710 Y14.65120
X28.22980 Y14.65120
X28.22980 Y14.66390
X28.24250 Y14.66390
X28.24250 Y14.67660
X28.25520 Y14.67660
X28.25520 Y14.68930
X28.26790 Y14.68930
X28.26790 Y14.70200
X28.28060 Y14.70200
X28.28060 Y14.71470
X28.29330 Y14.71470
X28.29330 Y14.72740
X28.30600 Y14.72740
X28.30600 Y14.74010
X28.31870 Y14.74010
X28.31870 Y14.75280
X28.33140 Y14.75280
X28.33140 Y14.76550
X28.34410 Y14.76550
X28.34410 Y14.77820
X28.35680 Y14.77820
X28.35680 Y14.79090
X28.36950 Y14.79090
X28.36950 Y14.80360
X28.38220 Y14.80360
X28.38220 Y14.81630
X28.39490 Y14.81630
X28.39490 Y14.82900
X28.40760 Y14.82900
X28.40760 Y14.84170
X28.42030 Y14.84170
X28.42030 Y14.85440
X28.43300 Y14.85440
X28.43300 Y14.86710
X28.44570 Y14.86710
X28.44570 Y14.87980
X28.45840 Y14.87980
X28.45840 Y14.89250
X28.47110 Y14.89250
X28.47110 Y14.90520
X28.48380 Y14.90520
X28.48380 Y14.91790
X28.49650 Y14.91790
X28.49650 Y14.93060
X28.50920 Y14.93060
X28.50920 Y14.94330
X28.52190 Y14.94330
X28.52190 Y14.95600
X28.53460 Y14.95600
X28.53460 Y14.96870
X28.54730 Y14.96870
X28.54730 Y14.98140
X28.56000 Y14.98140
X28.56000 Y14.99410
X28.57270 Y14.99410
X28.57270 Y15.00680
X28.58540 Y15.00680
X28.58540 Y15.01950
X28.59810 Y15.01950
X28.59810 Y15.03220
X28.61080 Y15.03220
X28.61080 Y15.04490
X28.62350 Y15.04490
X28.62350 Y15.05760
X28.63620 Y15.05760
X28.63620 Y15.07030
X28.64890 Y15.07030
X28.64890 Y15.08300
X28.66160 Y15.08300
X28.66160 Y15.09570
X28.67430 Y15.09570
X28.67430 Y15.10840
X28.68700 Y15.10840
X28.68700 Y15.12110
X28.69970 Y15.12110
X28.69970 Y15.13380
X28.71240 Y15.13380
X28.71240 Y15.14650
X28.72510 Y15.14650
X28.72510 Y15.15920
X28.73780 Y15.15920
X28.73780 Y15.17190
X28.75050 Y15.17190
X28.75050 Y15.18460
X28.76320 Y15.18460
X28.76320 Y15.19730
X28.77590 Y15.19730
X28.77590 Y15.21000
X28.78860 Y15.21000
X28.78860 Y15.22270
X28.80130 Y15.22270
X28.80130 Y15.23540
X28.81400 Y15.23540
X28.81400 Y15.24810
X28.82670 Y15.24810
X28.82670 Y15.26080
X28.83940 Y15.26080
X28.83940 Y15.27350
X28.85210 Y15.27350
X28.85210 Y15.28620
X28.86480 Y15.28620
X28.86480 Y15.29890
X28.87750 Y15.29890
X28.87750 Y15.31160
X28.89020 Y15.31160
X28.89020 Y15.32430
X28.90290 Y15.32430
X28.90290 Y15.33700
X28.91560 Y15.33700
X28.91560 Y15.34970
X28.92830 Y15.34970
X28.92830 Y15.36240
X28.94100 Y15.36240
X28.94100 Y15.37510
X28.95370 Y15.37510
X28.95370 Y15.38780
X28.96640 Y15.38780
X28.96640 Y15.40050
X28.97910 Y15.40050
X28.97910 Y15.41320
X28.99180 Y15.41320
X28.99180 Y15.42590
X29.00450 Y15.42590
X29.00450 Y15.43860
X29.01720 Y15.43860
X29.01720 Y15.45130
X29.02990 Y15.45130
X29.02990 Y15.46400
X44.32070 Y15.46400
X44.32070 Y15.47670
X44.34610 Y15.47670
X44.34610 Y15.48940
X44.37150 Y15.48940
X44.37150 Y15.50210
X44.38420 Y15.50210
X44.38420 Y15.51480
X44.39690 Y15.51480
X44.39690 Y15.52750
X44.40960 Y15.52750
X44.40960 Y15.54020
X44.42230 Y15.54020
X44.42230 Y15.55290
X44.43500 Y15.55290
X44.43500 Y15.56560
X44.44770 Y15.56560
X44.44770 Y15.57830
X44.46040 Y15.57830
X44.46040 Y15.59100
X44.47310 Y15.59100
X44.47310 Y15.60370
X44.48580 Y15.60370
X44.48580 Y15.61640
X44.49850 Y15.61640
X44.49850 Y15.62910
X44.51120 Y15.62910
X44.51120 Y15.64180
X44.52390 Y15.64180
X44.52390 Y15.65450
X44.53660 Y15.65450
X44.53660 Y15.66720
X44.54930 Y15.66720
X44.54930 Y15.67990
X44.56200 Y15.67990
X44.56200 Y15.69260
X44.57470 Y15.69260
X44.57470 Y15.70530
X44.58740 Y15.70530
X44.58740 Y15.71800
X44.60010 Y15.71800
X44.60010 Y15.73070
X44.61280 Y15.73070
X44.61280 Y15.74340
X44.62550 Y15.74340
X44.62550 Y15.75610
X44.63820 Y15.75610
X44.63820 Y15.76880
X44.65090 Y15.76880
X44.65090 Y15.78150
X44.66360 Y15.78150
X44.66360 Y15.79420
X44.67630 Y15.79420
X44.67630 Y15.80690
X44.68900 Y15.80690
X44.68900 Y15.81960
X44.70170 Y15.81960
X44.70170 Y15.83230
X44.71440 Y15.83230
X44.71440 Y15.84500
X44.72710 Y15.84500
X44.72710 Y15.85770
X44.73980 Y15.85770
X44.73980 Y15.87040
X44.75250 Y15.87040
X44.75250 Y15.88310
X44.76520 Y15.88310
X44.76520 Y15.89580
X44.77790 Y15.89580
X44.77790 Y15.90850
X44.79060 Y15.90850
X44.79060 Y15.92120
X44.80330 Y15.92120
X44.80330 Y15.93390
X44.81600 Y15.93390
X44.81600 Y15.94660
X44.82870 Y15.94660
X44.82870 Y15.95930
X44.84140 Y15.95930
X44.84140 Y15.97200
X44.85410 Y15.97200
X44.85410 Y15.98470
X44.86680 Y15.98470
X44.86680 Y15.99740
X44.87950 Y15.99740
X44.87950 Y16.01010
X44.89220 Y16.01010
X44.89220 Y16.02280
X44.90490 Y16.02280
X44.90490 Y16.03550
X44.91760 Y16.03550
X44.91760 Y16.04820
X44.93030 Y16.04820
X44.93030 Y16.06090
X44.94300 Y16.06090
X44.94300 Y16.07360
X44.95570 Y16.07360
X44.95570 Y16.08630
X44.96840 Y16.08630
X44.96840 Y16.09900
X44.98110 Y16.09900
X44.98110 Y16.11170
X44.99380 Y16.11170
X44.99380 Y16.12440
X45.00650 Y16.12440
X45.00650 Y16.13710
X45.01920 Y16.13710
X45.01920 Y16.14980
X45.03190 Y16.14980
X45.03190 Y16.16250
X45.04460 Y16.16250
X45.04460 Y16.17520
X45.05730 Y16.17520
X45.05730 Y16.18790
X45.07000 Y16.18790
X45.07000 Y16.20060
X45.08270 Y16.20060
X45.08270 Y16.21330
X45.09540 Y16.21330
X45.09540 Y16.22600
X45.10810 Y16.22600
X45.10810 Y16.23870
X45.12080 Y16.23870
X45.12080 Y16.25140
X45.13350 Y16.25140
X45.13350 Y16.26410
X45.14620 Y16.26410
X45.14620 Y16.27680
X45.15890 Y16.27680
X45.15890 Y16.28950
X45.17160 Y16.28950
X45.17160 Y16.30220
X45.18430 Y16.30220
X45.18430 Y16.31490
X45.19700 Y16.31490
X45.19700 Y16.32760
X45.20970 Y16.32760
X45.20970 Y16.34030
X45.22240 Y16.34030
X45.22240 Y16.35300
X45.23510 Y16.35300
X45.23510 Y16.36570
X45.24780 Y16.36570
X45.24780 Y16.37840
X45.26050 Y16.37840
X45.26050 Y16.39110
X45.27320 Y16.39110
X45.27320 Y16.40380
X45.28590 Y16.40380
X45.28590 Y16.41650
X45.29860 Y16.41650
X45.29860 Y16.42920
X45.31130 Y16.42920
X45.31130 Y16.44190
X45.32400 Y16.44190
X45.32400 Y16.45460
X45.33670 Y16.45460
X45.33670 Y16.46730
X45.34940 Y16.46730
X45.34940 Y16.48000
X45.36210 Y16.48000
X45.36210 Y16.49270
X45.37480 Y16.49270
X45.37480 Y16.50540
X45.38750 Y16.50540
X45.38750 Y16.51810
X45.40020 Y16.51810
X45.40020 Y16.53080
X45.41290 Y16.53080
X45.41290 Y16.54350
X45.42560 Y16.54350
X45.42560 Y16.55620
X45.43830 Y16.55620
X45.43830 Y16.56890
X45.45100 Y16.56890
X45.45100 Y16.58160
X45.46370 Y16.58160
X45.46370 Y16.59430
X45.47640 Y16.59430
X45.47640 Y16.60700
X45.48910 Y16.60700
X45.48910 Y16.61970
X45.50180 Y16.61970
X45.50180 Y16.63240
X45.51450 Y16.63240
X45.51450 Y16.64510
X45.52720 Y16.64510
X45.52720 Y16.65780
X45.53990 Y16.65780
X45.53990 Y16.67050
X45.55260 Y16.67050
X45.55260 Y16.68320
X45.56530 Y16.68320
X45.56530 Y16.69590
X45.57800 Y16.69590
X45.57800 Y16.70860
X45.59070 Y16.70860
X45.59070 Y16.72130
X45.60340 Y16.72130
X45.60340 Y16.73400
X45.61610 Y16.73400
X45.61610 Y16.74670
X45.62880 Y16.74670
X45.62880 Y16.75940
X45.64150 Y16.75940
X45.64150 Y16.78480
X45.65420 Y16.78480
X45.65420 Y16.81020
X45.66690 Y16.81020
X45.66690 Y29.11650
X45.67960 Y29.11650
X45.67960 Y29.10380
X45.71770 Y29.10380
X45.71770 Y29.09110
X45.80660 Y29.09110
X45.80660 Y29.07840
X46.14950 Y29.07840
X46.14950 Y29.09110
X46.23840 Y29.09110
X46.23840 Y29.10380
X46.27650 Y29.10380
X46.27650 Y29.11650
X46.32730 Y29.11650
X46.32730 Y29.12920
X46.36540 Y29.12920
X46.36540 Y29.14190
X46.39080 Y29.14190
X46.39080 Y29.15460
X46.41620 Y29.15460
X46.41620 Y29.16730
X46.42890 Y29.16730
X46.42890 Y29.18000
X46.45430 Y29.18000
X46.45430 Y29.19270
X46.47970 Y29.19270
X46.47970 Y29.20540
X46.50510 Y29.20540
X46.50510 Y29.21810
X46.51780 Y29.21810
X46.51780 Y29.23080
X46.53050 Y29.23080
X46.53050 Y29.24350
X46.54320 Y29.24350
X46.54320 Y29.25620
X46.55590 Y29.25620
X46.55590 Y29.26890
X46.58130 Y29.26890
X46.58130 Y29.28160
X46.59400 Y29.28160
X46.59400 Y29.29430
X46.60670 Y29.29430
X46.60670 Y29.30700
X46.61940 Y29.30700
X46.61940 Y29.31970
X46.63210 Y29.31970
X46.63210 Y29.34510
X46.64480 Y29.34510
X46.64480 Y29.35780
X46.65750 Y29.35780
X46.65750 Y29.37050
X46.67020 Y29.37050
X46.67020 Y29.38320
X46.68290 Y29.38320
X46.68290 Y29.39590
X46.69560 Y29.39590
X46.69560 Y29.42130
X46.70830 Y29.42130
X46.70830 Y29.44670
X46.72100 Y29.44670
X46.72100 Y29.47210
X46.73370 Y29.47210
X46.73370 Y29.48480
X46.74640 Y29.48480
X46.74640 Y29.51020
X46.75910 Y29.51020
X46.75910 Y29.53560
X46.77180 Y29.53560
X46.77180 Y29.57370
X46.78450 Y29.57370
X46.78450 Y29.62450
X46.79720 Y29.62450
X46.79720 Y29.66260
X46.80990 Y29.66260
X46.80990 Y29.75150
X46.82260 Y29.75150
X46.82260 Y30.09440
X46.80990 Y30.09440
X46.80990 Y30.18330
X46.79720 Y30.18330
X46.79720 Y30.22140
X46.78450 Y30.22140
X46.78450 Y30.27220
X46.77180 Y30.27220
X46.77180 Y30.31030
X46.75910 Y30.31030
X46.75910 Y30.33570
X46.74640 Y30.33570
X46.74640 Y30.36110
X46.73370 Y30.36110
X46.73370 Y30.37380
X46.72100 Y30.37380
X46.72100 Y30.39920
X46.70830 Y30.39920
X46.70830 Y30.42460
X46.69560 Y30.42460
X46.69560 Y30.45000
X46.68290 Y30.45000
X46.68290 Y30.46270
X46.67020 Y30.46270
X46.67020 Y30.47540
X46.65750 Y30.47540
X46.65750 Y30.48810
X46.64480 Y30.48810
X46.64480 Y30.50080
X46.63210 Y30.50080
X46.63210 Y30.52620
X46.61940 Y30.52620
X46.61940 Y30.53890
X46.60670 Y30.53890
X46.60670 Y30.55160
X46.59400 Y30.55160
X46.59400 Y30.56430
X46.58130 Y30.56430
X46.58130 Y30.57700
X46.55590 Y30.57700
X46.55590 Y30.58970
X46.54320 Y30.58970
X46.54320 Y30.60240
X46.53050 Y30.60240
X46.53050 Y30.61510
X46.51780 Y30.61510
X46.51780 Y30.62780
X46.50510 Y30.62780
X46.50510 Y30.64050
X46.47970 Y30.64050
X46.47970 Y30.65320
X46.45430 Y30.65320
X46.45430 Y30.66590
X46.42890 Y30.66590
X46.42890 Y30.67860
X46.41620 Y30.67860
X46.41620 Y30.69130
X46.39080 Y30.69130
X46.39080 Y30.70400
X46.36540 Y30.70400
X46.36540 Y30.71670
X46.31460 Y30.71670
X46.31460 Y30.72940
X46.27650 Y30.72940
X46.27650 Y30.74210
X46.23840 Y30.74210
X46.23840 Y30.75480
X46.13680 Y30.75480
X46.13680 Y30.76750
X45.81930 Y30.76750
X45.81930 Y30.75480
X45.71770 Y30.75480
X45.71770 Y30.74210
X45.67960 Y30.74210
X45.67960 Y30.72940
X45.64150 Y30.72940
X45.64150 Y30.71670
X45.59070 Y30.71670
X45.59070 Y30.70400
X45.56530 Y30.70400
X45.56530 Y30.69130
X45.53990 Y30.69130
X45.53990 Y30.67860
X45.52720 Y30.67860
X45.52720 Y30.66590
G04 P0 ( dwell for no time -- G64 should not smooth over this point )
G00 Z5.00000 ( retract )

G00 X51.58510 Y15.60370 ( rapid move to begin. )
F300.00000
G01 Z-0.05000
G04 P0 ( dwell for no time -- G64 should not smooth over this point )
F600.00000
X51.58510 Y15.60370
X51.55970 Y15.60370
X51.55970 Y15.59100
X51.53430 Y15.59100
X51.53430 Y15.57830
X51.50890 Y15.57830
X51.50890 Y15.56560
X51.49620 Y15.56560
X51.49620 Y15.55290
X51.48350 Y15.55290
X51.48350 Y15.54020
X51.47080 Y15.54020
X51.47080 Y15.52750
X51.45810 Y15.52750
X51.45810 Y15.51480
X51.43270 Y15.51480
X51.43270 Y15.50210
X51.42000 Y15.50210
X51.42000 Y15.48940
X51.40730 Y15.48940
X51.40730 Y15.47670
X51.39460 Y15.47670
X51.39460 Y15.46400
X51.38190 Y15.46400
X51.38190 Y15.43860
X51.36920 Y15.43860
X51.36920 Y15.42590
X51.35650 Y15.42590
X51.35650 Y15.41320
X51.34380 Y15.41320
X51.34380 Y15.40050
X51.33110 Y15.40050
X51.33110 Y15.38780
X51.31840 Y15.38780
X51.31840 Y15.36240
X51.30570 Y15.36240
X51.30570 Y15.33700
X51.29300 Y15.33700
X51.29300 Y15.31160
X51.28030 Y15.31160
X51.28030 Y15.29890
X51.26760 Y15.29890
X51.26760 Y15.27350
X51.25490 Y15.27350
X51.25490 Y15.24810
X51.24220 Y15.24810
X51.24220 Y15.19730
X51.22950 Y15.19730
X51.22950 Y15.15920
X51.21680 Y15.15920
X51.21680 Y15.12110
X51.20410 Y15.12110
X51.20410 Y15.10840
X49.87060 Y15.10840
X49.87060 Y15.12110
X49.85790 Y15.12110
X49.85790 Y15.15920
X49.84520 Y15.15920
X49.84520 Y15.21000
X49.83250 Y15.21000
X49.83250 Y15.24810
X49.81980 Y15.24810
X49.81980 Y15.27350
X49.80710 Y15.27350
X49.80710 Y15.29890
X49.79440 Y15.29890
X49.79440 Y15.31160
X49.78170 Y15.31160
X49.78170 Y15.33700
X49.76900 Y15.33700
X49.76900 Y15.36240
X49.75630 Y15.36240
X49.75630 Y15.38780
X49.74360 Y15.38780
X49.74360 Y15.40050
X49.73090 Y15.40050
X49.73090 Y15.41320
X49.71820 Y15.41320
X49.71820 Y15.42590
X49.70550 Y15.42590
X49.70550 Y15.43860
X49.69280 Y15.43860
X49.69280 Y15.46400
X49.68010 Y15.46400
X49.68010 Y15.47670
X49.66740 Y15.47670
X49.66740 Y15.48940
X49.65470 Y15.48940
X49.65470 Y15.50210
X49.64200 Y15.50210
X49.64200 Y15.51480
X49.61660 Y15.51480
X49.61660 Y15.52750
X49.60390 Y15.52750
X49.60390 Y15.54020
X49.59120 Y15.54020
X49.59120 Y15.55290
X49.57850 Y15.55290
X49.57850 Y15.56560
X49.56580 Y15.56560
X49.56580 Y15.57830
X49.54040 Y15.57830
X49.54040 Y15.59100
X49.51500 Y15.59100
X49.51500 Y15.60370
X49.48960 Y15.60370
X49.48960 Y15.61640
X49.47690 Y15.61640
X49.47690 Y15.62910
X49.45150 Y15.62910
X49.45150 Y15.64180
X49.42610 Y15.64180
X49.42610 Y15.65450
X49.37530 Y15.65450
X49.37530 Y15.66720
X49.33720 Y15.66720
X49.33720 Y15.67990
X49.29910 Y15.67990
X49.29910 Y15.69260
X49.19750 Y15.69260
X49.19750 Y15.70530
X48.88000 Y15.70530
X48.88000 Y15.69260
X48.77840 Y15.69260
X48.77840 Y15.67990
X48.74030 Y15.67990
X48.74030 Y15.66720
X48.70220 Y15.66720
X48.70220 Y15.65450
X48.65140 Y15.65450
X48.65140 Y15.64180
X48.62600 Y15.64180
X48.62600 Y15.62910
X48.60060 Y15.62910
X48.60060 Y15.61640
X48.58790 Y15.61640
X48.58790 Y15.60370
X48.56250 Y15.60370
X48.56250 Y15.59100
X48.53710 Y15.59100
X48.53710 Y15.57830
X48.51170 Y15.57830
X48.51170 Y15.56560
X48.49900 Y15.56560
X48.49900 Y15.55290
X48.48630 Y15.55290
X48.48630 Y15.54020
X48.47360 Y15.54020
X48.47360 Y15.52750
X48.46090 Y15.52750
X48.46090 Y15.51480
X48.43550 Y15.51480
X48.43550 Y15.50210
X48.42280 Y15.50210
X48.42280 Y15.48940
X48.41010 Y15.48940
X48.41010 Y15.47670
X48.39740 Y15.47670
X48.39740 Y15.46400
X48.38470 Y15.46400
X48.38470 Y15.43860
X48.37200 Y15.43860
X48.37200 Y15.42590
X48.35930 Y15.42590
X48.35930 Y15.41320
X48.34660 Y15.41320
X48.34660 Y15.40050
X48.33390 Y15.40050
X48.33390 Y15.38780
X48.32120 Y15.38780
X48.32120 Y15.36240
X48.30850 Y15.36240
X48.30850 Y15.33700
X48.29580 Y15.33700
X48.29580 Y15.31160
X48.28310 Y15.31160
X48.28310 Y15.29890
X48.27040 Y15.29890
X48.27040 Y15.27350
X48.25770 Y15.27350
X48.25770 Y15.24810
X48.24500 Y15.24810
X48.24500 Y15.19730
X48.23230 Y15.19730
X48.23230 Y15.15920
X48.21960 Y15.15920
X48.21960 Y15.12110
X48.20690 Y15.12110
X48.20690 Y15.01950
X48.19420 Y15.01950
X48.19420 Y14.70200
X48.20690 Y14.70200
X48.20690 Y14.60040
X48.21960 Y14.60040
X48.21960 Y14.56230
X48.23230 Y14.56230
X48.23230 Y14.52420
X48.24500 Y14.52420
X48.24500 Y14.47340
X48.25770 Y14.47340
X48.25770 Y14.44800
X48.27040 Y14.44800
X48.27040 Y14.42260
X48.28310 Y14.42260
X48.28310 Y14.40990
X48.29580 Y14.40990
X48.29580 Y14.38450
X48.30850 Y14.38450
X48.30850 Y14.35910
X48.32120 Y14.35910
X48.32120 Y14.33370
X48.33390 Y14.33370
X48.33390 Y14.32100
X48.34660 Y14.32100
X48.34660 Y14.30830
X48.35930 Y14.30830
X48.35930 Y14.29560
X48.37200 Y14.29560
X48.37200 Y14.28290
X48.38470 Y14.28290
X48.38470 Y14.25750
X48.39740 Y14.25750
X48.39740 Y14.24480
X48.41010 Y14.24480
X48.41010 Y14.23210
X48.42280 Y14.23210
X48.42280 Y14.21940
X48.43550 Y14.21940
X48.43550 Y14.20670
X48.46090 Y14.20670
X48.46090 Y14.19400
X48.47360 Y14.19400
X48.47360 Y14.18130
X48.48630 Y14.18130
X48.48630 Y14.16860
X48.49900 Y14.16860
X48.49900 Y14.15590
X48.51170 Y14.15590
X48.51170 Y14.14320
X48.53710 Y14.14320
X48.53710 Y14.13050
X48.56250 Y14.13050
X48.56250 Y14.11780
X48.58790 Y14.11780
X48.58790 Y14.10510
X48.60060 Y14.10510
X48.60060 Y14.09240
X48.62600 Y14.09240
X48.62600 Y14.07970
X48.65140 Y14.07970
X48.65140 Y14.06700
X48.70220 Y14.06700
X48.70220 Y14.05430
X48.74030 Y14.05430
X48.74030 Y14.04160
X48.77840 Y14.04160
X48.77840 Y14.02890
X48.86730 Y14.02890
X48.86730 Y14.01620
X49.21020 Y14.01620
X49.21020 Y14.02890
X49.29910 Y14.02890
X49.29910 Y14.04160
X49.33720 Y14.04160
X49.33720 Y14.05430
X49.38800 Y14.05430
X49.38800 Y14.06700
X49.42610 Y14.06700
X49.42610 Y14.07970
X49.45150 Y14.07970
X49.45150 Y14.09240
X49.47690 Y14.09240
X49.47690 Y14.10510
X49.48960 Y14.10510
X49.48960 Y14.11780
X49.51500 Y14.11780
X49.51500 Y14.13050
X49.54040 Y14.13050
X49.54040 Y14.14320
X49.56580 Y14.14320
X49.56580 Y14.15590
X49.57850 Y14.15590
X49.57850 Y14.16860
X49.59120 Y14.16860
X49.59120 Y14.18130
X49.60390 Y14.18130
X49.60390 Y14.19400
X49.61660 Y14.19400
X49.61660 Y14.20670
X49.64200 Y14.20670
X49.64200 Y14.21940
X49.65470 Y14.21940
X49.65470 Y14.23210
X49.66740 Y14.23210
X49.66740 Y14.24480
X49.68010 Y14.24480
X49.68010 Y14.25750
X49.69280 Y14.25750
X49.69280 Y14.28290
X49.70550 Y14.28290
X49.70550 Y14.29560
X49.71820 Y14.29560
X49.71820 Y14.30830
X49.73090 Y14.30830
X49.73090 Y14.32100
X49.74360 Y14.32100
X49.74360 Y14.33370
X49.75630 Y14.33370
X49.75630 Y14.35910
X49.76900 Y14.35910
X49.76900 Y14.38450
X49.78170 Y14.38450
X49.78170 Y14.40990
X49.79440 Y14.40990
X49.79440 Y14.42260
X49.80710 Y14.42260
X49.80710 Y14.44800
X49.81980 Y14.44800
X49.81980 Y14.47340
X49.83250 Y14.47340
X49.83250 Y14.51150
X49.84520 Y14.51150
X49.84520 Y14.56230
X49.85790 Y14.56230
X49.85790 Y14.60040
X49.87060 Y14.60040
X49.87060 Y14.61310
X51.20410 Y14.61310
X51.20410 Y14.60040
X51.21680 Y14.60040
X51.21680 Y14.56230
X51.22950 Y14.56230
X51.22950 Y14.52420
X51.24220 Y14.52420
X51.24220 Y14.47340
X51.25490 Y14.47340
X51.25490 Y14.44800
X51.26760 Y14.44800
X51.26760 Y14.42260
X51.28030 Y14.42260
X51.28030 Y14.40990
X51.29300 Y14.40990
X51.29300 Y14.38450
X51.30570 Y14.38450
X51.30570 Y14.35910
X51.31840 Y14.35910
X51.31840 Y14.33370
X51.33110 Y14.33370
X51.33110 Y14.32100
X51.34380 Y14.32100
X51.34380 Y14.30830
X51.35650 Y14.30830
X51.35650 Y14.29560
X51.36920 Y14.29560
X51.36920 Y14.28290
X51.38190 Y14.28290
X51.38190 Y14.25750
X51.39460 Y14.25750
X51.39460 Y14.24480
X51.40730 Y14.24480
X51.40730 Y14.23210
X51.42000 Y14.23210
X51.42000 Y14.21940
X51.43270 Y14.21940
X51.43270 Y14.20670
X51.45810 Y14.20670
X51.45810 Y14.19400
X51.47080 Y14.19400
X51.47080 Y14.18130
X51.48350 Y14.18130
X51.48350 Y14.16860
X51.49620 Y14.16860
X51.49620 Y14.15590
X51.50890 Y14.15590
X51.50890 Y14.14320
X51.53430 Y14.14320
X51.53430 Y14.13050
X51.55970 Y14.13050
X51.55970 Y14.11780
X51.58510 Y14.11780
X51.58510 Y14.10510
X51.59780 Y14.10510
X51.59780 Y14.09240
X51.62320 Y14.09240
X51.62320 Y14.07970
X51.64860 Y14.07970
X51.64860 Y14.06700
X51.69940 Y14.06700
X51.69940 Y14.05430
X51.73750 Y14.05430
X51.73750 Y14.04160
X51.77560 Y14.04160
X51.77560 Y14.02890
X51.86450 Y14.02890
X51.86450 Y14.01620
X52.20740 Y14.01620
X52.20740 Y14.02890
X52.29630 Y14.02890
X52.29630 Y14.04160
X52.33440 Y14.04160
X52.33440 Y14.05430
X52.38520 Y14.05430
X52.38520 Y14.06700
X52.42330 Y14.06700
X52.42330 Y14.07970
X52.44870 Y14.07970
X52.44870 Y14.09240
X52.47410 Y14.09240
X52.47410 Y14.10510
X52.48680 Y14.10510
X52.48680 Y14.11780
X52.51220 Y14.11780
X52.51220 Y14.13050
X52.53760 Y14.13050
X52.53760 Y14.14320
X52.56300 Y14.14320
X52.56300 Y14.15590
X52.57570 Y14.15590
X52.57570 Y14.16860
X52.58840 Y14.16860
X52.58840 Y14.18130
X52.60110 Y14.18130
X52.60110 Y14.19400
X52.61380 Y14.19400
X52.61380 Y14.20670
X52.63920 Y14.20670
X52.63920 Y14.21940
X52.65190 Y14.21940
X52.65190 Y14.23210
X52.66460 Y14.23210
X52.66460 Y14.24480
X52.67730 Y14.24480
X52.67730 Y14.25750
X52.69000 Y14.25750
X52.69000 Y14.28290
X52.70270 Y14.28290
X52.70270 Y14.29560
X52.71540 Y14.29560
X52.71540 Y14.30830
X52.72810 Y14.30830
X52.72810 Y14.32100
X52.74080 Y14.32100
X52.74080 Y14.33370
X52.75350 Y14.33370
X52.75350 Y14.35910
X52.76620 Y14.35910
X52.76620 Y14.38450
X52.77890 Y14.38450
X52.77890 Y14.40990
X52.79160 Y14.40990
X52.79160 Y14.42260
X52.80430 Y14.42260
X52.80430 Y14.44800
X52.81700 Y14.44800
X52.81700 Y14.47340
X52.82970 Y14.47340
X52.82970 Y14.51150
X52.84240 Y14.51150
X52.84240 Y14.56230
X52.85510 Y14.56230
X52.85510 Y14.60040
X52.86780 Y14.60040
X52.86780 Y14.68930
X52.88050 Y14.68930
X52.88050 Y15.03220
X52.86780 Y15.03220
X52.86780 Y15.12110
X52.85510 Y15.12110
X52.85510 Y15.15920
X52.84240 Y15.15920
X52.84240 Y15.21000
X52.82970 Y15.21000
X52.82970 Y15.24810
X52.81700 Y15.24810
X52.81700 Y15.27350
X52.80430 Y15.27350
X52.80430 Y15.29890
X52.79160 Y15.29890
X52.79160 Y15.31160
X52.77890 Y15.31160
X52.77890 Y15.33700
X52.76620 Y15.33700
X52.76620 Y15.36240
X52.75350 Y15.36240
X52.75350 Y15.38780
X52.74080 Y15.38780
X52.74080 Y15.40050
X52.72810 Y15.40050
X52.72810 Y15.41320
X52.71540 Y15.41320
X52.71540 Y15.42590
X52.70270 Y15.42590
X52.70270 Y15.43860
X52.69000 Y15.43860
X52.69000 Y15.46400
X52.67730 Y15.46400
X52.67730 Y15.47670
X52.66460 Y15.47670
X52.66460 Y15.48940
X52.65190 Y15.48940
X52.65190 Y15.50210
X52.63920 Y15.50210
X52.63920 Y15.51480
X52.61380 Y15.51480
X52.61380 Y15.52750
X52.60110 Y15.52750
X52.60110 Y15.54020
X52.58840 Y15.54020
X52.58840 Y15.55290
X52.57570 Y15.55290
X52.57570 Y15.56560
X52.56300 Y15.56560
X52.56300 Y15.57830
X52.53760 Y15.57830
X52.53760 Y15.59100
X52.51220 Y15.59100
X52.51220 Y15.60370
X52.48680 Y15.60370
X52.48680 Y15.61640
X52.47410 Y15.61640
X52.47410 Y15.62910
X52.44870 Y15.62910
X52.44870 Y15.64180
X52.42330 Y15.64180
X52.42330 Y15.65450
X52.37250 Y15.65450
X52.37250 Y15.66720
X52.33440 Y15.66720
X52.33440 Y15.67990
X52.29630 Y15.67990
X52.29630 Y15.69260
X52.19470 Y15.69260
X52.19470 Y15.70530
X51.87720 Y15.70530
X51.87720 Y15.69260
X51.77560 Y15.69260
X51.77560 Y15.67990
X51.73750 Y15.67990
X51.73750 Y15.66720
X51.69940 Y15.66720
X51.69940 Y15.65450
X51.64860 Y15.65450
X51.64860 Y15.64180
X51.62320 Y15.64180
X51.62320 Y15.62910
X51.59780 Y15.62910
X51.59780 Y15.61640
X51.58510 Y15.61640
X51.58510 Y15.60370
G04 P0 ( dwell for no time -- G64 should not smooth over this point )
G00 Z5.00000 ( retract )

G00 X55.97930 Y17.29280 ( rapid move to begin. )
F300.00000
G01 Z-0.05000
G04 P0 ( dwell for no time -- G64 should not smooth over this point )
F600.00000
X55.97930 Y17.29280
X55.95390 Y17.29280
X55.95390 Y17.28010
X55.92850 Y17.28010
X55.92850 Y17.26740
X55.90310 Y17.26740
X55.90310 Y17.25470
X55.89040 Y17.25470
X55.89040 Y17.24200
X55.86500 Y17.24200
X55.86500 Y17.22930
X55.85230 Y17.22930
X55.85230 Y17.21660
X55.83960 Y17.21660
X55.83960 Y17.20390
X55.82690 Y17.20390
X55.82690 Y17.19120
X55.81420 Y17.19120
X55.81420 Y17.17850
X55.78880 Y17.17850
X55.78880 Y17.16580
X55.77610 Y17.16580
X55.77610 Y17.15310
X55.76340 Y17.15310
X55.76340 Y17.14040
X55.75070 Y17.14040
X55.75070 Y17.12770
X55.73800 Y17.12770
X55.73800 Y17.11500
X55.72530 Y17.11500
X55.72530 Y17.08960
X55.71260 Y17.08960
X55.71260 Y17.07690
X55.69990 Y17.07690
X55.69990 Y17.06420
X55.68720 Y17.06420
X55.68720 Y17.05150
X55.67450 Y17.05150
X55.67450 Y17.03880
X55.66180 Y17.03880
X55.66180 Y17.01340
X55.64910 Y17.01340
X55.64910 Y17.00070
X55.63640 Y17.00070
X55.63640 Y16.97530
X55.62370 Y16.97530
X55.62370 Y16.94990
X55.61100 Y16.94990
X55.61100 Y16.92450
X55.59830 Y16.92450
X55.59830 Y16.89910
X55.58560 Y16.89910
X55.58560 Y16.87370
X55.57290 Y16.87370
X55.57290 Y16.83560
X55.56020 Y16.83560
X55.56020 Y16.79750
X55.54750 Y16.79750
X55.54750 Y16.75940
X55.53480 Y16.75940
X55.53480 Y16.72130
X55.52210 Y16.72130
X55.52210 Y16.59430
X55.50940 Y16.59430
X55.50940 Y16.30220
X55.52210 Y16.30220
X55.52210 Y16.17520
X55.53480 Y16.17520
X55.53480 Y16.13710
X55.54750 Y16.13710
X55.54750 Y16.09900
X55.56020 Y16.09900
X55.56020 Y16.06090
X55.57290 Y16.06090
X55.57290 Y16.02280
X55.58560 Y16.02280
X55.58560 Y15.99740
X55.59830 Y15.99740
X55.59830 Y15.97200
X55.61100 Y15.97200
X55.61100 Y15.94660
X55.62370 Y15.94660
X55.62370 Y15.92120
X55.63640 Y15.92120
X55.63640 Y15.89580
X55.64910 Y15.89580
X55.64910 Y15.88310
X55.66180 Y15.88310
X55.66180 Y15.85770
X55.67450 Y15.85770
X55.67450 Y15.84500
X55.68720 Y15.84500
X55.68720 Y15.83230
X55.69990 Y15.83230
X55.69990 Y15.81960
X55.71260 Y15.81960
X55.71260 Y15.80690
X55.72530 Y15.80690
X55.72530 Y15.78150
X55.73800 Y15.78150
X55.73800 Y15.76880
X55.75070 Y15.76880
X55.75070 Y15.75610
X55.76340 Y15.75610
X55.76340 Y15.74340
X55.77610 Y15.74340
X55.77610 Y15.73070
X55.78880 Y15.73070
X55.78880 Y15.71800
X55.81420 Y15.71800
X55.81420 Y15.70530
X55.82690 Y15.70530
X55.82690 Y15.69260
X55.83960 Y15.69260
X55.83960 Y15.67990
X55.85230 Y15.67990
X55.85230 Y15.66720
X55.86500 Y15.66720
X55.86500 Y15.65450
X55.89040 Y15.65450
X55.89040 Y15.64180
X55.90310 Y15.64180
X55.90310 Y15.62910
X55.92850 Y15.62910
X55.92850 Y15.61640
X55.95390 Y15.61640
X55.95390 Y15.60370
X55.97930 Y15.60370
X55.97930 Y15.59100
X56.00470 Y15.59100
X56.00470 Y15.57830
X56.03010 Y15.57830
X56.03010 Y15.56560
X56.06820 Y15.56560
X56.06820 Y15.55290
X56.10630 Y15.55290
X56.10630 Y15.54020
X56.14440 Y15.54020
X56.14440 Y15.52750
X56.18250 Y15.52750
X56.18250 Y15.51480
X56.30950 Y15.51480
X56.30950 Y15.50210
X56.60160 Y15.50210
X56.60160 Y15.51480
X56.72860 Y15.51480
X56.72860 Y15.52750
X56.76670 Y15.52750
X56.76670 Y15.54020
X56.80480 Y15.54020
X56.80480 Y15.55290
X56.84290 Y15.55290
X56.84290 Y15.56560
X56.88100 Y15.56560
X56.88100 Y15.57830
X56.90640 Y15.57830
X56.90640 Y15.59100
X56.93180 Y15.59100
X56.93180 Y15.60370
X56.95720 Y15.60370
X56.95720 Y15.61640
X56.98260 Y15.61640
X56.98260 Y15.62910
X57.00800 Y15.62910
X57.00800 Y15.64180
X57.02070 Y15.64180
X57.02070 Y15.65450
X57.04610 Y15.65450
X57.04610 Y15.66720
X57.05880 Y15.66720
X57.05880 Y15.67990
X57.07150 Y15.67990
X57.07150 Y15.69260
X57.08420 Y15.69260
X57.08420 Y15.70530
X57.09690 Y15.70530
X57.09690 Y15.71800
X57.12230 Y15.71800
X57.12230 Y15.73070
X57.13500 Y15.73070
X57.13500 Y15.74340
X57.14770 Y15.74340
X57.14770 Y15.75610
X57.16040 Y15.75610
X57.16040 Y15.76880
X57.17310 Y15.76880
X57.17310 Y15.78150
X57.18580 Y15.78150
X57.18580 Y15.80690
X57.19850 Y15.80690
X57.19850 Y15.81960
X57.21120 Y15.81960
X57.21120 Y15.83230
X57.22390 Y15.83230
X57.22390 Y15.84500
X57.23660 Y15.84500
X57.23660 Y15.85770
X57.24930 Y15.85770
X57.24930 Y15.88310
X57.26200 Y15.88310
X57.26200 Y15.89580
X57.27470 Y15.89580
X57.27470 Y15.92120
X57.28740 Y15.92120
X57.28740 Y15.94660
X57.30010 Y15.94660
X57.30010 Y15.97200
X57.31280 Y15.97200
X57.31280 Y15.99740
X57.32550 Y15.99740
X57.32550 Y16.02280
X57.33820 Y16.02280
X57.33820 Y16.06090
X57.35090 Y16.06090
X57.35090 Y16.09900
X57.36360 Y16.09900
X57.36360 Y16.13710
X57.37630 Y16.13710
X57.37630 Y16.17520
X57.38900 Y16.17520
X57.38900 Y16.30220
X57.40170 Y16.30220
X57.40170 Y16.59430
X57.38900 Y16.59430
X57.38900 Y16.72130
X57.37630 Y16.72130
X57.37630 Y16.75940
X57.36360 Y16.75940
X57.36360 Y16.79750
X57.35090 Y16.79750
X57.35090 Y16.83560
X57.33820 Y16.83560
X57.33820 Y16.87370
X57.32550 Y16.87370
X57.32550 Y16.89910
X57.31280 Y16.89910
X57.31280 Y16.92450
X57.30010 Y16.92450
X57.30010 Y16.94990
X57.28740 Y16.94990
X57.28740 Y16.97530
X57.27470 Y16.97530
X57.27470 Y17.00070
X57.26200 Y17.00070
X57.26200 Y17.01340
X57.24930 Y17.01340
X57.24930 Y17.03880
X57.23660 Y17.03880
X57.23660 Y17.05150
X57.22390 Y17.05150
X57.22390 Y17.06420
X57.21120 Y17.06420
X57.21120 Y17.07690
X57.19850 Y17.07690
X57.19850 Y17.08960
X57.18580 Y17.08960
X57.18580 Y17.11500
X57.17310 Y17.11500
X57.17310 Y17.12770
X57.16040 Y17.12770
X57.16040 Y17.14040
X57.14770 Y17.14040
X57.14770 Y17.15310
X57.13500 Y17.15310
X57.13500 Y17.16580
X57.12230 Y17.16580
X57.12230 Y17.17850
X57.09690 Y17.17850
X57.09690 Y17.19120
X57.08420 Y17.19120
X57.08420 Y17.20390
X57.07150 Y17.20390
X57.07150 Y17.21660
X57.05880 Y17.21660
X57.05880 Y17.22930
X57.04610 Y17.22930
X57.04610 Y17.24200
X57.02070 Y17.24200
X57.02070 Y17.25470
X57.00800 Y17.25470
X57.00800 Y17.26740
X56.98260 Y17.26740
X56.98260 Y17.28010
X56.95720 Y17.28010
X56.95720 Y17.29280
X56.93180 Y17.29280
X56.93180 Y17.30550
X56.90640 Y17.30550
X56.90640 Y17.31820
X56.88100 Y17.31820
X56.88100 Y17.33090
X56.84290 Y17.33090
X56.84290 Y17.34360
X56.80480 Y17.34360
X56.80480 Y17.35630
X56.76670 Y17.35630
X56.76670 Y17.36900
X56.72860 Y17.36900
X56.72860 Y17.38170
X56.60160 Y17.38170
X56.60160 Y17.39440
X56.30950 Y17.39440
X56.30950 Y17.38170
X56.18250 Y17.38170
X56.18250 Y17.36900
X56.14440 Y17.36900
X56.14440 Y17.35630
X56.10630 Y17.35630
X56.10630 Y17.34360
X56.06820 Y17.34360
X56.06820 Y17.33090
X56.03010 Y17.33090
X56.03010 Y17.31820
X56.00470 Y17.31820
X56.00470 Y17.30550
X55.97930 Y17.30550
X55.97930 Y17.29280
G04 P0 ( dwell for no time -- G64 should not smooth over this point )
G00 Z5.00000 ( retract )

G00 X58.04940 Y17.29280 ( rapid move to begin. )
F300.00000
G01 Z-0.05000
G04 P0 ( dwell for no time -- G64 should not smooth over this point )
F600.00000
X58.04940 Y17.29280
X58.04940 Y15.50210
X59.94170 Y15.50210
X59.94170 Y17.39440
X58.04940 Y17.39440
X58.04940 Y17.29280
G04 P0 ( dwell for no time -- G64 should not smooth over this point )
G00 Z5.00000 ( retract )

G00 X58.51930 Y19.83280 ( rapid move to begin. )
F300.00000
G01 Z-0.05000
G04 P0 ( dwell for no time -- G64 should not smooth over this point )
F600.00000
X58.51930 Y19.83280
X58.49390 Y19.83280
X58.49390 Y19.82010
X58.46850 Y19.82010
X58.46850 Y19.80740
X58.44310 Y19.80740
X58.44310 Y19.79470
X58.43040 Y19.79470
X58.43040 Y19.78200
X58.40500 Y19.78200
X58.40500 Y19.76930
X58.39230 Y19.76930
X58.39230 Y19.75660
X58.37960 Y19.75660
X58.37960 Y19.74390
X58.36690 Y19.74390
X58.36690 Y19.73120
X58.35420 Y19.73120
X58.35420 Y19.71850
X58.32880 Y19.71850
X58.32880 Y19.70580
X58.31610 Y19.70580
X58.31610 Y19.69310
X58.30340 Y19.69310
X58.30340 Y19.68040
X58.29070 Y19.68040
X58.29070 Y19.66770
X58.27800 Y19.66770
X58.27800 Y19.65500
X58.26530 Y19.65500
X58.26530 Y19.62960
X58.25260 Y19.62960
X58.25260 Y19.61690
X58.23990 Y19.61690
X58.23990 Y19.60420
X58.22720 Y19.60420
X58.22720 Y19.59150
X58.21450 Y19.59150
X58.21450 Y19.57880
X58.20180 Y19.57880
X58.20180 Y19.55340
X58.18910 Y19.55340
X58.18910 Y19.54070
X58.17640 Y19.54070
X58.17640 Y19.51530
X58.16370 Y19.51530
X58.16370 Y19.48990
X58.15100 Y19.48990
X58.15100 Y19.46450
X58.13830 Y19.46450
X58.13830 Y19.43910
X58.12560 Y19.43910
X58.12560 Y19.41370
X58.11290 Y19.41370
X58.11290 Y19.37560
X58.10020 Y19.37560
X58.10020 Y19.33750
X58.08750 Y19.33750
X58.08750 Y19.29940
X58.07480 Y19.29940
X58.07480 Y19.26130
X58.06210 Y19.26130
X58.06210 Y19.13430
X58.04940 Y19.13430
X58.04940 Y18.84220
X58.06210 Y18.84220
X58.06210 Y18.71520
X58.07480 Y18.71520
X58.07480 Y18.67710
X58.08750 Y18.67710
X58.08750 Y18.63900
X58.10020 Y18.63900
X58.10020 Y18.60090
X58.11290 Y18.60090
X58.11290 Y18.56280
X58.12560 Y18.56280
X58.12560 Y18.53740
X58.13830 Y18.53740
X58.13830 Y18.51200
X58.15100 Y18.51200
X58.15100 Y18.48660
X58.16370 Y18.48660
X58.16370 Y18.46120
X58.17640 Y18.46120
X58.17640 Y18.43580
X58.18910 Y18.43580
X58.18910 Y18.42310
X58.20180 Y18.42310
X58.20180 Y18.39770
X58.21450 Y18.39770
X58.21450 Y18.38500
X58.22720 Y18.38500
X58.22720 Y18.37230
X58.23990 Y18.37230
X58.23990 Y18.35960
X58.25260 Y18.35960
X58.25260 Y18.34690
X58.26530 Y18.34690
X58.26530 Y18.32150
X58.27800 Y18.32150
X58.27800 Y18.30880
X58.29070 Y18.30880
X58.29070 Y18.29610
X58.30340 Y18.29610
X58.30340 Y18.28340
X58.31610 Y18.28340
X58.31610 Y18.27070
X58.32880 Y18.27070
X58.32880 Y18.25800
X58.35420 Y18.25800
X58.35420 Y18.24530
X58.36690 Y18.24530
X58.36690 Y18.23260
X58.37960 Y18.23260
X58.37960 Y18.21990
X58.39230 Y18.21990
X58.39230 Y18.20720
X58.40500 Y18.20720
X58.40500 Y18.19450
X58.43040 Y18.19450
X58.43040 Y18.18180
X58.44310 Y18.18180
X58.44310 Y18.16910
X58.46850 Y18.16910
X58.46850 Y18.15640
X58.49390 Y18.15640
X58.49390 Y18.14370
X58.51930 Y18.14370
X58.51930 Y18.13100
X58.54470 Y18.13100
X58.54470 Y18.11830
X58.57010 Y18.11830
X58.57010 Y18.10560
X58.60820 Y18.10560
X58.60820 Y18.09290
X58.64630 Y18.09290
X58.64630 Y18.08020
X58.68440 Y18.08020
X58.68440 Y18.06750
X58.72250 Y18.06750
X58.72250 Y18.05480
X58.84950 Y18.05480
X58.84950 Y18.04210
X59.14160 Y18.04210
X59.14160 Y18.05480
X59.26860 Y18.05480
X59.26860 Y18.06750
X59.30670 Y18.06750
X59.30670 Y18.08020
X59.34480 Y18.08020
X59.34480 Y18.09290
X59.38290 Y18.09290
X59.38290 Y18.10560
X59.42100 Y18.10560
X59.42100 Y18.11830
X59.44640 Y18.11830
X59.44640 Y18.13100
X59.47180 Y18.13100
X59.47180 Y18.14370
X59.49720 Y18.14370
X59.49720 Y18.15640
X59.52260 Y18.15640
X59.52260 Y18.16910
X59.54800 Y18.16910
X59.54800 Y18.18180
X59.56070 Y18.18180
X59.56070 Y18.19450
X59.58610 Y18.19450
X59.58610 Y18.20720
X59.59880 Y18.20720
X59.59880 Y18.21990
X59.61150 Y18.21990
X59.61150 Y18.23260
X59.62420 Y18.23260
X59.62420 Y18.24530
X59.63690 Y18.24530
X59.63690 Y18.25800
X59.66230 Y18.25800
X59.66230 Y18.27070
X59.67500 Y18.27070
X59.67500 Y18.28340
X59.68770 Y18.28340
X59.68770 Y18.29610
X59.70040 Y18.29610
X59.70040 Y18.30880
X59.71310 Y18.30880
X59.71310 Y18.32150
X59.72580 Y18.32150
X59.72580 Y18.34690
X59.73850 Y18.34690
X59.73850 Y18.35960
X59.75120 Y18.35960
X59.75120 Y18.37230
X59.76390 Y18.37230
X59.76390 Y18.38500
X59.77660 Y18.38500
X59.77660 Y18.39770
X59.78930 Y18.39770
X59.78930 Y18.42310
X59.80200 Y18.42310
X59.80200 Y18.43580
X59.81470 Y18.43580
X59.81470 Y18.46120
X59.82740 Y18.46120
X59.82740 Y18.48660
X59.84010 Y18.48660
X59.84010 Y18.51200
X59.85280 Y18.51200
X59.85280 Y18.53740
X59.86550 Y18.53740
X59.86550 Y18.56280
X59.87820 Y18.56280
X59.87820 Y18.60090
X59.89090 Y18.60090
X59.89090 Y18.63900
X59.90360 Y18.63900
X59.90360 Y18.67710
X59.91630 Y18.67710
X59.91630 Y18.71520
X59.92900 Y18.71520
X59.92900 Y18.84220
X59.94170 Y18.84220
X59.94170 Y19.13430
X59.92900 Y19.13430
X59.92900 Y19.26130
X59.91630 Y19.26130
X59.91630 Y19.29940
X59.90360 Y19.29940
X59.90360 Y19.33750
X59.89090 Y19.33750
X59.89090 Y19.37560
X59.87820 Y19.37560
X59.87820 Y19.41370
X59.86550 Y19.41370
X59.86550 Y19.43910
X59.85280 Y19.43910
X59.85280 Y19.46450
X59.84010 Y19.46450
X59.84010 Y19.48990
X59.82740 Y19.48990
X59.82740 Y19.51530
X59.81470 Y19.51530
X59.81470 Y19.54070
X59.80200 Y19.54070
X59.80200 Y19.55340
X59.78930 Y19.55340
X59.78930 Y19.57880
X59.77660 Y19.57880
X59.77660 Y19.59150
X59.76390 Y19.59150
X59.76390 Y19.60420
X59.75120 Y19.60420
X59.75120 Y19.61690
X59.73850 Y19.61690
X59.73850 Y19.62960
X59.72580 Y19.62960
X59.72580 Y19.65500
X59.71310 Y19.65500
X59.71310 Y19.66770
X59.70040 Y19.66770
X59.70040 Y19.68040
X59.68770 Y19.68040
X59.68770 Y19.69310
X59.67500 Y19.69310
X59.67500 Y19.70580
X59.66230 Y19.70580
X59.66230 Y19.71850
X59.63690 Y19.71850
X59.63690 Y19.73120
X59.62420 Y19.73120
X59.62420 Y19.74390
X59.61150 Y19.74390
X59.61150 Y19.75660
X59.59880 Y19.75660
X59.59880 Y19.76930
X59.58610 Y19.76930
X59.58610 Y19.78200
X59.56070 Y19.78200
X59.56070 Y19.79470
X59.54800 Y19.79470
X59.54800 Y19.80740
X59.52260 Y19.80740
X59.52260 Y19.82010
X59.49720 Y19.82010
X59.49720 Y19.83280
X59.47180 Y19.83280
X59.47180 Y19.84550
X59.44640 Y19.84550
X59.44640 Y19.85820
X59.42100 Y19.85820
X59.42100 Y19.87090
X59.38290 Y19.87090
X59.38290 Y19.88360
X59.34480 Y19.88360
X59.34480 Y19.89630
X59.30670 Y19.89630
X59.30670 Y19.90900
X59.26860 Y19.90900
X59.26860 Y19.92170
X59.14160 Y19.92170
X59.14160 Y19.93440
X58.84950 Y19.93440
X58.84950 Y19.92170
X58.72250 Y19.92170
X58.72250 Y19.90900
X58.68440 Y19.90900
X58.68440 Y19.89630
X58.64630 Y19.89630
X58.64630 Y19.88360
X58.60820 Y19.88360
X58.60820 Y19.87090
X58.57010 Y19.87090
X58.57010 Y19.85820
X58.54470 Y19.85820
X58.54470 Y19.84550
X58.51930 Y19.84550
X58.51930 Y19.83280
G04 P0 ( dwell for no time -- G64 should not smooth over this point )
G00 Z5.00000 ( retract )

G00 X72.59090 Y18.41040 ( rapid move to begin. )
F300.00000
G01 Z-0.05000
G04 P0 ( dwell for no time -- G64 should not smooth over this point )
F600.00000
X72.59090 Y18.41040
X72.56550 Y18.41040
X72.56550 Y18.39770
X72.54010 Y18.39770
X72.54010 Y18.38500
X72.51470 Y18.38500
X72.51470 Y18.37230
X72.50200 Y18.37230
X72.50200 Y18.35960
X72.48930 Y18.35960
X72.48930 Y18.34690
X72.47660 Y18.34690
X72.47660 Y18.33420
X72.46390 Y18.33420
X72.46390 Y18.32150
X72.43850 Y18.32150
X72.43850 Y18.30880
X72.42580 Y18.30880
X72.42580 Y18.29610
X72.41310 Y18.29610
X72.41310 Y18.28340
X72.40040 Y18.28340
X72.40040 Y18.27070
X72.38770 Y18.27070
X72.38770 Y18.24530
X72.37500 Y18.24530
X72.37500 Y18.23260
X72.36230 Y18.23260
X72.36230 Y18.21990
X72.34960 Y18.21990
X72.34960 Y18.20720
X72.33690 Y18.20720
X72.33690 Y18.19450
X72.32420 Y18.19450
X72.32420 Y18.16910
X72.31150 Y18.16910
X72.31150 Y18.14370
X72.29880 Y18.14370
X72.29880 Y18.11830
X72.28610 Y18.11830
X72.28610 Y18.10560
X72.27340 Y18.10560
X72.27340 Y18.08020
X72.26070 Y18.08020
X72.26070 Y18.05480
X72.24800 Y18.05480
X72.24800 Y18.00400
X72.23530 Y18.00400
X72.23530 Y17.96590
X72.22260 Y17.96590
X72.22260 Y17.92780
X72.20990 Y17.92780
X72.20990 Y17.82620
X72.19720 Y17.82620
X72.19720 Y17.50870
X72.20990 Y17.50870
X72.20990 Y17.40710
X72.22260 Y17.40710
X72.22260 Y17.36900
X72.23530 Y17.36900
X72.23530 Y17.33090
X72.24800 Y17.33090
X72.24800 Y17.28010
X72.26070 Y17.28010
X72.26070 Y17.25470
X72.27340 Y17.25470
X72.27340 Y17.22930
X72.28610 Y17.22930
X72.28610 Y17.21660
X72.29880 Y17.21660
X72.29880 Y17.19120
X72.31150 Y17.19120
X72.31150 Y17.16580
X72.32420 Y17.16580
X72.32420 Y17.14040
X72.33690 Y17.14040
X72.33690 Y17.12770
X72.34960 Y17.12770
X72.34960 Y17.11500
X72.36230 Y17.11500
X72.36230 Y17.10230
X72.37500 Y17.10230
X72.37500 Y17.08960
X72.38770 Y17.08960
X72.38770 Y17.06420
X72.40040 Y17.06420
X72.40040 Y17.05150
X72.41310 Y17.05150
X72.41310 Y17.03880
X72.42580 Y17.03880
X72.42580 Y17.02610
X72.43850 Y17.02610
X72.43850 Y17.01340
X72.46390 Y17.01340
X72.46390 Y17.00070
X72.47660 Y17.00070
X72.47660 Y16.98800
X72.48930 Y16.98800
X72.48930 Y16.97530
X72.50200 Y16.97530
X72.50200 Y16.96260
X72.51470 Y16.96260
X72.51470 Y16.94990
X72.54010 Y16.94990
X72.54010 Y16.93720
X72.56550 Y16.93720
X72.56550 Y16.92450
X72.59090 Y16.92450
X72.59090 Y16.91180
X72.60360 Y16.91180
X72.60360 Y16.89910
X72.62900 Y16.89910
X72.62900 Y16.88640
X72.65440 Y16.88640
X72.65440 Y16.87370
X72.70520 Y16.87370
X72.70520 Y16.86100
X72.74330 Y16.86100
X72.74330 Y16.84830
X72.78140 Y16.84830
X72.78140 Y16.83560
X72.79410 Y16.83560
X72.79410 Y13.01290
X72.78140 Y13.01290
X72.78140 Y13.00020
X72.76870 Y13.00020
X72.76870 Y12.98750
X72.75600 Y12.98750
X72.75600 Y12.97480
X72.74330 Y12.97480
X72.74330 Y12.96210
X72.73060 Y12.96210
X72.73060 Y12.94940
X72.71790 Y12.94940
X72.71790 Y12.93670
X72.70520 Y12.93670
X72.70520 Y12.92400
X72.69250 Y12.92400
X72.69250 Y12.91130
X72.67980 Y12.91130
X72.67980 Y12.89860
X72.66710 Y12.89860
X72.66710 Y12.88590
X72.65440 Y12.88590
X72.65440 Y12.87320
X72.64170 Y12.87320
X72.64170 Y12.86050
X72.62900 Y12.86050
X72.62900 Y12.84780
X72.61630 Y12.84780
X72.61630 Y12.83510
X72.60360 Y12.83510
X72.60360 Y12.82240
X72.59090 Y12.82240
X72.59090 Y12.80970
X72.57820 Y12.80970
X72.57820 Y12.79700
X72.56550 Y12.79700
X72.56550 Y12.78430
X72.55280 Y12.78430
X72.55280 Y12.77160
X72.54010 Y12.77160
X72.54010 Y12.75890
X72.52740 Y12.75890
X72.52740 Y12.74620
X72.51470 Y12.74620
X72.51470 Y12.73350
X72.50200 Y12.73350
X72.50200 Y12.72080
X72.48930 Y12.72080
X72.48930 Y12.70810
X72.47660 Y12.70810
X72.47660 Y12.69540
X72.46390 Y12.69540
X72.46390 Y12.68270
X72.45120 Y12.68270
X72.45120 Y12.67000
X72.43850 Y12.67000
X72.43850 Y12.65730
X72.42580 Y12.65730
X72.42580 Y12.64460
X72.41310 Y12.64460
X72.41310 Y12.63190
X72.40040 Y12.63190
X72.40040 Y12.61920
X72.38770 Y12.61920
X72.38770 Y12.60650
X72.37500 Y12.60650
X72.37500 Y12.59380
X72.36230 Y12.59380
X72.36230 Y12.58110
X72.34960 Y12.58110
X72.34960 Y12.56840
X72.33690 Y12.56840
X72.33690 Y12.55570
X72.32420 Y12.55570
X72.32420 Y12.54300
X72.31150 Y12.54300
X72.31150 Y12.53030
X72.29880 Y12.53030
X72.29880 Y12.51760
X72.28610 Y12.51760
X72.28610 Y12.50490
X72.27340 Y12.50490
X72.27340 Y12.49220
X72.26070 Y12.49220
X72.26070 Y12.47950
X72.24800 Y12.47950
X72.24800 Y12.46680
X72.23530 Y12.46680
X72.23530 Y12.45410
X72.22260 Y12.45410
X72.22260 Y12.44140
X72.20990 Y12.44140
X72.20990 Y12.42870
X72.19720 Y12.42870
X72.19720 Y12.41600
X72.18450 Y12.41600
X72.18450 Y12.40330
X72.17180 Y12.40330
X72.17180 Y12.39060
X72.15910 Y12.39060
X72.15910 Y12.37790
X72.14640 Y12.37790
X72.14640 Y12.36520
X72.13370 Y12.36520
X72.13370 Y12.35250
X72.12100 Y12.35250
X72.12100 Y12.33980
X72.10830 Y12.33980
X72.10830 Y12.32710
X72.09560 Y12.32710
X72.09560 Y12.31440
X72.08290 Y12.31440
X72.08290 Y12.30170
X72.07020 Y12.30170
X72.07020 Y12.28900
X72.05750 Y12.28900
X72.05750 Y12.27630
X72.04480 Y12.27630
X72.04480 Y12.26360
X72.03210 Y12.26360
X72.03210 Y12.25090
X72.01940 Y12.25090
X72.01940 Y12.23820
X72.00670 Y12.23820
X72.00670 Y12.22550
X71.99400 Y12.22550
X71.99400 Y12.21280
X71.98130 Y12.21280
X71.98130 Y12.20010
X71.96860 Y12.20010
X71.96860 Y12.18740
X71.95590 Y12.18740
X71.95590 Y12.17470
X71.94320 Y12.17470
X71.94320 Y12.16200
X71.93050 Y12.16200
X71.93050 Y12.14930
X71.91780 Y12.14930
X71.91780 Y12.13660
X71.90510 Y12.13660
X71.90510 Y12.12390
X71.89240 Y12.12390
X71.89240 Y12.11120
X71.87970 Y12.11120
X71.87970 Y12.09850
X71.86700 Y12.09850
X71.86700 Y12.08580
X71.85430 Y12.08580
X71.85430 Y12.07310
X71.84160 Y12.07310
X71.84160 Y12.06040
X71.82890 Y12.06040
X71.82890 Y12.04770
X71.81620 Y12.04770
X71.81620 Y12.03500
X71.80350 Y12.03500
X71.80350 Y12.02230
X71.79080 Y12.02230
X71.79080 Y12.00960
X71.77810 Y12.00960
X71.77810 Y11.99690
X71.76540 Y11.99690
X71.76540 Y11.98420
X71.75270 Y11.98420
X71.75270 Y11.97150
X71.74000 Y11.97150
X71.74000 Y11.95880
X71.72730 Y11.95880
X71.72730 Y11.94610
X71.71460 Y11.94610
X71.71460 Y11.93340
X71.70190 Y11.93340
X71.70190 Y11.92070
X71.68920 Y11.92070
X71.68920 Y11.90800
X71.67650 Y11.90800
X71.67650 Y11.89530
X71.66380 Y11.89530
X71.66380 Y11.88260
X71.65110 Y11.88260
X71.65110 Y11.86990
X71.63840 Y11.86990
X71.63840 Y11.85720
X71.62570 Y11.85720
X71.62570 Y11.84450
X71.61300 Y11.84450
X71.61300 Y11.83180
X71.60030 Y11.83180
X71.60030 Y11.81910
X71.58760 Y11.81910
X71.58760 Y11.80640
X71.57490 Y11.80640
X71.57490 Y11.79370
X71.56220 Y11.79370
X71.56220 Y11.78100
X71.54950 Y11.78100
X71.54950 Y11.76830
X71.53680 Y11.76830
X71.53680 Y11.75560
X71.52410 Y11.75560
X71.52410 Y11.74290
X71.51140 Y11.74290
X71.51140 Y11.73020
X71.49870 Y11.73020
X71.49870 Y11.71750
X71.48600 Y11.71750
X71.48600 Y11.70480
X71.47330 Y11.70480
X71.47330 Y11.69210
X71.46060 Y11.69210
X71.46060 Y11.67940
X71.44790 Y11.67940
X71.44790 Y11.66670
X71.43520 Y11.66670
X71.43520 Y11.65400
X71.42250 Y11.65400
X71.42250 Y11.64130
X71.40980 Y11.64130
X71.40980 Y11.62860
X71.39710 Y11.62860
X71.39710 Y11.61590
X71.38440 Y11.61590
X71.38440 Y11.60320
X71.37170 Y11.60320
X71.37170 Y11.59050
X71.35900 Y11.59050
X71.35900 Y11.57780
X71.34630 Y11.57780
X71.34630 Y11.56510
X71.33360 Y11.56510
X71.33360 Y11.55240
X71.32090 Y11.55240
X71.32090 Y11.53970
X71.30820 Y11.53970
X71.30820 Y11.52700
X71.29550 Y11.52700
X71.29550 Y11.51430
X71.28280 Y11.51430
X71.28280 Y11.50160
X71.27010 Y11.50160
X71.27010 Y11.48890
X71.25740 Y11.48890
X71.25740 Y11.47620
X71.24470 Y11.47620
X71.24470 Y11.46350
X71.23200 Y11.46350
X71.23200 Y11.45080
X71.21930 Y11.45080
X71.21930 Y11.43810
X71.20660 Y11.43810
X71.20660 Y11.42540
X71.19390 Y11.42540
X71.19390 Y11.41270
X71.18120 Y11.41270
X71.18120 Y11.40000
X71.16850 Y11.40000
X71.16850 Y11.38730
X71.15580 Y11.38730
X71.15580 Y11.37460
X71.14310 Y11.37460
X71.14310 Y11.36190
X71.13040 Y11.36190
X71.13040 Y11.34920
X71.11770 Y11.34920
X71.11770 Y11.33650
X71.10500 Y11.33650
X71.10500 Y11.32380
X71.09230 Y11.32380
X71.09230 Y11.31110
X71.07960 Y11.31110
X71.07960 Y11.29840
X71.06690 Y11.29840
X71.06690 Y11.28570
X71.05420 Y11.28570
X71.05420 Y11.27300
X71.04150 Y11.27300
X71.04150 Y11.26030
X71.02880 Y11.26030
X71.02880 Y11.24760
X71.01610 Y11.24760
X71.01610 Y11.23490
X71.00340 Y11.23490
X71.00340 Y11.22220
X70.99070 Y11.22220
X70.99070 Y11.20950
X70.97800 Y11.20950
X70.97800 Y11.19680
X70.96530 Y11.19680
X70.96530 Y11.18410
X70.95260 Y11.18410
X70.95260 Y11.17140
X70.93990 Y11.17140
X70.93990 Y11.15870
X70.92720 Y11.15870
X70.92720 Y11.14600
X70.91450 Y11.14600
X70.91450 Y11.13330
X70.90180 Y11.13330
X70.90180 Y11.12060
X70.88910 Y11.12060
X70.88910 Y11.10790
X70.87640 Y11.10790
X70.87640 Y11.09520
X70.86370 Y11.09520
X70.86370 Y11.08250
X70.85100 Y11.08250
X70.85100 Y11.06980
X70.83830 Y11.06980
X70.83830 Y11.05710
X70.82560 Y11.05710
X70.82560 Y11.04440
X70.81290 Y11.04440
X70.81290 Y11.03170
X70.80020 Y11.03170
X70.80020 Y11.01900
X70.78750 Y11.01900
X70.78750 Y11.00630
X70.77480 Y11.00630
X70.77480 Y10.99360
X70.76210 Y10.99360
X70.76210 Y10.98090
X70.74940 Y10.98090
X70.74940 Y10.96820
X70.73670 Y10.96820
X70.73670 Y10.95550
X70.72400 Y10.95550
X70.72400 Y10.94280
X70.71130 Y10.94280
X70.71130 Y10.93010
X70.69860 Y10.93010
X70.69860 Y10.91740
X70.68590 Y10.91740
X70.68590 Y10.90470
X70.67320 Y10.90470
X70.67320 Y10.89200
X70.66050 Y10.89200
X70.66050 Y10.87930
X70.64780 Y10.87930
X70.64780 Y10.86660
X70.63510 Y10.86660
X70.63510 Y10.85390
X70.62240 Y10.85390
X70.62240 Y10.84120
X70.60970 Y10.84120
X70.60970 Y10.82850
X70.59700 Y10.82850
X70.59700 Y10.81580
X70.58430 Y10.81580
X70.58430 Y10.80310
X70.57160 Y10.80310
X70.57160 Y10.79040
X70.55890 Y10.79040
X70.55890 Y10.77770
X70.54620 Y10.77770
X70.54620 Y10.76500
X70.53350 Y10.76500
X70.53350 Y10.75230
X70.52080 Y10.75230
X70.52080 Y10.73960
X70.50810 Y10.73960
X70.50810 Y10.72690
X70.49540 Y10.72690
X70.49540 Y10.71420
X70.48270 Y10.71420
X70.48270 Y10.70150
X70.47000 Y10.70150
X70.47000 Y10.68880
X70.45730 Y10.68880
X70.45730 Y10.67610
X70.44460 Y10.67610
X70.44460 Y10.66340
X70.43190 Y10.66340
X70.43190 Y10.65070
X70.41920 Y10.65070
X70.41920 Y10.63800
X70.40650 Y10.63800
X70.40650 Y10.62530
X70.39380 Y10.62530
X70.39380 Y10.61260
X70.38110 Y10.61260
X70.38110 Y10.59990
X70.36840 Y10.59990
X70.36840 Y10.58720
X70.35570 Y10.58720
X70.35570 Y10.57450
X70.34300 Y10.57450
X70.34300 Y10.56180
X70.33030 Y10.56180
X70.33030 Y10.54910
X70.31760 Y10.54910
X70.31760 Y10.53640
X70.30490 Y10.53640
X70.30490 Y10.52370
X70.29220 Y10.52370
X70.29220 Y10.51100
X70.27950 Y10.51100
X70.27950 Y10.49830
X70.26680 Y10.49830
X70.26680 Y10.48560
X70.25410 Y10.48560
X70.25410 Y10.47290
X70.24140 Y10.47290
X70.24140 Y10.46020
X70.22870 Y10.46020
X70.22870 Y10.44750
X70.21600 Y10.44750
X70.21600 Y10.43480
X70.20330 Y10.43480
X70.20330 Y10.42210
X70.19060 Y10.42210
X70.19060 Y10.40940
X70.17790 Y10.40940
X70.17790 Y10.39670
X70.16520 Y10.39670
X70.16520 Y10.38400
X70.15250 Y10.38400
X70.15250 Y10.37130
X70.13980 Y10.37130
X70.13980 Y10.35860
X70.12710 Y10.35860
X70.12710 Y10.34590
X70.11440 Y10.34590
X70.11440 Y10.33320
X70.10170 Y10.33320
X70.10170 Y10.32050
X70.08900 Y10.32050
X70.08900 Y10.30780
X70.07630 Y10.30780
X70.07630 Y10.29510
X70.06360 Y10.29510
X70.06360 Y10.28240
X70.05090 Y10.28240
X70.05090 Y10.26970
X70.03820 Y10.26970
X70.03820 Y10.25700
X70.02550 Y10.25700
X70.02550 Y10.24430
X70.01280 Y10.24430
X70.01280 Y10.23160
X70.00010 Y10.23160
X70.00010 Y10.21890
X69.98740 Y10.21890
X69.98740 Y10.20620
X69.97470 Y10.20620
X69.97470 Y10.19350
X69.96200 Y10.19350
X69.96200 Y10.18080
X69.94930 Y10.18080
X69.94930 Y10.16810
X69.93660 Y10.16810
X69.93660 Y10.15540
X69.92390 Y10.15540
X69.92390 Y10.14270
X69.91120 Y10.14270
X69.91120 Y10.13000
X69.89850 Y10.13000
X69.89850 Y10.11730
X69.88580 Y10.11730
X69.88580 Y10.10460
X69.87310 Y10.10460
X69.87310 Y10.09190
X69.86040 Y10.09190
X69.86040 Y10.07920
X69.84770 Y10.07920
X69.84770 Y10.06650
X69.83500 Y10.06650
X69.83500 Y10.05380
X69.82230 Y10.05380
X69.82230 Y10.04110
X69.80960 Y10.04110
X69.80960 Y10.02840
X69.79690 Y10.02840
X69.79690 Y10.01570
X69.78420 Y10.01570
X69.78420 Y10.00300
X69.77150 Y10.00300
X69.77150 Y9.99030
X69.75880 Y9.99030
X69.75880 Y9.97760
X69.74610 Y9.97760
X69.74610 Y9.96490
X69.73340 Y9.96490
X69.73340 Y9.95220
X69.72070 Y9.95220
X69.72070 Y9.93950
X69.70800 Y9.93950
X69.70800 Y9.92680
X69.69530 Y9.92680
X69.69530 Y9.91410
X69.68260 Y9.91410
X69.68260 Y9.90140
X69.66990 Y9.90140
X69.66990 Y9.88870
X69.65720 Y9.88870
X69.65720 Y9.87600
X69.64450 Y9.87600
X69.64450 Y9.86330
X69.63180 Y9.86330
X69.63180 Y9.85060
X69.61910 Y9.85060
X69.61910 Y9.83790
X69.60640 Y9.83790
X69.60640 Y9.82520
X69.59370 Y9.82520
X69.59370 Y9.81250
X69.58100 Y9.81250
X69.58100 Y9.79980
X69.56830 Y9.79980
X69.56830 Y9.78710
X69.55560 Y9.78710
X69.55560 Y9.77440
X69.54290 Y9.77440
X69.54290 Y9.76170
X69.53020 Y9.76170
X69.53020 Y9.74900
X69.51750 Y9.74900
X69.51750 Y9.73630
X69.50480 Y9.73630
X69.50480 Y9.72360
X69.49210 Y9.72360
X69.49210 Y9.71090
X69.47940 Y9.71090
X69.47940 Y9.69820
X69.46670 Y9.69820
X69.46670 Y9.68550
X69.45400 Y9.68550
X69.45400 Y9.67280
X69.44130 Y9.67280
X69.44130 Y9.66010
X69.42860 Y9.66010
X69.42860 Y9.64740
X69.41590 Y9.64740
X69.41590 Y9.63470
X69.40320 Y9.63470
X69.40320 Y9.62200
X69.39050 Y9.62200
X69.39050 Y9.60930
X69.37780 Y9.60930
X69.37780 Y9.59660
X69.36510 Y9.59660
X69.36510 Y9.58390
X69.35240 Y9.58390
X69.35240 Y9.57120
X69.33970 Y9.57120
X69.33970 Y9.55850
X69.32700 Y9.55850
X69.32700 Y9.54580
X69.31430 Y9.54580
X69.31430 Y9.53310
X69.30160 Y9.53310
X69.30160 Y9.52040
X69.28890 Y9.52040
X69.28890 Y9.50770
X69.27620 Y9.50770
X69.27620 Y9.49500
X69.26350 Y9.49500
X69.26350 Y9.48230
X69.25080 Y9.48230
X69.25080 Y9.46960
X69.23810 Y9.46960
X69.23810 Y9.45690
X69.22540 Y9.45690
X69.22540 Y9.44420
X69.21270 Y9.44420
X69.21270 Y9.43150
X69.20000 Y9.43150
X69.20000 Y9.41880
X69.18730 Y9.41880
X69.18730 Y9.40610
X69.17460 Y9.40610
X69.17460 Y9.39340
X69.16190 Y9.39340
X69.16190 Y9.38070
X69.14920 Y9.38070
X69.14920 Y9.36800
X69.13650 Y9.36800
X69.13650 Y9.35530
X69.12380 Y9.35530
X69.12380 Y9.34260
X69.11110 Y9.34260
X69.11110 Y9.32990
X69.09840 Y9.32990
X69.09840 Y9.31720
X69.08570 Y9.31720
X69.08570 Y9.30450
X69.07300 Y9.30450
X69.07300 Y9.29180
X69.06030 Y9.29180
X69.06030 Y9.27910
X69.04760 Y9.27910
X69.04760 Y9.26640
X69.03490 Y9.26640
X69.03490 Y9.25370
X69.02220 Y9.25370
X69.02220 Y9.24100
X69.00950 Y9.24100
X69.00950 Y9.22830
X68.99680 Y9.22830
X68.99680 Y9.21560
X68.98410 Y9.21560
X68.98410 Y9.20290
X68.97140 Y9.20290
X68.97140 Y9.19020
X68.95870 Y9.19020
X68.95870 Y9.17750
X68.94600 Y9.17750
X68.94600 Y9.16480
X68.93330 Y9.16480
X68.93330 Y9.15210
X68.92060 Y9.15210
X68.92060 Y9.13940
X68.90790 Y9.13940
X68.90790 Y9.12670
X68.89520 Y9.12670
X68.89520 Y9.11400
X68.88250 Y9.11400
X68.88250 Y9.10130
X68.86980 Y9.10130
X68.86980 Y9.08860
X68.85710 Y9.08860
X68.85710 Y9.07590
X68.84440 Y9.07590
X68.84440 Y9.06320
X68.83170 Y9.06320
X68.83170 Y9.05050
X68.81900 Y9.05050
X68.81900 Y9.03780
X68.80630 Y9.03780
X68.80630 Y9.02510
X68.79360 Y9.02510
X68.79360 Y9.01240
X68.78090 Y9.01240
X68.78090 Y8.99970
X68.76820 Y8.99970
X68.76820 Y8.98700
X68.75550 Y8.98700
X68.75550 Y8.97430
X68.74280 Y8.97430
X68.74280 Y8.96160
X68.73010 Y8.96160
X68.73010 Y8.94890
X68.71740 Y8.94890
X68.71740 Y8.93620
X68.70470 Y8.93620
X68.70470 Y8.92350
X68.69200 Y8.92350
X68.69200 Y8.91080
X68.67930 Y8.91080
X68.67930 Y8.89810
X68.66660 Y8.89810
X68.66660 Y8.88540
X68.65390 Y8.88540
X68.65390 Y8.87270
X68.64120 Y8.87270
X68.64120 Y8.86000
X68.62850 Y8.86000
X68.62850 Y8.84730
X68.61580 Y8.84730
X68.61580 Y8.83460
X68.60310 Y8.83460
X68.60310 Y8.82190
X68.59040 Y8.82190
X68.59040 Y8.80920
X68.57770 Y8.80920
X68.57770 Y8.79650
X68.56500 Y8.79650
X68.56500 Y8.78380
X68.55230 Y8.78380
X68.55230 Y8.77110
X68.53960 Y8.77110
X68.53960 Y8.75840
X68.52690 Y8.75840
X68.52690 Y8.74570
X68.51420 Y8.74570
X68.51420 Y8.73300
X68.50150 Y8.73300
X68.50150 Y8.72030
X68.48880 Y8.72030
X68.48880 Y8.70760
X68.47610 Y8.70760
X68.47610 Y8.69490
X61.69430 Y8.69490
X61.69430 Y8.70760
X61.68160 Y8.70760
X61.68160 Y8.72030
X61.66890 Y8.72030
X61.66890 Y8.73300
X61.65620 Y8.73300
X61.65620 Y8.74570
X61.64350 Y8.74570
X61.64350 Y8.75840
X61.63080 Y8.75840
X61.63080 Y8.77110
X61.61810 Y8.77110
X61.61810 Y8.78380
X61.60540 Y8.78380
X61.60540 Y8.79650
X61.59270 Y8.79650
X61.59270 Y8.80920
X61.58000 Y8.80920
X61.58000 Y8.82190
X61.56730 Y8.82190
X61.56730 Y8.83460
X61.55460 Y8.83460
X61.55460 Y8.84730
X61.54190 Y8.84730
X61.54190 Y8.86000
X61.52920 Y8.86000
X61.52920 Y8.87270
X61.51650 Y8.87270
X61.51650 Y8.88540
X61.50380 Y8.88540
X61.50380 Y8.89810
X61.49110 Y8.89810
X61.49110 Y8.91080
X61.47840 Y8.91080
X61.47840 Y8.92350
X61.46570 Y8.92350
X61.46570 Y8.93620
X61.45300 Y8.93620
X61.45300 Y8.94890
X61.44030 Y8.94890
X61.44030 Y8.96160
X61.42760 Y8.96160
X61.42760 Y8.97430
X61.41490 Y8.97430
X61.41490 Y8.98700
X61.40220 Y8.98700
X61.40220 Y8.99970
X61.38950 Y8.99970
X61.38950 Y9.01240
X61.37680 Y9.01240
X61.37680 Y9.02510
X61.36410 Y9.02510
X61.36410 Y9.03780
X61.35140 Y9.03780
X61.35140 Y9.05050
X61.33870 Y9.05050
X61.33870 Y9.06320
X61.32600 Y9.06320
X61.32600 Y9.07590
X61.32600 Y9.07590
X61.32600 Y9.11400
X61.33870 Y9.11400
X61.33870 Y9.16480
X61.35140 Y9.16480
X61.35140 Y9.20290
X61.36410 Y9.20290
X61.36410 Y9.29180
X61.37680 Y9.29180
X61.37680 Y9.63470
X61.36410 Y9.63470
X61.36410 Y9.72360
X61.35140 Y9.72360
X61.35140 Y9.76170
X61.33870 Y9.76170
X61.33870 Y9.81250
X61.32600 Y9.81250
X61.32600 Y9.85060
X61.31330 Y9.85060
X61.31330 Y9.87600
X61.30060 Y9.87600
X61.30060 Y9.90140
X61.28790 Y9.90140
X61.28790 Y9.91410
X61.27520 Y9.91410
X61.27520 Y9.93950
X61.26250 Y9.93950
X61.26250 Y9.96490
X61.24980 Y9.96490
X61.24980 Y9.99030
X61.23710 Y9.99030
X61.23710 Y10.00300
X61.22440 Y10.00300
X61.22440 Y10.01570
X61.21170 Y10.01570
X61.21170 Y10.02840
X61.19900 Y10.02840
X61.19900 Y10.04110
X61.18630 Y10.04110
X61.18630 Y10.06650
X61.17360 Y10.06650
X61.17360 Y10.07920
X61.16090 Y10.07920
X61.16090 Y10.09190
X61.14820 Y10.09190
X61.14820 Y10.10460
X61.13550 Y10.10460
X61.13550 Y10.11730
X61.11010 Y10.11730
X61.11010 Y10.13000
X61.09740 Y10.13000
X61.09740 Y10.14270
X61.08470 Y10.14270
X61.08470 Y10.15540
X61.07200 Y10.15540
X61.07200 Y10.16810
X61.05930 Y10.16810
X61.05930 Y10.18080
X61.03390 Y10.18080
X61.03390 Y10.19350
X61.00850 Y10.19350
X61.00850 Y10.20620
X60.98310 Y10.20620
X60.98310 Y10.21890
X60.97040 Y10.21890
X60.97040 Y10.23160
X60.94500 Y10.23160
X60.94500 Y10.24430
X60.91960 Y10.24430
X60.91960 Y10.25700
X60.86880 Y10.25700
X60.86880 Y10.26970
X60.83070 Y10.26970
X60.83070 Y10.28240
X60.79260 Y10.28240
X60.79260 Y10.29510
X60.69100 Y10.29510
X60.69100 Y10.30780
X60.37350 Y10.30780
X60.37350 Y10.29510
X60.27190 Y10.29510
X60.27190 Y10.28240
X60.23380 Y10.28240
X60.23380 Y10.26970
X60.19570 Y10.26970
X60.19570 Y10.25700
X60.14490 Y10.25700
X60.14490 Y10.24430
X60.11950 Y10.24430
X60.11950 Y10.23160
X60.09410 Y10.23160
X60.09410 Y10.21890
X60.08140 Y10.21890
X60.08140 Y10.20620
X60.05600 Y10.20620
X60.05600 Y10.19350
X60.03060 Y10.19350
X60.03060 Y10.18080
X60.00520 Y10.18080
X60.00520 Y10.16810
X59.99250 Y10.16810
X59.99250 Y10.15540
X59.97980 Y10.15540
X59.97980 Y10.14270
X59.96710 Y10.14270
X59.96710 Y10.13000
X59.95440 Y10.13000
X59.95440 Y10.11730
X59.92900 Y10.11730
X59.92900 Y10.10460
X59.91630 Y10.10460
X59.91630 Y10.09190
X59.90360 Y10.09190
X59.90360 Y10.07920
X59.89090 Y10.07920
X59.89090 Y10.06650
X59.87820 Y10.06650
X59.87820 Y10.04110
X59.86550 Y10.04110
X59.86550 Y10.02840
X59.85280 Y10.02840
X59.85280 Y10.01570
X59.84010 Y10.01570
X59.84010 Y10.00300
X59.82740 Y10.00300
X59.82740 Y9.99030
X59.81470 Y9.99030
X59.81470 Y9.96490
X59.80200 Y9.96490
X59.80200 Y9.93950
X59.78930 Y9.93950
X59.78930 Y9.91410
X59.77660 Y9.91410
X59.77660 Y9.90140
X59.76390 Y9.90140
X59.76390 Y9.87600
X59.75120 Y9.87600
X59.75120 Y9.85060
X59.73850 Y9.85060
X59.73850 Y9.79980
X59.72580 Y9.79980
X59.72580 Y9.76170
X59.71310 Y9.76170
X59.71310 Y9.72360
X59.70040 Y9.72360
X59.70040 Y9.62200
X59.68770 Y9.62200
X59.68770 Y9.30450
X59.70040 Y9.30450
X59.70040 Y9.20290
X59.71310 Y9.20290
X59.71310 Y9.16480
X59.72580 Y9.16480
X59.72580 Y9.12670
X59.73850 Y9.12670
X59.73850 Y9.07590
X59.75120 Y9.07590
X59.75120 Y9.05050
X59.76390 Y9.05050
X59.76390 Y9.02510
X59.77660 Y9.02510
X59.77660 Y9.01240
X59.78930 Y9.01240
X59.78930 Y8.98700
X59.80200 Y8.98700
X59.80200 Y8.96160
X59.81470 Y8.96160
X59.81470 Y8.93620
X59.82740 Y8.93620
X59.82740 Y8.92350
X59.84010 Y8.92350
X59.84010 Y8.91080
X59.85280 Y8.91080
X59.85280 Y8.89810
X59.86550 Y8.89810
X59.86550 Y8.88540
X59.87820 Y8.88540
X59.87820 Y8.86000
X59.89090 Y8.86000
X59.89090 Y8.84730
X59.90360 Y8.84730
X59.90360 Y8.83460
X59.91630 Y8.83460
X59.91630 Y8.82190
X59.92900 Y8.82190
X59.92900 Y8.80920
X59.95440 Y8.80920
X59.95440 Y8.79650
X59.96710 Y8.79650
X59.96710 Y8.78380
X59.97980 Y8.78380
X59.97980 Y8.77110
X59.99250 Y8.77110
X59.99250 Y8.75840
X60.00520 Y8.75840
X60.00520 Y8.74570
X60.03060 Y8.74570
X60.03060 Y8.73300
X60.05600 Y8.73300
X60.05600 Y8.72030
X60.08140 Y8.72030
X60.08140 Y8.70760
X60.09410 Y8.70760
X60.09410 Y8.69490
X60.11950 Y8.69490
X60.11950 Y8.68220
X60.14490 Y8.68220
X60.14490 Y8.66950
X60.19570 Y8.66950
X60.19570 Y8.65680
X60.23380 Y8.65680
X60.23380 Y8.64410
X60.27190 Y8.64410
X60.27190 Y8.63140
X60.36080 Y8.63140
X60.36080 Y8.61870
X60.70370 Y8.61870
X60.70370 Y8.63140
X60.79260 Y8.63140
X60.79260 Y8.64410
X60.83070 Y8.64410
X60.83070 Y8.65680
X60.88150 Y8.65680
X60.88150 Y8.66950
X60.91960 Y8.66950
X60.91960 Y8.66950
X60.93230 Y8.66950
X60.93230 Y8.65680
X60.94500 Y8.65680
X60.94500 Y8.64410
X60.95770 Y8.64410
X60.95770 Y8.63140
X60.97040 Y8.63140
X60.97040 Y8.61870
X60.98310 Y8.61870
X60.98310 Y8.60600
X60.99580 Y8.60600
X60.99580 Y8.59330
X61.00850 Y8.59330
X61.00850 Y8.58060
X61.02120 Y8.58060
X61.02120 Y8.56790
X61.03390 Y8.56790
X61.03390 Y8.55520
X61.04660 Y8.55520
X61.04660 Y8.54250
X61.05930 Y8.54250
X61.05930 Y8.52980
X61.07200 Y8.52980
X61.07200 Y8.51710
X61.08470 Y8.51710
X61.08470 Y8.50440
X61.09740 Y8.50440
X61.09740 Y8.49170
X61.11010 Y8.49170
X61.11010 Y8.47900
X61.12280 Y8.47900
X61.12280 Y8.46630
X61.13550 Y8.46630
X61.13550 Y8.45360
X61.14820 Y8.45360
X61.14820 Y8.44090
X61.16090 Y8.44090
X61.16090 Y8.42820
X61.17360 Y8.42820
X61.17360 Y8.41550
X61.18630 Y8.41550
X61.18630 Y8.40280
X61.19900 Y8.40280
X61.19900 Y8.39010
X61.21170 Y8.39010
X61.21170 Y8.37740
X61.22440 Y8.37740
X61.22440 Y8.36470
X61.23710 Y8.36470
X61.23710 Y8.35200
X61.24980 Y8.35200
X61.24980 Y8.33930
X61.26250 Y8.33930
X61.26250 Y8.32660
X61.27520 Y8.32660
X61.27520 Y8.31390
X61.28790 Y8.31390
X61.28790 Y8.30120
X61.30060 Y8.30120
X61.30060 Y8.28850
X61.31330 Y8.28850
X61.31330 Y8.27580
X61.32600 Y8.27580
X61.32600 Y8.26310
X61.33870 Y8.26310
X61.33870 Y8.25040
X61.35140 Y8.25040
X61.35140 Y8.23770
X61.36410 Y8.23770
X61.36410 Y8.22500
X61.38950 Y8.22500
X61.38950 Y8.21230
X61.41490 Y8.21230
X61.41490 Y8.19960
X68.75550 Y8.19960
X68.75550 Y8.21230
X68.78090 Y8.21230
X68.78090 Y8.22500
X68.80630 Y8.22500
X68.80630 Y8.23770
X68.81900 Y8.23770
X68.81900 Y8.25040
X68.83170 Y8.25040
X68.83170 Y8.26310
X68.84440 Y8.26310
X68.84440 Y8.27580
X68.85710 Y8.27580
X68.85710 Y8.28850
X68.86980 Y8.28850
X68.86980 Y8.30120
X68.88250 Y8.30120
X68.88250 Y8.31390
X68.89520 Y8.31390
X68.89520 Y8.32660
X68.90790 Y8.32660
X68.90790 Y8.33930
X68.92060 Y8.33930
X68.92060 Y8.35200
X68.93330 Y8.35200
X68.93330 Y8.36470
X68.94600 Y8.36470
X68.94600 Y8.37740
X68.95870 Y8.37740
X68.95870 Y8.39010
X68.97140 Y8.39010
X68.97140 Y8.40280
X68.98410 Y8.40280
X68.98410 Y8.41550
X68.99680 Y8.41550
X68.99680 Y8.42820
X69.00950 Y8.42820
X69.00950 Y8.44090
X69.02220 Y8.44090
X69.02220 Y8.45360
X69.03490 Y8.45360
X69.03490 Y8.46630
X69.04760 Y8.46630
X69.04760 Y8.47900
X69.06030 Y8.47900
X69.06030 Y8.49170
X69.07300 Y8.49170
X69.07300 Y8.50440
X69.08570 Y8.50440
X69.08570 Y8.51710
X69.09840 Y8.51710
X69.09840 Y8.52980
X69.11110 Y8.52980
X69.11110 Y8.54250
X69.12380 Y8.54250
X69.12380 Y8.55520
X69.13650 Y8.55520
X69.13650 Y8.56790
X69.14920 Y8.56790
X69.14920 Y8.58060
X69.16190 Y8.58060
X69.16190 Y8.59330
X69.17460 Y8.59330
X69.17460 Y8.60600
X69.18730 Y8.60600
X69.18730 Y8.61870
X69.20000 Y8.61870
X69.20000 Y8.63140
X69.21270 Y8.63140
X69.21270 Y8.64410
X69.22540 Y8.64410
X69.22540 Y8.65680
X69.23810 Y8.65680
X69.23810 Y8.66950
X69.25080 Y8.66950
X69.25080 Y8.68220
X69.26350 Y8.68220
X69.26350 Y8.69490
X69.27620 Y8.69490
X69.27620 Y8.70760
X69.28890 Y8.70760
X69.28890 Y8.72030
X69.30160 Y8.72030
X69.30160 Y8.73300
X69.31430 Y8.73300
X69.31430 Y8.74570
X69.32700 Y8.74570
X69.32700 Y8.75840
X69.33970 Y8.75840
X69.33970 Y8.77110
X69.35240 Y8.77110
X69.35240 Y8.78380
X69.36510 Y8.78380
X69.36510 Y8.79650
X69.37780 Y8.79650
X69.37780 Y8.80920
X69.39050 Y8.80920
X69.39050 Y8.82190
X69.40320 Y8.82190
X69.40320 Y8.83460
X69.41590 Y8.83460
X69.41590 Y8.84730
X69.42860 Y8.84730
X69.42860 Y8.86000
X69.44130 Y8.86000
X69.44130 Y8.87270
X69.45400 Y8.87270
X69.45400 Y8.88540
X69.46670 Y8.88540
X69.46670 Y8.89810
X69.47940 Y8.89810
X69.47940 Y8.91080
X69.49210 Y8.91080
X69.49210 Y8.92350
X69.50480 Y8.92350
X69.50480 Y8.93620
X69.51750 Y8.93620
X69.51750 Y8.94890
X69.53020 Y8.94890
X69.53020 Y8.96160
X69.54290 Y8.96160
X69.54290 Y8.97430
X69.55560 Y8.97430
X69.55560 Y8.98700
X69.56830 Y8.98700
X69.56830 Y8.99970
X69.58100 Y8.99970
X69.58100 Y9.01240
X69.59370 Y9.01240
X69.59370 Y9.02510
X69.60640 Y9.02510
X69.60640 Y9.03780
X69.61910 Y9.03780
X69.61910 Y9.05050
X69.63180 Y9.05050
X69.63180 Y9.06320
X69.64450 Y9.06320
X69.64450 Y9.07590
X69.65720 Y9.07590
X69.65720 Y9.08860
X69.66990 Y9.08860
X69.66990 Y9.10130
X69.68260 Y9.10130
X69.68260 Y9.11400
X69.69530 Y9.11400
X69.69530 Y9.12670
X69.70800 Y9.12670
X69.70800 Y9.13940
X69.72070 Y9.13940
X69.72070 Y9.15210
X69.73340 Y9.15210
X69.73340 Y9.16480
X69.74610 Y9.16480
X69.74610 Y9.17750
X69.75880 Y9.17750
X69.75880 Y9.19020
X69.77150 Y9.19020
X69.77150 Y9.20290
X69.78420 Y9.20290
X69.78420 Y9.21560
X69.79690 Y9.21560
X69.79690 Y9.22830
X69.80960 Y9.22830
X69.80960 Y9.24100
X69.82230 Y9.24100
X69.82230 Y9.25370
X69.83500 Y9.25370
X69.83500 Y9.26640
X69.84770 Y9.26640
X69.84770 Y9.27910
X69.86040 Y9.27910
X69.86040 Y9.29180
X69.87310 Y9.29180
X69.87310 Y9.30450
X69.88580 Y9.30450
X69.88580 Y9.31720
X69.89850 Y9.31720
X69.89850 Y9.32990
X69.91120 Y9.32990
X69.91120 Y9.34260
X69.92390 Y9.34260
X69.92390 Y9.35530
X69.93660 Y9.35530
X69.93660 Y9.36800
X69.94930 Y9.36800
X69.94930 Y9.38070
X69.96200 Y9.38070
X69.96200 Y9.39340
X69.97470 Y9.39340
X69.97470 Y9.40610
X69.98740 Y9.40610
X69.98740 Y9.41880
X70.00010 Y9.41880
X70.00010 Y9.43150
X70.01280 Y9.43150
X70.01280 Y9.44420
X70.02550 Y9.44420
X70.02550 Y9.45690
X70.03820 Y9.45690
X70.03820 Y9.46960
X70.05090 Y9.46960
X70.05090 Y9.48230
X70.06360 Y9.48230
X70.06360 Y9.49500
X70.07630 Y9.49500
X70.07630 Y9.50770
X70.08900 Y9.50770
X70.08900 Y9.52040
X70.10170 Y9.52040
X70.10170 Y9.53310
X70.11440 Y9.53310
X70.11440 Y9.54580
X70.12710 Y9.54580
X70.12710 Y9.55850
X70.13980 Y9.55850
X70.13980 Y9.57120
X70.15250 Y9.57120
X70.15250 Y9.58390
X70.16520 Y9.58390
X70.16520 Y9.59660
X70.17790 Y9.59660
X70.17790 Y9.60930
X70.19060 Y9.60930
X70.19060 Y9.62200
X70.20330 Y9.62200
X70.20330 Y9.63470
X70.21600 Y9.63470
X70.21600 Y9.64740
X70.22870 Y9.64740
X70.22870 Y9.66010
X70.24140 Y9.66010
X70.24140 Y9.67280
X70.25410 Y9.67280
X70.25410 Y9.68550
X70.26680 Y9.68550
X70.26680 Y9.69820
X70.27950 Y9.69820
X70.27950 Y9.71090
X70.29220 Y9.71090
X70.29220 Y9.72360
X70.30490 Y9.72360
X70.30490 Y9.73630
X70.31760 Y9.73630
X70.31760 Y9.74900
X70.33030 Y9.74900
X70.33030 Y9.76170
X70.34300 Y9.76170
X70.34300 Y9.77440
X70.35570 Y9.77440
X70.35570 Y9.78710
X70.36840 Y9.78710
X70.36840 Y9.79980
X70.38110 Y9.79980
X70.38110 Y9.81250
X70.39380 Y9.81250
X70.39380 Y9.82520
X70.40650 Y9.82520
X70.40650 Y9.83790
X70.41920 Y9.83790
X70.41920 Y9.85060
X70.43190 Y9.85060
X70.43190 Y9.86330
X70.44460 Y9.86330
X70.44460 Y9.87600
X70.45730 Y9.87600
X70.45730 Y9.88870
X70.47000 Y9.88870
X70.47000 Y9.90140
X70.48270 Y9.90140
X70.48270 Y9.91410
X70.49540 Y9.91410
X70.49540 Y9.92680
X70.50810 Y9.92680
X70.50810 Y9.93950
X70.52080 Y9.93950
X70.52080 Y9.95220
X70.53350 Y9.95220
X70.53350 Y9.96490
X70.54620 Y9.96490
X70.54620 Y9.97760
X70.55890 Y9.97760
X70.55890 Y9.99030
X70.57160 Y9.99030
X70.57160 Y10.00300
X70.58430 Y10.00300
X70.58430 Y10.01570
X70.59700 Y10.01570
X70.59700 Y10.02840
X70.60970 Y10.02840
X70.60970 Y10.04110
X70.62240 Y10.04110
X70.62240 Y10.05380
X70.63510 Y10.05380
X70.63510 Y10.06650
X70.64780 Y10.06650
X70.64780 Y10.07920
X70.66050 Y10.07920
X70.66050 Y10.09190
X70.67320 Y10.09190
X70.67320 Y10.10460
X70.68590 Y10.10460
X70.68590 Y10.11730
X70.69860 Y10.11730
X70.69860 Y10.13000
X70.71130 Y10.13000
X70.71130 Y10.14270
X70.72400 Y10.14270
X70.72400 Y10.15540
X70.73670 Y10.15540
X70.73670 Y10.16810
X70.74940 Y10.16810
X70.74940 Y10.18080
X70.76210 Y10.18080
X70.76210 Y10.19350
X70.77480 Y10.19350
X70.77480 Y10.20620
X70.78750 Y10.20620
X70.78750 Y10.21890
X70.80020 Y10.21890
X70.80020 Y10.23160
X70.81290 Y10.23160
X70.81290 Y10.24430
X70.82560 Y10.24430
X70.82560 Y10.25700
X70.83830 Y10.25700
X70.83830 Y10.26970
X70.85100 Y10.26970
X70.85100 Y10.28240
X70.86370 Y10.28240
X70.86370 Y10.29510
X70.87640 Y10.29510
X70.87640 Y10.30780
X70.88910 Y10.30780
X70.88910 Y10.32050
X70.90180 Y10.32050
X70.90180 Y10.33320
X70.91450 Y10.33320
X70.91450 Y10.34590
X70.92720 Y10.34590
X70.92720 Y10.35860
X70.93990 Y10.35860
X70.93990 Y10.37130
X70.95260 Y10.37130
X70.95260 Y10.38400
X70.96530 Y10.38400
X70.96530 Y10.39670
X70.97800 Y10.39670
X70.97800 Y10.40940
X70.99070 Y10.40940
X70.99070 Y10.42210
X71.00340 Y10.42210
X71.00340 Y10.43480
X71.01610 Y10.43480
X71.01610 Y10.44750
X71.02880 Y10.44750
X71.02880 Y10.46020
X71.04150 Y10.46020
X71.04150 Y10.47290
X71.05420 Y10.47290
X71.05420 Y10.48560
X71.06690 Y10.48560
X71.06690 Y10.49830
X71.07960 Y10.49830
X71.07960 Y10.51100
X71.09230 Y10.51100
X71.09230 Y10.52370
X71.10500 Y10.52370
X71.10500 Y10.53640
X71.11770 Y10.53640
X71.11770 Y10.54910
X71.13040 Y10.54910
X71.13040 Y10.56180
X71.14310 Y10.56180
X71.14310 Y10.57450
X71.15580 Y10.57450
X71.15580 Y10.58720
X71.16850 Y10.58720
X71.16850 Y10.59990
X71.18120 Y10.59990
X71.18120 Y10.61260
X71.19390 Y10.61260
X71.19390 Y10.62530
X71.20660 Y10.62530
X71.20660 Y10.63800
X71.21930 Y10.63800
X71.21930 Y10.65070
X71.23200 Y10.65070
X71.23200 Y10.66340
X71.24470 Y10.66340
X71.24470 Y10.67610
X71.25740 Y10.67610
X71.25740 Y10.68880
X71.27010 Y10.68880
X71.27010 Y10.70150
X71.28280 Y10.70150
X71.28280 Y10.71420
X71.29550 Y10.71420
X71.29550 Y10.72690
X71.30820 Y10.72690
X71.30820 Y10.73960
X71.32090 Y10.73960
X71.32090 Y10.75230
X71.33360 Y10.75230
X71.33360 Y10.76500
X71.34630 Y10.76500
X71.34630 Y10.77770
X71.35900 Y10.77770
X71.35900 Y10.79040
X71.37170 Y10.79040
X71.37170 Y10.80310
X71.38440 Y10.80310
X71.38440 Y10.81580
X71.39710 Y10.81580
X71.39710 Y10.82850
X71.40980 Y10.82850
X71.40980 Y10.84120
X71.42250 Y10.84120
X71.42250 Y10.85390
X71.43520 Y10.85390
X71.43520 Y10.86660
X71.44790 Y10.86660
X71.44790 Y10.87930
X71.46060 Y10.87930
X71.46060 Y10.89200
X71.47330 Y10.89200
X71.47330 Y10.90470
X71.48600 Y10.90470
X71.48600 Y10.91740
X71.49870 Y10.91740
X71.49870 Y10.93010
X71.51140 Y10.93010
X71.51140 Y10.94280
X71.52410 Y10.94280
X71.52410 Y10.95550
X71.53680 Y10.95550
X71.53680 Y10.96820
X71.54950 Y10.96820
X71.54950 Y10.98090
X71.56220 Y10.98090
X71.56220 Y10.99360
X71.57490 Y10.99360
X71.57490 Y11.00630
X71.58760 Y11.00630
X71.58760 Y11.01900
X71.60030 Y11.01900
X71.60030 Y11.03170
X71.61300 Y11.03170
X71.61300 Y11.04440
X71.62570 Y11.04440
X71.62570 Y11.05710
X71.63840 Y11.05710
X71.63840 Y11.06980
X71.65110 Y11.06980
X71.65110 Y11.08250
X71.66380 Y11.08250
X71.66380 Y11.09520
X71.67650 Y11.09520
X71.67650 Y11.10790
X71.68920 Y11.10790
X71.68920 Y11.12060
X71.70190 Y11.12060
X71.70190 Y11.13330
X71.71460 Y11.13330
X71.71460 Y11.14600
X71.72730 Y11.14600
X71.72730 Y11.15870
X71.74000 Y11.15870
X71.74000 Y11.17140
X71.75270 Y11.17140
X71.75270 Y11.18410
X71.76540 Y11.18410
X71.76540 Y11.19680
X71.77810 Y11.19680
X71.77810 Y11.20950
X71.79080 Y11.20950
X71.79080 Y11.22220
X71.80350 Y11.22220
X71.80350 Y11.23490
X71.81620 Y11.23490
X71.81620 Y11.24760
X71.82890 Y11.24760
X71.82890 Y11.26030
X71.84160 Y11.26030
X71.84160 Y11.27300
X71.85430 Y11.27300
X71.85430 Y11.28570
X71.86700 Y11.28570
X71.86700 Y11.29840
X71.87970 Y11.29840
X71.87970 Y11.31110
X71.89240 Y11.31110
X71.89240 Y11.32380
X71.90510 Y11.32380
X71.90510 Y11.33650
X71.91780 Y11.33650
X71.91780 Y11.34920
X71.93050 Y11.34920
X71.93050 Y11.36190
X71.94320 Y11.36190
X71.94320 Y11.37460
X71.95590 Y11.37460
X71.95590 Y11.38730
X71.96860 Y11.38730
X71.96860 Y11.40000
X71.98130 Y11.40000
X71.98130 Y11.41270
X71.99400 Y11.41270
X71.99400 Y11.42540
X72.00670 Y11.42540
X72.00670 Y11.43810
X72.01940 Y11.43810
X72.01940 Y11.45080
X72.03210 Y11.45080
X72.03210 Y11.46350
X72.04480 Y11.46350
X72.04480 Y11.47620
X72.05750 Y11.47620
X72.05750 Y11.48890
X72.07020 Y11.48890
X72.07020 Y11.50160
X72.08290 Y11.50160
X72.08290 Y11.51430
X72.09560 Y11.51430
X72.09560 Y11.52700
X72.10830 Y11.52700
X72.10830 Y11.53970
X72.12100 Y11.53970
X72.12100 Y11.55240
X72.13370 Y11.55240
X72.13370 Y11.56510
X72.14640 Y11.56510
X72.14640 Y11.57780
X72.15910 Y11.57780
X72.15910 Y11.59050
X72.17180 Y11.59050
X72.17180 Y11.60320
X72.18450 Y11.60320
X72.18450 Y11.61590
X72.19720 Y11.61590
X72.19720 Y11.62860
X72.20990 Y11.62860
X72.20990 Y11.64130
X72.22260 Y11.64130
X72.22260 Y11.65400
X72.23530 Y11.65400
X72.23530 Y11.66670
X72.24800 Y11.66670
X72.24800 Y11.67940
X72.26070 Y11.67940
X72.26070 Y11.69210
X72.27340 Y11.69210
X72.27340 Y11.70480
X72.28610 Y11.70480
X72.28610 Y11.71750
X72.29880 Y11.71750
X72.29880 Y11.73020
X72.31150 Y11.73020
X72.31150 Y11.74290
X72.32420 Y11.74290
X72.32420 Y11.75560
X72.33690 Y11.75560
X72.33690 Y11.76830
X72.34960 Y11.76830
X72.34960 Y11.78100
X72.36230 Y11.78100
X72.36230 Y11.79370
X72.37500 Y11.79370
X72.37500 Y11.80640
X72.38770 Y11.80640
X72.38770 Y11.81910
X72.40040 Y11.81910
X72.40040 Y11.83180
X72.41310 Y11.83180
X72.41310 Y11.84450
X72.42580 Y11.84450
X72.42580 Y11.85720
X72.43850 Y11.85720
X72.43850 Y11.86990
X72.45120 Y11.86990
X72.45120 Y11.88260
X72.46390 Y11.88260
X72.46390 Y11.89530
X72.47660 Y11.89530
X72.47660 Y11.90800
X72.48930 Y11.90800
X72.48930 Y11.92070
X72.50200 Y11.92070
X72.50200 Y11.93340
X72.51470 Y11.93340
X72.51470 Y11.94610
X72.52740 Y11.94610
X72.52740 Y11.95880
X72.54010 Y11.95880
X72.54010 Y11.97150
X72.55280 Y11.97150
X72.55280 Y11.98420
X72.56550 Y11.98420
X72.56550 Y11.99690
X72.57820 Y11.99690
X72.57820 Y12.00960
X72.59090 Y12.00960
X72.59090 Y12.02230
X72.60360 Y12.02230
X72.60360 Y12.03500
X72.61630 Y12.03500
X72.61630 Y12.04770
X72.62900 Y12.04770
X72.62900 Y12.06040
X72.64170 Y12.06040
X72.64170 Y12.07310
X72.65440 Y12.07310
X72.65440 Y12.08580
X72.66710 Y12.08580
X72.66710 Y12.09850
X72.67980 Y12.09850
X72.67980 Y12.11120
X72.69250 Y12.11120
X72.69250 Y12.12390
X72.70520 Y12.12390
X72.70520 Y12.13660
X72.71790 Y12.13660
X72.71790 Y12.14930
X72.73060 Y12.14930
X72.73060 Y12.16200
X72.74330 Y12.16200
X72.74330 Y12.17470
X72.75600 Y12.17470
X72.75600 Y12.18740
X72.76870 Y12.18740
X72.76870 Y12.20010
X72.78140 Y12.20010
X72.78140 Y12.21280
X72.79410 Y12.21280
X72.79410 Y12.22550
X72.80680 Y12.22550
X72.80680 Y12.23820
X72.81950 Y12.23820
X72.81950 Y12.25090
X72.83220 Y12.25090
X72.83220 Y12.26360
X72.84490 Y12.26360
X72.84490 Y12.27630
X72.85760 Y12.27630
X72.85760 Y12.28900
X72.87030 Y12.28900
X72.87030 Y12.30170
X72.88300 Y12.30170
X72.88300 Y12.31440
X72.89570 Y12.31440
X72.89570 Y12.32710
X72.90840 Y12.32710
X72.90840 Y12.33980
X72.92110 Y12.33980
X72.92110 Y12.35250
X72.93380 Y12.35250
X72.93380 Y12.36520
X72.94650 Y12.36520
X72.94650 Y12.37790
X72.95920 Y12.37790
X72.95920 Y12.39060
X72.97190 Y12.39060
X72.97190 Y12.40330
X72.98460 Y12.40330
X72.98460 Y12.41600
X72.99730 Y12.41600
X72.99730 Y12.42870
X73.01000 Y12.42870
X73.01000 Y12.44140
X73.02270 Y12.44140
X73.02270 Y12.45410
X73.03540 Y12.45410
X73.03540 Y12.46680
X73.04810 Y12.46680
X73.04810 Y12.47950
X73.06080 Y12.47950
X73.06080 Y12.49220
X73.07350 Y12.49220
X73.07350 Y12.50490
X73.08620 Y12.50490
X73.08620 Y12.51760
X73.09890 Y12.51760
X73.09890 Y12.53030
X73.11160 Y12.53030
X73.11160 Y12.54300
X73.12430 Y12.54300
X73.12430 Y12.55570
X73.13700 Y12.55570
X73.13700 Y12.56840
X73.14970 Y12.56840
X73.14970 Y12.58110
X73.16240 Y12.58110
X73.16240 Y12.59380
X73.17510 Y12.59380
X73.17510 Y12.60650
X73.18780 Y12.60650
X73.18780 Y12.61920
X73.20050 Y12.61920
X73.20050 Y12.63190
X73.21320 Y12.63190
X73.21320 Y12.64460
X73.22590 Y12.64460
X73.22590 Y12.65730
X73.23860 Y12.65730
X73.23860 Y12.67000
X73.25130 Y12.67000
X73.25130 Y12.68270
X73.26400 Y12.68270
X73.26400 Y12.70810
X73.27670 Y12.70810
X73.27670 Y12.73350
X73.28940 Y12.73350
X73.28940 Y16.83560
X73.30210 Y16.83560
X73.30210 Y16.84830
X73.34020 Y16.84830
X73.34020 Y16.86100
X73.39100 Y16.86100
X73.39100 Y16.87370
X73.42910 Y16.87370
X73.42910 Y16.88640
X73.45450 Y16.88640
X73.45450 Y16.89910
X73.47990 Y16.89910
X73.47990 Y16.91180
X73.49260 Y16.91180
X73.49260 Y16.92450
X73.51800 Y16.92450
X73.51800 Y16.93720
X73.54340 Y16.93720
X73.54340 Y16.94990
X73.56880 Y16.94990
X73.56880 Y16.96260
X73.58150 Y16.96260
X73.58150 Y16.97530
X73.59420 Y16.97530
X73.59420 Y16.98800
X73.60690 Y16.98800
X73.60690 Y17.00070
X73.61960 Y17.00070
X73.61960 Y17.01340
X73.64500 Y17.01340
X73.64500 Y17.02610
X73.65770 Y17.02610
X73.65770 Y17.03880
X73.67040 Y17.03880
X73.67040 Y17.05150
X73.68310 Y17.05150
X73.68310 Y17.06420
X73.69580 Y17.06420
X73.69580 Y17.08960
X73.70850 Y17.08960
X73.70850 Y17.10230
X73.72120 Y17.10230
X73.72120 Y17.11500
X73.73390 Y17.11500
X73.73390 Y17.12770
X73.74660 Y17.12770
X73.74660 Y17.14040
X73.75930 Y17.14040
X73.75930 Y17.16580
X73.77200 Y17.16580
X73.77200 Y17.19120
X73.78470 Y17.19120
X73.78470 Y17.21660
X73.79740 Y17.21660
X73.79740 Y17.22930
X73.81010 Y17.22930
X73.81010 Y17.25470
X73.82280 Y17.25470
X73.82280 Y17.28010
X73.83550 Y17.28010
X73.83550 Y17.31820
X73.84820 Y17.31820
X73.84820 Y17.36900
X73.86090 Y17.36900
X73.86090 Y17.40710
X73.87360 Y17.40710
X73.87360 Y17.49600
X73.88630 Y17.49600
X73.88630 Y17.83890
X73.87360 Y17.83890
X73.87360 Y17.92780
X73.86090 Y17.92780
X73.86090 Y17.96590
X73.84820 Y17.96590
X73.84820 Y18.01670
X73.83550 Y18.01670
X73.83550 Y18.05480
X73.82280 Y18.05480
X73.82280 Y18.08020
X73.81010 Y18.08020
X73.81010 Y18.10560
X73.79740 Y18.10560
X73.79740 Y18.11830
X73.78470 Y18.11830
X73.78470 Y18.14370
X73.77200 Y18.14370
X73.77200 Y18.16910
X73.75930 Y18.16910
X73.75930 Y18.19450
X73.74660 Y18.19450
X73.74660 Y18.20720
X73.73390 Y18.20720
X73.73390 Y18.21990
X73.72120 Y18.21990
X73.72120 Y18.23260
X73.70850 Y18.23260
X73.70850 Y18.24530
X73.69580 Y18.24530
X73.69580 Y18.27070
X73.68310 Y18.27070
X73.68310 Y18.28340
X73.67040 Y18.28340
X73.67040 Y18.29610
X73.65770 Y18.29610
X73.65770 Y18.30880
X73.64500 Y18.30880
X73.64500 Y18.32150
X73.61960 Y18.32150
X73.61960 Y18.33420
X73.60690 Y18.33420
X73.60690 Y18.34690
X73.59420 Y18.34690
X73.59420 Y18.35960
X73.58150 Y18.35960
X73.58150 Y18.37230
X73.56880 Y18.37230
X73.56880 Y18.38500
X73.54340 Y18.38500
X73.54340 Y18.39770
X73.51800 Y18.39770
X73.51800 Y18.41040
X73.49260 Y18.41040
X73.49260 Y18.42310
X73.47990 Y18.42310
X73.47990 Y18.43580
X73.45450 Y18.43580
X73.45450 Y18.44850
X73.42910 Y18.44850
X73.42910 Y18.46120
X73.37830 Y18.46120
X73.37830 Y18.47390
X73.34020 Y18.47390
X73.34020 Y18.48660
X73.30210 Y18.48660
X73.30210 Y18.49930
X73.20050 Y18.49930
X73.20050 Y18.51200
X72.88300 Y18.51200
X72.88300 Y18.49930
X72.78140 Y18.49930
X72.78140 Y18.48660
X72.74330 Y18.48660
X72.74330 Y18.47390
X72.70520 Y18.47390
X72.70520 Y18.46120
X72.65440 Y18.46120
X72.65440 Y18.44850
X72.62900 Y18.44850
X72.62900 Y18.43580
X72.60360 Y18.43580
X72.60360 Y18.42310
X72.59090 Y18.42310
X72.59090 Y18.41040
G04 P0 ( dwell for no time -- G64 should not smooth over this point )
G00 Z5.00000 ( retract )

G00 X23.58160 Y43.60720 ( rapid move to begin. )
F300.00000
G01 Z-0.05000
G04 P0 ( dwell for no time -- G64 should not smooth over this point )
F600.00000
X23.58160 Y43.60720
X23.55620 Y43.60720
X23.55620 Y43.59450
X23.53080 Y43.59450
X23.53080 Y43.58180
X23.50540 Y43.58180
X23.50540 Y43.56910
X23.49270 Y43.56910
X23.49270 Y43.55640
X23.48000 Y43.55640
X23.48000 Y43.54370
X23.46730 Y43.54370
X23.46730 Y43.53100
X23.45460 Y43.53100
X23.45460 Y43.51830
X23.42920 Y43.51830
X23.42920 Y43.50560
X23.41650 Y43.50560
X23.41650 Y43.49290
X23.40380 Y43.49290
X23.40380 Y43.48020
X23.39110 Y43.48020
X23.39110 Y43.46750
X23.37840 Y43.46750
X23.37840 Y43.44210
X23.36570 Y43.44210
X23.36570 Y43.42940
X23.35300 Y43.42940
X23.35300 Y43.41670
X23.34030 Y43.41670
X23.34030 Y43.40400
X23.32760 Y43.40400
X23.32760 Y43.39130
X23.31490 Y43.39130
X23.31490 Y43.36590
X23.30220 Y43.36590
X23.30220 Y43.34050
X23.28950 Y43.34050
X23.28950 Y43.31510
X23.27680 Y43.31510
X23.27680 Y43.30240
X23.26410 Y43.30240
X23.26410 Y43.27700
X23.25140 Y43.27700
X23.25140 Y43.25160
X23.23870 Y43.25160
X23.23870 Y43.20080
X23.22600 Y43.20080
X23.22600 Y43.16270
X23.21330 Y43.16270
X23.21330 Y43.12460
X23.20060 Y43.12460
X23.20060 Y43.02300
X23.18790 Y43.02300
X23.18790 Y42.70550
X23.20060 Y42.70550
X23.20060 Y42.60390
X23.21330 Y42.60390
X23.21330 Y42.56580
X23.22600 Y42.56580
X23.22600 Y42.52770
X23.23870 Y42.52770
X23.23870 Y42.47690
X23.25140 Y42.47690
X23.25140 Y42.45150
X23.26410 Y42.45150
X23.26410 Y42.42610
X23.27680 Y42.42610
X23.27680 Y42.41340
X23.28950 Y42.41340
X23.28950 Y42.38800
X23.30220 Y42.38800
X23.30220 Y42.36260
X23.31490 Y42.36260
X23.31490 Y42.33720
X23.32760 Y42.33720
X23.32760 Y42.32450
X23.34030 Y42.32450
X23.34030 Y42.31180
X23.35300 Y42.31180
X23.35300 Y42.29910
X23.36570 Y42.29910
X23.36570 Y42.28640
X23.37840 Y42.28640
X23.37840 Y42.26100
X23.39110 Y42.26100
X23.39110 Y42.24830
X23.40380 Y42.24830
X23.40380 Y42.23560
X23.41650 Y42.23560
X23.41650 Y42.22290
X23.42920 Y42.22290
X23.42920 Y42.21020
X23.45460 Y42.21020
X23.45460 Y42.19750
X23.46730 Y42.19750
X23.46730 Y42.18480
X23.48000 Y42.18480
X23.48000 Y42.17210
X23.49270 Y42.17210
X23.49270 Y42.15940
X23.50540 Y42.15940
X23.50540 Y42.14670
X23.53080 Y42.14670
X23.53080 Y42.13400
X23.55620 Y42.13400
X23.55620 Y42.12130
X23.58160 Y42.12130
X23.58160 Y42.10860
X23.59430 Y42.10860
X23.59430 Y42.09590
X23.61970 Y42.09590
X23.61970 Y42.08320
X23.64510 Y42.08320
X23.64510 Y42.07050
X23.69590 Y42.07050
X23.69590 Y42.05780
X23.73400 Y42.05780
X23.73400 Y42.04510
X23.77210 Y42.04510
X23.77210 Y42.03240
X23.86100 Y42.03240
X23.86100 Y42.01970
X24.20390 Y42.01970
X24.20390 Y42.03240
X24.29280 Y42.03240
X24.29280 Y42.04510
X24.33090 Y42.04510
X24.33090 Y42.05780
X24.38170 Y42.05780
X24.38170 Y42.07050
X24.41980 Y42.07050
X24.41980 Y42.07050
X24.43250 Y42.07050
X24.43250 Y42.05780
X24.44520 Y42.05780
X24.44520 Y42.04510
X24.45790 Y42.04510
X24.45790 Y42.03240
X24.47060 Y42.03240
X24.47060 Y42.01970
X24.48330 Y42.01970
X24.48330 Y42.00700
X24.49600 Y42.00700
X24.49600 Y41.99430
X24.50870 Y41.99430
X24.50870 Y41.98160
X24.52140 Y41.98160
X24.52140 Y41.96890
X24.53410 Y41.96890
X24.53410 Y41.95620
X24.54680 Y41.95620
X24.54680 Y41.94350
X24.55950 Y41.94350
X24.55950 Y41.93080
X24.57220 Y41.93080
X24.57220 Y41.91810
X24.58490 Y41.91810
X24.58490 Y41.90540
X24.59760 Y41.90540
X24.59760 Y41.89270
X24.61030 Y41.89270
X24.61030 Y41.88000
X24.62300 Y41.88000
X24.62300 Y41.86730
X24.63570 Y41.86730
X24.63570 Y41.85460
X24.64840 Y41.85460
X24.64840 Y41.84190
X24.66110 Y41.84190
X24.66110 Y41.82920
X24.67380 Y41.82920
X24.67380 Y41.81650
X24.68650 Y41.81650
X24.68650 Y41.80380
X24.69920 Y41.80380
X24.69920 Y41.79110
X24.71190 Y41.79110
X24.71190 Y41.77840
X24.72460 Y41.77840
X24.72460 Y41.76570
X24.73730 Y41.76570
X24.73730 Y41.75300
X24.75000 Y41.75300
X24.75000 Y41.74030
X24.76270 Y41.74030
X24.76270 Y41.72760
X24.77540 Y41.72760
X24.77540 Y41.71490
X24.78810 Y41.71490
X24.78810 Y41.70220
X24.80080 Y41.70220
X24.80080 Y41.68950
X24.81350 Y41.68950
X24.81350 Y41.67680
X24.82620 Y41.67680
X24.82620 Y41.66410
X24.83890 Y41.66410
X24.83890 Y41.65140
X24.85160 Y41.65140
X24.85160 Y41.63870
X24.86430 Y41.63870
X24.86430 Y41.62600
X24.87700 Y41.62600
X24.87700 Y41.61330
X24.88970 Y41.61330
X24.88970 Y41.60060
X24.90240 Y41.60060
X24.90240 Y41.58790
X24.91510 Y41.58790
X24.91510 Y41.57520
X24.92780 Y41.57520
X24.92780 Y41.56250
X24.94050 Y41.56250
X24.94050 Y41.54980
X24.95320 Y41.54980
X24.95320 Y41.53710
X24.96590 Y41.53710
X24.96590 Y41.52440
X24.97860 Y41.52440
X24.97860 Y41.51170
X24.99130 Y41.51170
X24.99130 Y41.49900
X25.00400 Y41.49900
X25.00400 Y41.48630
X25.01670 Y41.48630
X25.01670 Y41.47360
X25.02940 Y41.47360
X25.02940 Y41.46090
X25.04210 Y41.46090
X25.04210 Y41.44820
X25.05480 Y41.44820
X25.05480 Y41.43550
X25.06750 Y41.43550
X25.06750 Y41.42280
X25.08020 Y41.42280
X25.08020 Y41.41010
X25.09290 Y41.41010
X25.09290 Y41.39740
X25.10560 Y41.39740
X25.10560 Y41.38470
X25.11830 Y41.38470
X25.11830 Y41.37200
X25.13100 Y41.37200
X25.13100 Y41.35930
X25.14370 Y41.35930
X25.14370 Y41.34660
X25.15640 Y41.34660
X25.15640 Y41.33390
X25.16910 Y41.33390
X25.16910 Y41.32120
X25.18180 Y41.32120
X25.18180 Y41.30850
X25.19450 Y41.30850
X25.19450 Y41.29580
X25.20720 Y41.29580
X25.20720 Y41.28310
X25.21990 Y41.28310
X25.21990 Y41.27040
X25.23260 Y41.27040
X25.23260 Y41.25770
X25.24530 Y41.25770
X25.24530 Y41.24500
X25.25800 Y41.24500
X25.25800 Y41.23230
X25.27070 Y41.23230
X25.27070 Y41.21960
X25.28340 Y41.21960
X25.28340 Y41.20690
X25.29610 Y41.20690
X25.29610 Y41.19420
X25.30880 Y41.19420
X25.30880 Y41.18150
X25.32150 Y41.18150
X25.32150 Y41.16880
X25.33420 Y41.16880
X25.33420 Y41.15610
X25.34690 Y41.15610
X25.34690 Y41.14340
X25.35960 Y41.14340
X25.35960 Y41.13070
X25.37230 Y41.13070
X25.37230 Y41.11800
X25.38500 Y41.11800
X25.38500 Y41.10530
X25.39770 Y41.10530
X25.39770 Y41.09260
X25.41040 Y41.09260
X25.41040 Y41.07990
X25.42310 Y41.07990
X25.42310 Y41.06720
X25.43580 Y41.06720
X25.43580 Y41.05450
X25.44850 Y41.05450
X25.44850 Y41.04180
X25.46120 Y41.04180
X25.46120 Y41.02910
X25.47390 Y41.02910
X25.47390 Y41.01640
X25.48660 Y41.01640
X25.48660 Y41.00370
X25.49930 Y41.00370
X25.49930 Y40.99100
X25.51200 Y40.99100
X25.51200 Y40.97830
X25.52470 Y40.97830
X25.52470 Y40.96560
X25.53740 Y40.96560
X25.53740 Y40.95290
X25.55010 Y40.95290
X25.55010 Y40.94020
X25.56280 Y40.94020
X25.56280 Y40.92750
X25.57550 Y40.92750
X25.57550 Y40.91480
X25.58820 Y40.91480
X25.58820 Y40.90210
X25.60090 Y40.90210
X25.60090 Y40.88940
X25.61360 Y40.88940
X25.61360 Y40.87670
X25.62630 Y40.87670
X25.62630 Y40.86400
X25.63900 Y40.86400
X25.63900 Y40.85130
X25.65170 Y40.85130
X25.65170 Y40.83860
X25.66440 Y40.83860
X25.66440 Y40.82590
X25.67710 Y40.82590
X25.67710 Y40.81320
X25.68980 Y40.81320
X25.68980 Y40.80050
X25.70250 Y40.80050
X25.70250 Y40.78780
X25.71520 Y40.78780
X25.71520 Y40.77510
X25.72790 Y40.77510
X25.72790 Y40.76240
X25.74060 Y40.76240
X25.74060 Y40.74970
X25.75330 Y40.74970
X25.75330 Y40.73700
X25.76600 Y40.73700
X25.76600 Y40.72430
X25.77870 Y40.72430
X25.77870 Y40.71160
X25.79140 Y40.71160
X25.79140 Y40.69890
X25.80410 Y40.69890
X25.80410 Y40.68620
X25.81680 Y40.68620
X25.81680 Y40.67350
X25.82950 Y40.67350
X25.82950 Y40.66080
X25.84220 Y40.66080
X25.84220 Y40.64810
X25.85490 Y40.64810
X25.85490 Y40.63540
X25.86760 Y40.63540
X25.86760 Y40.62270
X25.88030 Y40.62270
X25.88030 Y40.61000
X25.89300 Y40.61000
X25.89300 Y40.59730
X25.90570 Y40.59730
X25.90570 Y40.58460
X25.91840 Y40.58460
X25.91840 Y40.57190
X25.93110 Y40.57190
X25.93110 Y40.55920
X25.94380 Y40.55920
X25.94380 Y40.54650
X25.95650 Y40.54650
X25.95650 Y40.53380
X25.96920 Y40.53380
X25.96920 Y40.52110
X25.98190 Y40.52110
X25.98190 Y40.50840
X25.99460 Y40.50840
X25.99460 Y40.49570
X26.00730 Y40.49570
X26.00730 Y40.48300
X26.02000 Y40.48300
X26.02000 Y40.47030
X26.03270 Y40.47030
X26.03270 Y40.45760
X26.04540 Y40.45760
X26.04540 Y40.44490
X26.05810 Y40.44490
X26.05810 Y40.43220
X26.07080 Y40.43220
X26.07080 Y40.41950
X26.08350 Y40.41950
X26.08350 Y40.40680
X26.09620 Y40.40680
X26.09620 Y40.39410
X26.10890 Y40.39410
X26.10890 Y40.38140
X26.12160 Y40.38140
X26.12160 Y40.36870
X26.13430 Y40.36870
X26.13430 Y40.35600
X26.14700 Y40.35600
X26.14700 Y40.34330
X26.15970 Y40.34330
X26.15970 Y40.33060
X26.17240 Y40.33060
X26.17240 Y40.31790
X26.18510 Y40.31790
X26.18510 Y40.30520
X26.19780 Y40.30520
X26.19780 Y40.29250
X26.21050 Y40.29250
X26.21050 Y40.27980
X26.22320 Y40.27980
X26.22320 Y40.26710
X26.23590 Y40.26710
X26.23590 Y40.25440
X26.24860 Y40.25440
X26.24860 Y40.24170
X26.26130 Y40.24170
X26.26130 Y40.22900
X26.27400 Y40.22900
X26.27400 Y40.21630
X26.28670 Y40.21630
X26.28670 Y40.20360
X26.29940 Y40.20360
X26.29940 Y40.19090
X26.31210 Y40.19090
X26.31210 Y40.17820
X26.32480 Y40.17820
X26.32480 Y40.16550
X26.33750 Y40.16550
X26.33750 Y40.15280
X26.35020 Y40.15280
X26.35020 Y40.14010
X26.36290 Y40.14010
X26.36290 Y40.12740
X26.37560 Y40.12740
X26.37560 Y40.11470
X26.38830 Y40.11470
X26.38830 Y40.10200
X26.40100 Y40.10200
X26.40100 Y40.08930
X26.41370 Y40.08930
X26.41370 Y40.07660
X26.42640 Y40.07660
X26.42640 Y40.06390
X26.43910 Y40.06390
X26.43910 Y40.05120
X26.45180 Y40.05120
X26.45180 Y40.03850
X26.46450 Y40.03850
X26.46450 Y40.02580
X26.47720 Y40.02580
X26.47720 Y40.01310
X26.48990 Y40.01310
X26.48990 Y40.00040
X26.50260 Y40.00040
X26.50260 Y39.98770
X26.51530 Y39.98770
X26.51530 Y39.97500
X26.52800 Y39.97500
X26.52800 Y39.96230
X26.54070 Y39.96230
X26.54070 Y39.94960
X26.55340 Y39.94960
X26.55340 Y39.93690
X26.56610 Y39.93690
X26.56610 Y39.92420
X26.57880 Y39.92420
X26.57880 Y39.91150
X26.59150 Y39.91150
X26.59150 Y39.89880
X26.60420 Y39.89880
X26.60420 Y39.88610
X26.61690 Y39.88610
X26.61690 Y39.87340
X26.62960 Y39.87340
X26.62960 Y39.86070
X26.64230 Y39.86070
X26.64230 Y39.84800
X26.65500 Y39.84800
X26.65500 Y39.83530
X26.66770 Y39.83530
X26.66770 Y39.82260
X26.68040 Y39.82260
X26.68040 Y39.80990
X26.69310 Y39.80990
X26.69310 Y39.79720
X26.70580 Y39.79720
X26.70580 Y39.78450
X26.71850 Y39.78450
X26.71850 Y39.77180
X26.73120 Y39.77180
X26.73120 Y39.75910
X26.74390 Y39.75910
X26.74390 Y39.74640
X26.75660 Y39.74640
X26.75660 Y39.73370
X26.76930 Y39.73370
X26.76930 Y39.72100
X26.78200 Y39.72100
X26.78200 Y39.70830
X26.79470 Y39.70830
X26.79470 Y39.69560
X26.80740 Y39.69560
X26.80740 Y39.68290
X26.82010 Y39.68290
X26.82010 Y39.67020
X26.83280 Y39.67020
X26.83280 Y39.65750
X26.84550 Y39.65750
X26.84550 Y39.64480
X26.85820 Y39.64480
X26.85820 Y39.63210
X26.87090 Y39.63210
X26.87090 Y39.61940
X26.88360 Y39.61940
X26.88360 Y39.60670
X26.89630 Y39.60670
X26.89630 Y39.59400
X26.90900 Y39.59400
X26.90900 Y39.58130
X26.92170 Y39.58130
X26.92170 Y39.56860
X26.93440 Y39.56860
X26.93440 Y39.55590
X26.94710 Y39.55590
X26.94710 Y39.54320
X26.95980 Y39.54320
X26.95980 Y39.53050
X26.97250 Y39.53050
X26.97250 Y39.51780
X26.98520 Y39.51780
X26.98520 Y39.50510
X26.99790 Y39.50510
X26.99790 Y39.49240
X27.01060 Y39.49240
X27.01060 Y39.47970
X27.02330 Y39.47970
X27.02330 Y39.46700
X27.03600 Y39.46700
X27.03600 Y39.45430
X27.04870 Y39.45430
X27.04870 Y39.44160
X27.06140 Y39.44160
X27.06140 Y39.42890
X27.07410 Y39.42890
X27.07410 Y39.41620
X27.08680 Y39.41620
X27.08680 Y39.40350
X27.09950 Y39.40350
X27.09950 Y39.39080
X27.11220 Y39.39080
X27.11220 Y39.37810
X27.12490 Y39.37810
X27.12490 Y39.36540
X27.13760 Y39.36540
X27.13760 Y39.35270
X27.15030 Y39.35270
X27.15030 Y39.34000
X27.16300 Y39.34000
X27.16300 Y39.32730
X27.17570 Y39.32730
X27.17570 Y39.31460
X27.18840 Y39.31460
X27.18840 Y39.30190
X27.20110 Y39.30190
X27.20110 Y39.28920
X27.21380 Y39.28920
X27.21380 Y39.27650
X27.22650 Y39.27650
X27.22650 Y39.26380
X27.23920 Y39.26380
X27.23920 Y39.25110
X27.25190 Y39.25110
X27.25190 Y39.23840
X27.26460 Y39.23840
X27.26460 Y39.22570
X27.27730 Y39.22570
X27.27730 Y39.21300
X27.29000 Y39.21300
X27.29000 Y39.20030
X27.30270 Y39.20030
X27.30270 Y39.18760
X27.31540 Y39.18760
X27.31540 Y39.17490
X27.32810 Y39.17490
X27.32810 Y39.16220
X27.34080 Y39.16220
X27.34080 Y39.14950
X27.35350 Y39.14950
X27.35350 Y39.13680
X27.36620 Y39.13680
X27.36620 Y39.12410
X27.37890 Y39.12410
X27.37890 Y39.11140
X27.39160 Y39.11140
X27.39160 Y39.09870
X27.40430 Y39.09870
X27.40430 Y39.08600
X27.41700 Y39.08600
X27.41700 Y39.07330
X27.42970 Y39.07330
X27.42970 Y39.06060
X27.44240 Y39.06060
X27.44240 Y39.04790
X27.45510 Y39.04790
X27.45510 Y39.03520
X27.46780 Y39.03520
X27.46780 Y39.02250
X27.48050 Y39.02250
X27.48050 Y39.00980
X27.49320 Y39.00980
X27.49320 Y38.99710
X27.50590 Y38.99710
X27.50590 Y38.98440
X27.51860 Y38.98440
X27.51860 Y38.97170
X27.53130 Y38.97170
X27.53130 Y38.95900
X27.54400 Y38.95900
X27.54400 Y38.94630
X27.55670 Y38.94630
X27.55670 Y38.93360
X27.56940 Y38.93360
X27.56940 Y38.92090
X27.58210 Y38.92090
X27.58210 Y38.90820
X27.59480 Y38.90820
X27.59480 Y38.89550
X27.60750 Y38.89550
X27.60750 Y38.88280
X27.62020 Y38.88280
X27.62020 Y38.87010
X27.63290 Y38.87010
X27.63290 Y38.85740
X27.64560 Y38.85740
X27.64560 Y38.84470
X27.65830 Y38.84470
X27.65830 Y38.83200
X27.67100 Y38.83200
X27.67100 Y38.81930
X27.68370 Y38.81930
X27.68370 Y38.80660
X27.69640 Y38.80660
X27.69640 Y38.79390
X27.70910 Y38.79390
X27.70910 Y38.78120
X27.72180 Y38.78120
X27.72180 Y38.76850
X27.73450 Y38.76850
X27.73450 Y38.75580
X27.74720 Y38.75580
X27.74720 Y38.74310
X27.75990 Y38.74310
X27.75990 Y38.73040
X27.77260 Y38.73040
X27.77260 Y38.71770
X27.78530 Y38.71770
X27.78530 Y38.70500
X27.79800 Y38.70500
X27.79800 Y38.69230
X27.81070 Y38.69230
X27.81070 Y38.67960
X27.82340 Y38.67960
X27.82340 Y38.66690
X27.83610 Y38.66690
X27.83610 Y38.65420
X27.84880 Y38.65420
X27.84880 Y38.64150
X27.86150 Y38.64150
X27.86150 Y38.62880
X27.87420 Y38.62880
X27.87420 Y38.61610
X27.88690 Y38.61610
X27.88690 Y38.60340
X27.89960 Y38.60340
X27.89960 Y38.59070
X27.91230 Y38.59070
X27.91230 Y38.57800
X27.92500 Y38.57800
X27.92500 Y38.56530
X27.93770 Y38.56530
X27.93770 Y38.55260
X27.95040 Y38.55260
X27.95040 Y38.53990
X27.96310 Y38.53990
X27.96310 Y38.52720
X27.97580 Y38.52720
X27.97580 Y38.51450
X27.98850 Y38.51450
X27.98850 Y38.50180
X28.00120 Y38.50180
X28.00120 Y38.48910
X28.01390 Y38.48910
X28.01390 Y38.47640
X28.02660 Y38.47640
X28.02660 Y38.46370
X28.03930 Y38.46370
X28.03930 Y38.45100
X28.05200 Y38.45100
X28.05200 Y38.43830
X28.06470 Y38.43830
X28.06470 Y38.42560
X28.07740 Y38.42560
X28.07740 Y38.41290
X28.09010 Y38.41290
X28.09010 Y38.40020
X28.10280 Y38.40020
X28.10280 Y38.38750
X28.11550 Y38.38750
X28.11550 Y38.37480
X28.12820 Y38.37480
X28.12820 Y38.36210
X28.14090 Y38.36210
X28.14090 Y38.34940
X28.15360 Y38.34940
X28.15360 Y38.33670
X28.16630 Y38.33670
X28.16630 Y38.32400
X28.17900 Y38.32400
X28.17900 Y38.31130
X28.19170 Y38.31130
X28.19170 Y38.29860
X28.20440 Y38.29860
X28.20440 Y38.28590
X28.21710 Y38.28590
X28.21710 Y38.27320
X28.22980 Y38.27320
X28.22980 Y38.26050
X28.24250 Y38.26050
X28.24250 Y38.24780
X28.25520 Y38.24780
X28.25520 Y38.23510
X28.26790 Y38.23510
X28.26790 Y38.22240
X28.28060 Y38.22240
X28.28060 Y38.20970
X28.29330 Y38.20970
X28.29330 Y38.19700
X28.30600 Y38.19700
X28.30600 Y38.18430
X28.31870 Y38.18430
X28.31870 Y38.17160
X28.33140 Y38.17160
X28.33140 Y38.15890
X28.34410 Y38.15890
X28.34410 Y38.14620
X28.35680 Y38.14620
X28.35680 Y38.13350
X28.36950 Y38.13350
X28.36950 Y38.12080
X28.38220 Y38.12080
X28.38220 Y38.10810
X28.39490 Y38.10810
X28.39490 Y38.09540
X28.40760 Y38.09540
X28.40760 Y38.08270
X28.42030 Y38.08270
X28.42030 Y38.07000
X28.43300 Y38.07000
X28.43300 Y38.05730
X28.44570 Y38.05730
X28.44570 Y38.04460
X28.45840 Y38.04460
X28.45840 Y38.03190
X28.47110 Y38.03190
X28.47110 Y38.01920
X28.48380 Y38.01920
X28.48380 Y38.00650
X28.49650 Y38.00650
X28.49650 Y37.99380
X28.50920 Y37.99380
X28.50920 Y37.98110
X28.52190 Y37.98110
X28.52190 Y37.96840
X28.53460 Y37.96840
X28.53460 Y37.95570
X28.54730 Y37.95570
X28.54730 Y37.94300
X28.56000 Y37.94300
X28.56000 Y37.93030
X28.57270 Y37.93030
X28.57270 Y37.91760
X28.58540 Y37.91760
X28.58540 Y37.90490
X28.59810 Y37.90490
X28.59810 Y37.89220
X28.61080 Y37.89220
X28.61080 Y37.87950
X28.62350 Y37.87950
X28.62350 Y37.86680
X28.63620 Y37.86680
X28.63620 Y37.85410
X28.64890 Y37.85410
X28.64890 Y37.84140
X28.66160 Y37.84140
X28.66160 Y37.82870
X28.67430 Y37.82870
X28.67430 Y37.81600
X28.68700 Y37.81600
X28.68700 Y37.80330
X28.69970 Y37.80330
X28.69970 Y37.79060
X28.71240 Y37.79060
X28.71240 Y37.77790
X28.72510 Y37.77790
X28.72510 Y37.76520
X28.73780 Y37.76520
X28.73780 Y37.75250
X28.75050 Y37.75250
X28.75050 Y37.73980
X28.76320 Y37.73980
X28.76320 Y37.72710
X28.77590 Y37.72710
X28.77590 Y37.71440
X28.78860 Y37.71440
X28.78860 Y37.70170
X28.80130 Y37.70170
X28.80130 Y37.68900
X28.81400 Y37.68900
X28.81400 Y37.67630
X28.82670 Y37.67630
X28.82670 Y37.66360
X28.83940 Y37.66360
X28.83940 Y37.65090
X28.85210 Y37.65090
X28.85210 Y37.63820
X28.86480 Y37.63820
X28.86480 Y37.62550
X28.87750 Y37.62550
X28.87750 Y37.61280
X28.89020 Y37.61280
X28.89020 Y37.60010
X28.90290 Y37.60010
X28.90290 Y37.58740
X28.91560 Y37.58740
X28.91560 Y37.57470
X28.92830 Y37.57470
X28.92830 Y37.56200
X28.94100 Y37.56200
X28.94100 Y37.54930
X28.95370 Y37.54930
X28.95370 Y37.53660
X28.96640 Y37.53660
X28.96640 Y37.52390
X28.97910 Y37.52390
X28.97910 Y37.51120
X28.99180 Y37.51120
X28.99180 Y37.49850
X29.00450 Y37.49850
X29.00450 Y37.48580
X29.01720 Y37.48580
X29.01720 Y37.47310
X29.02990 Y37.47310
X29.02990 Y37.46040
X29.04260 Y37.46040
X29.04260 Y37.44770
X29.05530 Y37.44770
X29.05530 Y37.43500
X29.06800 Y37.43500
X29.06800 Y37.42230
X29.08070 Y37.42230
X29.08070 Y37.40960
X29.09340 Y37.40960
X29.09340 Y37.39690
X29.10610 Y37.39690
X29.10610 Y37.38420
X29.11880 Y37.38420
X29.11880 Y37.37150
X29.13150 Y37.37150
X29.13150 Y37.35880
X29.14420 Y37.35880
X29.14420 Y37.34610
X29.15690 Y37.34610
X29.15690 Y37.33340
X29.16960 Y37.33340
X29.16960 Y37.32070
X29.18230 Y37.32070
X29.18230 Y37.30800
X29.19500 Y37.30800
X29.19500 Y37.29530
X29.20770 Y37.29530
X29.20770 Y37.28260
X29.22040 Y37.28260
X29.22040 Y37.26990
X29.23310 Y37.26990
X29.23310 Y37.25720
X29.24580 Y37.25720
X29.24580 Y37.24450
X29.25850 Y37.24450
X29.25850 Y37.23180
X29.27120 Y37.23180
X29.27120 Y37.21910
X29.28390 Y37.21910
X29.28390 Y37.20640
X29.29660 Y37.20640
X29.29660 Y37.19370
X29.30930 Y37.19370
X29.30930 Y37.18100
X29.32200 Y37.18100
X29.32200 Y37.16830
X29.33470 Y37.16830
X29.33470 Y37.15560
X29.34740 Y37.15560
X29.34740 Y37.14290
X29.36010 Y37.14290
X29.36010 Y37.13020
X29.37280 Y37.13020
X29.37280 Y37.11750
X29.38550 Y37.11750
X29.38550 Y37.10480
X29.39820 Y37.10480
X29.39820 Y37.09210
X29.41090 Y37.09210
X29.41090 Y37.07940
X29.42360 Y37.07940
X29.42360 Y37.06670
X29.43630 Y37.06670
X29.43630 Y37.05400
X29.44900 Y37.05400
X29.44900 Y37.04130
X29.46170 Y37.04130
X29.46170 Y37.02860
X29.47440 Y37.02860
X29.47440 Y37.01590
X29.48710 Y37.01590
X29.48710 Y37.00320
X29.49980 Y37.00320
X29.49980 Y36.99050
X29.51250 Y36.99050
X29.51250 Y36.97780
X29.52520 Y36.97780
X29.52520 Y36.96510
X29.53790 Y36.96510
X29.53790 Y36.95240
X29.55060 Y36.95240
X29.55060 Y36.93970
X29.56330 Y36.93970
X29.56330 Y36.92700
X29.57600 Y36.92700
X29.57600 Y36.91430
X29.58870 Y36.91430
X29.58870 Y36.90160
X29.60140 Y36.90160
X29.60140 Y36.88890
X29.61410 Y36.88890
X29.61410 Y36.87620
X29.62680 Y36.87620
X29.62680 Y36.86350
X29.63950 Y36.86350
X29.63950 Y36.85080
X29.65220 Y36.85080
X29.65220 Y36.83810
X29.66490 Y36.83810
X29.66490 Y36.82540
X29.67760 Y36.82540
X29.67760 Y36.81270
X29.69030 Y36.81270
X29.69030 Y36.80000
X29.70300 Y36.80000
X29.70300 Y36.78730
X29.71570 Y36.78730
X29.71570 Y36.77460
X29.72840 Y36.77460
X29.72840 Y36.76190
X29.74110 Y36.76190
X29.74110 Y36.74920
X29.75380 Y36.74920
X29.75380 Y36.73650
X29.76650 Y36.73650
X29.76650 Y36.72380
X29.77920 Y36.72380
X29.77920 Y36.71110
X29.79190 Y36.71110
X29.79190 Y36.69840
X29.80460 Y36.69840
X29.80460 Y36.68570
X29.81730 Y36.68570
X29.81730 Y36.67300
X29.83000 Y36.67300
X29.83000 Y36.66030
X29.84270 Y36.66030
X29.84270 Y36.64760
X29.85540 Y36.64760
X29.85540 Y36.63490
X29.86810 Y36.63490
X29.86810 Y36.62220
X29.88080 Y36.62220
X29.88080 Y36.60950
X29.89350 Y36.60950
X29.89350 Y36.59680
X29.90620 Y36.59680
X29.90620 Y36.58410
X29.91890 Y36.58410
X29.91890 Y36.57140
X29.93160 Y36.57140
X29.93160 Y36.55870
X29.94430 Y36.55870
X29.94430 Y36.54600
X29.95700 Y36.54600
X29.95700 Y36.53330
X29.96970 Y36.53330
X29.96970 Y36.52060
X29.98240 Y36.52060
X29.98240 Y36.50790
X29.99510 Y36.50790
X29.99510 Y36.49520
X30.00780 Y36.49520
X30.00780 Y36.48250
X30.02050 Y36.48250
X30.02050 Y36.46980
X30.03320 Y36.46980
X30.03320 Y36.45710
X30.04590 Y36.45710
X30.04590 Y36.44440
X30.05860 Y36.44440
X30.05860 Y36.43170
X30.07130 Y36.43170
X30.07130 Y36.41900
X30.08400 Y36.41900
X30.08400 Y36.40630
X30.09670 Y36.40630
X30.09670 Y36.39360
X30.10940 Y36.39360
X30.10940 Y36.38090
X30.12210 Y36.38090
X30.12210 Y36.36820
X30.13480 Y36.36820
X30.13480 Y36.35550
X30.14750 Y36.35550
X30.14750 Y36.34280
X30.16020 Y36.34280
X30.16020 Y36.33010
X30.17290 Y36.33010
X30.17290 Y36.31740
X30.18560 Y36.31740
X30.18560 Y36.30470
X30.19830 Y36.30470
X30.19830 Y36.29200
X30.21100 Y36.29200
X30.21100 Y36.27930
X30.22370 Y36.27930
X30.22370 Y36.26660
X30.23640 Y36.26660
X30.23640 Y36.25390
X30.24910 Y36.25390
X30.24910 Y36.24120
X30.26180 Y36.24120
X30.26180 Y36.22850
X30.27450 Y36.22850
X30.27450 Y36.21580
X30.28720 Y36.21580
X30.28720 Y36.20310
X30.29990 Y36.20310
X30.29990 Y36.19040
X30.31260 Y36.19040
X30.31260 Y36.17770
X30.32530 Y36.17770
X30.32530 Y36.16500
X30.33800 Y36.16500
X30.33800 Y36.15230
X30.35070 Y36.15230
X30.35070 Y36.13960
X30.36340 Y36.13960
X30.36340 Y36.12690
X30.37610 Y36.12690
X30.37610 Y36.11420
X30.38880 Y36.11420
X30.38880 Y36.10150
X30.40150 Y36.10150
X30.40150 Y36.08880
X30.41420 Y36.08880
X30.41420 Y36.07610
X30.42690 Y36.07610
X30.42690 Y36.06340
X30.43960 Y36.06340
X30.43960 Y36.05070
X30.45230 Y36.05070
X30.45230 Y36.03800
X30.46500 Y36.03800
X30.46500 Y36.02530
X30.47770 Y36.02530
X30.47770 Y36.01260
X30.49040 Y36.01260
X30.49040 Y35.99990
X30.50310 Y35.99990
X30.50310 Y35.98720
X30.51580 Y35.98720
X30.51580 Y35.97450
X30.52850 Y35.97450
X30.52850 Y35.96180
X30.54120 Y35.96180
X30.54120 Y35.94910
X30.55390 Y35.94910
X30.55390 Y35.93640
X30.56660 Y35.93640
X30.56660 Y35.92370
X30.57930 Y35.92370
X30.57930 Y35.91100
X30.59200 Y35.91100
X30.59200 Y35.89830
X30.60470 Y35.89830
X30.60470 Y35.88560
X30.61740 Y35.88560
X30.61740 Y35.87290
X30.63010 Y35.87290
X30.63010 Y35.86020
X30.64280 Y35.86020
X30.64280 Y35.84750
X30.65550 Y35.84750
X30.65550 Y35.83480
X30.66820 Y35.83480
X30.66820 Y35.82210
X30.68090 Y35.82210
X30.68090 Y35.80940
X30.69360 Y35.80940
X30.69360 Y35.79670
X30.70630 Y35.79670
X30.70630 Y35.78400
X30.71900 Y35.78400
X30.71900 Y35.77130
X30.73170 Y35.77130
X30.73170 Y35.75860
X30.74440 Y35.75860
X30.74440 Y35.74590
X30.75710 Y35.74590
X30.75710 Y35.73320
X30.76980 Y35.73320
X30.76980 Y35.72050
X30.78250 Y35.72050
X30.78250 Y35.70780
X30.79520 Y35.70780
X30.79520 Y35.69510
X30.80790 Y35.69510
X30.80790 Y35.68240
X30.82060 Y35.68240
X30.82060 Y35.66970
X30.83330 Y35.66970
X30.83330 Y35.65700
X30.84600 Y35.65700
X30.84600 Y35.64430
X30.85870 Y35.64430
X30.85870 Y35.63160
X30.87140 Y35.63160
X30.87140 Y35.61890
X30.88410 Y35.61890
X30.88410 Y35.60620
X30.89680 Y35.60620
X30.89680 Y35.59350
X30.90950 Y35.59350
X30.90950 Y35.58080
X30.92220 Y35.58080
X30.92220 Y35.56810
X30.93490 Y35.56810
X30.93490 Y35.55540
X30.94760 Y35.55540
X30.94760 Y35.54270
X30.96030 Y35.54270
X30.96030 Y35.53000
X30.97300 Y35.53000
X30.97300 Y35.51730
X30.98570 Y35.51730
X30.98570 Y35.50460
X30.99840 Y35.50460
X30.99840 Y35.49190
X31.01110 Y35.49190
X31.01110 Y35.47920
X31.02380 Y35.47920
X31.02380 Y35.46650
X31.03650 Y35.46650
X31.03650 Y35.45380
X31.04920 Y35.45380
X31.04920 Y35.44110
X31.06190 Y35.44110
X31.06190 Y35.42840
X31.07460 Y35.42840
X31.07460 Y35.41570
X31.08730 Y35.41570
X31.08730 Y35.40300
X31.10000 Y35.40300
X31.10000 Y35.39030
X31.11270 Y35.39030
X31.11270 Y35.37760
X31.12540 Y35.37760
X31.12540 Y35.36490
X31.13810 Y35.36490
X31.13810 Y35.35220
X31.15080 Y35.35220
X31.15080 Y35.33950
X31.16350 Y35.33950
X31.16350 Y35.32680
X31.17620 Y35.32680
X31.17620 Y35.31410
X31.18890 Y35.31410
X31.18890 Y35.30140
X31.20160 Y35.30140
X31.20160 Y35.28870
X31.21430 Y35.28870
X31.21430 Y35.27600
X31.22700 Y35.27600
X31.22700 Y35.26330
X31.23970 Y35.26330
X31.23970 Y35.25060
X31.25240 Y35.25060
X31.25240 Y35.23790
X31.26510 Y35.23790
X31.26510 Y35.22520
X31.27780 Y35.22520
X31.27780 Y35.21250
X31.29050 Y35.21250
X31.29050 Y35.19980
X31.30320 Y35.19980
X31.30320 Y35.18710
X31.31590 Y35.18710
X31.31590 Y35.17440
X31.32860 Y35.17440
X31.32860 Y35.16170
X31.34130 Y35.16170
X31.34130 Y35.14900
X31.35400 Y35.14900
X31.35400 Y35.13630
X31.36670 Y35.13630
X31.36670 Y35.12360
X31.37940 Y35.12360
X31.37940 Y35.11090
X31.39210 Y35.11090
X31.39210 Y35.09820
X31.40480 Y35.09820
X31.40480 Y35.08550
X31.41750 Y35.08550
X31.41750 Y35.07280
X31.43020 Y35.07280
X31.43020 Y35.06010
X31.44290 Y35.06010
X31.44290 Y35.04740
X31.45560 Y35.04740
X31.45560 Y35.03470
X31.46830 Y35.03470
X31.46830 Y35.02200
X31.48100 Y35.02200
X31.48100 Y35.00930
X31.49370 Y35.00930
X31.49370 Y34.99660
X31.50640 Y34.99660
X31.50640 Y34.98390
X31.51910 Y34.98390
X31.51910 Y34.97120
X31.53180 Y34.97120
X31.53180 Y34.95850
X31.54450 Y34.95850
X31.54450 Y34.94580
X31.55720 Y34.94580
X31.55720 Y34.93310
X31.56990 Y34.93310
X31.56990 Y34.92040
X31.58260 Y34.92040
X31.58260 Y34.90770
X31.59530 Y34.90770
X31.59530 Y34.89500
X31.60800 Y34.89500
X31.60800 Y34.88230
X31.62070 Y34.88230
X31.62070 Y34.86960
X31.63340 Y34.86960
X31.63340 Y34.85690
X31.64610 Y34.85690
X31.64610 Y34.84420
X31.65880 Y34.84420
X31.65880 Y34.83150
X31.67150 Y34.83150
X31.67150 Y34.81880
X31.68420 Y34.81880
X31.68420 Y34.80610
X31.69690 Y34.80610
X31.69690 Y34.79340
X31.70960 Y34.79340
X31.70960 Y34.78070
X31.72230 Y34.78070
X31.72230 Y34.76800
X31.73500 Y34.76800
X31.73500 Y34.75530
X31.74770 Y34.75530
X31.74770 Y34.74260
X31.76040 Y34.74260
X31.76040 Y34.72990
X31.77310 Y34.72990
X31.77310 Y34.71720
X31.78580 Y34.71720
X31.78580 Y34.70450
X31.79850 Y34.70450
X31.79850 Y34.69180
X31.81120 Y34.69180
X31.81120 Y34.67910
X31.82390 Y34.67910
X31.82390 Y34.66640
X31.83660 Y34.66640
X31.83660 Y34.65370
X31.84930 Y34.65370
X31.84930 Y34.64100
X31.86200 Y34.64100
X31.86200 Y34.62830
X31.87470 Y34.62830
X31.87470 Y34.61560
X31.88740 Y34.61560
X31.88740 Y34.60290
X31.90010 Y34.60290
X31.90010 Y34.59020
X31.91280 Y34.59020
X31.91280 Y34.57750
X31.92550 Y34.57750
X31.92550 Y34.56480
X31.93820 Y34.56480
X31.93820 Y34.55210
X31.95090 Y34.55210
X31.95090 Y34.53940
X31.96360 Y34.53940
X31.96360 Y34.52670
X31.97630 Y34.52670
X31.97630 Y34.51400
X31.98900 Y34.51400
X31.98900 Y34.50130
X32.00170 Y34.50130
X32.00170 Y34.48860
X32.01440 Y34.48860
X32.01440 Y34.47590
X32.02710 Y34.47590
X32.02710 Y34.46320
X32.03980 Y34.46320
X32.03980 Y34.45050
X32.05250 Y34.45050
X32.05250 Y34.43780
X32.06520 Y34.43780
X32.06520 Y34.42510
X32.07790 Y34.42510
X32.07790 Y34.41240
X32.09060 Y34.41240
X32.09060 Y34.39970
X32.10330 Y34.39970
X32.10330 Y34.38700
X32.11600 Y34.38700
X32.11600 Y34.37430
X32.12870 Y34.37430
X32.12870 Y34.36160
X32.14140 Y34.36160
X32.14140 Y34.34890
X32.15410 Y34.34890
X32.15410 Y34.33620
X32.16680 Y34.33620
X32.16680 Y34.32350
X32.17950 Y34.32350
X32.17950 Y34.31080
X32.19220 Y34.31080
X32.19220 Y34.29810
X32.20490 Y34.29810
X32.20490 Y34.28540
X32.21760 Y34.28540
X32.21760 Y34.27270
X32.23030 Y34.27270
X32.23030 Y34.26000
X32.24300 Y34.26000
X32.24300 Y34.24730
X32.24300 Y34.24730
X32.24300 Y34.19650
X32.23030 Y34.19650
X32.23030 Y34.15840
X32.21760 Y34.15840
X32.21760 Y34.12030
X32.20490 Y34.12030
X32.20490 Y34.01870
X32.19220 Y34.01870
X32.19220 Y33.70120
X32.20490 Y33.70120
X32.20490 Y33.59960
X32.21760 Y33.59960
X32.21760 Y33.56150
X32.23030 Y33.56150
X32.23030 Y33.52340
X32.24300 Y33.52340
X32.24300 Y33.47260
X32.25570 Y33.47260
X32.25570 Y33.44720
X32.26840 Y33.44720
X32.26840 Y33.42180
X32.28110 Y33.42180
X32.28110 Y33.40910
X32.29380 Y33.40910
X32.29380 Y33.38370
X32.30650 Y33.38370
X32.30650 Y33.35830
X32.31920 Y33.35830
X32.31920 Y33.33290
X32.33190 Y33.33290
X32.33190 Y33.32020
X32.34460 Y33.32020
X32.34460 Y33.30750
X32.35730 Y33.30750
X32.35730 Y33.29480
X32.37000 Y33.29480
X32.37000 Y33.28210
X32.38270 Y33.28210
X32.38270 Y33.25670
X32.39540 Y33.25670
X32.39540 Y33.24400
X32.40810 Y33.24400
X32.40810 Y33.23130
X32.42080 Y33.23130
X32.42080 Y33.21860
X32.43350 Y33.21860
X32.43350 Y33.20590
X32.45890 Y33.20590
X32.45890 Y33.19320
X32.47160 Y33.19320
X32.47160 Y33.18050
X32.48430 Y33.18050
X32.48430 Y33.16780
X32.49700 Y33.16780
X32.49700 Y33.15510
X32.50970 Y33.15510
X32.50970 Y33.14240
X32.53510 Y33.14240
X32.53510 Y33.12970
X32.56050 Y33.12970
X32.56050 Y33.11700
X32.58590 Y33.11700
X32.58590 Y33.10430
X32.59860 Y33.10430
X32.59860 Y33.09160
X32.62400 Y33.09160
X32.62400 Y33.07890
X32.64940 Y33.07890
X32.64940 Y33.06620
X32.70020 Y33.06620
X32.70020 Y33.05350
X32.73830 Y33.05350
X32.73830 Y33.04080
X32.77640 Y33.04080
X32.77640 Y33.02810
X32.86530 Y33.02810
X32.86530 Y33.01540
X33.20820 Y33.01540
X33.20820 Y33.02810
X33.29710 Y33.02810
X33.29710 Y33.04080
X33.33520 Y33.04080
X33.33520 Y33.05350
X33.38600 Y33.05350
X33.38600 Y33.06620
X33.42410 Y33.06620
X33.42410 Y33.07890
X33.44950 Y33.07890
X33.44950 Y33.09160
X33.47490 Y33.09160
X33.47490 Y33.10430
X33.48760 Y33.10430
X33.48760 Y33.11700
X33.51300 Y33.11700
X33.51300 Y33.12970
X33.53840 Y33.12970
X33.53840 Y33.14240
X33.56380 Y33.14240
X33.56380 Y33.15510
X33.57650 Y33.15510
X33.57650 Y33.16780
X33.58920 Y33.16780
X33.58920 Y33.18050
X33.60190 Y33.18050
X33.60190 Y33.19320
X33.61460 Y33.19320
X33.61460 Y33.20590
X33.64000 Y33.20590
X33.64000 Y33.21860
X33.65270 Y33.21860
X33.65270 Y33.23130
X33.66540 Y33.23130
X33.66540 Y33.24400
X33.67810 Y33.24400
X33.67810 Y33.25670
X33.69080 Y33.25670
X33.69080 Y33.28210
X33.70350 Y33.28210
X33.70350 Y33.29480
X33.71620 Y33.29480
X33.71620 Y33.30750
X33.72890 Y33.30750
X33.72890 Y33.32020
X33.74160 Y33.32020
X33.74160 Y33.33290
X33.75430 Y33.33290
X33.75430 Y33.35830
X33.76700 Y33.35830
X33.76700 Y33.38370
X33.77970 Y33.38370
X33.77970 Y33.40910
X33.79240 Y33.40910
X33.79240 Y33.42180
X33.80510 Y33.42180
X33.80510 Y33.44720
X33.81780 Y33.44720
X33.81780 Y33.47260
X33.83050 Y33.47260
X33.83050 Y33.51070
X33.84320 Y33.51070
X33.84320 Y33.56150
X33.85590 Y33.56150
X33.85590 Y33.59960
X33.86860 Y33.59960
X33.86860 Y33.68850
X33.88130 Y33.68850
X33.88130 Y34.03140
X33.86860 Y34.03140
X33.86860 Y34.12030
X33.85590 Y34.12030
X33.85590 Y34.15840
X33.84320 Y34.15840
X33.84320 Y34.20920
X33.83050 Y34.20920
X33.83050 Y34.24730
X33.81780 Y34.24730
X33.81780 Y34.27270
X33.80510 Y34.27270
X33.80510 Y34.29810
X33.79240 Y34.29810
X33.79240 Y34.31080
X33.77970 Y34.31080
X33.77970 Y34.33620
X33.76700 Y34.33620
X33.76700 Y34.36160
X33.75430 Y34.36160
X33.75430 Y34.38700
X33.74160 Y34.38700
X33.74160 Y34.39970
X33.72890 Y34.39970
X33.72890 Y34.41240
X33.71620 Y34.41240
X33.71620 Y34.42510
X33.70350 Y34.42510
X33.70350 Y34.43780
X33.69080 Y34.43780
X33.69080 Y34.46320
X33.67810 Y34.46320
X33.67810 Y34.47590
X33.66540 Y34.47590
X33.66540 Y34.48860
X33.65270 Y34.48860
X33.65270 Y34.50130
X33.64000 Y34.50130
X33.64000 Y34.51400
X33.61460 Y34.51400
X33.61460 Y34.52670
X33.60190 Y34.52670
X33.60190 Y34.53940
X33.58920 Y34.53940
X33.58920 Y34.55210
X33.57650 Y34.55210
X33.57650 Y34.56480
X33.56380 Y34.56480
X33.56380 Y34.57750
X33.53840 Y34.57750
X33.53840 Y34.59020
X33.51300 Y34.59020
X33.51300 Y34.60290
X33.48760 Y34.60290
X33.48760 Y34.61560
X33.47490 Y34.61560
X33.47490 Y34.62830
X33.44950 Y34.62830
X33.44950 Y34.64100
X33.42410 Y34.64100
X33.42410 Y34.65370
X33.37330 Y34.65370
X33.37330 Y34.66640
X33.33520 Y34.66640
X33.33520 Y34.67910
X33.29710 Y34.67910
X33.29710 Y34.69180
X33.19550 Y34.69180
X33.19550 Y34.70450
X32.87800 Y34.70450
X32.87800 Y34.69180
X32.77640 Y34.69180
X32.77640 Y34.67910
X32.73830 Y34.67910
X32.73830 Y34.66640
X32.70020 Y34.66640
X32.70020 Y34.65370
X32.64940 Y34.65370
X32.64940 Y34.65370
X32.63670 Y34.65370
X32.63670 Y34.66640
X32.62400 Y34.66640
X32.62400 Y34.67910
X32.61130 Y34.67910
X32.61130 Y34.69180
X32.59860 Y34.69180
X32.59860 Y34.70450
X32.58590 Y34.70450
X32.58590 Y34.71720
X32.57320 Y34.71720
X32.57320 Y34.72990
X32.56050 Y34.72990
X32.56050 Y34.74260
X32.54780 Y34.74260
X32.54780 Y34.75530
X32.53510 Y34.75530
X32.53510 Y34.76800
X32.52240 Y34.76800
X32.52240 Y34.78070
X32.50970 Y34.78070
X32.50970 Y34.79340
X32.49700 Y34.79340
X32.49700 Y34.80610
X32.48430 Y34.80610
X32.48430 Y34.81880
X32.47160 Y34.81880
X32.47160 Y34.83150
X32.45890 Y34.83150
X32.45890 Y34.84420
X32.44620 Y34.84420
X32.44620 Y34.85690
X32.43350 Y34.85690
X32.43350 Y34.86960
X32.42080 Y34.86960
X32.42080 Y34.88230
X32.40810 Y34.88230
X32.40810 Y34.89500
X32.39540 Y34.89500
X32.39540 Y34.90770
X32.38270 Y34.90770
X32.38270 Y34.92040
X32.37000 Y34.92040
X32.37000 Y34.93310
X32.35730 Y34.93310
X32.35730 Y34.94580
X32.34460 Y34.94580
X32.34460 Y34.95850
X32.33190 Y34.95850
X32.33190 Y34.97120
X32.31920 Y34.97120
X32.31920 Y34.98390
X32.30650 Y34.98390
X32.30650 Y34.99660
X32.29380 Y34.99660
X32.29380 Y35.00930
X32.28110 Y35.00930
X32.28110 Y35.02200
X32.26840 Y35.02200
X32.26840 Y35.03470
X32.25570 Y35.03470
X32.25570 Y35.04740
X32.24300 Y35.04740
X32.24300 Y35.06010
X32.23030 Y35.06010
X32.23030 Y35.07280
X32.21760 Y35.07280
X32.21760 Y35.08550
X32.20490 Y35.08550
X32.20490 Y35.09820
X32.19220 Y35.09820
X32.19220 Y35.11090
X32.17950 Y35.11090
X32.17950 Y35.12360
X32.16680 Y35.12360
X32.16680 Y35.13630
X32.15410 Y35.13630
X32.15410 Y35.14900
X32.14140 Y35.14900
X32.14140 Y35.16170
X32.12870 Y35.16170
X32.12870 Y35.17440
X32.11600 Y35.17440
X32.11600 Y35.18710
X32.10330 Y35.18710
X32.10330 Y35.19980
X32.09060 Y35.19980
X32.09060 Y35.21250
X32.07790 Y35.21250
X32.07790 Y35.22520
X32.06520 Y35.22520
X32.06520 Y35.23790
X32.05250 Y35.23790
X32.05250 Y35.25060
X32.03980 Y35.25060
X32.03980 Y35.26330
X32.02710 Y35.26330
X32.02710 Y35.27600
X32.01440 Y35.27600
X32.01440 Y35.28870
X32.00170 Y35.28870
X32.00170 Y35.30140
X31.98900 Y35.30140
X31.98900 Y35.31410
X31.97630 Y35.31410
X31.97630 Y35.32680
X31.96360 Y35.32680
X31.96360 Y35.33950
X31.95090 Y35.33950
X31.95090 Y35.35220
X31.93820 Y35.35220
X31.93820 Y35.36490
X31.92550 Y35.36490
X31.92550 Y35.37760
X31.91280 Y35.37760
X31.91280 Y35.39030
X31.90010 Y35.39030
X31.90010 Y35.40300
X31.88740 Y35.40300
X31.88740 Y35.41570
X31.87470 Y35.41570
X31.87470 Y35.42840
X31.86200 Y35.42840
X31.86200 Y35.44110
X31.84930 Y35.44110
X31.84930 Y35.45380
X31.83660 Y35.45380
X31.83660 Y35.46650
X31.82390 Y35.46650
X31.82390 Y35.47920
X31.81120 Y35.47920
X31.81120 Y35.49190
X31.79850 Y35.49190
X31.79850 Y35.50460
X31.78580 Y35.50460
X31.78580 Y35.51730
X31.77310 Y35.51730
X31.77310 Y35.53000
X31.76040 Y35.53000
X31.76040 Y35.54270
X31.74770 Y35.54270
X31.74770 Y35.55540
X31.73500 Y35.55540
X31.73500 Y35.56810
X31.72230 Y35.56810
X31.72230 Y35.58080
X31.70960 Y35.58080
X31.70960 Y35.59350
X31.69690 Y35.59350
X31.69690 Y35.60620
X31.68420 Y35.60620
X31.68420 Y35.61890
X31.67150 Y35.61890
X31.67150 Y35.63160
X31.65880 Y35.63160
X31.65880 Y35.64430
X31.64610 Y35.64430
X31.64610 Y35.65700
X31.63340 Y35.65700
X31.63340 Y35.66970
X31.62070 Y35.66970
X31.62070 Y35.68240
X31.60800 Y35.68240
X31.60800 Y35.69510
X31.59530 Y35.69510
X31.59530 Y35.70780
X31.58260 Y35.70780
X31.58260 Y35.72050
X31.56990 Y35.72050
X31.56990 Y35.73320
X31.55720 Y35.73320
X31.55720 Y35.74590
X31.54450 Y35.74590
X31.54450 Y35.75860
X31.53180 Y35.75860
X31.53180 Y35.77130
X31.51910 Y35.77130
X31.51910 Y35.78400
X31.50640 Y35.78400
X31.50640 Y35.79670
X31.49370 Y35.79670
X31.49370 Y35.80940
X31.48100 Y35.80940
X31.48100 Y35.82210
X31.46830 Y35.82210
X31.46830 Y35.83480
X31.45560 Y35.83480
X31.45560 Y35.84750
X31.44290 Y35.84750
X31.44290 Y35.86020
X31.43020 Y35.86020
X31.43020 Y35.87290
X31.41750 Y35.87290
X31.41750 Y35.88560
X31.40480 Y35.88560
X31.40480 Y35.89830
X31.39210 Y35.89830
X31.39210 Y35.91100
X31.37940 Y35.91100
X31.37940 Y35.92370
X31.36670 Y35.92370
X31.36670 Y35.93640
X31.35400 Y35.93640
X31.35400 Y35.94910
X31.34130 Y35.94910
X31.34130 Y35.96180
X31.32860 Y35.96180
X31.32860 Y35.97450
X31.31590 Y35.97450
X31.31590 Y35.98720
X31.30320 Y35.98720
X31.30320 Y35.99990
X31.29050 Y35.99990
X31.29050 Y36.01260
X31.27780 Y36.01260
X31.27780 Y36.02530
X31.26510 Y36.02530
X31.26510 Y36.03800
X31.25240 Y36.03800
X31.25240 Y36.05070
X31.23970 Y36.05070
X31.23970 Y36.06340
X31.22700 Y36.06340
X31.22700 Y36.07610
X31.21430 Y36.07610
X31.21430 Y36.08880
X31.20160 Y36.08880
X31.20160 Y36.10150
X31.18890 Y36.10150
X31.18890 Y36.11420
X31.17620 Y36.11420
X31.17620 Y36.12690
X31.16350 Y36.12690
X31.16350 Y36.13960
X31.15080 Y36.13960
X31.15080 Y36.15230
X31.13810 Y36.15230
X31.13810 Y36.16500
X31.12540 Y36.16500
X31.12540 Y36.17770
X31.11270 Y36.17770
X31.11270 Y36.19040
X31.10000 Y36.19040
X31.10000 Y36.20310
X31.08730 Y36.20310
X31.08730 Y36.21580
X31.07460 Y36.21580
X31.07460 Y36.22850
X31.06190 Y36.22850
X31.06190 Y36.24120
X31.04920 Y36.24120
X31.04920 Y36.25390
X31.03650 Y36.25390
X31.03650 Y36.26660
X31.02380 Y36.26660
X31.02380 Y36.27930
X31.01110 Y36.27930
X31.01110 Y36.29200
X30.99840 Y36.29200
X30.99840 Y36.30470
X30.98570 Y36.30470
X30.98570 Y36.31740
X30.97300 Y36.31740
X30.97300 Y36.33010
X30.96030 Y36.33010
X30.96030 Y36.34280
X30.94760 Y36.34280
X30.94760 Y36.35550
X30.93490 Y36.35550
X30.93490 Y36.36820
X30.92220 Y36.36820
X30.92220 Y36.38090
X30.90950 Y36.38090
X30.90950 Y36.39360
X30.89680 Y36.39360
X30.89680 Y36.40630
X30.88410 Y36.40630
X30.88410 Y36.41900
X30.87140 Y36.41900
X30.87140 Y36.43170
X30.85870 Y36.43170
X30.85870 Y36.44440
X30.84600 Y36.44440
X30.84600 Y36.45710
X30.83330 Y36.45710
X30.83330 Y36.46980
X30.82060 Y36.46980
X30.82060 Y36.48250
X30.80790 Y36.48250
X30.80790 Y36.49520
X30.79520 Y36.49520
X30.79520 Y36.50790
X30.78250 Y36.50790
X30.78250 Y36.52060
X30.76980 Y36.52060
X30.76980 Y36.53330
X30.75710 Y36.53330
X30.75710 Y36.54600
X30.74440 Y36.54600
X30.74440 Y36.55870
X30.73170 Y36.55870
X30.73170 Y36.57140
X30.71900 Y36.57140
X30.71900 Y36.58410
X30.70630 Y36.58410
X30.70630 Y36.59680
X30.69360 Y36.59680
X30.69360 Y36.60950
X30.68090 Y36.60950
X30.68090 Y36.62220
X30.66820 Y36.62220
X30.66820 Y36.63490
X30.65550 Y36.63490
X30.65550 Y36.64760
X30.64280 Y36.64760
X30.64280 Y36.66030
X30.63010 Y36.66030
X30.63010 Y36.67300
X30.61740 Y36.67300
X30.61740 Y36.68570
X30.60470 Y36.68570
X30.60470 Y36.69840
X30.59200 Y36.69840
X30.59200 Y36.71110
X30.57930 Y36.71110
X30.57930 Y36.72380
X30.56660 Y36.72380
X30.56660 Y36.73650
X30.55390 Y36.73650
X30.55390 Y36.74920
X30.54120 Y36.74920
X30.54120 Y36.76190
X30.52850 Y36.76190
X30.52850 Y36.77460
X30.51580 Y36.77460
X30.51580 Y36.78730
X30.50310 Y36.78730
X30.50310 Y36.80000
X30.49040 Y36.80000
X30.49040 Y36.81270
X30.47770 Y36.81270
X30.47770 Y36.82540
X30.46500 Y36.82540
X30.46500 Y36.83810
X30.45230 Y36.83810
X30.45230 Y36.85080
X30.43960 Y36.85080
X30.43960 Y36.86350
X30.42690 Y36.86350
X30.42690 Y36.87620
X30.41420 Y36.87620
X30.41420 Y36.88890
X30.40150 Y36.88890
X30.40150 Y36.90160
X30.38880 Y36.90160
X30.38880 Y36.91430
X30.37610 Y36.91430
X30.37610 Y36.92700
X30.36340 Y36.92700
X30.36340 Y36.93970
X30.35070 Y36.93970
X30.35070 Y36.95240
X30.33800 Y36.95240
X30.33800 Y36.96510
X30.32530 Y36.96510
X30.32530 Y36.97780
X30.31260 Y36.97780
X30.31260 Y36.99050
X30.29990 Y36.99050
X30.29990 Y37.00320
X30.28720 Y37.00320
X30.28720 Y37.01590
X30.27450 Y37.01590
X30.27450 Y37.02860
X30.26180 Y37.02860
X30.26180 Y37.04130
X30.24910 Y37.04130
X30.24910 Y37.05400
X30.23640 Y37.05400
X30.23640 Y37.06670
X30.22370 Y37.06670
X30.22370 Y37.07940
X30.21100 Y37.07940
X30.21100 Y37.09210
X30.19830 Y37.09210
X30.19830 Y37.10480
X30.18560 Y37.10480
X30.18560 Y37.11750
X30.17290 Y37.11750
X30.17290 Y37.13020
X30.16020 Y37.13020
X30.16020 Y37.14290
X30.14750 Y37.14290
X30.14750 Y37.15560
X30.13480 Y37.15560
X30.13480 Y37.16830
X30.12210 Y37.16830
X30.12210 Y37.18100
X30.10940 Y37.18100
X30.10940 Y37.19370
X30.09670 Y37.19370
X30.09670 Y37.20640
X30.08400 Y37.20640
X30.08400 Y37.21910
X30.07130 Y37.21910
X30.07130 Y37.23180
X30.05860 Y37.23180
X30.05860 Y37.24450
X30.04590 Y37.24450
X30.04590 Y37.25720
X30.03320 Y37.25720
X30.03320 Y37.26990
X30.02050 Y37.26990
X30.02050 Y37.28260
X30.00780 Y37.28260
X30.00780 Y37.29530
X29.99510 Y37.29530
X29.99510 Y37.30800
X29.98240 Y37.30800
X29.98240 Y37.32070
X29.96970 Y37.32070
X29.96970 Y37.33340
X29.95700 Y37.33340
X29.95700 Y37.34610
X29.94430 Y37.34610
X29.94430 Y37.35880
X29.93160 Y37.35880
X29.93160 Y37.37150
X29.91890 Y37.37150
X29.91890 Y37.38420
X29.90620 Y37.38420
X29.90620 Y37.39690
X29.89350 Y37.39690
X29.89350 Y37.40960
X29.88080 Y37.40960
X29.88080 Y37.42230
X29.86810 Y37.42230
X29.86810 Y37.43500
X29.85540 Y37.43500
X29.85540 Y37.44770
X29.84270 Y37.44770
X29.84270 Y37.46040
X29.83000 Y37.46040
X29.83000 Y37.47310
X29.81730 Y37.47310
X29.81730 Y37.48580
X29.80460 Y37.48580
X29.80460 Y37.49850
X29.79190 Y37.49850
X29.79190 Y37.51120
X29.77920 Y37.51120
X29.77920 Y37.52390
X29.76650 Y37.52390
X29.76650 Y37.53660
X29.75380 Y37.53660
X29.75380 Y37.54930
X29.74110 Y37.54930
X29.74110 Y37.56200
X29.72840 Y37.56200
X29.72840 Y37.57470
X29.71570 Y37.57470
X29.71570 Y37.58740
X29.70300 Y37.58740
X29.70300 Y37.60010
X29.69030 Y37.60010
X29.69030 Y37.61280
X29.67760 Y37.61280
X29.67760 Y37.62550
X29.66490 Y37.62550
X29.66490 Y37.63820
X29.65220 Y37.63820
X29.65220 Y37.65090
X29.63950 Y37.65090
X29.63950 Y37.66360
X29.62680 Y37.66360
X29.62680 Y37.67630
X29.61410 Y37.67630
X29.61410 Y37.68900
X29.60140 Y37.68900
X29.60140 Y37.70170
X29.58870 Y37.70170
X29.58870 Y37.71440
X29.57600 Y37.71440
X29.57600 Y37.72710
X29.56330 Y37.72710
X29.56330 Y37.73980
X29.55060 Y37.73980
X29.55060 Y37.75250
X29.53790 Y37.75250
X29.53790 Y37.76520
X29.52520 Y37.76520
X29.52520 Y37.77790
X29.51250 Y37.77790
X29.51250 Y37.79060
X29.49980 Y37.79060
X29.49980 Y37.80330
X29.48710 Y37.80330
X29.48710 Y37.81600
X29.47440 Y37.81600
X29.47440 Y37.82870
X29.46170 Y37.82870
X29.46170 Y37.84140
X29.44900 Y37.84140
X29.44900 Y37.85410
X29.43630 Y37.85410
X29.43630 Y37.86680
X29.42360 Y37.86680
X29.42360 Y37.87950
X29.41090 Y37.87950
X29.41090 Y37.89220
X29.39820 Y37.89220
X29.39820 Y37.90490
X29.38550 Y37.90490
X29.38550 Y37.91760
X29.37280 Y37.91760
X29.37280 Y37.93030
X29.36010 Y37.93030
X29.36010 Y37.94300
X29.34740 Y37.94300
X29.34740 Y37.95570
X29.33470 Y37.95570
X29.33470 Y37.96840
X29.32200 Y37.96840
X29.32200 Y37.98110
X29.30930 Y37.98110
X29.30930 Y37.99380
X29.29660 Y37.99380
X29.29660 Y38.00650
X29.28390 Y38.00650
X29.28390 Y38.01920
X29.27120 Y38.01920
X29.27120 Y38.03190
X29.25850 Y38.03190
X29.25850 Y38.04460
X29.24580 Y38.04460
X29.24580 Y38.05730
X29.23310 Y38.05730
X29.23310 Y38.07000
X29.22040 Y38.07000
X29.22040 Y38.08270
X29.20770 Y38.08270
X29.20770 Y38.09540
X29.19500 Y38.09540
X29.19500 Y38.10810
X29.18230 Y38.10810
X29.18230 Y38.12080
X29.16960 Y38.12080
X29.16960 Y38.13350
X29.15690 Y38.13350
X29.15690 Y38.14620
X29.14420 Y38.14620
X29.14420 Y38.15890
X29.13150 Y38.15890
X29.13150 Y38.17160
X29.11880 Y38.17160
X29.11880 Y38.18430
X29.10610 Y38.18430
X29.10610 Y38.19700
X29.09340 Y38.19700
X29.09340 Y38.20970
X29.08070 Y38.20970
X29.08070 Y38.22240
X29.06800 Y38.22240
X29.06800 Y38.23510
X29.05530 Y38.23510
X29.05530 Y38.24780
X29.04260 Y38.24780
X29.04260 Y38.26050
X29.02990 Y38.26050
X29.02990 Y38.27320
X29.01720 Y38.27320
X29.01720 Y38.28590
X29.00450 Y38.28590
X29.00450 Y38.29860
X28.99180 Y38.29860
X28.99180 Y38.31130
X28.97910 Y38.31130
X28.97910 Y38.32400
X28.96640 Y38.32400
X28.96640 Y38.33670
X28.95370 Y38.33670
X28.95370 Y38.34940
X28.94100 Y38.34940
X28.94100 Y38.36210
X28.92830 Y38.36210
X28.92830 Y38.37480
X28.91560 Y38.37480
X28.91560 Y38.38750
X28.90290 Y38.38750
X28.90290 Y38.40020
X28.89020 Y38.40020
X28.89020 Y38.41290
X28.87750 Y38.41290
X28.87750 Y38.42560
X28.86480 Y38.42560
X28.86480 Y38.43830
X28.85210 Y38.43830
X28.85210 Y38.45100
X28.83940 Y38.45100
X28.83940 Y38.46370
X28.82670 Y38.46370
X28.82670 Y38.47640
X28.81400 Y38.47640
X28.81400 Y38.48910
X28.80130 Y38.48910
X28.80130 Y38.50180
X28.78860 Y38.50180
X28.78860 Y38.51450
X28.77590 Y38.51450
X28.77590 Y38.52720
X28.76320 Y38.52720
X28.76320 Y38.53990
X28.75050 Y38.53990
X28.75050 Y38.55260
X28.73780 Y38.55260
X28.73780 Y38.56530
X28.72510 Y38.56530
X28.72510 Y38.57800
X28.71240 Y38.57800
X28.71240 Y38.59070
X28.69970 Y38.59070
X28.69970 Y38.60340
X28.68700 Y38.60340
X28.68700 Y38.61610
X28.67430 Y38.61610
X28.67430 Y38.62880
X28.66160 Y38.62880
X28.66160 Y38.64150
X28.64890 Y38.64150
X28.64890 Y38.65420
X28.63620 Y38.65420
X28.63620 Y38.66690
X28.62350 Y38.66690
X28.62350 Y38.67960
X28.61080 Y38.67960
X28.61080 Y38.69230
X28.59810 Y38.69230
X28.59810 Y38.70500
X28.58540 Y38.70500
X28.58540 Y38.71770
X28.57270 Y38.71770
X28.57270 Y38.73040
X28.56000 Y38.73040
X28.56000 Y38.74310
X28.54730 Y38.74310
X28.54730 Y38.75580
X28.53460 Y38.75580
X28.53460 Y38.76850
X28.52190 Y38.76850
X28.52190 Y38.78120
X28.50920 Y38.78120
X28.50920 Y38.79390
X28.49650 Y38.79390
X28.49650 Y38.80660
X28.48380 Y38.80660
X28.48380 Y38.81930
X28.47110 Y38.81930
X28.47110 Y38.83200
X28.45840 Y38.83200
X28.45840 Y38.84470
X28.44570 Y38.84470
X28.44570 Y38.85740
X28.43300 Y38.85740
X28.43300 Y38.87010
X28.42030 Y38.87010
X28.42030 Y38.88280
X28.40760 Y38.88280
X28.40760 Y38.89550
X28.39490 Y38.89550
X28.39490 Y38.90820
X28.38220 Y38.90820
X28.38220 Y38.92090
X28.36950 Y38.92090
X28.36950 Y38.93360
X28.35680 Y38.93360
X28.35680 Y38.94630
X28.34410 Y38.94630
X28.34410 Y38.95900
X28.33140 Y38.95900
X28.33140 Y38.97170
X28.31870 Y38.97170
X28.31870 Y38.98440
X28.30600 Y38.98440
X28.30600 Y38.99710
X28.29330 Y38.99710
X28.29330 Y39.00980
X28.28060 Y39.00980
X28.28060 Y39.02250
X28.26790 Y39.02250
X28.26790 Y39.03520
X28.25520 Y39.03520
X28.25520 Y39.04790
X28.24250 Y39.04790
X28.24250 Y39.06060
X28.22980 Y39.06060
X28.22980 Y39.07330
X28.21710 Y39.07330
X28.21710 Y39.08600
X28.20440 Y39.08600
X28.20440 Y39.09870
X28.19170 Y39.09870
X28.19170 Y39.11140
X28.17900 Y39.11140
X28.17900 Y39.12410
X28.16630 Y39.12410
X28.16630 Y39.13680
X28.15360 Y39.13680
X28.15360 Y39.14950
X28.14090 Y39.14950
X28.14090 Y39.16220
X28.12820 Y39.16220
X28.12820 Y39.17490
X28.11550 Y39.17490
X28.11550 Y39.18760
X28.10280 Y39.18760
X28.10280 Y39.20030
X28.09010 Y39.20030
X28.09010 Y39.21300
X28.07740 Y39.21300
X28.07740 Y39.22570
X28.06470 Y39.22570
X28.06470 Y39.23840
X28.05200 Y39.23840
X28.05200 Y39.25110
X28.03930 Y39.25110
X28.03930 Y39.26380
X28.02660 Y39.26380
X28.02660 Y39.27650
X28.01390 Y39.27650
X28.01390 Y39.28920
X28.00120 Y39.28920
X28.00120 Y39.30190
X27.98850 Y39.30190
X27.98850 Y39.31460
X27.97580 Y39.31460
X27.97580 Y39.32730
X27.96310 Y39.32730
X27.96310 Y39.34000
X27.95040 Y39.34000
X27.95040 Y39.35270
X27.93770 Y39.35270
X27.93770 Y39.36540
X27.92500 Y39.36540
X27.92500 Y39.37810
X27.91230 Y39.37810
X27.91230 Y39.39080
X27.89960 Y39.39080
X27.89960 Y39.40350
X27.88690 Y39.40350
X27.88690 Y39.41620
X27.87420 Y39.41620
X27.87420 Y39.42890
X27.86150 Y39.42890
X27.86150 Y39.44160
X27.84880 Y39.44160
X27.84880 Y39.45430
X27.83610 Y39.45430
X27.83610 Y39.46700
X27.82340 Y39.46700
X27.82340 Y39.47970
X27.81070 Y39.47970
X27.81070 Y39.49240
X27.79800 Y39.49240
X27.79800 Y39.50510
X27.78530 Y39.50510
X27.78530 Y39.51780
X27.77260 Y39.51780
X27.77260 Y39.53050
X27.75990 Y39.53050
X27.75990 Y39.54320
X27.74720 Y39.54320
X27.74720 Y39.55590
X27.73450 Y39.55590
X27.73450 Y39.56860
X27.72180 Y39.56860
X27.72180 Y39.58130
X27.70910 Y39.58130
X27.70910 Y39.59400
X27.69640 Y39.59400
X27.69640 Y39.60670
X27.68370 Y39.60670
X27.68370 Y39.61940
X27.67100 Y39.61940
X27.67100 Y39.63210
X27.65830 Y39.63210
X27.65830 Y39.64480
X27.64560 Y39.64480
X27.64560 Y39.65750
X27.63290 Y39.65750
X27.63290 Y39.67020
X27.62020 Y39.67020
X27.62020 Y39.68290
X27.60750 Y39.68290
X27.60750 Y39.69560
X27.59480 Y39.69560
X27.59480 Y39.70830
X27.58210 Y39.70830
X27.58210 Y39.72100
X27.56940 Y39.72100
X27.56940 Y39.73370
X27.55670 Y39.73370
X27.55670 Y39.74640
X27.54400 Y39.74640
X27.54400 Y39.75910
X27.53130 Y39.75910
X27.53130 Y39.77180
X27.51860 Y39.77180
X27.51860 Y39.78450
X27.50590 Y39.78450
X27.50590 Y39.79720
X27.49320 Y39.79720
X27.49320 Y39.80990
X27.48050 Y39.80990
X27.48050 Y39.82260
X27.46780 Y39.82260
X27.46780 Y39.83530
X27.45510 Y39.83530
X27.45510 Y39.84800
X27.44240 Y39.84800
X27.44240 Y39.86070
X27.42970 Y39.86070
X27.42970 Y39.87340
X27.41700 Y39.87340
X27.41700 Y39.88610
X27.40430 Y39.88610
X27.40430 Y39.89880
X27.39160 Y39.89880
X27.39160 Y39.91150
X27.37890 Y39.91150
X27.37890 Y39.92420
X27.36620 Y39.92420
X27.36620 Y39.93690
X27.35350 Y39.93690
X27.35350 Y39.94960
X27.34080 Y39.94960
X27.34080 Y39.96230
X27.32810 Y39.96230
X27.32810 Y39.97500
X27.31540 Y39.97500
X27.31540 Y39.98770
X27.30270 Y39.98770
X27.30270 Y40.00040
X27.29000 Y40.00040
X27.29000 Y40.01310
X27.27730 Y40.01310
X27.27730 Y40.02580
X27.26460 Y40.02580
X27.26460 Y40.03850
X27.25190 Y40.03850
X27.25190 Y40.05120
X27.23920 Y40.05120
X27.23920 Y40.06390
X27.22650 Y40.06390
X27.22650 Y40.07660
X27.21380 Y40.07660
X27.21380 Y40.08930
X27.20110 Y40.08930
X27.20110 Y40.10200
X27.18840 Y40.10200
X27.18840 Y40.11470
X27.17570 Y40.11470
X27.17570 Y40.12740
X27.16300 Y40.12740
X27.16300 Y40.14010
X27.15030 Y40.14010
X27.15030 Y40.15280
X27.13760 Y40.15280
X27.13760 Y40.16550
X27.12490 Y40.16550
X27.12490 Y40.17820
X27.11220 Y40.17820
X27.11220 Y40.19090
X27.09950 Y40.19090
X27.09950 Y40.20360
X27.08680 Y40.20360
X27.08680 Y40.21630
X27.07410 Y40.21630
X27.07410 Y40.22900
X27.06140 Y40.22900
X27.06140 Y40.24170
X27.04870 Y40.24170
X27.04870 Y40.25440
X27.03600 Y40.25440
X27.03600 Y40.26710
X27.02330 Y40.26710
X27.02330 Y40.27980
X27.01060 Y40.27980
X27.01060 Y40.29250
X26.99790 Y40.29250
X26.99790 Y40.30520
X26.98520 Y40.30520
X26.98520 Y40.31790
X26.97250 Y40.31790
X26.97250 Y40.33060
X26.95980 Y40.33060
X26.95980 Y40.34330
X26.94710 Y40.34330
X26.94710 Y40.35600
X26.93440 Y40.35600
X26.93440 Y40.36870
X26.92170 Y40.36870
X26.92170 Y40.38140
X26.90900 Y40.38140
X26.90900 Y40.39410
X26.89630 Y40.39410
X26.89630 Y40.40680
X26.88360 Y40.40680
X26.88360 Y40.41950
X26.87090 Y40.41950
X26.87090 Y40.43220
X26.85820 Y40.43220
X26.85820 Y40.44490
X26.84550 Y40.44490
X26.84550 Y40.45760
X26.83280 Y40.45760
X26.83280 Y40.47030
X26.82010 Y40.47030
X26.82010 Y40.48300
X26.80740 Y40.48300
X26.80740 Y40.49570
X26.79470 Y40.49570
X26.79470 Y40.50840
X26.78200 Y40.50840
X26.78200 Y40.52110
X26.76930 Y40.52110
X26.76930 Y40.53380
X26.75660 Y40.53380
X26.75660 Y40.54650
X26.74390 Y40.54650
X26.74390 Y40.55920
X26.73120 Y40.55920
X26.73120 Y40.57190
X26.71850 Y40.57190
X26.71850 Y40.58460
X26.70580 Y40.58460
X26.70580 Y40.59730
X26.69310 Y40.59730
X26.69310 Y40.61000
X26.68040 Y40.61000
X26.68040 Y40.62270
X26.66770 Y40.62270
X26.66770 Y40.63540
X26.65500 Y40.63540
X26.65500 Y40.64810
X26.64230 Y40.64810
X26.64230 Y40.66080
X26.62960 Y40.66080
X26.62960 Y40.67350
X26.61690 Y40.67350
X26.61690 Y40.68620
X26.60420 Y40.68620
X26.60420 Y40.69890
X26.59150 Y40.69890
X26.59150 Y40.71160
X26.57880 Y40.71160
X26.57880 Y40.72430
X26.56610 Y40.72430
X26.56610 Y40.73700
X26.55340 Y40.73700
X26.55340 Y40.74970
X26.54070 Y40.74970
X26.54070 Y40.76240
X26.52800 Y40.76240
X26.52800 Y40.77510
X26.51530 Y40.77510
X26.51530 Y40.78780
X26.50260 Y40.78780
X26.50260 Y40.80050
X26.48990 Y40.80050
X26.48990 Y40.81320
X26.47720 Y40.81320
X26.47720 Y40.82590
X26.46450 Y40.82590
X26.46450 Y40.83860
X26.45180 Y40.83860
X26.45180 Y40.85130
X26.43910 Y40.85130
X26.43910 Y40.86400
X26.42640 Y40.86400
X26.42640 Y40.87670
X26.41370 Y40.87670
X26.41370 Y40.88940
X26.40100 Y40.88940
X26.40100 Y40.90210
X26.38830 Y40.90210
X26.38830 Y40.91480
X26.37560 Y40.91480
X26.37560 Y40.92750
X26.36290 Y40.92750
X26.36290 Y40.94020
X26.35020 Y40.94020
X26.35020 Y40.95290
X26.33750 Y40.95290
X26.33750 Y40.96560
X26.32480 Y40.96560
X26.32480 Y40.97830
X26.31210 Y40.97830
X26.31210 Y40.99100
X26.29940 Y40.99100
X26.29940 Y41.00370
X26.28670 Y41.00370
X26.28670 Y41.01640
X26.27400 Y41.01640
X26.27400 Y41.02910
X26.26130 Y41.02910
X26.26130 Y41.04180
X26.24860 Y41.04180
X26.24860 Y41.05450
X26.23590 Y41.05450
X26.23590 Y41.06720
X26.22320 Y41.06720
X26.22320 Y41.07990
X26.21050 Y41.07990
X26.21050 Y41.09260
X26.19780 Y41.09260
X26.19780 Y41.10530
X26.18510 Y41.10530
X26.18510 Y41.11800
X26.17240 Y41.11800
X26.17240 Y41.13070
X26.15970 Y41.13070
X26.15970 Y41.14340
X26.14700 Y41.14340
X26.14700 Y41.15610
X26.13430 Y41.15610
X26.13430 Y41.16880
X26.12160 Y41.16880
X26.12160 Y41.18150
X26.10890 Y41.18150
X26.10890 Y41.19420
X26.09620 Y41.19420
X26.09620 Y41.20690
X26.08350 Y41.20690
X26.08350 Y41.21960
X26.07080 Y41.21960
X26.07080 Y41.23230
X26.05810 Y41.23230
X26.05810 Y41.24500
X26.04540 Y41.24500
X26.04540 Y41.25770
X26.03270 Y41.25770
X26.03270 Y41.27040
X26.02000 Y41.27040
X26.02000 Y41.28310
X26.00730 Y41.28310
X26.00730 Y41.29580
X25.99460 Y41.29580
X25.99460 Y41.30850
X25.98190 Y41.30850
X25.98190 Y41.32120
X25.96920 Y41.32120
X25.96920 Y41.33390
X25.95650 Y41.33390
X25.95650 Y41.34660
X25.94380 Y41.34660
X25.94380 Y41.35930
X25.93110 Y41.35930
X25.93110 Y41.37200
X25.91840 Y41.37200
X25.91840 Y41.38470
X25.90570 Y41.38470
X25.90570 Y41.39740
X25.89300 Y41.39740
X25.89300 Y41.41010
X25.88030 Y41.41010
X25.88030 Y41.42280
X25.86760 Y41.42280
X25.86760 Y41.43550
X25.85490 Y41.43550
X25.85490 Y41.44820
X25.84220 Y41.44820
X25.84220 Y41.46090
X25.82950 Y41.46090
X25.82950 Y41.47360
X25.81680 Y41.47360
X25.81680 Y41.48630
X25.80410 Y41.48630
X25.80410 Y41.49900
X25.79140 Y41.49900
X25.79140 Y41.51170
X25.77870 Y41.51170
X25.77870 Y41.52440
X25.76600 Y41.52440
X25.76600 Y41.53710
X25.75330 Y41.53710
X25.75330 Y41.54980
X25.74060 Y41.54980
X25.74060 Y41.56250
X25.72790 Y41.56250
X25.72790 Y41.57520
X25.71520 Y41.57520
X25.71520 Y41.58790
X25.70250 Y41.58790
X25.70250 Y41.60060
X25.68980 Y41.60060
X25.68980 Y41.61330
X25.67710 Y41.61330
X25.67710 Y41.62600
X25.66440 Y41.62600
X25.66440 Y41.63870
X25.65170 Y41.63870
X25.65170 Y41.65140
X25.63900 Y41.65140
X25.63900 Y41.66410
X25.62630 Y41.66410
X25.62630 Y41.67680
X25.61360 Y41.67680
X25.61360 Y41.68950
X25.60090 Y41.68950
X25.60090 Y41.70220
X25.58820 Y41.70220
X25.58820 Y41.71490
X25.57550 Y41.71490
X25.57550 Y41.72760
X25.56280 Y41.72760
X25.56280 Y41.74030
X25.55010 Y41.74030
X25.55010 Y41.75300
X25.53740 Y41.75300
X25.53740 Y41.76570
X25.52470 Y41.76570
X25.52470 Y41.77840
X25.51200 Y41.77840
X25.51200 Y41.79110
X25.49930 Y41.79110
X25.49930 Y41.80380
X25.48660 Y41.80380
X25.48660 Y41.81650
X25.47390 Y41.81650
X25.47390 Y41.82920
X25.46120 Y41.82920
X25.46120 Y41.84190
X25.44850 Y41.84190
X25.44850 Y41.85460
X25.43580 Y41.85460
X25.43580 Y41.86730
X25.42310 Y41.86730
X25.42310 Y41.88000
X25.41040 Y41.88000
X25.41040 Y41.89270
X25.39770 Y41.89270
X25.39770 Y41.90540
X25.38500 Y41.90540
X25.38500 Y41.91810
X25.37230 Y41.91810
X25.37230 Y41.93080
X25.35960 Y41.93080
X25.35960 Y41.94350
X25.34690 Y41.94350
X25.34690 Y41.95620
X25.33420 Y41.95620
X25.33420 Y41.96890
X25.32150 Y41.96890
X25.32150 Y41.98160
X25.30880 Y41.98160
X25.30880 Y41.99430
X25.29610 Y41.99430
X25.29610 Y42.00700
X25.28340 Y42.00700
X25.28340 Y42.01970
X25.27070 Y42.01970
X25.27070 Y42.03240
X25.25800 Y42.03240
X25.25800 Y42.04510
X25.24530 Y42.04510
X25.24530 Y42.05780
X25.23260 Y42.05780
X25.23260 Y42.07050
X25.21990 Y42.07050
X25.21990 Y42.08320
X25.20720 Y42.08320
X25.20720 Y42.09590
X25.19450 Y42.09590
X25.19450 Y42.10860
X25.18180 Y42.10860
X25.18180 Y42.12130
X25.16910 Y42.12130
X25.16910 Y42.13400
X25.15640 Y42.13400
X25.15640 Y42.14670
X25.14370 Y42.14670
X25.14370 Y42.15940
X25.13100 Y42.15940
X25.13100 Y42.17210
X25.11830 Y42.17210
X25.11830 Y42.18480
X25.10560 Y42.18480
X25.10560 Y42.19750
X25.09290 Y42.19750
X25.09290 Y42.21020
X25.08020 Y42.21020
X25.08020 Y42.22290
X25.06750 Y42.22290
X25.06750 Y42.23560
X25.05480 Y42.23560
X25.05480 Y42.24830
X25.04210 Y42.24830
X25.04210 Y42.26100
X25.02940 Y42.26100
X25.02940 Y42.27370
X25.01670 Y42.27370
X25.01670 Y42.28640
X25.00400 Y42.28640
X25.00400 Y42.29910
X24.99130 Y42.29910
X24.99130 Y42.31180
X24.97860 Y42.31180
X24.97860 Y42.32450
X24.96590 Y42.32450
X24.96590 Y42.33720
X24.95320 Y42.33720
X24.95320 Y42.34990
X24.94050 Y42.34990
X24.94050 Y42.36260
X24.92780 Y42.36260
X24.92780 Y42.37530
X24.91510 Y42.37530
X24.91510 Y42.38800
X24.90240 Y42.38800
X24.90240 Y42.40070
X24.88970 Y42.40070
X24.88970 Y42.41340
X24.87700 Y42.41340
X24.87700 Y42.42610
X24.86430 Y42.42610
X24.86430 Y42.43880
X24.85160 Y42.43880
X24.85160 Y42.45150
X24.83890 Y42.45150
X24.83890 Y42.46420
X24.82620 Y42.46420
X24.82620 Y42.47690
X24.82620 Y42.47690
X24.82620 Y42.51500
X24.83890 Y42.51500
X24.83890 Y42.56580
X24.85160 Y42.56580
X24.85160 Y42.60390
X24.86430 Y42.60390
X24.86430 Y42.69280
X24.87700 Y42.69280
X24.87700 Y43.03570
X24.86430 Y43.03570
X24.86430 Y43.12460
X24.85160 Y43.12460
X24.85160 Y43.16270
X24.83890 Y43.16270
X24.83890 Y43.21350
X24.82620 Y43.21350
X24.82620 Y43.25160
X24.81350 Y43.25160
X24.81350 Y43.27700
X24.80080 Y43.27700
X24.80080 Y43.30240
X24.78810 Y43.30240
X24.78810 Y43.31510
X24.77540 Y43.31510
X24.77540 Y43.34050
X24.76270 Y43.34050
X24.76270 Y43.36590
X24.75000 Y43.36590
X24.75000 Y43.39130
X24.73730 Y43.39130
X24.73730 Y43.40400
X24.72460 Y43.40400
X24.72460 Y43.41670
X24.71190 Y43.41670
X24.71190 Y43.42940
X24.69920 Y43.42940
X24.69920 Y43.44210
X24.68650 Y43.44210
X24.68650 Y43.46750
X24.67380 Y43.46750
X24.67380 Y43.48020
X24.66110 Y43.48020
X24.66110 Y43.49290
X24.64840 Y43.49290
X24.64840 Y43.50560
X24.63570 Y43.50560
X24.63570 Y43.51830
X24.61030 Y43.51830
X24.61030 Y43.53100
X24.59760 Y43.53100
X24.59760 Y43.54370
X24.58490 Y43.54370
X24.58490 Y43.55640
X24.57220 Y43.55640
X24.57220 Y43.56910
X24.55950 Y43.56910
X24.55950 Y43.58180
X24.53410 Y43.58180
X24.53410 Y43.59450
X24.50870 Y43.59450
X24.50870 Y43.60720
X24.48330 Y43.60720
X24.48330 Y43.61990
X24.47060 Y43.61990
X24.47060 Y43.63260
X24.44520 Y43.63260
X24.44520 Y43.64530
X24.41980 Y43.64530
X24.41980 Y43.65800
X24.36900 Y43.65800
X24.36900 Y43.67070
X24.33090 Y43.67070
X24.33090 Y43.68340
X24.29280 Y43.68340
X24.29280 Y43.69610
X24.19120 Y43.69610
X24.19120 Y43.70880
X23.87370 Y43.70880
X23.87370 Y43.69610
X23.77210 Y43.69610
X23.77210 Y43.68340
X23.73400 Y43.68340
X23.73400 Y43.67070
X23.69590 Y43.67070
X23.69590 Y43.65800
X23.64510 Y43.65800
X23.64510 Y43.64530
X23.61970 Y43.64530
X23.61970 Y43.63260
X23.59430 Y43.63260
X23.59430 Y43.61990
X23.58160 Y43.61990
X23.58160 Y43.60720
G04 P0 ( dwell for no time -- G64 should not smooth over this point )
G00 Z5.00000 ( retract )

G00 X21.40990 Y41.61330 ( rapid move to begin. )
F300.00000
G01 Z-0.05000
G04 P0 ( dwell for no time -- G64 should not smooth over this point )
F600.00000
X21.40990 Y41.61330
X21.38450 Y41.61330
X21.38450 Y41.60060
X21.35910 Y41.60060
X21.35910 Y41.58790
X21.33370 Y41.58790
X21.33370 Y41.57520
X21.32100 Y41.57520
X21.32100 Y41.56250
X21.30830 Y41.56250
X21.30830 Y41.54980
X21.29560 Y41.54980
X21.29560 Y41.53710
X21.28290 Y41.53710
X21.28290 Y41.52440
X21.25750 Y41.52440
X21.25750 Y41.51170
X21.24480 Y41.51170
X21.24480 Y41.49900
X21.23210 Y41.49900
X21.23210 Y41.48630
X21.21940 Y41.48630
X21.21940 Y41.47360
X21.20670 Y41.47360
X21.20670 Y41.44820
X21.19400 Y41.44820
X21.19400 Y41.43550
X21.18130 Y41.43550
X21.18130 Y41.42280
X21.16860 Y41.42280
X21.16860 Y41.41010
X21.15590 Y41.41010
X21.15590 Y41.39740
X21.14320 Y41.39740
X21.14320 Y41.37200
X21.13050 Y41.37200
X21.13050 Y41.34660
X21.11780 Y41.34660
X21.11780 Y41.32120
X21.10510 Y41.32120
X21.10510 Y41.30850
X21.09240 Y41.30850
X21.09240 Y41.28310
X21.07970 Y41.28310
X21.07970 Y41.25770
X21.06700 Y41.25770
X21.06700 Y41.20690
X21.05430 Y41.20690
X21.05430 Y41.16880
X21.04160 Y41.16880
X21.04160 Y41.13070
X21.02890 Y41.13070
X21.02890 Y41.02910
X21.01620 Y41.02910
X21.01620 Y40.71160
X21.02890 Y40.71160
X21.02890 Y40.61000
X21.04160 Y40.61000
X21.04160 Y40.57190
X21.05430 Y40.57190
X21.05430 Y40.53380
X21.06700 Y40.53380
X21.06700 Y40.48300
X21.06700 Y40.48300
X21.06700 Y40.47030
X21.05430 Y40.47030
X21.05430 Y40.45760
X21.04160 Y40.45760
X21.04160 Y40.44490
X21.02890 Y40.44490
X21.02890 Y40.43220
X21.01620 Y40.43220
X21.01620 Y40.41950
X21.00350 Y40.41950
X21.00350 Y40.40680
X20.99080 Y40.40680
X20.99080 Y40.39410
X20.97810 Y40.39410
X20.97810 Y40.38140
X20.96540 Y40.38140
X20.96540 Y40.36870
X20.95270 Y40.36870
X20.95270 Y40.35600
X20.94000 Y40.35600
X20.94000 Y40.34330
X20.92730 Y40.34330
X20.92730 Y40.33060
X20.91460 Y40.33060
X20.91460 Y40.31790
X20.90190 Y40.31790
X20.90190 Y40.30520
X20.88920 Y40.30520
X20.88920 Y40.29250
X20.87650 Y40.29250
X20.87650 Y40.27980
X20.86380 Y40.27980
X20.86380 Y40.26710
X20.85110 Y40.26710
X20.85110 Y40.25440
X20.83840 Y40.25440
X20.83840 Y40.24170
X20.82570 Y40.24170
X20.82570 Y40.22900
X20.81300 Y40.22900
X20.81300 Y40.21630
X20.80030 Y40.21630
X20.80030 Y40.20360
X20.78760 Y40.20360
X20.78760 Y40.19090
X20.77490 Y40.19090
X20.77490 Y40.17820
X20.76220 Y40.17820
X20.76220 Y40.16550
X20.74950 Y40.16550
X20.74950 Y40.15280
X20.73680 Y40.15280
X20.73680 Y40.14010
X20.72410 Y40.14010
X20.72410 Y40.12740
X20.71140 Y40.12740
X20.71140 Y40.11470
X20.69870 Y40.11470
X20.69870 Y40.10200
X20.68600 Y40.10200
X20.68600 Y40.08930
X20.67330 Y40.08930
X20.67330 Y40.07660
X20.66060 Y40.07660
X20.66060 Y40.06390
X20.64790 Y40.06390
X20.64790 Y40.05120
X20.63520 Y40.05120
X20.63520 Y40.03850
X20.62250 Y40.03850
X20.62250 Y40.02580
X20.60980 Y40.02580
X20.60980 Y40.01310
X20.59710 Y40.01310
X20.59710 Y40.00040
X20.58440 Y40.00040
X20.58440 Y39.98770
X20.57170 Y39.98770
X20.57170 Y39.97500
X20.55900 Y39.97500
X20.55900 Y39.96230
X20.54630 Y39.96230
X20.54630 Y39.94960
X20.53360 Y39.94960
X20.53360 Y39.93690
X20.52090 Y39.93690
X20.52090 Y39.92420
X20.50820 Y39.92420
X20.50820 Y39.91150
X20.49550 Y39.91150
X20.49550 Y39.89880
X20.48280 Y39.89880
X20.48280 Y39.88610
X20.47010 Y39.88610
X20.47010 Y39.87340
X20.45740 Y39.87340
X20.45740 Y39.86070
X20.44470 Y39.86070
X20.44470 Y39.84800
X20.43200 Y39.84800
X20.43200 Y39.83530
X20.41930 Y39.83530
X20.41930 Y39.82260
X20.40660 Y39.82260
X20.40660 Y39.80990
X20.39390 Y39.80990
X20.39390 Y39.79720
X20.38120 Y39.79720
X20.38120 Y39.78450
X20.36850 Y39.78450
X20.36850 Y39.77180
X20.35580 Y39.77180
X20.35580 Y39.75910
X20.34310 Y39.75910
X20.34310 Y39.74640
X20.33040 Y39.74640
X20.33040 Y39.73370
X20.31770 Y39.73370
X20.31770 Y39.72100
X20.30500 Y39.72100
X20.30500 Y39.70830
X20.29230 Y39.70830
X20.29230 Y39.69560
X20.27960 Y39.69560
X20.27960 Y39.68290
X20.26690 Y39.68290
X20.26690 Y39.67020
X20.25420 Y39.67020
X20.25420 Y39.65750
X20.24150 Y39.65750
X20.24150 Y39.64480
X20.22880 Y39.64480
X20.22880 Y39.63210
X20.21610 Y39.63210
X20.21610 Y39.61940
X20.20340 Y39.61940
X20.20340 Y39.60670
X20.19070 Y39.60670
X20.19070 Y39.59400
X20.17800 Y39.59400
X20.17800 Y39.58130
X20.16530 Y39.58130
X20.16530 Y39.56860
X20.15260 Y39.56860
X20.15260 Y39.55590
X20.13990 Y39.55590
X20.13990 Y39.54320
X20.12720 Y39.54320
X20.12720 Y39.53050
X20.11450 Y39.53050
X20.11450 Y39.51780
X20.10180 Y39.51780
X20.10180 Y39.50510
X20.08910 Y39.50510
X20.08910 Y39.49240
X20.07640 Y39.49240
X20.07640 Y39.47970
X20.06370 Y39.47970
X20.06370 Y39.46700
X20.05100 Y39.46700
X20.05100 Y39.45430
X20.03830 Y39.45430
X20.03830 Y39.44160
X20.02560 Y39.44160
X20.02560 Y39.42890
X20.01290 Y39.42890
X20.01290 Y39.41620
X20.00020 Y39.41620
X20.00020 Y39.40350
X19.98750 Y39.40350
X19.98750 Y39.39080
X19.97480 Y39.39080
X19.97480 Y39.37810
X19.96210 Y39.37810
X19.96210 Y39.36540
X19.94940 Y39.36540
X19.94940 Y39.35270
X19.93670 Y39.35270
X19.93670 Y39.34000
X19.92400 Y39.34000
X19.92400 Y39.32730
X19.91130 Y39.32730
X19.91130 Y39.31460
X19.89860 Y39.31460
X19.89860 Y39.30190
X19.88590 Y39.30190
X19.88590 Y39.28920
X19.87320 Y39.28920
X19.87320 Y39.27650
X19.86050 Y39.27650
X19.86050 Y39.26380
X19.84780 Y39.26380
X19.84780 Y39.25110
X19.83510 Y39.25110
X19.83510 Y39.23840
X19.82240 Y39.23840
X19.82240 Y39.22570
X19.80970 Y39.22570
X19.80970 Y39.21300
X19.79700 Y39.21300
X19.79700 Y39.20030
X19.78430 Y39.20030
X19.78430 Y39.18760
X19.77160 Y39.18760
X19.77160 Y39.17490
X19.75890 Y39.17490
X19.75890 Y39.16220
X19.74620 Y39.16220
X19.74620 Y39.14950
X19.73350 Y39.14950
X19.73350 Y39.13680
X19.72080 Y39.13680
X19.72080 Y39.12410
X19.70810 Y39.12410
X19.70810 Y39.11140
X19.69540 Y39.11140
X19.69540 Y39.09870
X19.68270 Y39.09870
X19.68270 Y39.08600
X19.67000 Y39.08600
X19.67000 Y39.07330
X19.65730 Y39.07330
X19.65730 Y39.06060
X19.64460 Y39.06060
X19.64460 Y39.04790
X19.63190 Y39.04790
X19.63190 Y39.03520
X19.61920 Y39.03520
X19.61920 Y39.02250
X19.60650 Y39.02250
X19.60650 Y39.00980
X19.59380 Y39.00980
X19.59380 Y38.99710
X19.58110 Y38.99710
X19.58110 Y38.98440
X19.56840 Y38.98440
X19.56840 Y38.97170
X19.55570 Y38.97170
X19.55570 Y38.95900
X19.54300 Y38.95900
X19.54300 Y38.94630
X19.53030 Y38.94630
X19.53030 Y38.93360
X19.51760 Y38.93360
X19.51760 Y38.92090
X19.50490 Y38.92090
X19.50490 Y38.90820
X19.49220 Y38.90820
X19.49220 Y38.89550
X19.47950 Y38.89550
X19.47950 Y38.88280
X19.46680 Y38.88280
X19.46680 Y38.87010
X19.45410 Y38.87010
X19.45410 Y38.85740
X19.44140 Y38.85740
X19.44140 Y38.84470
X19.42870 Y38.84470
X19.42870 Y38.83200
X19.41600 Y38.83200
X19.41600 Y38.81930
X19.40330 Y38.81930
X19.40330 Y38.80660
X19.39060 Y38.80660
X19.39060 Y38.79390
X19.37790 Y38.79390
X19.37790 Y38.78120
X19.36520 Y38.78120
X19.36520 Y38.76850
X19.35250 Y38.76850
X19.35250 Y38.75580
X19.33980 Y38.75580
X19.33980 Y38.74310
X19.32710 Y38.74310
X19.32710 Y38.73040
X19.31440 Y38.73040
X19.31440 Y38.71770
X19.30170 Y38.71770
X19.30170 Y38.70500
X19.28900 Y38.70500
X19.28900 Y38.69230
X19.27630 Y38.69230
X19.27630 Y38.67960
X19.26360 Y38.67960
X19.26360 Y38.66690
X19.25090 Y38.66690
X19.25090 Y38.65420
X19.23820 Y38.65420
X19.23820 Y38.64150
X19.22550 Y38.64150
X19.22550 Y38.62880
X19.21280 Y38.62880
X19.21280 Y38.61610
X19.20010 Y38.61610
X19.20010 Y38.60340
X19.18740 Y38.60340
X19.18740 Y38.59070
X19.17470 Y38.59070
X19.17470 Y38.57800
X19.16200 Y38.57800
X19.16200 Y38.56530
X19.14930 Y38.56530
X19.14930 Y38.55260
X19.13660 Y38.55260
X19.13660 Y38.53990
X19.12390 Y38.53990
X19.12390 Y38.52720
X19.11120 Y38.52720
X19.11120 Y38.51450
X19.09850 Y38.51450
X19.09850 Y38.50180
X19.08580 Y38.50180
X19.08580 Y38.48910
X19.07310 Y38.48910
X19.07310 Y38.47640
X19.06040 Y38.47640
X19.06040 Y38.46370
X19.04770 Y38.46370
X19.04770 Y38.45100
X19.03500 Y38.45100
X19.03500 Y38.43830
X19.02230 Y38.43830
X19.02230 Y38.42560
X19.00960 Y38.42560
X19.00960 Y38.41290
X18.99690 Y38.41290
X18.99690 Y38.40020
X18.98420 Y38.40020
X18.98420 Y38.38750
X18.97150 Y38.38750
X18.97150 Y38.37480
X18.95880 Y38.37480
X18.95880 Y38.36210
X18.94610 Y38.36210
X18.94610 Y38.34940
X18.93340 Y38.34940
X18.93340 Y38.33670
X18.92070 Y38.33670
X18.92070 Y38.32400
X18.90800 Y38.32400
X18.90800 Y38.31130
X18.89530 Y38.31130
X18.89530 Y38.29860
X18.88260 Y38.29860
X18.88260 Y38.28590
X18.86990 Y38.28590
X18.86990 Y38.27320
X18.85720 Y38.27320
X18.85720 Y38.26050
X18.84450 Y38.26050
X18.84450 Y38.24780
X18.83180 Y38.24780
X18.83180 Y38.23510
X18.81910 Y38.23510
X18.81910 Y38.22240
X18.80640 Y38.22240
X18.80640 Y38.20970
X18.79370 Y38.20970
X18.79370 Y38.19700
X18.78100 Y38.19700
X18.78100 Y38.18430
X18.76830 Y38.18430
X18.76830 Y38.17160
X18.75560 Y38.17160
X18.75560 Y38.15890
X18.74290 Y38.15890
X18.74290 Y38.14620
X18.73020 Y38.14620
X18.73020 Y38.13350
X18.71750 Y38.13350
X18.71750 Y38.12080
X18.70480 Y38.12080
X18.70480 Y38.10810
X18.69210 Y38.10810
X18.69210 Y38.09540
X18.67940 Y38.09540
X18.67940 Y38.08270
X18.66670 Y38.08270
X18.66670 Y38.07000
X18.65400 Y38.07000
X18.65400 Y38.05730
X18.64130 Y38.05730
X18.64130 Y38.04460
X18.62860 Y38.04460
X18.62860 Y38.03190
X18.61590 Y38.03190
X18.61590 Y38.01920
X18.60320 Y38.01920
X18.60320 Y38.00650
X18.59050 Y38.00650
X18.59050 Y37.99380
X18.57780 Y37.99380
X18.57780 Y37.98110
X18.56510 Y37.98110
X18.56510 Y37.96840
X18.55240 Y37.96840
X18.55240 Y37.95570
X18.53970 Y37.95570
X18.53970 Y37.94300
X18.52700 Y37.94300
X18.52700 Y37.93030
X18.51430 Y37.93030
X18.51430 Y37.91760
X18.50160 Y37.91760
X18.50160 Y37.90490
X18.48890 Y37.90490
X18.48890 Y37.89220
X18.47620 Y37.89220
X18.47620 Y37.87950
X18.46350 Y37.87950
X18.46350 Y37.86680
X18.45080 Y37.86680
X18.45080 Y37.85410
X18.43810 Y37.85410
X18.43810 Y37.84140
X18.42540 Y37.84140
X18.42540 Y37.82870
X18.41270 Y37.82870
X18.41270 Y37.81600
X18.40000 Y37.81600
X18.40000 Y37.80330
X18.38730 Y37.80330
X18.38730 Y37.79060
X18.37460 Y37.79060
X18.37460 Y37.77790
X18.36190 Y37.77790
X18.36190 Y37.76520
X18.34920 Y37.76520
X18.34920 Y37.75250
X18.33650 Y37.75250
X18.33650 Y37.73980
X18.32380 Y37.73980
X18.32380 Y37.72710
X18.31110 Y37.72710
X18.31110 Y37.71440
X18.29840 Y37.71440
X18.29840 Y37.70170
X18.28570 Y37.70170
X18.28570 Y37.68900
X18.27300 Y37.68900
X18.27300 Y37.67630
X18.26030 Y37.67630
X18.26030 Y37.66360
X18.24760 Y37.66360
X18.24760 Y37.65090
X18.23490 Y37.65090
X18.23490 Y37.63820
X18.22220 Y37.63820
X18.22220 Y37.62550
X18.20950 Y37.62550
X18.20950 Y37.61280
X18.19680 Y37.61280
X18.19680 Y37.60010
X18.18410 Y37.60010
X18.18410 Y37.58740
X18.17140 Y37.58740
X18.17140 Y37.57470
X18.15870 Y37.57470
X18.15870 Y37.56200
X18.14600 Y37.56200
X18.14600 Y37.54930
X18.13330 Y37.54930
X18.13330 Y37.53660
X18.12060 Y37.53660
X18.12060 Y37.52390
X18.10790 Y37.52390
X18.10790 Y37.51120
X18.09520 Y37.51120
X18.09520 Y37.49850
X18.08250 Y37.49850
X18.08250 Y37.48580
X18.06980 Y37.48580
X18.06980 Y37.47310
X18.05710 Y37.47310
X18.05710 Y37.46040
X18.04440 Y37.46040
X18.04440 Y37.44770
X18.03170 Y37.44770
X18.03170 Y37.43500
X18.01900 Y37.43500
X18.01900 Y37.42230
X18.00630 Y37.42230
X18.00630 Y37.40960
X17.99360 Y37.40960
X17.99360 Y37.39690
X17.98090 Y37.39690
X17.98090 Y37.38420
X17.96820 Y37.38420
X17.96820 Y37.37150
X17.95550 Y37.37150
X17.95550 Y37.35880
X17.94280 Y37.35880
X17.94280 Y37.34610
X17.93010 Y37.34610
X17.93010 Y37.33340
X17.91740 Y37.33340
X17.91740 Y37.32070
X17.90470 Y37.32070
X17.90470 Y37.30800
X17.89200 Y37.30800
X17.89200 Y37.29530
X17.87930 Y37.29530
X17.87930 Y37.28260
X17.86660 Y37.28260
X17.86660 Y37.26990
X17.85390 Y37.26990
X17.85390 Y37.25720
X17.84120 Y37.25720
X17.84120 Y37.24450
X17.82850 Y37.24450
X17.82850 Y37.23180
X17.81580 Y37.23180
X17.81580 Y37.21910
X17.80310 Y37.21910
X17.80310 Y37.20640
X17.79040 Y37.20640
X17.79040 Y37.19370
X17.77770 Y37.19370
X17.77770 Y37.18100
X17.76500 Y37.18100
X17.76500 Y37.16830
X17.75230 Y37.16830
X17.75230 Y37.15560
X17.73960 Y37.15560
X17.73960 Y37.14290
X17.72690 Y37.14290
X17.72690 Y37.13020
X17.71420 Y37.13020
X17.71420 Y37.11750
X17.70150 Y37.11750
X17.70150 Y37.10480
X17.68880 Y37.10480
X17.68880 Y37.09210
X17.67610 Y37.09210
X17.67610 Y37.07940
X17.66340 Y37.07940
X17.66340 Y37.06670
X17.65070 Y37.06670
X17.65070 Y37.05400
X17.63800 Y37.05400
X17.63800 Y37.04130
X17.62530 Y37.04130
X17.62530 Y37.02860
X17.61260 Y37.02860
X17.61260 Y37.01590
X17.59990 Y37.01590
X17.59990 Y37.00320
X17.58720 Y37.00320
X17.58720 Y36.99050
X17.57450 Y36.99050
X17.57450 Y36.97780
X17.56180 Y36.97780
X17.56180 Y36.96510
X17.54910 Y36.96510
X17.54910 Y36.95240
X17.53640 Y36.95240
X17.53640 Y36.93970
X17.52370 Y36.93970
X17.52370 Y36.92700
X17.51100 Y36.92700
X17.51100 Y36.91430
X17.49830 Y36.91430
X17.49830 Y36.90160
X17.48560 Y36.90160
X17.48560 Y36.88890
X17.47290 Y36.88890
X17.47290 Y36.87620
X17.46020 Y36.87620
X17.46020 Y36.86350
X17.44750 Y36.86350
X17.44750 Y36.85080
X17.43480 Y36.85080
X17.43480 Y36.83810
X17.42210 Y36.83810
X17.42210 Y36.82540
X17.40940 Y36.82540
X17.40940 Y36.81270
X17.39670 Y36.81270
X17.39670 Y36.80000
X17.38400 Y36.80000
X17.38400 Y36.78730
X17.37130 Y36.78730
X17.37130 Y36.77460
X17.35860 Y36.77460
X17.35860 Y36.76190
X17.34590 Y36.76190
X17.34590 Y36.74920
X17.33320 Y36.74920
X17.33320 Y36.73650
X17.32050 Y36.73650
X17.32050 Y36.72380
X17.30780 Y36.72380
X17.30780 Y36.71110
X17.29510 Y36.71110
X17.29510 Y36.69840
X17.28240 Y36.69840
X17.28240 Y36.68570
X17.26970 Y36.68570
X17.26970 Y36.67300
X17.25700 Y36.67300
X17.25700 Y36.66030
X17.24430 Y36.66030
X17.24430 Y36.64760
X17.23160 Y36.64760
X17.23160 Y36.63490
X17.21890 Y36.63490
X17.21890 Y36.62220
X17.20620 Y36.62220
X17.20620 Y36.60950
X17.19350 Y36.60950
X17.19350 Y36.59680
X17.18080 Y36.59680
X17.18080 Y36.58410
X17.16810 Y36.58410
X17.16810 Y36.57140
X17.15540 Y36.57140
X17.15540 Y36.55870
X17.14270 Y36.55870
X17.14270 Y36.54600
X17.13000 Y36.54600
X17.13000 Y36.53330
X17.11730 Y36.53330
X17.11730 Y36.52060
X17.10460 Y36.52060
X17.10460 Y36.50790
X17.09190 Y36.50790
X17.09190 Y36.49520
X17.07920 Y36.49520
X17.07920 Y36.48250
X17.06650 Y36.48250
X17.06650 Y36.46980
X17.05380 Y36.46980
X17.05380 Y36.45710
X17.04110 Y36.45710
X17.04110 Y36.44440
X17.02840 Y36.44440
X17.02840 Y36.43170
X17.01570 Y36.43170
X17.01570 Y36.41900
X17.00300 Y36.41900
X17.00300 Y36.40630
X16.99030 Y36.40630
X16.99030 Y36.39360
X16.97760 Y36.39360
X16.97760 Y36.38090
X16.96490 Y36.38090
X16.96490 Y36.36820
X16.95220 Y36.36820
X16.95220 Y36.35550
X16.93950 Y36.35550
X16.93950 Y36.34280
X16.92680 Y36.34280
X16.92680 Y36.33010
X16.91410 Y36.33010
X16.91410 Y36.31740
X16.90140 Y36.31740
X16.90140 Y36.30470
X16.88870 Y36.30470
X16.88870 Y36.29200
X16.87600 Y36.29200
X16.87600 Y36.27930
X16.86330 Y36.27930
X16.86330 Y36.26660
X16.85060 Y36.26660
X16.85060 Y36.25390
X16.83790 Y36.25390
X16.83790 Y36.24120
X16.78710 Y36.24120
X16.78710 Y36.25390
X16.74900 Y36.25390
X16.74900 Y36.26660
X16.71090 Y36.26660
X16.71090 Y36.27930
X16.60930 Y36.27930
X16.60930 Y36.29200
X16.29180 Y36.29200
X16.29180 Y36.27930
X16.19020 Y36.27930
X16.19020 Y36.26660
X16.15210 Y36.26660
X16.15210 Y36.25390
X16.11400 Y36.25390
X16.11400 Y36.24120
X16.06320 Y36.24120
X16.06320 Y36.22850
X16.03780 Y36.22850
X16.03780 Y36.21580
X16.01240 Y36.21580
X16.01240 Y36.20310
X15.99970 Y36.20310
X15.99970 Y36.19040
X15.97430 Y36.19040
X15.97430 Y36.17770
X15.94890 Y36.17770
X15.94890 Y36.16500
X15.92350 Y36.16500
X15.92350 Y36.15230
X15.91080 Y36.15230
X15.91080 Y36.13960
X15.89810 Y36.13960
X15.89810 Y36.12690
X15.88540 Y36.12690
X15.88540 Y36.11420
X15.87270 Y36.11420
X15.87270 Y36.10150
X15.84730 Y36.10150
X15.84730 Y36.08880
X15.83460 Y36.08880
X15.83460 Y36.07610
X15.82190 Y36.07610
X15.82190 Y36.06340
X15.80920 Y36.06340
X15.80920 Y36.05070
X15.79650 Y36.05070
X15.79650 Y36.02530
X15.78380 Y36.02530
X15.78380 Y36.01260
X15.77110 Y36.01260
X15.77110 Y35.99990
X15.75840 Y35.99990
X15.75840 Y35.98720
X15.74570 Y35.98720
X15.74570 Y35.97450
X15.73300 Y35.97450
X15.73300 Y35.94910
X15.72030 Y35.94910
X15.72030 Y35.92370
X15.70760 Y35.92370
X15.70760 Y35.89830
X15.69490 Y35.89830
X15.69490 Y35.88560
X15.68220 Y35.88560
X15.68220 Y35.86020
X15.66950 Y35.86020
X15.66950 Y35.83480
X15.65680 Y35.83480
X15.65680 Y35.78400
X15.64410 Y35.78400
X15.64410 Y35.74590
X15.63140 Y35.74590
X15.63140 Y35.70780
X15.61870 Y35.70780
X15.61870 Y35.60620
X15.60600 Y35.60620
X15.60600 Y35.28870
X15.61870 Y35.28870
X15.61870 Y35.18710
X15.63140 Y35.18710
X15.63140 Y35.14900
X15.64410 Y35.14900
X15.64410 Y35.11090
X15.65680 Y35.11090
X15.65680 Y35.06010
X15.66950 Y35.06010
X15.66950 Y35.03470
X15.68220 Y35.03470
X15.68220 Y35.00930
X15.69490 Y35.00930
X15.69490 Y34.99660
X15.70760 Y34.99660
X15.70760 Y34.97120
X15.72030 Y34.97120
X15.72030 Y34.94580
X15.73300 Y34.94580
X15.73300 Y34.92040
X15.74570 Y34.92040
X15.74570 Y34.90770
X15.75840 Y34.90770
X15.75840 Y34.89500
X15.77110 Y34.89500
X15.77110 Y34.88230
X15.78380 Y34.88230
X15.78380 Y34.86960
X15.79650 Y34.86960
X15.79650 Y34.84420
X15.80920 Y34.84420
X15.80920 Y34.83150
X15.82190 Y34.83150
X15.82190 Y34.81880
X15.83460 Y34.81880
X15.83460 Y34.80610
X15.84730 Y34.80610
X15.84730 Y34.79340
X15.87270 Y34.79340
X15.87270 Y34.78070
X15.88540 Y34.78070
X15.88540 Y34.76800
X15.89810 Y34.76800
X15.89810 Y34.75530
X15.91080 Y34.75530
X15.91080 Y34.74260
X15.92350 Y34.74260
X15.92350 Y34.72990
X15.94890 Y34.72990
X15.94890 Y34.71720
X15.97430 Y34.71720
X15.97430 Y34.70450
X15.99970 Y34.70450
X15.99970 Y34.69180
X16.01240 Y34.69180
X16.01240 Y34.67910
X16.03780 Y34.67910
X16.03780 Y34.66640
X16.06320 Y34.66640
X16.06320 Y34.65370
X16.11400 Y34.65370
X16.11400 Y34.64100
X16.15210 Y34.64100
X16.15210 Y34.62830
X16.19020 Y34.62830
X16.19020 Y34.61560
X16.27910 Y34.61560
X16.27910 Y34.60290
X16.62200 Y34.60290
X16.62200 Y34.61560
X16.71090 Y34.61560
X16.71090 Y34.62830
X16.74900 Y34.62830
X16.74900 Y34.64100
X16.79980 Y34.64100
X16.79980 Y34.65370
X16.83790 Y34.65370
X16.83790 Y34.66640
X16.86330 Y34.66640
X16.86330 Y34.67910
X16.88870 Y34.67910
X16.88870 Y34.69180
X16.90140 Y34.69180
X16.90140 Y34.70450
X16.92680 Y34.70450
X16.92680 Y34.71720
X16.95220 Y34.71720
X16.95220 Y34.72990
X16.97760 Y34.72990
X16.97760 Y34.74260
X16.99030 Y34.74260
X16.99030 Y34.75530
X17.00300 Y34.75530
X17.00300 Y34.76800
X17.01570 Y34.76800
X17.01570 Y34.78070
X17.02840 Y34.78070
X17.02840 Y34.79340
X17.05380 Y34.79340
X17.05380 Y34.80610
X17.06650 Y34.80610
X17.06650 Y34.81880
X17.07920 Y34.81880
X17.07920 Y34.83150
X17.09190 Y34.83150
X17.09190 Y34.84420
X17.10460 Y34.84420
X17.10460 Y34.86960
X17.11730 Y34.86960
X17.11730 Y34.88230
X17.13000 Y34.88230
X17.13000 Y34.89500
X17.14270 Y34.89500
X17.14270 Y34.90770
X17.15540 Y34.90770
X17.15540 Y34.92040
X17.16810 Y34.92040
X17.16810 Y34.94580
X17.18080 Y34.94580
X17.18080 Y34.97120
X17.19350 Y34.97120
X17.19350 Y34.99660
X17.20620 Y34.99660
X17.20620 Y35.00930
X17.21890 Y35.00930
X17.21890 Y35.03470
X17.23160 Y35.03470
X17.23160 Y35.06010
X17.24430 Y35.06010
X17.24430 Y35.09820
X17.25700 Y35.09820
X17.25700 Y35.14900
X17.26970 Y35.14900
X17.26970 Y35.18710
X17.28240 Y35.18710
X17.28240 Y35.27600
X17.29510 Y35.27600
X17.29510 Y35.61890
X17.28240 Y35.61890
X17.28240 Y35.70780
X17.26970 Y35.70780
X17.26970 Y35.74590
X17.25700 Y35.74590
X17.25700 Y35.79670
X17.24430 Y35.79670
X17.24430 Y35.83480
X17.24430 Y35.83480
X17.24430 Y35.84750
X17.25700 Y35.84750
X17.25700 Y35.86020
X17.26970 Y35.86020
X17.26970 Y35.87290
X17.28240 Y35.87290
X17.28240 Y35.88560
X17.29510 Y35.88560
X17.29510 Y35.89830
X17.30780 Y35.89830
X17.30780 Y35.91100
X17.32050 Y35.91100
X17.32050 Y35.92370
X17.33320 Y35.92370
X17.33320 Y35.93640
X17.34590 Y35.93640
X17.34590 Y35.94910
X17.35860 Y35.94910
X17.35860 Y35.96180
X17.37130 Y35.96180
X17.37130 Y35.97450
X17.38400 Y35.97450
X17.38400 Y35.98720
X17.39670 Y35.98720
X17.39670 Y35.99990
X17.40940 Y35.99990
X17.40940 Y36.01260
X17.42210 Y36.01260
X17.42210 Y36.02530
X17.43480 Y36.02530
X17.43480 Y36.03800
X17.44750 Y36.03800
X17.44750 Y36.05070
X17.46020 Y36.05070
X17.46020 Y36.06340
X17.47290 Y36.06340
X17.47290 Y36.07610
X17.48560 Y36.07610
X17.48560 Y36.08880
X17.49830 Y36.08880
X17.49830 Y36.10150
X17.51100 Y36.10150
X17.51100 Y36.11420
X17.52370 Y36.11420
X17.52370 Y36.12690
X17.53640 Y36.12690
X17.53640 Y36.13960
X17.54910 Y36.13960
X17.54910 Y36.15230
X17.56180 Y36.15230
X17.56180 Y36.16500
X17.57450 Y36.16500
X17.57450 Y36.17770
X17.58720 Y36.17770
X17.58720 Y36.19040
X17.59990 Y36.19040
X17.59990 Y36.20310
X17.61260 Y36.20310
X17.61260 Y36.21580
X17.62530 Y36.21580
X17.62530 Y36.22850
X17.63800 Y36.22850
X17.63800 Y36.24120
X17.65070 Y36.24120
X17.65070 Y36.25390
X17.66340 Y36.25390
X17.66340 Y36.26660
X17.67610 Y36.26660
X17.67610 Y36.27930
X17.68880 Y36.27930
X17.68880 Y36.29200
X17.70150 Y36.29200
X17.70150 Y36.30470
X17.71420 Y36.30470
X17.71420 Y36.31740
X17.72690 Y36.31740
X17.72690 Y36.33010
X17.73960 Y36.33010
X17.73960 Y36.34280
X17.75230 Y36.34280
X17.75230 Y36.35550
X17.76500 Y36.35550
X17.76500 Y36.36820
X17.77770 Y36.36820
X17.77770 Y36.38090
X17.79040 Y36.38090
X17.79040 Y36.39360
X17.80310 Y36.39360
X17.80310 Y36.40630
X17.81580 Y36.40630
X17.81580 Y36.41900
X17.82850 Y36.41900
X17.82850 Y36.43170
X17.84120 Y36.43170
X17.84120 Y36.44440
X17.85390 Y36.44440
X17.85390 Y36.45710
X17.86660 Y36.45710
X17.86660 Y36.46980
X17.87930 Y36.46980
X17.87930 Y36.48250
X17.89200 Y36.48250
X17.89200 Y36.49520
X17.90470 Y36.49520
X17.90470 Y36.50790
X17.91740 Y36.50790
X17.91740 Y36.52060
X17.93010 Y36.52060
X17.93010 Y36.53330
X17.94280 Y36.53330
X17.94280 Y36.54600
X17.95550 Y36.54600
X17.95550 Y36.55870
X17.96820 Y36.55870
X17.96820 Y36.57140
X17.98090 Y36.57140
X17.98090 Y36.58410
X17.99360 Y36.58410
X17.99360 Y36.59680
X18.00630 Y36.59680
X18.00630 Y36.60950
X18.01900 Y36.60950
X18.01900 Y36.62220
X18.03170 Y36.62220
X18.03170 Y36.63490
X18.04440 Y36.63490
X18.04440 Y36.64760
X18.05710 Y36.64760
X18.05710 Y36.66030
X18.06980 Y36.66030
X18.06980 Y36.67300
X18.08250 Y36.67300
X18.08250 Y36.68570
X18.09520 Y36.68570
X18.09520 Y36.69840
X18.10790 Y36.69840
X18.10790 Y36.71110
X18.12060 Y36.71110
X18.12060 Y36.72380
X18.13330 Y36.72380
X18.13330 Y36.73650
X18.14600 Y36.73650
X18.14600 Y36.74920
X18.15870 Y36.74920
X18.15870 Y36.76190
X18.17140 Y36.76190
X18.17140 Y36.77460
X18.18410 Y36.77460
X18.18410 Y36.78730
X18.19680 Y36.78730
X18.19680 Y36.80000
X18.20950 Y36.80000
X18.20950 Y36.81270
X18.22220 Y36.81270
X18.22220 Y36.82540
X18.23490 Y36.82540
X18.23490 Y36.83810
X18.24760 Y36.83810
X18.24760 Y36.85080
X18.26030 Y36.85080
X18.26030 Y36.86350
X18.27300 Y36.86350
X18.27300 Y36.87620
X18.28570 Y36.87620
X18.28570 Y36.88890
X18.29840 Y36.88890
X18.29840 Y36.90160
X18.31110 Y36.90160
X18.31110 Y36.91430
X18.32380 Y36.91430
X18.32380 Y36.92700
X18.33650 Y36.92700
X18.33650 Y36.93970
X18.34920 Y36.93970
X18.34920 Y36.95240
X18.36190 Y36.95240
X18.36190 Y36.96510
X18.37460 Y36.96510
X18.37460 Y36.97780
X18.38730 Y36.97780
X18.38730 Y36.99050
X18.40000 Y36.99050
X18.40000 Y37.00320
X18.41270 Y37.00320
X18.41270 Y37.01590
X18.42540 Y37.01590
X18.42540 Y37.02860
X18.43810 Y37.02860
X18.43810 Y37.04130
X18.45080 Y37.04130
X18.45080 Y37.05400
X18.46350 Y37.05400
X18.46350 Y37.06670
X18.47620 Y37.06670
X18.47620 Y37.07940
X18.48890 Y37.07940
X18.48890 Y37.09210
X18.50160 Y37.09210
X18.50160 Y37.10480
X18.51430 Y37.10480
X18.51430 Y37.11750
X18.52700 Y37.11750
X18.52700 Y37.13020
X18.53970 Y37.13020
X18.53970 Y37.14290
X18.55240 Y37.14290
X18.55240 Y37.15560
X18.56510 Y37.15560
X18.56510 Y37.16830
X18.57780 Y37.16830
X18.57780 Y37.18100
X18.59050 Y37.18100
X18.59050 Y37.19370
X18.60320 Y37.19370
X18.60320 Y37.20640
X18.61590 Y37.20640
X18.61590 Y37.21910
X18.62860 Y37.21910
X18.62860 Y37.23180
X18.64130 Y37.23180
X18.64130 Y37.24450
X18.65400 Y37.24450
X18.65400 Y37.25720
X18.66670 Y37.25720
X18.66670 Y37.26990
X18.67940 Y37.26990
X18.67940 Y37.28260
X18.69210 Y37.28260
X18.69210 Y37.29530
X18.70480 Y37.29530
X18.70480 Y37.30800
X18.71750 Y37.30800
X18.71750 Y37.32070
X18.73020 Y37.32070
X18.73020 Y37.33340
X18.74290 Y37.33340
X18.74290 Y37.34610
X18.75560 Y37.34610
X18.75560 Y37.35880
X18.76830 Y37.35880
X18.76830 Y37.37150
X18.78100 Y37.37150
X18.78100 Y37.38420
X18.79370 Y37.38420
X18.79370 Y37.39690
X18.80640 Y37.39690
X18.80640 Y37.40960
X18.81910 Y37.40960
X18.81910 Y37.42230
X18.83180 Y37.42230
X18.83180 Y37.43500
X18.84450 Y37.43500
X18.84450 Y37.44770
X18.85720 Y37.44770
X18.85720 Y37.46040
X18.86990 Y37.46040
X18.86990 Y37.47310
X18.88260 Y37.47310
X18.88260 Y37.48580
X18.89530 Y37.48580
X18.89530 Y37.49850
X18.90800 Y37.49850
X18.90800 Y37.51120
X18.92070 Y37.51120
X18.92070 Y37.52390
X18.93340 Y37.52390
X18.93340 Y37.53660
X18.94610 Y37.53660
X18.94610 Y37.54930
X18.95880 Y37.54930
X18.95880 Y37.56200
X18.97150 Y37.56200
X18.97150 Y37.57470
X18.98420 Y37.57470
X18.98420 Y37.58740
X18.99690 Y37.58740
X18.99690 Y37.60010
X19.00960 Y37.60010
X19.00960 Y37.61280
X19.02230 Y37.61280
X19.02230 Y37.62550
X19.03500 Y37.62550
X19.03500 Y37.63820
X19.04770 Y37.63820
X19.04770 Y37.65090
X19.06040 Y37.65090
X19.06040 Y37.66360
X19.07310 Y37.66360
X19.07310 Y37.67630
X19.08580 Y37.67630
X19.08580 Y37.68900
X19.09850 Y37.68900
X19.09850 Y37.70170
X19.11120 Y37.70170
X19.11120 Y37.71440
X19.12390 Y37.71440
X19.12390 Y37.72710
X19.13660 Y37.72710
X19.13660 Y37.73980
X19.14930 Y37.73980
X19.14930 Y37.75250
X19.16200 Y37.75250
X19.16200 Y37.76520
X19.17470 Y37.76520
X19.17470 Y37.77790
X19.18740 Y37.77790
X19.18740 Y37.79060
X19.20010 Y37.79060
X19.20010 Y37.80330
X19.21280 Y37.80330
X19.21280 Y37.81600
X19.22550 Y37.81600
X19.22550 Y37.82870
X19.23820 Y37.82870
X19.23820 Y37.84140
X19.25090 Y37.84140
X19.25090 Y37.85410
X19.26360 Y37.85410
X19.26360 Y37.86680
X19.27630 Y37.86680
X19.27630 Y37.87950
X19.28900 Y37.87950
X19.28900 Y37.89220
X19.30170 Y37.89220
X19.30170 Y37.90490
X19.31440 Y37.90490
X19.31440 Y37.91760
X19.32710 Y37.91760
X19.32710 Y37.93030
X19.33980 Y37.93030
X19.33980 Y37.94300
X19.35250 Y37.94300
X19.35250 Y37.95570
X19.36520 Y37.95570
X19.36520 Y37.96840
X19.37790 Y37.96840
X19.37790 Y37.98110
X19.39060 Y37.98110
X19.39060 Y37.99380
X19.40330 Y37.99380
X19.40330 Y38.00650
X19.41600 Y38.00650
X19.41600 Y38.01920
X19.42870 Y38.01920
X19.42870 Y38.03190
X19.44140 Y38.03190
X19.44140 Y38.04460
X19.45410 Y38.04460
X19.45410 Y38.05730
X19.46680 Y38.05730
X19.46680 Y38.07000
X19.47950 Y38.07000
X19.47950 Y38.08270
X19.49220 Y38.08270
X19.49220 Y38.09540
X19.50490 Y38.09540
X19.50490 Y38.10810
X19.51760 Y38.10810
X19.51760 Y38.12080
X19.53030 Y38.12080
X19.53030 Y38.13350
X19.54300 Y38.13350
X19.54300 Y38.14620
X19.55570 Y38.14620
X19.55570 Y38.15890
X19.56840 Y38.15890
X19.56840 Y38.17160
X19.58110 Y38.17160
X19.58110 Y38.18430
X19.59380 Y38.18430
X19.59380 Y38.19700
X19.60650 Y38.19700
X19.60650 Y38.20970
X19.61920 Y38.20970
X19.61920 Y38.22240
X19.63190 Y38.22240
X19.63190 Y38.23510
X19.64460 Y38.23510
X19.64460 Y38.24780
X19.65730 Y38.24780
X19.65730 Y38.26050
X19.67000 Y38.26050
X19.67000 Y38.27320
X19.68270 Y38.27320
X19.68270 Y38.28590
X19.69540 Y38.28590
X19.69540 Y38.29860
X19.70810 Y38.29860
X19.70810 Y38.31130
X19.72080 Y38.31130
X19.72080 Y38.32400
X19.73350 Y38.32400
X19.73350 Y38.33670
X19.74620 Y38.33670
X19.74620 Y38.34940
X19.75890 Y38.34940
X19.75890 Y38.36210
X19.77160 Y38.36210
X19.77160 Y38.37480
X19.78430 Y38.37480
X19.78430 Y38.38750
X19.79700 Y38.38750
X19.79700 Y38.40020
X19.80970 Y38.40020
X19.80970 Y38.41290
X19.82240 Y38.41290
X19.82240 Y38.42560
X19.83510 Y38.42560
X19.83510 Y38.43830
X19.84780 Y38.43830
X19.84780 Y38.45100
X19.86050 Y38.45100
X19.86050 Y38.46370
X19.87320 Y38.46370
X19.87320 Y38.47640
X19.88590 Y38.47640
X19.88590 Y38.48910
X19.89860 Y38.48910
X19.89860 Y38.50180
X19.91130 Y38.50180
X19.91130 Y38.51450
X19.92400 Y38.51450
X19.92400 Y38.52720
X19.93670 Y38.52720
X19.93670 Y38.53990
X19.94940 Y38.53990
X19.94940 Y38.55260
X19.96210 Y38.55260
X19.96210 Y38.56530
X19.97480 Y38.56530
X19.97480 Y38.57800
X19.98750 Y38.57800
X19.98750 Y38.59070
X20.00020 Y38.59070
X20.00020 Y38.60340
X20.01290 Y38.60340
X20.01290 Y38.61610
X20.02560 Y38.61610
X20.02560 Y38.62880
X20.03830 Y38.62880
X20.03830 Y38.64150
X20.05100 Y38.64150
X20.05100 Y38.65420
X20.06370 Y38.65420
X20.06370 Y38.66690
X20.07640 Y38.66690
X20.07640 Y38.67960
X20.08910 Y38.67960
X20.08910 Y38.69230
X20.10180 Y38.69230
X20.10180 Y38.70500
X20.11450 Y38.70500
X20.11450 Y38.71770
X20.12720 Y38.71770
X20.12720 Y38.73040
X20.13990 Y38.73040
X20.13990 Y38.74310
X20.15260 Y38.74310
X20.15260 Y38.75580
X20.16530 Y38.75580
X20.16530 Y38.76850
X20.17800 Y38.76850
X20.17800 Y38.78120
X20.19070 Y38.78120
X20.19070 Y38.79390
X20.20340 Y38.79390
X20.20340 Y38.80660
X20.21610 Y38.80660
X20.21610 Y38.81930
X20.22880 Y38.81930
X20.22880 Y38.83200
X20.24150 Y38.83200
X20.24150 Y38.84470
X20.25420 Y38.84470
X20.25420 Y38.85740
X20.26690 Y38.85740
X20.26690 Y38.87010
X20.27960 Y38.87010
X20.27960 Y38.88280
X20.29230 Y38.88280
X20.29230 Y38.89550
X20.30500 Y38.89550
X20.30500 Y38.90820
X20.31770 Y38.90820
X20.31770 Y38.92090
X20.33040 Y38.92090
X20.33040 Y38.93360
X20.34310 Y38.93360
X20.34310 Y38.94630
X20.35580 Y38.94630
X20.35580 Y38.95900
X20.36850 Y38.95900
X20.36850 Y38.97170
X20.38120 Y38.97170
X20.38120 Y38.98440
X20.39390 Y38.98440
X20.39390 Y38.99710
X20.40660 Y38.99710
X20.40660 Y39.00980
X20.41930 Y39.00980
X20.41930 Y39.02250
X20.43200 Y39.02250
X20.43200 Y39.03520
X20.44470 Y39.03520
X20.44470 Y39.04790
X20.45740 Y39.04790
X20.45740 Y39.06060
X20.47010 Y39.06060
X20.47010 Y39.07330
X20.48280 Y39.07330
X20.48280 Y39.08600
X20.49550 Y39.08600
X20.49550 Y39.09870
X20.50820 Y39.09870
X20.50820 Y39.11140
X20.52090 Y39.11140
X20.52090 Y39.12410
X20.53360 Y39.12410
X20.53360 Y39.13680
X20.54630 Y39.13680
X20.54630 Y39.14950
X20.55900 Y39.14950
X20.55900 Y39.16220
X20.57170 Y39.16220
X20.57170 Y39.17490
X20.58440 Y39.17490
X20.58440 Y39.18760
X20.59710 Y39.18760
X20.59710 Y39.20030
X20.60980 Y39.20030
X20.60980 Y39.21300
X20.62250 Y39.21300
X20.62250 Y39.22570
X20.63520 Y39.22570
X20.63520 Y39.23840
X20.64790 Y39.23840
X20.64790 Y39.25110
X20.66060 Y39.25110
X20.66060 Y39.26380
X20.67330 Y39.26380
X20.67330 Y39.27650
X20.68600 Y39.27650
X20.68600 Y39.28920
X20.69870 Y39.28920
X20.69870 Y39.30190
X20.71140 Y39.30190
X20.71140 Y39.31460
X20.72410 Y39.31460
X20.72410 Y39.32730
X20.73680 Y39.32730
X20.73680 Y39.34000
X20.74950 Y39.34000
X20.74950 Y39.35270
X20.76220 Y39.35270
X20.76220 Y39.36540
X20.77490 Y39.36540
X20.77490 Y39.37810
X20.78760 Y39.37810
X20.78760 Y39.39080
X20.80030 Y39.39080
X20.80030 Y39.40350
X20.81300 Y39.40350
X20.81300 Y39.41620
X20.82570 Y39.41620
X20.82570 Y39.42890
X20.83840 Y39.42890
X20.83840 Y39.44160
X20.85110 Y39.44160
X20.85110 Y39.45430
X20.86380 Y39.45430
X20.86380 Y39.46700
X20.87650 Y39.46700
X20.87650 Y39.47970
X20.88920 Y39.47970
X20.88920 Y39.49240
X20.90190 Y39.49240
X20.90190 Y39.50510
X20.91460 Y39.50510
X20.91460 Y39.51780
X20.92730 Y39.51780
X20.92730 Y39.53050
X20.94000 Y39.53050
X20.94000 Y39.54320
X20.95270 Y39.54320
X20.95270 Y39.55590
X20.96540 Y39.55590
X20.96540 Y39.56860
X20.97810 Y39.56860
X20.97810 Y39.58130
X20.99080 Y39.58130
X20.99080 Y39.59400
X21.00350 Y39.59400
X21.00350 Y39.60670
X21.01620 Y39.60670
X21.01620 Y39.61940
X21.02890 Y39.61940
X21.02890 Y39.63210
X21.04160 Y39.63210
X21.04160 Y39.64480
X21.05430 Y39.64480
X21.05430 Y39.65750
X21.06700 Y39.65750
X21.06700 Y39.67020
X21.07970 Y39.67020
X21.07970 Y39.68290
X21.09240 Y39.68290
X21.09240 Y39.69560
X21.10510 Y39.69560
X21.10510 Y39.70830
X21.11780 Y39.70830
X21.11780 Y39.72100
X21.13050 Y39.72100
X21.13050 Y39.73370
X21.14320 Y39.73370
X21.14320 Y39.74640
X21.15590 Y39.74640
X21.15590 Y39.75910
X21.16860 Y39.75910
X21.16860 Y39.77180
X21.18130 Y39.77180
X21.18130 Y39.78450
X21.19400 Y39.78450
X21.19400 Y39.79720
X21.20670 Y39.79720
X21.20670 Y39.80990
X21.21940 Y39.80990
X21.21940 Y39.82260
X21.23210 Y39.82260
X21.23210 Y39.83530
X21.24480 Y39.83530
X21.24480 Y39.84800
X21.25750 Y39.84800
X21.25750 Y39.86070
X21.27020 Y39.86070
X21.27020 Y39.87340
X21.28290 Y39.87340
X21.28290 Y39.88610
X21.29560 Y39.88610
X21.29560 Y39.89880
X21.30830 Y39.89880
X21.30830 Y39.91150
X21.32100 Y39.91150
X21.32100 Y39.92420
X21.33370 Y39.92420
X21.33370 Y39.93690
X21.34640 Y39.93690
X21.34640 Y39.94960
X21.35910 Y39.94960
X21.35910 Y39.96230
X21.37180 Y39.96230
X21.37180 Y39.97500
X21.38450 Y39.97500
X21.38450 Y39.98770
X21.39720 Y39.98770
X21.39720 Y40.00040
X21.40990 Y40.00040
X21.40990 Y40.01310
X21.42260 Y40.01310
X21.42260 Y40.02580
X21.43530 Y40.02580
X21.43530 Y40.03850
X21.44800 Y40.03850
X21.44800 Y40.05120
X21.46070 Y40.05120
X21.46070 Y40.06390
X21.47340 Y40.06390
X21.47340 Y40.07660
X21.52420 Y40.07660
X21.52420 Y40.06390
X21.56230 Y40.06390
X21.56230 Y40.05120
X21.60040 Y40.05120
X21.60040 Y40.03850
X21.68930 Y40.03850
X21.68930 Y40.02580
X22.03220 Y40.02580
X22.03220 Y40.03850
X22.12110 Y40.03850
X22.12110 Y40.05120
X22.15920 Y40.05120
X22.15920 Y40.06390
X22.21000 Y40.06390
X22.21000 Y40.07660
X22.24810 Y40.07660
X22.24810 Y40.08930
X22.27350 Y40.08930
X22.27350 Y40.10200
X22.29890 Y40.10200
X22.29890 Y40.11470
X22.31160 Y40.11470
X22.31160 Y40.12740
X22.33700 Y40.12740
X22.33700 Y40.14010
X22.36240 Y40.14010
X22.36240 Y40.15280
X22.38780 Y40.15280
X22.38780 Y40.16550
X22.40050 Y40.16550
X22.40050 Y40.17820
X22.41320 Y40.17820
X22.41320 Y40.19090
X22.42590 Y40.19090
X22.42590 Y40.20360
X22.43860 Y40.20360
X22.43860 Y40.21630
X22.46400 Y40.21630
X22.46400 Y40.22900
X22.47670 Y40.22900
X22.47670 Y40.24170
X22.48940 Y40.24170
X22.48940 Y40.25440
X22.50210 Y40.25440
X22.50210 Y40.26710
X22.51480 Y40.26710
X22.51480 Y40.29250
X22.52750 Y40.29250
X22.52750 Y40.30520
X22.54020 Y40.30520
X22.54020 Y40.31790
X22.55290 Y40.31790
X22.55290 Y40.33060
X22.56560 Y40.33060
X22.56560 Y40.34330
X22.57830 Y40.34330
X22.57830 Y40.36870
X22.59100 Y40.36870
X22.59100 Y40.39410
X22.60370 Y40.39410
X22.60370 Y40.41950
X22.61640 Y40.41950
X22.61640 Y40.43220
X22.62910 Y40.43220
X22.62910 Y40.45760
X22.64180 Y40.45760
X22.64180 Y40.48300
X22.65450 Y40.48300
X22.65450 Y40.52110
X22.66720 Y40.52110
X22.66720 Y40.57190
X22.67990 Y40.57190
X22.67990 Y40.61000
X22.69260 Y40.61000
X22.69260 Y40.69890
X22.70530 Y40.69890
X22.70530 Y41.04180
X22.69260 Y41.04180
X22.69260 Y41.13070
X22.67990 Y41.13070
X22.67990 Y41.16880
X22.66720 Y41.16880
X22.66720 Y41.21960
X22.65450 Y41.21960
X22.65450 Y41.25770
X22.64180 Y41.25770
X22.64180 Y41.28310
X22.62910 Y41.28310
X22.62910 Y41.30850
X22.61640 Y41.30850
X22.61640 Y41.32120
X22.60370 Y41.32120
X22.60370 Y41.34660
X22.59100 Y41.34660
X22.59100 Y41.37200
X22.57830 Y41.37200
X22.57830 Y41.39740
X22.56560 Y41.39740
X22.56560 Y41.41010
X22.55290 Y41.41010
X22.55290 Y41.42280
X22.54020 Y41.42280
X22.54020 Y41.43550
X22.52750 Y41.43550
X22.52750 Y41.44820
X22.51480 Y41.44820
X22.51480 Y41.47360
X22.50210 Y41.47360
X22.50210 Y41.48630
X22.48940 Y41.48630
X22.48940 Y41.49900
X22.47670 Y41.49900
X22.47670 Y41.51170
X22.46400 Y41.51170
X22.46400 Y41.52440
X22.43860 Y41.52440
X22.43860 Y41.53710
X22.42590 Y41.53710
X22.42590 Y41.54980
X22.41320 Y41.54980
X22.41320 Y41.56250
X22.40050 Y41.56250
X22.40050 Y41.57520
X22.38780 Y41.57520
X22.38780 Y41.58790
X22.36240 Y41.58790
X22.36240 Y41.60060
X22.33700 Y41.60060
X22.33700 Y41.61330
X22.31160 Y41.61330
X22.31160 Y41.62600
X22.29890 Y41.62600
X22.29890 Y41.63870
X22.27350 Y41.63870
X22.27350 Y41.65140
X22.24810 Y41.65140
X22.24810 Y41.66410
X22.19730 Y41.66410
X22.19730 Y41.67680
X22.15920 Y41.67680
X22.15920 Y41.68950
X22.12110 Y41.68950
X22.12110 Y41.70220
X22.01950 Y41.70220
X22.01950 Y41.71490
X21.70200 Y41.71490
X21.70200 Y41.70220
X21.60040 Y41.70220
X21.60040 Y41.68950
X21.56230 Y41.68950
X21.56230 Y41.67680
X21.52420 Y41.67680
X21.52420 Y41.66410
X21.47340 Y41.66410
X21.47340 Y41.65140
X21.44800 Y41.65140
X21.44800 Y41.63870
X21.42260 Y41.63870
X21.42260 Y41.62600
X21.40990 Y41.62600
X21.40990 Y41.61330
G04 P0 ( dwell for no time -- G64 should not smooth over this point )
G00 Z5.00000 ( retract )

G00 X18.20950 Y40.22900 ( rapid move to begin. )
F300.00000
G01 Z-0.05000
G04 P0 ( dwell for no time -- G64 should not smooth over this point )
F600.00000
X18.20950 Y40.22900
X18.18410 Y40.22900
X18.18410 Y40.21630
X18.15870 Y40.21630
X18.15870 Y40.20360
X18.13330 Y40.20360
X18.13330 Y40.19090
X18.12060 Y40.19090
X18.12060 Y40.17820
X18.10790 Y40.17820
X18.10790 Y40.16550
X18.09520 Y40.16550
X18.09520 Y40.15280
X18.08250 Y40.15280
X18.08250 Y40.14010
X18.05710 Y40.14010
X18.05710 Y40.12740
X18.04440 Y40.12740
X18.04440 Y40.11470
X18.03170 Y40.11470
X18.03170 Y40.10200
X18.01900 Y40.10200
X18.01900 Y40.08930
X18.00630 Y40.08930
X18.00630 Y40.06390
X17.99360 Y40.06390
X17.99360 Y40.05120
X17.98090 Y40.05120
X17.98090 Y40.03850
X17.96820 Y40.03850
X17.96820 Y40.02580
X17.95550 Y40.02580
X17.95550 Y40.01310
X17.94280 Y40.01310
X17.94280 Y39.98770
X17.93010 Y39.98770
X17.93010 Y39.96230
X17.91740 Y39.96230
X17.91740 Y39.93690
X17.90470 Y39.93690
X17.90470 Y39.92420
X17.89200 Y39.92420
X17.89200 Y39.89880
X17.87930 Y39.89880
X17.87930 Y39.87340
X17.86660 Y39.87340
X17.86660 Y39.82260
X17.85390 Y39.82260
X17.85390 Y39.78450
X17.84120 Y39.78450
X17.84120 Y39.74640
X17.82850 Y39.74640
X17.82850 Y39.64480
X17.81580 Y39.64480
X17.81580 Y39.32730
X17.82850 Y39.32730
X17.82850 Y39.22570
X17.84120 Y39.22570
X17.84120 Y39.18760
X17.85390 Y39.18760
X17.85390 Y39.14950
X17.86660 Y39.14950
X17.86660 Y39.09870
X17.86660 Y39.09870
X17.86660 Y39.08600
X17.85390 Y39.08600
X17.85390 Y39.07330
X17.84120 Y39.07330
X17.84120 Y39.06060
X17.82850 Y39.06060
X17.82850 Y39.04790
X17.81580 Y39.04790
X17.81580 Y39.03520
X17.80310 Y39.03520
X17.80310 Y39.02250
X17.79040 Y39.02250
X17.79040 Y39.00980
X17.77770 Y39.00980
X17.77770 Y38.99710
X17.76500 Y38.99710
X17.76500 Y38.98440
X17.75230 Y38.98440
X17.75230 Y38.97170
X17.73960 Y38.97170
X17.73960 Y38.95900
X17.72690 Y38.95900
X17.72690 Y38.94630
X17.71420 Y38.94630
X17.71420 Y38.93360
X17.70150 Y38.93360
X17.70150 Y38.92090
X17.68880 Y38.92090
X17.68880 Y38.90820
X17.67610 Y38.90820
X17.67610 Y38.89550
X17.66340 Y38.89550
X17.66340 Y38.88280
X17.65070 Y38.88280
X17.65070 Y38.87010
X17.63800 Y38.87010
X17.63800 Y38.85740
X17.62530 Y38.85740
X17.62530 Y38.84470
X17.61260 Y38.84470
X17.61260 Y38.83200
X17.59990 Y38.83200
X17.59990 Y38.81930
X17.58720 Y38.81930
X17.58720 Y38.80660
X17.57450 Y38.80660
X17.57450 Y38.79390
X17.56180 Y38.79390
X17.56180 Y38.78120
X17.54910 Y38.78120
X17.54910 Y38.76850
X17.53640 Y38.76850
X17.53640 Y38.75580
X17.52370 Y38.75580
X17.52370 Y38.74310
X17.51100 Y38.74310
X17.51100 Y38.73040
X17.49830 Y38.73040
X17.49830 Y38.71770
X17.48560 Y38.71770
X17.48560 Y38.70500
X17.47290 Y38.70500
X17.47290 Y38.69230
X17.46020 Y38.69230
X17.46020 Y38.67960
X17.44750 Y38.67960
X17.44750 Y38.66690
X17.43480 Y38.66690
X17.43480 Y38.65420
X17.42210 Y38.65420
X17.42210 Y38.64150
X17.40940 Y38.64150
X17.40940 Y38.62880
X17.39670 Y38.62880
X17.39670 Y38.61610
X17.38400 Y38.61610
X17.38400 Y38.60340
X17.37130 Y38.60340
X17.37130 Y38.59070
X17.35860 Y38.59070
X17.35860 Y38.57800
X17.34590 Y38.57800
X17.34590 Y38.56530
X17.33320 Y38.56530
X17.33320 Y38.55260
X17.32050 Y38.55260
X17.32050 Y38.53990
X17.30780 Y38.53990
X17.30780 Y38.52720
X17.29510 Y38.52720
X17.29510 Y38.51450
X17.28240 Y38.51450
X17.28240 Y38.50180
X17.26970 Y38.50180
X17.26970 Y38.48910
X17.25700 Y38.48910
X17.25700 Y38.47640
X17.24430 Y38.47640
X17.24430 Y38.46370
X17.23160 Y38.46370
X17.23160 Y38.45100
X17.21890 Y38.45100
X17.21890 Y38.43830
X17.20620 Y38.43830
X17.20620 Y38.42560
X17.19350 Y38.42560
X17.19350 Y38.41290
X17.18080 Y38.41290
X17.18080 Y38.40020
X17.16810 Y38.40020
X17.16810 Y38.38750
X17.15540 Y38.38750
X17.15540 Y38.37480
X17.14270 Y38.37480
X17.14270 Y38.36210
X17.13000 Y38.36210
X17.13000 Y38.34940
X17.11730 Y38.34940
X17.11730 Y38.33670
X17.10460 Y38.33670
X17.10460 Y38.32400
X17.09190 Y38.32400
X17.09190 Y38.31130
X17.07920 Y38.31130
X17.07920 Y38.29860
X17.06650 Y38.29860
X17.06650 Y38.28590
X17.05380 Y38.28590
X17.05380 Y38.27320
X17.04110 Y38.27320
X17.04110 Y38.26050
X17.02840 Y38.26050
X17.02840 Y38.24780
X17.01570 Y38.24780
X17.01570 Y38.23510
X17.00300 Y38.23510
X17.00300 Y38.22240
X16.99030 Y38.22240
X16.99030 Y38.20970
X16.97760 Y38.20970
X16.97760 Y38.19700
X16.96490 Y38.19700
X16.96490 Y38.18430
X16.95220 Y38.18430
X16.95220 Y38.17160
X16.93950 Y38.17160
X16.93950 Y38.15890
X16.92680 Y38.15890
X16.92680 Y38.14620
X16.91410 Y38.14620
X16.91410 Y38.13350
X16.90140 Y38.13350
X16.90140 Y38.12080
X16.88870 Y38.12080
X16.88870 Y38.10810
X16.87600 Y38.10810
X16.87600 Y38.09540
X16.86330 Y38.09540
X16.86330 Y38.08270
X16.85060 Y38.08270
X16.85060 Y38.07000
X16.83790 Y38.07000
X16.83790 Y38.05730
X16.82520 Y38.05730
X16.82520 Y38.04460
X16.81250 Y38.04460
X16.81250 Y38.03190
X16.79980 Y38.03190
X16.79980 Y38.01920
X16.78710 Y38.01920
X16.78710 Y38.00650
X16.77440 Y38.00650
X16.77440 Y37.99380
X16.76170 Y37.99380
X16.76170 Y37.98110
X16.74900 Y37.98110
X16.74900 Y37.96840
X16.73630 Y37.96840
X16.73630 Y37.95570
X16.72360 Y37.95570
X16.72360 Y37.94300
X16.71090 Y37.94300
X16.71090 Y37.93030
X16.69820 Y37.93030
X16.69820 Y37.91760
X16.68550 Y37.91760
X16.68550 Y37.90490
X16.67280 Y37.90490
X16.67280 Y37.89220
X16.66010 Y37.89220
X16.66010 Y37.87950
X16.64740 Y37.87950
X16.64740 Y37.86680
X16.63470 Y37.86680
X16.63470 Y37.85410
X16.62200 Y37.85410
X16.62200 Y37.84140
X16.60930 Y37.84140
X16.60930 Y37.82870
X16.59660 Y37.82870
X16.59660 Y37.81600
X16.58390 Y37.81600
X16.58390 Y37.80330
X16.57120 Y37.80330
X16.57120 Y37.79060
X16.55850 Y37.79060
X16.55850 Y37.77790
X16.54580 Y37.77790
X16.54580 Y37.76520
X16.53310 Y37.76520
X16.53310 Y37.75250
X16.52040 Y37.75250
X16.52040 Y37.73980
X16.50770 Y37.73980
X16.50770 Y37.72710
X16.49500 Y37.72710
X16.49500 Y37.71440
X16.48230 Y37.71440
X16.48230 Y37.70170
X16.46960 Y37.70170
X16.46960 Y37.68900
X16.45690 Y37.68900
X16.45690 Y37.67630
X16.44420 Y37.67630
X16.44420 Y37.66360
X16.43150 Y37.66360
X16.43150 Y37.65090
X16.41880 Y37.65090
X16.41880 Y37.63820
X16.40610 Y37.63820
X16.40610 Y37.62550
X16.39340 Y37.62550
X16.39340 Y37.61280
X16.38070 Y37.61280
X16.38070 Y37.60010
X16.36800 Y37.60010
X16.36800 Y37.58740
X16.35530 Y37.58740
X16.35530 Y37.57470
X16.34260 Y37.57470
X16.34260 Y37.56200
X16.32990 Y37.56200
X16.32990 Y37.54930
X16.31720 Y37.54930
X16.31720 Y37.53660
X16.30450 Y37.53660
X16.30450 Y37.52390
X16.29180 Y37.52390
X16.29180 Y37.51120
X16.27910 Y37.51120
X16.27910 Y37.49850
X16.26640 Y37.49850
X16.26640 Y37.48580
X16.25370 Y37.48580
X16.25370 Y37.47310
X16.24100 Y37.47310
X16.24100 Y37.46040
X16.22830 Y37.46040
X16.22830 Y37.44770
X16.21560 Y37.44770
X16.21560 Y37.43500
X16.20290 Y37.43500
X16.20290 Y37.42230
X16.19020 Y37.42230
X16.19020 Y37.40960
X16.17750 Y37.40960
X16.17750 Y37.39690
X16.16480 Y37.39690
X16.16480 Y37.38420
X16.15210 Y37.38420
X16.15210 Y37.37150
X16.13940 Y37.37150
X16.13940 Y37.35880
X16.12670 Y37.35880
X16.12670 Y37.34610
X16.11400 Y37.34610
X16.11400 Y37.33340
X16.10130 Y37.33340
X16.10130 Y37.32070
X16.08860 Y37.32070
X16.08860 Y37.30800
X16.07590 Y37.30800
X16.07590 Y37.29530
X16.06320 Y37.29530
X16.06320 Y37.28260
X16.05050 Y37.28260
X16.05050 Y37.26990
X16.03780 Y37.26990
X16.03780 Y37.25720
X16.02510 Y37.25720
X16.02510 Y37.24450
X16.01240 Y37.24450
X16.01240 Y37.23180
X15.99970 Y37.23180
X15.99970 Y37.21910
X15.98700 Y37.21910
X15.98700 Y37.20640
X15.97430 Y37.20640
X15.97430 Y37.19370
X15.96160 Y37.19370
X15.96160 Y37.18100
X15.94890 Y37.18100
X15.94890 Y37.16830
X15.93620 Y37.16830
X15.93620 Y37.15560
X15.92350 Y37.15560
X15.92350 Y37.14290
X15.91080 Y37.14290
X15.91080 Y37.13020
X15.89810 Y37.13020
X15.89810 Y37.11750
X15.88540 Y37.11750
X15.88540 Y37.10480
X15.87270 Y37.10480
X15.87270 Y37.09210
X15.86000 Y37.09210
X15.86000 Y37.07940
X15.84730 Y37.07940
X15.84730 Y37.06670
X15.83460 Y37.06670
X15.83460 Y37.05400
X15.82190 Y37.05400
X15.82190 Y37.04130
X15.80920 Y37.04130
X15.80920 Y37.02860
X15.79650 Y37.02860
X15.79650 Y37.01590
X15.78380 Y37.01590
X15.78380 Y37.00320
X15.77110 Y37.00320
X15.77110 Y36.99050
X15.75840 Y36.99050
X15.75840 Y36.97780
X15.74570 Y36.97780
X15.74570 Y36.96510
X15.73300 Y36.96510
X15.73300 Y36.95240
X15.72030 Y36.95240
X15.72030 Y36.93970
X15.70760 Y36.93970
X15.70760 Y36.92700
X15.69490 Y36.92700
X15.69490 Y36.91430
X15.68220 Y36.91430
X15.68220 Y36.90160
X15.66950 Y36.90160
X15.66950 Y36.88890
X15.65680 Y36.88890
X15.65680 Y36.87620
X15.64410 Y36.87620
X15.64410 Y36.86350
X15.63140 Y36.86350
X15.63140 Y36.85080
X15.61870 Y36.85080
X15.61870 Y36.83810
X15.60600 Y36.83810
X15.60600 Y36.82540
X15.59330 Y36.82540
X15.59330 Y36.81270
X15.58060 Y36.81270
X15.58060 Y36.80000
X15.56790 Y36.80000
X15.56790 Y36.78730
X15.55520 Y36.78730
X15.55520 Y36.77460
X15.54250 Y36.77460
X15.54250 Y36.76190
X15.52980 Y36.76190
X15.52980 Y36.74920
X15.51710 Y36.74920
X15.51710 Y36.73650
X15.50440 Y36.73650
X15.50440 Y36.72380
X15.49170 Y36.72380
X15.49170 Y36.71110
X15.47900 Y36.71110
X15.47900 Y36.69840
X15.46630 Y36.69840
X15.46630 Y36.68570
X15.45360 Y36.68570
X15.45360 Y36.67300
X15.44090 Y36.67300
X15.44090 Y36.66030
X15.42820 Y36.66030
X15.42820 Y36.64760
X15.41550 Y36.64760
X15.41550 Y36.63490
X15.40280 Y36.63490
X15.40280 Y36.62220
X15.39010 Y36.62220
X15.39010 Y36.60950
X15.37740 Y36.60950
X15.37740 Y36.59680
X15.36470 Y36.59680
X15.36470 Y36.58410
X15.35200 Y36.58410
X15.35200 Y36.57140
X15.33930 Y36.57140
X15.33930 Y36.55870
X15.32660 Y36.55870
X15.32660 Y36.54600
X15.31390 Y36.54600
X15.31390 Y36.53330
X15.30120 Y36.53330
X15.30120 Y36.52060
X15.28850 Y36.52060
X15.28850 Y36.50790
X15.27580 Y36.50790
X15.27580 Y36.49520
X15.26310 Y36.49520
X15.26310 Y36.48250
X15.25040 Y36.48250
X15.25040 Y36.46980
X15.23770 Y36.46980
X15.23770 Y36.45710
X15.22500 Y36.45710
X15.22500 Y36.44440
X15.21230 Y36.44440
X15.21230 Y36.43170
X15.19960 Y36.43170
X15.19960 Y36.41900
X15.18690 Y36.41900
X15.18690 Y36.40630
X15.17420 Y36.40630
X15.17420 Y36.39360
X15.16150 Y36.39360
X15.16150 Y36.38090
X15.14880 Y36.38090
X15.14880 Y36.36820
X15.13610 Y36.36820
X15.13610 Y36.35550
X15.12340 Y36.35550
X15.12340 Y36.34280
X15.11070 Y36.34280
X15.11070 Y36.33010
X15.09800 Y36.33010
X15.09800 Y36.31740
X15.08530 Y36.31740
X15.08530 Y36.30470
X15.07260 Y36.30470
X15.07260 Y36.29200
X15.05990 Y36.29200
X15.05990 Y36.27930
X15.04720 Y36.27930
X15.04720 Y36.26660
X15.03450 Y36.26660
X15.03450 Y36.25390
X15.02180 Y36.25390
X15.02180 Y36.24120
X15.00910 Y36.24120
X15.00910 Y36.22850
X14.99640 Y36.22850
X14.99640 Y36.21580
X14.98370 Y36.21580
X14.98370 Y36.20310
X14.97100 Y36.20310
X14.97100 Y36.19040
X14.95830 Y36.19040
X14.95830 Y36.17770
X14.93290 Y36.17770
X14.93290 Y36.19040
X14.90750 Y36.19040
X14.90750 Y36.20310
X14.89480 Y36.20310
X14.89480 Y36.21580
X14.86940 Y36.21580
X14.86940 Y36.22850
X14.84400 Y36.22850
X14.84400 Y36.24120
X14.79320 Y36.24120
X14.79320 Y36.25390
X14.75510 Y36.25390
X14.75510 Y36.26660
X14.71700 Y36.26660
X14.71700 Y36.27930
X14.61540 Y36.27930
X14.61540 Y36.29200
X14.29790 Y36.29200
X14.29790 Y36.27930
X14.19630 Y36.27930
X14.19630 Y36.26660
X14.15820 Y36.26660
X14.15820 Y36.25390
X14.12010 Y36.25390
X14.12010 Y36.24120
X14.06930 Y36.24120
X14.06930 Y36.22850
X14.04390 Y36.22850
X14.04390 Y36.21580
X14.01850 Y36.21580
X14.01850 Y36.20310
X14.00580 Y36.20310
X14.00580 Y36.19040
X13.98040 Y36.19040
X13.98040 Y36.17770
X13.95500 Y36.17770
X13.95500 Y36.16500
X13.92960 Y36.16500
X13.92960 Y36.15230
X13.91690 Y36.15230
X13.91690 Y36.13960
X13.90420 Y36.13960
X13.90420 Y36.12690
X13.89150 Y36.12690
X13.89150 Y36.11420
X13.87880 Y36.11420
X13.87880 Y36.10150
X13.85340 Y36.10150
X13.85340 Y36.08880
X13.84070 Y36.08880
X13.84070 Y36.07610
X13.82800 Y36.07610
X13.82800 Y36.06340
X13.81530 Y36.06340
X13.81530 Y36.05070
X13.80260 Y36.05070
X13.80260 Y36.02530
X13.78990 Y36.02530
X13.78990 Y36.01260
X13.77720 Y36.01260
X13.77720 Y35.99990
X13.76450 Y35.99990
X13.76450 Y35.98720
X13.75180 Y35.98720
X13.75180 Y35.97450
X13.73910 Y35.97450
X13.73910 Y35.94910
X13.72640 Y35.94910
X13.72640 Y35.92370
X13.71370 Y35.92370
X13.71370 Y35.89830
X13.70100 Y35.89830
X13.70100 Y35.88560
X13.68830 Y35.88560
X13.68830 Y35.86020
X13.67560 Y35.86020
X13.67560 Y35.83480
X13.66290 Y35.83480
X13.66290 Y35.78400
X13.65020 Y35.78400
X13.65020 Y35.74590
X13.63750 Y35.74590
X13.63750 Y35.70780
X13.62480 Y35.70780
X13.62480 Y35.60620
X13.61210 Y35.60620
X13.61210 Y35.28870
X13.62480 Y35.28870
X13.62480 Y35.18710
X13.63750 Y35.18710
X13.63750 Y35.14900
X13.65020 Y35.14900
X13.65020 Y35.11090
X13.66290 Y35.11090
X13.66290 Y35.06010
X13.67560 Y35.06010
X13.67560 Y35.03470
X13.68830 Y35.03470
X13.68830 Y35.00930
X13.70100 Y35.00930
X13.70100 Y34.99660
X13.71370 Y34.99660
X13.71370 Y34.97120
X13.72640 Y34.97120
X13.72640 Y34.94580
X13.73910 Y34.94580
X13.73910 Y34.92040
X13.75180 Y34.92040
X13.75180 Y34.90770
X13.76450 Y34.90770
X13.76450 Y34.89500
X13.77720 Y34.89500
X13.77720 Y34.88230
X13.78990 Y34.88230
X13.78990 Y34.86960
X13.80260 Y34.86960
X13.80260 Y34.84420
X13.81530 Y34.84420
X13.81530 Y34.83150
X13.82800 Y34.83150
X13.82800 Y34.81880
X13.84070 Y34.81880
X13.84070 Y34.80610
X13.85340 Y34.80610
X13.85340 Y34.79340
X13.87880 Y34.79340
X13.87880 Y34.78070
X13.89150 Y34.78070
X13.89150 Y34.76800
X13.90420 Y34.76800
X13.90420 Y34.75530
X13.91690 Y34.75530
X13.91690 Y34.74260
X13.92960 Y34.74260
X13.92960 Y34.72990
X13.95500 Y34.72990
X13.95500 Y34.71720
X13.98040 Y34.71720
X13.98040 Y34.70450
X14.00580 Y34.70450
X14.00580 Y34.69180
X14.01850 Y34.69180
X14.01850 Y34.67910
X14.04390 Y34.67910
X14.04390 Y34.66640
X14.06930 Y34.66640
X14.06930 Y34.65370
X14.12010 Y34.65370
X14.12010 Y34.64100
X14.15820 Y34.64100
X14.15820 Y34.62830
X14.19630 Y34.62830
X14.19630 Y34.61560
X14.28520 Y34.61560
X14.28520 Y34.60290
X14.62810 Y34.60290
X14.62810 Y34.61560
X14.71700 Y34.61560
X14.71700 Y34.62830
X14.75510 Y34.62830
X14.75510 Y34.64100
X14.80590 Y34.64100
X14.80590 Y34.65370
X14.84400 Y34.65370
X14.84400 Y34.66640
X14.86940 Y34.66640
X14.86940 Y34.67910
X14.89480 Y34.67910
X14.89480 Y34.69180
X14.90750 Y34.69180
X14.90750 Y34.70450
X14.93290 Y34.70450
X14.93290 Y34.71720
X14.95830 Y34.71720
X14.95830 Y34.72990
X14.98370 Y34.72990
X14.98370 Y34.74260
X14.99640 Y34.74260
X14.99640 Y34.75530
X15.00910 Y34.75530
X15.00910 Y34.76800
X15.02180 Y34.76800
X15.02180 Y34.78070
X15.03450 Y34.78070
X15.03450 Y34.79340
X15.05990 Y34.79340
X15.05990 Y34.80610
X15.07260 Y34.80610
X15.07260 Y34.81880
X15.08530 Y34.81880
X15.08530 Y34.83150
X15.09800 Y34.83150
X15.09800 Y34.84420
X15.11070 Y34.84420
X15.11070 Y34.86960
X15.12340 Y34.86960
X15.12340 Y34.88230
X15.13610 Y34.88230
X15.13610 Y34.89500
X15.14880 Y34.89500
X15.14880 Y34.90770
X15.16150 Y34.90770
X15.16150 Y34.92040
X15.17420 Y34.92040
X15.17420 Y34.94580
X15.18690 Y34.94580
X15.18690 Y34.97120
X15.19960 Y34.97120
X15.19960 Y34.99660
X15.21230 Y34.99660
X15.21230 Y35.00930
X15.22500 Y35.00930
X15.22500 Y35.03470
X15.23770 Y35.03470
X15.23770 Y35.06010
X15.25040 Y35.06010
X15.25040 Y35.09820
X15.26310 Y35.09820
X15.26310 Y35.14900
X15.27580 Y35.14900
X15.27580 Y35.18710
X15.28850 Y35.18710
X15.28850 Y35.27600
X15.30120 Y35.27600
X15.30120 Y35.61890
X15.28850 Y35.61890
X15.28850 Y35.70780
X15.28850 Y35.70780
X15.28850 Y35.72050
X15.30120 Y35.72050
X15.30120 Y35.73320
X15.31390 Y35.73320
X15.31390 Y35.74590
X15.32660 Y35.74590
X15.32660 Y35.75860
X15.33930 Y35.75860
X15.33930 Y35.77130
X15.35200 Y35.77130
X15.35200 Y35.78400
X15.36470 Y35.78400
X15.36470 Y35.79670
X15.37740 Y35.79670
X15.37740 Y35.80940
X15.39010 Y35.80940
X15.39010 Y35.82210
X15.40280 Y35.82210
X15.40280 Y35.83480
X15.41550 Y35.83480
X15.41550 Y35.84750
X15.42820 Y35.84750
X15.42820 Y35.86020
X15.44090 Y35.86020
X15.44090 Y35.87290
X15.45360 Y35.87290
X15.45360 Y35.88560
X15.46630 Y35.88560
X15.46630 Y35.89830
X15.47900 Y35.89830
X15.47900 Y35.91100
X15.49170 Y35.91100
X15.49170 Y35.92370
X15.50440 Y35.92370
X15.50440 Y35.93640
X15.51710 Y35.93640
X15.51710 Y35.94910
X15.52980 Y35.94910
X15.52980 Y35.96180
X15.54250 Y35.96180
X15.54250 Y35.97450
X15.55520 Y35.97450
X15.55520 Y35.98720
X15.56790 Y35.98720
X15.56790 Y35.99990
X15.58060 Y35.99990
X15.58060 Y36.01260
X15.59330 Y36.01260
X15.59330 Y36.02530
X15.60600 Y36.02530
X15.60600 Y36.03800
X15.61870 Y36.03800
X15.61870 Y36.05070
X15.63140 Y36.05070
X15.63140 Y36.06340
X15.64410 Y36.06340
X15.64410 Y36.07610
X15.65680 Y36.07610
X15.65680 Y36.08880
X15.66950 Y36.08880
X15.66950 Y36.10150
X15.68220 Y36.10150
X15.68220 Y36.11420
X15.69490 Y36.11420
X15.69490 Y36.12690
X15.70760 Y36.12690
X15.70760 Y36.13960
X15.72030 Y36.13960
X15.72030 Y36.15230
X15.73300 Y36.15230
X15.73300 Y36.16500
X15.74570 Y36.16500
X15.74570 Y36.17770
X15.75840 Y36.17770
X15.75840 Y36.19040
X15.77110 Y36.19040
X15.77110 Y36.20310
X15.78380 Y36.20310
X15.78380 Y36.21580
X15.79650 Y36.21580
X15.79650 Y36.22850
X15.80920 Y36.22850
X15.80920 Y36.24120
X15.82190 Y36.24120
X15.82190 Y36.25390
X15.83460 Y36.25390
X15.83460 Y36.26660
X15.84730 Y36.26660
X15.84730 Y36.27930
X15.86000 Y36.27930
X15.86000 Y36.29200
X15.87270 Y36.29200
X15.87270 Y36.30470
X15.88540 Y36.30470
X15.88540 Y36.31740
X15.89810 Y36.31740
X15.89810 Y36.33010
X15.91080 Y36.33010
X15.91080 Y36.34280
X15.92350 Y36.34280
X15.92350 Y36.35550
X15.93620 Y36.35550
X15.93620 Y36.36820
X15.94890 Y36.36820
X15.94890 Y36.38090
X15.96160 Y36.38090
X15.96160 Y36.39360
X15.97430 Y36.39360
X15.97430 Y36.40630
X15.98700 Y36.40630
X15.98700 Y36.41900
X15.99970 Y36.41900
X15.99970 Y36.43170
X16.01240 Y36.43170
X16.01240 Y36.44440
X16.02510 Y36.44440
X16.02510 Y36.45710
X16.03780 Y36.45710
X16.03780 Y36.46980
X16.05050 Y36.46980
X16.05050 Y36.48250
X16.06320 Y36.48250
X16.06320 Y36.49520
X16.07590 Y36.49520
X16.07590 Y36.50790
X16.08860 Y36.50790
X16.08860 Y36.52060
X16.10130 Y36.52060
X16.10130 Y36.53330
X16.11400 Y36.53330
X16.11400 Y36.54600
X16.12670 Y36.54600
X16.12670 Y36.55870
X16.13940 Y36.55870
X16.13940 Y36.57140
X16.15210 Y36.57140
X16.15210 Y36.58410
X16.16480 Y36.58410
X16.16480 Y36.59680
X16.17750 Y36.59680
X16.17750 Y36.60950
X16.19020 Y36.60950
X16.19020 Y36.62220
X16.20290 Y36.62220
X16.20290 Y36.63490
X16.21560 Y36.63490
X16.21560 Y36.64760
X16.22830 Y36.64760
X16.22830 Y36.66030
X16.24100 Y36.66030
X16.24100 Y36.67300
X16.25370 Y36.67300
X16.25370 Y36.68570
X16.26640 Y36.68570
X16.26640 Y36.69840
X16.27910 Y36.69840
X16.27910 Y36.71110
X16.29180 Y36.71110
X16.29180 Y36.72380
X16.30450 Y36.72380
X16.30450 Y36.73650
X16.31720 Y36.73650
X16.31720 Y36.74920
X16.32990 Y36.74920
X16.32990 Y36.76190
X16.34260 Y36.76190
X16.34260 Y36.77460
X16.35530 Y36.77460
X16.35530 Y36.78730
X16.36800 Y36.78730
X16.36800 Y36.80000
X16.38070 Y36.80000
X16.38070 Y36.81270
X16.39340 Y36.81270
X16.39340 Y36.82540
X16.40610 Y36.82540
X16.40610 Y36.83810
X16.41880 Y36.83810
X16.41880 Y36.85080
X16.43150 Y36.85080
X16.43150 Y36.86350
X16.44420 Y36.86350
X16.44420 Y36.87620
X16.45690 Y36.87620
X16.45690 Y36.88890
X16.46960 Y36.88890
X16.46960 Y36.90160
X16.48230 Y36.90160
X16.48230 Y36.91430
X16.49500 Y36.91430
X16.49500 Y36.92700
X16.50770 Y36.92700
X16.50770 Y36.93970
X16.52040 Y36.93970
X16.52040 Y36.95240
X16.53310 Y36.95240
X16.53310 Y36.96510
X16.54580 Y36.96510
X16.54580 Y36.97780
X16.55850 Y36.97780
X16.55850 Y36.99050
X16.57120 Y36.99050
X16.57120 Y37.00320
X16.58390 Y37.00320
X16.58390 Y37.01590
X16.59660 Y37.01590
X16.59660 Y37.02860
X16.60930 Y37.02860
X16.60930 Y37.04130
X16.62200 Y37.04130
X16.62200 Y37.05400
X16.63470 Y37.05400
X16.63470 Y37.06670
X16.64740 Y37.06670
X16.64740 Y37.07940
X16.66010 Y37.07940
X16.66010 Y37.09210
X16.67280 Y37.09210
X16.67280 Y37.10480
X16.68550 Y37.10480
X16.68550 Y37.11750
X16.69820 Y37.11750
X16.69820 Y37.13020
X16.71090 Y37.13020
X16.71090 Y37.14290
X16.72360 Y37.14290
X16.72360 Y37.15560
X16.73630 Y37.15560
X16.73630 Y37.16830
X16.74900 Y37.16830
X16.74900 Y37.18100
X16.76170 Y37.18100
X16.76170 Y37.19370
X16.77440 Y37.19370
X16.77440 Y37.20640
X16.78710 Y37.20640
X16.78710 Y37.21910
X16.79980 Y37.21910
X16.79980 Y37.23180
X16.81250 Y37.23180
X16.81250 Y37.24450
X16.82520 Y37.24450
X16.82520 Y37.25720
X16.83790 Y37.25720
X16.83790 Y37.26990
X16.85060 Y37.26990
X16.85060 Y37.28260
X16.86330 Y37.28260
X16.86330 Y37.29530
X16.87600 Y37.29530
X16.87600 Y37.30800
X16.88870 Y37.30800
X16.88870 Y37.32070
X16.90140 Y37.32070
X16.90140 Y37.33340
X16.91410 Y37.33340
X16.91410 Y37.34610
X16.92680 Y37.34610
X16.92680 Y37.35880
X16.93950 Y37.35880
X16.93950 Y37.37150
X16.95220 Y37.37150
X16.95220 Y37.38420
X16.96490 Y37.38420
X16.96490 Y37.39690
X16.97760 Y37.39690
X16.97760 Y37.40960
X16.99030 Y37.40960
X16.99030 Y37.42230
X17.00300 Y37.42230
X17.00300 Y37.43500
X17.01570 Y37.43500
X17.01570 Y37.44770
X17.02840 Y37.44770
X17.02840 Y37.46040
X17.04110 Y37.46040
X17.04110 Y37.47310
X17.05380 Y37.47310
X17.05380 Y37.48580
X17.06650 Y37.48580
X17.06650 Y37.49850
X17.07920 Y37.49850
X17.07920 Y37.51120
X17.09190 Y37.51120
X17.09190 Y37.52390
X17.10460 Y37.52390
X17.10460 Y37.53660
X17.11730 Y37.53660
X17.11730 Y37.54930
X17.13000 Y37.54930
X17.13000 Y37.56200
X17.14270 Y37.56200
X17.14270 Y37.57470
X17.15540 Y37.57470
X17.15540 Y37.58740
X17.16810 Y37.58740
X17.16810 Y37.60010
X17.18080 Y37.60010
X17.18080 Y37.61280
X17.19350 Y37.61280
X17.19350 Y37.62550
X17.20620 Y37.62550
X17.20620 Y37.63820
X17.21890 Y37.63820
X17.21890 Y37.65090
X17.23160 Y37.65090
X17.23160 Y37.66360
X17.24430 Y37.66360
X17.24430 Y37.67630
X17.25700 Y37.67630
X17.25700 Y37.68900
X17.26970 Y37.68900
X17.26970 Y37.70170
X17.28240 Y37.70170
X17.28240 Y37.71440
X17.29510 Y37.71440
X17.29510 Y37.72710
X17.30780 Y37.72710
X17.30780 Y37.73980
X17.32050 Y37.73980
X17.32050 Y37.75250
X17.33320 Y37.75250
X17.33320 Y37.76520
X17.34590 Y37.76520
X17.34590 Y37.77790
X17.35860 Y37.77790
X17.35860 Y37.79060
X17.37130 Y37.79060
X17.37130 Y37.80330
X17.38400 Y37.80330
X17.38400 Y37.81600
X17.39670 Y37.81600
X17.39670 Y37.82870
X17.40940 Y37.82870
X17.40940 Y37.84140
X17.42210 Y37.84140
X17.42210 Y37.85410
X17.43480 Y37.85410
X17.43480 Y37.86680
X17.44750 Y37.86680
X17.44750 Y37.87950
X17.46020 Y37.87950
X17.46020 Y37.89220
X17.47290 Y37.89220
X17.47290 Y37.90490
X17.48560 Y37.90490
X17.48560 Y37.91760
X17.49830 Y37.91760
X17.49830 Y37.93030
X17.51100 Y37.93030
X17.51100 Y37.94300
X17.52370 Y37.94300
X17.52370 Y37.95570
X17.53640 Y37.95570
X17.53640 Y37.96840
X17.54910 Y37.96840
X17.54910 Y37.98110
X17.56180 Y37.98110
X17.56180 Y37.99380
X17.57450 Y37.99380
X17.57450 Y38.00650
X17.58720 Y38.00650
X17.58720 Y38.01920
X17.59990 Y38.01920
X17.59990 Y38.03190
X17.61260 Y38.03190
X17.61260 Y38.04460
X17.62530 Y38.04460
X17.62530 Y38.05730
X17.63800 Y38.05730
X17.63800 Y38.07000
X17.65070 Y38.07000
X17.65070 Y38.08270
X17.66340 Y38.08270
X17.66340 Y38.09540
X17.67610 Y38.09540
X17.67610 Y38.10810
X17.68880 Y38.10810
X17.68880 Y38.12080
X17.70150 Y38.12080
X17.70150 Y38.13350
X17.71420 Y38.13350
X17.71420 Y38.14620
X17.72690 Y38.14620
X17.72690 Y38.15890
X17.73960 Y38.15890
X17.73960 Y38.17160
X17.75230 Y38.17160
X17.75230 Y38.18430
X17.76500 Y38.18430
X17.76500 Y38.19700
X17.77770 Y38.19700
X17.77770 Y38.20970
X17.79040 Y38.20970
X17.79040 Y38.22240
X17.80310 Y38.22240
X17.80310 Y38.23510
X17.81580 Y38.23510
X17.81580 Y38.24780
X17.82850 Y38.24780
X17.82850 Y38.26050
X17.84120 Y38.26050
X17.84120 Y38.27320
X17.85390 Y38.27320
X17.85390 Y38.28590
X17.86660 Y38.28590
X17.86660 Y38.29860
X17.87930 Y38.29860
X17.87930 Y38.31130
X17.89200 Y38.31130
X17.89200 Y38.32400
X17.90470 Y38.32400
X17.90470 Y38.33670
X17.91740 Y38.33670
X17.91740 Y38.34940
X17.93010 Y38.34940
X17.93010 Y38.36210
X17.94280 Y38.36210
X17.94280 Y38.37480
X17.95550 Y38.37480
X17.95550 Y38.38750
X17.96820 Y38.38750
X17.96820 Y38.40020
X17.98090 Y38.40020
X17.98090 Y38.41290
X17.99360 Y38.41290
X17.99360 Y38.42560
X18.00630 Y38.42560
X18.00630 Y38.43830
X18.01900 Y38.43830
X18.01900 Y38.45100
X18.03170 Y38.45100
X18.03170 Y38.46370
X18.04440 Y38.46370
X18.04440 Y38.47640
X18.05710 Y38.47640
X18.05710 Y38.48910
X18.06980 Y38.48910
X18.06980 Y38.50180
X18.08250 Y38.50180
X18.08250 Y38.51450
X18.09520 Y38.51450
X18.09520 Y38.52720
X18.10790 Y38.52720
X18.10790 Y38.53990
X18.12060 Y38.53990
X18.12060 Y38.55260
X18.13330 Y38.55260
X18.13330 Y38.56530
X18.14600 Y38.56530
X18.14600 Y38.57800
X18.15870 Y38.57800
X18.15870 Y38.59070
X18.17140 Y38.59070
X18.17140 Y38.60340
X18.18410 Y38.60340
X18.18410 Y38.61610
X18.19680 Y38.61610
X18.19680 Y38.62880
X18.20950 Y38.62880
X18.20950 Y38.64150
X18.22220 Y38.64150
X18.22220 Y38.65420
X18.23490 Y38.65420
X18.23490 Y38.66690
X18.24760 Y38.66690
X18.24760 Y38.67960
X18.26030 Y38.67960
X18.26030 Y38.69230
X18.27300 Y38.69230
X18.27300 Y38.69230
X18.32380 Y38.69230
X18.32380 Y38.67960
X18.36190 Y38.67960
X18.36190 Y38.66690
X18.40000 Y38.66690
X18.40000 Y38.65420
X18.48890 Y38.65420
X18.48890 Y38.64150
X18.83180 Y38.64150
X18.83180 Y38.65420
X18.92070 Y38.65420
X18.92070 Y38.66690
X18.95880 Y38.66690
X18.95880 Y38.67960
X19.00960 Y38.67960
X19.00960 Y38.69230
X19.04770 Y38.69230
X19.04770 Y38.70500
X19.07310 Y38.70500
X19.07310 Y38.71770
X19.09850 Y38.71770
X19.09850 Y38.73040
X19.11120 Y38.73040
X19.11120 Y38.74310
X19.13660 Y38.74310
X19.13660 Y38.75580
X19.16200 Y38.75580
X19.16200 Y38.76850
X19.18740 Y38.76850
X19.18740 Y38.78120
X19.20010 Y38.78120
X19.20010 Y38.79390
X19.21280 Y38.79390
X19.21280 Y38.80660
X19.22550 Y38.80660
X19.22550 Y38.81930
X19.23820 Y38.81930
X19.23820 Y38.83200
X19.26360 Y38.83200
X19.26360 Y38.84470
X19.27630 Y38.84470
X19.27630 Y38.85740
X19.28900 Y38.85740
X19.28900 Y38.87010
X19.30170 Y38.87010
X19.30170 Y38.88280
X19.31440 Y38.88280
X19.31440 Y38.90820
X19.32710 Y38.90820
X19.32710 Y38.92090
X19.33980 Y38.92090
X19.33980 Y38.93360
X19.35250 Y38.93360
X19.35250 Y38.94630
X19.36520 Y38.94630
X19.36520 Y38.95900
X19.37790 Y38.95900
X19.37790 Y38.98440
X19.39060 Y38.98440
X19.39060 Y39.00980
X19.40330 Y39.00980
X19.40330 Y39.03520
X19.41600 Y39.03520
X19.41600 Y39.04790
X19.42870 Y39.04790
X19.42870 Y39.07330
X19.44140 Y39.07330
X19.44140 Y39.09870
X19.45410 Y39.09870
X19.45410 Y39.13680
X19.46680 Y39.13680
X19.46680 Y39.18760
X19.47950 Y39.18760
X19.47950 Y39.22570
X19.49220 Y39.22570
X19.49220 Y39.31460
X19.50490 Y39.31460
X19.50490 Y39.65750
X19.49220 Y39.65750
X19.49220 Y39.74640
X19.47950 Y39.74640
X19.47950 Y39.78450
X19.46680 Y39.78450
X19.46680 Y39.83530
X19.45410 Y39.83530
X19.45410 Y39.87340
X19.44140 Y39.87340
X19.44140 Y39.89880
X19.42870 Y39.89880
X19.42870 Y39.92420
X19.41600 Y39.92420
X19.41600 Y39.93690
X19.40330 Y39.93690
X19.40330 Y39.96230
X19.39060 Y39.96230
X19.39060 Y39.98770
X19.37790 Y39.98770
X19.37790 Y40.01310
X19.36520 Y40.01310
X19.36520 Y40.02580
X19.35250 Y40.02580
X19.35250 Y40.03850
X19.33980 Y40.03850
X19.33980 Y40.05120
X19.32710 Y40.05120
X19.32710 Y40.06390
X19.31440 Y40.06390
X19.31440 Y40.08930
X19.30170 Y40.08930
X19.30170 Y40.10200
X19.28900 Y40.10200
X19.28900 Y40.11470
X19.27630 Y40.11470
X19.27630 Y40.12740
X19.26360 Y40.12740
X19.26360 Y40.14010
X19.23820 Y40.14010
X19.23820 Y40.15280
X19.22550 Y40.15280
X19.22550 Y40.16550
X19.21280 Y40.16550
X19.21280 Y40.17820
X19.20010 Y40.17820
X19.20010 Y40.19090
X19.18740 Y40.19090
X19.18740 Y40.20360
X19.16200 Y40.20360
X19.16200 Y40.21630
X19.13660 Y40.21630
X19.13660 Y40.22900
X19.11120 Y40.22900
X19.11120 Y40.24170
X19.09850 Y40.24170
X19.09850 Y40.25440
X19.07310 Y40.25440
X19.07310 Y40.26710
X19.04770 Y40.26710
X19.04770 Y40.27980
X18.99690 Y40.27980
X18.99690 Y40.29250
X18.95880 Y40.29250
X18.95880 Y40.30520
X18.92070 Y40.30520
X18.92070 Y40.31790
X18.81910 Y40.31790
X18.81910 Y40.33060
X18.50160 Y40.33060
X18.50160 Y40.31790
X18.40000 Y40.31790
X18.40000 Y40.30520
X18.36190 Y40.30520
X18.36190 Y40.29250
X18.32380 Y40.29250
X18.32380 Y40.27980
X18.27300 Y40.27980
X18.27300 Y40.26710
X18.24760 Y40.26710
X18.24760 Y40.25440
X18.22220 Y40.25440
X18.22220 Y40.24170
X18.20950 Y40.24170
X18.20950 Y40.22900
G04 P0 ( dwell for no time -- G64 should not smooth over this point )
G00 Z5.00000 ( retract )

G00 X0.86130 Y83.94240 ( rapid move to begin. )
F300.00000
G01 Z-0.05000
G04 P0 ( dwell for no time -- G64 should not smooth over this point )
F600.00000
X0.86130 Y83.94240
X0.86130 Y0.94790
X0.87400 Y0.94790
X0.87400 Y0.90980
X0.88670 Y0.90980
X0.88670 Y0.89710
X0.89940 Y0.89710
X0.89940 Y0.88440
X0.91210 Y0.88440
X0.91210 Y0.87170
X0.95020 Y0.87170
X0.95020 Y0.85900
X90.95510 Y0.85900
X90.95510 Y0.87170
X90.99320 Y0.87170
X90.99320 Y0.88440
X91.00590 Y0.88440
X91.00590 Y0.89710
X91.01860 Y0.89710
X91.01860 Y0.92250
X91.03130 Y0.92250
X91.03130 Y0.96060
X91.04400 Y0.96060
X91.04400 Y83.95510
X91.03130 Y83.95510
X91.03130 Y83.99320
X91.01860 Y83.99320
X91.01860 Y84.00590
X90.99320 Y84.00590
X90.99320 Y84.01860
X90.98050 Y84.01860
X90.98050 Y84.03130
X90.94240 Y84.03130
X90.94240 Y84.04400
X0.95020 Y84.04400
X0.95020 Y84.03130
X0.91210 Y84.03130
X0.91210 Y84.01860
X0.89940 Y84.01860
X0.89940 Y84.00590
X0.88670 Y84.00590
X0.88670 Y83.99320
X0.87400 Y83.99320
X0.87400 Y83.98050
X0.86130 Y83.98050
X0.86130 Y83.94240

G04 P0 ( dwell for no time -- G64 should not smooth over this point )
G00 Z10.000 ( retract )

M5 ( Spindle off. )
M9 ( Coolant off. )
M2 ( Program end. )

