( pcb2gcode 1.3.2 )
( Software-independent Gcode )

G94 ( Millimeters per minute feed rate. )
G21 ( Units == Millimeters. )

G90 ( Absolute coordinates. )
S10000 ( RPM spindle speed. )
G64 P0.01000 ( set maximum deviation from commanded toolpath )
F600.00000 ( Feedrate. )

F600.00000 ( Feedrate. )
M3 ( Spindle on clockwise. )
G04 P0 ( dwell for no time -- G64 should not smooth over this point )
G00 Z5.00000 ( retract )

G00 X0.05080 Y1.42081 ( rapid move to begin. )
F300.00000
G01 Z-0.05000
G04 P0 ( dwell for no time -- G64 should not smooth over this point )
F600.00000
X0.05080 Y1.42081
X0.05839 Y6.61902
X0.09522 Y6.66390
X0.15080 Y6.68077
X2.81404 Y6.67315
X2.85892 Y6.63632
X2.87579 Y6.58077
X2.86817 Y1.38253
X2.83134 Y1.33765
X2.77579 Y1.32081
X0.15080 Y1.32081
X0.08008 Y1.35010
X0.05080 Y1.42081
G04 P0 ( dwell for no time -- G64 should not smooth over this point )
G00 Z5.00000 ( retract )

G00 X0.05080 Y9.22082 ( rapid move to begin. )
F300.00000
G01 Z-0.05000
G04 P0 ( dwell for no time -- G64 should not smooth over this point )
F600.00000
X0.05080 Y9.22082
X0.05839 Y14.41903
X0.09522 Y14.46391
X0.15080 Y14.48078
X2.81404 Y14.47316
X2.85892 Y14.43633
X2.87579 Y14.38078
X2.86817 Y9.18254
X2.83134 Y9.13766
X2.77579 Y9.12082
X0.15080 Y9.12082
X0.08008 Y9.15011
X0.05080 Y9.22082
G04 P0 ( dwell for no time -- G64 should not smooth over this point )
G00 Z5.00000 ( retract )

G00 X0.05080 Y18.93330 ( rapid move to begin. )
F300.00000
G01 Z-0.05000
G04 P0 ( dwell for no time -- G64 should not smooth over this point )
F600.00000
X0.05080 Y18.93330
X0.05839 Y24.13151
X0.09522 Y24.17639
X0.15080 Y24.19326
X2.81404 Y24.18564
X2.85892 Y24.14881
X2.87579 Y24.09326
X2.86817 Y18.89502
X2.83134 Y18.85014
X2.77579 Y18.83330
X0.15080 Y18.83330
X0.08008 Y18.86258
X0.05080 Y18.93330
G04 P0 ( dwell for no time -- G64 should not smooth over this point )
G00 Z5.00000 ( retract )

G00 X0.05080 Y26.73331 ( rapid move to begin. )
F300.00000
G01 Z-0.05000
G04 P0 ( dwell for no time -- G64 should not smooth over this point )
F600.00000
X0.05080 Y26.73331
X0.05839 Y31.93152
X0.09522 Y31.97640
X0.15080 Y31.99327
X2.81404 Y31.98565
X2.85892 Y31.94882
X2.87579 Y31.89327
X2.86817 Y26.69503
X2.83134 Y26.65015
X2.77579 Y26.63331
X0.15080 Y26.63331
X0.08008 Y26.66259
X0.05080 Y26.73331
G04 P0 ( dwell for no time -- G64 should not smooth over this point )
G00 Z5.00000 ( retract )

G00 X7.37568 Y35.16949 ( rapid move to begin. )
F300.00000
G01 Z-0.05000
G04 P0 ( dwell for no time -- G64 should not smooth over this point )
F600.00000
X7.37568 Y35.16949
X7.37568 Y37.55709
X7.39252 Y37.61264
X7.42010 Y37.64022
X7.47568 Y37.65709
X9.07588 Y37.65709
X9.13143 Y37.64022
X9.15901 Y37.61264
X9.17588 Y37.55709
X9.17588 Y35.16949
X9.15901 Y35.11391
X9.11413 Y35.07708
X9.07588 Y35.06949
X7.47568 Y35.06949
X7.40496 Y35.09877
X7.37568 Y35.16949
G04 P0 ( dwell for no time -- G64 should not smooth over this point )
G00 Z5.00000 ( retract )

G00 X9.87018 Y36.61149 ( rapid move to begin. )
F300.00000
G01 Z-0.05000
G04 P0 ( dwell for no time -- G64 should not smooth over this point )
F600.00000
X9.87018 Y36.61149
X9.87209 Y40.03460
X9.91461 Y40.09823
X9.97018 Y40.11509
X10.70089 Y40.11316
X10.76452 Y40.07064
X10.78138 Y40.01509
X10.77945 Y36.59196
X10.75207 Y36.54078
X10.70089 Y36.51340
X9.97018 Y36.51149
X9.89947 Y36.54078
X9.87018 Y36.61149
G04 P0 ( dwell for no time -- G64 should not smooth over this point )
G00 Z5.00000 ( retract )

G00 X11.37018 Y36.61149 ( rapid move to begin. )
F300.00000
G01 Z-0.05000
G04 P0 ( dwell for no time -- G64 should not smooth over this point )
F600.00000
X11.37018 Y36.61149
X11.37209 Y40.03460
X11.41461 Y40.09823
X11.47018 Y40.11509
X12.20089 Y40.11316
X12.26452 Y40.07064
X12.28138 Y40.01509
X12.27945 Y36.59196
X12.25207 Y36.54078
X12.20089 Y36.51340
X11.47018 Y36.51149
X11.39947 Y36.54078
X11.37018 Y36.61149
G04 P0 ( dwell for no time -- G64 should not smooth over this point )
G00 Z5.00000 ( retract )

G00 X12.87018 Y36.61149 ( rapid move to begin. )
F300.00000
G01 Z-0.05000
G04 P0 ( dwell for no time -- G64 should not smooth over this point )
F600.00000
X12.87018 Y36.61149
X12.87208 Y40.03460
X12.91460 Y40.09823
X12.97018 Y40.11509
X13.70089 Y40.11316
X13.76451 Y40.07064
X13.78138 Y40.01509
X13.77945 Y36.59196
X13.75207 Y36.54078
X13.70089 Y36.51340
X12.97018 Y36.51149
X12.89946 Y36.54078
X12.87018 Y36.61149
G04 P0 ( dwell for no time -- G64 should not smooth over this point )
G00 Z5.00000 ( retract )

G00 X14.37020 Y36.61149 ( rapid move to begin. )
F300.00000
G01 Z-0.05000
G04 P0 ( dwell for no time -- G64 should not smooth over this point )
F600.00000
X14.37020 Y36.61149
X14.37211 Y40.03460
X14.41463 Y40.09823
X14.47020 Y40.11509
X15.20091 Y40.11316
X15.26453 Y40.07064
X15.28140 Y40.01509
X15.27947 Y36.59196
X15.25209 Y36.54078
X15.20091 Y36.51340
X14.47020 Y36.51149
X14.39949 Y36.54078
X14.37020 Y36.61149
G04 P0 ( dwell for no time -- G64 should not smooth over this point )
G00 Z5.00000 ( retract )

G00 X15.87020 Y36.61149 ( rapid move to begin. )
F300.00000
G01 Z-0.05000
G04 P0 ( dwell for no time -- G64 should not smooth over this point )
F600.00000
X15.87020 Y36.61149
X15.87210 Y40.03460
X15.91462 Y40.09823
X15.97020 Y40.11509
X16.70090 Y40.11316
X16.76453 Y40.07064
X16.78140 Y40.01509
X16.77947 Y36.59196
X16.75209 Y36.54078
X16.70090 Y36.51340
X15.97020 Y36.51149
X15.89948 Y36.54078
X15.87020 Y36.61149
G04 P0 ( dwell for no time -- G64 should not smooth over this point )
G00 Z5.00000 ( retract )

G00 X17.37019 Y36.61149 ( rapid move to begin. )
F300.00000
G01 Z-0.05000
G04 P0 ( dwell for no time -- G64 should not smooth over this point )
F600.00000
X17.37019 Y36.61149
X17.37210 Y40.03460
X17.41462 Y40.09823
X17.47019 Y40.11509
X18.20090 Y40.11316
X18.26453 Y40.07064
X18.28139 Y40.01509
X18.27946 Y36.59196
X18.25208 Y36.54078
X18.20090 Y36.51340
X17.47019 Y36.51149
X17.39948 Y36.54078
X17.37019 Y36.61149
G04 P0 ( dwell for no time -- G64 should not smooth over this point )
G00 Z5.00000 ( retract )

G00 X18.97568 Y35.16949 ( rapid move to begin. )
F300.00000
G01 Z-0.05000
G04 P0 ( dwell for no time -- G64 should not smooth over this point )
F600.00000
X18.97568 Y35.16949
X18.97568 Y37.55709
X18.99252 Y37.61264
X19.02010 Y37.64022
X19.07568 Y37.65709
X20.67588 Y37.65709
X20.73143 Y37.64022
X20.75901 Y37.61264
X20.77588 Y37.55709
X20.77588 Y35.16949
X20.75901 Y35.11391
X20.71413 Y35.07708
X20.67588 Y35.06949
X19.07568 Y35.06949
X19.00496 Y35.09877
X18.97568 Y35.16949
G04 P0 ( dwell for no time -- G64 should not smooth over this point )
G00 Z5.00000 ( retract )

G00 X20.42579 Y44.31463 ( rapid move to begin. )
F300.00000
G01 Z-0.05000
G04 P0 ( dwell for no time -- G64 should not smooth over this point )
F600.00000
X20.42579 Y44.31463
X20.32150 Y44.32982
X20.20811 Y44.39339
X20.14705 Y44.46124
X20.09838 Y44.57053
X20.08830 Y45.25080
X20.12223 Y45.39733
X20.15932 Y45.45727
X20.24824 Y45.53733
X20.38020 Y45.58478
X20.93089 Y45.58681
X21.06015 Y45.54780
X21.17379 Y45.44912
X21.23249 Y45.31064
X21.23826 Y44.65080
X21.20430 Y44.50424
X21.11845 Y44.39342
X20.99490 Y44.32710
X20.92559 Y44.31463
X20.42579 Y44.31463
G04 P0 ( dwell for no time -- G64 should not smooth over this point )
G00 Z5.00000 ( retract )

G00 X20.42579 Y46.03962 ( rapid move to begin. )
F300.00000
G01 Z-0.05000
G04 P0 ( dwell for no time -- G64 should not smooth over this point )
F600.00000
X20.42579 Y46.03962
X20.32150 Y46.05481
X20.20811 Y46.11838
X20.14705 Y46.18623
X20.09838 Y46.29552
X20.08830 Y46.97579
X20.12223 Y47.12232
X20.15932 Y47.18226
X20.24824 Y47.26232
X20.38020 Y47.30977
X20.93089 Y47.31180
X21.06015 Y47.27279
X21.17379 Y47.17411
X21.23249 Y47.03563
X21.23826 Y46.37579
X21.20430 Y46.22923
X21.11845 Y46.11841
X20.99490 Y46.05209
X20.92559 Y46.03962
X20.42579 Y46.03962
G04 P0 ( dwell for no time -- G64 should not smooth over this point )
G00 Z5.00000 ( retract )

G00 X22.90077 Y45.48694 ( rapid move to begin. )
F300.00000
G01 Z-0.05000
G04 P0 ( dwell for no time -- G64 should not smooth over this point )
F600.00000
X22.90077 Y45.48694
X23.00501 Y45.47173
X23.11842 Y45.40815
X23.17948 Y45.34031
X23.22815 Y45.23101
X23.23826 Y44.65080
X23.20430 Y44.50424
X23.16721 Y44.44430
X23.07829 Y44.36423
X22.94633 Y44.31679
X22.39564 Y44.31476
X22.26638 Y44.35377
X22.15274 Y44.45245
X22.09404 Y44.59093
X22.08830 Y45.15077
X22.12223 Y45.29730
X22.20808 Y45.40812
X22.33163 Y45.47444
X22.40097 Y45.48694
X22.90077 Y45.48694
G04 P0 ( dwell for no time -- G64 should not smooth over this point )
G00 Z5.00000 ( retract )

G00 X22.90077 Y47.31196 ( rapid move to begin. )
F300.00000
G01 Z-0.05000
G04 P0 ( dwell for no time -- G64 should not smooth over this point )
F600.00000
X22.90077 Y47.31196
X23.00501 Y47.29674
X23.11842 Y47.23316
X23.17948 Y47.16532
X23.22815 Y47.05603
X23.23826 Y46.47581
X23.20430 Y46.32925
X23.16721 Y46.26931
X23.07829 Y46.18925
X22.94633 Y46.14180
X22.39564 Y46.13977
X22.26638 Y46.17879
X22.15274 Y46.27746
X22.09404 Y46.41595
X22.08830 Y46.97579
X22.12223 Y47.12232
X22.20808 Y47.23314
X22.33163 Y47.29946
X22.40097 Y47.31196
X22.90077 Y47.31196
G04 P0 ( dwell for no time -- G64 should not smooth over this point )
G00 Z5.00000 ( retract )

G00 X21.88883 Y51.14873 ( rapid move to begin. )
F300.00000
G01 Z-0.05000
G04 P0 ( dwell for no time -- G64 should not smooth over this point )
F600.00000
X21.88883 Y51.14873
X21.91372 Y51.26574
X21.95274 Y51.33661
X22.04824 Y51.42483
X22.13163 Y51.46196
X22.22579 Y51.47578
X22.83109 Y51.47563
X22.98517 Y51.43529
X23.09881 Y51.33661
X23.15751 Y51.19813
X23.16327 Y50.66331
X23.12931 Y50.51675
X23.09223 Y50.45681
X23.00331 Y50.37674
X22.87135 Y50.32930
X22.22045 Y50.32594
X22.12149 Y50.34233
X22.05700 Y50.37103
X21.95274 Y50.46496
X21.89838 Y50.58304
X21.88883 Y51.14873
G04 P0 ( dwell for no time -- G64 should not smooth over this point )
G00 Z5.00000 ( retract )

G00 X20.16384 Y51.14873 ( rapid move to begin. )
F300.00000
G01 Z-0.05000
G04 P0 ( dwell for no time -- G64 should not smooth over this point )
F600.00000
X20.16384 Y51.14873
X20.18873 Y51.26574
X20.22775 Y51.33661
X20.32325 Y51.42483
X20.40664 Y51.46196
X20.50080 Y51.47578
X21.10610 Y51.47563
X21.26018 Y51.43529
X21.37382 Y51.33661
X21.43252 Y51.19813
X21.43828 Y50.66331
X21.40432 Y50.51675
X21.36724 Y50.45681
X21.27832 Y50.37674
X21.14636 Y50.32930
X20.49546 Y50.32594
X20.39650 Y50.34233
X20.33201 Y50.37103
X20.22775 Y50.46496
X20.17339 Y50.58304
X20.16384 Y51.14873
G04 P0 ( dwell for no time -- G64 should not smooth over this point )
G00 Z5.00000 ( retract )

G00 X19.88170 Y55.28194 ( rapid move to begin. )
F300.00000
G01 Z-0.05000
G04 P0 ( dwell for no time -- G64 should not smooth over this point )
F600.00000
X19.88170 Y55.28194
X19.98594 Y55.26673
X20.09935 Y55.20315
X20.16041 Y55.13531
X20.20908 Y55.02601
X20.21919 Y54.44580
X20.18523 Y54.29924
X20.14814 Y54.23930
X20.05922 Y54.15924
X19.92726 Y54.11179
X19.37657 Y54.10976
X19.24731 Y54.14877
X19.13367 Y54.24745
X19.07497 Y54.38593
X19.06923 Y54.94577
X19.10316 Y55.09231
X19.18901 Y55.20313
X19.31256 Y55.26945
X19.38190 Y55.28194
X19.88170 Y55.28194
G04 P0 ( dwell for no time -- G64 should not smooth over this point )
G00 Z5.00000 ( retract )

G00 X19.88170 Y57.10693 ( rapid move to begin. )
F300.00000
G01 Z-0.05000
G04 P0 ( dwell for no time -- G64 should not smooth over this point )
F600.00000
X19.88170 Y57.10693
X19.98594 Y57.09172
X20.09935 Y57.02814
X20.16041 Y56.96030
X20.20908 Y56.85100
X20.21919 Y56.27079
X20.18523 Y56.12423
X20.14814 Y56.06429
X20.05922 Y55.98423
X19.92726 Y55.93678
X19.37657 Y55.93475
X19.24731 Y55.97376
X19.13367 Y56.07244
X19.07497 Y56.21092
X19.06923 Y56.77076
X19.10316 Y56.91730
X19.18901 Y57.02812
X19.31256 Y57.09444
X19.38190 Y57.10693
X19.88170 Y57.10693
G04 P0 ( dwell for no time -- G64 should not smooth over this point )
G00 Z5.00000 ( retract )

G00 X21.90077 Y57.10693 ( rapid move to begin. )
F300.00000
G01 Z-0.05000
G04 P0 ( dwell for no time -- G64 should not smooth over this point )
F600.00000
X21.90077 Y57.10693
X22.00501 Y57.09172
X22.11842 Y57.02814
X22.17948 Y56.96030
X22.22815 Y56.85100
X22.23826 Y56.27079
X22.20430 Y56.12423
X22.16721 Y56.06429
X22.07829 Y55.98423
X21.94634 Y55.93678
X21.39564 Y55.93475
X21.26638 Y55.97376
X21.15274 Y56.07244
X21.09404 Y56.21092
X21.08830 Y56.77076
X21.12223 Y56.91730
X21.20808 Y57.02812
X21.33163 Y57.09444
X21.40097 Y57.10693
X21.90077 Y57.10693
G04 P0 ( dwell for no time -- G64 should not smooth over this point )
G00 Z5.00000 ( retract )

G00 X21.90077 Y55.28194 ( rapid move to begin. )
F300.00000
G01 Z-0.05000
G04 P0 ( dwell for no time -- G64 should not smooth over this point )
F600.00000
X21.90077 Y55.28194
X22.00501 Y55.26673
X22.11842 Y55.20315
X22.17948 Y55.13531
X22.22815 Y55.02601
X22.23826 Y54.44580
X22.20430 Y54.29924
X22.16721 Y54.23930
X22.07829 Y54.15924
X21.94634 Y54.11179
X21.39564 Y54.10976
X21.26638 Y54.14877
X21.15274 Y54.24745
X21.09404 Y54.38593
X21.08830 Y54.94577
X21.12223 Y55.09231
X21.20808 Y55.20313
X21.33163 Y55.26945
X21.40097 Y55.28194
X21.90077 Y55.28194
G04 P0 ( dwell for no time -- G64 should not smooth over this point )
G00 Z5.00000 ( retract )

G00 X25.31328 Y58.98694 ( rapid move to begin. )
F300.00000
G01 Z-0.05000
G04 P0 ( dwell for no time -- G64 should not smooth over this point )
F600.00000
X25.31328 Y58.98694
X25.41752 Y58.97172
X25.53094 Y58.90815
X25.59200 Y58.84030
X25.64066 Y58.73101
X25.65077 Y58.15080
X25.61681 Y58.00424
X25.57973 Y57.94429
X25.49080 Y57.86423
X25.35885 Y57.81679
X24.80815 Y57.81475
X24.67889 Y57.85377
X24.56525 Y57.95245
X24.50655 Y58.09093
X24.50081 Y58.65077
X24.53475 Y58.79730
X24.62060 Y58.90812
X24.74415 Y58.97444
X24.81349 Y58.98694
X25.31328 Y58.98694
G04 P0 ( dwell for no time -- G64 should not smooth over this point )
G00 Z5.00000 ( retract )

G00 X25.31328 Y60.81195 ( rapid move to begin. )
F300.00000
G01 Z-0.05000
G04 P0 ( dwell for no time -- G64 should not smooth over this point )
F600.00000
X25.31328 Y60.81195
X25.41752 Y60.79674
X25.53094 Y60.73316
X25.59200 Y60.66532
X25.64066 Y60.55602
X25.65077 Y59.97581
X25.61681 Y59.82925
X25.57973 Y59.76931
X25.49080 Y59.68925
X25.35885 Y59.64180
X24.80815 Y59.63977
X24.67889 Y59.67878
X24.56525 Y59.77746
X24.50655 Y59.91594
X24.50081 Y60.47578
X24.53475 Y60.62232
X24.62060 Y60.73314
X24.74415 Y60.79946
X24.81349 Y60.81195
X25.31328 Y60.81195
G04 P0 ( dwell for no time -- G64 should not smooth over this point )
G00 Z5.00000 ( retract )

G00 X17.90078 Y66.07445 ( rapid move to begin. )
F300.00000
G01 Z-0.05000
G04 P0 ( dwell for no time -- G64 should not smooth over this point )
F600.00000
X17.90078 Y66.07445
X18.00502 Y66.05924
X18.11843 Y65.99566
X18.17949 Y65.92782
X18.22816 Y65.81852
X18.23827 Y65.23831
X18.20431 Y65.09175
X18.16722 Y65.03181
X18.07830 Y64.95175
X17.94634 Y64.90430
X17.39565 Y64.90227
X17.26639 Y64.94128
X17.15275 Y65.03996
X17.09405 Y65.17844
X17.08831 Y65.73828
X17.12224 Y65.88482
X17.20809 Y65.99564
X17.33164 Y66.06196
X17.40098 Y66.07445
X17.90078 Y66.07445
G04 P0 ( dwell for no time -- G64 should not smooth over this point )
G00 Z5.00000 ( retract )

G00 X17.90078 Y67.89944 ( rapid move to begin. )
F300.00000
G01 Z-0.05000
G04 P0 ( dwell for no time -- G64 should not smooth over this point )
F600.00000
X17.90078 Y67.89944
X18.00502 Y67.88423
X18.11843 Y67.82065
X18.17949 Y67.75281
X18.22816 Y67.64351
X18.23827 Y67.06330
X18.20431 Y66.91674
X18.16722 Y66.85680
X18.07830 Y66.77674
X17.94634 Y66.72929
X17.39565 Y66.72726
X17.26639 Y66.76627
X17.15275 Y66.86495
X17.09405 Y67.00343
X17.08831 Y67.56327
X17.12224 Y67.70981
X17.20809 Y67.82063
X17.33164 Y67.88695
X17.40098 Y67.89944
X17.90078 Y67.89944
G04 P0 ( dwell for no time -- G64 should not smooth over this point )
G00 Z5.00000 ( retract )

G00 X14.90078 Y67.89944 ( rapid move to begin. )
F300.00000
G01 Z-0.05000
G04 P0 ( dwell for no time -- G64 should not smooth over this point )
F600.00000
X14.90078 Y67.89944
X15.00502 Y67.88423
X15.11843 Y67.82065
X15.17950 Y67.75281
X15.22816 Y67.64351
X15.23827 Y67.06330
X15.20431 Y66.91674
X15.16723 Y66.85680
X15.07830 Y66.77674
X14.94635 Y66.72929
X14.39565 Y66.72726
X14.26639 Y66.76627
X14.15275 Y66.86495
X14.09405 Y67.00343
X14.08831 Y67.56327
X14.12225 Y67.70981
X14.20810 Y67.82063
X14.33164 Y67.88695
X14.40099 Y67.89944
X14.90078 Y67.89944
G04 P0 ( dwell for no time -- G64 should not smooth over this point )
G00 Z5.00000 ( retract )

G00 X14.90078 Y66.07445 ( rapid move to begin. )
F300.00000
G01 Z-0.05000
G04 P0 ( dwell for no time -- G64 should not smooth over this point )
F600.00000
X14.90078 Y66.07445
X15.00502 Y66.05924
X15.11843 Y65.99566
X15.17950 Y65.92782
X15.22816 Y65.81852
X15.23827 Y65.23831
X15.20431 Y65.09175
X15.16723 Y65.03181
X15.07830 Y64.95175
X14.94635 Y64.90430
X14.39565 Y64.90227
X14.26639 Y64.94128
X14.15275 Y65.03996
X14.09405 Y65.17844
X14.08831 Y65.73828
X14.12225 Y65.88482
X14.20810 Y65.99564
X14.33164 Y66.06196
X14.40099 Y66.07445
X14.90078 Y66.07445
G04 P0 ( dwell for no time -- G64 should not smooth over this point )
G00 Z5.00000 ( retract )

G00 X10.94854 Y65.97374 ( rapid move to begin. )
F300.00000
G01 Z-0.05000
G04 P0 ( dwell for no time -- G64 should not smooth over this point )
F600.00000
X10.94854 Y65.97374
X10.93091 Y65.90943
X10.89045 Y65.85418
X10.79767 Y65.80620
X10.54415 Y65.80255
X10.46386 Y65.83249
X10.39566 Y65.90945
X10.37638 Y65.98408
X10.37585 Y66.20704
X10.40717 Y66.31215
X10.46825 Y66.37209
X10.55388 Y66.39952
X10.78255 Y66.39899
X10.86271 Y66.36907
X10.92352 Y66.30394
X10.94740 Y66.24255
X10.94854 Y65.97374
G04 P0 ( dwell for no time -- G64 should not smooth over this point )
G00 Z5.00000 ( retract )

G00 X10.94854 Y66.62373 ( rapid move to begin. )
F300.00000
G01 Z-0.05000
G04 P0 ( dwell for no time -- G64 should not smooth over this point )
F600.00000
X10.94854 Y66.62373
X10.93091 Y66.55942
X10.89045 Y66.50417
X10.79767 Y66.45619
X10.54415 Y66.45253
X10.46386 Y66.48248
X10.39566 Y66.55944
X10.37638 Y66.63407
X10.37585 Y66.85703
X10.40717 Y66.96213
X10.46825 Y67.02208
X10.55388 Y67.04951
X10.78255 Y67.04897
X10.86271 Y67.01905
X10.92352 Y66.95393
X10.94740 Y66.89254
X10.94854 Y66.62373
G04 P0 ( dwell for no time -- G64 should not smooth over this point )
G00 Z5.00000 ( retract )

G00 X10.94854 Y67.27374 ( rapid move to begin. )
F300.00000
G01 Z-0.05000
G04 P0 ( dwell for no time -- G64 should not smooth over this point )
F600.00000
X10.94854 Y67.27374
X10.93091 Y67.20943
X10.89045 Y67.15418
X10.79767 Y67.10620
X10.54415 Y67.10254
X10.46386 Y67.13249
X10.39566 Y67.20945
X10.37638 Y67.28408
X10.37585 Y67.50704
X10.40717 Y67.61214
X10.46825 Y67.67209
X10.55388 Y67.69952
X10.78255 Y67.69899
X10.86271 Y67.66906
X10.92352 Y67.60394
X10.94740 Y67.54255
X10.94854 Y67.27374
G04 P0 ( dwell for no time -- G64 should not smooth over this point )
G00 Z5.00000 ( retract )

G00 X10.11877 Y66.75078 ( rapid move to begin. )
F300.00000
G01 Z-0.05000
G04 P0 ( dwell for no time -- G64 should not smooth over this point )
F600.00000
X10.11877 Y66.75078
X9.43282 Y66.75078
X9.35683 Y66.79757
X9.29330 Y66.88499
X9.27082 Y66.99078
X9.27486 Y67.35449
X9.29807 Y67.42589
X9.34943 Y67.49655
X9.41019 Y67.54069
X9.51392 Y67.56985
X10.03645 Y67.56952
X10.11082 Y67.55428
X10.19475 Y67.50396
X10.25350 Y67.42589
X10.27671 Y67.35449
X10.28022 Y66.98029
X10.23676 Y66.84669
X10.19472 Y66.79757
X10.11877 Y66.75078
G04 P0 ( dwell for no time -- G64 should not smooth over this point )
G00 Z5.00000 ( retract )

G00 X9.43285 Y66.75078 ( rapid move to begin. )
F300.00000
G01 Z-0.05000
G04 P0 ( dwell for no time -- G64 should not smooth over this point )
F600.00000
X9.43285 Y66.75078
X10.11870 Y66.75078
X10.19475 Y66.70397
X10.25827 Y66.61654
X10.28078 Y66.51077
X10.27671 Y66.14705
X10.25350 Y66.07565
X10.20214 Y66.00498
X10.14138 Y65.96084
X10.03765 Y65.93168
X9.51512 Y65.93201
X9.44075 Y65.94725
X9.35683 Y65.99757
X9.29807 Y66.07565
X9.27486 Y66.14705
X9.27135 Y66.52124
X9.31481 Y66.65484
X9.35683 Y66.70394
X9.43285 Y66.75078
G04 P0 ( dwell for no time -- G64 should not smooth over this point )
G00 Z5.00000 ( retract )

G00 X9.17354 Y66.62373 ( rapid move to begin. )
F300.00000
G01 Z-0.05000
G04 P0 ( dwell for no time -- G64 should not smooth over this point )
F600.00000
X9.17354 Y66.62373
X9.15591 Y66.55942
X9.11545 Y66.50417
X9.02266 Y66.45619
X8.76915 Y66.45253
X8.68886 Y66.48248
X8.62066 Y66.55944
X8.60138 Y66.63407
X8.60084 Y66.85703
X8.63216 Y66.96213
X8.69325 Y67.02208
X8.77887 Y67.04951
X9.00755 Y67.04897
X9.08771 Y67.01905
X9.14852 Y66.95393
X9.17240 Y66.89254
X9.17354 Y66.62373
G04 P0 ( dwell for no time -- G64 should not smooth over this point )
G00 Z5.00000 ( retract )

G00 X9.17354 Y65.97374 ( rapid move to begin. )
F300.00000
G01 Z-0.05000
G04 P0 ( dwell for no time -- G64 should not smooth over this point )
F600.00000
X9.17354 Y65.97374
X9.15591 Y65.90943
X9.11545 Y65.85418
X9.02266 Y65.80620
X8.76915 Y65.80255
X8.68886 Y65.83249
X8.62066 Y65.90945
X8.60138 Y65.98408
X8.60084 Y66.20704
X8.63216 Y66.31215
X8.69325 Y66.37209
X8.77887 Y66.39952
X9.00755 Y66.39899
X9.08771 Y66.36907
X9.14852 Y66.30394
X9.17240 Y66.24255
X9.17354 Y65.97374
G04 P0 ( dwell for no time -- G64 should not smooth over this point )
G00 Z5.00000 ( retract )

G00 X9.17354 Y67.27374 ( rapid move to begin. )
F300.00000
G01 Z-0.05000
G04 P0 ( dwell for no time -- G64 should not smooth over this point )
F600.00000
X9.17354 Y67.27374
X9.15591 Y67.20943
X9.11545 Y67.15418
X9.02266 Y67.10620
X8.76915 Y67.10254
X8.68886 Y67.13249
X8.62066 Y67.20945
X8.60138 Y67.28408
X8.60084 Y67.50704
X8.63216 Y67.61214
X8.69325 Y67.67209
X8.77887 Y67.69952
X9.00755 Y67.69899
X9.08771 Y67.66906
X9.14852 Y67.60394
X9.17240 Y67.54255
X9.17354 Y67.27374
G04 P0 ( dwell for no time -- G64 should not smooth over this point )
G00 Z5.00000 ( retract )

G00 X5.42579 Y61.22714 ( rapid move to begin. )
F300.00000
G01 Z-0.05000
G04 P0 ( dwell for no time -- G64 should not smooth over this point )
F600.00000
X5.42579 Y61.22714
X5.32150 Y61.24233
X5.20812 Y61.30591
X5.14705 Y61.37375
X5.09839 Y61.48305
X5.08830 Y62.06328
X5.12224 Y62.20982
X5.15932 Y62.26976
X5.24825 Y62.34982
X5.38020 Y62.39727
X5.93090 Y62.39930
X6.06016 Y62.36029
X6.17380 Y62.26161
X6.23250 Y62.12313
X6.23826 Y61.56331
X6.20430 Y61.41675
X6.11845 Y61.30593
X5.99491 Y61.23961
X5.92559 Y61.22714
X5.42579 Y61.22714
G04 P0 ( dwell for no time -- G64 should not smooth over this point )
G00 Z5.00000 ( retract )

G00 X5.42579 Y59.40213 ( rapid move to begin. )
F300.00000
G01 Z-0.05000
G04 P0 ( dwell for no time -- G64 should not smooth over this point )
F600.00000
X5.42579 Y59.40213
X5.32150 Y59.41732
X5.20812 Y59.48089
X5.14705 Y59.54874
X5.09839 Y59.65803
X5.08830 Y60.23827
X5.12224 Y60.38480
X5.15932 Y60.44475
X5.24825 Y60.52481
X5.38020 Y60.57225
X5.93090 Y60.57429
X6.06016 Y60.53527
X6.17380 Y60.43659
X6.23250 Y60.29811
X6.23826 Y59.73830
X6.20430 Y59.59174
X6.11845 Y59.48092
X5.99491 Y59.41460
X5.92559 Y59.40213
X5.42579 Y59.40213
G04 P0 ( dwell for no time -- G64 should not smooth over this point )
G00 Z5.00000 ( retract )

G00 X4.87723 Y57.66146 ( rapid move to begin. )
F300.00000
G01 Z-0.05000
G04 P0 ( dwell for no time -- G64 should not smooth over this point )
F600.00000
X4.87723 Y57.66146
X4.95026 Y57.64727
X5.02242 Y57.60561
X5.07124 Y57.55138
X5.10779 Y57.46525
X5.10779 Y56.33627
X5.08691 Y56.27734
X5.03794 Y56.20991
X4.93799 Y56.14973
X4.56331 Y56.13830
X4.48856 Y56.14976
X4.42953 Y56.17750
X4.36766 Y56.23320
X4.31713 Y56.34666
X4.31879 Y57.46522
X4.33966 Y57.52420
X4.38864 Y57.59164
X4.48856 Y57.65179
X4.87723 Y57.66146
G04 P0 ( dwell for no time -- G64 should not smooth over this point )
G00 Z5.00000 ( retract )

G00 X6.77723 Y57.66146 ( rapid move to begin. )
F300.00000
G01 Z-0.05000
G04 P0 ( dwell for no time -- G64 should not smooth over this point )
F600.00000
X6.77723 Y57.66146
X6.85025 Y57.64727
X6.92241 Y57.60561
X6.97123 Y57.55138
X7.00778 Y57.46525
X7.00778 Y56.33627
X6.98690 Y56.27734
X6.93793 Y56.20991
X6.83798 Y56.14973
X6.46331 Y56.13830
X6.38856 Y56.14976
X6.32953 Y56.17750
X6.26765 Y56.23320
X6.21713 Y56.34666
X6.21878 Y57.46522
X6.23966 Y57.52420
X6.28863 Y57.59164
X6.38856 Y57.65179
X6.77723 Y57.66146
G04 P0 ( dwell for no time -- G64 should not smooth over this point )
G00 Z5.00000 ( retract )

G00 X5.82722 Y55.38646 ( rapid move to begin. )
F300.00000
G01 Z-0.05000
G04 P0 ( dwell for no time -- G64 should not smooth over this point )
F600.00000
X5.82722 Y55.38646
X5.90024 Y55.37226
X5.97240 Y55.33061
X6.02122 Y55.27638
X6.05777 Y55.19025
X6.05777 Y54.06127
X6.03689 Y54.00234
X5.98792 Y53.93490
X5.88797 Y53.87473
X5.51330 Y53.86330
X5.43854 Y53.87476
X5.37952 Y53.90249
X5.31764 Y53.95820
X5.26712 Y54.07166
X5.26877 Y55.19022
X5.28965 Y55.24920
X5.33862 Y55.31664
X5.43854 Y55.37679
X5.82722 Y55.38646
G04 P0 ( dwell for no time -- G64 should not smooth over this point )
G00 Z5.00000 ( retract )

G00 X9.87722 Y57.53645 ( rapid move to begin. )
F300.00000
G01 Z-0.05000
G04 P0 ( dwell for no time -- G64 should not smooth over this point )
F600.00000
X9.87722 Y57.53645
X9.95025 Y57.52225
X10.02241 Y57.48059
X10.07123 Y57.42636
X10.10943 Y57.32987
X10.10778 Y56.06129
X10.08690 Y56.00236
X10.03793 Y55.93493
X9.93798 Y55.87475
X9.56330 Y55.86332
X9.48855 Y55.87478
X9.42952 Y55.90251
X9.36765 Y55.95822
X9.31712 Y56.07168
X9.31878 Y57.34021
X9.33965 Y57.39918
X9.38863 Y57.46662
X9.48855 Y57.52677
X9.87722 Y57.53645
G04 P0 ( dwell for no time -- G64 should not smooth over this point )
G00 Z5.00000 ( retract )

G00 X11.77722 Y57.53645 ( rapid move to begin. )
F300.00000
G01 Z-0.05000
G04 P0 ( dwell for no time -- G64 should not smooth over this point )
F600.00000
X11.77722 Y57.53645
X11.85024 Y57.52225
X11.92240 Y57.48059
X11.97122 Y57.42636
X12.00942 Y57.32987
X12.00777 Y56.06129
X11.98689 Y56.00236
X11.93792 Y55.93493
X11.83797 Y55.87475
X11.46330 Y55.86332
X11.38855 Y55.87478
X11.32952 Y55.90251
X11.26764 Y55.95822
X11.21712 Y56.07168
X11.21877 Y57.34021
X11.23965 Y57.39918
X11.28862 Y57.46662
X11.38855 Y57.52677
X11.77722 Y57.53645
G04 P0 ( dwell for no time -- G64 should not smooth over this point )
G00 Z5.00000 ( retract )

G00 X10.82723 Y55.66144 ( rapid move to begin. )
F300.00000
G01 Z-0.05000
G04 P0 ( dwell for no time -- G64 should not smooth over this point )
F600.00000
X10.82723 Y55.66144
X10.90026 Y55.64724
X10.97242 Y55.60559
X11.02124 Y55.55136
X11.05944 Y55.45487
X11.05779 Y54.18629
X11.03691 Y54.12736
X10.98794 Y54.05992
X10.88799 Y53.99975
X10.51331 Y53.98832
X10.43856 Y53.99978
X10.37953 Y54.02751
X10.31766 Y54.08321
X10.26714 Y54.19668
X10.26879 Y55.46520
X10.28967 Y55.52418
X10.33864 Y55.59162
X10.43856 Y55.65177
X10.82723 Y55.66144
G04 P0 ( dwell for no time -- G64 should not smooth over this point )
G00 Z5.00000 ( retract )

G00 X14.42580 Y56.22713 ( rapid move to begin. )
F300.00000
G01 Z-0.05000
G04 P0 ( dwell for no time -- G64 should not smooth over this point )
F600.00000
X14.42580 Y56.22713
X14.32151 Y56.24232
X14.20812 Y56.30589
X14.14706 Y56.37374
X14.09840 Y56.48303
X14.08831 Y57.06327
X14.12225 Y57.20980
X14.15933 Y57.26975
X14.24826 Y57.34981
X14.38021 Y57.39725
X14.93091 Y57.39929
X15.06017 Y57.36027
X15.17381 Y57.26159
X15.23251 Y57.12311
X15.23827 Y56.56330
X15.20431 Y56.41674
X15.11846 Y56.30592
X14.99491 Y56.23960
X14.92560 Y56.22713
X14.42580 Y56.22713
G04 P0 ( dwell for no time -- G64 should not smooth over this point )
G00 Z5.00000 ( retract )

G00 X14.42580 Y54.40214 ( rapid move to begin. )
F300.00000
G01 Z-0.05000
G04 P0 ( dwell for no time -- G64 should not smooth over this point )
F600.00000
X14.42580 Y54.40214
X14.32151 Y54.41733
X14.20812 Y54.48090
X14.14706 Y54.54875
X14.09840 Y54.65804
X14.08831 Y55.23828
X14.12225 Y55.38481
X14.15933 Y55.44476
X14.24826 Y55.52482
X14.38021 Y55.57226
X14.93091 Y55.57430
X15.06017 Y55.53528
X15.17381 Y55.43660
X15.23251 Y55.29812
X15.23827 Y54.73831
X15.20431 Y54.59175
X15.11846 Y54.48093
X14.99491 Y54.41461
X14.92560 Y54.40214
X14.42580 Y54.40214
G04 P0 ( dwell for no time -- G64 should not smooth over this point )
G00 Z5.00000 ( retract )

G00 X14.45854 Y60.21472 ( rapid move to begin. )
F300.00000
G01 Z-0.05000
G04 P0 ( dwell for no time -- G64 should not smooth over this point )
F600.00000
X14.45854 Y60.21472
X14.46614 Y61.05932
X14.50297 Y61.10421
X14.53901 Y61.11914
X14.82616 Y61.11345
X14.87104 Y61.07662
X14.88790 Y61.02107
X14.88028 Y60.17645
X14.84345 Y60.13156
X14.80741 Y60.11663
X14.55854 Y60.11472
X14.48783 Y60.14401
X14.45854 Y60.21472
G04 P0 ( dwell for no time -- G64 should not smooth over this point )
G00 Z5.00000 ( retract )

G00 X14.95867 Y60.21472 ( rapid move to begin. )
F300.00000
G01 Z-0.05000
G04 P0 ( dwell for no time -- G64 should not smooth over this point )
F600.00000
X14.95867 Y60.21472
X14.96626 Y61.05932
X15.00309 Y61.10421
X15.03914 Y61.11914
X15.32628 Y61.11345
X15.37116 Y61.07662
X15.38803 Y61.02107
X15.38041 Y60.17645
X15.34358 Y60.13156
X15.30754 Y60.11663
X15.05867 Y60.11472
X14.98795 Y60.14401
X14.95867 Y60.21472
G04 P0 ( dwell for no time -- G64 should not smooth over this point )
G00 Z5.00000 ( retract )

G00 X15.45879 Y60.21472 ( rapid move to begin. )
F300.00000
G01 Z-0.05000
G04 P0 ( dwell for no time -- G64 should not smooth over this point )
F600.00000
X15.45879 Y60.21472
X15.46639 Y61.05932
X15.50322 Y61.10421
X15.53926 Y61.11914
X15.82641 Y61.11345
X15.87129 Y61.07662
X15.88816 Y61.02107
X15.88054 Y60.17645
X15.84371 Y60.13156
X15.80766 Y60.11663
X15.55879 Y60.11472
X15.48808 Y60.14401
X15.45879 Y60.21472
G04 P0 ( dwell for no time -- G64 should not smooth over this point )
G00 Z5.00000 ( retract )

G00 X13.95842 Y60.21472 ( rapid move to begin. )
F300.00000
G01 Z-0.05000
G04 P0 ( dwell for no time -- G64 should not smooth over this point )
F600.00000
X13.95842 Y60.21472
X13.96601 Y61.05932
X14.00284 Y61.10421
X14.03888 Y61.11914
X14.32603 Y61.11345
X14.37091 Y61.07662
X14.38778 Y61.02107
X14.38016 Y60.17645
X14.34333 Y60.13156
X14.30729 Y60.11663
X14.05842 Y60.11472
X13.98770 Y60.14401
X13.95842 Y60.21472
G04 P0 ( dwell for no time -- G64 should not smooth over this point )
G00 Z5.00000 ( retract )

G00 X13.95842 Y61.91012 ( rapid move to begin. )
F300.00000
G01 Z-0.05000
G04 P0 ( dwell for no time -- G64 should not smooth over this point )
F600.00000
X13.95842 Y61.91012
X13.96601 Y62.75472
X14.00284 Y62.79961
X14.03888 Y62.81454
X14.32603 Y62.80885
X14.37091 Y62.77202
X14.38778 Y62.71647
X14.38016 Y61.87185
X14.34333 Y61.82696
X14.30729 Y61.81203
X14.05842 Y61.81012
X13.98770 Y61.83941
X13.95842 Y61.91012
G04 P0 ( dwell for no time -- G64 should not smooth over this point )
G00 Z5.00000 ( retract )

G00 X14.45854 Y61.91012 ( rapid move to begin. )
F300.00000
G01 Z-0.05000
G04 P0 ( dwell for no time -- G64 should not smooth over this point )
F600.00000
X14.45854 Y61.91012
X14.46614 Y62.75472
X14.50297 Y62.79961
X14.53901 Y62.81454
X14.82616 Y62.80885
X14.87104 Y62.77202
X14.88790 Y62.71647
X14.88028 Y61.87185
X14.84345 Y61.82696
X14.80741 Y61.81203
X14.55854 Y61.81012
X14.48783 Y61.83941
X14.45854 Y61.91012
G04 P0 ( dwell for no time -- G64 should not smooth over this point )
G00 Z5.00000 ( retract )

G00 X14.95867 Y61.91012 ( rapid move to begin. )
F300.00000
G01 Z-0.05000
G04 P0 ( dwell for no time -- G64 should not smooth over this point )
F600.00000
X14.95867 Y61.91012
X14.96626 Y62.75472
X15.00309 Y62.79961
X15.03914 Y62.81454
X15.32628 Y62.80885
X15.37116 Y62.77202
X15.38803 Y62.71647
X15.38041 Y61.87185
X15.34358 Y61.82696
X15.30754 Y61.81203
X15.05867 Y61.81012
X14.98795 Y61.83941
X14.95867 Y61.91012
G04 P0 ( dwell for no time -- G64 should not smooth over this point )
G00 Z5.00000 ( retract )

G00 X15.45879 Y61.91012 ( rapid move to begin. )
F300.00000
G01 Z-0.05000
G04 P0 ( dwell for no time -- G64 should not smooth over this point )
F600.00000
X15.45879 Y61.91012
X15.46639 Y62.75472
X15.50322 Y62.79961
X15.53926 Y62.81454
X15.82641 Y62.80885
X15.87129 Y62.77202
X15.88816 Y62.71647
X15.88054 Y61.87185
X15.84371 Y61.82696
X15.80766 Y61.81203
X15.55879 Y61.81012
X15.48808 Y61.83941
X15.45879 Y61.91012
G04 P0 ( dwell for no time -- G64 should not smooth over this point )
G00 Z5.00000 ( retract )

G00 X23.25080 Y26.73331 ( rapid move to begin. )
F300.00000
G01 Z-0.05000
G04 P0 ( dwell for no time -- G64 should not smooth over this point )
F600.00000
X23.25080 Y26.73331
X23.25840 Y31.93152
X23.29523 Y31.97640
X23.35080 Y31.99327
X26.01404 Y31.98565
X26.05893 Y31.94882
X26.07579 Y31.89327
X26.06817 Y26.69503
X26.03134 Y26.65015
X25.97579 Y26.63331
X23.35080 Y26.63331
X23.28009 Y26.66259
X23.25080 Y26.73331
G04 P0 ( dwell for no time -- G64 should not smooth over this point )
G00 Z5.00000 ( retract )

G00 X23.25080 Y18.93330 ( rapid move to begin. )
F300.00000
G01 Z-0.05000
G04 P0 ( dwell for no time -- G64 should not smooth over this point )
F600.00000
X23.25080 Y18.93330
X23.25840 Y24.13151
X23.29523 Y24.17639
X23.35080 Y24.19326
X26.01404 Y24.18564
X26.05893 Y24.14881
X26.07579 Y24.09326
X26.06817 Y18.89502
X26.03134 Y18.85014
X25.97579 Y18.83330
X23.35080 Y18.83330
X23.28009 Y18.86258
X23.25080 Y18.93330
G04 P0 ( dwell for no time -- G64 should not smooth over this point )
G00 Z5.00000 ( retract )

G00 X27.16385 Y10.14871 ( rapid move to begin. )
F300.00000
G01 Z-0.05000
G04 P0 ( dwell for no time -- G64 should not smooth over this point )
F600.00000
X27.16385 Y10.14871
X27.18874 Y10.26573
X27.22776 Y10.33659
X27.32326 Y10.42481
X27.39651 Y10.45922
X27.50081 Y10.47576
X28.00609 Y10.47561
X28.10502 Y10.45922
X28.17825 Y10.42483
X28.27381 Y10.33659
X28.33250 Y10.19811
X28.33771 Y9.65277
X28.31282 Y9.53581
X28.27949 Y9.47373
X28.16951 Y9.37101
X28.02583 Y9.32712
X27.47066 Y9.32725
X27.32331 Y9.37670
X27.22776 Y9.46494
X27.16906 Y9.60342
X27.16385 Y10.14871
G04 P0 ( dwell for no time -- G64 should not smooth over this point )
G00 Z5.00000 ( retract )

G00 X28.98884 Y10.14871 ( rapid move to begin. )
F300.00000
G01 Z-0.05000
G04 P0 ( dwell for no time -- G64 should not smooth over this point )
F600.00000
X28.98884 Y10.14871
X29.01373 Y10.26573
X29.05275 Y10.33659
X29.14825 Y10.42481
X29.22150 Y10.45922
X29.32580 Y10.47576
X29.83108 Y10.47561
X29.93001 Y10.45922
X30.00324 Y10.42483
X30.09880 Y10.33659
X30.15749 Y10.19811
X30.16270 Y9.65277
X30.13781 Y9.53581
X30.10448 Y9.47373
X29.99450 Y9.37101
X29.85082 Y9.32712
X29.29565 Y9.32725
X29.14830 Y9.37670
X29.05275 Y9.46494
X28.99405 Y9.60342
X28.98884 Y10.14871
G04 P0 ( dwell for no time -- G64 should not smooth over this point )
G00 Z5.00000 ( retract )

G00 X31.11330 Y9.14940 ( rapid move to begin. )
F300.00000
G01 Z-0.05000
G04 P0 ( dwell for no time -- G64 should not smooth over this point )
F600.00000
X31.11330 Y9.14940
X32.26016 Y9.14719
X32.33118 Y9.12986
X32.43930 Y9.06745
X32.49640 Y9.00649
X32.53674 Y8.93334
X32.56326 Y8.80078
X32.56270 Y5.79032
X32.53674 Y5.66820
X32.49638 Y5.59505
X32.39704 Y5.50338
X32.32140 Y5.46792
X32.21314 Y5.45080
X31.06638 Y5.45436
X30.99536 Y5.47168
X30.88724 Y5.53409
X30.83016 Y5.59505
X30.78980 Y5.66820
X30.76331 Y5.80079
X30.76384 Y8.81122
X30.79356 Y8.94310
X30.87172 Y9.05346
X30.99536 Y9.12986
X31.11330 Y9.14940
G04 P0 ( dwell for no time -- G64 should not smooth over this point )
G00 Z5.00000 ( retract )

G00 X31.11330 Y3.74941 ( rapid move to begin. )
F300.00000
G01 Z-0.05000
G04 P0 ( dwell for no time -- G64 should not smooth over this point )
F600.00000
X31.11330 Y3.74941
X32.26016 Y3.74720
X32.33118 Y3.72987
X32.43930 Y3.66747
X32.49640 Y3.60651
X32.53674 Y3.53335
X32.56326 Y3.40079
X32.56270 Y0.39033
X32.53674 Y0.26821
X32.49638 Y0.19506
X32.39704 Y0.10339
X32.32140 Y0.06793
X32.21314 Y0.05081
X31.06638 Y0.05437
X30.99536 Y0.07169
X30.88724 Y0.13410
X30.83016 Y0.19506
X30.78980 Y0.26821
X30.76331 Y0.40080
X30.76384 Y3.41123
X30.79356 Y3.54311
X30.87172 Y3.65347
X30.99536 Y3.72987
X31.11330 Y3.74941
G04 P0 ( dwell for no time -- G64 should not smooth over this point )
G00 Z5.00000 ( retract )

G00 X23.25080 Y1.42081 ( rapid move to begin. )
F300.00000
G01 Z-0.05000
G04 P0 ( dwell for no time -- G64 should not smooth over this point )
F600.00000
X23.25080 Y1.42081
X23.25840 Y6.61902
X23.29523 Y6.66390
X23.35080 Y6.68077
X26.01404 Y6.67315
X26.05893 Y6.63632
X26.07579 Y6.58077
X26.06817 Y1.38253
X26.03134 Y1.33765
X25.97579 Y1.32081
X23.35080 Y1.32081
X23.28009 Y1.35010
X23.25080 Y1.42081
G04 P0 ( dwell for no time -- G64 should not smooth over this point )
G00 Z5.00000 ( retract )

G00 X23.25080 Y9.22082 ( rapid move to begin. )
F300.00000
G01 Z-0.05000
G04 P0 ( dwell for no time -- G64 should not smooth over this point )
F600.00000
X23.25080 Y9.22082
X23.25840 Y14.41903
X23.29523 Y14.46391
X23.35080 Y14.48078
X26.01404 Y14.47316
X26.05893 Y14.43633
X26.07579 Y14.38078
X26.06817 Y9.18254
X26.03134 Y9.13766
X25.97579 Y9.12082
X23.35080 Y9.12082
X23.28009 Y9.15011
X23.25080 Y9.22082
G04 P0 ( dwell for no time -- G64 should not smooth over this point )
G00 Z5.00000 ( retract )

G00 X40.57523 Y17.65278 ( rapid move to begin. )
F300.00000
G01 Z-0.05000
G04 P0 ( dwell for no time -- G64 should not smooth over this point )
F600.00000
X40.57523 Y17.65278
X40.55034 Y17.53581
X40.51132 Y17.46492
X40.41582 Y17.37673
X40.33243 Y17.33960
X40.23830 Y17.32581
X39.63296 Y17.32593
X39.53401 Y17.34232
X39.46952 Y17.37102
X39.36525 Y17.46495
X39.30655 Y17.60343
X39.30081 Y18.13828
X39.33474 Y18.28481
X39.37183 Y18.34475
X39.46075 Y18.42481
X39.59271 Y18.47226
X40.24361 Y18.47561
X40.39768 Y18.43528
X40.51132 Y18.33660
X40.56568 Y18.21852
X40.57523 Y17.65278
G04 P0 ( dwell for no time -- G64 should not smooth over this point )
G00 Z5.00000 ( retract )

G00 X42.30022 Y17.65278 ( rapid move to begin. )
F300.00000
G01 Z-0.05000
G04 P0 ( dwell for no time -- G64 should not smooth over this point )
F600.00000
X42.30022 Y17.65278
X42.27533 Y17.53581
X42.23631 Y17.46492
X42.14081 Y17.37673
X42.05742 Y17.33960
X41.96329 Y17.32581
X41.35795 Y17.32593
X41.25900 Y17.34232
X41.19451 Y17.37102
X41.09024 Y17.46495
X41.03154 Y17.60343
X41.02580 Y18.13828
X41.05973 Y18.28481
X41.09682 Y18.34475
X41.18574 Y18.42481
X41.31770 Y18.47226
X41.96860 Y18.47561
X42.12267 Y18.43528
X42.23631 Y18.33660
X42.29067 Y18.21852
X42.30022 Y17.65278
G04 P0 ( dwell for no time -- G64 should not smooth over this point )
G00 Z5.00000 ( retract )

G00 X43.17357 Y19.13000 ( rapid move to begin. )
F300.00000
G01 Z-0.05000
G04 P0 ( dwell for no time -- G64 should not smooth over this point )
F600.00000
X43.17357 Y19.13000
X43.16062 Y19.07963
X43.12160 Y19.02431
X43.02425 Y18.97744
X41.65229 Y18.97744
X41.56692 Y19.01412
X41.51818 Y19.07495
X41.50248 Y19.13523
X41.50370 Y19.33190
X41.55369 Y19.42593
X41.66009 Y19.47450
X43.02427 Y19.47409
X43.10964 Y19.43741
X43.15841 Y19.37655
X43.17408 Y19.31732
X43.17357 Y19.13000
G04 P0 ( dwell for no time -- G64 should not smooth over this point )
G00 Z5.00000 ( retract )

G00 X43.17357 Y19.62999 ( rapid move to begin. )
F300.00000
G01 Z-0.05000
G04 P0 ( dwell for no time -- G64 should not smooth over this point )
F600.00000
X43.17357 Y19.62999
X43.16062 Y19.57963
X43.12160 Y19.52430
X43.02425 Y19.47744
X41.65229 Y19.47744
X41.56692 Y19.51412
X41.51818 Y19.57495
X41.50248 Y19.63523
X41.50370 Y19.83190
X41.55369 Y19.92593
X41.66009 Y19.97449
X43.02427 Y19.97409
X43.10964 Y19.93741
X43.15841 Y19.87655
X43.17408 Y19.81732
X43.17357 Y19.62999
G04 P0 ( dwell for no time -- G64 should not smooth over this point )
G00 Z5.00000 ( retract )

G00 X43.17357 Y20.12999 ( rapid move to begin. )
F300.00000
G01 Z-0.05000
G04 P0 ( dwell for no time -- G64 should not smooth over this point )
F600.00000
X43.17357 Y20.12999
X43.16062 Y20.07962
X43.12160 Y20.02430
X43.02425 Y19.97744
X41.65229 Y19.97744
X41.56692 Y20.01412
X41.51818 Y20.07495
X41.50248 Y20.13523
X41.50370 Y20.33190
X41.55369 Y20.42593
X41.66009 Y20.47449
X43.02427 Y20.47409
X43.10964 Y20.43741
X43.15841 Y20.37655
X43.17408 Y20.31732
X43.17357 Y20.12999
G04 P0 ( dwell for no time -- G64 should not smooth over this point )
G00 Z5.00000 ( retract )

G00 X43.17357 Y20.62999 ( rapid move to begin. )
F300.00000
G01 Z-0.05000
G04 P0 ( dwell for no time -- G64 should not smooth over this point )
F600.00000
X43.17357 Y20.62999
X43.16062 Y20.57962
X43.12160 Y20.52430
X43.02425 Y20.47744
X41.65229 Y20.47744
X41.56692 Y20.51412
X41.51818 Y20.57495
X41.50248 Y20.63522
X41.50370 Y20.83190
X41.55369 Y20.92593
X41.66009 Y20.97449
X43.02427 Y20.97409
X43.10964 Y20.93741
X43.15841 Y20.87655
X43.17408 Y20.81732
X43.17357 Y20.62999
G04 P0 ( dwell for no time -- G64 should not smooth over this point )
G00 Z5.00000 ( retract )

G00 X43.17357 Y21.13002 ( rapid move to begin. )
F300.00000
G01 Z-0.05000
G04 P0 ( dwell for no time -- G64 should not smooth over this point )
F600.00000
X43.17357 Y21.13002
X43.16062 Y21.07965
X43.12160 Y21.02433
X43.02425 Y20.97746
X41.65229 Y20.97746
X41.56692 Y21.01414
X41.51818 Y21.07497
X41.50248 Y21.13525
X41.50370 Y21.33192
X41.55369 Y21.42595
X41.66009 Y21.47452
X43.02427 Y21.47411
X43.10964 Y21.43743
X43.15841 Y21.37657
X43.17408 Y21.31734
X43.17357 Y21.13002
G04 P0 ( dwell for no time -- G64 should not smooth over this point )
G00 Z5.00000 ( retract )

G00 X43.17357 Y21.63002 ( rapid move to begin. )
F300.00000
G01 Z-0.05000
G04 P0 ( dwell for no time -- G64 should not smooth over this point )
F600.00000
X43.17357 Y21.63002
X43.16062 Y21.57965
X43.12160 Y21.52433
X43.02425 Y21.47746
X41.65229 Y21.47746
X41.56692 Y21.51414
X41.51818 Y21.57497
X41.50248 Y21.63525
X41.50370 Y21.83192
X41.55369 Y21.92595
X41.66009 Y21.97452
X43.02427 Y21.97411
X43.10964 Y21.93743
X43.15841 Y21.87657
X43.17408 Y21.81734
X43.17357 Y21.63002
G04 P0 ( dwell for no time -- G64 should not smooth over this point )
G00 Z5.00000 ( retract )

G00 X43.17357 Y22.13001 ( rapid move to begin. )
F300.00000
G01 Z-0.05000
G04 P0 ( dwell for no time -- G64 should not smooth over this point )
F600.00000
X43.17357 Y22.13001
X43.16062 Y22.07965
X43.12160 Y22.02433
X43.02425 Y21.97746
X41.65229 Y21.97746
X41.56692 Y22.01414
X41.51818 Y22.07497
X41.50248 Y22.13525
X41.50370 Y22.33192
X41.55369 Y22.42595
X41.66009 Y22.47451
X43.02427 Y22.47411
X43.10964 Y22.43743
X43.15841 Y22.37657
X43.17408 Y22.31734
X43.17357 Y22.13001
G04 P0 ( dwell for no time -- G64 should not smooth over this point )
G00 Z5.00000 ( retract )

G00 X43.17357 Y22.63001 ( rapid move to begin. )
F300.00000
G01 Z-0.05000
G04 P0 ( dwell for no time -- G64 should not smooth over this point )
F600.00000
X43.17357 Y22.63001
X43.16062 Y22.57965
X43.12160 Y22.52432
X43.02425 Y22.47746
X41.65229 Y22.47746
X41.56692 Y22.51414
X41.51818 Y22.57497
X41.50248 Y22.63525
X41.50370 Y22.83192
X41.55369 Y22.92595
X41.66009 Y22.97451
X43.02427 Y22.97411
X43.10964 Y22.93743
X43.15841 Y22.87657
X43.17408 Y22.81734
X43.17357 Y22.63001
G04 P0 ( dwell for no time -- G64 should not smooth over this point )
G00 Z5.00000 ( retract )

G00 X43.17357 Y23.13001 ( rapid move to begin. )
F300.00000
G01 Z-0.05000
G04 P0 ( dwell for no time -- G64 should not smooth over this point )
F600.00000
X43.17357 Y23.13001
X43.16062 Y23.07964
X43.12160 Y23.02432
X43.02425 Y22.97746
X41.65229 Y22.97746
X41.56692 Y23.01414
X41.51818 Y23.07497
X41.50248 Y23.13524
X41.50370 Y23.33192
X41.55369 Y23.42595
X41.66009 Y23.47451
X43.02427 Y23.47411
X43.10964 Y23.43743
X43.15841 Y23.37657
X43.17408 Y23.31734
X43.17357 Y23.13001
G04 P0 ( dwell for no time -- G64 should not smooth over this point )
G00 Z5.00000 ( retract )

G00 X43.17357 Y23.63001 ( rapid move to begin. )
F300.00000
G01 Z-0.05000
G04 P0 ( dwell for no time -- G64 should not smooth over this point )
F600.00000
X43.17357 Y23.63001
X43.16062 Y23.57964
X43.12160 Y23.52432
X43.02425 Y23.47746
X41.65229 Y23.47746
X41.56692 Y23.51414
X41.51818 Y23.57497
X41.50248 Y23.63524
X41.50370 Y23.83192
X41.55369 Y23.92595
X41.66009 Y23.97451
X43.02427 Y23.97411
X43.10964 Y23.93743
X43.15841 Y23.87657
X43.17408 Y23.81734
X43.17357 Y23.63001
G04 P0 ( dwell for no time -- G64 should not smooth over this point )
G00 Z5.00000 ( retract )

G00 X43.17357 Y24.13001 ( rapid move to begin. )
F300.00000
G01 Z-0.05000
G04 P0 ( dwell for no time -- G64 should not smooth over this point )
F600.00000
X43.17357 Y24.13001
X43.16062 Y24.07964
X43.12160 Y24.02432
X43.02425 Y23.97746
X41.65229 Y23.97746
X41.56692 Y24.01414
X41.51818 Y24.07497
X41.50248 Y24.13524
X41.50370 Y24.33192
X41.55369 Y24.42595
X41.66009 Y24.47451
X43.02427 Y24.47410
X43.10964 Y24.43743
X43.15841 Y24.37657
X43.17408 Y24.31734
X43.17357 Y24.13001
G04 P0 ( dwell for no time -- G64 should not smooth over this point )
G00 Z5.00000 ( retract )

G00 X43.17357 Y24.63001 ( rapid move to begin. )
F300.00000
G01 Z-0.05000
G04 P0 ( dwell for no time -- G64 should not smooth over this point )
F600.00000
X43.17357 Y24.63001
X43.16062 Y24.57964
X43.12160 Y24.52432
X43.02425 Y24.47746
X41.65229 Y24.47746
X41.56692 Y24.51413
X41.51818 Y24.57497
X41.50248 Y24.63524
X41.50370 Y24.83191
X41.55369 Y24.92594
X41.66009 Y24.97451
X43.02427 Y24.97410
X43.10964 Y24.93743
X43.15841 Y24.87657
X43.17408 Y24.81733
X43.17357 Y24.63001
G04 P0 ( dwell for no time -- G64 should not smooth over this point )
G00 Z5.00000 ( retract )

G00 X43.99856 Y25.45500 ( rapid move to begin. )
F300.00000
G01 Z-0.05000
G04 P0 ( dwell for no time -- G64 should not smooth over this point )
F600.00000
X43.99856 Y25.45500
X43.98561 Y25.40463
X43.94660 Y25.34931
X43.90862 Y25.32175
X43.83385 Y25.30123
X43.61924 Y25.31022
X43.55371 Y25.35058
X43.50370 Y25.44456
X43.50136 Y26.81113
X43.51591 Y26.87189
X43.55493 Y26.92721
X43.65216 Y26.97407
X43.88231 Y26.96633
X43.94784 Y26.92597
X43.99785 Y26.83196
X43.99856 Y25.45500
G04 P0 ( dwell for no time -- G64 should not smooth over this point )
G00 Z5.00000 ( retract )

G00 X44.49856 Y25.45500 ( rapid move to begin. )
F300.00000
G01 Z-0.05000
G04 P0 ( dwell for no time -- G64 should not smooth over this point )
F600.00000
X44.49856 Y25.45500
X44.48561 Y25.40463
X44.44659 Y25.34931
X44.40862 Y25.32175
X44.33384 Y25.30123
X44.11924 Y25.31022
X44.05371 Y25.35058
X44.00370 Y25.44456
X44.00136 Y26.81113
X44.01591 Y26.87189
X44.05493 Y26.92721
X44.15216 Y26.97407
X44.38231 Y26.96633
X44.44784 Y26.92597
X44.49785 Y26.83196
X44.49856 Y25.45500
G04 P0 ( dwell for no time -- G64 should not smooth over this point )
G00 Z5.00000 ( retract )

G00 X44.99856 Y25.45500 ( rapid move to begin. )
F300.00000
G01 Z-0.05000
G04 P0 ( dwell for no time -- G64 should not smooth over this point )
F600.00000
X44.99856 Y25.45500
X44.98561 Y25.40463
X44.94659 Y25.34931
X44.90862 Y25.32175
X44.83384 Y25.30123
X44.61924 Y25.31022
X44.55371 Y25.35058
X44.50369 Y25.44456
X44.50136 Y26.81113
X44.51591 Y26.87189
X44.55493 Y26.92721
X44.65216 Y26.97407
X44.88231 Y26.96633
X44.94784 Y26.92597
X44.99785 Y26.83196
X44.99856 Y25.45500
G04 P0 ( dwell for no time -- G64 should not smooth over this point )
G00 Z5.00000 ( retract )

G00 X45.49856 Y25.45500 ( rapid move to begin. )
F300.00000
G01 Z-0.05000
G04 P0 ( dwell for no time -- G64 should not smooth over this point )
F600.00000
X45.49856 Y25.45500
X45.48561 Y25.40463
X45.44659 Y25.34931
X45.40862 Y25.32175
X45.33384 Y25.30123
X45.11924 Y25.31022
X45.05371 Y25.35058
X45.00369 Y25.44456
X45.00136 Y26.81113
X45.01591 Y26.87189
X45.05492 Y26.92721
X45.15216 Y26.97407
X45.38231 Y26.96633
X45.44784 Y26.92597
X45.49785 Y26.83196
X45.49856 Y25.45500
G04 P0 ( dwell for no time -- G64 should not smooth over this point )
G00 Z5.00000 ( retract )

G00 X45.99856 Y25.45500 ( rapid move to begin. )
F300.00000
G01 Z-0.05000
G04 P0 ( dwell for no time -- G64 should not smooth over this point )
F600.00000
X45.99856 Y25.45500
X45.98561 Y25.40463
X45.94659 Y25.34931
X45.90862 Y25.32175
X45.83384 Y25.30123
X45.61924 Y25.31022
X45.55370 Y25.35058
X45.50369 Y25.44456
X45.50136 Y26.81113
X45.51591 Y26.87189
X45.55492 Y26.92721
X45.65216 Y26.97407
X45.88230 Y26.96633
X45.94784 Y26.92597
X45.99785 Y26.83196
X45.99856 Y25.45500
G04 P0 ( dwell for no time -- G64 should not smooth over this point )
G00 Z5.00000 ( retract )

G00 X46.49856 Y25.45500 ( rapid move to begin. )
F300.00000
G01 Z-0.05000
G04 P0 ( dwell for no time -- G64 should not smooth over this point )
F600.00000
X46.49856 Y25.45500
X46.48561 Y25.40463
X46.44659 Y25.34931
X46.40862 Y25.32175
X46.33384 Y25.30123
X46.11924 Y25.31022
X46.05370 Y25.35058
X46.00369 Y25.44456
X46.00135 Y26.81113
X46.01591 Y26.87189
X46.05492 Y26.92721
X46.15215 Y26.97407
X46.38230 Y26.96633
X46.44784 Y26.92597
X46.49785 Y26.83196
X46.49856 Y25.45500
G04 P0 ( dwell for no time -- G64 should not smooth over this point )
G00 Z5.00000 ( retract )

G00 X46.99856 Y25.45500 ( rapid move to begin. )
F300.00000
G01 Z-0.05000
G04 P0 ( dwell for no time -- G64 should not smooth over this point )
F600.00000
X46.99856 Y25.45500
X46.98560 Y25.40463
X46.94659 Y25.34931
X46.90862 Y25.32175
X46.83384 Y25.30123
X46.61923 Y25.31022
X46.55370 Y25.35058
X46.50369 Y25.44456
X46.50135 Y26.81113
X46.51591 Y26.87189
X46.55492 Y26.92721
X46.65215 Y26.97407
X46.88230 Y26.96633
X46.94783 Y26.92597
X46.99785 Y26.83196
X46.99856 Y25.45500
G04 P0 ( dwell for no time -- G64 should not smooth over this point )
G00 Z5.00000 ( retract )

G00 X47.49856 Y25.45500 ( rapid move to begin. )
F300.00000
G01 Z-0.05000
G04 P0 ( dwell for no time -- G64 should not smooth over this point )
F600.00000
X47.49856 Y25.45500
X47.48560 Y25.40463
X47.44659 Y25.34931
X47.40862 Y25.32175
X47.33384 Y25.30123
X47.11923 Y25.31022
X47.05370 Y25.35058
X47.00369 Y25.44456
X47.00135 Y26.81113
X47.01591 Y26.87189
X47.05492 Y26.92721
X47.15215 Y26.97407
X47.38230 Y26.96633
X47.44783 Y26.92597
X47.49785 Y26.83196
X47.49856 Y25.45500
G04 P0 ( dwell for no time -- G64 should not smooth over this point )
G00 Z5.00000 ( retract )

G00 X47.99856 Y25.45500 ( rapid move to begin. )
F300.00000
G01 Z-0.05000
G04 P0 ( dwell for no time -- G64 should not smooth over this point )
F600.00000
X47.99856 Y25.45500
X47.98560 Y25.40463
X47.94659 Y25.34931
X47.90861 Y25.32175
X47.83384 Y25.30123
X47.61923 Y25.31022
X47.55370 Y25.35058
X47.50369 Y25.44456
X47.50135 Y26.81113
X47.51591 Y26.87189
X47.55492 Y26.92721
X47.65215 Y26.97407
X47.88230 Y26.96633
X47.94783 Y26.92597
X47.99785 Y26.83196
X47.99856 Y25.45500
G04 P0 ( dwell for no time -- G64 should not smooth over this point )
G00 Z5.00000 ( retract )

G00 X48.49856 Y25.45500 ( rapid move to begin. )
F300.00000
G01 Z-0.05000
G04 P0 ( dwell for no time -- G64 should not smooth over this point )
F600.00000
X48.49856 Y25.45500
X48.48560 Y25.40463
X48.44659 Y25.34931
X48.40861 Y25.32175
X48.33384 Y25.30123
X48.11923 Y25.31022
X48.05370 Y25.35058
X48.00369 Y25.44456
X48.00135 Y26.81113
X48.01590 Y26.87189
X48.05492 Y26.92721
X48.15215 Y26.97407
X48.38230 Y26.96633
X48.44783 Y26.92597
X48.49784 Y26.83196
X48.49856 Y25.45500
G04 P0 ( dwell for no time -- G64 should not smooth over this point )
G00 Z5.00000 ( retract )

G00 X48.99855 Y25.45500 ( rapid move to begin. )
F300.00000
G01 Z-0.05000
G04 P0 ( dwell for no time -- G64 should not smooth over this point )
F600.00000
X48.99855 Y25.45500
X48.98560 Y25.40463
X48.94659 Y25.34931
X48.90861 Y25.32175
X48.83384 Y25.30123
X48.61923 Y25.31022
X48.55370 Y25.35058
X48.50369 Y25.44456
X48.50135 Y26.81113
X48.51590 Y26.87189
X48.55492 Y26.92721
X48.65215 Y26.97407
X48.88230 Y26.96633
X48.94783 Y26.92597
X48.99784 Y26.83196
X48.99855 Y25.45500
G04 P0 ( dwell for no time -- G64 should not smooth over this point )
G00 Z5.00000 ( retract )

G00 X49.49855 Y25.45500 ( rapid move to begin. )
F300.00000
G01 Z-0.05000
G04 P0 ( dwell for no time -- G64 should not smooth over this point )
F600.00000
X49.49855 Y25.45500
X49.48560 Y25.40463
X49.44658 Y25.34931
X49.40861 Y25.32175
X49.33383 Y25.30123
X49.11923 Y25.31022
X49.05370 Y25.35058
X49.00369 Y25.44456
X49.00135 Y26.81113
X49.01590 Y26.87189
X49.05492 Y26.92721
X49.15215 Y26.97407
X49.38230 Y26.96633
X49.44783 Y26.92597
X49.49784 Y26.83196
X49.49855 Y25.45500
G04 P0 ( dwell for no time -- G64 should not smooth over this point )
G00 Z5.00000 ( retract )

G00 X51.49857 Y24.63001 ( rapid move to begin. )
F300.00000
G01 Z-0.05000
G04 P0 ( dwell for no time -- G64 should not smooth over this point )
F600.00000
X51.49857 Y24.63001
X51.48562 Y24.57964
X51.44661 Y24.52432
X51.34925 Y24.47746
X49.97729 Y24.47746
X49.89192 Y24.51413
X49.84318 Y24.57497
X49.82748 Y24.63524
X49.82870 Y24.83191
X49.87869 Y24.92594
X49.98509 Y24.97451
X51.34927 Y24.97410
X51.43464 Y24.93743
X51.48341 Y24.87657
X51.49908 Y24.81733
X51.49857 Y24.63001
G04 P0 ( dwell for no time -- G64 should not smooth over this point )
G00 Z5.00000 ( retract )

G00 X51.49857 Y24.13001 ( rapid move to begin. )
F300.00000
G01 Z-0.05000
G04 P0 ( dwell for no time -- G64 should not smooth over this point )
F600.00000
X51.49857 Y24.13001
X51.48562 Y24.07964
X51.44661 Y24.02432
X51.34925 Y23.97746
X49.97729 Y23.97746
X49.89192 Y24.01414
X49.84318 Y24.07497
X49.82748 Y24.13524
X49.82870 Y24.33192
X49.87869 Y24.42595
X49.98509 Y24.47451
X51.34927 Y24.47410
X51.43464 Y24.43743
X51.48341 Y24.37657
X51.49908 Y24.31734
X51.49857 Y24.13001
G04 P0 ( dwell for no time -- G64 should not smooth over this point )
G00 Z5.00000 ( retract )

G00 X51.49857 Y23.63001 ( rapid move to begin. )
F300.00000
G01 Z-0.05000
G04 P0 ( dwell for no time -- G64 should not smooth over this point )
F600.00000
X51.49857 Y23.63001
X51.48562 Y23.57964
X51.44661 Y23.52432
X51.34925 Y23.47746
X49.97729 Y23.47746
X49.89192 Y23.51414
X49.84318 Y23.57497
X49.82748 Y23.63524
X49.82870 Y23.83192
X49.87869 Y23.92595
X49.98509 Y23.97451
X51.34927 Y23.97411
X51.43464 Y23.93743
X51.48341 Y23.87657
X51.49908 Y23.81734
X51.49857 Y23.63001
G04 P0 ( dwell for no time -- G64 should not smooth over this point )
G00 Z5.00000 ( retract )

G00 X51.49857 Y23.13001 ( rapid move to begin. )
F300.00000
G01 Z-0.05000
G04 P0 ( dwell for no time -- G64 should not smooth over this point )
F600.00000
X51.49857 Y23.13001
X51.48562 Y23.07964
X51.44661 Y23.02432
X51.34925 Y22.97746
X49.97729 Y22.97746
X49.89192 Y23.01414
X49.84318 Y23.07497
X49.82748 Y23.13524
X49.82870 Y23.33192
X49.87869 Y23.42595
X49.98509 Y23.47451
X51.34927 Y23.47411
X51.43464 Y23.43743
X51.48341 Y23.37657
X51.49908 Y23.31734
X51.49857 Y23.13001
G04 P0 ( dwell for no time -- G64 should not smooth over this point )
G00 Z5.00000 ( retract )

G00 X51.49857 Y22.63001 ( rapid move to begin. )
F300.00000
G01 Z-0.05000
G04 P0 ( dwell for no time -- G64 should not smooth over this point )
F600.00000
X51.49857 Y22.63001
X51.48562 Y22.57965
X51.44661 Y22.52432
X51.34925 Y22.47746
X49.97729 Y22.47746
X49.89192 Y22.51414
X49.84318 Y22.57497
X49.82748 Y22.63525
X49.82870 Y22.83192
X49.87869 Y22.92595
X49.98509 Y22.97451
X51.34927 Y22.97411
X51.43464 Y22.93743
X51.48341 Y22.87657
X51.49908 Y22.81734
X51.49857 Y22.63001
G04 P0 ( dwell for no time -- G64 should not smooth over this point )
G00 Z5.00000 ( retract )

G00 X51.49857 Y22.13001 ( rapid move to begin. )
F300.00000
G01 Z-0.05000
G04 P0 ( dwell for no time -- G64 should not smooth over this point )
F600.00000
X51.49857 Y22.13001
X51.48562 Y22.07965
X51.44661 Y22.02433
X51.34925 Y21.97746
X49.97729 Y21.97746
X49.89192 Y22.01414
X49.84318 Y22.07497
X49.82748 Y22.13525
X49.82870 Y22.33192
X49.87869 Y22.42595
X49.98509 Y22.47451
X51.34927 Y22.47411
X51.43464 Y22.43743
X51.48341 Y22.37657
X51.49908 Y22.31734
X51.49857 Y22.13001
G04 P0 ( dwell for no time -- G64 should not smooth over this point )
G00 Z5.00000 ( retract )

G00 X51.49857 Y21.63002 ( rapid move to begin. )
F300.00000
G01 Z-0.05000
G04 P0 ( dwell for no time -- G64 should not smooth over this point )
F600.00000
X51.49857 Y21.63002
X51.48562 Y21.57965
X51.44661 Y21.52433
X51.34925 Y21.47746
X49.97729 Y21.47746
X49.89192 Y21.51414
X49.84318 Y21.57497
X49.82748 Y21.63525
X49.82870 Y21.83192
X49.87869 Y21.92595
X49.98509 Y21.97452
X51.34927 Y21.97411
X51.43464 Y21.93743
X51.48341 Y21.87657
X51.49908 Y21.81734
X51.49857 Y21.63002
G04 P0 ( dwell for no time -- G64 should not smooth over this point )
G00 Z5.00000 ( retract )

G00 X51.49857 Y21.13002 ( rapid move to begin. )
F300.00000
G01 Z-0.05000
G04 P0 ( dwell for no time -- G64 should not smooth over this point )
F600.00000
X51.49857 Y21.13002
X51.48562 Y21.07965
X51.44661 Y21.02433
X51.34925 Y20.97746
X49.97729 Y20.97746
X49.89192 Y21.01414
X49.84318 Y21.07497
X49.82748 Y21.13525
X49.82870 Y21.33192
X49.87869 Y21.42595
X49.98509 Y21.47452
X51.34927 Y21.47411
X51.43464 Y21.43743
X51.48341 Y21.37657
X51.49908 Y21.31734
X51.49857 Y21.13002
G04 P0 ( dwell for no time -- G64 should not smooth over this point )
G00 Z5.00000 ( retract )

G00 X51.49857 Y20.62999 ( rapid move to begin. )
F300.00000
G01 Z-0.05000
G04 P0 ( dwell for no time -- G64 should not smooth over this point )
F600.00000
X51.49857 Y20.62999
X51.48562 Y20.57962
X51.44661 Y20.52430
X51.34925 Y20.47744
X49.97729 Y20.47744
X49.89192 Y20.51412
X49.84318 Y20.57495
X49.82748 Y20.63522
X49.82870 Y20.83190
X49.87869 Y20.92593
X49.98509 Y20.97449
X51.34927 Y20.97409
X51.43464 Y20.93741
X51.48341 Y20.87655
X51.49908 Y20.81732
X51.49857 Y20.62999
G04 P0 ( dwell for no time -- G64 should not smooth over this point )
G00 Z5.00000 ( retract )

G00 X51.49857 Y20.12999 ( rapid move to begin. )
F300.00000
G01 Z-0.05000
G04 P0 ( dwell for no time -- G64 should not smooth over this point )
F600.00000
X51.49857 Y20.12999
X51.48562 Y20.07962
X51.44661 Y20.02430
X51.34925 Y19.97744
X49.97729 Y19.97744
X49.89192 Y20.01412
X49.84318 Y20.07495
X49.82748 Y20.13523
X49.82870 Y20.33190
X49.87869 Y20.42593
X49.98509 Y20.47449
X51.34927 Y20.47409
X51.43464 Y20.43741
X51.48341 Y20.37655
X51.49908 Y20.31732
X51.49857 Y20.12999
G04 P0 ( dwell for no time -- G64 should not smooth over this point )
G00 Z5.00000 ( retract )

G00 X51.49857 Y19.62999 ( rapid move to begin. )
F300.00000
G01 Z-0.05000
G04 P0 ( dwell for no time -- G64 should not smooth over this point )
F600.00000
X51.49857 Y19.62999
X51.48562 Y19.57963
X51.44661 Y19.52430
X51.34925 Y19.47744
X49.97729 Y19.47744
X49.89192 Y19.51412
X49.84318 Y19.57495
X49.82748 Y19.63523
X49.82870 Y19.83190
X49.87869 Y19.92593
X49.98509 Y19.97449
X51.34927 Y19.97409
X51.43464 Y19.93741
X51.48341 Y19.87655
X51.49908 Y19.81732
X51.49857 Y19.62999
G04 P0 ( dwell for no time -- G64 should not smooth over this point )
G00 Z5.00000 ( retract )

G00 X51.49857 Y19.13000 ( rapid move to begin. )
F300.00000
G01 Z-0.05000
G04 P0 ( dwell for no time -- G64 should not smooth over this point )
F600.00000
X51.49857 Y19.13000
X51.48562 Y19.07963
X51.44661 Y19.02431
X51.34925 Y18.97744
X49.97729 Y18.97744
X49.89192 Y19.01412
X49.84318 Y19.07495
X49.82748 Y19.13523
X49.82870 Y19.33190
X49.87869 Y19.42593
X49.98509 Y19.47450
X51.34927 Y19.47409
X51.43464 Y19.43741
X51.48341 Y19.37655
X51.49908 Y19.31732
X51.49857 Y19.13000
G04 P0 ( dwell for no time -- G64 should not smooth over this point )
G00 Z5.00000 ( retract )

G00 X52.02634 Y17.56121 ( rapid move to begin. )
F300.00000
G01 Z-0.05000
G04 P0 ( dwell for no time -- G64 should not smooth over this point )
F600.00000
X52.02634 Y17.56121
X52.05123 Y17.67823
X52.09024 Y17.74910
X52.18575 Y17.83731
X52.26913 Y17.87445
X52.36329 Y17.88827
X52.96860 Y17.88811
X53.12268 Y17.84778
X53.23632 Y17.74910
X53.29502 Y17.61062
X53.30078 Y17.07580
X53.26682 Y16.92924
X53.22974 Y16.86929
X53.14081 Y16.78923
X53.00886 Y16.74179
X52.35796 Y16.73843
X52.25900 Y16.75482
X52.19451 Y16.78352
X52.09024 Y16.87745
X52.03589 Y16.99553
X52.02634 Y17.56121
G04 P0 ( dwell for no time -- G64 should not smooth over this point )
G00 Z5.00000 ( retract )

G00 X53.75133 Y17.56121 ( rapid move to begin. )
F300.00000
G01 Z-0.05000
G04 P0 ( dwell for no time -- G64 should not smooth over this point )
F600.00000
X53.75133 Y17.56121
X53.77622 Y17.67823
X53.81523 Y17.74910
X53.91074 Y17.83731
X53.99412 Y17.87445
X54.08828 Y17.88827
X54.69359 Y17.88811
X54.84767 Y17.84778
X54.96131 Y17.74910
X55.02001 Y17.61062
X55.02577 Y17.07580
X54.99181 Y16.92924
X54.95473 Y16.86929
X54.86580 Y16.78923
X54.73385 Y16.74179
X54.08295 Y16.73843
X53.98399 Y16.75482
X53.91950 Y16.78352
X53.81523 Y16.87745
X53.76088 Y16.99553
X53.75133 Y17.56121
G04 P0 ( dwell for no time -- G64 should not smooth over this point )
G00 Z5.00000 ( retract )

G00 X49.49855 Y17.13000 ( rapid move to begin. )
F300.00000
G01 Z-0.05000
G04 P0 ( dwell for no time -- G64 should not smooth over this point )
F600.00000
X49.49855 Y17.13000
X49.48560 Y17.07963
X49.44658 Y17.02431
X49.40861 Y16.99675
X49.33383 Y16.97623
X49.11923 Y16.98522
X49.05370 Y17.02558
X49.00369 Y17.11956
X49.00135 Y18.48613
X49.01590 Y18.54689
X49.05492 Y18.60221
X49.15215 Y18.64907
X49.38230 Y18.64132
X49.44783 Y18.60096
X49.49784 Y18.50696
X49.49855 Y17.13000
G04 P0 ( dwell for no time -- G64 should not smooth over this point )
G00 Z5.00000 ( retract )

G00 X48.99855 Y17.13000 ( rapid move to begin. )
F300.00000
G01 Z-0.05000
G04 P0 ( dwell for no time -- G64 should not smooth over this point )
F600.00000
X48.99855 Y17.13000
X48.98560 Y17.07963
X48.94659 Y17.02431
X48.90861 Y16.99675
X48.83384 Y16.97623
X48.61923 Y16.98522
X48.55370 Y17.02558
X48.50369 Y17.11956
X48.50135 Y18.48613
X48.51590 Y18.54689
X48.55492 Y18.60221
X48.65215 Y18.64907
X48.88230 Y18.64132
X48.94783 Y18.60096
X48.99784 Y18.50696
X48.99855 Y17.13000
G04 P0 ( dwell for no time -- G64 should not smooth over this point )
G00 Z5.00000 ( retract )

G00 X48.49856 Y17.13000 ( rapid move to begin. )
F300.00000
G01 Z-0.05000
G04 P0 ( dwell for no time -- G64 should not smooth over this point )
F600.00000
X48.49856 Y17.13000
X48.48560 Y17.07963
X48.44659 Y17.02431
X48.40861 Y16.99675
X48.33384 Y16.97623
X48.11923 Y16.98522
X48.05370 Y17.02558
X48.00369 Y17.11956
X48.00135 Y18.48613
X48.01590 Y18.54689
X48.05492 Y18.60221
X48.15215 Y18.64907
X48.38230 Y18.64132
X48.44783 Y18.60096
X48.49784 Y18.50696
X48.49856 Y17.13000
G04 P0 ( dwell for no time -- G64 should not smooth over this point )
G00 Z5.00000 ( retract )

G00 X47.99856 Y17.13000 ( rapid move to begin. )
F300.00000
G01 Z-0.05000
G04 P0 ( dwell for no time -- G64 should not smooth over this point )
F600.00000
X47.99856 Y17.13000
X47.98560 Y17.07963
X47.94659 Y17.02431
X47.90861 Y16.99675
X47.83384 Y16.97623
X47.61923 Y16.98522
X47.55370 Y17.02558
X47.50369 Y17.11956
X47.50135 Y18.48613
X47.51591 Y18.54689
X47.55492 Y18.60221
X47.65215 Y18.64907
X47.88230 Y18.64132
X47.94783 Y18.60096
X47.99785 Y18.50696
X47.99856 Y17.13000
G04 P0 ( dwell for no time -- G64 should not smooth over this point )
G00 Z5.00000 ( retract )

G00 X47.49856 Y17.13000 ( rapid move to begin. )
F300.00000
G01 Z-0.05000
G04 P0 ( dwell for no time -- G64 should not smooth over this point )
F600.00000
X47.49856 Y17.13000
X47.48560 Y17.07963
X47.44659 Y17.02431
X47.40862 Y16.99675
X47.33384 Y16.97623
X47.11923 Y16.98522
X47.05370 Y17.02558
X47.00369 Y17.11956
X47.00135 Y18.48613
X47.01591 Y18.54689
X47.05492 Y18.60221
X47.15215 Y18.64907
X47.38230 Y18.64132
X47.44783 Y18.60096
X47.49785 Y18.50696
X47.49856 Y17.13000
G04 P0 ( dwell for no time -- G64 should not smooth over this point )
G00 Z5.00000 ( retract )

G00 X46.99856 Y17.13000 ( rapid move to begin. )
F300.00000
G01 Z-0.05000
G04 P0 ( dwell for no time -- G64 should not smooth over this point )
F600.00000
X46.99856 Y17.13000
X46.98560 Y17.07963
X46.94659 Y17.02431
X46.90862 Y16.99675
X46.83384 Y16.97623
X46.61923 Y16.98522
X46.55370 Y17.02558
X46.50369 Y17.11956
X46.50135 Y18.48613
X46.51591 Y18.54689
X46.55492 Y18.60221
X46.65215 Y18.64907
X46.88230 Y18.64132
X46.94783 Y18.60096
X46.99785 Y18.50696
X46.99856 Y17.13000
G04 P0 ( dwell for no time -- G64 should not smooth over this point )
G00 Z5.00000 ( retract )

G00 X46.49856 Y17.13000 ( rapid move to begin. )
F300.00000
G01 Z-0.05000
G04 P0 ( dwell for no time -- G64 should not smooth over this point )
F600.00000
X46.49856 Y17.13000
X46.48561 Y17.07963
X46.44659 Y17.02431
X46.40862 Y16.99675
X46.33384 Y16.97623
X46.11924 Y16.98522
X46.05370 Y17.02558
X46.00369 Y17.11956
X46.00135 Y18.48613
X46.01591 Y18.54689
X46.05492 Y18.60221
X46.15215 Y18.64907
X46.38230 Y18.64132
X46.44784 Y18.60096
X46.49785 Y18.50696
X46.49856 Y17.13000
G04 P0 ( dwell for no time -- G64 should not smooth over this point )
G00 Z5.00000 ( retract )

G00 X45.99856 Y17.13000 ( rapid move to begin. )
F300.00000
G01 Z-0.05000
G04 P0 ( dwell for no time -- G64 should not smooth over this point )
F600.00000
X45.99856 Y17.13000
X45.98561 Y17.07963
X45.94659 Y17.02431
X45.90862 Y16.99675
X45.83384 Y16.97623
X45.61924 Y16.98522
X45.55370 Y17.02558
X45.50369 Y17.11956
X45.50136 Y18.48613
X45.51591 Y18.54689
X45.55492 Y18.60221
X45.65216 Y18.64907
X45.88230 Y18.64132
X45.94784 Y18.60096
X45.99785 Y18.50696
X45.99856 Y17.13000
G04 P0 ( dwell for no time -- G64 should not smooth over this point )
G00 Z5.00000 ( retract )

G00 X45.49856 Y17.13000 ( rapid move to begin. )
F300.00000
G01 Z-0.05000
G04 P0 ( dwell for no time -- G64 should not smooth over this point )
F600.00000
X45.49856 Y17.13000
X45.48561 Y17.07963
X45.44659 Y17.02431
X45.40862 Y16.99675
X45.33384 Y16.97623
X45.11924 Y16.98522
X45.05371 Y17.02558
X45.00369 Y17.11956
X45.00136 Y18.48613
X45.01591 Y18.54689
X45.05492 Y18.60221
X45.15216 Y18.64907
X45.38231 Y18.64132
X45.44784 Y18.60096
X45.49785 Y18.50696
X45.49856 Y17.13000
G04 P0 ( dwell for no time -- G64 should not smooth over this point )
G00 Z5.00000 ( retract )

G00 X44.99856 Y17.13000 ( rapid move to begin. )
F300.00000
G01 Z-0.05000
G04 P0 ( dwell for no time -- G64 should not smooth over this point )
F600.00000
X44.99856 Y17.13000
X44.98561 Y17.07963
X44.94659 Y17.02431
X44.90862 Y16.99675
X44.83384 Y16.97623
X44.61924 Y16.98522
X44.55371 Y17.02558
X44.50369 Y17.11956
X44.50136 Y18.48613
X44.51591 Y18.54689
X44.55493 Y18.60221
X44.65216 Y18.64907
X44.88231 Y18.64132
X44.94784 Y18.60096
X44.99785 Y18.50696
X44.99856 Y17.13000
G04 P0 ( dwell for no time -- G64 should not smooth over this point )
G00 Z5.00000 ( retract )

G00 X44.49856 Y17.13000 ( rapid move to begin. )
F300.00000
G01 Z-0.05000
G04 P0 ( dwell for no time -- G64 should not smooth over this point )
F600.00000
X44.49856 Y17.13000
X44.48561 Y17.07963
X44.44659 Y17.02431
X44.40862 Y16.99675
X44.33384 Y16.97623
X44.11924 Y16.98522
X44.05371 Y17.02558
X44.00370 Y17.11956
X44.00136 Y18.48613
X44.01591 Y18.54689
X44.05493 Y18.60221
X44.15216 Y18.64907
X44.38231 Y18.64132
X44.44784 Y18.60096
X44.49785 Y18.50696
X44.49856 Y17.13000
G04 P0 ( dwell for no time -- G64 should not smooth over this point )
G00 Z5.00000 ( retract )

G00 X43.99856 Y17.13000 ( rapid move to begin. )
F300.00000
G01 Z-0.05000
G04 P0 ( dwell for no time -- G64 should not smooth over this point )
F600.00000
X43.99856 Y17.13000
X43.98561 Y17.07963
X43.94660 Y17.02431
X43.90862 Y16.99675
X43.83385 Y16.97623
X43.61924 Y16.98522
X43.55371 Y17.02558
X43.50370 Y17.11956
X43.50136 Y18.48613
X43.51591 Y18.54689
X43.55493 Y18.60221
X43.65216 Y18.64907
X43.88231 Y18.64132
X43.94784 Y18.60096
X43.99785 Y18.50696
X43.99856 Y17.13000
G04 P0 ( dwell for no time -- G64 should not smooth over this point )
G00 Z5.00000 ( retract )

G00 X49.31329 Y15.81197 ( rapid move to begin. )
F300.00000
G01 Z-0.05000
G04 P0 ( dwell for no time -- G64 should not smooth over this point )
F600.00000
X49.31329 Y15.81197
X49.41753 Y15.79675
X49.53094 Y15.73318
X49.59200 Y15.66533
X49.64067 Y15.55604
X49.65078 Y14.87580
X49.61682 Y14.72924
X49.57973 Y14.66930
X49.49081 Y14.58924
X49.35885 Y14.54179
X48.80816 Y14.53976
X48.67890 Y14.57877
X48.56526 Y14.67745
X48.50656 Y14.81593
X48.50082 Y15.47580
X48.53475 Y15.62233
X48.62060 Y15.73315
X48.74415 Y15.79947
X48.81349 Y15.81197
X49.31329 Y15.81197
G04 P0 ( dwell for no time -- G64 should not smooth over this point )
G00 Z5.00000 ( retract )

G00 X49.31329 Y14.08695 ( rapid move to begin. )
F300.00000
G01 Z-0.05000
G04 P0 ( dwell for no time -- G64 should not smooth over this point )
F600.00000
X49.31329 Y14.08695
X49.41753 Y14.07174
X49.53094 Y14.00816
X49.59200 Y13.94032
X49.64067 Y13.83102
X49.65078 Y13.15078
X49.61682 Y13.00423
X49.57973 Y12.94428
X49.49081 Y12.86422
X49.35885 Y12.81677
X48.80816 Y12.81474
X48.67890 Y12.85376
X48.56526 Y12.95244
X48.50656 Y13.09092
X48.50082 Y13.75078
X48.53475 Y13.89732
X48.62060 Y14.00814
X48.74415 Y14.07446
X48.81349 Y14.08695
X49.31329 Y14.08695
G04 P0 ( dwell for no time -- G64 should not smooth over this point )
G00 Z5.00000 ( retract )

G00 X49.82723 Y6.66147 ( rapid move to begin. )
F300.00000
G01 Z-0.05000
G04 P0 ( dwell for no time -- G64 should not smooth over this point )
F600.00000
X49.82723 Y6.66147
X49.90025 Y6.64727
X49.97242 Y6.60561
X50.02123 Y6.55138
X50.05779 Y6.46525
X50.05779 Y5.33627
X50.03691 Y5.27734
X49.98794 Y5.20991
X49.88799 Y5.14973
X49.51331 Y5.13830
X49.43856 Y5.14976
X49.37953 Y5.17750
X49.31765 Y5.23320
X49.26713 Y5.34666
X49.26878 Y6.46522
X49.28966 Y6.52420
X49.33863 Y6.59164
X49.43856 Y6.65179
X49.82723 Y6.66147
G04 P0 ( dwell for no time -- G64 should not smooth over this point )
G00 Z5.00000 ( retract )

G00 X47.92721 Y6.66147 ( rapid move to begin. )
F300.00000
G01 Z-0.05000
G04 P0 ( dwell for no time -- G64 should not smooth over this point )
F600.00000
X47.92721 Y6.66147
X48.00023 Y6.64727
X48.07239 Y6.60561
X48.12121 Y6.55138
X48.15776 Y6.46525
X48.15776 Y5.33627
X48.13688 Y5.27734
X48.08791 Y5.20991
X47.98796 Y5.14973
X47.61329 Y5.13830
X47.53854 Y5.14976
X47.47951 Y5.17750
X47.41763 Y5.23320
X47.36711 Y5.34666
X47.36876 Y6.46522
X47.38964 Y6.52420
X47.43861 Y6.59164
X47.53854 Y6.65179
X47.92721 Y6.66147
G04 P0 ( dwell for no time -- G64 should not smooth over this point )
G00 Z5.00000 ( retract )

G00 X48.87722 Y4.38646 ( rapid move to begin. )
F300.00000
G01 Z-0.05000
G04 P0 ( dwell for no time -- G64 should not smooth over this point )
F600.00000
X48.87722 Y4.38646
X48.95024 Y4.37226
X49.02240 Y4.33061
X49.07122 Y4.27638
X49.10777 Y4.19025
X49.10777 Y3.06127
X49.08690 Y3.00234
X49.03792 Y2.93490
X48.93798 Y2.87473
X48.56330 Y2.86330
X48.48855 Y2.87476
X48.42952 Y2.90249
X48.36764 Y2.95820
X48.31712 Y3.07166
X48.31877 Y4.19022
X48.33965 Y4.24920
X48.38862 Y4.31664
X48.48855 Y4.37679
X48.87722 Y4.38646
G04 P0 ( dwell for no time -- G64 should not smooth over this point )
G00 Z5.00000 ( retract )

G00 X52.42580 Y5.22713 ( rapid move to begin. )
F300.00000
G01 Z-0.05000
G04 P0 ( dwell for no time -- G64 should not smooth over this point )
F600.00000
X52.42580 Y5.22713
X52.32151 Y5.24232
X52.20812 Y5.30589
X52.14706 Y5.37374
X52.09840 Y5.48303
X52.08831 Y6.06327
X52.12225 Y6.20980
X52.15933 Y6.26975
X52.24826 Y6.34981
X52.38021 Y6.39725
X52.93091 Y6.39929
X53.06017 Y6.36027
X53.17381 Y6.26159
X53.23251 Y6.12311
X53.23827 Y5.56330
X53.20431 Y5.41674
X53.11846 Y5.30592
X52.99491 Y5.23960
X52.92560 Y5.22713
X52.42580 Y5.22713
G04 P0 ( dwell for no time -- G64 should not smooth over this point )
G00 Z5.00000 ( retract )

G00 X52.42580 Y3.40214 ( rapid move to begin. )
F300.00000
G01 Z-0.05000
G04 P0 ( dwell for no time -- G64 should not smooth over this point )
F600.00000
X52.42580 Y3.40214
X52.32151 Y3.41733
X52.20812 Y3.48090
X52.14706 Y3.54875
X52.09840 Y3.65804
X52.08831 Y4.23828
X52.12225 Y4.38481
X52.15933 Y4.44476
X52.24826 Y4.52482
X52.38021 Y4.57226
X52.93091 Y4.57430
X53.06017 Y4.53528
X53.17381 Y4.43660
X53.23251 Y4.29812
X53.23827 Y3.73831
X53.20431 Y3.59175
X53.11846 Y3.48093
X52.99491 Y3.41461
X52.92560 Y3.40214
X52.42580 Y3.40214
G04 P0 ( dwell for no time -- G64 should not smooth over this point )
G00 Z5.00000 ( retract )

G00 X55.82722 Y5.02395 ( rapid move to begin. )
F300.00000
G01 Z-0.05000
G04 P0 ( dwell for no time -- G64 should not smooth over this point )
F600.00000
X55.82722 Y5.02395
X55.90024 Y5.00975
X55.97240 Y4.96810
X56.02122 Y4.91387
X56.05942 Y4.81737
X56.05777 Y3.54880
X56.03689 Y3.48987
X55.98792 Y3.42243
X55.88797 Y3.36226
X55.51330 Y3.35083
X55.43855 Y3.36228
X55.37952 Y3.39002
X55.31764 Y3.44572
X55.26712 Y3.55919
X55.26877 Y4.82771
X55.28965 Y4.88669
X55.33862 Y4.95413
X55.43855 Y5.01428
X55.82722 Y5.02395
G04 P0 ( dwell for no time -- G64 should not smooth over this point )
G00 Z5.00000 ( retract )

G00 X57.72721 Y5.02395 ( rapid move to begin. )
F300.00000
G01 Z-0.05000
G04 P0 ( dwell for no time -- G64 should not smooth over this point )
F600.00000
X57.72721 Y5.02395
X57.80024 Y5.00975
X57.87240 Y4.96810
X57.92122 Y4.91387
X57.95942 Y4.81737
X57.95777 Y3.54880
X57.93689 Y3.48987
X57.88792 Y3.42243
X57.78797 Y3.36226
X57.41329 Y3.35083
X57.33854 Y3.36228
X57.27951 Y3.39002
X57.21764 Y3.44572
X57.16712 Y3.55919
X57.16877 Y4.82771
X57.18965 Y4.88669
X57.23862 Y4.95413
X57.33854 Y5.01428
X57.72721 Y5.02395
G04 P0 ( dwell for no time -- G64 should not smooth over this point )
G00 Z5.00000 ( retract )

G00 X56.77723 Y3.14895 ( rapid move to begin. )
F300.00000
G01 Z-0.05000
G04 P0 ( dwell for no time -- G64 should not smooth over this point )
F600.00000
X56.77723 Y3.14895
X56.85025 Y3.13475
X56.92241 Y3.09310
X56.97123 Y3.03887
X57.00943 Y2.94237
X57.00778 Y1.67379
X56.98691 Y1.61487
X56.93793 Y1.54743
X56.83798 Y1.48726
X56.46331 Y1.47583
X56.38856 Y1.48728
X56.32953 Y1.51502
X56.26765 Y1.57072
X56.21713 Y1.68418
X56.21878 Y2.95271
X56.23966 Y3.01169
X56.28863 Y3.07913
X56.38856 Y3.13927
X56.77723 Y3.14895
G04 P0 ( dwell for no time -- G64 should not smooth over this point )
G00 Z5.00000 ( retract )

G00 X60.42579 Y3.55212 ( rapid move to begin. )
F300.00000
G01 Z-0.05000
G04 P0 ( dwell for no time -- G64 should not smooth over this point )
F600.00000
X60.42579 Y3.55212
X60.32149 Y3.56731
X60.20811 Y3.63089
X60.14705 Y3.69873
X60.09838 Y3.80803
X60.08830 Y4.38827
X60.12223 Y4.53480
X60.15931 Y4.59474
X60.24824 Y4.67480
X60.38019 Y4.72225
X60.93089 Y4.72428
X61.06015 Y4.68527
X61.17379 Y4.58659
X61.23249 Y4.44811
X61.23826 Y3.88829
X61.20430 Y3.74174
X61.11844 Y3.63092
X60.99490 Y3.56460
X60.92558 Y3.55212
X60.42579 Y3.55212
G04 P0 ( dwell for no time -- G64 should not smooth over this point )
G00 Z5.00000 ( retract )

G00 X60.42579 Y1.72713 ( rapid move to begin. )
F300.00000
G01 Z-0.05000
G04 P0 ( dwell for no time -- G64 should not smooth over this point )
F600.00000
X60.42579 Y1.72713
X60.32149 Y1.74232
X60.20811 Y1.80590
X60.14705 Y1.87374
X60.09838 Y1.98304
X60.08830 Y2.56328
X60.12223 Y2.70981
X60.15931 Y2.76975
X60.24824 Y2.84981
X60.38019 Y2.89726
X60.93089 Y2.89929
X61.06015 Y2.86028
X61.17379 Y2.76160
X61.23249 Y2.62312
X61.23826 Y2.06330
X61.20430 Y1.91675
X61.11844 Y1.80593
X60.99490 Y1.73961
X60.92558 Y1.72713
X60.42579 Y1.72713
G04 P0 ( dwell for no time -- G64 should not smooth over this point )
G00 Z5.00000 ( retract )

G00 X64.23972 Y2.93648 ( rapid move to begin. )
F300.00000
G01 Z-0.05000
G04 P0 ( dwell for no time -- G64 should not smooth over this point )
F600.00000
X64.23972 Y2.93648
X64.31275 Y2.92228
X64.38491 Y2.88062
X64.43373 Y2.82640
X64.47028 Y2.74026
X64.47028 Y1.61128
X64.44940 Y1.55236
X64.40043 Y1.48492
X64.30048 Y1.42475
X63.92580 Y1.41332
X63.85105 Y1.42477
X63.79202 Y1.45251
X63.73015 Y1.50821
X63.67963 Y1.62167
X63.68128 Y2.74024
X63.70216 Y2.79922
X63.75113 Y2.86665
X63.85105 Y2.92680
X64.23972 Y2.93648
G04 P0 ( dwell for no time -- G64 should not smooth over this point )
G00 Z5.00000 ( retract )

G00 X63.28971 Y5.21146 ( rapid move to begin. )
F300.00000
G01 Z-0.05000
G04 P0 ( dwell for no time -- G64 should not smooth over this point )
F600.00000
X63.28971 Y5.21146
X63.36274 Y5.19726
X63.43490 Y5.15560
X63.48372 Y5.10137
X63.52027 Y5.01524
X63.52027 Y3.88626
X63.49939 Y3.82733
X63.45042 Y3.75990
X63.35047 Y3.69972
X62.97579 Y3.68829
X62.90104 Y3.69975
X62.84201 Y3.72749
X62.78014 Y3.78319
X62.72962 Y3.89665
X62.73127 Y5.01522
X62.75215 Y5.07419
X62.80112 Y5.14163
X62.90104 Y5.20178
X63.28971 Y5.21146
G04 P0 ( dwell for no time -- G64 should not smooth over this point )
G00 Z5.00000 ( retract )

G00 X65.18971 Y5.21146 ( rapid move to begin. )
F300.00000
G01 Z-0.05000
G04 P0 ( dwell for no time -- G64 should not smooth over this point )
F600.00000
X65.18971 Y5.21146
X65.26273 Y5.19726
X65.33489 Y5.15560
X65.38371 Y5.10137
X65.42026 Y5.01524
X65.42026 Y3.88626
X65.39939 Y3.82733
X65.35041 Y3.75990
X65.25046 Y3.69972
X64.87579 Y3.68829
X64.80104 Y3.69975
X64.74201 Y3.72749
X64.68013 Y3.78319
X64.62961 Y3.89665
X64.63126 Y5.01522
X64.65214 Y5.07419
X64.70111 Y5.14163
X64.80104 Y5.20178
X65.18971 Y5.21146
G04 P0 ( dwell for no time -- G64 should not smooth over this point )
G00 Z5.00000 ( retract )

G00 X65.57520 Y7.06527 ( rapid move to begin. )
F300.00000
G01 Z-0.05000
G04 P0 ( dwell for no time -- G64 should not smooth over this point )
F600.00000
X65.57520 Y7.06527
X65.55031 Y6.94831
X65.51130 Y6.87742
X65.41579 Y6.78923
X65.34251 Y6.75481
X65.24358 Y6.73843
X64.73297 Y6.73843
X64.63401 Y6.75481
X64.56080 Y6.78920
X64.46525 Y6.87744
X64.40655 Y7.01592
X64.40134 Y7.56126
X64.42623 Y7.67823
X64.45956 Y7.74030
X64.56952 Y7.84300
X64.71323 Y7.88691
X65.26840 Y7.88679
X65.41574 Y7.83733
X65.51130 Y7.74909
X65.57000 Y7.61061
X65.57520 Y7.06527
G04 P0 ( dwell for no time -- G64 should not smooth over this point )
G00 Z5.00000 ( retract )

G00 X63.75021 Y7.06527 ( rapid move to begin. )
F300.00000
G01 Z-0.05000
G04 P0 ( dwell for no time -- G64 should not smooth over this point )
F600.00000
X63.75021 Y7.06527
X63.72532 Y6.94831
X63.68631 Y6.87742
X63.59080 Y6.78923
X63.51752 Y6.75481
X63.41859 Y6.73843
X62.90798 Y6.73843
X62.80902 Y6.75481
X62.73581 Y6.78920
X62.64026 Y6.87744
X62.58156 Y7.01592
X62.57635 Y7.56126
X62.60124 Y7.67823
X62.63457 Y7.74030
X62.74453 Y7.84300
X62.88824 Y7.88691
X63.44341 Y7.88679
X63.59075 Y7.83733
X63.68631 Y7.74909
X63.74501 Y7.61061
X63.75021 Y7.06527
G04 P0 ( dwell for no time -- G64 should not smooth over this point )
G00 Z5.00000 ( retract )

G00 X67.87723 Y6.08646 ( rapid move to begin. )
F300.00000
G01 Z-0.05000
G04 P0 ( dwell for no time -- G64 should not smooth over this point )
F600.00000
X67.87723 Y6.08646
X67.95026 Y6.07226
X68.02242 Y6.03061
X68.07124 Y5.97638
X68.10944 Y5.87988
X68.10779 Y4.61130
X68.08691 Y4.55238
X68.03794 Y4.48494
X67.93799 Y4.42477
X67.56331 Y4.41334
X67.48856 Y4.42479
X67.42953 Y4.45253
X67.36766 Y4.50823
X67.31714 Y4.62169
X67.31879 Y5.89022
X67.33967 Y5.94920
X67.38864 Y6.01664
X67.48856 Y6.07678
X67.87723 Y6.08646
G04 P0 ( dwell for no time -- G64 should not smooth over this point )
G00 Z5.00000 ( retract )

G00 X69.77723 Y6.08646 ( rapid move to begin. )
F300.00000
G01 Z-0.05000
G04 P0 ( dwell for no time -- G64 should not smooth over this point )
F600.00000
X69.77723 Y6.08646
X69.85025 Y6.07226
X69.92241 Y6.03061
X69.97123 Y5.97638
X70.00943 Y5.87988
X70.00778 Y4.61130
X69.98690 Y4.55238
X69.93793 Y4.48494
X69.83798 Y4.42477
X69.46331 Y4.41334
X69.38856 Y4.42479
X69.32953 Y4.45253
X69.26765 Y4.50823
X69.21713 Y4.62169
X69.21878 Y5.89022
X69.23966 Y5.94920
X69.28863 Y6.01664
X69.38856 Y6.07678
X69.77723 Y6.08646
G04 P0 ( dwell for no time -- G64 should not smooth over this point )
G00 Z5.00000 ( retract )

G00 X68.82722 Y4.21146 ( rapid move to begin. )
F300.00000
G01 Z-0.05000
G04 P0 ( dwell for no time -- G64 should not smooth over this point )
F600.00000
X68.82722 Y4.21146
X68.90024 Y4.19726
X68.97240 Y4.15560
X69.02122 Y4.10137
X69.05942 Y4.00488
X69.05777 Y2.73630
X69.03689 Y2.67737
X68.98792 Y2.60994
X68.88797 Y2.54976
X68.51330 Y2.53833
X68.43855 Y2.54979
X68.37952 Y2.57753
X68.31764 Y2.63323
X68.26712 Y2.74669
X68.26877 Y4.01522
X68.28965 Y4.07420
X68.33862 Y4.14163
X68.43855 Y4.20178
X68.82722 Y4.21146
G04 P0 ( dwell for no time -- G64 should not smooth over this point )
G00 Z5.00000 ( retract )

G00 X74.31329 Y4.98694 ( rapid move to begin. )
F300.00000
G01 Z-0.05000
G04 P0 ( dwell for no time -- G64 should not smooth over this point )
F600.00000
X74.31329 Y4.98694
X74.41753 Y4.97173
X74.53094 Y4.90815
X74.59200 Y4.84031
X74.64067 Y4.73101
X74.65078 Y4.15080
X74.61682 Y4.00424
X74.57973 Y3.94430
X74.49081 Y3.86424
X74.35885 Y3.81679
X73.80816 Y3.81476
X73.67890 Y3.85377
X73.56526 Y3.95245
X73.50656 Y4.09093
X73.50082 Y4.65078
X73.53475 Y4.79731
X73.62060 Y4.90813
X73.74415 Y4.97445
X73.81349 Y4.98694
X74.31329 Y4.98694
G04 P0 ( dwell for no time -- G64 should not smooth over this point )
G00 Z5.00000 ( retract )

G00 X75.83830 Y5.56464 ( rapid move to begin. )
F300.00000
G01 Z-0.05000
G04 P0 ( dwell for no time -- G64 should not smooth over this point )
F600.00000
X75.83830 Y5.56464
X75.73401 Y5.57983
X75.62062 Y5.64341
X75.55956 Y5.71125
X75.51090 Y5.82055
X75.50081 Y6.47577
X75.53475 Y6.62230
X75.57183 Y6.68224
X75.66076 Y6.76230
X75.79271 Y6.80975
X76.34341 Y6.81178
X76.47267 Y6.77277
X76.58631 Y6.67409
X76.64501 Y6.53561
X76.65077 Y5.90081
X76.61681 Y5.75425
X76.53096 Y5.64343
X76.40741 Y5.57711
X76.33810 Y5.56464
X75.83830 Y5.56464
G04 P0 ( dwell for no time -- G64 should not smooth over this point )
G00 Z5.00000 ( retract )

G00 X75.83830 Y3.81463 ( rapid move to begin. )
F300.00000
G01 Z-0.05000
G04 P0 ( dwell for no time -- G64 should not smooth over this point )
F600.00000
X75.83830 Y3.81463
X75.73401 Y3.82982
X75.62062 Y3.89340
X75.55956 Y3.96124
X75.51090 Y4.07054
X75.50081 Y4.72576
X75.53475 Y4.87229
X75.57183 Y4.93223
X75.66076 Y5.01229
X75.79271 Y5.05974
X76.34341 Y5.06177
X76.47267 Y5.02276
X76.58631 Y4.92408
X76.64501 Y4.78560
X76.65077 Y4.15080
X76.61681 Y4.00424
X76.53096 Y3.89342
X76.40741 Y3.82710
X76.33810 Y3.81463
X75.83830 Y3.81463
G04 P0 ( dwell for no time -- G64 should not smooth over this point )
G00 Z5.00000 ( retract )

G00 X74.31329 Y6.81193 ( rapid move to begin. )
F300.00000
G01 Z-0.05000
G04 P0 ( dwell for no time -- G64 should not smooth over this point )
F600.00000
X74.31329 Y6.81193
X74.41753 Y6.79672
X74.53094 Y6.73314
X74.59200 Y6.66530
X74.64067 Y6.55600
X74.65078 Y5.97579
X74.61682 Y5.82923
X74.57973 Y5.76929
X74.49081 Y5.68923
X74.35885 Y5.64178
X73.80816 Y5.63975
X73.67890 Y5.67876
X73.56526 Y5.77744
X73.50656 Y5.91592
X73.50082 Y6.47577
X73.53475 Y6.62230
X73.62060 Y6.73312
X73.74415 Y6.79944
X73.81349 Y6.81193
X74.31329 Y6.81193
G04 P0 ( dwell for no time -- G64 should not smooth over this point )
G00 Z5.00000 ( retract )

G00 X73.81331 Y13.90080 ( rapid move to begin. )
F300.00000
G01 Z-0.05000
G04 P0 ( dwell for no time -- G64 should not smooth over this point )
F600.00000
X73.81331 Y13.90080
X73.81331 Y15.90079
X73.83015 Y15.95634
X73.85774 Y15.98393
X73.91331 Y16.00079
X75.41328 Y16.00079
X75.46883 Y15.98393
X75.49642 Y15.95634
X75.51328 Y15.90079
X75.51328 Y13.90080
X75.49642 Y13.84522
X75.45154 Y13.80839
X75.41328 Y13.80080
X73.91331 Y13.80080
X73.84260 Y13.83008
X73.81331 Y13.90080
G04 P0 ( dwell for no time -- G64 should not smooth over this point )
G00 Z5.00000 ( retract )

G00 X75.81331 Y13.90080 ( rapid move to begin. )
F300.00000
G01 Z-0.05000
G04 P0 ( dwell for no time -- G64 should not smooth over this point )
F600.00000
X75.81331 Y13.90080
X75.81331 Y15.90079
X75.83015 Y15.95634
X75.85773 Y15.98393
X75.91331 Y16.00079
X77.41328 Y16.00079
X77.46883 Y15.98393
X77.49641 Y15.95634
X77.51328 Y15.90079
X77.51328 Y13.90080
X77.49641 Y13.84522
X77.45153 Y13.80839
X77.41328 Y13.80080
X75.91331 Y13.80080
X75.84260 Y13.83008
X75.81331 Y13.90080
G04 P0 ( dwell for no time -- G64 should not smooth over this point )
G00 Z5.00000 ( retract )

G00 X77.81330 Y13.90080 ( rapid move to begin. )
F300.00000
G01 Z-0.05000
G04 P0 ( dwell for no time -- G64 should not smooth over this point )
F600.00000
X77.81330 Y13.90080
X77.81330 Y15.90079
X77.83015 Y15.95634
X77.85773 Y15.98393
X77.91330 Y16.00079
X79.41328 Y16.00079
X79.46883 Y15.98393
X79.49641 Y15.95634
X79.51328 Y15.90079
X79.51328 Y13.90080
X79.49641 Y13.84522
X79.45153 Y13.80839
X79.41328 Y13.80080
X77.91330 Y13.80080
X77.84259 Y13.83008
X77.81330 Y13.90080
G04 P0 ( dwell for no time -- G64 should not smooth over this point )
G00 Z5.00000 ( retract )

G00 X79.81330 Y13.90080 ( rapid move to begin. )
F300.00000
G01 Z-0.05000
G04 P0 ( dwell for no time -- G64 should not smooth over this point )
F600.00000
X79.81330 Y13.90080
X79.81330 Y15.90079
X79.83014 Y15.95634
X79.85773 Y15.98393
X79.91330 Y16.00079
X81.41327 Y16.00079
X81.46882 Y15.98393
X81.49641 Y15.95634
X81.51327 Y15.90079
X81.51327 Y13.90080
X81.49641 Y13.84522
X81.45152 Y13.80839
X81.41327 Y13.80080
X79.91330 Y13.80080
X79.84259 Y13.83008
X79.81330 Y13.90080
G04 P0 ( dwell for no time -- G64 should not smooth over this point )
G00 Z5.00000 ( retract )

G00 X81.81330 Y13.90080 ( rapid move to begin. )
F300.00000
G01 Z-0.05000
G04 P0 ( dwell for no time -- G64 should not smooth over this point )
F600.00000
X81.81330 Y13.90080
X81.81330 Y15.90079
X81.83014 Y15.95634
X81.85772 Y15.98393
X81.91330 Y16.00079
X83.41327 Y16.00079
X83.46882 Y15.98393
X83.49640 Y15.95634
X83.51327 Y15.90079
X83.51327 Y13.90080
X83.49640 Y13.84522
X83.45152 Y13.80839
X83.41327 Y13.80080
X81.91330 Y13.80080
X81.84258 Y13.83008
X81.81330 Y13.90080
G04 P0 ( dwell for no time -- G64 should not smooth over this point )
G00 Z5.00000 ( retract )

G00 X83.81329 Y13.90080 ( rapid move to begin. )
F300.00000
G01 Z-0.05000
G04 P0 ( dwell for no time -- G64 should not smooth over this point )
F600.00000
X83.81329 Y13.90080
X83.81329 Y15.90079
X83.83013 Y15.95634
X83.85772 Y15.98393
X83.91329 Y16.00079
X85.41326 Y16.00079
X85.46881 Y15.98393
X85.49640 Y15.95634
X85.51326 Y15.90079
X85.51326 Y13.90080
X85.49640 Y13.84522
X85.45152 Y13.80839
X85.41326 Y13.80080
X83.91329 Y13.80080
X83.84258 Y13.83008
X83.81329 Y13.90080
G04 P0 ( dwell for no time -- G64 should not smooth over this point )
G00 Z5.00000 ( retract )

G00 X71.81329 Y13.90080 ( rapid move to begin. )
F300.00000
G01 Z-0.05000
G04 P0 ( dwell for no time -- G64 should not smooth over this point )
F600.00000
X71.81329 Y13.90080
X71.81329 Y15.90079
X71.83013 Y15.95634
X71.85772 Y15.98393
X71.91329 Y16.00079
X73.41326 Y16.00079
X73.46881 Y15.98393
X73.49640 Y15.95634
X73.51326 Y15.90079
X73.51326 Y13.90080
X73.49640 Y13.84522
X73.45152 Y13.80839
X73.41326 Y13.80080
X71.91329 Y13.80080
X71.84258 Y13.83008
X71.81329 Y13.90080
G04 P0 ( dwell for no time -- G64 should not smooth over this point )
G00 Z5.00000 ( retract )

G00 X69.81330 Y13.90080 ( rapid move to begin. )
F300.00000
G01 Z-0.05000
G04 P0 ( dwell for no time -- G64 should not smooth over this point )
F600.00000
X69.81330 Y13.90080
X69.81330 Y15.90079
X69.83014 Y15.95634
X69.85772 Y15.98393
X69.91330 Y16.00079
X71.41327 Y16.00079
X71.46882 Y15.98393
X71.49640 Y15.95634
X71.51327 Y15.90079
X71.51327 Y13.90080
X71.49640 Y13.84522
X71.45152 Y13.80839
X71.41327 Y13.80080
X69.91330 Y13.80080
X69.84258 Y13.83008
X69.81330 Y13.90080
G04 P0 ( dwell for no time -- G64 should not smooth over this point )
G00 Z5.00000 ( retract )

G00 X66.98884 Y18.56121 ( rapid move to begin. )
F300.00000
G01 Z-0.05000
G04 P0 ( dwell for no time -- G64 should not smooth over this point )
F600.00000
X66.98884 Y18.56121
X67.01373 Y18.67823
X67.05275 Y18.74910
X67.14825 Y18.83731
X67.22150 Y18.87173
X67.32580 Y18.88826
X67.83108 Y18.88811
X67.93001 Y18.87173
X68.00324 Y18.83734
X68.09880 Y18.74910
X68.15749 Y18.61062
X68.16270 Y18.06528
X68.13781 Y17.94831
X68.10449 Y17.88623
X67.99450 Y17.78352
X67.85082 Y17.73962
X67.29565 Y17.73975
X67.14830 Y17.78921
X67.05275 Y17.87744
X66.99405 Y18.01593
X66.98884 Y18.56121
G04 P0 ( dwell for no time -- G64 should not smooth over this point )
G00 Z5.00000 ( retract )

G00 X65.16385 Y18.56121 ( rapid move to begin. )
F300.00000
G01 Z-0.05000
G04 P0 ( dwell for no time -- G64 should not smooth over this point )
F600.00000
X65.16385 Y18.56121
X65.18874 Y18.67823
X65.22776 Y18.74910
X65.32326 Y18.83731
X65.39651 Y18.87173
X65.50081 Y18.88826
X66.00609 Y18.88811
X66.10502 Y18.87173
X66.17825 Y18.83734
X66.27381 Y18.74910
X66.33250 Y18.61062
X66.33771 Y18.06528
X66.31282 Y17.94831
X66.27950 Y17.88623
X66.16951 Y17.78352
X66.02583 Y17.73962
X65.47066 Y17.73975
X65.32331 Y17.78921
X65.22776 Y17.87744
X65.16906 Y18.01593
X65.16385 Y18.56121
G04 P0 ( dwell for no time -- G64 should not smooth over this point )
G00 Z5.00000 ( retract )

G00 X65.33886 Y23.53621 ( rapid move to begin. )
F300.00000
G01 Z-0.05000
G04 P0 ( dwell for no time -- G64 should not smooth over this point )
F600.00000
X65.33886 Y23.53621
X65.36482 Y23.65833
X65.41175 Y23.73961
X65.50452 Y23.82315
X65.64140 Y23.87218
X66.63939 Y23.87438
X66.77894 Y23.83359
X66.85483 Y23.77845
X66.93299 Y23.66811
X66.96326 Y23.52577
X66.96270 Y22.26532
X66.93299 Y22.13342
X66.85483 Y22.02308
X66.73118 Y21.94668
X66.61312 Y21.92580
X65.66205 Y21.92717
X65.52263 Y21.96794
X65.44673 Y22.02308
X65.36857 Y22.13342
X65.33886 Y22.26532
X65.33886 Y23.53621
G04 P0 ( dwell for no time -- G64 should not smooth over this point )
G00 Z5.00000 ( retract )

G00 X62.36386 Y23.53621 ( rapid move to begin. )
F300.00000
G01 Z-0.05000
G04 P0 ( dwell for no time -- G64 should not smooth over this point )
F600.00000
X62.36386 Y23.53621
X62.38982 Y23.65833
X62.43675 Y23.73961
X62.52952 Y23.82315
X62.66640 Y23.87218
X63.66439 Y23.87438
X63.80393 Y23.83359
X63.87983 Y23.77845
X63.95799 Y23.66811
X63.98826 Y23.52577
X63.98770 Y22.26532
X63.95799 Y22.13342
X63.87983 Y22.02308
X63.75618 Y21.94668
X63.63812 Y21.92580
X62.68705 Y21.92717
X62.54763 Y21.96794
X62.47173 Y22.02308
X62.39357 Y22.13342
X62.36386 Y22.26532
X62.36386 Y23.53621
G04 P0 ( dwell for no time -- G64 should not smooth over this point )
G00 Z5.00000 ( retract )

G00 X64.55351 Y28.21603 ( rapid move to begin. )
F300.00000
G01 Z-0.05000
G04 P0 ( dwell for no time -- G64 should not smooth over this point )
F600.00000
X64.55351 Y28.21603
X64.38062 Y28.24641
X64.27577 Y28.29368
X64.18245 Y28.36084
X64.08468 Y28.46940
X64.02766 Y28.56924
X63.99162 Y28.67846
X63.97579 Y28.81329
X63.97632 Y29.82373
X63.98727 Y29.92769
X64.02390 Y30.04750
X64.08468 Y30.15715
X64.16693 Y30.25174
X64.27577 Y30.33284
X64.39037 Y30.38390
X64.51308 Y30.40998
X65.62804 Y30.41054
X65.76116 Y30.38390
X65.87576 Y30.33287
X65.98463 Y30.25174
X66.06687 Y30.15715
X66.12765 Y30.04750
X66.16428 Y29.92769
X66.17523 Y29.82375
X66.17523 Y28.80280
X66.16428 Y28.69886
X66.12765 Y28.57905
X66.06687 Y28.46940
X65.98463 Y28.37481
X65.87576 Y28.29368
X65.76116 Y28.24265
X65.64881 Y28.21822
X64.55351 Y28.21603
G04 P0 ( dwell for no time -- G64 should not smooth over this point )
G00 Z5.00000 ( retract )

G00 X69.81330 Y29.90079 ( rapid move to begin. )
F300.00000
G01 Z-0.05000
G04 P0 ( dwell for no time -- G64 should not smooth over this point )
F600.00000
X69.81330 Y29.90079
X69.81330 Y31.90078
X69.83014 Y31.95633
X69.85772 Y31.98392
X69.91330 Y32.00078
X71.41327 Y32.00078
X71.46882 Y31.98392
X71.49640 Y31.95633
X71.51327 Y31.90078
X71.51327 Y29.90079
X71.49640 Y29.84521
X71.45152 Y29.80838
X71.41327 Y29.80079
X69.91330 Y29.80079
X69.84258 Y29.83008
X69.81330 Y29.90079
G04 P0 ( dwell for no time -- G64 should not smooth over this point )
G00 Z5.00000 ( retract )

G00 X71.81329 Y29.90079 ( rapid move to begin. )
F300.00000
G01 Z-0.05000
G04 P0 ( dwell for no time -- G64 should not smooth over this point )
F600.00000
X71.81329 Y29.90079
X71.81329 Y31.90078
X71.83013 Y31.95633
X71.85772 Y31.98392
X71.91329 Y32.00078
X73.41326 Y32.00078
X73.46881 Y31.98392
X73.49640 Y31.95633
X73.51326 Y31.90078
X73.51326 Y29.90079
X73.49640 Y29.84521
X73.45152 Y29.80838
X73.41326 Y29.80079
X71.91329 Y29.80079
X71.84258 Y29.83008
X71.81329 Y29.90079
G04 P0 ( dwell for no time -- G64 should not smooth over this point )
G00 Z5.00000 ( retract )

G00 X73.81331 Y29.90079 ( rapid move to begin. )
F300.00000
G01 Z-0.05000
G04 P0 ( dwell for no time -- G64 should not smooth over this point )
F600.00000
X73.81331 Y29.90079
X73.81331 Y31.90078
X73.83015 Y31.95633
X73.85774 Y31.98392
X73.91331 Y32.00078
X75.41328 Y32.00078
X75.46883 Y31.98392
X75.49642 Y31.95633
X75.51328 Y31.90078
X75.51328 Y29.90079
X75.49642 Y29.84521
X75.45154 Y29.80838
X75.41328 Y29.80079
X73.91331 Y29.80079
X73.84260 Y29.83008
X73.81331 Y29.90079
G04 P0 ( dwell for no time -- G64 should not smooth over this point )
G00 Z5.00000 ( retract )

G00 X75.81331 Y29.90079 ( rapid move to begin. )
F300.00000
G01 Z-0.05000
G04 P0 ( dwell for no time -- G64 should not smooth over this point )
F600.00000
X75.81331 Y29.90079
X75.81331 Y31.90078
X75.83015 Y31.95633
X75.85773 Y31.98392
X75.91331 Y32.00078
X77.41328 Y32.00078
X77.46883 Y31.98392
X77.49641 Y31.95633
X77.51328 Y31.90078
X77.51328 Y29.90079
X77.49641 Y29.84521
X77.45153 Y29.80838
X77.41328 Y29.80079
X75.91331 Y29.80079
X75.84260 Y29.83008
X75.81331 Y29.90079
G04 P0 ( dwell for no time -- G64 should not smooth over this point )
G00 Z5.00000 ( retract )

G00 X77.81330 Y29.90079 ( rapid move to begin. )
F300.00000
G01 Z-0.05000
G04 P0 ( dwell for no time -- G64 should not smooth over this point )
F600.00000
X77.81330 Y29.90079
X77.81330 Y31.90078
X77.83015 Y31.95633
X77.85773 Y31.98392
X77.91330 Y32.00078
X79.41328 Y32.00078
X79.46883 Y31.98392
X79.49641 Y31.95633
X79.51328 Y31.90078
X79.51328 Y29.90079
X79.49641 Y29.84521
X79.45153 Y29.80838
X79.41328 Y29.80079
X77.91330 Y29.80079
X77.84259 Y29.83008
X77.81330 Y29.90079
G04 P0 ( dwell for no time -- G64 should not smooth over this point )
G00 Z5.00000 ( retract )

G00 X79.81330 Y29.90079 ( rapid move to begin. )
F300.00000
G01 Z-0.05000
G04 P0 ( dwell for no time -- G64 should not smooth over this point )
F600.00000
X79.81330 Y29.90079
X79.81330 Y31.90078
X79.83014 Y31.95633
X79.85773 Y31.98392
X79.91330 Y32.00078
X81.41327 Y32.00078
X81.46882 Y31.98392
X81.49641 Y31.95633
X81.51327 Y31.90078
X81.51327 Y29.90079
X81.49641 Y29.84521
X81.45152 Y29.80838
X81.41327 Y29.80079
X79.91330 Y29.80079
X79.84259 Y29.83008
X79.81330 Y29.90079
G04 P0 ( dwell for no time -- G64 should not smooth over this point )
G00 Z5.00000 ( retract )

G00 X81.81330 Y29.90079 ( rapid move to begin. )
F300.00000
G01 Z-0.05000
G04 P0 ( dwell for no time -- G64 should not smooth over this point )
F600.00000
X81.81330 Y29.90079
X81.81330 Y31.90078
X81.83014 Y31.95633
X81.85772 Y31.98392
X81.91330 Y32.00078
X83.41327 Y32.00078
X83.46882 Y31.98392
X83.49640 Y31.95633
X83.51327 Y31.90078
X83.51327 Y29.90079
X83.49640 Y29.84521
X83.45152 Y29.80838
X83.41327 Y29.80079
X81.91330 Y29.80079
X81.84258 Y29.83008
X81.81330 Y29.90079
G04 P0 ( dwell for no time -- G64 should not smooth over this point )
G00 Z5.00000 ( retract )

G00 X83.81329 Y29.90079 ( rapid move to begin. )
F300.00000
G01 Z-0.05000
G04 P0 ( dwell for no time -- G64 should not smooth over this point )
F600.00000
X83.81329 Y29.90079
X83.81329 Y31.90078
X83.83013 Y31.95633
X83.85772 Y31.98392
X83.91329 Y32.00078
X85.41326 Y32.00078
X85.46881 Y31.98392
X85.49640 Y31.95633
X85.51326 Y31.90078
X85.51326 Y29.90079
X85.49640 Y29.84521
X85.45152 Y29.80838
X85.41326 Y29.80079
X83.91329 Y29.80079
X83.84258 Y29.83008
X83.81329 Y29.90079
G04 P0 ( dwell for no time -- G64 should not smooth over this point )
G00 Z5.00000 ( retract )

G00 X58.55350 Y28.21603 ( rapid move to begin. )
F300.00000
G01 Z-0.05000
G04 P0 ( dwell for no time -- G64 should not smooth over this point )
F600.00000
X58.55350 Y28.21603
X58.38060 Y28.24641
X58.27575 Y28.29368
X58.18243 Y28.36084
X58.08467 Y28.46940
X58.02764 Y28.56924
X57.99160 Y28.67846
X57.97578 Y28.81329
X57.97631 Y29.82373
X57.98726 Y29.92769
X58.02389 Y30.04750
X58.08467 Y30.15715
X58.16691 Y30.25174
X58.27575 Y30.33284
X58.39036 Y30.38390
X58.51306 Y30.40998
X59.62802 Y30.41054
X59.76114 Y30.38390
X59.87575 Y30.33287
X59.98461 Y30.25174
X60.06686 Y30.15715
X60.12764 Y30.04750
X60.16427 Y29.92769
X60.17521 Y29.82375
X60.17521 Y28.80280
X60.16427 Y28.69886
X60.12764 Y28.57905
X60.06686 Y28.46940
X59.98461 Y28.37481
X59.87575 Y28.29368
X59.76114 Y28.24265
X59.64880 Y28.21822
X58.55350 Y28.21603
G04 P0 ( dwell for no time -- G64 should not smooth over this point )
G00 Z5.00000 ( retract )

G00 X56.30133 Y22.56120 ( rapid move to begin. )
F300.00000
G01 Z-0.05000
G04 P0 ( dwell for no time -- G64 should not smooth over this point )
F600.00000
X56.30133 Y22.56120
X56.32623 Y22.67822
X56.36524 Y22.74909
X56.46074 Y22.83730
X56.54413 Y22.87444
X56.63829 Y22.88826
X57.24360 Y22.88810
X57.39767 Y22.84777
X57.51131 Y22.74909
X57.57001 Y22.61061
X57.57578 Y22.07579
X57.54182 Y21.92923
X57.50473 Y21.86928
X57.41581 Y21.78922
X57.28386 Y21.74178
X56.63296 Y21.73842
X56.53400 Y21.75481
X56.46951 Y21.78351
X56.36524 Y21.87744
X56.31088 Y21.99552
X56.30133 Y22.56120
G04 P0 ( dwell for no time -- G64 should not smooth over this point )
G00 Z5.00000 ( retract )

G00 X54.57634 Y22.56120 ( rapid move to begin. )
F300.00000
G01 Z-0.05000
G04 P0 ( dwell for no time -- G64 should not smooth over this point )
F600.00000
X54.57634 Y22.56120
X54.60124 Y22.67822
X54.64025 Y22.74909
X54.73575 Y22.83730
X54.81914 Y22.87444
X54.91330 Y22.88826
X55.51861 Y22.88810
X55.67268 Y22.84777
X55.78632 Y22.74909
X55.84502 Y22.61061
X55.85079 Y22.07579
X55.81683 Y21.92923
X55.77974 Y21.86928
X55.69082 Y21.78922
X55.55887 Y21.74178
X54.90797 Y21.73842
X54.80901 Y21.75481
X54.74452 Y21.78351
X54.64025 Y21.87744
X54.58589 Y21.99552
X54.57634 Y22.56120
G04 P0 ( dwell for no time -- G64 should not smooth over this point )
G00 Z5.00000 ( retract )

G00 X49.42581 Y35.81462 ( rapid move to begin. )
F300.00000
G01 Z-0.05000
G04 P0 ( dwell for no time -- G64 should not smooth over this point )
F600.00000
X49.42581 Y35.81462
X49.32152 Y35.82981
X49.20813 Y35.89339
X49.14707 Y35.96123
X49.09840 Y36.07053
X49.08832 Y36.65076
X49.12225 Y36.79730
X49.15934 Y36.85724
X49.24826 Y36.93730
X49.38021 Y36.98475
X49.93091 Y36.98678
X50.06017 Y36.94776
X50.17381 Y36.84909
X50.23251 Y36.71061
X50.23828 Y36.15079
X50.20432 Y36.00423
X50.11847 Y35.89341
X49.99492 Y35.82709
X49.92560 Y35.81462
X49.42581 Y35.81462
G04 P0 ( dwell for no time -- G64 should not smooth over this point )
G00 Z5.00000 ( retract )

G00 X49.42581 Y37.63964 ( rapid move to begin. )
F300.00000
G01 Z-0.05000
G04 P0 ( dwell for no time -- G64 should not smooth over this point )
F600.00000
X49.42581 Y37.63964
X49.32152 Y37.65482
X49.20813 Y37.71840
X49.14707 Y37.78624
X49.09840 Y37.89554
X49.08832 Y38.47578
X49.12225 Y38.62231
X49.15934 Y38.68225
X49.24826 Y38.76232
X49.38021 Y38.80976
X49.93091 Y38.81179
X50.06017 Y38.77278
X50.17381 Y38.67410
X50.23251 Y38.53562
X50.23828 Y37.97580
X50.20432 Y37.82925
X50.11847 Y37.71843
X49.99492 Y37.65211
X49.92560 Y37.63964
X49.42581 Y37.63964
G04 P0 ( dwell for no time -- G64 should not smooth over this point )
G00 Z5.00000 ( retract )

G00 X46.42579 Y37.72714 ( rapid move to begin. )
F300.00000
G01 Z-0.05000
G04 P0 ( dwell for no time -- G64 should not smooth over this point )
F600.00000
X46.42579 Y37.72714
X46.32150 Y37.74233
X46.20811 Y37.80590
X46.14705 Y37.87375
X46.09838 Y37.98304
X46.08830 Y38.56328
X46.12223 Y38.70981
X46.15932 Y38.76976
X46.24824 Y38.84982
X46.38020 Y38.89727
X46.93089 Y38.89930
X47.06015 Y38.86028
X47.17379 Y38.76160
X47.23249 Y38.62312
X47.23826 Y38.06331
X47.20430 Y37.91675
X47.11845 Y37.80593
X46.99490 Y37.73961
X46.92558 Y37.72714
X46.42579 Y37.72714
G04 P0 ( dwell for no time -- G64 should not smooth over this point )
G00 Z5.00000 ( retract )

G00 X46.42579 Y35.90212 ( rapid move to begin. )
F300.00000
G01 Z-0.05000
G04 P0 ( dwell for no time -- G64 should not smooth over this point )
F600.00000
X46.42579 Y35.90212
X46.32150 Y35.91731
X46.20811 Y35.98089
X46.14705 Y36.04873
X46.09838 Y36.15803
X46.08830 Y36.73827
X46.12223 Y36.88480
X46.15932 Y36.94474
X46.24824 Y37.02480
X46.38020 Y37.07225
X46.93089 Y37.07428
X47.06015 Y37.03527
X47.17379 Y36.93659
X47.23249 Y36.79811
X47.23826 Y36.23829
X47.20430 Y36.09173
X47.11845 Y35.98091
X46.99490 Y35.91459
X46.92558 Y35.90212
X46.42579 Y35.90212
G04 P0 ( dwell for no time -- G64 should not smooth over this point )
G00 Z5.00000 ( retract )

G00 X40.83830 Y29.53963 ( rapid move to begin. )
F300.00000
G01 Z-0.05000
G04 P0 ( dwell for no time -- G64 should not smooth over this point )
F600.00000
X40.83830 Y29.53963
X40.73400 Y29.55482
X40.62062 Y29.61839
X40.55956 Y29.68624
X40.51089 Y29.79553
X40.50081 Y30.47579
X40.53474 Y30.62233
X40.57182 Y30.68227
X40.66075 Y30.76233
X40.79270 Y30.80978
X41.34340 Y30.81181
X41.47266 Y30.77280
X41.58630 Y30.67412
X41.64500 Y30.53564
X41.65077 Y29.87580
X41.61681 Y29.72924
X41.53095 Y29.61842
X41.40741 Y29.55210
X41.33809 Y29.53963
X40.83830 Y29.53963
G04 P0 ( dwell for no time -- G64 should not smooth over this point )
G00 Z5.00000 ( retract )

G00 X40.83830 Y27.81461 ( rapid move to begin. )
F300.00000
G01 Z-0.05000
G04 P0 ( dwell for no time -- G64 should not smooth over this point )
F600.00000
X40.83830 Y27.81461
X40.73400 Y27.82980
X40.62062 Y27.89338
X40.55956 Y27.96122
X40.51089 Y28.07052
X40.50081 Y28.75078
X40.53474 Y28.89731
X40.57182 Y28.95726
X40.66075 Y29.03732
X40.79270 Y29.08476
X41.34340 Y29.08680
X41.47266 Y29.04778
X41.58630 Y28.94910
X41.64500 Y28.81062
X41.65077 Y28.15078
X41.61681 Y28.00422
X41.53095 Y27.89340
X41.40741 Y27.82708
X41.33809 Y27.81461
X40.83830 Y27.81461
G04 P0 ( dwell for no time -- G64 should not smooth over this point )
G00 Z5.00000 ( retract )

G00 X44.90077 Y5.39944 ( rapid move to begin. )
F300.00000
G01 Z-0.05000
G04 P0 ( dwell for no time -- G64 should not smooth over this point )
F600.00000
X44.90077 Y5.39944
X45.00501 Y5.38423
X45.11842 Y5.32065
X45.17949 Y5.25281
X45.22815 Y5.14351
X45.23826 Y4.56330
X45.20430 Y4.41674
X45.16722 Y4.35680
X45.07829 Y4.27674
X44.94634 Y4.22929
X44.39564 Y4.22726
X44.26638 Y4.26627
X44.15274 Y4.36495
X44.09404 Y4.50343
X44.08830 Y5.06327
X44.12224 Y5.20980
X44.20809 Y5.32062
X44.33163 Y5.38694
X44.40098 Y5.39944
X44.90077 Y5.39944
G04 P0 ( dwell for no time -- G64 should not smooth over this point )
G00 Z5.00000 ( retract )

G00 X44.90077 Y3.57445 ( rapid move to begin. )
F300.00000
G01 Z-0.05000
G04 P0 ( dwell for no time -- G64 should not smooth over this point )
F600.00000
X44.90077 Y3.57445
X45.00501 Y3.55924
X45.11842 Y3.49566
X45.17949 Y3.42782
X45.22815 Y3.31852
X45.23826 Y2.73831
X45.20430 Y2.59175
X45.16722 Y2.53181
X45.07829 Y2.45175
X44.94634 Y2.40430
X44.39564 Y2.40227
X44.26638 Y2.44128
X44.15274 Y2.53996
X44.09404 Y2.67844
X44.08830 Y3.23828
X44.12224 Y3.38481
X44.20809 Y3.49563
X44.33163 Y3.56195
X44.40098 Y3.57445
X44.90077 Y3.57445

G04 P0 ( dwell for no time -- G64 should not smooth over this point )
G00 Z10.000 ( retract )

M5 ( Spindle off. )
M9 ( Coolant off. )
M2 ( Program end. )

