ISO-10303-21;
HEADER;
FILE_DESCRIPTION((''),'2;1');
FILE_NAME('PRT0001','2025-07-08T12:14:19',('rizz'),(''),
'CREO PARAMETRIC BY PTC INC, 2025102','CREO PARAMETRIC BY PTC INC, 2025102','');
FILE_SCHEMA(('CONFIG_CONTROL_DESIGN'));
ENDSEC;
DATA;
#1=DIRECTION('',(1.E0,0.E0,0.E0));
#2=VECTOR('',#1,3.877501000801E0);
#3=CARTESIAN_POINT('',(-6.595596411847E1,0.E0,8.534733057534E1));
#4=LINE('',#3,#2);
#5=CARTESIAN_POINT('',(-6.207846311767E1,0.E0,8.734733057534E1));
#6=DIRECTION('',(0.E0,1.E0,0.E0));
#7=DIRECTION('',(7.806247497998E-1,0.E0,-6.25E-1));
#8=AXIS2_PLACEMENT_3D('',#5,#6,#7);
#10=CARTESIAN_POINT('',(-5.895596411847E1,0.E0,8.484733057534E1));
#11=DIRECTION('',(0.E0,1.E0,0.E0));
#12=DIRECTION('',(-7.806247497998E-1,0.E0,6.25E-1));
#13=AXIS2_PLACEMENT_3D('',#10,#11,#12);
#15=CARTESIAN_POINT('',(-5.583346511927E1,1.421085471520E-14,8.734733057534E1));
#16=DIRECTION('',(0.E0,1.E0,0.E0));
#17=DIRECTION('',(0.E0,0.E0,-1.E0));
#18=AXIS2_PLACEMENT_3D('',#15,#16,#17);
#20=DIRECTION('',(1.E0,0.E0,0.E0));
#21=VECTOR('',#20,4.683346511927E1);
#22=CARTESIAN_POINT('',(-5.583346511927E1,0.E0,8.534733057534E1));
#23=LINE('',#22,#21);
#24=CARTESIAN_POINT('',(-9.E0,0.E0,8.1E1));
#25=DIRECTION('',(0.E0,1.E0,0.E0));
#26=DIRECTION('',(0.E0,0.E0,1.E0));
#27=AXIS2_PLACEMENT_3D('',#24,#25,#26);
#29=DIRECTION('',(0.E0,0.E0,-1.E0));
#30=VECTOR('',#29,7.2E1);
#31=CARTESIAN_POINT('',(-4.652669424660E0,0.E0,8.1E1));
#32=LINE('',#31,#30);
#33=CARTESIAN_POINT('',(-9.E0,0.E0,9.E0));
#34=DIRECTION('',(0.E0,1.E0,0.E0));
#35=DIRECTION('',(1.E0,0.E0,0.E0));
#36=AXIS2_PLACEMENT_3D('',#33,#34,#35);
#38=DIRECTION('',(-1.E0,0.E0,0.E0));
#39=VECTOR('',#38,4.683346511927E1);
#40=CARTESIAN_POINT('',(-9.E0,0.E0,4.652669424660E0));
#41=LINE('',#40,#39);
#42=CARTESIAN_POINT('',(-5.583346511927E1,0.E0,2.652669424660E0));
#43=DIRECTION('',(0.E0,1.E0,0.E0));
#44=DIRECTION('',(-7.806247497998E-1,0.E0,6.25E-1));
#45=AXIS2_PLACEMENT_3D('',#42,#43,#44);
#47=CARTESIAN_POINT('',(-5.895596411847E1,0.E0,5.152669424660E0));
#48=DIRECTION('',(0.E0,1.E0,0.E0));
#49=DIRECTION('',(7.806247497998E-1,0.E0,-6.25E-1));
#50=AXIS2_PLACEMENT_3D('',#47,#48,#49);
#52=CARTESIAN_POINT('',(-6.207846311767E1,1.421085471520E-14,2.652669424660E0));
#53=DIRECTION('',(0.E0,1.E0,0.E0));
#54=DIRECTION('',(0.E0,0.E0,1.E0));
#55=AXIS2_PLACEMENT_3D('',#52,#53,#54);
#57=DIRECTION('',(-1.E0,0.E0,0.E0));
#58=VECTOR('',#57,3.877501000801E0);
#59=CARTESIAN_POINT('',(-6.207846311767E1,0.E0,4.652669424660E0));
#60=LINE('',#59,#58);
#61=DIRECTION('',(-9.848077530122E-1,0.E0,-1.736481776669E-1));
#62=VECTOR('',#61,1.527611438427E1);
#63=CARTESIAN_POINT('',(-6.595596411847E1,0.E0,4.652669424660E0));
#64=LINE('',#63,#62);
#65=DIRECTION('',(-1.E0,0.E0,0.E0));
#66=VECTOR('',#65,7.2E1);
#67=CARTESIAN_POINT('',(-9.E0,0.E0,0.E0));
#68=LINE('',#67,#66);
#69=CARTESIAN_POINT('',(-9.E0,0.E0,9.E0));
#70=DIRECTION('',(0.E0,1.E0,0.E0));
#71=DIRECTION('',(1.E0,0.E0,0.E0));
#72=AXIS2_PLACEMENT_3D('',#69,#70,#71);
#74=DIRECTION('',(0.E0,0.E0,-1.E0));
#75=VECTOR('',#74,7.2E1);
#76=CARTESIAN_POINT('',(0.E0,0.E0,8.1E1));
#77=LINE('',#76,#75);
#78=CARTESIAN_POINT('',(-9.E0,0.E0,8.1E1));
#79=DIRECTION('',(0.E0,1.E0,0.E0));
#80=DIRECTION('',(0.E0,0.E0,1.E0));
#81=AXIS2_PLACEMENT_3D('',#78,#79,#80);
#83=DIRECTION('',(1.E0,0.E0,0.E0));
#84=VECTOR('',#83,7.2E1);
#85=CARTESIAN_POINT('',(-8.1E1,0.E0,9.E1));
#86=LINE('',#85,#84);
#87=DIRECTION('',(9.848077530122E-1,0.E0,-1.736481776669E-1));
#88=VECTOR('',#87,1.527611438427E1);
#89=CARTESIAN_POINT('',(-8.1E1,0.E0,8.8E1));
#90=LINE('',#89,#88);
#91=DIRECTION('',(1.E0,0.E0,0.E0));
#92=VECTOR('',#91,3.877501000801E0);
#93=CARTESIAN_POINT('',(-6.595596411847E1,-3.E0,8.534733057534E1));
#94=LINE('',#93,#92);
#95=DIRECTION('',(0.E0,-1.E0,0.E0));
#96=VECTOR('',#95,3.E0);
#97=CARTESIAN_POINT('',(-6.207846311767E1,0.E0,8.534733057534E1));
#98=LINE('',#97,#96);
#99=DIRECTION('',(0.E0,1.E0,0.E0));
#100=VECTOR('',#99,3.E0);
#101=CARTESIAN_POINT('',(-6.595596411847E1,-3.E0,8.534733057534E1));
#102=LINE('',#101,#100);
#103=DIRECTION('',(1.E0,0.E0,0.E0));
#104=VECTOR('',#103,4.683346511927E1);
#105=CARTESIAN_POINT('',(-5.583346511927E1,-3.E0,8.534733057534E1));
#106=LINE('',#105,#104);
#107=DIRECTION('',(0.E0,1.E0,0.E0));
#108=VECTOR('',#107,3.E0);
#109=CARTESIAN_POINT('',(-5.583346511927E1,-3.E0,8.534733057534E1));
#110=LINE('',#109,#108);
#111=DIRECTION('',(9.702875252478E-1,1.710878697460E-1,-1.710878697460E-1));
#112=VECTOR('',#111,1.550471946724E1);
#113=CARTESIAN_POINT('',(-8.1E1,-5.652669424660E0,8.8E1));
#114=LINE('',#113,#112);
#115=CARTESIAN_POINT('',(-5.739471461887E1,-3.75E0,8.609733057534E1));
#116=CARTESIAN_POINT('',(-5.721574504364E1,-3.526467072184E0,8.587379764752E1));
#117=CARTESIAN_POINT('',(-5.677960707897E1,-3.174247152240E0,8.552157772758E1));
#118=CARTESIAN_POINT('',(-5.619673368176E1,-3.E0,8.534733057534E1));
#119=CARTESIAN_POINT('',(-5.583346511927E1,-3.E0,8.534733057534E1));
#121=CARTESIAN_POINT('',(-6.051721361807E1,-3.75E0,8.609733057534E1));
#122=CARTESIAN_POINT('',(-6.038710949310E1,-3.9125E0,8.625983057534E1));
#123=CARTESIAN_POINT('',(-6.012690124317E1,-4.143560182267E0,8.649089075761E1));
#124=CARTESIAN_POINT('',(-5.960648474330E1,-4.428320859737E0,8.677565143508E1));
#125=CARTESIAN_POINT('',(-5.895596411847E1,-4.547786093508E0,8.689511666885E1));
#126=CARTESIAN_POINT('',(-5.830544349364E1,-4.428320859737E0,8.677565143508E1));
#127=CARTESIAN_POINT('',(-5.778502699377E1,-4.143560182267E0,8.649089075761E1));
#128=CARTESIAN_POINT('',(-5.752481874384E1,-3.9125E0,8.625983057534E1));
#129=CARTESIAN_POINT('',(-5.739471461887E1,-3.75E0,8.609733057534E1));
#131=CARTESIAN_POINT('',(-6.207846311767E1,-3.E0,8.534733057534E1));
#132=CARTESIAN_POINT('',(-6.171519455518E1,-3.E0,8.534733057534E1));
#133=CARTESIAN_POINT('',(-6.113232115798E1,-3.174247152240E0,8.552157772758E1));
#134=CARTESIAN_POINT('',(-6.069618319330E1,-3.526467072184E0,8.587379764752E1));
#135=CARTESIAN_POINT('',(-6.051721361807E1,-3.75E0,8.609733057534E1));
#137=DIRECTION('',(-2.177343411270E-14,-1.E0,0.E0));
#138=VECTOR('',#137,6.526694246597E-1);
#139=CARTESIAN_POINT('',(-8.1E1,-5.E0,8.8E1));
#140=LINE('',#139,#138);
#141=CARTESIAN_POINT('',(-8.1E1,-1.175266942466E1,8.8E1));
#142=CARTESIAN_POINT('',(-8.129748044633E1,-1.145518897860E1,8.8E1));
#143=CARTESIAN_POINT('',(-8.189123494502E1,-1.086143438753E1,8.796210712857E1));
#144=CARTESIAN_POINT('',(-8.276741136976E1,-9.974434150528E0,8.779267303288E1));
#145=CARTESIAN_POINT('',(-8.333020557908E1,-9.390283714190E0,8.760738559926E1));
#146=CARTESIAN_POINT('',(-8.360461705471E1,-9.1E0,8.749738178025E1));
#148=DIRECTION('',(0.E0,-1.E0,0.E0));
#149=VECTOR('',#148,5.E-1);
#150=CARTESIAN_POINT('',(-8.360461705471E1,-8.6E0,8.749738178025E1));
#151=LINE('',#150,#149);
#152=CARTESIAN_POINT('',(-8.1E1,-8.6E0,8.1E1));
#153=DIRECTION('',(0.E0,-1.E0,0.E0));
#154=DIRECTION('',(0.E0,0.E0,1.E0));
#155=AXIS2_PLACEMENT_3D('',#152,#153,#154);
#157=CARTESIAN_POINT('',(-8.1E1,-8.E0,8.1E1));
#158=DIRECTION('',(0.E0,-1.E0,0.E0));
#159=DIRECTION('',(-4.285714285714E-1,0.E0,9.035079029053E-1));
#160=AXIS2_PLACEMENT_3D('',#157,#158,#159);
#162=DIRECTION('',(0.E0,1.E0,0.E0));
#163=VECTOR('',#162,2.624733057534E1);
#164=CARTESIAN_POINT('',(-8.1E1,-3.8E1,8.8E1));
#165=LINE('',#164,#163);
#166=CARTESIAN_POINT('',(-8.1E1,-9.1E0,8.8E1));
#167=DIRECTION('',(0.E0,1.E0,0.E0));
#168=DIRECTION('',(0.E0,0.E0,-1.E0));
#169=AXIS2_PLACEMENT_3D('',#166,#167,#168);
#171=DIRECTION('',(0.E0,7.071067811865E-1,-7.071067811865E-1));
#172=VECTOR('',#171,3.751441076846E0);
#173=CARTESIAN_POINT('',(-8.1E1,-1.175266942466E1,8.8E1));
#174=LINE('',#173,#172);
#175=DIRECTION('',(0.E0,-7.071067811865E-1,7.071067811865E-1));
#176=VECTOR('',#175,3.751441076846E0);
#177=CARTESIAN_POINT('',(-9.E0,-9.1E0,8.534733057534E1));
#178=LINE('',#177,#176);
#179=DIRECTION('',(-1.E0,0.E0,0.E0));
#180=VECTOR('',#179,7.2E1);
#181=CARTESIAN_POINT('',(-9.E0,-9.1E0,8.534733057534E1));
#182=LINE('',#181,#180);
#183=CARTESIAN_POINT('',(-3.375E1,-2.525E1,8.8E1));
#184=DIRECTION('',(0.E0,0.E0,1.E0));
#185=DIRECTION('',(-1.E0,0.E0,0.E0));
#186=AXIS2_PLACEMENT_3D('',#183,#184,#185);
#188=DIRECTION('',(2.736604589469E-12,-1.E0,2.735251174736E-12));
#189=VECTOR('',#188,1.050000001634E1);
#190=CARTESIAN_POINT('',(-3.624999999831E1,-1.474999998373E1,8.800000000169E1));
#191=LINE('',#190,#189);
#192=CARTESIAN_POINT('',(-3.375E1,-1.475E1,8.8E1));
#193=DIRECTION('',(0.E0,0.E0,1.E0));
#194=DIRECTION('',(0.E0,1.E0,0.E0));
#195=AXIS2_PLACEMENT_3D('',#192,#193,#194);
#197=DIRECTION('',(-1.E0,-1.916096889895E-11,1.914675804439E-11));
#198=VECTOR('',#197,1.500000016339E0);
#199=CARTESIAN_POINT('',(-3.224999998373E1,-1.225000000169E1,8.800000000169E1));
#200=LINE('',#199,#198);
#201=CARTESIAN_POINT('',(-3.225E1,-1.475E1,8.8E1));
#202=DIRECTION('',(0.E0,0.E0,1.E0));
#203=DIRECTION('',(1.E0,0.E0,0.E0));
#204=AXIS2_PLACEMENT_3D('',#201,#202,#203);
#206=DIRECTION('',(-2.736604589469E-12,1.E0,2.735251174736E-12));
#207=VECTOR('',#206,1.050000001634E1);
#208=CARTESIAN_POINT('',(-2.975000000169E1,-2.525000001627E1,8.800000000169E1));
#209=LINE('',#208,#207);
#210=CARTESIAN_POINT('',(-3.225E1,-2.525E1,8.8E1));
#211=DIRECTION('',(0.E0,0.E0,1.E0));
#212=DIRECTION('',(0.E0,-1.E0,0.E0));
#213=AXIS2_PLACEMENT_3D('',#210,#211,#212);
#215=DIRECTION('',(1.E0,1.915623194743E-11,1.916570585047E-11));
#216=VECTOR('',#215,1.500000016339E0);
#217=CARTESIAN_POINT('',(-3.375000001627E1,-2.774999999831E1,8.800000000169E1));
#218=LINE('',#217,#216);
#219=DIRECTION('',(0.E0,-1.E0,0.E0));
#220=VECTOR('',#219,2.624733057534E1);
#221=CARTESIAN_POINT('',(-9.E0,-1.175266942466E1,8.8E1));
#222=LINE('',#221,#220);
#223=DIRECTION('',(1.E0,0.E0,0.E0));
#224=VECTOR('',#223,7.2E1);
#225=CARTESIAN_POINT('',(-8.1E1,-1.175266942466E1,8.8E1));
#226=LINE('',#225,#224);
#227=DIRECTION('',(-9.848077530122E-1,-1.736481776669E-1,0.E0));
#228=VECTOR('',#227,8.638155724715E0);
#229=CARTESIAN_POINT('',(-7.249307727057E1,-7.1E0,8.8E1));
#230=LINE('',#229,#228);
#231=DIRECTION('',(1.E0,0.E0,0.E0));
#232=VECTOR('',#231,6.349307727057E1);
#233=CARTESIAN_POINT('',(-7.249307727057E1,-7.1E0,8.8E1));
#234=LINE('',#233,#232);
#235=DIRECTION('',(0.E0,-1.E0,0.E0));
#236=VECTOR('',#235,1.447330575340E0);
#237=CARTESIAN_POINT('',(-9.E0,-5.652669424660E0,8.8E1));
#238=LINE('',#237,#236);
#239=DIRECTION('',(1.E0,0.E0,0.E0));
#240=VECTOR('',#239,7.2E1);
#241=CARTESIAN_POINT('',(-8.1E1,-5.652669424660E0,8.8E1));
#242=LINE('',#241,#240);
#243=DIRECTION('',(0.E0,-1.E0,0.E0));
#244=VECTOR('',#243,2.947330575340E0);
#245=CARTESIAN_POINT('',(-8.1E1,-5.652669424660E0,8.8E1));
#246=LINE('',#245,#244);
#247=DIRECTION('',(7.071067811865E-1,4.078220961496E-11,7.071067811866E-1));
#248=VECTOR('',#247,7.071067802134E-1);
#249=CARTESIAN_POINT('',(-3.624999999828E1,-2.525000000007E1,8.800000000172E1));
#250=LINE('',#249,#248);
#251=DIRECTION('',(9.201967748531E-9,7.071067811865E-1,7.071067811866E-1));
#252=VECTOR('',#251,7.071067802297E-1);
#253=CARTESIAN_POINT('',(-3.375000001627E1,-2.774999999831E1,8.800000000169E1));
#254=LINE('',#253,#252);
#255=DIRECTION('',(-4.078723391083E-11,7.071067811865E-1,7.071067811866E-1));
#256=VECTOR('',#255,7.071067802134E-1);
#257=CARTESIAN_POINT('',(-3.224999999993E1,-2.774999999828E1,8.800000000172E1));
#258=LINE('',#257,#256);
#259=DIRECTION('',(-7.071067811865E-1,9.201977797122E-9,7.071067811866E-1));
#260=VECTOR('',#259,7.071067802297E-1);
#261=CARTESIAN_POINT('',(-2.975000000169E1,-2.525000001627E1,8.800000000169E1));
#262=LINE('',#261,#260);
#263=DIRECTION('',(-7.071067811865E-1,-4.078472176290E-11,7.071067811866E-1));
#264=VECTOR('',#263,7.071067802135E-1);
#265=CARTESIAN_POINT('',(-2.975000000172E1,-1.474999999993E1,8.800000000172E1));
#266=LINE('',#265,#264);
#267=DIRECTION('',(-9.201977797122E-9,-7.071067811865E-1,7.071067811866E-1));
#268=VECTOR('',#267,7.071067802297E-1);
#269=CARTESIAN_POINT('',(-3.224999998373E1,-1.225000000169E1,8.800000000169E1));
#270=LINE('',#269,#268);
#271=DIRECTION('',(4.077718531908E-11,-7.071067811865E-1,7.071067811866E-1));
#272=VECTOR('',#271,7.071067802134E-1);
#273=CARTESIAN_POINT('',(-3.375000000007E1,-1.225000000172E1,8.800000000172E1));
#274=LINE('',#273,#272);
#275=DIRECTION('',(7.071067811865E-1,-9.201980309270E-9,7.071067811866E-1));
#276=VECTOR('',#275,7.071067802297E-1);
#277=CARTESIAN_POINT('',(-3.624999999831E1,-1.474999998373E1,8.800000000169E1));
#278=LINE('',#277,#276);
#279=DIRECTION('',(-1.642368779124E-12,1.E0,1.641692071757E-12));
#280=VECTOR('',#279,1.050000000980E1);
#281=CARTESIAN_POINT('',(-3.574999999897E1,-2.525000000004E1,8.949999999897E1));
#282=LINE('',#281,#280);
#283=DIRECTION('',(0.E0,0.E0,-1.E0));
#284=VECTOR('',#283,9.999999979702E-1);
#285=CARTESIAN_POINT('',(-3.574999999899E1,-1.474999999024E1,8.949999999899E1));
#286=LINE('',#285,#284);
#287=DIRECTION('',(1.642368779124E-12,-1.E0,1.643045486490E-12));
#288=VECTOR('',#287,1.050000000980E1);
#289=CARTESIAN_POINT('',(-3.574999999899E1,-1.474999999024E1,8.850000000101E1));
#290=LINE('',#289,#288);
#291=DIRECTION('',(7.071067811865E-1,4.078220961496E-11,-7.071067811866E-1));
#292=VECTOR('',#291,7.071067802134E-1);
#293=CARTESIAN_POINT('',(-3.624999999828E1,-2.525000000007E1,8.999999999828E1));
#294=LINE('',#293,#292);
#295=CARTESIAN_POINT('',(-3.225E1,-2.525E1,9.E1));
#296=DIRECTION('',(0.E0,0.E0,-1.E0));
#297=DIRECTION('',(1.E0,0.E0,0.E0));
#298=AXIS2_PLACEMENT_3D('',#295,#296,#297);
#300=DIRECTION('',(2.736604589469E-12,-1.E0,2.735251174736E-12));
#301=VECTOR('',#300,1.050000001634E1);
#302=CARTESIAN_POINT('',(-2.975000000172E1,-1.474999999993E1,8.999999999828E1));
#303=LINE('',#302,#301);
#304=CARTESIAN_POINT('',(-3.225E1,-1.475E1,9.E1));
#305=DIRECTION('',(0.E0,0.E0,-1.E0));
#306=DIRECTION('',(0.E0,1.E0,0.E0));
#307=AXIS2_PLACEMENT_3D('',#304,#305,#306);
#309=DIRECTION('',(1.E0,1.915741618531E-11,1.914675804439E-11));
#310=VECTOR('',#309,1.500000016339E0);
#311=CARTESIAN_POINT('',(-3.375000000007E1,-1.225000000172E1,8.999999999828E1));
#312=LINE('',#311,#310);
#313=CARTESIAN_POINT('',(-3.375E1,-1.475E1,9.E1));
#314=DIRECTION('',(0.E0,0.E0,-1.E0));
#315=DIRECTION('',(-1.E0,0.E0,0.E0));
#316=AXIS2_PLACEMENT_3D('',#313,#314,#315);
#318=DIRECTION('',(-2.736604589469E-12,1.E0,2.735251174736E-12));
#319=VECTOR('',#318,1.050000001634E1);
#320=CARTESIAN_POINT('',(-3.624999999828E1,-2.525000000007E1,8.999999999828E1));
#321=LINE('',#320,#319);
#322=CARTESIAN_POINT('',(-3.375E1,-2.525E1,9.E1));
#323=DIRECTION('',(0.E0,0.E0,-1.E0));
#324=DIRECTION('',(0.E0,-1.E0,0.E0));
#325=AXIS2_PLACEMENT_3D('',#322,#323,#324);
#327=DIRECTION('',(-1.E0,-1.915623194743E-11,1.914675804439E-11));
#328=VECTOR('',#327,1.500000016339E0);
#329=CARTESIAN_POINT('',(-3.224999999993E1,-2.774999999828E1,8.999999999828E1));
#330=LINE('',#329,#328);
#331=DIRECTION('',(0.E0,-1.E0,0.E0));
#332=VECTOR('',#331,5.E0);
#333=CARTESIAN_POINT('',(-8.1E1,0.E0,9.E1));
#334=LINE('',#333,#332);
#335=DIRECTION('',(0.E0,-1.E0,0.E0));
#336=VECTOR('',#335,4.E1);
#337=CARTESIAN_POINT('',(-9.E0,0.E0,9.E1));
#338=LINE('',#337,#336);
#339=DIRECTION('',(-7.071067811866E-1,9.201982821418E-9,-7.071067811865E-1));
#340=VECTOR('',#339,7.071067802297E-1);
#341=CARTESIAN_POINT('',(-2.975000000169E1,-2.525000001627E1,8.999999999831E1));
#342=LINE('',#341,#340);
#343=DIRECTION('',(-4.078723391083E-11,7.071067811865E-1,-7.071067811866E-1));
#344=VECTOR('',#343,7.071067802134E-1);
#345=CARTESIAN_POINT('',(-3.224999999993E1,-2.774999999828E1,8.999999999828E1));
#346=LINE('',#345,#344);
#347=DIRECTION('',(9.201977797123E-9,7.071067811865E-1,-7.071067811865E-1));
#348=VECTOR('',#347,7.071067802297E-1);
#349=CARTESIAN_POINT('',(-3.375000001627E1,-2.774999999831E1,8.999999999831E1));
#350=LINE('',#349,#348);
#351=CARTESIAN_POINT('',(-3.375E1,-2.525E1,8.95E1));
#352=DIRECTION('',(0.E0,0.E0,-1.E0));
#353=DIRECTION('',(0.E0,-1.E0,0.E0));
#354=AXIS2_PLACEMENT_3D('',#351,#352,#353);
#356=DIRECTION('',(0.E0,0.E0,-1.E0));
#357=VECTOR('',#356,9.999999979357E-1);
#358=CARTESIAN_POINT('',(-3.574999999897E1,-2.525000000004E1,8.949999999897E1));
#359=LINE('',#358,#357);
#360=CARTESIAN_POINT('',(-3.375E1,-2.525E1,8.85E1));
#361=DIRECTION('',(0.E0,0.E0,1.E0));
#362=DIRECTION('',(-1.E0,0.E0,0.E0));
#363=AXIS2_PLACEMENT_3D('',#360,#361,#362);
#365=DIRECTION('',(-1.E0,-1.149658138946E-11,1.149184443792E-11));
#366=VECTOR('',#365,1.500000009803E0);
#367=CARTESIAN_POINT('',(-3.224999999996E1,-2.724999999897E1,8.949999999897E1));
#368=LINE('',#367,#366);
#369=DIRECTION('',(0.E0,0.E0,-1.E0));
#370=VECTOR('',#369,9.999999979702E-1);
#371=CARTESIAN_POINT('',(-3.375000000976E1,-2.724999999899E1,8.949999999899E1));
#372=LINE('',#371,#370);
#373=DIRECTION('',(1.E0,1.149658138946E-11,1.150131834100E-11));
#374=VECTOR('',#373,1.500000009803E0);
#375=CARTESIAN_POINT('',(-3.375000000976E1,-2.724999999899E1,8.850000000101E1));
#376=LINE('',#375,#374);
#377=CARTESIAN_POINT('',(-3.225E1,-2.525E1,8.95E1));
#378=DIRECTION('',(0.E0,0.E0,-1.E0));
#379=DIRECTION('',(1.E0,0.E0,0.E0));
#380=AXIS2_PLACEMENT_3D('',#377,#378,#379);
#382=DIRECTION('',(0.E0,0.E0,-1.E0));
#383=VECTOR('',#382,9.999999979357E-1);
#384=CARTESIAN_POINT('',(-3.224999999996E1,-2.724999999897E1,8.949999999897E1));
#385=LINE('',#384,#383);
#386=CARTESIAN_POINT('',(-3.225E1,-2.525E1,8.85E1));
#387=DIRECTION('',(0.E0,0.E0,1.E0));
#388=DIRECTION('',(0.E0,-1.E0,0.E0));
#389=AXIS2_PLACEMENT_3D('',#386,#387,#388);
#391=DIRECTION('',(1.642030425440E-12,-1.E0,1.641692071757E-12));
#392=VECTOR('',#391,1.050000000980E1);
#393=CARTESIAN_POINT('',(-3.025000000103E1,-1.474999999996E1,8.949999999897E1));
#394=LINE('',#393,#392);
#395=DIRECTION('',(0.E0,0.E0,-1.E0));
#396=VECTOR('',#395,9.999999979702E-1);
#397=CARTESIAN_POINT('',(-3.025000000101E1,-2.525000000976E1,8.949999999899E1));
#398=LINE('',#397,#396);
#399=DIRECTION('',(-1.642707132807E-12,1.E0,1.643045486490E-12));
#400=VECTOR('',#399,1.050000000980E1);
#401=CARTESIAN_POINT('',(-3.025000000101E1,-2.525000000976E1,8.850000000101E1));
#402=LINE('',#401,#400);
#403=DIRECTION('',(-7.071067811865E-1,-4.078472176290E-11,-7.071067811866E-1));
#404=VECTOR('',#403,7.071067802134E-1);
#405=CARTESIAN_POINT('',(-2.975000000172E1,-1.474999999993E1,8.999999999828E1));
#406=LINE('',#405,#404);
#407=DIRECTION('',(-9.201987845714E-9,-7.071067811866E-1,-7.071067811865E-1));
#408=VECTOR('',#407,7.071067802297E-1);
#409=CARTESIAN_POINT('',(-3.224999998373E1,-1.225000000169E1,8.999999999831E1));
#410=LINE('',#409,#408);
#411=CARTESIAN_POINT('',(-3.225E1,-1.475E1,8.95E1));
#412=DIRECTION('',(0.E0,0.E0,-1.E0));
#413=DIRECTION('',(0.E0,1.E0,0.E0));
#414=AXIS2_PLACEMENT_3D('',#411,#412,#413);
#416=DIRECTION('',(0.E0,0.E0,-1.E0));
#417=VECTOR('',#416,9.999999979357E-1);
#418=CARTESIAN_POINT('',(-3.025000000103E1,-1.474999999996E1,8.949999999897E1));
#419=LINE('',#418,#417);
#420=CARTESIAN_POINT('',(-3.225E1,-1.475E1,8.85E1));
#421=DIRECTION('',(0.E0,0.E0,1.E0));
#422=DIRECTION('',(1.E0,0.E0,0.E0));
#423=AXIS2_PLACEMENT_3D('',#420,#421,#422);
#425=DIRECTION('',(1.E0,1.149539715158E-11,1.149184443792E-11));
#426=VECTOR('',#425,1.500000009803E0);
#427=CARTESIAN_POINT('',(-3.375000000004E1,-1.275000000103E1,8.949999999897E1));
#428=LINE('',#427,#426);
#429=DIRECTION('',(0.E0,0.E0,-1.E0));
#430=VECTOR('',#429,9.999999979702E-1);
#431=CARTESIAN_POINT('',(-3.224999999024E1,-1.275000000101E1,8.949999999899E1));
#432=LINE('',#431,#430);
#433=DIRECTION('',(-1.E0,-1.149421291369E-11,1.148237053484E-11));
#434=VECTOR('',#433,1.500000009803E0);
#435=CARTESIAN_POINT('',(-3.224999999024E1,-1.275000000101E1,8.850000000101E1));
#436=LINE('',#435,#434);
#437=DIRECTION('',(4.077718531908E-11,-7.071067811865E-1,-7.071067811866E-1));
#438=VECTOR('',#437,7.071067802134E-1);
#439=CARTESIAN_POINT('',(-3.375000000007E1,-1.225000000172E1,8.999999999828E1));
#440=LINE('',#439,#438);
#441=DIRECTION('',(7.071067811865E-1,-9.201982821419E-9,-7.071067811865E-1));
#442=VECTOR('',#441,7.071067802297E-1);
#443=CARTESIAN_POINT('',(-3.624999999831E1,-1.474999998373E1,8.999999999831E1));
#444=LINE('',#443,#442);
#445=CARTESIAN_POINT('',(-3.375E1,-1.475E1,8.95E1));
#446=DIRECTION('',(0.E0,0.E0,-1.E0));
#447=DIRECTION('',(-1.E0,0.E0,0.E0));
#448=AXIS2_PLACEMENT_3D('',#445,#446,#447);
#450=DIRECTION('',(0.E0,0.E0,-1.E0));
#451=VECTOR('',#450,9.999999979357E-1);
#452=CARTESIAN_POINT('',(-3.375000000004E1,-1.275000000103E1,8.949999999897E1));
#453=LINE('',#452,#451);
#454=CARTESIAN_POINT('',(-3.375E1,-1.475E1,8.85E1));
#455=DIRECTION('',(0.E0,0.E0,1.E0));
#456=DIRECTION('',(0.E0,1.E0,0.E0));
#457=AXIS2_PLACEMENT_3D('',#454,#455,#456);
#459=CARTESIAN_POINT('',(-8.1E1,-8.E0,8.1E1));
#460=DIRECTION('',(0.E0,-1.E0,0.E0));
#461=DIRECTION('',(-3.333333333333E-1,0.E0,9.428090415821E-1));
#462=AXIS2_PLACEMENT_3D('',#459,#460,#461);
#464=DIRECTION('',(0.E0,-1.E0,0.E0));
#465=VECTOR('',#464,3.5E1);
#466=CARTESIAN_POINT('',(-8.1E1,-5.E0,9.E1));
#467=LINE('',#466,#465);
#468=DIRECTION('',(0.E0,0.E0,1.E0));
#469=VECTOR('',#468,2.160726053902E0);
#470=CARTESIAN_POINT('',(-8.4E1,-8.E0,5.147186257614E-1));
#471=LINE('',#470,#469);
#472=DIRECTION('',(0.E0,0.E0,1.E0));
#473=VECTOR('',#472,2.160726053902E0);
#474=CARTESIAN_POINT('',(-8.4E1,-8.E0,8.732455532034E1));
#475=LINE('',#474,#473);
#476=CARTESIAN_POINT('',(-8.4E1,-8.E0,5.147186257614E-1));
#477=CARTESIAN_POINT('',(-8.380843065099E1,-8.E0,4.469886328842E-1));
#478=CARTESIAN_POINT('',(-8.342450690840E1,-7.962767805701E0,
3.261335258797E-1));
#479=CARTESIAN_POINT('',(-8.287408502845E1,-7.800974220823E0,
1.914912407860E-1));
#480=CARTESIAN_POINT('',(-8.234840821756E1,-7.527558113303E0,
9.688101013032E-2));
#481=CARTESIAN_POINT('',(-8.189260993328E1,-7.161313076339E0,
4.112850237291E-2));
#482=CARTESIAN_POINT('',(-8.151305416373E1,-6.712953646306E0,
1.249922703342E-2));
#483=CARTESIAN_POINT('',(-8.121869764974E1,-6.178976486317E0,
1.619842139684E-3));
#484=CARTESIAN_POINT('',(-8.103877192244E1,-5.594171484669E0,
-1.305361885443E-4));
#485=CARTESIAN_POINT('',(-8.1E1,-5.197123576250E0,0.E0));
#486=CARTESIAN_POINT('',(-8.1E1,-5.E0,0.E0));
#488=CARTESIAN_POINT('',(-8.1E1,-5.E0,2.E0));
#489=CARTESIAN_POINT('',(-8.1E1,-5.184149719276E0,2.E0));
#490=CARTESIAN_POINT('',(-8.103298882537E1,-5.560758657020E0,1.999829251517E0));
#491=CARTESIAN_POINT('',(-8.120589415547E1,-6.147196394946E0,2.001827031307E0));
#492=CARTESIAN_POINT('',(-8.148600658878E1,-6.671752826502E0,2.014326437149E0));
#493=CARTESIAN_POINT('',(-8.185451497688E1,-7.122350185744E0,2.048464956660E0));
#494=CARTESIAN_POINT('',(-8.228114678327E1,-7.479306917010E0,2.113119379919E0));
#495=CARTESIAN_POINT('',(-8.277658153617E1,-7.760894518479E0,2.221347180417E0));
#496=CARTESIAN_POINT('',(-8.336967082387E1,-7.955617166987E0,2.402429614879E0));
#497=CARTESIAN_POINT('',(-8.378798560237E1,-8.E0,2.574877420677E0));
#498=CARTESIAN_POINT('',(-8.4E1,-8.E0,2.675444679663E0));
#500=DIRECTION('',(0.E0,1.E0,0.E0));
#501=VECTOR('',#500,3.5E1);
#502=CARTESIAN_POINT('',(-8.1E1,-4.E1,0.E0));
#503=LINE('',#502,#501);
#504=CARTESIAN_POINT('',(-8.1E1,-8.E0,9.E0));
#505=DIRECTION('',(0.E0,-1.E0,0.E0));
#506=DIRECTION('',(-1.E0,0.E0,0.E0));
#507=AXIS2_PLACEMENT_3D('',#504,#505,#506);
#509=DIRECTION('',(0.E0,-1.E0,0.E0));
#510=VECTOR('',#509,4.E1);
#511=CARTESIAN_POINT('',(-9.E0,0.E0,0.E0));
#512=LINE('',#511,#510);
#513=DIRECTION('',(0.E0,-1.E0,0.E0));
#514=VECTOR('',#513,5.E0);
#515=CARTESIAN_POINT('',(-8.1E1,0.E0,0.E0));
#516=LINE('',#515,#514);
#517=CARTESIAN_POINT('',(-8.1E1,-4.E1,9.E0));
#518=DIRECTION('',(0.E0,-1.E0,0.E0));
#519=DIRECTION('',(-1.E0,0.E0,0.E0));
#520=AXIS2_PLACEMENT_3D('',#517,#518,#519);
#522=DIRECTION('',(0.E0,0.E0,1.E0));
#523=VECTOR('',#522,7.2E1);
#524=CARTESIAN_POINT('',(-9.E1,-4.E1,9.E0));
#525=LINE('',#524,#523);
#526=CARTESIAN_POINT('',(-8.1E1,-4.E1,8.1E1));
#527=DIRECTION('',(0.E0,-1.E0,0.E0));
#528=DIRECTION('',(0.E0,0.E0,1.E0));
#529=AXIS2_PLACEMENT_3D('',#526,#527,#528);
#531=DIRECTION('',(1.E0,0.E0,0.E0));
#532=VECTOR('',#531,7.2E1);
#533=CARTESIAN_POINT('',(-8.1E1,-4.E1,9.E1));
#534=LINE('',#533,#532);
#535=CARTESIAN_POINT('',(-9.E0,-4.E1,8.1E1));
#536=DIRECTION('',(0.E0,-1.E0,0.E0));
#537=DIRECTION('',(1.E0,0.E0,0.E0));
#538=AXIS2_PLACEMENT_3D('',#535,#536,#537);
#540=DIRECTION('',(0.E0,0.E0,-1.E0));
#541=VECTOR('',#540,7.2E1);
#542=CARTESIAN_POINT('',(0.E0,-4.E1,8.1E1));
#543=LINE('',#542,#541);
#544=CARTESIAN_POINT('',(-9.E0,-4.E1,9.E0));
#545=DIRECTION('',(0.E0,-1.E0,0.E0));
#546=DIRECTION('',(0.E0,0.E0,-1.E0));
#547=AXIS2_PLACEMENT_3D('',#544,#545,#546);
#549=DIRECTION('',(-1.E0,0.E0,0.E0));
#550=VECTOR('',#549,7.2E1);
#551=CARTESIAN_POINT('',(-9.E0,-4.E1,0.E0));
#552=LINE('',#551,#550);
#553=DIRECTION('',(0.E0,0.E0,1.E0));
#554=VECTOR('',#553,7.E1);
#555=CARTESIAN_POINT('',(-1.E1,-4.E1,1.E1));
#556=LINE('',#555,#554);
#557=CARTESIAN_POINT('',(-9.E0,-4.E1,1.E1));
#558=DIRECTION('',(0.E0,1.E0,0.E0));
#559=DIRECTION('',(1.E0,0.E0,0.E0));
#560=AXIS2_PLACEMENT_3D('',#557,#558,#559);
#562=DIRECTION('',(0.E0,0.E0,-1.E0));
#563=VECTOR('',#562,7.E1);
#564=CARTESIAN_POINT('',(-8.E0,-4.E1,8.E1));
#565=LINE('',#564,#563);
#566=CARTESIAN_POINT('',(-9.E0,-4.E1,8.E1));
#567=DIRECTION('',(0.E0,1.E0,0.E0));
#568=DIRECTION('',(-1.E0,0.E0,0.E0));
#569=AXIS2_PLACEMENT_3D('',#566,#567,#568);
#571=DIRECTION('',(0.E0,0.E0,1.E0));
#572=VECTOR('',#571,7.E1);
#573=CARTESIAN_POINT('',(-1.42E1,-4.E1,1.E1));
#574=LINE('',#573,#572);
#575=CARTESIAN_POINT('',(-1.32E1,-4.E1,1.E1));
#576=DIRECTION('',(0.E0,1.E0,0.E0));
#577=DIRECTION('',(1.E0,0.E0,0.E0));
#578=AXIS2_PLACEMENT_3D('',#575,#576,#577);
#580=DIRECTION('',(0.E0,0.E0,-1.E0));
#581=VECTOR('',#580,7.E1);
#582=CARTESIAN_POINT('',(-1.22E1,-4.E1,8.E1));
#583=LINE('',#582,#581);
#584=CARTESIAN_POINT('',(-1.32E1,-4.E1,8.E1));
#585=DIRECTION('',(0.E0,1.E0,0.E0));
#586=DIRECTION('',(-1.E0,0.E0,0.E0));
#587=AXIS2_PLACEMENT_3D('',#584,#585,#586);
#589=DIRECTION('',(0.E0,0.E0,1.E0));
#590=VECTOR('',#589,7.E1);
#591=CARTESIAN_POINT('',(-1.84E1,-4.E1,1.E1));
#592=LINE('',#591,#590);
#593=CARTESIAN_POINT('',(-1.74E1,-4.E1,1.E1));
#594=DIRECTION('',(0.E0,1.E0,0.E0));
#595=DIRECTION('',(1.E0,0.E0,0.E0));
#596=AXIS2_PLACEMENT_3D('',#593,#594,#595);
#598=DIRECTION('',(0.E0,0.E0,-1.E0));
#599=VECTOR('',#598,7.E1);
#600=CARTESIAN_POINT('',(-1.64E1,-4.E1,8.E1));
#601=LINE('',#600,#599);
#602=CARTESIAN_POINT('',(-1.74E1,-4.E1,8.E1));
#603=DIRECTION('',(0.E0,1.E0,0.E0));
#604=DIRECTION('',(-1.E0,0.E0,0.E0));
#605=AXIS2_PLACEMENT_3D('',#602,#603,#604);
#607=DIRECTION('',(0.E0,0.E0,1.E0));
#608=VECTOR('',#607,7.E1);
#609=CARTESIAN_POINT('',(-2.26E1,-4.E1,1.E1));
#610=LINE('',#609,#608);
#611=CARTESIAN_POINT('',(-2.16E1,-4.E1,1.E1));
#612=DIRECTION('',(0.E0,1.E0,0.E0));
#613=DIRECTION('',(1.E0,0.E0,0.E0));
#614=AXIS2_PLACEMENT_3D('',#611,#612,#613);
#616=DIRECTION('',(0.E0,0.E0,-1.E0));
#617=VECTOR('',#616,7.E1);
#618=CARTESIAN_POINT('',(-2.06E1,-4.E1,8.E1));
#619=LINE('',#618,#617);
#620=CARTESIAN_POINT('',(-2.16E1,-4.E1,8.E1));
#621=DIRECTION('',(0.E0,1.E0,0.E0));
#622=DIRECTION('',(-1.E0,0.E0,0.E0));
#623=AXIS2_PLACEMENT_3D('',#620,#621,#622);
#625=DIRECTION('',(0.E0,0.E0,1.E0));
#626=VECTOR('',#625,7.E1);
#627=CARTESIAN_POINT('',(-2.68E1,-4.E1,1.E1));
#628=LINE('',#627,#626);
#629=CARTESIAN_POINT('',(-2.58E1,-4.E1,1.E1));
#630=DIRECTION('',(0.E0,1.E0,0.E0));
#631=DIRECTION('',(1.E0,0.E0,0.E0));
#632=AXIS2_PLACEMENT_3D('',#629,#630,#631);
#634=DIRECTION('',(0.E0,0.E0,-1.E0));
#635=VECTOR('',#634,7.E1);
#636=CARTESIAN_POINT('',(-2.48E1,-4.E1,8.E1));
#637=LINE('',#636,#635);
#638=CARTESIAN_POINT('',(-2.58E1,-4.E1,8.E1));
#639=DIRECTION('',(0.E0,1.E0,0.E0));
#640=DIRECTION('',(-1.E0,0.E0,0.E0));
#641=AXIS2_PLACEMENT_3D('',#638,#639,#640);
#643=DIRECTION('',(0.E0,0.E0,1.E0));
#644=VECTOR('',#643,7.E1);
#645=CARTESIAN_POINT('',(-3.1E1,-4.E1,1.E1));
#646=LINE('',#645,#644);
#647=CARTESIAN_POINT('',(-3.E1,-4.E1,1.E1));
#648=DIRECTION('',(0.E0,1.E0,0.E0));
#649=DIRECTION('',(1.E0,0.E0,0.E0));
#650=AXIS2_PLACEMENT_3D('',#647,#648,#649);
#652=DIRECTION('',(0.E0,0.E0,-1.E0));
#653=VECTOR('',#652,7.E1);
#654=CARTESIAN_POINT('',(-2.9E1,-4.E1,8.E1));
#655=LINE('',#654,#653);
#656=CARTESIAN_POINT('',(-3.E1,-4.E1,8.E1));
#657=DIRECTION('',(0.E0,1.E0,0.E0));
#658=DIRECTION('',(-1.E0,0.E0,0.E0));
#659=AXIS2_PLACEMENT_3D('',#656,#657,#658);
#661=DIRECTION('',(0.E0,-1.E0,0.E0));
#662=VECTOR('',#661,3.2E1);
#663=CARTESIAN_POINT('',(-9.E1,-8.E0,9.E0));
#664=LINE('',#663,#662);
#665=DIRECTION('',(0.E0,0.E0,1.E0));
#666=VECTOR('',#665,7.2E1);
#667=CARTESIAN_POINT('',(-9.E1,-8.E0,9.E0));
#668=LINE('',#667,#666);
#669=DIRECTION('',(0.E0,-1.E0,0.E0));
#670=VECTOR('',#669,3.2E1);
#671=CARTESIAN_POINT('',(-9.E1,-8.E0,8.1E1));
#672=LINE('',#671,#670);
#673=DIRECTION('',(0.E0,-1.E0,0.E0));
#674=VECTOR('',#673,4.E1);
#675=CARTESIAN_POINT('',(0.E0,0.E0,8.1E1));
#676=LINE('',#675,#674);
#677=DIRECTION('',(0.E0,-1.E0,0.E0));
#678=VECTOR('',#677,4.E1);
#679=CARTESIAN_POINT('',(0.E0,0.E0,9.E0));
#680=LINE('',#679,#678);
#681=DIRECTION('',(0.E0,-1.E0,0.E0));
#682=VECTOR('',#681,2.E0);
#683=CARTESIAN_POINT('',(-1.E1,-3.8E1,1.E1));
#684=LINE('',#683,#682);
#685=DIRECTION('',(0.E0,-1.E0,0.E0));
#686=VECTOR('',#685,2.E0);
#687=CARTESIAN_POINT('',(-1.E1,-3.8E1,8.E1));
#688=LINE('',#687,#686);
#689=DIRECTION('',(0.E0,-1.E0,0.E0));
#690=VECTOR('',#689,2.E0);
#691=CARTESIAN_POINT('',(-8.E0,-3.8E1,8.E1));
#692=LINE('',#691,#690);
#693=DIRECTION('',(0.E0,-1.E0,0.E0));
#694=VECTOR('',#693,2.E0);
#695=CARTESIAN_POINT('',(-8.E0,-3.8E1,1.E1));
#696=LINE('',#695,#694);
#697=DIRECTION('',(1.E0,0.E0,0.E0));
#698=VECTOR('',#697,9.368087380585E0);
#699=CARTESIAN_POINT('',(-4.986808738059E1,-3.8E1,1.4E1));
#700=LINE('',#699,#698);
#701=DIRECTION('',(0.E0,0.E0,1.E0));
#702=VECTOR('',#701,8.E0);
#703=CARTESIAN_POINT('',(-4.986808738059E1,-3.8E1,1.4E1));
#704=LINE('',#703,#702);
#705=DIRECTION('',(1.E0,0.E0,0.E0));
#706=VECTOR('',#705,9.368087380585E0);
#707=CARTESIAN_POINT('',(-4.986808738059E1,-3.8E1,2.2E1));
#708=LINE('',#707,#706);
#709=DIRECTION('',(0.E0,0.E0,1.E0));
#710=VECTOR('',#709,8.E0);
#711=CARTESIAN_POINT('',(-4.05E1,-3.8E1,1.4E1));
#712=LINE('',#711,#710);
#713=DIRECTION('',(1.E0,0.E0,0.E0));
#714=VECTOR('',#713,9.368087380585E0);
#715=CARTESIAN_POINT('',(-4.986808738059E1,-3.8E1,6.9E1));
#716=LINE('',#715,#714);
#717=DIRECTION('',(0.E0,0.E0,1.E0));
#718=VECTOR('',#717,8.E0);
#719=CARTESIAN_POINT('',(-4.986808738059E1,-3.8E1,6.9E1));
#720=LINE('',#719,#718);
#721=DIRECTION('',(1.E0,0.E0,0.E0));
#722=VECTOR('',#721,9.368087380585E0);
#723=CARTESIAN_POINT('',(-4.986808738059E1,-3.8E1,7.7E1));
#724=LINE('',#723,#722);
#725=DIRECTION('',(0.E0,0.E0,1.E0));
#726=VECTOR('',#725,8.E0);
#727=CARTESIAN_POINT('',(-4.05E1,-3.8E1,6.9E1));
#728=LINE('',#727,#726);
#729=DIRECTION('',(1.E0,0.E0,0.E0));
#730=VECTOR('',#729,7.5E0);
#731=CARTESIAN_POINT('',(-3.888464839420E1,-3.8E1,2.8E1));
#732=LINE('',#731,#730);
#733=DIRECTION('',(0.E0,0.E0,1.E0));
#734=VECTOR('',#733,8.E0);
#735=CARTESIAN_POINT('',(-3.888464839420E1,-3.8E1,2.8E1));
#736=LINE('',#735,#734);
#737=DIRECTION('',(1.E0,0.E0,0.E0));
#738=VECTOR('',#737,7.5E0);
#739=CARTESIAN_POINT('',(-3.888464839420E1,-3.8E1,3.6E1));
#740=LINE('',#739,#738);
#741=DIRECTION('',(0.E0,0.E0,1.E0));
#742=VECTOR('',#741,8.E0);
#743=CARTESIAN_POINT('',(-3.138464839420E1,-3.8E1,2.8E1));
#744=LINE('',#743,#742);
#745=CARTESIAN_POINT('',(-3.472E1,-3.8E1,6.55E1));
#746=DIRECTION('',(0.E0,1.E0,0.E0));
#747=DIRECTION('',(0.E0,0.E0,1.E0));
#748=AXIS2_PLACEMENT_3D('',#745,#746,#747);
#750=CARTESIAN_POINT('',(-3.472E1,-3.8E1,6.55E1));
#751=DIRECTION('',(0.E0,1.E0,0.E0));
#752=DIRECTION('',(0.E0,0.E0,-1.E0));
#753=AXIS2_PLACEMENT_3D('',#750,#751,#752);
#755=DIRECTION('',(-1.E0,0.E0,0.E0));
#756=VECTOR('',#755,2.72E0);
#757=CARTESIAN_POINT('',(-2.E0,-3.8E1,6.3E1));
#758=LINE('',#757,#756);
#759=CARTESIAN_POINT('',(-4.72E0,-3.8E1,6.55E1));
#760=DIRECTION('',(0.E0,1.E0,0.E0));
#761=DIRECTION('',(2.415845301584E-14,0.E0,-1.E0));
#762=AXIS2_PLACEMENT_3D('',#759,#760,#761);
#764=DIRECTION('',(-1.E0,0.E0,0.E0));
#765=VECTOR('',#764,2.72E0);
#766=CARTESIAN_POINT('',(-2.E0,-3.8E1,6.8E1));
#767=LINE('',#766,#765);
#768=DIRECTION('',(0.E0,0.E0,-1.E0));
#769=VECTOR('',#768,1.3E1);
#770=CARTESIAN_POINT('',(-2.E0,-3.8E1,8.1E1));
#771=LINE('',#770,#769);
#772=CARTESIAN_POINT('',(-9.E0,-3.8E1,8.1E1));
#773=DIRECTION('',(0.E0,-1.E0,0.E0));
#774=DIRECTION('',(1.E0,0.E0,0.E0));
#775=AXIS2_PLACEMENT_3D('',#772,#773,#774);
#777=DIRECTION('',(1.E0,0.E0,0.E0));
#778=VECTOR('',#777,7.2E1);
#779=CARTESIAN_POINT('',(-8.1E1,-3.8E1,8.8E1));
#780=LINE('',#779,#778);
#781=CARTESIAN_POINT('',(-8.1E1,-3.8E1,8.1E1));
#782=DIRECTION('',(0.E0,-1.E0,0.E0));
#783=DIRECTION('',(0.E0,0.E0,1.E0));
#784=AXIS2_PLACEMENT_3D('',#781,#782,#783);
#786=DIRECTION('',(0.E0,0.E0,1.E0));
#787=VECTOR('',#786,7.E0);
#788=CARTESIAN_POINT('',(-8.8E1,-3.8E1,7.4E1));
#789=LINE('',#788,#787);
#790=DIRECTION('',(0.E0,0.E0,1.E0));
#791=VECTOR('',#790,7.E0);
#792=CARTESIAN_POINT('',(-8.8E1,-3.8E1,6.7E1));
#793=LINE('',#792,#791);
#794=DIRECTION('',(0.E0,0.E0,1.E0));
#795=VECTOR('',#794,4.8E1);
#796=CARTESIAN_POINT('',(-8.8E1,-3.8E1,1.9E1));
#797=LINE('',#796,#795);
#798=DIRECTION('',(0.E0,0.E0,1.E0));
#799=VECTOR('',#798,7.E0);
#800=CARTESIAN_POINT('',(-8.8E1,-3.8E1,1.2E1));
#801=LINE('',#800,#799);
#802=DIRECTION('',(0.E0,0.E0,1.E0));
#803=VECTOR('',#802,3.E0);
#804=CARTESIAN_POINT('',(-8.8E1,-3.8E1,9.E0));
#805=LINE('',#804,#803);
#806=CARTESIAN_POINT('',(-8.1E1,-3.8E1,9.E0));
#807=DIRECTION('',(0.E0,-1.E0,0.E0));
#808=DIRECTION('',(-1.E0,0.E0,0.E0));
#809=AXIS2_PLACEMENT_3D('',#806,#807,#808);
#811=DIRECTION('',(-1.E0,0.E0,0.E0));
#812=VECTOR('',#811,7.2E1);
#813=CARTESIAN_POINT('',(-9.E0,-3.8E1,2.E0));
#814=LINE('',#813,#812);
#815=CARTESIAN_POINT('',(-9.E0,-3.8E1,9.E0));
#816=DIRECTION('',(0.E0,-1.E0,0.E0));
#817=DIRECTION('',(0.E0,0.E0,-1.E0));
#818=AXIS2_PLACEMENT_3D('',#815,#816,#817);
#820=DIRECTION('',(0.E0,0.E0,-1.E0));
#821=VECTOR('',#820,5.4E1);
#822=CARTESIAN_POINT('',(-2.E0,-3.8E1,6.3E1));
#823=LINE('',#822,#821);
#824=DIRECTION('',(0.E0,0.E0,1.E0));
#825=VECTOR('',#824,7.E1);
#826=CARTESIAN_POINT('',(-1.E1,-3.8E1,1.E1));
#827=LINE('',#826,#825);
#828=CARTESIAN_POINT('',(-9.E0,-3.8E1,8.E1));
#829=DIRECTION('',(0.E0,1.E0,0.E0));
#830=DIRECTION('',(-1.E0,0.E0,0.E0));
#831=AXIS2_PLACEMENT_3D('',#828,#829,#830);
#833=DIRECTION('',(0.E0,0.E0,-1.E0));
#834=VECTOR('',#833,7.E1);
#835=CARTESIAN_POINT('',(-8.E0,-3.8E1,8.E1));
#836=LINE('',#835,#834);
#837=CARTESIAN_POINT('',(-9.E0,-3.8E1,1.E1));
#838=DIRECTION('',(0.E0,1.E0,0.E0));
#839=DIRECTION('',(1.E0,0.E0,0.E0));
#840=AXIS2_PLACEMENT_3D('',#837,#838,#839);
#842=DIRECTION('',(0.E0,0.E0,1.E0));
#843=VECTOR('',#842,7.E1);
#844=CARTESIAN_POINT('',(-1.42E1,-3.8E1,1.E1));
#845=LINE('',#844,#843);
#846=CARTESIAN_POINT('',(-1.32E1,-3.8E1,8.E1));
#847=DIRECTION('',(0.E0,1.E0,0.E0));
#848=DIRECTION('',(-1.E0,0.E0,0.E0));
#849=AXIS2_PLACEMENT_3D('',#846,#847,#848);
#851=DIRECTION('',(0.E0,0.E0,-1.E0));
#852=VECTOR('',#851,7.E1);
#853=CARTESIAN_POINT('',(-1.22E1,-3.8E1,8.E1));
#854=LINE('',#853,#852);
#855=CARTESIAN_POINT('',(-1.32E1,-3.8E1,1.E1));
#856=DIRECTION('',(0.E0,1.E0,0.E0));
#857=DIRECTION('',(1.E0,0.E0,0.E0));
#858=AXIS2_PLACEMENT_3D('',#855,#856,#857);
#860=DIRECTION('',(0.E0,0.E0,1.E0));
#861=VECTOR('',#860,7.E1);
#862=CARTESIAN_POINT('',(-1.84E1,-3.8E1,1.E1));
#863=LINE('',#862,#861);
#864=CARTESIAN_POINT('',(-1.74E1,-3.8E1,8.E1));
#865=DIRECTION('',(0.E0,1.E0,0.E0));
#866=DIRECTION('',(-1.E0,0.E0,0.E0));
#867=AXIS2_PLACEMENT_3D('',#864,#865,#866);
#869=DIRECTION('',(0.E0,0.E0,-1.E0));
#870=VECTOR('',#869,7.E1);
#871=CARTESIAN_POINT('',(-1.64E1,-3.8E1,8.E1));
#872=LINE('',#871,#870);
#873=CARTESIAN_POINT('',(-1.74E1,-3.8E1,1.E1));
#874=DIRECTION('',(0.E0,1.E0,0.E0));
#875=DIRECTION('',(1.E0,0.E0,0.E0));
#876=AXIS2_PLACEMENT_3D('',#873,#874,#875);
#878=DIRECTION('',(0.E0,0.E0,1.E0));
#879=VECTOR('',#878,7.E1);
#880=CARTESIAN_POINT('',(-2.26E1,-3.8E1,1.E1));
#881=LINE('',#880,#879);
#882=CARTESIAN_POINT('',(-2.16E1,-3.8E1,8.E1));
#883=DIRECTION('',(0.E0,1.E0,0.E0));
#884=DIRECTION('',(-1.E0,0.E0,0.E0));
#885=AXIS2_PLACEMENT_3D('',#882,#883,#884);
#887=DIRECTION('',(0.E0,0.E0,-1.E0));
#888=VECTOR('',#887,7.E1);
#889=CARTESIAN_POINT('',(-2.06E1,-3.8E1,8.E1));
#890=LINE('',#889,#888);
#891=CARTESIAN_POINT('',(-2.16E1,-3.8E1,1.E1));
#892=DIRECTION('',(0.E0,1.E0,0.E0));
#893=DIRECTION('',(1.E0,0.E0,0.E0));
#894=AXIS2_PLACEMENT_3D('',#891,#892,#893);
#896=DIRECTION('',(0.E0,0.E0,1.E0));
#897=VECTOR('',#896,7.E1);
#898=CARTESIAN_POINT('',(-2.68E1,-3.8E1,1.E1));
#899=LINE('',#898,#897);
#900=CARTESIAN_POINT('',(-2.58E1,-3.8E1,8.E1));
#901=DIRECTION('',(0.E0,1.E0,0.E0));
#902=DIRECTION('',(-1.E0,0.E0,0.E0));
#903=AXIS2_PLACEMENT_3D('',#900,#901,#902);
#905=DIRECTION('',(0.E0,0.E0,-1.E0));
#906=VECTOR('',#905,7.E1);
#907=CARTESIAN_POINT('',(-2.48E1,-3.8E1,8.E1));
#908=LINE('',#907,#906);
#909=CARTESIAN_POINT('',(-2.58E1,-3.8E1,1.E1));
#910=DIRECTION('',(0.E0,1.E0,0.E0));
#911=DIRECTION('',(1.E0,0.E0,0.E0));
#912=AXIS2_PLACEMENT_3D('',#909,#910,#911);
#914=DIRECTION('',(0.E0,0.E0,1.E0));
#915=VECTOR('',#914,7.E1);
#916=CARTESIAN_POINT('',(-3.1E1,-3.8E1,1.E1));
#917=LINE('',#916,#915);
#918=CARTESIAN_POINT('',(-3.E1,-3.8E1,8.E1));
#919=DIRECTION('',(0.E0,1.E0,0.E0));
#920=DIRECTION('',(-1.E0,0.E0,0.E0));
#921=AXIS2_PLACEMENT_3D('',#918,#919,#920);
#923=DIRECTION('',(0.E0,0.E0,-1.E0));
#924=VECTOR('',#923,7.E1);
#925=CARTESIAN_POINT('',(-2.9E1,-3.8E1,8.E1));
#926=LINE('',#925,#924);
#927=CARTESIAN_POINT('',(-3.E1,-3.8E1,1.E1));
#928=DIRECTION('',(0.E0,1.E0,0.E0));
#929=DIRECTION('',(1.E0,0.E0,0.E0));
#930=AXIS2_PLACEMENT_3D('',#927,#928,#929);
#932=DIRECTION('',(0.E0,1.E0,0.E0));
#933=VECTOR('',#932,1.9E1);
#934=CARTESIAN_POINT('',(-4.05E1,-3.8E1,1.4E1));
#935=LINE('',#934,#933);
#936=DIRECTION('',(-1.E0,0.E0,0.E0));
#937=VECTOR('',#936,1.E0);
#938=CARTESIAN_POINT('',(-4.05E1,-1.9E1,1.4E1));
#939=LINE('',#938,#937);
#940=DIRECTION('',(-5.E-1,-8.660254037844E-1,0.E0));
#941=VECTOR('',#940,4.740692158993E0);
#942=CARTESIAN_POINT('',(-4.15E1,-1.9E1,1.4E1));
#943=LINE('',#942,#941);
#944=CARTESIAN_POINT('',(-4.343733337760E1,-2.335555984121E1,1.4E1));
#945=DIRECTION('',(0.E0,0.E0,1.E0));
#946=DIRECTION('',(-8.660254037844E-1,5.E-1,0.E0));
#947=AXIS2_PLACEMENT_3D('',#944,#945,#946);
#949=DIRECTION('',(7.071067811865E-1,-7.071067811866E-1,0.E0));
#950=VECTOR('',#949,2.386249746853E0);
#951=CARTESIAN_POINT('',(-4.379088676820E1,-2.370911323180E1,1.4E1));
#952=LINE('',#951,#950);
#953=CARTESIAN_POINT('',(-4.235355339059E1,-2.564644660941E1,1.4E1));
#954=DIRECTION('',(0.E0,0.E0,-1.E0));
#955=DIRECTION('',(7.071067811865E-1,7.071067811865E-1,0.E0));
#956=AXIS2_PLACEMENT_3D('',#953,#954,#955);
#958=DIRECTION('',(-1.E0,0.E0,0.E0));
#959=VECTOR('',#958,2.146446609407E0);
#960=CARTESIAN_POINT('',(-4.235355339059E1,-2.6E1,1.4E1));
#961=LINE('',#960,#959);
#962=DIRECTION('',(0.E0,-1.E0,0.E0));
#963=VECTOR('',#962,2.E0);
#964=CARTESIAN_POINT('',(-4.45E1,-2.6E1,1.4E1));
#965=LINE('',#964,#963);
#966=DIRECTION('',(7.071067811865E-1,-7.071067811865E-1,0.E0));
#967=VECTOR('',#966,1.065232271865E0);
#968=CARTESIAN_POINT('',(-4.45E1,-2.8E1,1.4E1));
#969=LINE('',#968,#967);
#970=CARTESIAN_POINT('',(-4.586808738059E1,-3.087455330653E1,1.4E1));
#971=DIRECTION('',(0.E0,0.E0,-1.E0));
#972=DIRECTION('',(7.071067811865E-1,7.071067811865E-1,0.E0));
#973=AXIS2_PLACEMENT_3D('',#970,#971,#972);
#975=DIRECTION('',(0.E0,-1.E0,0.E0));
#976=VECTOR('',#975,1.254466934659E-1);
#977=CARTESIAN_POINT('',(-4.286808738059E1,-3.087455330653E1,1.4E1));
#978=LINE('',#977,#976);
#979=CARTESIAN_POINT('',(-4.986808738059E1,-3.1E1,1.4E1));
#980=DIRECTION('',(0.E0,0.E0,-1.E0));
#981=DIRECTION('',(1.E0,0.E0,0.E0));
#982=AXIS2_PLACEMENT_3D('',#979,#980,#981);
#984=CARTESIAN_POINT('',(-4.986808738059E1,-3.1E1,2.2E1));
#985=DIRECTION('',(0.E0,0.E0,-1.E0));
#986=DIRECTION('',(1.E0,0.E0,0.E0));
#987=AXIS2_PLACEMENT_3D('',#984,#985,#986);
#989=DIRECTION('',(0.E0,-1.E0,0.E0));
#990=VECTOR('',#989,1.254466934659E-1);
#991=CARTESIAN_POINT('',(-4.286808738059E1,-3.087455330653E1,2.2E1));
#992=LINE('',#991,#990);
#993=CARTESIAN_POINT('',(-4.586808738059E1,-3.087455330653E1,2.2E1));
#994=DIRECTION('',(0.E0,0.E0,-1.E0));
#995=DIRECTION('',(7.071067811865E-1,7.071067811865E-1,0.E0));
#996=AXIS2_PLACEMENT_3D('',#993,#994,#995);
#998=DIRECTION('',(7.071067811865E-1,-7.071067811865E-1,0.E0));
#999=VECTOR('',#998,1.065232271865E0);
#1000=CARTESIAN_POINT('',(-4.45E1,-2.8E1,2.2E1));
#1001=LINE('',#1000,#999);
#1002=DIRECTION('',(0.E0,-1.E0,0.E0));
#1003=VECTOR('',#1002,2.E0);
#1004=CARTESIAN_POINT('',(-4.45E1,-2.6E1,2.2E1));
#1005=LINE('',#1004,#1003);
#1006=DIRECTION('',(-1.E0,0.E0,0.E0));
#1007=VECTOR('',#1006,2.146446609407E0);
#1008=CARTESIAN_POINT('',(-4.235355339059E1,-2.6E1,2.2E1));
#1009=LINE('',#1008,#1007);
#1010=CARTESIAN_POINT('',(-4.235355339059E1,-2.564644660941E1,2.2E1));
#1011=DIRECTION('',(0.E0,0.E0,-1.E0));
#1012=DIRECTION('',(7.071067811865E-1,7.071067811865E-1,0.E0));
#1013=AXIS2_PLACEMENT_3D('',#1010,#1011,#1012);
#1015=DIRECTION('',(7.071067811865E-1,-7.071067811866E-1,0.E0));
#1016=VECTOR('',#1015,2.386249746853E0);
#1017=CARTESIAN_POINT('',(-4.379088676820E1,-2.370911323180E1,2.2E1));
#1018=LINE('',#1017,#1016);
#1019=CARTESIAN_POINT('',(-4.343733337760E1,-2.335555984121E1,2.2E1));
#1020=DIRECTION('',(0.E0,0.E0,1.E0));
#1021=DIRECTION('',(-8.660254037844E-1,5.E-1,0.E0));
#1022=AXIS2_PLACEMENT_3D('',#1019,#1020,#1021);
#1024=DIRECTION('',(-5.E-1,-8.660254037844E-1,0.E0));
#1025=VECTOR('',#1024,4.740692158993E0);
#1026=CARTESIAN_POINT('',(-4.15E1,-1.9E1,2.2E1));
#1027=LINE('',#1026,#1025);
#1028=DIRECTION('',(-1.E0,0.E0,0.E0));
#1029=VECTOR('',#1028,1.E0);
#1030=CARTESIAN_POINT('',(-4.05E1,-1.9E1,2.2E1));
#1031=LINE('',#1030,#1029);
#1032=DIRECTION('',(0.E0,1.E0,0.E0));
#1033=VECTOR('',#1032,1.9E1);
#1034=CARTESIAN_POINT('',(-4.05E1,-3.8E1,2.2E1));
#1035=LINE('',#1034,#1033);
#1036=DIRECTION('',(0.E0,0.E0,1.E0));
#1037=VECTOR('',#1036,8.E0);
#1038=CARTESIAN_POINT('',(-4.286808738059E1,-3.1E1,1.4E1));
#1039=LINE('',#1038,#1037);
#1040=DIRECTION('',(0.E0,0.E0,1.E0));
#1041=VECTOR('',#1040,8.E0);
#1042=CARTESIAN_POINT('',(-4.286808738059E1,-3.087455330653E1,1.4E1));
#1043=LINE('',#1042,#1041);
#1044=DIRECTION('',(0.E0,0.E0,1.E0));
#1045=VECTOR('',#1044,8.E0);
#1046=CARTESIAN_POINT('',(-4.374676703703E1,-2.875323296297E1,1.4E1));
#1047=LINE('',#1046,#1045);
#1048=DIRECTION('',(0.E0,0.E0,1.E0));
#1049=VECTOR('',#1048,8.E0);
#1050=CARTESIAN_POINT('',(-4.45E1,-2.8E1,1.4E1));
#1051=LINE('',#1050,#1049);
#1052=DIRECTION('',(0.E0,0.E0,1.E0));
#1053=VECTOR('',#1052,8.E0);
#1054=CARTESIAN_POINT('',(-4.45E1,-2.6E1,1.4E1));
#1055=LINE('',#1054,#1053);
#1056=DIRECTION('',(0.E0,0.E0,1.E0));
#1057=VECTOR('',#1056,8.E0);
#1058=CARTESIAN_POINT('',(-4.235355339059E1,-2.6E1,1.4E1));
#1059=LINE('',#1058,#1057);
#1060=DIRECTION('',(0.E0,0.E0,1.E0));
#1061=VECTOR('',#1060,8.E0);
#1062=CARTESIAN_POINT('',(-4.210355339059E1,-2.539644660941E1,1.4E1));
#1063=LINE('',#1062,#1061);
#1064=DIRECTION('',(0.E0,0.E0,1.E0));
#1065=VECTOR('',#1064,8.E0);
#1066=CARTESIAN_POINT('',(-4.379088676820E1,-2.370911323180E1,1.4E1));
#1067=LINE('',#1066,#1065);
#1068=DIRECTION('',(0.E0,0.E0,1.E0));
#1069=VECTOR('',#1068,8.E0);
#1070=CARTESIAN_POINT('',(-4.387034607950E1,-2.310555984121E1,1.4E1));
#1071=LINE('',#1070,#1069);
#1072=DIRECTION('',(0.E0,0.E0,1.E0));
#1073=VECTOR('',#1072,8.E0);
#1074=CARTESIAN_POINT('',(-4.15E1,-1.9E1,1.4E1));
#1075=LINE('',#1074,#1073);
#1076=DIRECTION('',(0.E0,0.E0,1.E0));
#1077=VECTOR('',#1076,8.E0);
#1078=CARTESIAN_POINT('',(-4.05E1,-1.9E1,1.4E1));
#1079=LINE('',#1078,#1077);
#1080=DIRECTION('',(0.E0,1.E0,0.E0));
#1081=VECTOR('',#1080,1.9E1);
#1082=CARTESIAN_POINT('',(-4.05E1,-3.8E1,6.9E1));
#1083=LINE('',#1082,#1081);
#1084=DIRECTION('',(-1.E0,0.E0,0.E0));
#1085=VECTOR('',#1084,1.E0);
#1086=CARTESIAN_POINT('',(-4.05E1,-1.9E1,6.9E1));
#1087=LINE('',#1086,#1085);
#1088=DIRECTION('',(-5.E-1,-8.660254037844E-1,0.E0));
#1089=VECTOR('',#1088,4.740692158993E0);
#1090=CARTESIAN_POINT('',(-4.15E1,-1.9E1,6.9E1));
#1091=LINE('',#1090,#1089);
#1092=CARTESIAN_POINT('',(-4.343733337760E1,-2.335555984121E1,6.9E1));
#1093=DIRECTION('',(0.E0,0.E0,1.E0));
#1094=DIRECTION('',(-8.660254037844E-1,5.E-1,0.E0));
#1095=AXIS2_PLACEMENT_3D('',#1092,#1093,#1094);
#1097=DIRECTION('',(7.071067811865E-1,-7.071067811866E-1,0.E0));
#1098=VECTOR('',#1097,2.386249746853E0);
#1099=CARTESIAN_POINT('',(-4.379088676820E1,-2.370911323180E1,6.9E1));
#1100=LINE('',#1099,#1098);
#1101=CARTESIAN_POINT('',(-4.235355339059E1,-2.564644660941E1,6.9E1));
#1102=DIRECTION('',(0.E0,0.E0,-1.E0));
#1103=DIRECTION('',(7.071067811865E-1,7.071067811865E-1,0.E0));
#1104=AXIS2_PLACEMENT_3D('',#1101,#1102,#1103);
#1106=DIRECTION('',(-1.E0,0.E0,0.E0));
#1107=VECTOR('',#1106,2.146446609407E0);
#1108=CARTESIAN_POINT('',(-4.235355339059E1,-2.6E1,6.9E1));
#1109=LINE('',#1108,#1107);
#1110=DIRECTION('',(0.E0,-1.E0,0.E0));
#1111=VECTOR('',#1110,2.E0);
#1112=CARTESIAN_POINT('',(-4.45E1,-2.6E1,6.9E1));
#1113=LINE('',#1112,#1111);
#1114=DIRECTION('',(7.071067811865E-1,-7.071067811865E-1,0.E0));
#1115=VECTOR('',#1114,1.065232271865E0);
#1116=CARTESIAN_POINT('',(-4.45E1,-2.8E1,6.9E1));
#1117=LINE('',#1116,#1115);
#1118=CARTESIAN_POINT('',(-4.586808738059E1,-3.087455330653E1,6.9E1));
#1119=DIRECTION('',(0.E0,0.E0,-1.E0));
#1120=DIRECTION('',(7.071067811865E-1,7.071067811865E-1,0.E0));
#1121=AXIS2_PLACEMENT_3D('',#1118,#1119,#1120);
#1123=DIRECTION('',(0.E0,-1.E0,0.E0));
#1124=VECTOR('',#1123,1.254466934659E-1);
#1125=CARTESIAN_POINT('',(-4.286808738059E1,-3.087455330653E1,6.9E1));
#1126=LINE('',#1125,#1124);
#1127=CARTESIAN_POINT('',(-4.986808738059E1,-3.1E1,6.9E1));
#1128=DIRECTION('',(0.E0,0.E0,-1.E0));
#1129=DIRECTION('',(1.E0,0.E0,0.E0));
#1130=AXIS2_PLACEMENT_3D('',#1127,#1128,#1129);
#1132=CARTESIAN_POINT('',(-4.986808738059E1,-3.1E1,7.7E1));
#1133=DIRECTION('',(0.E0,0.E0,-1.E0));
#1134=DIRECTION('',(1.E0,0.E0,0.E0));
#1135=AXIS2_PLACEMENT_3D('',#1132,#1133,#1134);
#1137=DIRECTION('',(0.E0,-1.E0,0.E0));
#1138=VECTOR('',#1137,1.254466934659E-1);
#1139=CARTESIAN_POINT('',(-4.286808738059E1,-3.087455330653E1,7.7E1));
#1140=LINE('',#1139,#1138);
#1141=CARTESIAN_POINT('',(-4.586808738059E1,-3.087455330653E1,7.7E1));
#1142=DIRECTION('',(0.E0,0.E0,-1.E0));
#1143=DIRECTION('',(7.071067811865E-1,7.071067811865E-1,0.E0));
#1144=AXIS2_PLACEMENT_3D('',#1141,#1142,#1143);
#1146=DIRECTION('',(7.071067811865E-1,-7.071067811865E-1,0.E0));
#1147=VECTOR('',#1146,1.065232271865E0);
#1148=CARTESIAN_POINT('',(-4.45E1,-2.8E1,7.7E1));
#1149=LINE('',#1148,#1147);
#1150=DIRECTION('',(0.E0,-1.E0,0.E0));
#1151=VECTOR('',#1150,2.E0);
#1152=CARTESIAN_POINT('',(-4.45E1,-2.6E1,7.7E1));
#1153=LINE('',#1152,#1151);
#1154=DIRECTION('',(-1.E0,0.E0,0.E0));
#1155=VECTOR('',#1154,2.146446609407E0);
#1156=CARTESIAN_POINT('',(-4.235355339059E1,-2.6E1,7.7E1));
#1157=LINE('',#1156,#1155);
#1158=CARTESIAN_POINT('',(-4.235355339059E1,-2.564644660941E1,7.7E1));
#1159=DIRECTION('',(0.E0,0.E0,-1.E0));
#1160=DIRECTION('',(7.071067811865E-1,7.071067811865E-1,0.E0));
#1161=AXIS2_PLACEMENT_3D('',#1158,#1159,#1160);
#1163=DIRECTION('',(7.071067811865E-1,-7.071067811866E-1,0.E0));
#1164=VECTOR('',#1163,2.386249746853E0);
#1165=CARTESIAN_POINT('',(-4.379088676820E1,-2.370911323180E1,7.7E1));
#1166=LINE('',#1165,#1164);
#1167=CARTESIAN_POINT('',(-4.343733337760E1,-2.335555984121E1,7.7E1));
#1168=DIRECTION('',(0.E0,0.E0,1.E0));
#1169=DIRECTION('',(-8.660254037844E-1,5.E-1,0.E0));
#1170=AXIS2_PLACEMENT_3D('',#1167,#1168,#1169);
#1172=DIRECTION('',(-5.E-1,-8.660254037844E-1,0.E0));
#1173=VECTOR('',#1172,4.740692158993E0);
#1174=CARTESIAN_POINT('',(-4.15E1,-1.9E1,7.7E1));
#1175=LINE('',#1174,#1173);
#1176=DIRECTION('',(-1.E0,0.E0,0.E0));
#1177=VECTOR('',#1176,1.E0);
#1178=CARTESIAN_POINT('',(-4.05E1,-1.9E1,7.7E1));
#1179=LINE('',#1178,#1177);
#1180=DIRECTION('',(0.E0,1.E0,0.E0));
#1181=VECTOR('',#1180,1.9E1);
#1182=CARTESIAN_POINT('',(-4.05E1,-3.8E1,7.7E1));
#1183=LINE('',#1182,#1181);
#1184=DIRECTION('',(0.E0,0.E0,1.E0));
#1185=VECTOR('',#1184,8.E0);
#1186=CARTESIAN_POINT('',(-4.286808738059E1,-3.1E1,6.9E1));
#1187=LINE('',#1186,#1185);
#1188=DIRECTION('',(0.E0,0.E0,1.E0));
#1189=VECTOR('',#1188,8.E0);
#1190=CARTESIAN_POINT('',(-4.286808738059E1,-3.087455330653E1,6.9E1));
#1191=LINE('',#1190,#1189);
#1192=DIRECTION('',(0.E0,0.E0,1.E0));
#1193=VECTOR('',#1192,8.E0);
#1194=CARTESIAN_POINT('',(-4.374676703703E1,-2.875323296297E1,6.9E1));
#1195=LINE('',#1194,#1193);
#1196=DIRECTION('',(0.E0,0.E0,1.E0));
#1197=VECTOR('',#1196,8.E0);
#1198=CARTESIAN_POINT('',(-4.45E1,-2.8E1,6.9E1));
#1199=LINE('',#1198,#1197);
#1200=DIRECTION('',(0.E0,0.E0,1.E0));
#1201=VECTOR('',#1200,8.E0);
#1202=CARTESIAN_POINT('',(-4.45E1,-2.6E1,6.9E1));
#1203=LINE('',#1202,#1201);
#1204=DIRECTION('',(0.E0,0.E0,1.E0));
#1205=VECTOR('',#1204,8.E0);
#1206=CARTESIAN_POINT('',(-4.235355339059E1,-2.6E1,6.9E1));
#1207=LINE('',#1206,#1205);
#1208=DIRECTION('',(0.E0,0.E0,1.E0));
#1209=VECTOR('',#1208,8.E0);
#1210=CARTESIAN_POINT('',(-4.210355339059E1,-2.539644660941E1,6.9E1));
#1211=LINE('',#1210,#1209);
#1212=DIRECTION('',(0.E0,0.E0,1.E0));
#1213=VECTOR('',#1212,8.E0);
#1214=CARTESIAN_POINT('',(-4.379088676820E1,-2.370911323180E1,6.9E1));
#1215=LINE('',#1214,#1213);
#1216=DIRECTION('',(0.E0,0.E0,1.E0));
#1217=VECTOR('',#1216,8.E0);
#1218=CARTESIAN_POINT('',(-4.387034607950E1,-2.310555984121E1,6.9E1));
#1219=LINE('',#1218,#1217);
#1220=DIRECTION('',(0.E0,0.E0,1.E0));
#1221=VECTOR('',#1220,8.E0);
#1222=CARTESIAN_POINT('',(-4.15E1,-1.9E1,6.9E1));
#1223=LINE('',#1222,#1221);
#1224=DIRECTION('',(0.E0,0.E0,1.E0));
#1225=VECTOR('',#1224,8.E0);
#1226=CARTESIAN_POINT('',(-4.05E1,-1.9E1,6.9E1));
#1227=LINE('',#1226,#1225);
#1228=CARTESIAN_POINT('',(-3.138464839420E1,-3.3E1,2.8E1));
#1229=DIRECTION('',(0.E0,0.E0,-1.E0));
#1230=DIRECTION('',(0.E0,-1.E0,0.E0));
#1231=AXIS2_PLACEMENT_3D('',#1228,#1229,#1230);
#1233=DIRECTION('',(0.E0,1.E0,0.E0));
#1234=VECTOR('',#1233,6.872710918680E0);
#1235=CARTESIAN_POINT('',(-3.638464839420E1,-3.3E1,2.8E1));
#1236=LINE('',#1235,#1234);
#1237=CARTESIAN_POINT('',(-3.338464839420E1,-2.612728908132E1,2.8E1));
#1238=DIRECTION('',(0.E0,0.E0,-1.E0));
#1239=DIRECTION('',(-1.E0,0.E0,0.E0));
#1240=AXIS2_PLACEMENT_3D('',#1237,#1238,#1239);
#1242=DIRECTION('',(7.071067811865E-1,7.071067811865E-1,0.E0));
#1243=VECTOR('',#1242,1.422654632264E0);
#1244=CARTESIAN_POINT('',(-3.550596873776E1,-2.400596873776E1,2.8E1));
#1245=LINE('',#1244,#1243);
#1246=DIRECTION('',(0.E0,1.E0,0.E0));
#1247=VECTOR('',#1246,2.E0);
#1248=CARTESIAN_POINT('',(-3.45E1,-2.3E1,2.8E1));
#1249=LINE('',#1248,#1247);
#1250=DIRECTION('',(-1.E0,0.E0,0.E0));
#1251=VECTOR('',#1250,2.292893218813E0);
#1252=CARTESIAN_POINT('',(-3.45E1,-2.1E1,2.8E1));
#1253=LINE('',#1252,#1251);
#1254=CARTESIAN_POINT('',(-3.679289321881E1,-2.05E1,2.8E1));
#1255=DIRECTION('',(0.E0,0.E0,-1.E0));
#1256=DIRECTION('',(0.E0,-1.E0,0.E0));
#1257=AXIS2_PLACEMENT_3D('',#1254,#1255,#1256);
#1259=DIRECTION('',(7.071067811865E-1,7.071067811865E-1,0.E0));
#1260=VECTOR('',#1259,2.653755866899E0);
#1261=CARTESIAN_POINT('',(-3.714644660941E1,-2.014644660941E1,2.8E1));
#1262=LINE('',#1261,#1260);
#1263=CARTESIAN_POINT('',(-3.562351123090E1,-1.791640444972E1,2.8E1));
#1264=DIRECTION('',(0.E0,0.E0,1.E0));
#1265=DIRECTION('',(7.071067811866E-1,-7.071067811865E-1,0.E0));
#1266=AXIS2_PLACEMENT_3D('',#1263,#1264,#1265);
#1268=DIRECTION('',(-5.E-1,8.660254037844E-1,0.E0));
#1269=VECTOR('',#1268,5.388299730382E0);
#1270=CARTESIAN_POINT('',(-3.519049852901E1,-1.766640444972E1,2.8E1));
#1271=LINE('',#1270,#1269);
#1272=DIRECTION('',(-1.E0,0.E0,0.E0));
#1273=VECTOR('',#1272,1.E0);
#1274=CARTESIAN_POINT('',(-3.788464839420E1,-1.3E1,2.8E1));
#1275=LINE('',#1274,#1273);
#1276=DIRECTION('',(0.E0,-1.E0,0.E0));
#1277=VECTOR('',#1276,2.5E1);
#1278=CARTESIAN_POINT('',(-3.888464839420E1,-1.3E1,2.8E1));
#1279=LINE('',#1278,#1277);
#1280=DIRECTION('',(0.E0,-1.E0,0.E0));
#1281=VECTOR('',#1280,2.5E1);
#1282=CARTESIAN_POINT('',(-3.888464839420E1,-1.3E1,3.6E1));
#1283=LINE('',#1282,#1281);
#1284=DIRECTION('',(-1.E0,0.E0,0.E0));
#1285=VECTOR('',#1284,1.E0);
#1286=CARTESIAN_POINT('',(-3.788464839420E1,-1.3E1,3.6E1));
#1287=LINE('',#1286,#1285);
#1288=DIRECTION('',(-5.E-1,8.660254037844E-1,0.E0));
#1289=VECTOR('',#1288,5.388299730382E0);
#1290=CARTESIAN_POINT('',(-3.519049852901E1,-1.766640444972E1,3.6E1));
#1291=LINE('',#1290,#1289);
#1292=CARTESIAN_POINT('',(-3.562351123090E1,-1.791640444972E1,3.6E1));
#1293=DIRECTION('',(0.E0,0.E0,1.E0));
#1294=DIRECTION('',(7.071067811866E-1,-7.071067811865E-1,0.E0));
#1295=AXIS2_PLACEMENT_3D('',#1292,#1293,#1294);
#1297=DIRECTION('',(7.071067811865E-1,7.071067811865E-1,0.E0));
#1298=VECTOR('',#1297,2.653755866899E0);
#1299=CARTESIAN_POINT('',(-3.714644660941E1,-2.014644660941E1,3.6E1));
#1300=LINE('',#1299,#1298);
#1301=CARTESIAN_POINT('',(-3.679289321881E1,-2.05E1,3.6E1));
#1302=DIRECTION('',(0.E0,0.E0,-1.E0));
#1303=DIRECTION('',(0.E0,-1.E0,0.E0));
#1304=AXIS2_PLACEMENT_3D('',#1301,#1302,#1303);
#1306=DIRECTION('',(-1.E0,0.E0,0.E0));
#1307=VECTOR('',#1306,2.292893218813E0);
#1308=CARTESIAN_POINT('',(-3.45E1,-2.1E1,3.6E1));
#1309=LINE('',#1308,#1307);
#1310=DIRECTION('',(0.E0,1.E0,0.E0));
#1311=VECTOR('',#1310,2.E0);
#1312=CARTESIAN_POINT('',(-3.45E1,-2.3E1,3.6E1));
#1313=LINE('',#1312,#1311);
#1314=DIRECTION('',(7.071067811865E-1,7.071067811865E-1,0.E0));
#1315=VECTOR('',#1314,1.422654632264E0);
#1316=CARTESIAN_POINT('',(-3.550596873776E1,-2.400596873776E1,3.6E1));
#1317=LINE('',#1316,#1315);
#1318=CARTESIAN_POINT('',(-3.338464839420E1,-2.612728908132E1,3.6E1));
#1319=DIRECTION('',(0.E0,0.E0,-1.E0));
#1320=DIRECTION('',(-1.E0,0.E0,0.E0));
#1321=AXIS2_PLACEMENT_3D('',#1318,#1319,#1320);
#1323=DIRECTION('',(0.E0,1.E0,0.E0));
#1324=VECTOR('',#1323,6.872710918680E0);
#1325=CARTESIAN_POINT('',(-3.638464839420E1,-3.3E1,3.6E1));
#1326=LINE('',#1325,#1324);
#1327=CARTESIAN_POINT('',(-3.138464839420E1,-3.3E1,3.6E1));
#1328=DIRECTION('',(0.E0,0.E0,-1.E0));
#1329=DIRECTION('',(0.E0,-1.E0,0.E0));
#1330=AXIS2_PLACEMENT_3D('',#1327,#1328,#1329);
#1332=DIRECTION('',(0.E0,0.E0,1.E0));
#1333=VECTOR('',#1332,8.E0);
#1334=CARTESIAN_POINT('',(-3.888464839420E1,-1.3E1,2.8E1));
#1335=LINE('',#1334,#1333);
#1336=DIRECTION('',(0.E0,0.E0,1.E0));
#1337=VECTOR('',#1336,8.E0);
#1338=CARTESIAN_POINT('',(-3.788464839420E1,-1.3E1,2.8E1));
#1339=LINE('',#1338,#1337);
#1340=DIRECTION('',(0.E0,0.E0,1.E0));
#1341=VECTOR('',#1340,8.E0);
#1342=CARTESIAN_POINT('',(-3.519049852901E1,-1.766640444972E1,2.8E1));
#1343=LINE('',#1342,#1341);
#1344=DIRECTION('',(0.E0,0.E0,1.E0));
#1345=VECTOR('',#1344,8.E0);
#1346=CARTESIAN_POINT('',(-3.526995784031E1,-1.826995784031E1,2.8E1));
#1347=LINE('',#1346,#1345);
#1348=DIRECTION('',(0.E0,0.E0,1.E0));
#1349=VECTOR('',#1348,8.E0);
#1350=CARTESIAN_POINT('',(-3.714644660941E1,-2.014644660941E1,2.8E1));
#1351=LINE('',#1350,#1349);
#1352=DIRECTION('',(0.E0,0.E0,1.E0));
#1353=VECTOR('',#1352,8.E0);
#1354=CARTESIAN_POINT('',(-3.679289321881E1,-2.1E1,2.8E1));
#1355=LINE('',#1354,#1353);
#1356=DIRECTION('',(0.E0,0.E0,1.E0));
#1357=VECTOR('',#1356,8.E0);
#1358=CARTESIAN_POINT('',(-3.45E1,-2.1E1,2.8E1));
#1359=LINE('',#1358,#1357);
#1360=DIRECTION('',(0.E0,0.E0,1.E0));
#1361=VECTOR('',#1360,8.E0);
#1362=CARTESIAN_POINT('',(-3.45E1,-2.3E1,2.8E1));
#1363=LINE('',#1362,#1361);
#1364=DIRECTION('',(0.E0,0.E0,1.E0));
#1365=VECTOR('',#1364,8.E0);
#1366=CARTESIAN_POINT('',(-3.550596873776E1,-2.400596873776E1,2.8E1));
#1367=LINE('',#1366,#1365);
#1368=DIRECTION('',(0.E0,0.E0,1.E0));
#1369=VECTOR('',#1368,8.E0);
#1370=CARTESIAN_POINT('',(-3.638464839420E1,-2.612728908132E1,2.8E1));
#1371=LINE('',#1370,#1369);
#1372=DIRECTION('',(0.E0,0.E0,1.E0));
#1373=VECTOR('',#1372,8.E0);
#1374=CARTESIAN_POINT('',(-3.638464839420E1,-3.3E1,2.8E1));
#1375=LINE('',#1374,#1373);
#1376=DIRECTION('',(0.E0,1.E0,0.E0));
#1377=VECTOR('',#1376,1.5E1);
#1378=CARTESIAN_POINT('',(-3.472E1,-3.8E1,6.8E1));
#1379=LINE('',#1378,#1377);
#1380=CARTESIAN_POINT('',(-3.472E1,-2.152098012584E1,6.55E1));
#1381=DIRECTION('',(0.E0,1.E0,0.E0));
#1382=DIRECTION('',(4.000009704419E-1,0.E0,9.165147154550E-1));
#1383=AXIS2_PLACEMENT_3D('',#1380,#1381,#1382);
#1385=CARTESIAN_POINT('',(-3.421999998702E1,-2.152098025125E1,
6.435435600545E1));
#1386=CARTESIAN_POINT('',(-3.421999998702E1,-2.163230865624E1,
6.435435600973E1));
#1387=CARTESIAN_POINT('',(-3.422000000612E1,-2.185199359308E1,
6.432852627725E1));
#1388=CARTESIAN_POINT('',(-3.421999999806E1,-2.218824401777E1,
6.420168436003E1));
#1389=CARTESIAN_POINT('',(-3.422000000165E1,-2.248435437719E1,
6.399763931561E1));
#1390=CARTESIAN_POINT('',(-3.421999999535E1,-2.272988342726E1,
6.373122996710E1));
#1391=CARTESIAN_POINT('',(-3.422000001694E1,-2.291475462219E1,
6.340053221867E1));
#1392=CARTESIAN_POINT('',(-3.421999996358E1,-2.298011644319E1,
6.317059390186E1));
#1393=CARTESIAN_POINT('',(-3.421999996358E1,-2.299999776169E1,
6.305051008480E1));
#1395=CARTESIAN_POINT('',(-3.472E1,-2.299999629733E1,6.55E1));
#1396=DIRECTION('',(0.E0,-1.E0,0.E0));
#1397=DIRECTION('',(2.000000010329E-1,0.E0,-9.797958969024E-1));
#1398=AXIS2_PLACEMENT_3D('',#1395,#1396,#1397);
#1400=CARTESIAN_POINT('',(-3.422000005688E1,-2.300000104465E1,
6.794948947687E1));
#1401=CARTESIAN_POINT('',(-3.422000005688E1,-2.298011607918E1,
6.782938720608E1));
#1402=CARTESIAN_POINT('',(-3.421999997256E1,-2.291474982597E1,
6.759943648143E1));
#1403=CARTESIAN_POINT('',(-3.422000001070E1,-2.272999953512E1,
6.726893147746E1));
#1404=CARTESIAN_POINT('',(-3.421999998462E1,-2.248451153935E1,
6.700248990123E1));
#1405=CARTESIAN_POINT('',(-3.422000005081E1,-2.218832331595E1,
6.679834597599E1));
#1406=CARTESIAN_POINT('',(-3.421999981214E1,-2.185188708701E1,
6.667143351865E1));
#1407=CARTESIAN_POINT('',(-3.422000040447E1,-2.163225828731E1,
6.664564182484E1));
#1408=CARTESIAN_POINT('',(-3.422000040447E1,-2.152097876564E1,
6.664564171792E1));
#1410=DIRECTION('',(2.001336259826E-7,9.999999999994E-1,1.091463085481E-6));
#1411=VECTOR('',#1410,2.020978765639E0);
#1412=CARTESIAN_POINT('',(-3.422000040447E1,-2.152097876564E1,
6.664564171792E1));
#1413=LINE('',#1412,#1411);
#1414=DIRECTION('',(-6.421287726327E-9,1.E0,3.503677222852E-8));
#1415=VECTOR('',#1414,2.020980251251E0);
#1416=CARTESIAN_POINT('',(-3.421999998702E1,-2.152098025125E1,
6.435435600545E1));
#1417=LINE('',#1416,#1415);
#1418=DIRECTION('',(1.904585543928E-8,6.701308150402E-7,-9.999999999998E-1));
#1419=VECTOR('',#1418,4.898979392073E0);
#1420=CARTESIAN_POINT('',(-3.422000005688E1,-2.300000104465E1,
6.794948947687E1));
#1421=LINE('',#1420,#1419);
#1422=CARTESIAN_POINT('',(-3.472E1,-2.3E1,6.55E1));
#1423=DIRECTION('',(0.E0,1.E0,0.E0));
#1424=DIRECTION('',(0.E0,0.E0,-1.E0));
#1425=AXIS2_PLACEMENT_3D('',#1422,#1423,#1424);
#1427=CARTESIAN_POINT('',(-3.472E1,-2.3E1,6.55E1));
#1428=DIRECTION('',(0.E0,1.E0,0.E0));
#1429=DIRECTION('',(2.E-1,0.E0,-9.797958971133E-1));
#1430=AXIS2_PLACEMENT_3D('',#1427,#1428,#1429);
#1432=CARTESIAN_POINT('',(-3.472E1,-2.3E1,6.55E1));
#1433=DIRECTION('',(0.E0,1.E0,0.E0));
#1434=DIRECTION('',(0.E0,0.E0,1.E0));
#1435=AXIS2_PLACEMENT_3D('',#1432,#1433,#1434);
#1437=CARTESIAN_POINT('',(-3.472E1,-2.3E1,6.55E1));
#1438=DIRECTION('',(0.E0,1.E0,0.E0));
#1439=DIRECTION('',(-2.E-1,0.E0,9.797958971133E-1));
#1440=AXIS2_PLACEMENT_3D('',#1437,#1438,#1439);
#1442=CARTESIAN_POINT('',(-4.72E0,-2.3E1,6.55E1));
#1443=DIRECTION('',(0.E0,1.E0,0.E0));
#1444=DIRECTION('',(2.238209617644E-14,0.E0,-1.E0));
#1445=AXIS2_PLACEMENT_3D('',#1442,#1443,#1444);
#1447=DIRECTION('',(-1.E0,0.E0,2.842170943041E-14));
#1448=VECTOR('',#1447,5.E-1);
#1449=CARTESIAN_POINT('',(-4.22E0,-2.3E1,6.3E1));
#1450=LINE('',#1449,#1448);
#1451=DIRECTION('',(1.E0,0.E0,0.E0));
#1452=VECTOR('',#1451,5.E-1);
#1453=CARTESIAN_POINT('',(-4.72E0,-2.3E1,6.8E1));
#1454=LINE('',#1453,#1452);
#1455=CARTESIAN_POINT('',(-4.72E0,-2.3E1,6.55E1));
#1456=DIRECTION('',(0.E0,1.E0,0.E0));
#1457=DIRECTION('',(-2.E-1,0.E0,9.797958971133E-1));
#1458=AXIS2_PLACEMENT_3D('',#1455,#1456,#1457);
#1460=CARTESIAN_POINT('',(-4.72E0,-2.3E1,6.55E1));
#1461=DIRECTION('',(0.E0,1.E0,0.E0));
#1462=DIRECTION('',(9.890909090909E-1,0.E0,-1.473063934584E-1));
#1463=AXIS2_PLACEMENT_3D('',#1460,#1461,#1462);
#1465=DIRECTION('',(-1.E0,0.E0,0.E0));
#1466=VECTOR('',#1465,1.574356076261E0);
#1467=CARTESIAN_POINT('',(-2.E0,-2.3E1,6.3E1));
#1468=LINE('',#1467,#1466);
#1469=CARTESIAN_POINT('',(-4.72E0,-2.3E1,6.55E1));
#1470=DIRECTION('',(0.E0,1.E0,0.E0));
#1471=DIRECTION('',(4.165977904505E-1,0.E0,9.090909090909E-1));
#1472=AXIS2_PLACEMENT_3D('',#1469,#1470,#1471);
#1474=DIRECTION('',(1.E0,0.E0,0.E0));
#1475=VECTOR('',#1474,1.574356076261E0);
#1476=CARTESIAN_POINT('',(-3.574356076261E0,-2.3E1,6.8E1));
#1477=LINE('',#1476,#1475);
#1478=DIRECTION('',(-1.904901583758E-8,6.701308237421E-7,9.999999999998E-1));
#1479=VECTOR('',#1478,4.898979392076E0);
#1480=CARTESIAN_POINT('',(-3.521999994310E1,-2.300000104465E1,
6.305051052312E1));
#1481=LINE('',#1480,#1479);
#1482=CARTESIAN_POINT('',(-3.472E1,-2.152098012584E1,6.55E1));
#1483=DIRECTION('',(0.E0,1.E0,0.E0));
#1484=DIRECTION('',(-4.000009704420E-1,0.E0,-9.165147154549E-1));
#1485=AXIS2_PLACEMENT_3D('',#1482,#1483,#1484);
#1487=CARTESIAN_POINT('',(-3.522000001298E1,-2.152098025125E1,
6.664564399455E1));
#1488=CARTESIAN_POINT('',(-3.522000001298E1,-2.163230865624E1,
6.664564399027E1));
#1489=CARTESIAN_POINT('',(-3.521999999388E1,-2.185199359308E1,
6.667147372275E1));
#1490=CARTESIAN_POINT('',(-3.522000000194E1,-2.218824401777E1,
6.679831563997E1));
#1491=CARTESIAN_POINT('',(-3.521999999835E1,-2.248435437719E1,
6.700236068439E1));
#1492=CARTESIAN_POINT('',(-3.522000000465E1,-2.272988342726E1,
6.726877003290E1));
#1493=CARTESIAN_POINT('',(-3.521999998306E1,-2.291475462219E1,
6.759946778133E1));
#1494=CARTESIAN_POINT('',(-3.522000003642E1,-2.298011644319E1,
6.782940609814E1));
#1495=CARTESIAN_POINT('',(-3.522000003642E1,-2.299999776169E1,
6.794948991520E1));
#1497=CARTESIAN_POINT('',(-3.472E1,-2.299999629733E1,6.55E1));
#1498=DIRECTION('',(0.E0,-1.E0,0.E0));
#1499=DIRECTION('',(-2.000000010329E-1,0.E0,9.797958969024E-1));
#1500=AXIS2_PLACEMENT_3D('',#1497,#1498,#1499);
#1502=CARTESIAN_POINT('',(-3.521999994310E1,-2.300000104465E1,
6.305051052312E1));
#1503=CARTESIAN_POINT('',(-3.521999994310E1,-2.298011607918E1,
6.317061279390E1));
#1504=CARTESIAN_POINT('',(-3.522000002744E1,-2.291474982598E1,
6.340056351854E1));
#1505=CARTESIAN_POINT('',(-3.521999998929E1,-2.272999953509E1,
6.373106852259E1));
#1506=CARTESIAN_POINT('',(-3.522000001538E1,-2.248451153933E1,
6.399751009878E1));
#1507=CARTESIAN_POINT('',(-3.521999994919E1,-2.218832331596E1,
6.420165402401E1));
#1508=CARTESIAN_POINT('',(-3.522000018786E1,-2.185188708689E1,
6.432856648139E1));
#1509=CARTESIAN_POINT('',(-3.521999959553E1,-2.163225828726E1,
6.435435817516E1));
#1510=CARTESIAN_POINT('',(-3.521999959553E1,-2.152097876564E1,
6.435435828208E1));
#1512=DIRECTION('',(-2.001336013718E-7,9.999999999994E-1,-1.091463120640E-6));
#1513=VECTOR('',#1512,2.020978765639E0);
#1514=CARTESIAN_POINT('',(-3.521999959553E1,-2.152097876564E1,
6.435435828208E1));
#1515=LINE('',#1514,#1513);
#1516=DIRECTION('',(6.421284210494E-9,1.E0,-3.503677926018E-8));
#1517=VECTOR('',#1516,2.020980251251E0);
#1518=CARTESIAN_POINT('',(-3.522000001298E1,-2.152098025125E1,
6.664564399455E1));
#1519=LINE('',#1518,#1517);
#1520=CARTESIAN_POINT('',(-3.522E1,-1.95E1,6.664564392374E1));
#1521=CARTESIAN_POINT('',(-3.522E1,-1.947170649566E1,6.668535856058E1));
#1522=CARTESIAN_POINT('',(-3.522E1,-1.941378561703E1,6.676600184161E1));
#1523=CARTESIAN_POINT('',(-3.522E1,-1.932299411113E1,6.689077324548E1));
#1524=CARTESIAN_POINT('',(-3.522E1,-1.926002717205E1,6.697641262152E1));
#1525=CARTESIAN_POINT('',(-3.522E1,-1.922794009200E1,6.701986841536E1));
#1527=CARTESIAN_POINT('',(-3.472E1,-1.95E1,6.55E1));
#1528=DIRECTION('',(0.E0,-1.E0,0.E0));
#1529=DIRECTION('',(-4.E-1,0.E0,9.165151389912E-1));
#1530=AXIS2_PLACEMENT_3D('',#1527,#1528,#1529);
#1532=CARTESIAN_POINT('',(-3.522E1,-1.922794009200E1,6.398013158464E1));
#1533=CARTESIAN_POINT('',(-3.522E1,-1.925995268321E1,6.402348649764E1));
#1534=CARTESIAN_POINT('',(-3.522E1,-1.932282115884E1,6.410899078076E1));
#1535=CARTESIAN_POINT('',(-3.522E1,-1.941361612082E1,6.423376344490E1));
#1536=CARTESIAN_POINT('',(-3.522E1,-1.947163451151E1,6.431454039771E1));
#1537=CARTESIAN_POINT('',(-3.522E1,-1.95E1,6.435435607626E1));
#1539=CARTESIAN_POINT('',(-3.472E1,-1.95E1,6.55E1));
#1540=DIRECTION('',(0.E0,-1.E0,0.E0));
#1541=DIRECTION('',(4.E-1,0.E0,-9.165151389912E-1));
#1542=AXIS2_PLACEMENT_3D('',#1539,#1540,#1541);
#1544=CARTESIAN_POINT('',(-3.422E1,-1.922794009200E1,6.701986841536E1));
#1545=CARTESIAN_POINT('',(-3.422E1,-1.925995268321E1,6.697651350236E1));
#1546=CARTESIAN_POINT('',(-3.422E1,-1.932282115884E1,6.689100921924E1));
#1547=CARTESIAN_POINT('',(-3.422E1,-1.941361612082E1,6.676623655510E1));
#1548=CARTESIAN_POINT('',(-3.422E1,-1.947163451151E1,6.668545960229E1));
#1549=CARTESIAN_POINT('',(-3.422E1,-1.95E1,6.664564392374E1));
#1551=CARTESIAN_POINT('',(-3.422E1,-1.95E1,6.435435607626E1));
#1552=CARTESIAN_POINT('',(-3.422E1,-1.947170649566E1,6.431464143942E1));
#1553=CARTESIAN_POINT('',(-3.422E1,-1.941378561703E1,6.423399815839E1));
#1554=CARTESIAN_POINT('',(-3.422E1,-1.932299411113E1,6.410922675452E1));
#1555=CARTESIAN_POINT('',(-3.422E1,-1.926002717205E1,6.402358737848E1));
#1556=CARTESIAN_POINT('',(-3.422E1,-1.922794009200E1,6.398013158464E1));
#1558=DIRECTION('',(0.E0,1.E0,0.E0));
#1559=VECTOR('',#1558,1.400554651958E0);
#1560=CARTESIAN_POINT('',(-3.522E1,-1.922794009200E1,6.701986841536E1));
#1561=LINE('',#1560,#1559);
#1562=CARTESIAN_POINT('',(-3.472E1,-1.922794009200E1,6.55E1));
#1563=DIRECTION('',(0.E0,-1.E0,0.E0));
#1564=DIRECTION('',(-3.125E-1,0.E0,9.499177595982E-1));
#1565=AXIS2_PLACEMENT_3D('',#1562,#1563,#1564);
#1567=DIRECTION('',(0.E0,1.E0,0.E0));
#1568=VECTOR('',#1567,1.400554651958E0);
#1569=CARTESIAN_POINT('',(-3.522E1,-1.922794009200E1,6.398013158464E1));
#1570=LINE('',#1569,#1568);
#1571=CARTESIAN_POINT('',(-3.472E1,-1.922794009200E1,6.55E1));
#1572=DIRECTION('',(0.E0,-1.E0,0.E0));
#1573=DIRECTION('',(3.125E-1,0.E0,-9.499177595982E-1));
#1574=AXIS2_PLACEMENT_3D('',#1571,#1572,#1573);
#1576=DIRECTION('',(0.E0,1.E0,0.E0));
#1577=VECTOR('',#1576,1.400554651958E0);
#1578=CARTESIAN_POINT('',(-3.422E1,-1.922794009200E1,6.701986841536E1));
#1579=LINE('',#1578,#1577);
#1580=DIRECTION('',(0.E0,1.E0,0.E0));
#1581=VECTOR('',#1580,1.400554651958E0);
#1582=CARTESIAN_POINT('',(-3.422E1,-1.922794009200E1,6.398013158464E1));
#1583=LINE('',#1582,#1581);
#1584=CARTESIAN_POINT('',(-3.472E1,-1.75E1,6.55E1));
#1585=DIRECTION('',(0.E0,1.E0,0.E0));
#1586=DIRECTION('',(-4.E-1,0.E0,-9.165151389912E-1));
#1587=AXIS2_PLACEMENT_3D('',#1584,#1585,#1586);
#1589=CARTESIAN_POINT('',(-3.522E1,-1.75E1,6.664564392374E1));
#1590=CARTESIAN_POINT('',(-3.522E1,-1.753415534964E1,6.668548469855E1));
#1591=CARTESIAN_POINT('',(-3.522E1,-1.760399427485E1,6.676628662251E1));
#1592=CARTESIAN_POINT('',(-3.522E1,-1.771324619220E1,6.689105072616E1));
#1593=CARTESIAN_POINT('',(-3.522E1,-1.778887636660E1,6.697652873086E1));
#1594=CARTESIAN_POINT('',(-3.522E1,-1.782738544004E1,6.701986841536E1));
#1596=CARTESIAN_POINT('',(-3.472E1,-1.782738544004E1,6.55E1));
#1597=DIRECTION('',(0.E0,-1.E0,0.E0));
#1598=DIRECTION('',(-3.125E-1,0.E0,9.499177595982E-1));
#1599=AXIS2_PLACEMENT_3D('',#1596,#1597,#1598);
#1601=CARTESIAN_POINT('',(-3.522E1,-1.782738544004E1,6.398013158464E1));
#1602=CARTESIAN_POINT('',(-3.522E1,-1.778896588816E1,6.402337051792E1));
#1603=CARTESIAN_POINT('',(-3.522E1,-1.771345419455E1,6.410871344475E1));
#1604=CARTESIAN_POINT('',(-3.522E1,-1.760419895082E1,6.423347785682E1));
#1605=CARTESIAN_POINT('',(-3.522E1,-1.753424237756E1,6.431441378705E1));
#1606=CARTESIAN_POINT('',(-3.522E1,-1.75E1,6.435435607626E1));
#1608=CARTESIAN_POINT('',(-3.472E1,-1.782738544004E1,6.55E1));
#1609=DIRECTION('',(0.E0,-1.E0,0.E0));
#1610=DIRECTION('',(3.125E-1,0.E0,-9.499177595982E-1));
#1611=AXIS2_PLACEMENT_3D('',#1608,#1609,#1610);
#1613=CARTESIAN_POINT('',(-3.422E1,-1.782738544004E1,6.701986841536E1));
#1614=CARTESIAN_POINT('',(-3.422E1,-1.778896588816E1,6.697662948208E1));
#1615=CARTESIAN_POINT('',(-3.422E1,-1.771345419455E1,6.689128655525E1));
#1616=CARTESIAN_POINT('',(-3.422E1,-1.760419895082E1,6.676652214318E1));
#1617=CARTESIAN_POINT('',(-3.422E1,-1.753424237756E1,6.668558621295E1));
#1618=CARTESIAN_POINT('',(-3.422E1,-1.75E1,6.664564392374E1));
#1620=CARTESIAN_POINT('',(-3.472E1,-1.75E1,6.55E1));
#1621=DIRECTION('',(0.E0,1.E0,0.E0));
#1622=DIRECTION('',(4.E-1,0.E0,9.165151389912E-1));
#1623=AXIS2_PLACEMENT_3D('',#1620,#1621,#1622);
#1625=CARTESIAN_POINT('',(-3.422E1,-1.75E1,6.435435607626E1));
#1626=CARTESIAN_POINT('',(-3.422E1,-1.753415534964E1,6.431451530145E1));
#1627=CARTESIAN_POINT('',(-3.422E1,-1.760399427485E1,6.423371337749E1));
#1628=CARTESIAN_POINT('',(-3.422E1,-1.771324619220E1,6.410894927384E1));
#1629=CARTESIAN_POINT('',(-3.422E1,-1.778887636660E1,6.402347126914E1));
#1630=CARTESIAN_POINT('',(-3.422E1,-1.782738544004E1,6.398013158464E1));
#1632=DIRECTION('',(0.E0,0.E0,1.E0));
#1633=VECTOR('',#1632,2.291287847478E0);
#1634=CARTESIAN_POINT('',(-3.522E1,-1.75E1,6.435435607626E1));
#1635=LINE('',#1634,#1633);
#1636=DIRECTION('',(0.E0,0.E0,1.E0));
#1637=VECTOR('',#1636,2.291287847478E0);
#1638=CARTESIAN_POINT('',(-3.422E1,-1.75E1,6.435435607626E1));
#1639=LINE('',#1638,#1637);
#1640=DIRECTION('',(0.E0,0.E0,1.E0));
#1641=VECTOR('',#1640,2.291287847478E0);
#1642=CARTESIAN_POINT('',(-5.22E0,-1.75E1,6.435435607626E1));
#1643=LINE('',#1642,#1641);
#1644=DIRECTION('',(0.E0,0.E0,1.E0));
#1645=VECTOR('',#1644,2.291287847478E0);
#1646=CARTESIAN_POINT('',(-4.22E0,-1.75E1,6.435435607626E1));
#1647=LINE('',#1646,#1645);
#1648=DIRECTION('',(-1.904585562058E-8,6.701308034371E-7,9.999999999998E-1));
#1649=VECTOR('',#1648,4.898979392073E0);
#1650=CARTESIAN_POINT('',(-5.219999943116E0,-2.300000104465E1,
6.305051052313E1));
#1651=LINE('',#1650,#1649);
#1652=CARTESIAN_POINT('',(-4.72E0,-2.152098012584E1,6.55E1));
#1653=DIRECTION('',(0.E0,1.E0,0.E0));
#1654=DIRECTION('',(-4.000009704420E-1,0.E0,-9.165147154549E-1));
#1655=AXIS2_PLACEMENT_3D('',#1652,#1653,#1654);
#1657=CARTESIAN_POINT('',(-5.220000012977E0,-2.152098025125E1,
6.664564399455E1));
#1658=CARTESIAN_POINT('',(-5.220000012977E0,-2.163230865624E1,
6.664564399027E1));
#1659=CARTESIAN_POINT('',(-5.219999993884E0,-2.185199359308E1,
6.667147372275E1));
#1660=CARTESIAN_POINT('',(-5.220000001941E0,-2.218824401777E1,
6.679831563997E1));
#1661=CARTESIAN_POINT('',(-5.219999998353E0,-2.248435437719E1,
6.700236068439E1));
#1662=CARTESIAN_POINT('',(-5.220000004646E0,-2.272988342726E1,
6.726877003290E1));
#1663=CARTESIAN_POINT('',(-5.219999983064E0,-2.291475462219E1,
6.759946778133E1));
#1664=CARTESIAN_POINT('',(-5.220000036421E0,-2.298011644319E1,
6.782940609814E1));
#1665=CARTESIAN_POINT('',(-5.220000036421E0,-2.299999776169E1,
6.794948991520E1));
#1667=CARTESIAN_POINT('',(-4.72E0,-2.299999629733E1,6.55E1));
#1668=DIRECTION('',(0.E0,-1.E0,0.E0));
#1669=DIRECTION('',(-2.000000010329E-1,0.E0,9.797958969024E-1));
#1670=AXIS2_PLACEMENT_3D('',#1667,#1668,#1669);
#1672=CARTESIAN_POINT('',(-5.219999943116E0,-2.300000104465E1,
6.305051052313E1));
#1673=CARTESIAN_POINT('',(-5.219999943116E0,-2.298016618630E1,
6.317031015430E1));
#1674=CARTESIAN_POINT('',(-5.220000027437E0,-2.291461783614E1,
6.339958426337E1));
#1675=CARTESIAN_POINT('',(-5.219999989296E0,-2.273501393766E1,
6.372380004537E1));
#1676=CARTESIAN_POINT('',(-5.220000015378E0,-2.248806961804E1,
6.399498039758E1));
#1677=CARTESIAN_POINT('',(-5.219999949191E0,-2.218982480870E1,
6.420094464695E1));
#1678=CARTESIAN_POINT('',(-5.220000187859E0,-2.185286580136E1,
6.432838954530E1));
#1679=CARTESIAN_POINT('',(-5.219999595534E0,-2.163256382788E1,
6.435435817487E1));
#1680=CARTESIAN_POINT('',(-5.219999595534E0,-2.152097876962E1,
6.435435828208E1));
#1682=DIRECTION('',(-2.057665796963E-7,9.999999999993E-1,-1.122183552666E-6));
#1683=VECTOR('',#1682,1.965653237572E0);
#1684=CARTESIAN_POINT('',(-5.219999595534E0,-2.152097876962E1,
6.435435828208E1));
#1685=LINE('',#1684,#1683);
#1686=DIRECTION('',(6.602020635258E-9,1.E0,-3.602292826940E-8));
#1687=VECTOR('',#1686,1.965654719203E0);
#1688=CARTESIAN_POINT('',(-5.220000012977E0,-2.152098025125E1,
6.664564399455E1));
#1689=LINE('',#1688,#1687);
#1690=CARTESIAN_POINT('',(-4.72E0,-1.955532553205E1,6.55E1));
#1691=DIRECTION('',(0.E0,-1.E0,0.E0));
#1692=DIRECTION('',(-4.E-1,0.E0,9.165151389912E-1));
#1693=AXIS2_PLACEMENT_3D('',#1690,#1691,#1692);
#1695=CARTESIAN_POINT('',(-5.22E0,-1.922794009200E1,6.398013158464E1));
#1696=CARTESIAN_POINT('',(-5.22E0,-1.926635964389E1,6.402337051792E1));
#1697=CARTESIAN_POINT('',(-5.22E0,-1.934187133750E1,6.410871344475E1));
#1698=CARTESIAN_POINT('',(-5.22E0,-1.945112658123E1,6.423347785682E1));
#1699=CARTESIAN_POINT('',(-5.22E0,-1.952108315448E1,6.431441378705E1));
#1700=CARTESIAN_POINT('',(-5.22E0,-1.955532553205E1,6.435435607626E1));
#1702=CARTESIAN_POINT('',(-4.72E0,-1.922794009200E1,6.55E1));
#1703=DIRECTION('',(0.E0,1.E0,0.E0));
#1704=DIRECTION('',(-3.125E-1,0.E0,-9.499177595982E-1));
#1705=AXIS2_PLACEMENT_3D('',#1702,#1703,#1704);
#1707=CARTESIAN_POINT('',(-5.22E0,-1.955532553205E1,6.664564392374E1));
#1708=CARTESIAN_POINT('',(-5.22E0,-1.952117018240E1,6.668548469855E1));
#1709=CARTESIAN_POINT('',(-5.22E0,-1.945133125720E1,6.676628662251E1));
#1710=CARTESIAN_POINT('',(-5.22E0,-1.934207933985E1,6.689105072616E1));
#1711=CARTESIAN_POINT('',(-5.22E0,-1.926644916545E1,6.697652873086E1));
#1712=CARTESIAN_POINT('',(-5.22E0,-1.922794009200E1,6.701986841536E1));
#1714=CARTESIAN_POINT('',(-4.72E0,-1.922794009200E1,6.55E1));
#1715=DIRECTION('',(0.E0,1.E0,0.E0));
#1716=DIRECTION('',(3.125E-1,0.E0,9.499177595982E-1));
#1717=AXIS2_PLACEMENT_3D('',#1714,#1715,#1716);
#1719=CARTESIAN_POINT('',(-4.22E0,-1.955532553205E1,6.435435607626E1));
#1720=CARTESIAN_POINT('',(-4.22E0,-1.952117018240E1,6.431451530145E1));
#1721=CARTESIAN_POINT('',(-4.22E0,-1.945133125720E1,6.423371337749E1));
#1722=CARTESIAN_POINT('',(-4.22E0,-1.934207933985E1,6.410894927384E1));
#1723=CARTESIAN_POINT('',(-4.22E0,-1.926644916545E1,6.402347126914E1));
#1724=CARTESIAN_POINT('',(-4.22E0,-1.922794009200E1,6.398013158464E1));
#1726=CARTESIAN_POINT('',(-4.72E0,-1.955532553205E1,6.55E1));
#1727=DIRECTION('',(0.E0,-1.E0,0.E0));
#1728=DIRECTION('',(4.E-1,0.E0,-9.165151389912E-1));
#1729=AXIS2_PLACEMENT_3D('',#1726,#1727,#1728);
#1731=CARTESIAN_POINT('',(-4.22E0,-1.922794009200E1,6.701986841536E1));
#1732=CARTESIAN_POINT('',(-4.22E0,-1.926635964389E1,6.697662948208E1));
#1733=CARTESIAN_POINT('',(-4.22E0,-1.934187133750E1,6.689128655525E1));
#1734=CARTESIAN_POINT('',(-4.22E0,-1.945112658123E1,6.676652214318E1));
#1735=CARTESIAN_POINT('',(-4.22E0,-1.952108315448E1,6.668558621295E1));
#1736=CARTESIAN_POINT('',(-4.22E0,-1.955532553205E1,6.664564392374E1));
#1738=DIRECTION('',(0.E0,1.E0,0.E0));
#1739=VECTOR('',#1738,1.400554651958E0);
#1740=CARTESIAN_POINT('',(-5.22E0,-1.922794009200E1,6.398013158464E1));
#1741=LINE('',#1740,#1739);
#1742=CARTESIAN_POINT('',(-4.72E0,-1.782738544004E1,6.55E1));
#1743=DIRECTION('',(0.E0,1.E0,0.E0));
#1744=DIRECTION('',(-3.125E-1,0.E0,-9.499177595982E-1));
#1745=AXIS2_PLACEMENT_3D('',#1742,#1743,#1744);
#1747=DIRECTION('',(0.E0,1.E0,0.E0));
#1748=VECTOR('',#1747,1.400554651958E0);
#1749=CARTESIAN_POINT('',(-5.22E0,-1.922794009200E1,6.701986841536E1));
#1750=LINE('',#1749,#1748);
#1751=CARTESIAN_POINT('',(-4.72E0,-1.782738544004E1,6.55E1));
#1752=DIRECTION('',(0.E0,1.E0,0.E0));
#1753=DIRECTION('',(3.125E-1,0.E0,9.499177595982E-1));
#1754=AXIS2_PLACEMENT_3D('',#1751,#1752,#1753);
#1756=DIRECTION('',(0.E0,1.E0,0.E0));
#1757=VECTOR('',#1756,1.400554651958E0);
#1758=CARTESIAN_POINT('',(-4.22E0,-1.922794009200E1,6.398013158464E1));
#1759=LINE('',#1758,#1757);
#1760=DIRECTION('',(0.E0,1.E0,0.E0));
#1761=VECTOR('',#1760,1.400554651958E0);
#1762=CARTESIAN_POINT('',(-4.22E0,-1.922794009200E1,6.701986841536E1));
#1763=LINE('',#1762,#1761);
#1764=CARTESIAN_POINT('',(-5.22E0,-1.782738544004E1,6.398013158464E1));
#1765=CARTESIAN_POINT('',(-5.22E0,-1.778896588816E1,6.402337051792E1));
#1766=CARTESIAN_POINT('',(-5.22E0,-1.771345419455E1,6.410871344475E1));
#1767=CARTESIAN_POINT('',(-5.22E0,-1.760419895082E1,6.423347785682E1));
#1768=CARTESIAN_POINT('',(-5.22E0,-1.753424237756E1,6.431441378705E1));
#1769=CARTESIAN_POINT('',(-5.22E0,-1.75E1,6.435435607626E1));
#1771=CARTESIAN_POINT('',(-4.72E0,-1.75E1,6.55E1));
#1772=DIRECTION('',(0.E0,1.E0,0.E0));
#1773=DIRECTION('',(-4.E-1,0.E0,-9.165151389912E-1));
#1774=AXIS2_PLACEMENT_3D('',#1771,#1772,#1773);
#1776=CARTESIAN_POINT('',(-5.22E0,-1.75E1,6.664564392374E1));
#1777=CARTESIAN_POINT('',(-5.22E0,-1.753415534964E1,6.668548469855E1));
#1778=CARTESIAN_POINT('',(-5.22E0,-1.760399427485E1,6.676628662251E1));
#1779=CARTESIAN_POINT('',(-5.22E0,-1.771324619220E1,6.689105072616E1));
#1780=CARTESIAN_POINT('',(-5.22E0,-1.778887636660E1,6.697652873086E1));
#1781=CARTESIAN_POINT('',(-5.22E0,-1.782738544004E1,6.701986841536E1));
#1783=CARTESIAN_POINT('',(-4.72E0,-1.75E1,6.55E1));
#1784=DIRECTION('',(0.E0,1.E0,0.E0));
#1785=DIRECTION('',(4.E-1,0.E0,9.165151389912E-1));
#1786=AXIS2_PLACEMENT_3D('',#1783,#1784,#1785);
#1788=CARTESIAN_POINT('',(-4.22E0,-1.75E1,6.435435607626E1));
#1789=CARTESIAN_POINT('',(-4.22E0,-1.753415534964E1,6.431451530145E1));
#1790=CARTESIAN_POINT('',(-4.22E0,-1.760399427485E1,6.423371337749E1));
#1791=CARTESIAN_POINT('',(-4.22E0,-1.771324619220E1,6.410894927384E1));
#1792=CARTESIAN_POINT('',(-4.22E0,-1.778887636660E1,6.402347126914E1));
#1793=CARTESIAN_POINT('',(-4.22E0,-1.782738544004E1,6.398013158464E1));
#1795=CARTESIAN_POINT('',(-4.22E0,-1.782738544004E1,6.701986841536E1));
#1796=CARTESIAN_POINT('',(-4.22E0,-1.778896588816E1,6.697662948208E1));
#1797=CARTESIAN_POINT('',(-4.22E0,-1.771345419455E1,6.689128655525E1));
#1798=CARTESIAN_POINT('',(-4.22E0,-1.760419895082E1,6.676652214318E1));
#1799=CARTESIAN_POINT('',(-4.22E0,-1.753424237756E1,6.668558621295E1));
#1800=CARTESIAN_POINT('',(-4.22E0,-1.75E1,6.664564392374E1));
#1802=DIRECTION('',(0.E0,0.E0,-1.E0));
#1803=VECTOR('',#1802,5.E0);
#1804=CARTESIAN_POINT('',(-4.22E0,-2.3E1,6.8E1));
#1805=LINE('',#1804,#1803);
#1806=CARTESIAN_POINT('',(-4.22E0,-2.15E1,6.435435607626E1));
#1807=CARTESIAN_POINT('',(-4.22E0,-2.161455567856E1,6.435435607626E1));
#1808=CARTESIAN_POINT('',(-4.22E0,-2.183954352010E1,6.432645350985E1));
#1809=CARTESIAN_POINT('',(-4.22E0,-2.217280601021E1,6.419891582886E1));
#1810=CARTESIAN_POINT('',(-4.22E0,-2.247739785027E1,6.398713141340E1));
#1811=CARTESIAN_POINT('',(-4.22E0,-2.272898679676E1,6.370413902919E1));
#1812=CARTESIAN_POINT('',(-4.22E0,-2.290793918509E1,6.336639643358E1));
#1813=CARTESIAN_POINT('',(-4.22E0,-2.296988701712E1,6.312592563657E1));
#1814=CARTESIAN_POINT('',(-4.22E0,-2.298654083778E1,6.3E1));
#1816=DIRECTION('',(0.E0,1.E0,0.E0));
#1817=VECTOR('',#1816,1.345916222251E-2);
#1818=CARTESIAN_POINT('',(-4.22E0,-2.3E1,6.8E1));
#1819=LINE('',#1818,#1817);
#1820=DIRECTION('',(6.599061702472E-14,-1.E0,0.E0));
#1821=VECTOR('',#1820,1.345916222252E-2);
#1822=CARTESIAN_POINT('',(-4.22E0,-2.298654083778E1,6.3E1));
#1823=LINE('',#1822,#1821);
#1824=CARTESIAN_POINT('',(-4.72E0,-2.15E1,6.55E1));
#1825=DIRECTION('',(0.E0,1.E0,0.E0));
#1826=DIRECTION('',(4.E-1,0.E0,9.165151389912E-1));
#1827=AXIS2_PLACEMENT_3D('',#1824,#1825,#1826);
#1829=CARTESIAN_POINT('',(-4.22E0,-2.298654083778E1,6.3E1));
#1830=CARTESIAN_POINT('',(-4.112723869939E0,-2.298937831786E1,6.3E1));
#1831=CARTESIAN_POINT('',(-3.897897383326E0,-2.299597585425E1,6.3E1));
#1832=CARTESIAN_POINT('',(-3.682321564691E0,-2.3E1,6.3E1));
#1833=CARTESIAN_POINT('',(-3.574356076261E0,-2.3E1,6.3E1));
#1835=CARTESIAN_POINT('',(-1.999941354650E0,-2.3E1,6.509530178165E1));
#1836=CARTESIAN_POINT('',(-1.999941354650E0,-2.3E1,6.518400323291E1));
#1837=CARTESIAN_POINT('',(-2.000019366198E0,-2.299968612303E1,
6.536172454181E1));
#1838=CARTESIAN_POINT('',(-2.000020186332E0,-2.299968629460E1,
6.563837235764E1));
#1839=CARTESIAN_POINT('',(-1.999939987760E0,-2.3E1,6.581602777455E1));
#1840=CARTESIAN_POINT('',(-1.999939987760E0,-2.3E1,6.590468901254E1));
#1842=CARTESIAN_POINT('',(-4.22E0,-2.298654083778E1,6.8E1));
#1843=CARTESIAN_POINT('',(-4.22E0,-2.296988701712E1,6.787407436343E1));
#1844=CARTESIAN_POINT('',(-4.22E0,-2.290793918509E1,6.763360356642E1));
#1845=CARTESIAN_POINT('',(-4.22E0,-2.272898679676E1,6.729586097081E1));
#1846=CARTESIAN_POINT('',(-4.22E0,-2.247739785027E1,6.701286858660E1));
#1847=CARTESIAN_POINT('',(-4.22E0,-2.217280601021E1,6.680108417114E1));
#1848=CARTESIAN_POINT('',(-4.22E0,-2.183954352010E1,6.667354649015E1));
#1849=CARTESIAN_POINT('',(-4.22E0,-2.161455567856E1,6.664564392374E1));
#1850=CARTESIAN_POINT('',(-4.22E0,-2.15E1,6.664564392374E1));
#1852=DIRECTION('',(0.E0,1.E0,0.E0));
#1853=VECTOR('',#1852,1.944674467952E0);
#1854=CARTESIAN_POINT('',(-4.22E0,-2.15E1,6.664564392374E1));
#1855=LINE('',#1854,#1853);
#1856=DIRECTION('',(0.E0,1.E0,0.E0));
#1857=VECTOR('',#1856,1.944674467952E0);
#1858=CARTESIAN_POINT('',(-4.22E0,-2.15E1,6.435435607626E1));
#1859=LINE('',#1858,#1857);
#1860=DIRECTION('',(0.E0,1.E0,0.E0));
#1861=VECTOR('',#1860,1.248331477355E1);
#1862=CARTESIAN_POINT('',(-2.E0,-3.348331477355E1,1.2E1));
#1863=LINE('',#1862,#1861);
#1864=DIRECTION('',(0.E0,0.E0,1.E0));
#1865=VECTOR('',#1864,3.5E1);
#1866=CARTESIAN_POINT('',(-2.E0,-3.348331477355E1,1.2E1));
#1867=LINE('',#1866,#1865);
#1868=DIRECTION('',(0.E0,1.E0,0.E0));
#1869=VECTOR('',#1868,1.248331477355E1);
#1870=CARTESIAN_POINT('',(-2.E0,-3.348331477355E1,4.7E1));
#1871=LINE('',#1870,#1869);
#1872=DIRECTION('',(0.E0,0.E0,1.E0));
#1873=VECTOR('',#1872,3.5E1);
#1874=CARTESIAN_POINT('',(-2.E0,-2.1E1,1.2E1));
#1875=LINE('',#1874,#1873);
#1876=DIRECTION('',(0.E0,1.E0,0.E0));
#1877=VECTOR('',#1876,6.322875655532E0);
#1878=CARTESIAN_POINT('',(-2.E0,-2.032287565553E1,1.2E1));
#1879=LINE('',#1878,#1877);
#1880=DIRECTION('',(0.E0,0.E0,1.E0));
#1881=VECTOR('',#1880,3.5E1);
#1882=CARTESIAN_POINT('',(-2.E0,-2.032287565553E1,1.2E1));
#1883=LINE('',#1882,#1881);
#1884=DIRECTION('',(0.E0,1.E0,0.E0));
#1885=VECTOR('',#1884,6.322875655532E0);
#1886=CARTESIAN_POINT('',(-2.E0,-2.032287565553E1,4.7E1));
#1887=LINE('',#1886,#1885);
#1888=DIRECTION('',(0.E0,0.E0,1.E0));
#1889=VECTOR('',#1888,3.5E1);
#1890=CARTESIAN_POINT('',(-2.E0,-1.4E1,1.2E1));
#1891=LINE('',#1890,#1889);
#1892=DIRECTION('',(0.E0,0.E0,-1.E0));
#1893=VECTOR('',#1892,7.2E1);
#1894=CARTESIAN_POINT('',(-2.E0,-7.1E0,8.1E1));
#1895=LINE('',#1894,#1893);
#1896=DIRECTION('',(0.E0,-1.E0,0.E0));
#1897=VECTOR('',#1896,1.447330575340E0);
#1898=CARTESIAN_POINT('',(-2.E0,-5.652669424660E0,9.E0));
#1899=LINE('',#1898,#1897);
#1900=DIRECTION('',(0.E0,0.E0,-1.E0));
#1901=VECTOR('',#1900,7.2E1);
#1902=CARTESIAN_POINT('',(-2.E0,-5.652669424660E0,8.1E1));
#1903=LINE('',#1902,#1901);
#1904=DIRECTION('',(0.E0,-1.E0,0.E0));
#1905=VECTOR('',#1904,1.447330575340E0);
#1906=CARTESIAN_POINT('',(-2.E0,-5.652669424660E0,8.1E1));
#1907=LINE('',#1906,#1905);
#1908=DIRECTION('',(0.E0,-1.E0,0.E0));
#1909=VECTOR('',#1908,2.624733057534E1);
#1910=CARTESIAN_POINT('',(-2.E0,-1.175266942466E1,8.1E1));
#1911=LINE('',#1910,#1909);
#1912=DIRECTION('',(0.E0,1.E0,0.E0));
#1913=VECTOR('',#1912,1.5E1);
#1914=CARTESIAN_POINT('',(-2.E0,-3.8E1,6.8E1));
#1915=LINE('',#1914,#1913);
#1916=DIRECTION('',(-2.864120899704E-5,0.E0,9.999999995898E-1));
#1917=VECTOR('',#1916,2.095310988316E0);
#1918=CARTESIAN_POINT('',(-1.999939987760E0,-2.3E1,6.590468901254E1));
#1919=LINE('',#1918,#1917);
#1920=DIRECTION('',(2.798897516088E-5,0.E0,9.999999996083E-1));
#1921=VECTOR('',#1920,2.095301782471E0);
#1922=CARTESIAN_POINT('',(-2.E0,-2.3E1,6.3E1));
#1923=LINE('',#1922,#1921);
#1924=DIRECTION('',(0.E0,1.E0,0.E0));
#1925=VECTOR('',#1924,1.5E1);
#1926=CARTESIAN_POINT('',(-2.E0,-3.8E1,6.3E1));
#1927=LINE('',#1926,#1925);
#1928=DIRECTION('',(0.E0,-1.E0,0.E0));
#1929=VECTOR('',#1928,2.624733057534E1);
#1930=CARTESIAN_POINT('',(-2.E0,-1.175266942466E1,9.E0));
#1931=LINE('',#1930,#1929);
#1932=DIRECTION('',(0.E0,0.E0,-1.E0));
#1933=VECTOR('',#1932,7.2E1);
#1934=CARTESIAN_POINT('',(-2.E0,-1.175266942466E1,8.1E1));
#1935=LINE('',#1934,#1933);
#1936=DIRECTION('',(-1.E0,0.E0,0.E0));
#1937=VECTOR('',#1936,2.E0);
#1938=CARTESIAN_POINT('',(-2.E0,-2.1E1,1.2E1));
#1939=LINE('',#1938,#1937);
#1940=DIRECTION('',(0.E0,-1.E0,0.E0));
#1941=VECTOR('',#1940,5.E0);
#1942=CARTESIAN_POINT('',(-4.E0,-2.1E1,1.2E1));
#1943=LINE('',#1942,#1941);
#1944=CARTESIAN_POINT('',(-1.7E1,-3.348331477355E1,1.2E1));
#1945=DIRECTION('',(0.E0,0.E0,-1.E0));
#1946=DIRECTION('',(8.666666666667E-1,4.988876515699E-1,0.E0));
#1947=AXIS2_PLACEMENT_3D('',#1944,#1945,#1946);
#1949=DIRECTION('',(-1.E0,0.E0,0.E0));
#1950=VECTOR('',#1949,2.E0);
#1951=CARTESIAN_POINT('',(-2.E0,-1.4E1,1.2E1));
#1952=LINE('',#1951,#1950);
#1953=DIRECTION('',(0.E0,-1.E0,0.E0));
#1954=VECTOR('',#1953,2.873128187226E0);
#1955=CARTESIAN_POINT('',(-4.E0,-1.4E1,1.2E1));
#1956=LINE('',#1955,#1954);
#1957=CARTESIAN_POINT('',(-2.5E0,-1.687312818723E1,1.2E1));
#1958=DIRECTION('',(0.E0,0.E0,1.E0));
#1959=DIRECTION('',(-1.E0,0.E0,0.E0));
#1960=AXIS2_PLACEMENT_3D('',#1957,#1958,#1959);
#1962=DIRECTION('',(7.071067811866E-1,-7.071067811865E-1,0.E0));
#1963=VECTOR('',#1962,1.378679656440E0);
#1964=CARTESIAN_POINT('',(-3.560660171780E0,-1.793378835901E1,1.2E1));
#1965=LINE('',#1964,#1963);
#1966=CARTESIAN_POINT('',(-4.E0,-2.032287565553E1,1.2E1));
#1967=DIRECTION('',(0.E0,0.E0,-1.E0));
#1968=DIRECTION('',(7.071067811866E-1,7.071067811865E-1,0.E0));
#1969=AXIS2_PLACEMENT_3D('',#1966,#1967,#1968);
#1971=CARTESIAN_POINT('',(-1.7E1,-3.348331477355E1,4.7E1));
#1972=DIRECTION('',(0.E0,0.E0,-1.E0));
#1973=DIRECTION('',(8.666666666667E-1,4.988876515699E-1,0.E0));
#1974=AXIS2_PLACEMENT_3D('',#1971,#1972,#1973);
#1976=DIRECTION('',(0.E0,-1.E0,0.E0));
#1977=VECTOR('',#1976,5.E0);
#1978=CARTESIAN_POINT('',(-4.E0,-2.1E1,4.7E1));
#1979=LINE('',#1978,#1977);
#1980=DIRECTION('',(-1.E0,0.E0,0.E0));
#1981=VECTOR('',#1980,2.E0);
#1982=CARTESIAN_POINT('',(-2.E0,-2.1E1,4.7E1));
#1983=LINE('',#1982,#1981);
#1984=CARTESIAN_POINT('',(-4.E0,-2.032287565553E1,4.7E1));
#1985=DIRECTION('',(0.E0,0.E0,-1.E0));
#1986=DIRECTION('',(7.071067811866E-1,7.071067811865E-1,0.E0));
#1987=AXIS2_PLACEMENT_3D('',#1984,#1985,#1986);
#1989=DIRECTION('',(7.071067811865E-1,-7.071067811865E-1,0.E0));
#1990=VECTOR('',#1989,1.378679656440E0);
#1991=CARTESIAN_POINT('',(-3.560660171780E0,-1.793378835901E1,4.7E1));
#1992=LINE('',#1991,#1990);
#1993=CARTESIAN_POINT('',(-2.5E0,-1.687312818723E1,4.7E1));
#1994=DIRECTION('',(0.E0,0.E0,1.E0));
#1995=DIRECTION('',(-1.E0,0.E0,0.E0));
#1996=AXIS2_PLACEMENT_3D('',#1993,#1994,#1995);
#1998=DIRECTION('',(0.E0,-1.E0,0.E0));
#1999=VECTOR('',#1998,2.873128187226E0);
#2000=CARTESIAN_POINT('',(-4.E0,-1.4E1,4.7E1));
#2001=LINE('',#2000,#1999);
#2002=DIRECTION('',(-1.E0,0.E0,0.E0));
#2003=VECTOR('',#2002,2.E0);
#2004=CARTESIAN_POINT('',(-2.E0,-1.4E1,4.7E1));
#2005=LINE('',#2004,#2003);
#2006=DIRECTION('',(0.E0,0.E0,1.E0));
#2007=VECTOR('',#2006,3.5E1);
#2008=CARTESIAN_POINT('',(-4.E0,-2.6E1,1.2E1));
#2009=LINE('',#2008,#2007);
#2010=DIRECTION('',(0.E0,0.E0,1.E0));
#2011=VECTOR('',#2010,3.5E1);
#2012=CARTESIAN_POINT('',(-4.E0,-2.1E1,1.2E1));
#2013=LINE('',#2012,#2011);
#2014=DIRECTION('',(0.E0,0.E0,1.E0));
#2015=VECTOR('',#2014,3.5E1);
#2016=CARTESIAN_POINT('',(-2.585786437627E0,-1.890866209316E1,1.2E1));
#2017=LINE('',#2016,#2015);
#2018=DIRECTION('',(0.E0,0.E0,1.E0));
#2019=VECTOR('',#2018,3.5E1);
#2020=CARTESIAN_POINT('',(-3.560660171780E0,-1.793378835901E1,1.2E1));
#2021=LINE('',#2020,#2019);
#2022=DIRECTION('',(0.E0,0.E0,1.E0));
#2023=VECTOR('',#2022,3.5E1);
#2024=CARTESIAN_POINT('',(-4.E0,-1.687312818723E1,1.2E1));
#2025=LINE('',#2024,#2023);
#2026=DIRECTION('',(0.E0,0.E0,1.E0));
#2027=VECTOR('',#2026,3.5E1);
#2028=CARTESIAN_POINT('',(-4.E0,-1.4E1,1.2E1));
#2029=LINE('',#2028,#2027);
#2030=DIRECTION('',(0.E0,0.E0,-1.E0));
#2031=VECTOR('',#2030,2.652669424660E0);
#2032=CARTESIAN_POINT('',(-7.249307727057E1,-7.1E0,8.8E1));
#2033=LINE('',#2032,#2031);
#2034=DIRECTION('',(0.E0,0.E0,1.E0));
#2035=VECTOR('',#2034,2.652669424660E0);
#2036=CARTESIAN_POINT('',(-7.249307727057E1,-7.1E0,2.E0));
#2037=LINE('',#2036,#2035);
#2038=DIRECTION('',(0.E0,0.E0,-1.E0));
#2039=VECTOR('',#2038,2.652669424660E0);
#2040=CARTESIAN_POINT('',(-8.1E1,-8.6E0,8.8E1));
#2041=LINE('',#2040,#2039);
#2042=CARTESIAN_POINT('',(-8.1E1,-8.6E0,8.8E1));
#2043=DIRECTION('',(0.E0,1.E0,0.E0));
#2044=DIRECTION('',(0.E0,0.E0,-1.E0));
#2045=AXIS2_PLACEMENT_3D('',#2042,#2043,#2044);
#2047=DIRECTION('',(0.E0,1.E0,0.E0));
#2048=VECTOR('',#2047,5.E-1);
#2049=CARTESIAN_POINT('',(-8.1E1,-9.1E0,8.534733057534E1));
#2050=LINE('',#2049,#2048);
#2051=DIRECTION('',(0.E0,-1.E0,0.E0));
#2052=VECTOR('',#2051,2.E0);
#2053=CARTESIAN_POINT('',(-9.E0,-7.1E0,8.534733057534E1));
#2054=LINE('',#2053,#2052);
#2055=DIRECTION('',(-1.E0,0.E0,0.E0));
#2056=VECTOR('',#2055,6.349307727057E1);
#2057=CARTESIAN_POINT('',(-9.E0,-7.1E0,8.534733057534E1));
#2058=LINE('',#2057,#2056);
#2059=DIRECTION('',(-9.848077530122E-1,-1.736481776669E-1,0.E0));
#2060=VECTOR('',#2059,8.638155724715E0);
#2061=CARTESIAN_POINT('',(-7.249307727057E1,-7.1E0,8.534733057534E1));
#2062=LINE('',#2061,#2060);
#2063=DIRECTION('',(0.E0,-1.E0,0.E0));
#2064=VECTOR('',#2063,2.E0);
#2065=CARTESIAN_POINT('',(-4.652669424660E0,-7.1E0,8.1E1));
#2066=LINE('',#2065,#2064);
#2067=CARTESIAN_POINT('',(-9.E0,-7.1E0,8.1E1));
#2068=DIRECTION('',(0.E0,-1.E0,0.E0));
#2069=DIRECTION('',(1.E0,0.E0,0.E0));
#2070=AXIS2_PLACEMENT_3D('',#2067,#2068,#2069);
#2072=DIRECTION('',(0.E0,-1.E0,0.E0));
#2073=VECTOR('',#2072,2.E0);
#2074=CARTESIAN_POINT('',(-4.652669424660E0,-7.1E0,9.E0));
#2075=LINE('',#2074,#2073);
#2076=DIRECTION('',(0.E0,0.E0,1.E0));
#2077=VECTOR('',#2076,7.2E1);
#2078=CARTESIAN_POINT('',(-4.652669424660E0,-7.1E0,9.E0));
#2079=LINE('',#2078,#2077);
#2080=DIRECTION('',(0.E0,-1.E0,0.E0));
#2081=VECTOR('',#2080,2.E0);
#2082=CARTESIAN_POINT('',(-9.E0,-7.1E0,4.652669424660E0));
#2083=LINE('',#2082,#2081);
#2084=CARTESIAN_POINT('',(-9.E0,-7.1E0,9.E0));
#2085=DIRECTION('',(0.E0,-1.E0,0.E0));
#2086=DIRECTION('',(0.E0,0.E0,-1.E0));
#2087=AXIS2_PLACEMENT_3D('',#2084,#2085,#2086);
#2089=DIRECTION('',(0.E0,1.E0,0.E0));
#2090=VECTOR('',#2089,5.E-1);
#2091=CARTESIAN_POINT('',(-8.1E1,-9.1E0,4.652669424660E0));
#2092=LINE('',#2091,#2090);
#2093=DIRECTION('',(9.848077530122E-1,1.736481776669E-1,0.E0));
#2094=VECTOR('',#2093,8.638155724715E0);
#2095=CARTESIAN_POINT('',(-8.1E1,-8.6E0,4.652669424660E0));
#2096=LINE('',#2095,#2094);
#2097=DIRECTION('',(1.E0,0.E0,0.E0));
#2098=VECTOR('',#2097,6.349307727057E1);
#2099=CARTESIAN_POINT('',(-7.249307727057E1,-7.1E0,4.652669424660E0));
#2100=LINE('',#2099,#2098);
#2101=CARTESIAN_POINT('',(-8.1E1,-9.1E0,2.E0));
#2102=DIRECTION('',(0.E0,-1.E0,0.E0));
#2103=DIRECTION('',(0.E0,0.E0,1.E0));
#2104=AXIS2_PLACEMENT_3D('',#2101,#2102,#2103);
#2106=CARTESIAN_POINT('',(-8.360461705471E1,-9.1E0,2.502618219752E0));
#2107=CARTESIAN_POINT('',(-8.333022097517E1,-9.390267427582E0,
2.392620572591E0));
#2108=CARTESIAN_POINT('',(-8.276744860452E1,-9.974395945460E0,
2.207337407908E0));
#2109=CARTESIAN_POINT('',(-8.189127434178E1,-1.086139491748E1,
2.037897222191E0));
#2110=CARTESIAN_POINT('',(-8.129749737289E1,-1.145517205204E1,2.E0));
#2111=CARTESIAN_POINT('',(-8.1E1,-1.175266942466E1,2.E0));
#2113=DIRECTION('',(0.E0,-1.E0,0.E0));
#2114=VECTOR('',#2113,2.624733057534E1);
#2115=CARTESIAN_POINT('',(-8.1E1,-1.175266942466E1,2.E0));
#2116=LINE('',#2115,#2114);
#2117=CARTESIAN_POINT('',(-8.1E1,-8.E0,9.E0));
#2118=DIRECTION('',(0.E0,-1.E0,0.E0));
#2119=DIRECTION('',(-1.E0,0.E0,0.E0));
#2120=AXIS2_PLACEMENT_3D('',#2117,#2118,#2119);
#2122=CARTESIAN_POINT('',(-8.1E1,-8.6E0,9.E0));
#2123=DIRECTION('',(0.E0,-1.E0,0.E0));
#2124=DIRECTION('',(-3.720881506732E-1,0.E0,-9.281973971783E-1));
#2125=AXIS2_PLACEMENT_3D('',#2122,#2123,#2124);
#2127=DIRECTION('',(0.E0,-1.E0,0.E0));
#2128=VECTOR('',#2127,5.E-1);
#2129=CARTESIAN_POINT('',(-8.360461705471E1,-8.6E0,2.502618219752E0));
#2130=LINE('',#2129,#2128);
#2131=DIRECTION('',(0.E0,7.071067811865E-1,7.071067811865E-1));
#2132=VECTOR('',#2131,3.751441076846E0);
#2133=CARTESIAN_POINT('',(-8.1E1,-1.175266942466E1,2.E0));
#2134=LINE('',#2133,#2132);
#2135=DIRECTION('',(1.E0,0.E0,0.E0));
#2136=VECTOR('',#2135,7.2E1);
#2137=CARTESIAN_POINT('',(-8.1E1,-9.1E0,4.652669424660E0));
#2138=LINE('',#2137,#2136);
#2139=DIRECTION('',(0.E0,-7.071067811865E-1,-7.071067811865E-1));
#2140=VECTOR('',#2139,3.751441076846E0);
#2141=CARTESIAN_POINT('',(-9.E0,-9.1E0,4.652669424660E0));
#2142=LINE('',#2141,#2140);
#2143=CARTESIAN_POINT('',(-9.E0,-9.1E0,9.E0));
#2144=DIRECTION('',(0.E0,-1.E0,0.E0));
#2145=DIRECTION('',(0.E0,0.E0,-1.E0));
#2146=AXIS2_PLACEMENT_3D('',#2143,#2144,#2145);
#2148=CARTESIAN_POINT('',(-9.E0,-7.1E0,9.E0));
#2149=DIRECTION('',(0.E0,-1.E0,0.E0));
#2150=DIRECTION('',(0.E0,0.E0,-1.E0));
#2151=AXIS2_PLACEMENT_3D('',#2148,#2149,#2150);
#2153=CARTESIAN_POINT('',(-9.E0,-5.652669424660E0,9.E0));
#2154=DIRECTION('',(0.E0,-1.E0,0.E0));
#2155=DIRECTION('',(0.E0,0.E0,-1.E0));
#2156=AXIS2_PLACEMENT_3D('',#2153,#2154,#2155);
#2158=CARTESIAN_POINT('',(-9.E0,-1.175266942466E1,9.E0));
#2159=DIRECTION('',(0.E0,-1.E0,0.E0));
#2160=DIRECTION('',(0.E0,0.E0,-1.E0));
#2161=AXIS2_PLACEMENT_3D('',#2158,#2159,#2160);
#2163=DIRECTION('',(-1.E0,0.E0,0.E0));
#2164=VECTOR('',#2163,7.2E1);
#2165=CARTESIAN_POINT('',(-9.E0,-1.175266942466E1,2.E0));
#2166=LINE('',#2165,#2164);
#2167=DIRECTION('',(0.E0,-1.E0,0.E0));
#2168=VECTOR('',#2167,2.624733057534E1);
#2169=CARTESIAN_POINT('',(-9.E0,-1.175266942466E1,2.E0));
#2170=LINE('',#2169,#2168);
#2171=DIRECTION('',(9.848077530122E-1,1.736481776669E-1,0.E0));
#2172=VECTOR('',#2171,8.638155724715E0);
#2173=CARTESIAN_POINT('',(-8.1E1,-8.6E0,2.E0));
#2174=LINE('',#2173,#2172);
#2175=DIRECTION('',(0.E0,1.E0,0.E0));
#2176=VECTOR('',#2175,2.947330575340E0);
#2177=CARTESIAN_POINT('',(-8.1E1,-8.6E0,2.E0));
#2178=LINE('',#2177,#2176);
#2179=DIRECTION('',(-1.E0,0.E0,0.E0));
#2180=VECTOR('',#2179,7.2E1);
#2181=CARTESIAN_POINT('',(-9.E0,-5.652669424660E0,2.E0));
#2182=LINE('',#2181,#2180);
#2183=DIRECTION('',(0.E0,-1.E0,0.E0));
#2184=VECTOR('',#2183,1.447330575340E0);
#2185=CARTESIAN_POINT('',(-9.E0,-5.652669424660E0,2.E0));
#2186=LINE('',#2185,#2184);
#2187=DIRECTION('',(-1.E0,0.E0,0.E0));
#2188=VECTOR('',#2187,6.349307727057E1);
#2189=CARTESIAN_POINT('',(-9.E0,-7.1E0,2.E0));
#2190=LINE('',#2189,#2188);
#2191=DIRECTION('',(0.E0,0.E0,1.E0));
#2192=VECTOR('',#2191,2.652669424660E0);
#2193=CARTESIAN_POINT('',(-8.1E1,-8.6E0,2.E0));
#2194=LINE('',#2193,#2192);
#2195=CARTESIAN_POINT('',(-8.1E1,-8.6E0,2.E0));
#2196=DIRECTION('',(0.E0,-1.E0,0.E0));
#2197=DIRECTION('',(0.E0,0.E0,1.E0));
#2198=AXIS2_PLACEMENT_3D('',#2195,#2196,#2197);
#2200=DIRECTION('',(-9.702875252478E-1,-1.710878697460E-1,-1.710878697460E-1));
#2201=VECTOR('',#2200,1.550471946724E1);
#2202=CARTESIAN_POINT('',(-6.595596411847E1,-3.E0,4.652669424660E0));
#2203=LINE('',#2202,#2201);
#2204=CARTESIAN_POINT('',(-6.051721361807E1,-3.75E0,3.902669424660E0));
#2205=CARTESIAN_POINT('',(-6.069618319330E1,-3.526467072184E0,
4.126202352476E0));
#2206=CARTESIAN_POINT('',(-6.113232115798E1,-3.174247152240E0,
4.478422272419E0));
#2207=CARTESIAN_POINT('',(-6.171519455518E1,-3.E0,4.652669424660E0));
#2208=CARTESIAN_POINT('',(-6.207846311767E1,-3.E0,4.652669424660E0));
#2210=CARTESIAN_POINT('',(-5.739471461887E1,-3.75E0,3.902669424660E0));
#2211=CARTESIAN_POINT('',(-5.752481874384E1,-3.9125E0,3.740169424660E0));
#2212=CARTESIAN_POINT('',(-5.778502699377E1,-4.143560182267E0,
3.509109242393E0));
#2213=CARTESIAN_POINT('',(-5.830544349364E1,-4.428320859737E0,
3.224348564922E0));
#2214=CARTESIAN_POINT('',(-5.895596411847E1,-4.547786093508E0,
3.104883331151E0));
#2215=CARTESIAN_POINT('',(-5.960648474330E1,-4.428320859737E0,
3.224348564922E0));
#2216=CARTESIAN_POINT('',(-6.012690124317E1,-4.143560182267E0,
3.509109242393E0));
#2217=CARTESIAN_POINT('',(-6.038710949310E1,-3.9125E0,3.740169424660E0));
#2218=CARTESIAN_POINT('',(-6.051721361807E1,-3.75E0,3.902669424660E0));
#2220=CARTESIAN_POINT('',(-5.583346511927E1,-3.E0,4.652669424660E0));
#2221=CARTESIAN_POINT('',(-5.619673368176E1,-3.E0,4.652669424660E0));
#2222=CARTESIAN_POINT('',(-5.677960707897E1,-3.174247152240E0,
4.478422272419E0));
#2223=CARTESIAN_POINT('',(-5.721574504364E1,-3.526467072184E0,
4.126202352476E0));
#2224=CARTESIAN_POINT('',(-5.739471461887E1,-3.75E0,3.902669424660E0));
#2226=DIRECTION('',(0.E0,7.071067811865E-1,7.071067811865E-1));
#2227=VECTOR('',#2226,3.751441076846E0);
#2228=CARTESIAN_POINT('',(-9.E0,-5.652669424660E0,2.E0));
#2229=LINE('',#2228,#2227);
#2230=DIRECTION('',(0.E0,-1.E0,0.E0));
#2231=VECTOR('',#2230,6.526694246597E-1);
#2232=CARTESIAN_POINT('',(-8.1E1,-5.E0,2.E0));
#2233=LINE('',#2232,#2231);
#2234=DIRECTION('',(0.E0,0.E0,1.E0));
#2235=VECTOR('',#2234,2.E0);
#2236=CARTESIAN_POINT('',(-8.1E1,-5.E0,0.E0));
#2237=LINE('',#2236,#2235);
#2238=DIRECTION('',(0.E0,0.E0,1.E0));
#2239=VECTOR('',#2238,2.E0);
#2240=CARTESIAN_POINT('',(-8.1E1,0.E0,0.E0));
#2241=LINE('',#2240,#2239);
#2242=DIRECTION('',(0.E0,-1.E0,0.E0));
#2243=VECTOR('',#2242,5.E0);
#2244=CARTESIAN_POINT('',(-8.1E1,0.E0,2.E0));
#2245=LINE('',#2244,#2243);
#2246=DIRECTION('',(0.E0,0.E0,1.E0));
#2247=VECTOR('',#2246,2.E0);
#2248=CARTESIAN_POINT('',(-8.1E1,-5.E0,8.8E1));
#2249=LINE('',#2248,#2247);
#2250=DIRECTION('',(0.E0,-1.E0,0.E0));
#2251=VECTOR('',#2250,5.E0);
#2252=CARTESIAN_POINT('',(-8.1E1,0.E0,8.8E1));
#2253=LINE('',#2252,#2251);
#2254=DIRECTION('',(0.E0,0.E0,1.E0));
#2255=VECTOR('',#2254,2.E0);
#2256=CARTESIAN_POINT('',(-8.1E1,0.E0,8.8E1));
#2257=LINE('',#2256,#2255);
#2258=CARTESIAN_POINT('',(-8.4E1,-8.E0,8.732455532034E1));
#2259=CARTESIAN_POINT('',(-8.378799510997E1,-8.E0,8.742511806948E1));
#2260=CARTESIAN_POINT('',(-8.336972064192E1,-7.955610082300E0,
8.759754436008E1));
#2261=CARTESIAN_POINT('',(-8.277693364675E1,-7.761034409352E0,
8.777855559822E1));
#2262=CARTESIAN_POINT('',(-8.228146316858E1,-7.479534340679E0,
8.788682527826E1));
#2263=CARTESIAN_POINT('',(-8.185471510762E1,-7.122558634088E0,
8.795151204676E1));
#2264=CARTESIAN_POINT('',(-8.148614023998E1,-6.671959290096E0,
8.798566529085E1));
#2265=CARTESIAN_POINT('',(-8.120595735544E1,-6.147363757806E0,
8.799817181937E1));
#2266=CARTESIAN_POINT('',(-8.103300187850E1,-5.560858239252E0,
8.800017083878E1));
#2267=CARTESIAN_POINT('',(-8.1E1,-5.184184746845E0,8.8E1));
#2268=CARTESIAN_POINT('',(-8.1E1,-5.E0,8.8E1));
#2270=CARTESIAN_POINT('',(-8.1E1,-5.E0,9.E1));
#2271=CARTESIAN_POINT('',(-8.1E1,-5.197102981206E0,9.E1));
#2272=CARTESIAN_POINT('',(-8.103876433174E1,-5.594109634426E0,
9.000013047256E1));
#2273=CARTESIAN_POINT('',(-8.121864889077E1,-6.178849866362E0,
8.999838087487E1));
#2274=CARTESIAN_POINT('',(-8.151295068593E1,-6.712799568569E0,
8.998750605744E1));
#2275=CARTESIAN_POINT('',(-8.189246261628E1,-7.161168002229E0,
8.995888543610E1));
#2276=CARTESIAN_POINT('',(-8.234824436315E1,-7.527456949059E0,
8.990314454995E1));
#2277=CARTESIAN_POINT('',(-8.287402572897E1,-7.800961161945E0,
8.980852435484E1));
#2278=CARTESIAN_POINT('',(-8.342456009186E1,-7.962780948134E0,
8.967385276148E1));
#2279=CARTESIAN_POINT('',(-8.380845930704E1,-8.E0,8.955300123567E1));
#2280=CARTESIAN_POINT('',(-8.4E1,-8.E0,8.948528137424E1));
#2282=DIRECTION('',(-1.E0,0.E0,0.E0));
#2283=VECTOR('',#2282,4.683346511927E1);
#2284=CARTESIAN_POINT('',(-9.E0,-3.E0,4.652669424660E0));
#2285=LINE('',#2284,#2283);
#2286=DIRECTION('',(0.E0,-1.E0,0.E0));
#2287=VECTOR('',#2286,3.E0);
#2288=CARTESIAN_POINT('',(-5.583346511927E1,0.E0,4.652669424660E0));
#2289=LINE('',#2288,#2287);
#2290=DIRECTION('',(0.E0,1.E0,0.E0));
#2291=VECTOR('',#2290,3.E0);
#2292=CARTESIAN_POINT('',(-9.E0,-3.E0,4.652669424660E0));
#2293=LINE('',#2292,#2291);
#2294=DIRECTION('',(-1.E0,0.E0,0.E0));
#2295=VECTOR('',#2294,3.877501000801E0);
#2296=CARTESIAN_POINT('',(-6.207846311767E1,-3.E0,4.652669424660E0));
#2297=LINE('',#2296,#2295);
#2298=DIRECTION('',(0.E0,1.E0,0.E0));
#2299=VECTOR('',#2298,3.E0);
#2300=CARTESIAN_POINT('',(-6.595596411847E1,-3.E0,4.652669424660E0));
#2301=LINE('',#2300,#2299);
#2302=DIRECTION('',(0.E0,1.E0,0.E0));
#2303=VECTOR('',#2302,3.E0);
#2304=CARTESIAN_POINT('',(-6.207846311767E1,-3.E0,4.652669424660E0));
#2305=LINE('',#2304,#2303);
#2306=DIRECTION('',(-1.453296742208E-12,1.E0,1.446191314850E-12));
#2307=VECTOR('',#2306,3.75E0);
#2308=CARTESIAN_POINT('',(-6.051721361807E1,-3.75E0,3.902669424660E0));
#2309=LINE('',#2308,#2307);
#2310=DIRECTION('',(0.E0,-1.E0,0.E0));
#2311=VECTOR('',#2310,3.75E0);
#2312=CARTESIAN_POINT('',(-5.739471461887E1,0.E0,3.902669424660E0));
#2313=LINE('',#2312,#2311);
#2314=DIRECTION('',(0.E0,1.E0,0.E0));
#2315=VECTOR('',#2314,3.E0);
#2316=CARTESIAN_POINT('',(-4.652669424660E0,-3.E0,9.E0));
#2317=LINE('',#2316,#2315);
#2318=CARTESIAN_POINT('',(-9.E0,-3.E0,9.E0));
#2319=DIRECTION('',(0.E0,1.E0,0.E0));
#2320=DIRECTION('',(1.E0,0.E0,0.E0));
#2321=AXIS2_PLACEMENT_3D('',#2318,#2319,#2320);
#2323=DIRECTION('',(0.E0,1.E0,0.E0));
#2324=VECTOR('',#2323,3.E0);
#2325=CARTESIAN_POINT('',(-4.652669424660E0,-3.E0,8.1E1));
#2326=LINE('',#2325,#2324);
#2327=DIRECTION('',(0.E0,0.E0,-1.E0));
#2328=VECTOR('',#2327,7.2E1);
#2329=CARTESIAN_POINT('',(-4.652669424660E0,-3.E0,8.1E1));
#2330=LINE('',#2329,#2328);
#2331=DIRECTION('',(0.E0,1.E0,0.E0));
#2332=VECTOR('',#2331,3.E0);
#2333=CARTESIAN_POINT('',(-9.E0,-3.E0,8.534733057534E1));
#2334=LINE('',#2333,#2332);
#2335=CARTESIAN_POINT('',(-9.E0,-3.E0,8.1E1));
#2336=DIRECTION('',(0.E0,1.E0,0.E0));
#2337=DIRECTION('',(0.E0,0.E0,1.E0));
#2338=AXIS2_PLACEMENT_3D('',#2335,#2336,#2337);
#2340=DIRECTION('',(0.E0,7.071067811865E-1,-7.071067811866E-1));
#2341=VECTOR('',#2340,3.751441076846E0);
#2342=CARTESIAN_POINT('',(-9.E0,-5.652669424660E0,8.8E1));
#2343=LINE('',#2342,#2341);
#2344=CARTESIAN_POINT('',(-9.E0,-7.1E0,8.1E1));
#2345=DIRECTION('',(0.E0,-1.E0,0.E0));
#2346=DIRECTION('',(1.E0,0.E0,0.E0));
#2347=AXIS2_PLACEMENT_3D('',#2344,#2345,#2346);
#2349=CARTESIAN_POINT('',(-9.E0,-5.652669424660E0,8.1E1));
#2350=DIRECTION('',(0.E0,-1.E0,0.E0));
#2351=DIRECTION('',(1.E0,0.E0,0.E0));
#2352=AXIS2_PLACEMENT_3D('',#2349,#2350,#2351);
#2354=CARTESIAN_POINT('',(-9.E0,-1.175266942466E1,8.1E1));
#2355=DIRECTION('',(0.E0,-1.E0,0.E0));
#2356=DIRECTION('',(1.E0,0.E0,0.E0));
#2357=AXIS2_PLACEMENT_3D('',#2354,#2355,#2356);
#2359=DIRECTION('',(7.071067811865E-1,-7.071067811865E-1,0.E0));
#2360=VECTOR('',#2359,3.751441076846E0);
#2361=CARTESIAN_POINT('',(-4.652669424660E0,-9.1E0,8.1E1));
#2362=LINE('',#2361,#2360);
#2363=CARTESIAN_POINT('',(-9.E0,-9.1E0,8.1E1));
#2364=DIRECTION('',(0.E0,-1.E0,0.E0));
#2365=DIRECTION('',(1.E0,0.E0,0.E0));
#2366=AXIS2_PLACEMENT_3D('',#2363,#2364,#2365);
#2368=DIRECTION('',(7.071067811865E-1,-7.071067811865E-1,0.E0));
#2369=VECTOR('',#2368,3.751441076846E0);
#2370=CARTESIAN_POINT('',(-4.652669424660E0,-9.1E0,9.E0));
#2371=LINE('',#2370,#2369);
#2372=DIRECTION('',(0.E0,0.E0,1.E0));
#2373=VECTOR('',#2372,7.2E1);
#2374=CARTESIAN_POINT('',(-4.652669424660E0,-9.1E0,9.E0));
#2375=LINE('',#2374,#2373);
#2376=DIRECTION('',(-7.071067811865E-1,7.071067811865E-1,0.E0));
#2377=VECTOR('',#2376,3.751441076846E0);
#2378=CARTESIAN_POINT('',(-2.E0,-5.652669424660E0,8.1E1));
#2379=LINE('',#2378,#2377);
#2380=DIRECTION('',(-7.071067811865E-1,7.071067811865E-1,0.E0));
#2381=VECTOR('',#2380,3.751441076846E0);
#2382=CARTESIAN_POINT('',(-2.E0,-5.652669424660E0,9.E0));
#2383=LINE('',#2382,#2381);
#2384=DIRECTION('',(0.E0,-1.E0,0.E0));
#2385=VECTOR('',#2384,3.E1);
#2386=CARTESIAN_POINT('',(-8.8E1,-8.E0,9.E0));
#2387=LINE('',#2386,#2385);
#2388=DIRECTION('',(0.E0,1.E0,0.E0));
#2389=VECTOR('',#2388,1.9E1);
#2390=CARTESIAN_POINT('',(-8.8E1,-3.8E1,1.2E1));
#2391=LINE('',#2390,#2389);
#2392=DIRECTION('',(0.E0,0.E0,1.E0));
#2393=VECTOR('',#2392,7.E0);
#2394=CARTESIAN_POINT('',(-8.8E1,-1.9E1,1.2E1));
#2395=LINE('',#2394,#2393);
#2396=DIRECTION('',(0.E0,1.E0,0.E0));
#2397=VECTOR('',#2396,1.9E1);
#2398=CARTESIAN_POINT('',(-8.8E1,-3.8E1,1.9E1));
#2399=LINE('',#2398,#2397);
#2400=DIRECTION('',(0.E0,1.E0,0.E0));
#2401=VECTOR('',#2400,1.9E1);
#2402=CARTESIAN_POINT('',(-8.8E1,-3.8E1,6.7E1));
#2403=LINE('',#2402,#2401);
#2404=DIRECTION('',(0.E0,0.E0,1.E0));
#2405=VECTOR('',#2404,7.E0);
#2406=CARTESIAN_POINT('',(-8.8E1,-1.9E1,6.7E1));
#2407=LINE('',#2406,#2405);
#2408=DIRECTION('',(0.E0,1.E0,0.E0));
#2409=VECTOR('',#2408,1.9E1);
#2410=CARTESIAN_POINT('',(-8.8E1,-3.8E1,7.4E1));
#2411=LINE('',#2410,#2409);
#2412=DIRECTION('',(0.E0,-1.E0,0.E0));
#2413=VECTOR('',#2412,3.E1);
#2414=CARTESIAN_POINT('',(-8.8E1,-8.E0,8.1E1));
#2415=LINE('',#2414,#2413);
#2416=DIRECTION('',(0.E0,0.E0,1.E0));
#2417=VECTOR('',#2416,7.2E1);
#2418=CARTESIAN_POINT('',(-8.8E1,-8.E0,9.E0));
#2419=LINE('',#2418,#2417);
#2420=CARTESIAN_POINT('',(-7.91E1,-3.8E1,1.2E1));
#2421=DIRECTION('',(0.E0,0.E0,-1.E0));
#2422=DIRECTION('',(-1.E0,0.E0,0.E0));
#2423=AXIS2_PLACEMENT_3D('',#2420,#2421,#2422);
#2425=DIRECTION('',(0.E0,1.E0,0.E0));
#2426=VECTOR('',#2425,4.E0);
#2427=CARTESIAN_POINT('',(-8.3E1,-3.E1,1.2E1));
#2428=LINE('',#2427,#2426);
#2429=DIRECTION('',(-1.E0,0.E0,0.E0));
#2430=VECTOR('',#2429,1.892893218813E0);
#2431=CARTESIAN_POINT('',(-8.3E1,-2.6E1,1.2E1));
#2432=LINE('',#2431,#2430);
#2433=CARTESIAN_POINT('',(-8.489289321881E1,-2.55E1,1.2E1));
#2434=DIRECTION('',(0.E0,0.E0,-1.E0));
#2435=DIRECTION('',(0.E0,-1.E0,0.E0));
#2436=AXIS2_PLACEMENT_3D('',#2433,#2434,#2435);
#2438=DIRECTION('',(7.071067811865E-1,7.071067811865E-1,0.E0));
#2439=VECTOR('',#2438,2.348528137424E0);
#2440=CARTESIAN_POINT('',(-8.524644660941E1,-2.514644660941E1,1.2E1));
#2441=LINE('',#2440,#2439);
#2442=CARTESIAN_POINT('',(-8.5E1,-2.207157287525E1,1.2E1));
#2443=DIRECTION('',(0.E0,0.E0,1.E0));
#2444=DIRECTION('',(7.071067811865E-1,-7.071067811865E-1,0.E0));
#2445=AXIS2_PLACEMENT_3D('',#2442,#2443,#2444);
#2447=DIRECTION('',(0.E0,1.E0,0.E0));
#2448=VECTOR('',#2447,3.071572875254E0);
#2449=CARTESIAN_POINT('',(-8.3E1,-2.207157287525E1,1.2E1));
#2450=LINE('',#2449,#2448);
#2451=DIRECTION('',(-1.E0,0.E0,0.E0));
#2452=VECTOR('',#2451,5.E0);
#2453=CARTESIAN_POINT('',(-8.3E1,-1.9E1,1.2E1));
#2454=LINE('',#2453,#2452);
#2455=DIRECTION('',(-1.E0,0.E0,0.E0));
#2456=VECTOR('',#2455,5.E0);
#2457=CARTESIAN_POINT('',(-8.3E1,-1.9E1,1.9E1));
#2458=LINE('',#2457,#2456);
#2459=DIRECTION('',(0.E0,1.E0,0.E0));
#2460=VECTOR('',#2459,3.071572875254E0);
#2461=CARTESIAN_POINT('',(-8.3E1,-2.207157287525E1,1.9E1));
#2462=LINE('',#2461,#2460);
#2463=CARTESIAN_POINT('',(-8.5E1,-2.207157287525E1,1.9E1));
#2464=DIRECTION('',(0.E0,0.E0,1.E0));
#2465=DIRECTION('',(7.071067811865E-1,-7.071067811865E-1,0.E0));
#2466=AXIS2_PLACEMENT_3D('',#2463,#2464,#2465);
#2468=DIRECTION('',(7.071067811865E-1,7.071067811865E-1,0.E0));
#2469=VECTOR('',#2468,2.348528137424E0);
#2470=CARTESIAN_POINT('',(-8.524644660941E1,-2.514644660941E1,1.9E1));
#2471=LINE('',#2470,#2469);
#2472=CARTESIAN_POINT('',(-8.489289321881E1,-2.55E1,1.9E1));
#2473=DIRECTION('',(0.E0,0.E0,-1.E0));
#2474=DIRECTION('',(0.E0,-1.E0,0.E0));
#2475=AXIS2_PLACEMENT_3D('',#2472,#2473,#2474);
#2477=DIRECTION('',(-1.E0,0.E0,0.E0));
#2478=VECTOR('',#2477,1.892893218813E0);
#2479=CARTESIAN_POINT('',(-8.3E1,-2.6E1,1.9E1));
#2480=LINE('',#2479,#2478);
#2481=DIRECTION('',(0.E0,1.E0,0.E0));
#2482=VECTOR('',#2481,4.E0);
#2483=CARTESIAN_POINT('',(-8.3E1,-3.E1,1.9E1));
#2484=LINE('',#2483,#2482);
#2485=CARTESIAN_POINT('',(-7.91E1,-3.8E1,1.9E1));
#2486=DIRECTION('',(0.E0,0.E0,-1.E0));
#2487=DIRECTION('',(-1.E0,0.E0,0.E0));
#2488=AXIS2_PLACEMENT_3D('',#2485,#2486,#2487);
#2490=DIRECTION('',(0.E0,0.E0,1.E0));
#2491=VECTOR('',#2490,7.E0);
#2492=CARTESIAN_POINT('',(-8.3E1,-1.9E1,1.2E1));
#2493=LINE('',#2492,#2491);
#2494=DIRECTION('',(0.E0,0.E0,1.E0));
#2495=VECTOR('',#2494,7.E0);
#2496=CARTESIAN_POINT('',(-8.3E1,-2.207157287525E1,1.2E1));
#2497=LINE('',#2496,#2495);
#2498=DIRECTION('',(0.E0,0.E0,1.E0));
#2499=VECTOR('',#2498,7.E0);
#2500=CARTESIAN_POINT('',(-8.358578643763E1,-2.348578643763E1,1.2E1));
#2501=LINE('',#2500,#2499);
#2502=DIRECTION('',(0.E0,0.E0,1.E0));
#2503=VECTOR('',#2502,7.E0);
#2504=CARTESIAN_POINT('',(-8.524644660941E1,-2.514644660941E1,1.2E1));
#2505=LINE('',#2504,#2503);
#2506=DIRECTION('',(0.E0,0.E0,1.E0));
#2507=VECTOR('',#2506,7.E0);
#2508=CARTESIAN_POINT('',(-8.489289321881E1,-2.6E1,1.2E1));
#2509=LINE('',#2508,#2507);
#2510=DIRECTION('',(0.E0,0.E0,1.E0));
#2511=VECTOR('',#2510,7.E0);
#2512=CARTESIAN_POINT('',(-8.3E1,-2.6E1,1.2E1));
#2513=LINE('',#2512,#2511);
#2514=DIRECTION('',(0.E0,0.E0,1.E0));
#2515=VECTOR('',#2514,7.E0);
#2516=CARTESIAN_POINT('',(-8.3E1,-3.E1,1.2E1));
#2517=LINE('',#2516,#2515);
#2518=CARTESIAN_POINT('',(-7.91E1,-3.8E1,6.7E1));
#2519=DIRECTION('',(0.E0,0.E0,-1.E0));
#2520=DIRECTION('',(-1.E0,0.E0,0.E0));
#2521=AXIS2_PLACEMENT_3D('',#2518,#2519,#2520);
#2523=DIRECTION('',(0.E0,1.E0,0.E0));
#2524=VECTOR('',#2523,4.E0);
#2525=CARTESIAN_POINT('',(-8.3E1,-3.E1,6.7E1));
#2526=LINE('',#2525,#2524);
#2527=DIRECTION('',(-1.E0,0.E0,0.E0));
#2528=VECTOR('',#2527,1.892893218813E0);
#2529=CARTESIAN_POINT('',(-8.3E1,-2.6E1,6.7E1));
#2530=LINE('',#2529,#2528);
#2531=CARTESIAN_POINT('',(-8.489289321881E1,-2.55E1,6.7E1));
#2532=DIRECTION('',(0.E0,0.E0,-1.E0));
#2533=DIRECTION('',(0.E0,-1.E0,0.E0));
#2534=AXIS2_PLACEMENT_3D('',#2531,#2532,#2533);
#2536=DIRECTION('',(7.071067811865E-1,7.071067811865E-1,0.E0));
#2537=VECTOR('',#2536,2.348528137424E0);
#2538=CARTESIAN_POINT('',(-8.524644660941E1,-2.514644660941E1,6.7E1));
#2539=LINE('',#2538,#2537);
#2540=CARTESIAN_POINT('',(-8.5E1,-2.207157287525E1,6.7E1));
#2541=DIRECTION('',(0.E0,0.E0,1.E0));
#2542=DIRECTION('',(7.071067811865E-1,-7.071067811865E-1,0.E0));
#2543=AXIS2_PLACEMENT_3D('',#2540,#2541,#2542);
#2545=DIRECTION('',(0.E0,1.E0,0.E0));
#2546=VECTOR('',#2545,3.071572875254E0);
#2547=CARTESIAN_POINT('',(-8.3E1,-2.207157287525E1,6.7E1));
#2548=LINE('',#2547,#2546);
#2549=DIRECTION('',(-1.E0,0.E0,0.E0));
#2550=VECTOR('',#2549,5.E0);
#2551=CARTESIAN_POINT('',(-8.3E1,-1.9E1,6.7E1));
#2552=LINE('',#2551,#2550);
#2553=DIRECTION('',(-1.E0,0.E0,0.E0));
#2554=VECTOR('',#2553,5.E0);
#2555=CARTESIAN_POINT('',(-8.3E1,-1.9E1,7.4E1));
#2556=LINE('',#2555,#2554);
#2557=DIRECTION('',(0.E0,1.E0,0.E0));
#2558=VECTOR('',#2557,3.071572875254E0);
#2559=CARTESIAN_POINT('',(-8.3E1,-2.207157287525E1,7.4E1));
#2560=LINE('',#2559,#2558);
#2561=CARTESIAN_POINT('',(-8.5E1,-2.207157287525E1,7.4E1));
#2562=DIRECTION('',(0.E0,0.E0,1.E0));
#2563=DIRECTION('',(7.071067811865E-1,-7.071067811865E-1,0.E0));
#2564=AXIS2_PLACEMENT_3D('',#2561,#2562,#2563);
#2566=DIRECTION('',(7.071067811865E-1,7.071067811865E-1,0.E0));
#2567=VECTOR('',#2566,2.348528137424E0);
#2568=CARTESIAN_POINT('',(-8.524644660941E1,-2.514644660941E1,7.4E1));
#2569=LINE('',#2568,#2567);
#2570=CARTESIAN_POINT('',(-8.489289321881E1,-2.55E1,7.4E1));
#2571=DIRECTION('',(0.E0,0.E0,-1.E0));
#2572=DIRECTION('',(0.E0,-1.E0,0.E0));
#2573=AXIS2_PLACEMENT_3D('',#2570,#2571,#2572);
#2575=DIRECTION('',(-1.E0,0.E0,0.E0));
#2576=VECTOR('',#2575,1.892893218813E0);
#2577=CARTESIAN_POINT('',(-8.3E1,-2.6E1,7.4E1));
#2578=LINE('',#2577,#2576);
#2579=DIRECTION('',(0.E0,1.E0,0.E0));
#2580=VECTOR('',#2579,4.E0);
#2581=CARTESIAN_POINT('',(-8.3E1,-3.E1,7.4E1));
#2582=LINE('',#2581,#2580);
#2583=CARTESIAN_POINT('',(-7.91E1,-3.8E1,7.4E1));
#2584=DIRECTION('',(0.E0,0.E0,-1.E0));
#2585=DIRECTION('',(-1.E0,0.E0,0.E0));
#2586=AXIS2_PLACEMENT_3D('',#2583,#2584,#2585);
#2588=DIRECTION('',(0.E0,0.E0,1.E0));
#2589=VECTOR('',#2588,7.E0);
#2590=CARTESIAN_POINT('',(-8.3E1,-1.9E1,6.7E1));
#2591=LINE('',#2590,#2589);
#2592=DIRECTION('',(0.E0,0.E0,1.E0));
#2593=VECTOR('',#2592,7.E0);
#2594=CARTESIAN_POINT('',(-8.3E1,-2.207157287525E1,6.7E1));
#2595=LINE('',#2594,#2593);
#2596=DIRECTION('',(0.E0,0.E0,1.E0));
#2597=VECTOR('',#2596,7.E0);
#2598=CARTESIAN_POINT('',(-8.358578643763E1,-2.348578643763E1,6.7E1));
#2599=LINE('',#2598,#2597);
#2600=DIRECTION('',(0.E0,0.E0,1.E0));
#2601=VECTOR('',#2600,7.E0);
#2602=CARTESIAN_POINT('',(-8.524644660941E1,-2.514644660941E1,6.7E1));
#2603=LINE('',#2602,#2601);
#2604=DIRECTION('',(0.E0,0.E0,1.E0));
#2605=VECTOR('',#2604,7.E0);
#2606=CARTESIAN_POINT('',(-8.489289321881E1,-2.6E1,6.7E1));
#2607=LINE('',#2606,#2605);
#2608=DIRECTION('',(0.E0,0.E0,1.E0));
#2609=VECTOR('',#2608,7.E0);
#2610=CARTESIAN_POINT('',(-8.3E1,-2.6E1,6.7E1));
#2611=LINE('',#2610,#2609);
#2612=DIRECTION('',(0.E0,0.E0,1.E0));
#2613=VECTOR('',#2612,7.E0);
#2614=CARTESIAN_POINT('',(-8.3E1,-3.E1,6.7E1));
#2615=LINE('',#2614,#2613);
#2616=CARTESIAN_POINT('',(-3.574356076261E0,-2.3E1,6.8E1));
#2617=CARTESIAN_POINT('',(-3.682556443045E0,-2.3E1,6.8E1));
#2618=CARTESIAN_POINT('',(-3.898367052135E0,-2.299596154905E1,6.8E1));
#2619=CARTESIAN_POINT('',(-4.112958689149E0,-2.298937210684E1,6.8E1));
#2620=CARTESIAN_POINT('',(-4.22E0,-2.298654083778E1,6.8E1));
#2622=DIRECTION('',(0.E0,1.E0,0.E0));
#2623=VECTOR('',#2622,1.5E1);
#2624=CARTESIAN_POINT('',(-4.72E0,-3.8E1,6.8E1));
#2625=LINE('',#2624,#2623);
#2626=DIRECTION('',(0.E0,1.E0,0.E0));
#2627=VECTOR('',#2626,1.5E1);
#2628=CARTESIAN_POINT('',(-4.72E0,-3.8E1,6.3E1));
#2629=LINE('',#2628,#2627);
#2630=DIRECTION('',(0.E0,1.E0,0.E0));
#2631=VECTOR('',#2630,1.5E1);
#2632=CARTESIAN_POINT('',(-3.472E1,-3.8E1,6.3E1));
#2633=LINE('',#2632,#2631);
#2634=DIRECTION('',(0.E0,-1.E0,0.E0));
#2635=VECTOR('',#2634,2.E0);
#2636=CARTESIAN_POINT('',(-1.42E1,-3.8E1,1.E1));
#2637=LINE('',#2636,#2635);
#2638=DIRECTION('',(0.E0,-1.E0,0.E0));
#2639=VECTOR('',#2638,2.E0);
#2640=CARTESIAN_POINT('',(-1.42E1,-3.8E1,8.E1));
#2641=LINE('',#2640,#2639);
#2642=DIRECTION('',(0.E0,-1.E0,0.E0));
#2643=VECTOR('',#2642,2.E0);
#2644=CARTESIAN_POINT('',(-1.22E1,-3.8E1,8.E1));
#2645=LINE('',#2644,#2643);
#2646=DIRECTION('',(0.E0,-1.E0,0.E0));
#2647=VECTOR('',#2646,2.E0);
#2648=CARTESIAN_POINT('',(-1.22E1,-3.8E1,1.E1));
#2649=LINE('',#2648,#2647);
#2650=DIRECTION('',(0.E0,-1.E0,0.E0));
#2651=VECTOR('',#2650,2.E0);
#2652=CARTESIAN_POINT('',(-1.84E1,-3.8E1,1.E1));
#2653=LINE('',#2652,#2651);
#2654=DIRECTION('',(0.E0,-1.E0,0.E0));
#2655=VECTOR('',#2654,2.E0);
#2656=CARTESIAN_POINT('',(-1.84E1,-3.8E1,8.E1));
#2657=LINE('',#2656,#2655);
#2658=DIRECTION('',(0.E0,-1.E0,0.E0));
#2659=VECTOR('',#2658,2.E0);
#2660=CARTESIAN_POINT('',(-1.64E1,-3.8E1,8.E1));
#2661=LINE('',#2660,#2659);
#2662=DIRECTION('',(0.E0,-1.E0,0.E0));
#2663=VECTOR('',#2662,2.E0);
#2664=CARTESIAN_POINT('',(-1.64E1,-3.8E1,1.E1));
#2665=LINE('',#2664,#2663);
#2666=DIRECTION('',(0.E0,-1.E0,0.E0));
#2667=VECTOR('',#2666,2.E0);
#2668=CARTESIAN_POINT('',(-2.26E1,-3.8E1,1.E1));
#2669=LINE('',#2668,#2667);
#2670=DIRECTION('',(0.E0,-1.E0,0.E0));
#2671=VECTOR('',#2670,2.E0);
#2672=CARTESIAN_POINT('',(-2.26E1,-3.8E1,8.E1));
#2673=LINE('',#2672,#2671);
#2674=DIRECTION('',(0.E0,-1.E0,0.E0));
#2675=VECTOR('',#2674,2.E0);
#2676=CARTESIAN_POINT('',(-2.06E1,-3.8E1,8.E1));
#2677=LINE('',#2676,#2675);
#2678=DIRECTION('',(0.E0,-1.E0,0.E0));
#2679=VECTOR('',#2678,2.E0);
#2680=CARTESIAN_POINT('',(-2.06E1,-3.8E1,1.E1));
#2681=LINE('',#2680,#2679);
#2682=DIRECTION('',(0.E0,-1.E0,0.E0));
#2683=VECTOR('',#2682,2.E0);
#2684=CARTESIAN_POINT('',(-2.68E1,-3.8E1,1.E1));
#2685=LINE('',#2684,#2683);
#2686=DIRECTION('',(0.E0,-1.E0,0.E0));
#2687=VECTOR('',#2686,2.E0);
#2688=CARTESIAN_POINT('',(-2.68E1,-3.8E1,8.E1));
#2689=LINE('',#2688,#2687);
#2690=DIRECTION('',(0.E0,-1.E0,0.E0));
#2691=VECTOR('',#2690,2.E0);
#2692=CARTESIAN_POINT('',(-2.48E1,-3.8E1,8.E1));
#2693=LINE('',#2692,#2691);
#2694=DIRECTION('',(0.E0,-1.E0,0.E0));
#2695=VECTOR('',#2694,2.E0);
#2696=CARTESIAN_POINT('',(-2.48E1,-3.8E1,1.E1));
#2697=LINE('',#2696,#2695);
#2698=DIRECTION('',(0.E0,-1.E0,0.E0));
#2699=VECTOR('',#2698,2.E0);
#2700=CARTESIAN_POINT('',(-3.1E1,-3.8E1,1.E1));
#2701=LINE('',#2700,#2699);
#2702=DIRECTION('',(0.E0,-1.E0,0.E0));
#2703=VECTOR('',#2702,2.E0);
#2704=CARTESIAN_POINT('',(-3.1E1,-3.8E1,8.E1));
#2705=LINE('',#2704,#2703);
#2706=DIRECTION('',(0.E0,-1.E0,0.E0));
#2707=VECTOR('',#2706,2.E0);
#2708=CARTESIAN_POINT('',(-2.9E1,-3.8E1,8.E1));
#2709=LINE('',#2708,#2707);
#2710=DIRECTION('',(0.E0,-1.E0,0.E0));
#2711=VECTOR('',#2710,2.E0);
#2712=CARTESIAN_POINT('',(-2.9E1,-3.8E1,1.E1));
#2713=LINE('',#2712,#2711);
#2714=DIRECTION('',(0.E0,-1.E0,0.E0));
#2715=VECTOR('',#2714,3.75E0);
#2716=CARTESIAN_POINT('',(-6.051721361807E1,0.E0,8.609733057534E1));
#2717=LINE('',#2716,#2715);
#2718=DIRECTION('',(0.E0,1.E0,0.E0));
#2719=VECTOR('',#2718,3.75E0);
#2720=CARTESIAN_POINT('',(-5.739471461887E1,-3.75E0,8.609733057534E1));
#2721=LINE('',#2720,#2719);
#2722=CARTESIAN_POINT('',(-9.E1,-4.E1,9.E0));
#2723=CARTESIAN_POINT('',(-8.1E1,-4.E1,0.E0));
#2724=VERTEX_POINT('',#2722);
#2725=VERTEX_POINT('',#2723);
#2726=CARTESIAN_POINT('',(-8.1E1,-4.E1,9.E1));
#2727=CARTESIAN_POINT('',(-9.E1,-4.E1,8.1E1));
#2728=VERTEX_POINT('',#2726);
#2729=VERTEX_POINT('',#2727);
#2730=CARTESIAN_POINT('',(0.E0,-4.E1,8.1E1));
#2731=CARTESIAN_POINT('',(-9.E0,-4.E1,9.E1));
#2732=VERTEX_POINT('',#2730);
#2733=VERTEX_POINT('',#2731);
#2734=CARTESIAN_POINT('',(-9.E0,0.E0,9.E1));
#2735=VERTEX_POINT('',#2734);
#2736=CARTESIAN_POINT('',(0.E0,0.E0,8.1E1));
#2737=VERTEX_POINT('',#2736);
#2738=CARTESIAN_POINT('',(-9.E0,-4.E1,0.E0));
#2739=CARTESIAN_POINT('',(0.E0,-4.E1,9.E0));
#2740=VERTEX_POINT('',#2738);
#2741=VERTEX_POINT('',#2739);
#2742=CARTESIAN_POINT('',(0.E0,0.E0,9.E0));
#2743=VERTEX_POINT('',#2742);
#2744=CARTESIAN_POINT('',(-9.E0,0.E0,0.E0));
#2745=VERTEX_POINT('',#2744);
#2746=CARTESIAN_POINT('',(-8.8E1,-3.8E1,9.E0));
#2747=CARTESIAN_POINT('',(-8.1E1,-3.8E1,2.E0));
#2748=VERTEX_POINT('',#2746);
#2749=VERTEX_POINT('',#2747);
#2750=CARTESIAN_POINT('',(-8.1E1,-3.8E1,8.8E1));
#2751=CARTESIAN_POINT('',(-8.8E1,-3.8E1,8.1E1));
#2752=VERTEX_POINT('',#2750);
#2753=VERTEX_POINT('',#2751);
#2754=CARTESIAN_POINT('',(-2.E0,-3.8E1,8.1E1));
#2755=CARTESIAN_POINT('',(-9.E0,-3.8E1,8.8E1));
#2756=VERTEX_POINT('',#2754);
#2757=VERTEX_POINT('',#2755);
#2758=CARTESIAN_POINT('',(-9.E0,-3.8E1,2.E0));
#2759=CARTESIAN_POINT('',(-2.E0,-3.8E1,9.E0));
#2760=VERTEX_POINT('',#2758);
#2761=VERTEX_POINT('',#2759);
#2762=CARTESIAN_POINT('',(-8.358578643763E1,-2.348578643763E1,1.2E1));
#2763=CARTESIAN_POINT('',(-8.3E1,-2.207157287525E1,1.2E1));
#2764=VERTEX_POINT('',#2762);
#2765=VERTEX_POINT('',#2763);
#2766=CARTESIAN_POINT('',(-8.3E1,-1.9E1,1.2E1));
#2767=VERTEX_POINT('',#2766);
#2768=CARTESIAN_POINT('',(-8.3E1,-3.E1,1.2E1));
#2769=CARTESIAN_POINT('',(-8.3E1,-2.6E1,1.2E1));
#2770=VERTEX_POINT('',#2768);
#2771=VERTEX_POINT('',#2769);
#2772=CARTESIAN_POINT('',(-8.489289321881E1,-2.6E1,1.2E1));
#2773=VERTEX_POINT('',#2772);
#2774=CARTESIAN_POINT('',(-8.358578643763E1,-2.348578643763E1,1.9E1));
#2775=CARTESIAN_POINT('',(-8.3E1,-2.207157287525E1,1.9E1));
#2776=VERTEX_POINT('',#2774);
#2777=VERTEX_POINT('',#2775);
#2778=CARTESIAN_POINT('',(-8.3E1,-1.9E1,1.9E1));
#2779=VERTEX_POINT('',#2778);
#2780=CARTESIAN_POINT('',(-8.3E1,-3.E1,1.9E1));
#2781=CARTESIAN_POINT('',(-8.3E1,-2.6E1,1.9E1));
#2782=VERTEX_POINT('',#2780);
#2783=VERTEX_POINT('',#2781);
#2784=CARTESIAN_POINT('',(-8.489289321881E1,-2.6E1,1.9E1));
#2785=VERTEX_POINT('',#2784);
#2786=CARTESIAN_POINT('',(-8.8E1,-3.8E1,1.2E1));
#2787=CARTESIAN_POINT('',(-8.8E1,-1.9E1,1.2E1));
#2788=VERTEX_POINT('',#2786);
#2789=VERTEX_POINT('',#2787);
#2790=CARTESIAN_POINT('',(-8.8E1,-3.8E1,1.9E1));
#2791=CARTESIAN_POINT('',(-8.8E1,-1.9E1,1.9E1));
#2792=VERTEX_POINT('',#2790);
#2793=VERTEX_POINT('',#2791);
#2794=CARTESIAN_POINT('',(-8.358578643763E1,-2.348578643763E1,6.7E1));
#2795=CARTESIAN_POINT('',(-8.3E1,-2.207157287525E1,6.7E1));
#2796=VERTEX_POINT('',#2794);
#2797=VERTEX_POINT('',#2795);
#2798=CARTESIAN_POINT('',(-8.3E1,-1.9E1,6.7E1));
#2799=VERTEX_POINT('',#2798);
#2800=CARTESIAN_POINT('',(-8.3E1,-3.E1,6.7E1));
#2801=CARTESIAN_POINT('',(-8.3E1,-2.6E1,6.7E1));
#2802=VERTEX_POINT('',#2800);
#2803=VERTEX_POINT('',#2801);
#2804=CARTESIAN_POINT('',(-8.489289321881E1,-2.6E1,6.7E1));
#2805=VERTEX_POINT('',#2804);
#2806=CARTESIAN_POINT('',(-8.358578643763E1,-2.348578643763E1,7.4E1));
#2807=CARTESIAN_POINT('',(-8.3E1,-2.207157287525E1,7.4E1));
#2808=VERTEX_POINT('',#2806);
#2809=VERTEX_POINT('',#2807);
#2810=CARTESIAN_POINT('',(-8.3E1,-1.9E1,7.4E1));
#2811=VERTEX_POINT('',#2810);
#2812=CARTESIAN_POINT('',(-8.3E1,-3.E1,7.4E1));
#2813=CARTESIAN_POINT('',(-8.3E1,-2.6E1,7.4E1));
#2814=VERTEX_POINT('',#2812);
#2815=VERTEX_POINT('',#2813);
#2816=CARTESIAN_POINT('',(-8.489289321881E1,-2.6E1,7.4E1));
#2817=VERTEX_POINT('',#2816);
#2818=CARTESIAN_POINT('',(-8.8E1,-3.8E1,6.7E1));
#2819=CARTESIAN_POINT('',(-8.8E1,-1.9E1,6.7E1));
#2820=VERTEX_POINT('',#2818);
#2821=VERTEX_POINT('',#2819);
#2822=CARTESIAN_POINT('',(-8.8E1,-3.8E1,7.4E1));
#2823=CARTESIAN_POINT('',(-8.8E1,-1.9E1,7.4E1));
#2824=VERTEX_POINT('',#2822);
#2825=VERTEX_POINT('',#2823);
#2826=CARTESIAN_POINT('',(-4.E0,-1.4E1,1.2E1));
#2827=CARTESIAN_POINT('',(-4.E0,-1.687312818723E1,1.2E1));
#2828=VERTEX_POINT('',#2826);
#2829=VERTEX_POINT('',#2827);
#2830=CARTESIAN_POINT('',(-4.E0,-2.1E1,1.2E1));
#2831=CARTESIAN_POINT('',(-4.E0,-2.6E1,1.2E1));
#2832=VERTEX_POINT('',#2830);
#2833=VERTEX_POINT('',#2831);
#2834=CARTESIAN_POINT('',(-4.E0,-1.4E1,4.7E1));
#2835=CARTESIAN_POINT('',(-4.E0,-1.687312818723E1,4.7E1));
#2836=VERTEX_POINT('',#2834);
#2837=VERTEX_POINT('',#2835);
#2838=CARTESIAN_POINT('',(-4.E0,-2.1E1,4.7E1));
#2839=CARTESIAN_POINT('',(-4.E0,-2.6E1,4.7E1));
#2840=VERTEX_POINT('',#2838);
#2841=VERTEX_POINT('',#2839);
#2842=CARTESIAN_POINT('',(-2.E0,-3.348331477355E1,1.2E1));
#2843=CARTESIAN_POINT('',(-2.E0,-2.1E1,1.2E1));
#2844=VERTEX_POINT('',#2842);
#2845=VERTEX_POINT('',#2843);
#2846=CARTESIAN_POINT('',(-2.E0,-2.032287565553E1,1.2E1));
#2847=CARTESIAN_POINT('',(-2.E0,-1.4E1,1.2E1));
#2848=VERTEX_POINT('',#2846);
#2849=VERTEX_POINT('',#2847);
#2850=CARTESIAN_POINT('',(-2.E0,-3.348331477355E1,4.7E1));
#2851=CARTESIAN_POINT('',(-2.E0,-2.1E1,4.7E1));
#2852=VERTEX_POINT('',#2850);
#2853=VERTEX_POINT('',#2851);
#2854=CARTESIAN_POINT('',(-2.E0,-2.032287565553E1,4.7E1));
#2855=CARTESIAN_POINT('',(-2.E0,-1.4E1,4.7E1));
#2856=VERTEX_POINT('',#2854);
#2857=VERTEX_POINT('',#2855);
#2858=CARTESIAN_POINT('',(-4.05E1,-1.9E1,1.4E1));
#2859=CARTESIAN_POINT('',(-4.15E1,-1.9E1,1.4E1));
#2860=VERTEX_POINT('',#2858);
#2861=VERTEX_POINT('',#2859);
#2862=CARTESIAN_POINT('',(-4.387034607950E1,-2.310555984121E1,1.4E1));
#2863=VERTEX_POINT('',#2862);
#2864=CARTESIAN_POINT('',(-4.379088676820E1,-2.370911323180E1,1.4E1));
#2865=VERTEX_POINT('',#2864);
#2866=CARTESIAN_POINT('',(-4.235355339059E1,-2.6E1,1.4E1));
#2867=CARTESIAN_POINT('',(-4.45E1,-2.6E1,1.4E1));
#2868=VERTEX_POINT('',#2866);
#2869=VERTEX_POINT('',#2867);
#2870=CARTESIAN_POINT('',(-4.45E1,-2.8E1,1.4E1));
#2871=VERTEX_POINT('',#2870);
#2872=CARTESIAN_POINT('',(-4.374676703703E1,-2.875323296297E1,1.4E1));
#2873=VERTEX_POINT('',#2872);
#2874=CARTESIAN_POINT('',(-4.286808738059E1,-3.087455330653E1,1.4E1));
#2875=VERTEX_POINT('',#2874);
#2876=CARTESIAN_POINT('',(-4.286808738059E1,-3.1E1,1.4E1));
#2877=VERTEX_POINT('',#2876);
#2878=CARTESIAN_POINT('',(-4.05E1,-1.9E1,2.2E1));
#2879=CARTESIAN_POINT('',(-4.15E1,-1.9E1,2.2E1));
#2880=VERTEX_POINT('',#2878);
#2881=VERTEX_POINT('',#2879);
#2882=CARTESIAN_POINT('',(-4.387034607950E1,-2.310555984121E1,2.2E1));
#2883=VERTEX_POINT('',#2882);
#2884=CARTESIAN_POINT('',(-4.379088676820E1,-2.370911323180E1,2.2E1));
#2885=VERTEX_POINT('',#2884);
#2886=CARTESIAN_POINT('',(-4.235355339059E1,-2.6E1,2.2E1));
#2887=CARTESIAN_POINT('',(-4.45E1,-2.6E1,2.2E1));
#2888=VERTEX_POINT('',#2886);
#2889=VERTEX_POINT('',#2887);
#2890=CARTESIAN_POINT('',(-4.45E1,-2.8E1,2.2E1));
#2891=VERTEX_POINT('',#2890);
#2892=CARTESIAN_POINT('',(-4.374676703703E1,-2.875323296297E1,2.2E1));
#2893=VERTEX_POINT('',#2892);
#2894=CARTESIAN_POINT('',(-4.286808738059E1,-3.087455330653E1,2.2E1));
#2895=VERTEX_POINT('',#2894);
#2896=CARTESIAN_POINT('',(-4.286808738059E1,-3.1E1,2.2E1));
#2897=VERTEX_POINT('',#2896);
#2898=CARTESIAN_POINT('',(-4.986808738059E1,-3.8E1,1.4E1));
#2899=CARTESIAN_POINT('',(-4.05E1,-3.8E1,1.4E1));
#2900=VERTEX_POINT('',#2898);
#2901=VERTEX_POINT('',#2899);
#2902=CARTESIAN_POINT('',(-4.986808738059E1,-3.8E1,2.2E1));
#2903=CARTESIAN_POINT('',(-4.05E1,-3.8E1,2.2E1));
#2904=VERTEX_POINT('',#2902);
#2905=VERTEX_POINT('',#2903);
#2906=CARTESIAN_POINT('',(-4.05E1,-1.9E1,6.9E1));
#2907=CARTESIAN_POINT('',(-4.15E1,-1.9E1,6.9E1));
#2908=VERTEX_POINT('',#2906);
#2909=VERTEX_POINT('',#2907);
#2910=CARTESIAN_POINT('',(-4.387034607950E1,-2.310555984121E1,6.9E1));
#2911=VERTEX_POINT('',#2910);
#2912=CARTESIAN_POINT('',(-4.379088676820E1,-2.370911323180E1,6.9E1));
#2913=VERTEX_POINT('',#2912);
#2914=CARTESIAN_POINT('',(-4.235355339059E1,-2.6E1,6.9E1));
#2915=CARTESIAN_POINT('',(-4.45E1,-2.6E1,6.9E1));
#2916=VERTEX_POINT('',#2914);
#2917=VERTEX_POINT('',#2915);
#2918=CARTESIAN_POINT('',(-4.45E1,-2.8E1,6.9E1));
#2919=VERTEX_POINT('',#2918);
#2920=CARTESIAN_POINT('',(-4.374676703703E1,-2.875323296297E1,6.9E1));
#2921=VERTEX_POINT('',#2920);
#2922=CARTESIAN_POINT('',(-4.286808738059E1,-3.087455330653E1,6.9E1));
#2923=VERTEX_POINT('',#2922);
#2924=CARTESIAN_POINT('',(-4.286808738059E1,-3.1E1,6.9E1));
#2925=VERTEX_POINT('',#2924);
#2926=CARTESIAN_POINT('',(-4.05E1,-1.9E1,7.7E1));
#2927=CARTESIAN_POINT('',(-4.15E1,-1.9E1,7.7E1));
#2928=VERTEX_POINT('',#2926);
#2929=VERTEX_POINT('',#2927);
#2930=CARTESIAN_POINT('',(-4.387034607950E1,-2.310555984121E1,7.7E1));
#2931=VERTEX_POINT('',#2930);
#2932=CARTESIAN_POINT('',(-4.379088676820E1,-2.370911323180E1,7.7E1));
#2933=VERTEX_POINT('',#2932);
#2934=CARTESIAN_POINT('',(-4.235355339059E1,-2.6E1,7.7E1));
#2935=CARTESIAN_POINT('',(-4.45E1,-2.6E1,7.7E1));
#2936=VERTEX_POINT('',#2934);
#2937=VERTEX_POINT('',#2935);
#2938=CARTESIAN_POINT('',(-4.45E1,-2.8E1,7.7E1));
#2939=VERTEX_POINT('',#2938);
#2940=CARTESIAN_POINT('',(-4.374676703703E1,-2.875323296297E1,7.7E1));
#2941=VERTEX_POINT('',#2940);
#2942=CARTESIAN_POINT('',(-4.286808738059E1,-3.087455330653E1,7.7E1));
#2943=VERTEX_POINT('',#2942);
#2944=CARTESIAN_POINT('',(-4.286808738059E1,-3.1E1,7.7E1));
#2945=VERTEX_POINT('',#2944);
#2946=CARTESIAN_POINT('',(-4.986808738059E1,-3.8E1,6.9E1));
#2947=CARTESIAN_POINT('',(-4.05E1,-3.8E1,6.9E1));
#2948=VERTEX_POINT('',#2946);
#2949=VERTEX_POINT('',#2947);
#2950=CARTESIAN_POINT('',(-4.986808738059E1,-3.8E1,7.7E1));
#2951=CARTESIAN_POINT('',(-4.05E1,-3.8E1,7.7E1));
#2952=VERTEX_POINT('',#2950);
#2953=VERTEX_POINT('',#2951);
#2954=CARTESIAN_POINT('',(-3.526995784031E1,-1.826995784031E1,2.8E1));
#2955=CARTESIAN_POINT('',(-3.519049852901E1,-1.766640444972E1,2.8E1));
#2956=VERTEX_POINT('',#2954);
#2957=VERTEX_POINT('',#2955);
#2958=CARTESIAN_POINT('',(-3.788464839420E1,-1.3E1,2.8E1));
#2959=VERTEX_POINT('',#2958);
#2960=CARTESIAN_POINT('',(-3.888464839420E1,-1.3E1,2.8E1));
#2961=VERTEX_POINT('',#2960);
#2962=CARTESIAN_POINT('',(-3.638464839420E1,-3.3E1,2.8E1));
#2963=CARTESIAN_POINT('',(-3.638464839420E1,-2.612728908132E1,2.8E1));
#2964=VERTEX_POINT('',#2962);
#2965=VERTEX_POINT('',#2963);
#2966=CARTESIAN_POINT('',(-3.550596873776E1,-2.400596873776E1,2.8E1));
#2967=VERTEX_POINT('',#2966);
#2968=CARTESIAN_POINT('',(-3.45E1,-2.3E1,2.8E1));
#2969=VERTEX_POINT('',#2968);
#2970=CARTESIAN_POINT('',(-3.45E1,-2.1E1,2.8E1));
#2971=VERTEX_POINT('',#2970);
#2972=CARTESIAN_POINT('',(-3.679289321881E1,-2.1E1,2.8E1));
#2973=VERTEX_POINT('',#2972);
#2974=CARTESIAN_POINT('',(-3.714644660941E1,-2.014644660941E1,2.8E1));
#2975=VERTEX_POINT('',#2974);
#2976=CARTESIAN_POINT('',(-3.526995784031E1,-1.826995784031E1,3.6E1));
#2977=CARTESIAN_POINT('',(-3.519049852901E1,-1.766640444972E1,3.6E1));
#2978=VERTEX_POINT('',#2976);
#2979=VERTEX_POINT('',#2977);
#2980=CARTESIAN_POINT('',(-3.788464839420E1,-1.3E1,3.6E1));
#2981=VERTEX_POINT('',#2980);
#2982=CARTESIAN_POINT('',(-3.888464839420E1,-1.3E1,3.6E1));
#2983=VERTEX_POINT('',#2982);
#2984=CARTESIAN_POINT('',(-3.638464839420E1,-3.3E1,3.6E1));
#2985=CARTESIAN_POINT('',(-3.638464839420E1,-2.612728908132E1,3.6E1));
#2986=VERTEX_POINT('',#2984);
#2987=VERTEX_POINT('',#2985);
#2988=CARTESIAN_POINT('',(-3.550596873776E1,-2.400596873776E1,3.6E1));
#2989=VERTEX_POINT('',#2988);
#2990=CARTESIAN_POINT('',(-3.45E1,-2.3E1,3.6E1));
#2991=VERTEX_POINT('',#2990);
#2992=CARTESIAN_POINT('',(-3.45E1,-2.1E1,3.6E1));
#2993=VERTEX_POINT('',#2992);
#2994=CARTESIAN_POINT('',(-3.679289321881E1,-2.1E1,3.6E1));
#2995=VERTEX_POINT('',#2994);
#2996=CARTESIAN_POINT('',(-3.714644660941E1,-2.014644660941E1,3.6E1));
#2997=VERTEX_POINT('',#2996);
#2998=CARTESIAN_POINT('',(-3.888464839420E1,-3.8E1,2.8E1));
#2999=CARTESIAN_POINT('',(-3.138464839420E1,-3.8E1,2.8E1));
#3000=VERTEX_POINT('',#2998);
#3001=VERTEX_POINT('',#2999);
#3002=CARTESIAN_POINT('',(-3.888464839420E1,-3.8E1,3.6E1));
#3003=CARTESIAN_POINT('',(-3.138464839420E1,-3.8E1,3.6E1));
#3004=VERTEX_POINT('',#3002);
#3005=VERTEX_POINT('',#3003);
#3006=CARTESIAN_POINT('',(-3.472E1,-3.8E1,6.8E1));
#3007=CARTESIAN_POINT('',(-3.472E1,-3.8E1,6.3E1));
#3008=VERTEX_POINT('',#3006);
#3009=VERTEX_POINT('',#3007);
#3010=CARTESIAN_POINT('',(-2.E0,-3.8E1,6.3E1));
#3011=CARTESIAN_POINT('',(-4.72E0,-3.8E1,6.3E1));
#3012=VERTEX_POINT('',#3010);
#3013=VERTEX_POINT('',#3011);
#3014=CARTESIAN_POINT('',(-4.72E0,-3.8E1,6.8E1));
#3015=VERTEX_POINT('',#3014);
#3016=CARTESIAN_POINT('',(-2.E0,-3.8E1,6.8E1));
#3017=VERTEX_POINT('',#3016);
#3018=CARTESIAN_POINT('',(-2.E0,-2.3E1,6.3E1));
#3019=VERTEX_POINT('',#3018);
#3020=CARTESIAN_POINT('',(-2.E0,-2.3E1,6.8E1));
#3021=VERTEX_POINT('',#3020);
#3022=CARTESIAN_POINT('',(-3.472E1,-2.3E1,6.8E1));
#3023=VERTEX_POINT('',#3022);
#3024=CARTESIAN_POINT('',(-3.472E1,-2.3E1,6.3E1));
#3025=VERTEX_POINT('',#3024);
#3026=CARTESIAN_POINT('',(-4.72E0,-2.3E1,6.3E1));
#3027=VERTEX_POINT('',#3026);
#3028=CARTESIAN_POINT('',(-4.72E0,-2.3E1,6.8E1));
#3029=VERTEX_POINT('',#3028);
#3030=CARTESIAN_POINT('',(-1.E1,-4.E1,1.E1));
#3031=CARTESIAN_POINT('',(-1.E1,-4.E1,8.E1));
#3032=VERTEX_POINT('',#3030);
#3033=VERTEX_POINT('',#3031);
#3034=CARTESIAN_POINT('',(-8.E0,-4.E1,8.E1));
#3035=VERTEX_POINT('',#3034);
#3036=CARTESIAN_POINT('',(-8.E0,-4.E1,1.E1));
#3037=VERTEX_POINT('',#3036);
#3038=CARTESIAN_POINT('',(-1.E1,-3.8E1,1.E1));
#3039=CARTESIAN_POINT('',(-1.E1,-3.8E1,8.E1));
#3040=VERTEX_POINT('',#3038);
#3041=VERTEX_POINT('',#3039);
#3042=CARTESIAN_POINT('',(-8.E0,-3.8E1,8.E1));
#3043=VERTEX_POINT('',#3042);
#3044=CARTESIAN_POINT('',(-8.E0,-3.8E1,1.E1));
#3045=VERTEX_POINT('',#3044);
#3046=CARTESIAN_POINT('',(-1.42E1,-4.E1,1.E1));
#3047=CARTESIAN_POINT('',(-1.42E1,-4.E1,8.E1));
#3048=VERTEX_POINT('',#3046);
#3049=VERTEX_POINT('',#3047);
#3050=CARTESIAN_POINT('',(-1.22E1,-4.E1,8.E1));
#3051=VERTEX_POINT('',#3050);
#3052=CARTESIAN_POINT('',(-1.22E1,-4.E1,1.E1));
#3053=VERTEX_POINT('',#3052);
#3054=CARTESIAN_POINT('',(-1.42E1,-3.8E1,1.E1));
#3055=CARTESIAN_POINT('',(-1.42E1,-3.8E1,8.E1));
#3056=VERTEX_POINT('',#3054);
#3057=VERTEX_POINT('',#3055);
#3058=CARTESIAN_POINT('',(-1.22E1,-3.8E1,8.E1));
#3059=VERTEX_POINT('',#3058);
#3060=CARTESIAN_POINT('',(-1.22E1,-3.8E1,1.E1));
#3061=VERTEX_POINT('',#3060);
#3062=CARTESIAN_POINT('',(-1.84E1,-4.E1,1.E1));
#3063=CARTESIAN_POINT('',(-1.84E1,-4.E1,8.E1));
#3064=VERTEX_POINT('',#3062);
#3065=VERTEX_POINT('',#3063);
#3066=CARTESIAN_POINT('',(-1.64E1,-4.E1,8.E1));
#3067=VERTEX_POINT('',#3066);
#3068=CARTESIAN_POINT('',(-1.64E1,-4.E1,1.E1));
#3069=VERTEX_POINT('',#3068);
#3070=CARTESIAN_POINT('',(-1.84E1,-3.8E1,1.E1));
#3071=CARTESIAN_POINT('',(-1.84E1,-3.8E1,8.E1));
#3072=VERTEX_POINT('',#3070);
#3073=VERTEX_POINT('',#3071);
#3074=CARTESIAN_POINT('',(-1.64E1,-3.8E1,8.E1));
#3075=VERTEX_POINT('',#3074);
#3076=CARTESIAN_POINT('',(-1.64E1,-3.8E1,1.E1));
#3077=VERTEX_POINT('',#3076);
#3078=CARTESIAN_POINT('',(-2.26E1,-4.E1,1.E1));
#3079=CARTESIAN_POINT('',(-2.26E1,-4.E1,8.E1));
#3080=VERTEX_POINT('',#3078);
#3081=VERTEX_POINT('',#3079);
#3082=CARTESIAN_POINT('',(-2.06E1,-4.E1,8.E1));
#3083=VERTEX_POINT('',#3082);
#3084=CARTESIAN_POINT('',(-2.06E1,-4.E1,1.E1));
#3085=VERTEX_POINT('',#3084);
#3086=CARTESIAN_POINT('',(-2.26E1,-3.8E1,1.E1));
#3087=CARTESIAN_POINT('',(-2.26E1,-3.8E1,8.E1));
#3088=VERTEX_POINT('',#3086);
#3089=VERTEX_POINT('',#3087);
#3090=CARTESIAN_POINT('',(-2.06E1,-3.8E1,8.E1));
#3091=VERTEX_POINT('',#3090);
#3092=CARTESIAN_POINT('',(-2.06E1,-3.8E1,1.E1));
#3093=VERTEX_POINT('',#3092);
#3094=CARTESIAN_POINT('',(-2.68E1,-4.E1,1.E1));
#3095=CARTESIAN_POINT('',(-2.68E1,-4.E1,8.E1));
#3096=VERTEX_POINT('',#3094);
#3097=VERTEX_POINT('',#3095);
#3098=CARTESIAN_POINT('',(-2.48E1,-4.E1,8.E1));
#3099=VERTEX_POINT('',#3098);
#3100=CARTESIAN_POINT('',(-2.48E1,-4.E1,1.E1));
#3101=VERTEX_POINT('',#3100);
#3102=CARTESIAN_POINT('',(-2.68E1,-3.8E1,1.E1));
#3103=CARTESIAN_POINT('',(-2.68E1,-3.8E1,8.E1));
#3104=VERTEX_POINT('',#3102);
#3105=VERTEX_POINT('',#3103);
#3106=CARTESIAN_POINT('',(-2.48E1,-3.8E1,8.E1));
#3107=VERTEX_POINT('',#3106);
#3108=CARTESIAN_POINT('',(-2.48E1,-3.8E1,1.E1));
#3109=VERTEX_POINT('',#3108);
#3110=CARTESIAN_POINT('',(-3.1E1,-4.E1,1.E1));
#3111=CARTESIAN_POINT('',(-3.1E1,-4.E1,8.E1));
#3112=VERTEX_POINT('',#3110);
#3113=VERTEX_POINT('',#3111);
#3114=CARTESIAN_POINT('',(-2.9E1,-4.E1,8.E1));
#3115=VERTEX_POINT('',#3114);
#3116=CARTESIAN_POINT('',(-2.9E1,-4.E1,1.E1));
#3117=VERTEX_POINT('',#3116);
#3118=CARTESIAN_POINT('',(-3.1E1,-3.8E1,1.E1));
#3119=CARTESIAN_POINT('',(-3.1E1,-3.8E1,8.E1));
#3120=VERTEX_POINT('',#3118);
#3121=VERTEX_POINT('',#3119);
#3122=CARTESIAN_POINT('',(-2.9E1,-3.8E1,8.E1));
#3123=VERTEX_POINT('',#3122);
#3124=CARTESIAN_POINT('',(-2.9E1,-3.8E1,1.E1));
#3125=VERTEX_POINT('',#3124);
#3126=CARTESIAN_POINT('',(-4.210355339059E1,-2.539644660941E1,1.4E1));
#3127=VERTEX_POINT('',#3126);
#3128=CARTESIAN_POINT('',(-4.210355339059E1,-2.539644660941E1,2.2E1));
#3129=VERTEX_POINT('',#3128);
#3130=CARTESIAN_POINT('',(-4.210355339059E1,-2.539644660941E1,6.9E1));
#3131=VERTEX_POINT('',#3130);
#3132=CARTESIAN_POINT('',(-4.210355339059E1,-2.539644660941E1,7.7E1));
#3133=VERTEX_POINT('',#3132);
#3134=CARTESIAN_POINT('',(-8.524644660941E1,-2.514644660941E1,1.2E1));
#3135=VERTEX_POINT('',#3134);
#3136=CARTESIAN_POINT('',(-8.524644660941E1,-2.514644660941E1,1.9E1));
#3137=VERTEX_POINT('',#3136);
#3138=CARTESIAN_POINT('',(-8.524644660941E1,-2.514644660941E1,6.7E1));
#3139=VERTEX_POINT('',#3138);
#3140=CARTESIAN_POINT('',(-8.524644660941E1,-2.514644660941E1,7.4E1));
#3141=VERTEX_POINT('',#3140);
#3142=CARTESIAN_POINT('',(-3.560660171780E0,-1.793378835901E1,1.2E1));
#3143=VERTEX_POINT('',#3142);
#3144=CARTESIAN_POINT('',(-2.585786437627E0,-1.890866209316E1,1.2E1));
#3145=VERTEX_POINT('',#3144);
#3146=CARTESIAN_POINT('',(-3.560660171780E0,-1.793378835901E1,4.7E1));
#3147=VERTEX_POINT('',#3146);
#3148=CARTESIAN_POINT('',(-2.585786437627E0,-1.890866209316E1,4.7E1));
#3149=VERTEX_POINT('',#3148);
#3150=CARTESIAN_POINT('',(-3.522E1,-1.75E1,6.435435607626E1));
#3151=CARTESIAN_POINT('',(-3.522E1,-1.75E1,6.664564392374E1));
#3152=VERTEX_POINT('',#3150);
#3153=VERTEX_POINT('',#3151);
#3154=CARTESIAN_POINT('',(-3.422E1,-1.75E1,6.435435607626E1));
#3155=CARTESIAN_POINT('',(-3.422E1,-1.75E1,6.664564392374E1));
#3156=VERTEX_POINT('',#3154);
#3157=VERTEX_POINT('',#3155);
#3158=VERTEX_POINT('',#1532);
#3159=VERTEX_POINT('',#1537);
#3160=VERTEX_POINT('',#1551);
#3161=VERTEX_POINT('',#1556);
#3162=CARTESIAN_POINT('',(-3.522E1,-1.782738544004E1,6.398013158464E1));
#3163=VERTEX_POINT('',#3162);
#3164=CARTESIAN_POINT('',(-3.422E1,-1.782738544004E1,6.398013158464E1));
#3165=VERTEX_POINT('',#3164);
#3166=VERTEX_POINT('',#1520);
#3167=VERTEX_POINT('',#1525);
#3168=VERTEX_POINT('',#1544);
#3169=VERTEX_POINT('',#1549);
#3170=CARTESIAN_POINT('',(-3.522E1,-1.782738544004E1,6.701986841536E1));
#3171=VERTEX_POINT('',#3170);
#3172=CARTESIAN_POINT('',(-3.422E1,-1.782738544004E1,6.701986841536E1));
#3173=VERTEX_POINT('',#3172);
#3174=CARTESIAN_POINT('',(-3.422000040447E1,-2.152097876564E1,
6.664564171792E1));
#3175=VERTEX_POINT('',#3174);
#3176=CARTESIAN_POINT('',(-3.421999998702E1,-2.152098025125E1,
6.435435600545E1));
#3177=VERTEX_POINT('',#3176);
#3178=CARTESIAN_POINT('',(-3.521999959553E1,-2.152097876564E1,
6.435435828208E1));
#3179=VERTEX_POINT('',#3178);
#3180=CARTESIAN_POINT('',(-3.522000001298E1,-2.152098025125E1,
6.664564399455E1));
#3181=VERTEX_POINT('',#3180);
#3182=CARTESIAN_POINT('',(-3.422000005688E1,-2.300000104465E1,
6.794948947687E1));
#3183=CARTESIAN_POINT('',(-3.421999996358E1,-2.299999776169E1,
6.305051008480E1));
#3184=VERTEX_POINT('',#3182);
#3185=VERTEX_POINT('',#3183);
#3186=CARTESIAN_POINT('',(-3.521999994310E1,-2.300000104465E1,
6.305051052312E1));
#3187=CARTESIAN_POINT('',(-3.522000003642E1,-2.299999776169E1,
6.794948991520E1));
#3188=VERTEX_POINT('',#3186);
#3189=VERTEX_POINT('',#3187);
#3190=CARTESIAN_POINT('',(-2.975E1,-2.525E1,9.E1));
#3191=CARTESIAN_POINT('',(-3.225E1,-2.775E1,9.E1));
#3192=VERTEX_POINT('',#3190);
#3193=VERTEX_POINT('',#3191);
#3194=CARTESIAN_POINT('',(-3.025E1,-2.525E1,8.95E1));
#3195=CARTESIAN_POINT('',(-3.225E1,-2.725E1,8.95E1));
#3196=VERTEX_POINT('',#3194);
#3197=VERTEX_POINT('',#3195);
#3198=CARTESIAN_POINT('',(-3.375000001627E1,-2.774999999831E1,
8.999999999831E1));
#3199=VERTEX_POINT('',#3198);
#3200=CARTESIAN_POINT('',(-3.375000000976E1,-2.724999999899E1,
8.949999999899E1));
#3201=VERTEX_POINT('',#3200);
#3202=CARTESIAN_POINT('',(-3.625E1,-2.525E1,9.E1));
#3203=VERTEX_POINT('',#3202);
#3204=CARTESIAN_POINT('',(-3.575E1,-2.525E1,8.95E1));
#3205=VERTEX_POINT('',#3204);
#3206=CARTESIAN_POINT('',(-3.624999999831E1,-1.474999998373E1,
8.999999999831E1));
#3207=VERTEX_POINT('',#3206);
#3208=CARTESIAN_POINT('',(-3.574999999899E1,-1.474999999024E1,
8.949999999899E1));
#3209=VERTEX_POINT('',#3208);
#3210=CARTESIAN_POINT('',(-3.375E1,-1.225E1,9.E1));
#3211=VERTEX_POINT('',#3210);
#3212=CARTESIAN_POINT('',(-3.375E1,-1.275E1,8.95E1));
#3213=VERTEX_POINT('',#3212);
#3214=CARTESIAN_POINT('',(-3.224999998373E1,-1.225000000169E1,
8.999999999831E1));
#3215=VERTEX_POINT('',#3214);
#3216=CARTESIAN_POINT('',(-3.224999999024E1,-1.275000000101E1,
8.949999999899E1));
#3217=VERTEX_POINT('',#3216);
#3218=CARTESIAN_POINT('',(-2.975E1,-1.475E1,9.E1));
#3219=VERTEX_POINT('',#3218);
#3220=CARTESIAN_POINT('',(-3.025E1,-1.475E1,8.95E1));
#3221=VERTEX_POINT('',#3220);
#3222=CARTESIAN_POINT('',(-3.375000000004E1,-1.275000000103E1,
8.850000000103E1));
#3223=VERTEX_POINT('',#3222);
#3224=CARTESIAN_POINT('',(-3.574999999899E1,-1.474999999024E1,
8.850000000101E1));
#3225=VERTEX_POINT('',#3224);
#3226=CARTESIAN_POINT('',(-3.574999999897E1,-2.525000000004E1,
8.850000000103E1));
#3227=VERTEX_POINT('',#3226);
#3228=CARTESIAN_POINT('',(-3.375000000976E1,-2.724999999899E1,
8.850000000101E1));
#3229=VERTEX_POINT('',#3228);
#3230=CARTESIAN_POINT('',(-3.224999999996E1,-2.724999999897E1,
8.850000000103E1));
#3231=VERTEX_POINT('',#3230);
#3232=CARTESIAN_POINT('',(-3.025000000101E1,-2.525000000976E1,
8.850000000101E1));
#3233=VERTEX_POINT('',#3232);
#3234=CARTESIAN_POINT('',(-3.025000000103E1,-1.474999999996E1,
8.850000000103E1));
#3235=VERTEX_POINT('',#3234);
#3236=CARTESIAN_POINT('',(-3.224999999024E1,-1.275000000101E1,
8.850000000101E1));
#3237=VERTEX_POINT('',#3236);
#3238=CARTESIAN_POINT('',(-5.22E0,-1.75E1,6.435435607626E1));
#3239=CARTESIAN_POINT('',(-5.22E0,-1.75E1,6.664564392374E1));
#3240=VERTEX_POINT('',#3238);
#3241=VERTEX_POINT('',#3239);
#3242=CARTESIAN_POINT('',(-4.22E0,-1.75E1,6.435435607626E1));
#3243=CARTESIAN_POINT('',(-4.22E0,-1.75E1,6.664564392374E1));
#3244=VERTEX_POINT('',#3242);
#3245=VERTEX_POINT('',#3243);
#3246=VERTEX_POINT('',#1781);
#3247=VERTEX_POINT('',#1795);
#3248=CARTESIAN_POINT('',(-5.22E0,-1.922794009200E1,6.701986841536E1));
#3249=VERTEX_POINT('',#3248);
#3250=CARTESIAN_POINT('',(-4.22E0,-1.922794009200E1,6.701986841536E1));
#3251=VERTEX_POINT('',#3250);
#3252=VERTEX_POINT('',#1707);
#3253=VERTEX_POINT('',#1736);
#3254=VERTEX_POINT('',#1764);
#3255=VERTEX_POINT('',#1793);
#3256=CARTESIAN_POINT('',(-5.22E0,-1.922794009200E1,6.398013158464E1));
#3257=VERTEX_POINT('',#3256);
#3258=CARTESIAN_POINT('',(-4.22E0,-1.922794009200E1,6.398013158464E1));
#3259=VERTEX_POINT('',#3258);
#3260=VERTEX_POINT('',#1700);
#3261=VERTEX_POINT('',#1719);
#3262=CARTESIAN_POINT('',(-2.E0,-2.3E1,6.509490741799E1));
#3263=CARTESIAN_POINT('',(-3.574356076261E0,-2.3E1,6.3E1));
#3264=VERTEX_POINT('',#3262);
#3265=VERTEX_POINT('',#3263);
#3266=CARTESIAN_POINT('',(-3.574356076261E0,-2.3E1,6.8E1));
#3267=CARTESIAN_POINT('',(-2.E0,-2.3E1,6.590509258201E1));
#3268=VERTEX_POINT('',#3266);
#3269=VERTEX_POINT('',#3267);
#3270=CARTESIAN_POINT('',(-4.22E0,-2.15E1,6.664564392374E1));
#3271=VERTEX_POINT('',#3270);
#3272=CARTESIAN_POINT('',(-4.22E0,-2.15E1,6.435435607626E1));
#3273=VERTEX_POINT('',#3272);
#3274=CARTESIAN_POINT('',(-5.219999595534E0,-2.152097876962E1,
6.435435828208E1));
#3275=VERTEX_POINT('',#3274);
#3276=CARTESIAN_POINT('',(-5.220000012977E0,-2.152098025125E1,
6.664564399455E1));
#3277=VERTEX_POINT('',#3276);
#3278=VERTEX_POINT('',#1842);
#3279=VERTEX_POINT('',#1814);
#3280=CARTESIAN_POINT('',(-4.22E0,-2.3E1,6.8E1));
#3281=CARTESIAN_POINT('',(-4.22E0,-2.3E1,6.3E1));
#3282=VERTEX_POINT('',#3280);
#3283=VERTEX_POINT('',#3281);
#3284=CARTESIAN_POINT('',(-5.219999943116E0,-2.300000104465E1,
6.305051052313E1));
#3285=CARTESIAN_POINT('',(-5.220000036421E0,-2.299999776169E1,
6.794948991520E1));
#3286=VERTEX_POINT('',#3284);
#3287=VERTEX_POINT('',#3285);
#3288=CARTESIAN_POINT('',(-9.E0,-3.E0,8.534733057534E1));
#3289=CARTESIAN_POINT('',(-9.E0,0.E0,8.534733057534E1));
#3290=VERTEX_POINT('',#3288);
#3291=VERTEX_POINT('',#3289);
#3292=CARTESIAN_POINT('',(-4.652669424660E0,-3.E0,8.1E1));
#3293=CARTESIAN_POINT('',(-4.652669424660E0,0.E0,8.1E1));
#3294=VERTEX_POINT('',#3292);
#3295=VERTEX_POINT('',#3293);
#3296=CARTESIAN_POINT('',(-4.652669424660E0,-3.E0,9.E0));
#3297=CARTESIAN_POINT('',(-4.652669424660E0,0.E0,9.E0));
#3298=VERTEX_POINT('',#3296);
#3299=VERTEX_POINT('',#3297);
#3300=CARTESIAN_POINT('',(-9.E0,-3.E0,4.652669424660E0));
#3301=CARTESIAN_POINT('',(-9.E0,0.E0,4.652669424660E0));
#3302=VERTEX_POINT('',#3300);
#3303=VERTEX_POINT('',#3301);
#3304=CARTESIAN_POINT('',(-9.E0,-5.652669424660E0,8.8E1));
#3305=VERTEX_POINT('',#3304);
#3306=CARTESIAN_POINT('',(-2.E0,-5.652669424660E0,8.1E1));
#3307=VERTEX_POINT('',#3306);
#3308=CARTESIAN_POINT('',(-2.E0,-5.652669424660E0,9.E0));
#3309=VERTEX_POINT('',#3308);
#3310=CARTESIAN_POINT('',(-9.E0,-5.652669424660E0,2.E0));
#3311=VERTEX_POINT('',#3310);
#3312=CARTESIAN_POINT('',(-9.E1,-8.E0,9.E0));
#3313=VERTEX_POINT('',#3312);
#3314=CARTESIAN_POINT('',(-6.595596411847E1,-3.E0,8.534733057534E1));
#3315=CARTESIAN_POINT('',(-6.207846311767E1,-3.E0,8.534733057534E1));
#3316=VERTEX_POINT('',#3314);
#3317=VERTEX_POINT('',#3315);
#3318=CARTESIAN_POINT('',(-5.583346511927E1,-3.E0,8.534733057534E1));
#3319=VERTEX_POINT('',#3318);
#3320=CARTESIAN_POINT('',(-6.595596411847E1,0.E0,8.534733057534E1));
#3321=CARTESIAN_POINT('',(-6.207846311767E1,0.E0,8.534733057534E1));
#3322=VERTEX_POINT('',#3320);
#3323=VERTEX_POINT('',#3321);
#3324=CARTESIAN_POINT('',(-5.583346511927E1,0.E0,8.534733057534E1));
#3325=VERTEX_POINT('',#3324);
#3326=CARTESIAN_POINT('',(-5.583346511927E1,-3.E0,4.652669424660E0));
#3327=VERTEX_POINT('',#3326);
#3328=CARTESIAN_POINT('',(-6.207846311767E1,-3.E0,4.652669424660E0));
#3329=CARTESIAN_POINT('',(-6.595596411847E1,-3.E0,4.652669424660E0));
#3330=VERTEX_POINT('',#3328);
#3331=VERTEX_POINT('',#3329);
#3332=CARTESIAN_POINT('',(-5.583346511927E1,0.E0,4.652669424660E0));
#3333=VERTEX_POINT('',#3332);
#3334=CARTESIAN_POINT('',(-6.207846311767E1,0.E0,4.652669424660E0));
#3335=CARTESIAN_POINT('',(-6.595596411847E1,0.E0,4.652669424660E0));
#3336=VERTEX_POINT('',#3334);
#3337=VERTEX_POINT('',#3335);
#3338=CARTESIAN_POINT('',(-8.8E1,-8.E0,9.E0));
#3339=VERTEX_POINT('',#3338);
#3340=CARTESIAN_POINT('',(-9.E1,-8.E0,8.1E1));
#3341=VERTEX_POINT('',#3340);
#3342=CARTESIAN_POINT('',(-8.8E1,-8.E0,8.1E1));
#3343=VERTEX_POINT('',#3342);
#3344=CARTESIAN_POINT('',(-8.1E1,0.E0,0.E0));
#3345=VERTEX_POINT('',#3344);
#3346=CARTESIAN_POINT('',(-8.1E1,0.E0,9.E1));
#3347=VERTEX_POINT('',#3346);
#3348=CARTESIAN_POINT('',(-8.1E1,0.E0,2.E0));
#3349=VERTEX_POINT('',#3348);
#3350=CARTESIAN_POINT('',(-8.1E1,0.E0,8.8E1));
#3351=VERTEX_POINT('',#3350);
#3352=CARTESIAN_POINT('',(-6.051721361809E1,1.421085471520E-14,
3.902669424678E0));
#3353=VERTEX_POINT('',#3352);
#3354=CARTESIAN_POINT('',(-6.051721361807E1,-3.75E0,3.902669424660E0));
#3355=VERTEX_POINT('',#3354);
#3356=VERTEX_POINT('',#2224);
#3357=CARTESIAN_POINT('',(-5.739471461887E1,0.E0,3.902669424660E0));
#3358=VERTEX_POINT('',#3357);
#3359=VERTEX_POINT('',#135);
#3360=CARTESIAN_POINT('',(-6.051721361807E1,0.E0,8.609733057534E1));
#3361=VERTEX_POINT('',#3360);
#3362=CARTESIAN_POINT('',(-5.739471461887E1,1.428708874270E-14,
8.609733057534E1));
#3363=VERTEX_POINT('',#3362);
#3364=CARTESIAN_POINT('',(-5.739471461887E1,-3.75E0,8.609733057534E1));
#3365=VERTEX_POINT('',#3364);
#3366=CARTESIAN_POINT('',(-8.4E1,-8.E0,5.147186257614E-1));
#3367=CARTESIAN_POINT('',(-8.4E1,-8.E0,2.675444679663E0));
#3368=VERTEX_POINT('',#3366);
#3369=VERTEX_POINT('',#3367);
#3370=CARTESIAN_POINT('',(-8.1E1,-5.E0,0.E0));
#3371=CARTESIAN_POINT('',(-8.1E1,-5.E0,2.E0));
#3372=VERTEX_POINT('',#3370);
#3373=VERTEX_POINT('',#3371);
#3374=CARTESIAN_POINT('',(-8.1E1,-5.652669424660E0,2.E0));
#3375=VERTEX_POINT('',#3374);
#3376=CARTESIAN_POINT('',(-8.4E1,-8.E0,8.732455532034E1));
#3377=CARTESIAN_POINT('',(-8.4E1,-8.E0,8.948528137424E1));
#3378=VERTEX_POINT('',#3376);
#3379=VERTEX_POINT('',#3377);
#3380=CARTESIAN_POINT('',(-8.1E1,-5.E0,8.8E1));
#3381=CARTESIAN_POINT('',(-8.1E1,-5.E0,9.E1));
#3382=VERTEX_POINT('',#3380);
#3383=VERTEX_POINT('',#3381);
#3384=CARTESIAN_POINT('',(-8.1E1,-5.652669424660E0,8.8E1));
#3385=VERTEX_POINT('',#3384);
#3386=CARTESIAN_POINT('',(-9.E0,-7.1E0,4.652669424660E0));
#3387=CARTESIAN_POINT('',(-9.E0,-9.1E0,4.652669424660E0));
#3388=VERTEX_POINT('',#3386);
#3389=VERTEX_POINT('',#3387);
#3390=CARTESIAN_POINT('',(-4.652669424660E0,-7.1E0,9.E0));
#3391=CARTESIAN_POINT('',(-4.652669424660E0,-9.1E0,9.E0));
#3392=VERTEX_POINT('',#3390);
#3393=VERTEX_POINT('',#3391);
#3394=CARTESIAN_POINT('',(-4.652669424660E0,-7.1E0,8.1E1));
#3395=CARTESIAN_POINT('',(-4.652669424660E0,-9.1E0,8.1E1));
#3396=VERTEX_POINT('',#3394);
#3397=VERTEX_POINT('',#3395);
#3398=CARTESIAN_POINT('',(-9.E0,-7.1E0,8.534733057534E1));
#3399=CARTESIAN_POINT('',(-9.E0,-9.1E0,8.534733057534E1));
#3400=VERTEX_POINT('',#3398);
#3401=VERTEX_POINT('',#3399);
#3402=CARTESIAN_POINT('',(-2.E0,-7.1E0,8.1E1));
#3403=CARTESIAN_POINT('',(-2.E0,-7.1E0,9.E0));
#3404=VERTEX_POINT('',#3402);
#3405=VERTEX_POINT('',#3403);
#3406=CARTESIAN_POINT('',(-9.E0,-7.1E0,8.8E1));
#3407=VERTEX_POINT('',#3406);
#3408=CARTESIAN_POINT('',(-9.E0,-7.1E0,2.E0));
#3409=VERTEX_POINT('',#3408);
#3410=CARTESIAN_POINT('',(-9.E0,-1.175266942466E1,8.8E1));
#3411=VERTEX_POINT('',#3410);
#3412=CARTESIAN_POINT('',(-2.E0,-1.175266942466E1,8.1E1));
#3413=VERTEX_POINT('',#3412);
#3414=CARTESIAN_POINT('',(-2.E0,-1.175266942466E1,9.E0));
#3415=VERTEX_POINT('',#3414);
#3416=CARTESIAN_POINT('',(-9.E0,-1.175266942466E1,2.E0));
#3417=VERTEX_POINT('',#3416);
#3418=CARTESIAN_POINT('',(-7.249307727057E1,-7.1E0,2.E0));
#3419=CARTESIAN_POINT('',(-7.249307727057E1,-7.1E0,4.652669424660E0));
#3420=VERTEX_POINT('',#3418);
#3421=VERTEX_POINT('',#3419);
#3422=VERTEX_POINT('',#2106);
#3423=VERTEX_POINT('',#2111);
#3424=CARTESIAN_POINT('',(-8.360461705471E1,-8.6E0,2.502618219752E0));
#3425=VERTEX_POINT('',#3424);
#3426=CARTESIAN_POINT('',(-8.1E1,-8.6E0,2.E0));
#3427=VERTEX_POINT('',#3426);
#3428=CARTESIAN_POINT('',(-8.1E1,-9.1E0,4.652669424660E0));
#3429=VERTEX_POINT('',#3428);
#3430=CARTESIAN_POINT('',(-8.1E1,-8.6E0,4.652669424660E0));
#3431=VERTEX_POINT('',#3430);
#3432=CARTESIAN_POINT('',(-7.249307727057E1,-7.1E0,8.8E1));
#3433=CARTESIAN_POINT('',(-7.249307727057E1,-7.1E0,8.534733057534E1));
#3434=VERTEX_POINT('',#3432);
#3435=VERTEX_POINT('',#3433);
#3436=VERTEX_POINT('',#141);
#3437=VERTEX_POINT('',#146);
#3438=CARTESIAN_POINT('',(-8.1E1,-8.6E0,8.8E1));
#3439=CARTESIAN_POINT('',(-8.360461705471E1,-8.6E0,8.749738178025E1));
#3440=VERTEX_POINT('',#3438);
#3441=VERTEX_POINT('',#3439);
#3442=CARTESIAN_POINT('',(-8.1E1,-9.1E0,8.534733057534E1));
#3443=VERTEX_POINT('',#3442);
#3444=CARTESIAN_POINT('',(-8.1E1,-8.6E0,8.534733057534E1));
#3445=VERTEX_POINT('',#3444);
#3446=CARTESIAN_POINT('',(-3.625E1,-2.525E1,8.8E1));
#3447=CARTESIAN_POINT('',(-3.375E1,-2.775E1,8.8E1));
#3448=VERTEX_POINT('',#3446);
#3449=VERTEX_POINT('',#3447);
#3450=CARTESIAN_POINT('',(-3.224999999993E1,-2.774999999828E1,
8.800000000172E1));
#3451=VERTEX_POINT('',#3450);
#3452=CARTESIAN_POINT('',(-2.975E1,-2.525E1,8.8E1));
#3453=VERTEX_POINT('',#3452);
#3454=CARTESIAN_POINT('',(-2.975000000172E1,-1.474999999993E1,
8.800000000172E1));
#3455=VERTEX_POINT('',#3454);
#3456=CARTESIAN_POINT('',(-3.225E1,-1.225E1,8.8E1));
#3457=VERTEX_POINT('',#3456);
#3458=CARTESIAN_POINT('',(-3.375000000007E1,-1.225000000172E1,
8.800000000172E1));
#3459=VERTEX_POINT('',#3458);
#3460=CARTESIAN_POINT('',(-3.625E1,-1.475E1,8.8E1));
#3461=VERTEX_POINT('',#3460);
#3462=CARTESIAN_POINT('',(0.E0,0.E0,0.E0));
#3463=DIRECTION('',(0.E0,1.E0,0.E0));
#3464=DIRECTION('',(0.E0,0.E0,1.E0));
#3465=AXIS2_PLACEMENT_3D('',#3462,#3463,#3464);
#3466=PLANE('',#3465);
#3468=ORIENTED_EDGE('',*,*,#3467,.T.);
#3470=ORIENTED_EDGE('',*,*,#3469,.F.);
#3472=ORIENTED_EDGE('',*,*,#3471,.T.);
#3474=ORIENTED_EDGE('',*,*,#3473,.F.);
#3476=ORIENTED_EDGE('',*,*,#3475,.T.);
#3478=ORIENTED_EDGE('',*,*,#3477,.T.);
#3480=ORIENTED_EDGE('',*,*,#3479,.T.);
#3482=ORIENTED_EDGE('',*,*,#3481,.T.);
#3484=ORIENTED_EDGE('',*,*,#3483,.T.);
#3486=ORIENTED_EDGE('',*,*,#3485,.F.);
#3488=ORIENTED_EDGE('',*,*,#3487,.T.);
#3490=ORIENTED_EDGE('',*,*,#3489,.F.);
#3492=ORIENTED_EDGE('',*,*,#3491,.T.);
#3494=ORIENTED_EDGE('',*,*,#3493,.T.);
#3496=ORIENTED_EDGE('',*,*,#3495,.F.);
#3498=ORIENTED_EDGE('',*,*,#3497,.F.);
#3500=ORIENTED_EDGE('',*,*,#3499,.F.);
#3502=ORIENTED_EDGE('',*,*,#3501,.F.);
#3504=ORIENTED_EDGE('',*,*,#3503,.F.);
#3506=ORIENTED_EDGE('',*,*,#3505,.F.);
#3508=ORIENTED_EDGE('',*,*,#3507,.F.);
#3510=ORIENTED_EDGE('',*,*,#3509,.T.);
#3511=EDGE_LOOP('',(#3468,#3470,#3472,#3474,#3476,#3478,#3480,#3482,#3484,#3486,
#3488,#3490,#3492,#3494,#3496,#3498,#3500,#3502,#3504,#3506,#3508,#3510));
#3512=FACE_OUTER_BOUND('',#3511,.F.);
#3513=ADVANCED_FACE('',(#3512),#3466,.T.);
#3514=CARTESIAN_POINT('',(-8.1E1,-3.E0,8.534733057534E1));
#3515=DIRECTION('',(0.E0,0.E0,-1.E0));
#3516=DIRECTION('',(0.E0,1.E0,0.E0));
#3517=AXIS2_PLACEMENT_3D('',#3514,#3515,#3516);
#3518=PLANE('',#3517);
#3520=ORIENTED_EDGE('',*,*,#3519,.T.);
#3522=ORIENTED_EDGE('',*,*,#3521,.F.);
#3523=ORIENTED_EDGE('',*,*,#3467,.F.);
#3525=ORIENTED_EDGE('',*,*,#3524,.F.);
#3526=EDGE_LOOP('',(#3520,#3522,#3523,#3525));
#3527=FACE_OUTER_BOUND('',#3526,.F.);
#3528=ADVANCED_FACE('',(#3527),#3518,.T.);
#3529=CARTESIAN_POINT('',(-8.1E1,-3.E0,8.534733057534E1));
#3530=DIRECTION('',(0.E0,0.E0,-1.E0));
#3531=DIRECTION('',(0.E0,1.E0,0.E0));
#3532=AXIS2_PLACEMENT_3D('',#3529,#3530,#3531);
#3533=PLANE('',#3532);
#3535=ORIENTED_EDGE('',*,*,#3534,.T.);
#3537=ORIENTED_EDGE('',*,*,#3536,.T.);
#3538=ORIENTED_EDGE('',*,*,#3475,.F.);
#3540=ORIENTED_EDGE('',*,*,#3539,.F.);
#3541=EDGE_LOOP('',(#3535,#3537,#3538,#3540));
#3542=FACE_OUTER_BOUND('',#3541,.F.);
#3543=ADVANCED_FACE('',(#3542),#3533,.T.);
#3544=CARTESIAN_POINT('',(-8.1E1,-5.652669424660E0,8.8E1));
#3545=DIRECTION('',(0.E0,-7.071067811865E-1,-7.071067811865E-1));
#3546=DIRECTION('',(0.E0,7.071067811865E-1,-7.071067811865E-1));
#3547=AXIS2_PLACEMENT_3D('',#3544,#3545,#3546);
#3548=PLANE('',#3547);
#3550=ORIENTED_EDGE('',*,*,#3549,.F.);
#3552=ORIENTED_EDGE('',*,*,#3551,.T.);
#3554=ORIENTED_EDGE('',*,*,#3553,.T.);
#3555=ORIENTED_EDGE('',*,*,#3534,.F.);
#3557=ORIENTED_EDGE('',*,*,#3556,.F.);
#3559=ORIENTED_EDGE('',*,*,#3558,.F.);
#3561=ORIENTED_EDGE('',*,*,#3560,.F.);
#3562=ORIENTED_EDGE('',*,*,#3519,.F.);
#3563=EDGE_LOOP('',(#3550,#3552,#3554,#3555,#3557,#3559,#3561,#3562));
#3564=FACE_OUTER_BOUND('',#3563,.F.);
#3565=ADVANCED_FACE('',(#3564),#3548,.T.);
#3566=CARTESIAN_POINT('',(-8.1E1,0.E0,8.8E1));
#3567=DIRECTION('',(1.736481776669E-1,0.E0,9.848077530122E-1));
#3568=DIRECTION('',(9.848077530122E-1,0.E0,-1.736481776669E-1));
#3569=AXIS2_PLACEMENT_3D('',#3566,#3567,#3568);
#3570=PLANE('',#3569);
#3572=ORIENTED_EDGE('',*,*,#3571,.T.);
#3573=ORIENTED_EDGE('',*,*,#3549,.T.);
#3574=ORIENTED_EDGE('',*,*,#3524,.T.);
#3575=ORIENTED_EDGE('',*,*,#3509,.F.);
#3577=ORIENTED_EDGE('',*,*,#3576,.T.);
#3578=EDGE_LOOP('',(#3572,#3573,#3574,#3575,#3577));
#3579=FACE_OUTER_BOUND('',#3578,.F.);
#3580=ADVANCED_FACE('',(#3579),#3570,.F.);
#3581=CARTESIAN_POINT('',(-8.1E1,5.2144E1,8.1E1));
#3582=DIRECTION('',(0.E0,-1.E0,0.E0));
#3583=DIRECTION('',(0.E0,0.E0,1.E0));
#3584=AXIS2_PLACEMENT_3D('',#3581,#3582,#3583);
#3585=CYLINDRICAL_SURFACE('',#3584,7.E0);
#3587=ORIENTED_EDGE('',*,*,#3586,.T.);
#3589=ORIENTED_EDGE('',*,*,#3588,.F.);
#3591=ORIENTED_EDGE('',*,*,#3590,.F.);
#3593=ORIENTED_EDGE('',*,*,#3592,.F.);
#3594=ORIENTED_EDGE('',*,*,#3571,.F.);
#3596=ORIENTED_EDGE('',*,*,#3595,.F.);
#3598=ORIENTED_EDGE('',*,*,#3597,.T.);
#3600=ORIENTED_EDGE('',*,*,#3599,.T.);
#3602=ORIENTED_EDGE('',*,*,#3601,.F.);
#3604=ORIENTED_EDGE('',*,*,#3603,.T.);
#3605=EDGE_LOOP('',(#3587,#3589,#3591,#3593,#3594,#3596,#3598,#3600,#3602,
#3604));
#3606=FACE_OUTER_BOUND('',#3605,.F.);
#3607=ADVANCED_FACE('',(#3606),#3585,.F.);
#3608=CARTESIAN_POINT('',(-8.1E1,-1.038430543251E1,8.8E1));
#3609=DIRECTION('',(0.E0,1.E0,0.E0));
#3610=DIRECTION('',(0.E0,0.E0,1.E0));
#3611=AXIS2_PLACEMENT_3D('',#3608,#3609,#3610);
#3612=CONICAL_SURFACE('',#3611,1.368363992148E0,4.5E1);
#3613=ORIENTED_EDGE('',*,*,#3586,.F.);
#3615=ORIENTED_EDGE('',*,*,#3614,.T.);
#3617=ORIENTED_EDGE('',*,*,#3616,.T.);
#3618=EDGE_LOOP('',(#3613,#3615,#3617));
#3619=FACE_OUTER_BOUND('',#3618,.F.);
#3620=ADVANCED_FACE('',(#3619),#3612,.T.);
#3621=CARTESIAN_POINT('',(-9.E0,-9.1E0,8.534733057534E1));
#3622=DIRECTION('',(0.E0,-7.071067811865E-1,-7.071067811865E-1));
#3623=DIRECTION('',(0.E0,-7.071067811865E-1,7.071067811865E-1));
#3624=AXIS2_PLACEMENT_3D('',#3621,#3622,#3623);
#3625=PLANE('',#3624);
#3626=ORIENTED_EDGE('',*,*,#3614,.F.);
#3628=ORIENTED_EDGE('',*,*,#3627,.T.);
#3630=ORIENTED_EDGE('',*,*,#3629,.F.);
#3632=ORIENTED_EDGE('',*,*,#3631,.T.);
#3633=EDGE_LOOP('',(#3626,#3628,#3630,#3632));
#3634=FACE_OUTER_BOUND('',#3633,.F.);
#3635=ADVANCED_FACE('',(#3634),#3625,.T.);
#3636=CARTESIAN_POINT('',(-9.E1,0.E0,8.8E1));
#3637=DIRECTION('',(0.E0,0.E0,1.E0));
#3638=DIRECTION('',(1.E0,0.E0,0.E0));
#3639=AXIS2_PLACEMENT_3D('',#3636,#3637,#3638);
#3640=PLANE('',#3639);
#3641=ORIENTED_EDGE('',*,*,#3603,.F.);
#3643=ORIENTED_EDGE('',*,*,#3642,.T.);
#3645=ORIENTED_EDGE('',*,*,#3644,.F.);
#3646=ORIENTED_EDGE('',*,*,#3627,.F.);
#3647=EDGE_LOOP('',(#3641,#3643,#3645,#3646));
#3648=FACE_OUTER_BOUND('',#3647,.F.);
#3650=ORIENTED_EDGE('',*,*,#3649,.F.);
#3652=ORIENTED_EDGE('',*,*,#3651,.F.);
#3654=ORIENTED_EDGE('',*,*,#3653,.F.);
#3656=ORIENTED_EDGE('',*,*,#3655,.F.);
#3658=ORIENTED_EDGE('',*,*,#3657,.F.);
#3660=ORIENTED_EDGE('',*,*,#3659,.F.);
#3662=ORIENTED_EDGE('',*,*,#3661,.F.);
#3664=ORIENTED_EDGE('',*,*,#3663,.F.);
#3665=EDGE_LOOP('',(#3650,#3652,#3654,#3656,#3658,#3660,#3662,#3664));
#3666=FACE_BOUND('',#3665,.F.);
#3667=ADVANCED_FACE('',(#3648,#3666),#3640,.F.);
#3668=CARTESIAN_POINT('',(-9.E1,0.E0,8.8E1));
#3669=DIRECTION('',(0.E0,0.E0,1.E0));
#3670=DIRECTION('',(1.E0,0.E0,0.E0));
#3671=AXIS2_PLACEMENT_3D('',#3668,#3669,#3670);
#3672=PLANE('',#3671);
#3674=ORIENTED_EDGE('',*,*,#3673,.F.);
#3676=ORIENTED_EDGE('',*,*,#3675,.T.);
#3678=ORIENTED_EDGE('',*,*,#3677,.F.);
#3679=ORIENTED_EDGE('',*,*,#3551,.F.);
#3680=ORIENTED_EDGE('',*,*,#3592,.T.);
#3681=EDGE_LOOP('',(#3674,#3676,#3678,#3679,#3680));
#3682=FACE_OUTER_BOUND('',#3681,.F.);
#3683=ADVANCED_FACE('',(#3682),#3672,.F.);
#3684=CARTESIAN_POINT('',(-3.375E1,-2.525E1,8.825000000182E1));
#3685=DIRECTION('',(0.E0,0.E0,-1.E0));
#3686=DIRECTION('',(0.E0,-1.E0,0.E0));
#3687=AXIS2_PLACEMENT_3D('',#3684,#3685,#3686);
#3688=CONICAL_SURFACE('',#3687,2.249999998184E0,4.5E1);
#3689=ORIENTED_EDGE('',*,*,#3649,.T.);
#3691=ORIENTED_EDGE('',*,*,#3690,.T.);
#3693=ORIENTED_EDGE('',*,*,#3692,.F.);
#3695=ORIENTED_EDGE('',*,*,#3694,.F.);
#3696=EDGE_LOOP('',(#3689,#3691,#3693,#3695));
#3697=FACE_OUTER_BOUND('',#3696,.F.);
#3698=ADVANCED_FACE('',(#3697),#3688,.F.);
#3699=CARTESIAN_POINT('',(-3.3E1,-2.75E1,8.825E1));
#3700=DIRECTION('',(0.E0,7.071067811865E-1,-7.071067811865E-1));
#3701=DIRECTION('',(0.E0,7.071067811865E-1,7.071067811865E-1));
#3702=AXIS2_PLACEMENT_3D('',#3699,#3700,#3701);
#3703=PLANE('',#3702);
#3704=ORIENTED_EDGE('',*,*,#3663,.T.);
#3706=ORIENTED_EDGE('',*,*,#3705,.T.);
#3708=ORIENTED_EDGE('',*,*,#3707,.F.);
#3709=ORIENTED_EDGE('',*,*,#3690,.F.);
#3710=EDGE_LOOP('',(#3704,#3706,#3708,#3709));
#3711=FACE_OUTER_BOUND('',#3710,.F.);
#3712=ADVANCED_FACE('',(#3711),#3703,.T.);
#3713=CARTESIAN_POINT('',(-3.225E1,-2.525E1,8.825000000182E1));
#3714=DIRECTION('',(0.E0,0.E0,-1.E0));
#3715=DIRECTION('',(0.E0,-1.E0,0.E0));
#3716=AXIS2_PLACEMENT_3D('',#3713,#3714,#3715);
#3717=CONICAL_SURFACE('',#3716,2.249999998184E0,4.5E1);
#3718=ORIENTED_EDGE('',*,*,#3661,.T.);
#3720=ORIENTED_EDGE('',*,*,#3719,.T.);
#3722=ORIENTED_EDGE('',*,*,#3721,.F.);
#3723=ORIENTED_EDGE('',*,*,#3705,.F.);
#3724=EDGE_LOOP('',(#3718,#3720,#3722,#3723));
#3725=FACE_OUTER_BOUND('',#3724,.F.);
#3726=ADVANCED_FACE('',(#3725),#3717,.F.);
#3727=CARTESIAN_POINT('',(-3.E1,-2.E1,8.825E1));
#3728=DIRECTION('',(-7.071067811866E-1,0.E0,-7.071067811865E-1));
#3729=DIRECTION('',(-7.071067811865E-1,0.E0,7.071067811866E-1));
#3730=AXIS2_PLACEMENT_3D('',#3727,#3728,#3729);
#3731=PLANE('',#3730);
#3732=ORIENTED_EDGE('',*,*,#3659,.T.);
#3734=ORIENTED_EDGE('',*,*,#3733,.T.);
#3736=ORIENTED_EDGE('',*,*,#3735,.F.);
#3737=ORIENTED_EDGE('',*,*,#3719,.F.);
#3738=EDGE_LOOP('',(#3732,#3734,#3736,#3737));
#3739=FACE_OUTER_BOUND('',#3738,.F.);
#3740=ADVANCED_FACE('',(#3739),#3731,.T.);
#3741=CARTESIAN_POINT('',(-3.225E1,-1.475E1,8.825000000182E1));
#3742=DIRECTION('',(0.E0,0.E0,-1.E0));
#3743=DIRECTION('',(0.E0,-1.E0,0.E0));
#3744=AXIS2_PLACEMENT_3D('',#3741,#3742,#3743);
#3745=CONICAL_SURFACE('',#3744,2.249999998184E0,4.5E1);
#3746=ORIENTED_EDGE('',*,*,#3657,.T.);
#3748=ORIENTED_EDGE('',*,*,#3747,.T.);
#3750=ORIENTED_EDGE('',*,*,#3749,.F.);
#3751=ORIENTED_EDGE('',*,*,#3733,.F.);
#3752=EDGE_LOOP('',(#3746,#3748,#3750,#3751));
#3753=FACE_OUTER_BOUND('',#3752,.F.);
#3754=ADVANCED_FACE('',(#3753),#3745,.F.);
#3755=CARTESIAN_POINT('',(-3.3E1,-1.25E1,8.825E1));
#3756=DIRECTION('',(0.E0,-7.071067811865E-1,-7.071067811865E-1));
#3757=DIRECTION('',(0.E0,-7.071067811865E-1,7.071067811865E-1));
#3758=AXIS2_PLACEMENT_3D('',#3755,#3756,#3757);
#3759=PLANE('',#3758);
#3760=ORIENTED_EDGE('',*,*,#3655,.T.);
#3762=ORIENTED_EDGE('',*,*,#3761,.T.);
#3764=ORIENTED_EDGE('',*,*,#3763,.F.);
#3765=ORIENTED_EDGE('',*,*,#3747,.F.);
#3766=EDGE_LOOP('',(#3760,#3762,#3764,#3765));
#3767=FACE_OUTER_BOUND('',#3766,.F.);
#3768=ADVANCED_FACE('',(#3767),#3759,.T.);
#3769=CARTESIAN_POINT('',(-3.375E1,-1.475E1,8.825000000182E1));
#3770=DIRECTION('',(0.E0,0.E0,-1.E0));
#3771=DIRECTION('',(0.E0,-1.E0,0.E0));
#3772=AXIS2_PLACEMENT_3D('',#3769,#3770,#3771);
#3773=CONICAL_SURFACE('',#3772,2.249999998184E0,4.5E1);
#3774=ORIENTED_EDGE('',*,*,#3653,.T.);
#3776=ORIENTED_EDGE('',*,*,#3775,.T.);
#3778=ORIENTED_EDGE('',*,*,#3777,.F.);
#3779=ORIENTED_EDGE('',*,*,#3761,.F.);
#3780=EDGE_LOOP('',(#3774,#3776,#3778,#3779));
#3781=FACE_OUTER_BOUND('',#3780,.F.);
#3782=ADVANCED_FACE('',(#3781),#3773,.F.);
#3783=CARTESIAN_POINT('',(-3.6E1,-2.E1,8.825E1));
#3784=DIRECTION('',(7.071067811865E-1,0.E0,-7.071067811865E-1));
#3785=DIRECTION('',(7.071067811865E-1,0.E0,7.071067811865E-1));
#3786=AXIS2_PLACEMENT_3D('',#3783,#3784,#3785);
#3787=PLANE('',#3786);
#3788=ORIENTED_EDGE('',*,*,#3651,.T.);
#3789=ORIENTED_EDGE('',*,*,#3694,.T.);
#3791=ORIENTED_EDGE('',*,*,#3790,.F.);
#3792=ORIENTED_EDGE('',*,*,#3775,.F.);
#3793=EDGE_LOOP('',(#3788,#3789,#3791,#3792));
#3794=FACE_OUTER_BOUND('',#3793,.F.);
#3795=ADVANCED_FACE('',(#3794),#3787,.T.);
#3796=CARTESIAN_POINT('',(-3.575E1,-1.475E1,9.E1));
#3797=DIRECTION('',(-1.E0,0.E0,0.E0));
#3798=DIRECTION('',(0.E0,-1.E0,0.E0));
#3799=AXIS2_PLACEMENT_3D('',#3796,#3797,#3798);
#3800=PLANE('',#3799);
#3802=ORIENTED_EDGE('',*,*,#3801,.T.);
#3804=ORIENTED_EDGE('',*,*,#3803,.T.);
#3805=ORIENTED_EDGE('',*,*,#3790,.T.);
#3807=ORIENTED_EDGE('',*,*,#3806,.F.);
#3808=EDGE_LOOP('',(#3802,#3804,#3805,#3807));
#3809=FACE_OUTER_BOUND('',#3808,.F.);
#3810=ADVANCED_FACE('',(#3809),#3800,.F.);
#3811=CARTESIAN_POINT('',(-3.6E1,-2.E1,8.975E1));
#3812=DIRECTION('',(7.071067811865E-1,0.E0,7.071067811865E-1));
#3813=DIRECTION('',(7.071067811865E-1,0.E0,-7.071067811865E-1));
#3814=AXIS2_PLACEMENT_3D('',#3811,#3812,#3813);
#3815=PLANE('',#3814);
#3817=ORIENTED_EDGE('',*,*,#3816,.T.);
#3819=ORIENTED_EDGE('',*,*,#3818,.T.);
#3820=ORIENTED_EDGE('',*,*,#3801,.F.);
#3822=ORIENTED_EDGE('',*,*,#3821,.F.);
#3823=EDGE_LOOP('',(#3817,#3819,#3820,#3822));
#3824=FACE_OUTER_BOUND('',#3823,.F.);
#3825=ADVANCED_FACE('',(#3824),#3815,.T.);
#3826=CARTESIAN_POINT('',(-9.E1,0.E0,9.E1));
#3827=DIRECTION('',(0.E0,0.E0,1.E0));
#3828=DIRECTION('',(1.E0,0.E0,0.E0));
#3829=AXIS2_PLACEMENT_3D('',#3826,#3827,#3828);
#3830=PLANE('',#3829);
#3832=ORIENTED_EDGE('',*,*,#3831,.F.);
#3834=ORIENTED_EDGE('',*,*,#3833,.F.);
#3835=ORIENTED_EDGE('',*,*,#3505,.T.);
#3837=ORIENTED_EDGE('',*,*,#3836,.T.);
#3839=ORIENTED_EDGE('',*,*,#3838,.F.);
#3840=EDGE_LOOP('',(#3832,#3834,#3835,#3837,#3839));
#3841=FACE_OUTER_BOUND('',#3840,.F.);
#3843=ORIENTED_EDGE('',*,*,#3842,.F.);
#3845=ORIENTED_EDGE('',*,*,#3844,.F.);
#3847=ORIENTED_EDGE('',*,*,#3846,.F.);
#3849=ORIENTED_EDGE('',*,*,#3848,.F.);
#3851=ORIENTED_EDGE('',*,*,#3850,.F.);
#3852=ORIENTED_EDGE('',*,*,#3816,.F.);
#3854=ORIENTED_EDGE('',*,*,#3853,.F.);
#3856=ORIENTED_EDGE('',*,*,#3855,.F.);
#3857=EDGE_LOOP('',(#3843,#3845,#3847,#3849,#3851,#3852,#3854,#3856));
#3858=FACE_BOUND('',#3857,.F.);
#3859=ADVANCED_FACE('',(#3841,#3858),#3830,.T.);
#3860=CARTESIAN_POINT('',(-3.225E1,-2.525E1,8.974999999818E1));
#3861=DIRECTION('',(0.E0,0.E0,1.E0));
#3862=DIRECTION('',(0.E0,-1.E0,0.E0));
#3863=AXIS2_PLACEMENT_3D('',#3860,#3861,#3862);
#3864=CONICAL_SURFACE('',#3863,2.249999998184E0,4.5E1);
#3865=ORIENTED_EDGE('',*,*,#3842,.T.);
#3867=ORIENTED_EDGE('',*,*,#3866,.T.);
#3869=ORIENTED_EDGE('',*,*,#3868,.F.);
#3871=ORIENTED_EDGE('',*,*,#3870,.F.);
#3872=EDGE_LOOP('',(#3865,#3867,#3869,#3871));
#3873=FACE_OUTER_BOUND('',#3872,.F.);
#3874=ADVANCED_FACE('',(#3873),#3864,.F.);
#3875=CARTESIAN_POINT('',(-3.3E1,-2.75E1,8.975E1));
#3876=DIRECTION('',(0.E0,7.071067811865E-1,7.071067811865E-1));
#3877=DIRECTION('',(0.E0,7.071067811865E-1,-7.071067811865E-1));
#3878=AXIS2_PLACEMENT_3D('',#3875,#3876,#3877);
#3879=PLANE('',#3878);
#3880=ORIENTED_EDGE('',*,*,#3855,.T.);
#3882=ORIENTED_EDGE('',*,*,#3881,.T.);
#3884=ORIENTED_EDGE('',*,*,#3883,.F.);
#3885=ORIENTED_EDGE('',*,*,#3866,.F.);
#3886=EDGE_LOOP('',(#3880,#3882,#3884,#3885));
#3887=FACE_OUTER_BOUND('',#3886,.F.);
#3888=ADVANCED_FACE('',(#3887),#3879,.T.);
#3889=CARTESIAN_POINT('',(-3.375E1,-2.525E1,8.974999999818E1));
#3890=DIRECTION('',(0.E0,0.E0,1.E0));
#3891=DIRECTION('',(0.E0,-1.E0,0.E0));
#3892=AXIS2_PLACEMENT_3D('',#3889,#3890,#3891);
#3893=CONICAL_SURFACE('',#3892,2.249999998184E0,4.5E1);
#3894=ORIENTED_EDGE('',*,*,#3853,.T.);
#3895=ORIENTED_EDGE('',*,*,#3821,.T.);
#3897=ORIENTED_EDGE('',*,*,#3896,.F.);
#3898=ORIENTED_EDGE('',*,*,#3881,.F.);
#3899=EDGE_LOOP('',(#3894,#3895,#3897,#3898));
#3900=FACE_OUTER_BOUND('',#3899,.F.);
#3901=ADVANCED_FACE('',(#3900),#3893,.F.);
#3902=CARTESIAN_POINT('',(-3.375E1,-2.525E1,9.E1));
#3903=DIRECTION('',(0.E0,0.E0,1.E0));
#3904=DIRECTION('',(1.E0,0.E0,0.E0));
#3905=AXIS2_PLACEMENT_3D('',#3902,#3903,#3904);
#3906=CYLINDRICAL_SURFACE('',#3905,2.E0);
#3907=ORIENTED_EDGE('',*,*,#3896,.T.);
#3908=ORIENTED_EDGE('',*,*,#3806,.T.);
#3909=ORIENTED_EDGE('',*,*,#3692,.T.);
#3911=ORIENTED_EDGE('',*,*,#3910,.F.);
#3912=EDGE_LOOP('',(#3907,#3908,#3909,#3911));
#3913=FACE_OUTER_BOUND('',#3912,.F.);
#3914=ADVANCED_FACE('',(#3913),#3906,.F.);
#3915=CARTESIAN_POINT('',(-3.375E1,-2.725E1,9.E1));
#3916=DIRECTION('',(0.E0,-1.E0,0.E0));
#3917=DIRECTION('',(1.E0,0.E0,0.E0));
#3918=AXIS2_PLACEMENT_3D('',#3915,#3916,#3917);
#3919=PLANE('',#3918);
#3920=ORIENTED_EDGE('',*,*,#3883,.T.);
#3921=ORIENTED_EDGE('',*,*,#3910,.T.);
#3922=ORIENTED_EDGE('',*,*,#3707,.T.);
#3924=ORIENTED_EDGE('',*,*,#3923,.F.);
#3925=EDGE_LOOP('',(#3920,#3921,#3922,#3924));
#3926=FACE_OUTER_BOUND('',#3925,.F.);
#3927=ADVANCED_FACE('',(#3926),#3919,.F.);
#3928=CARTESIAN_POINT('',(-3.225E1,-2.525E1,9.E1));
#3929=DIRECTION('',(0.E0,0.E0,1.E0));
#3930=DIRECTION('',(1.E0,0.E0,0.E0));
#3931=AXIS2_PLACEMENT_3D('',#3928,#3929,#3930);
#3932=CYLINDRICAL_SURFACE('',#3931,2.E0);
#3933=ORIENTED_EDGE('',*,*,#3868,.T.);
#3934=ORIENTED_EDGE('',*,*,#3923,.T.);
#3935=ORIENTED_EDGE('',*,*,#3721,.T.);
#3937=ORIENTED_EDGE('',*,*,#3936,.F.);
#3938=EDGE_LOOP('',(#3933,#3934,#3935,#3937));
#3939=FACE_OUTER_BOUND('',#3938,.F.);
#3940=ADVANCED_FACE('',(#3939),#3932,.F.);
#3941=CARTESIAN_POINT('',(-3.025E1,-2.525E1,9.E1));
#3942=DIRECTION('',(1.E0,0.E0,0.E0));
#3943=DIRECTION('',(0.E0,1.E0,0.E0));
#3944=AXIS2_PLACEMENT_3D('',#3941,#3942,#3943);
#3945=PLANE('',#3944);
#3947=ORIENTED_EDGE('',*,*,#3946,.T.);
#3948=ORIENTED_EDGE('',*,*,#3936,.T.);
#3949=ORIENTED_EDGE('',*,*,#3735,.T.);
#3951=ORIENTED_EDGE('',*,*,#3950,.F.);
#3952=EDGE_LOOP('',(#3947,#3948,#3949,#3951));
#3953=FACE_OUTER_BOUND('',#3952,.F.);
#3954=ADVANCED_FACE('',(#3953),#3945,.F.);
#3955=CARTESIAN_POINT('',(-3.E1,-2.E1,8.975E1));
#3956=DIRECTION('',(-7.071067811866E-1,0.E0,7.071067811865E-1));
#3957=DIRECTION('',(-7.071067811865E-1,0.E0,-7.071067811866E-1));
#3958=AXIS2_PLACEMENT_3D('',#3955,#3956,#3957);
#3959=PLANE('',#3958);
#3960=ORIENTED_EDGE('',*,*,#3844,.T.);
#3961=ORIENTED_EDGE('',*,*,#3870,.T.);
#3962=ORIENTED_EDGE('',*,*,#3946,.F.);
#3964=ORIENTED_EDGE('',*,*,#3963,.F.);
#3965=EDGE_LOOP('',(#3960,#3961,#3962,#3964));
#3966=FACE_OUTER_BOUND('',#3965,.F.);
#3967=ADVANCED_FACE('',(#3966),#3959,.T.);
#3968=CARTESIAN_POINT('',(-3.225E1,-1.475E1,8.974999999818E1));
#3969=DIRECTION('',(0.E0,0.E0,1.E0));
#3970=DIRECTION('',(0.E0,-1.E0,0.E0));
#3971=AXIS2_PLACEMENT_3D('',#3968,#3969,#3970);
#3972=CONICAL_SURFACE('',#3971,2.249999998184E0,4.5E1);
#3973=ORIENTED_EDGE('',*,*,#3846,.T.);
#3974=ORIENTED_EDGE('',*,*,#3963,.T.);
#3976=ORIENTED_EDGE('',*,*,#3975,.F.);
#3978=ORIENTED_EDGE('',*,*,#3977,.F.);
#3979=EDGE_LOOP('',(#3973,#3974,#3976,#3978));
#3980=FACE_OUTER_BOUND('',#3979,.F.);
#3981=ADVANCED_FACE('',(#3980),#3972,.F.);
#3982=CARTESIAN_POINT('',(-3.225E1,-1.475E1,9.E1));
#3983=DIRECTION('',(0.E0,0.E0,1.E0));
#3984=DIRECTION('',(1.E0,0.E0,0.E0));
#3985=AXIS2_PLACEMENT_3D('',#3982,#3983,#3984);
#3986=CYLINDRICAL_SURFACE('',#3985,2.E0);
#3987=ORIENTED_EDGE('',*,*,#3975,.T.);
#3988=ORIENTED_EDGE('',*,*,#3950,.T.);
#3989=ORIENTED_EDGE('',*,*,#3749,.T.);
#3991=ORIENTED_EDGE('',*,*,#3990,.F.);
#3992=EDGE_LOOP('',(#3987,#3988,#3989,#3991));
#3993=FACE_OUTER_BOUND('',#3992,.F.);
#3994=ADVANCED_FACE('',(#3993),#3986,.F.);
#3995=CARTESIAN_POINT('',(-3.225E1,-1.275E1,9.E1));
#3996=DIRECTION('',(0.E0,1.E0,0.E0));
#3997=DIRECTION('',(-1.E0,0.E0,0.E0));
#3998=AXIS2_PLACEMENT_3D('',#3995,#3996,#3997);
#3999=PLANE('',#3998);
#4001=ORIENTED_EDGE('',*,*,#4000,.T.);
#4002=ORIENTED_EDGE('',*,*,#3990,.T.);
#4003=ORIENTED_EDGE('',*,*,#3763,.T.);
#4005=ORIENTED_EDGE('',*,*,#4004,.F.);
#4006=EDGE_LOOP('',(#4001,#4002,#4003,#4005));
#4007=FACE_OUTER_BOUND('',#4006,.F.);
#4008=ADVANCED_FACE('',(#4007),#3999,.F.);
#4009=CARTESIAN_POINT('',(-3.3E1,-1.25E1,8.975E1));
#4010=DIRECTION('',(0.E0,-7.071067811865E-1,7.071067811865E-1));
#4011=DIRECTION('',(0.E0,-7.071067811865E-1,-7.071067811865E-1));
#4012=AXIS2_PLACEMENT_3D('',#4009,#4010,#4011);
#4013=PLANE('',#4012);
#4014=ORIENTED_EDGE('',*,*,#3848,.T.);
#4015=ORIENTED_EDGE('',*,*,#3977,.T.);
#4016=ORIENTED_EDGE('',*,*,#4000,.F.);
#4018=ORIENTED_EDGE('',*,*,#4017,.F.);
#4019=EDGE_LOOP('',(#4014,#4015,#4016,#4018));
#4020=FACE_OUTER_BOUND('',#4019,.F.);
#4021=ADVANCED_FACE('',(#4020),#4013,.T.);
#4022=CARTESIAN_POINT('',(-3.375E1,-1.475E1,8.974999999818E1));
#4023=DIRECTION('',(0.E0,0.E0,1.E0));
#4024=DIRECTION('',(0.E0,-1.E0,0.E0));
#4025=AXIS2_PLACEMENT_3D('',#4022,#4023,#4024);
#4026=CONICAL_SURFACE('',#4025,2.249999998184E0,4.5E1);
#4027=ORIENTED_EDGE('',*,*,#3850,.T.);
#4028=ORIENTED_EDGE('',*,*,#4017,.T.);
#4030=ORIENTED_EDGE('',*,*,#4029,.F.);
#4031=ORIENTED_EDGE('',*,*,#3818,.F.);
#4032=EDGE_LOOP('',(#4027,#4028,#4030,#4031));
#4033=FACE_OUTER_BOUND('',#4032,.F.);
#4034=ADVANCED_FACE('',(#4033),#4026,.F.);
#4035=CARTESIAN_POINT('',(-3.375E1,-1.475E1,9.E1));
#4036=DIRECTION('',(0.E0,0.E0,1.E0));
#4037=DIRECTION('',(1.E0,0.E0,0.E0));
#4038=AXIS2_PLACEMENT_3D('',#4035,#4036,#4037);
#4039=CYLINDRICAL_SURFACE('',#4038,2.E0);
#4040=ORIENTED_EDGE('',*,*,#4029,.T.);
#4041=ORIENTED_EDGE('',*,*,#4004,.T.);
#4042=ORIENTED_EDGE('',*,*,#3777,.T.);
#4043=ORIENTED_EDGE('',*,*,#3803,.F.);
#4044=EDGE_LOOP('',(#4040,#4041,#4042,#4043));
#4045=FACE_OUTER_BOUND('',#4044,.F.);
#4046=ADVANCED_FACE('',(#4045),#4039,.F.);
#4047=CARTESIAN_POINT('',(-8.1E1,5.2144E1,8.1E1));
#4048=DIRECTION('',(0.E0,-1.E0,0.E0));
#4049=DIRECTION('',(0.E0,0.E0,1.E0));
#4050=AXIS2_PLACEMENT_3D('',#4047,#4048,#4049);
#4051=CYLINDRICAL_SURFACE('',#4050,9.E0);
#4053=ORIENTED_EDGE('',*,*,#4052,.F.);
#4055=ORIENTED_EDGE('',*,*,#4054,.F.);
#4056=ORIENTED_EDGE('',*,*,#3831,.T.);
#4058=ORIENTED_EDGE('',*,*,#4057,.T.);
#4060=ORIENTED_EDGE('',*,*,#4059,.F.);
#4061=EDGE_LOOP('',(#4053,#4055,#4056,#4058,#4060));
#4062=FACE_OUTER_BOUND('',#4061,.F.);
#4063=ADVANCED_FACE('',(#4062),#4051,.T.);
#4064=CARTESIAN_POINT('',(0.E0,-8.E0,0.E0));
#4065=DIRECTION('',(0.E0,1.E0,0.E0));
#4066=DIRECTION('',(-1.E0,0.E0,0.E0));
#4067=AXIS2_PLACEMENT_3D('',#4064,#4065,#4066);
#4068=PLANE('',#4067);
#4070=ORIENTED_EDGE('',*,*,#4069,.T.);
#4072=ORIENTED_EDGE('',*,*,#4071,.F.);
#4074=ORIENTED_EDGE('',*,*,#4073,.T.);
#4075=ORIENTED_EDGE('',*,*,#3597,.F.);
#4077=ORIENTED_EDGE('',*,*,#4076,.T.);
#4078=ORIENTED_EDGE('',*,*,#4052,.T.);
#4080=ORIENTED_EDGE('',*,*,#4079,.F.);
#4082=ORIENTED_EDGE('',*,*,#4081,.T.);
#4083=EDGE_LOOP('',(#4070,#4072,#4074,#4075,#4077,#4078,#4080,#4082));
#4084=FACE_OUTER_BOUND('',#4083,.F.);
#4085=ADVANCED_FACE('',(#4084),#4068,.T.);
#4086=CARTESIAN_POINT('',(-8.4E1,-5.E0,-1.173240000006E2));
#4087=DIRECTION('',(0.E0,0.E0,1.E0));
#4088=DIRECTION('',(0.E0,-1.E0,0.E0));
#4089=AXIS2_PLACEMENT_3D('',#4086,#4087,#4088);
#4090=CYLINDRICAL_SURFACE('',#4089,3.E0);
#4091=ORIENTED_EDGE('',*,*,#4069,.F.);
#4093=ORIENTED_EDGE('',*,*,#4092,.T.);
#4095=ORIENTED_EDGE('',*,*,#4094,.T.);
#4097=ORIENTED_EDGE('',*,*,#4096,.T.);
#4098=EDGE_LOOP('',(#4091,#4093,#4095,#4097));
#4099=FACE_OUTER_BOUND('',#4098,.F.);
#4100=ADVANCED_FACE('',(#4099),#4090,.F.);
#4101=CARTESIAN_POINT('',(-8.1E1,5.2144E1,9.E0));
#4102=DIRECTION('',(0.E0,-1.E0,0.E0));
#4103=DIRECTION('',(-1.E0,0.E0,0.E0));
#4104=AXIS2_PLACEMENT_3D('',#4101,#4102,#4103);
#4105=CYLINDRICAL_SURFACE('',#4104,9.E0);
#4107=ORIENTED_EDGE('',*,*,#4106,.T.);
#4108=ORIENTED_EDGE('',*,*,#4092,.F.);
#4109=ORIENTED_EDGE('',*,*,#4081,.F.);
#4111=ORIENTED_EDGE('',*,*,#4110,.T.);
#4113=ORIENTED_EDGE('',*,*,#4112,.T.);
#4114=EDGE_LOOP('',(#4107,#4108,#4109,#4111,#4113));
#4115=FACE_OUTER_BOUND('',#4114,.F.);
#4116=ADVANCED_FACE('',(#4115),#4105,.T.);
#4117=CARTESIAN_POINT('',(0.E0,0.E0,0.E0));
#4118=DIRECTION('',(0.E0,0.E0,-1.E0));
#4119=DIRECTION('',(-1.E0,0.E0,0.E0));
#4120=AXIS2_PLACEMENT_3D('',#4117,#4118,#4119);
#4121=PLANE('',#4120);
#4122=ORIENTED_EDGE('',*,*,#4106,.F.);
#4124=ORIENTED_EDGE('',*,*,#4123,.F.);
#4126=ORIENTED_EDGE('',*,*,#4125,.F.);
#4127=ORIENTED_EDGE('',*,*,#3497,.T.);
#4129=ORIENTED_EDGE('',*,*,#4128,.T.);
#4130=EDGE_LOOP('',(#4122,#4124,#4126,#4127,#4129));
#4131=FACE_OUTER_BOUND('',#4130,.F.);
#4132=ADVANCED_FACE('',(#4131),#4121,.T.);
#4133=CARTESIAN_POINT('',(0.E0,-4.E1,0.E0));
#4134=DIRECTION('',(0.E0,1.E0,0.E0));
#4135=DIRECTION('',(0.E0,0.E0,1.E0));
#4136=AXIS2_PLACEMENT_3D('',#4133,#4134,#4135);
#4137=PLANE('',#4136);
#4138=ORIENTED_EDGE('',*,*,#4112,.F.);
#4140=ORIENTED_EDGE('',*,*,#4139,.T.);
#4141=ORIENTED_EDGE('',*,*,#4057,.F.);
#4142=ORIENTED_EDGE('',*,*,#3838,.T.);
#4144=ORIENTED_EDGE('',*,*,#4143,.F.);
#4146=ORIENTED_EDGE('',*,*,#4145,.T.);
#4148=ORIENTED_EDGE('',*,*,#4147,.F.);
#4149=ORIENTED_EDGE('',*,*,#4123,.T.);
#4150=EDGE_LOOP('',(#4138,#4140,#4141,#4142,#4144,#4146,#4148,#4149));
#4151=FACE_OUTER_BOUND('',#4150,.F.);
#4153=ORIENTED_EDGE('',*,*,#4152,.F.);
#4155=ORIENTED_EDGE('',*,*,#4154,.F.);
#4157=ORIENTED_EDGE('',*,*,#4156,.F.);
#4159=ORIENTED_EDGE('',*,*,#4158,.F.);
#4160=EDGE_LOOP('',(#4153,#4155,#4157,#4159));
#4161=FACE_BOUND('',#4160,.F.);
#4163=ORIENTED_EDGE('',*,*,#4162,.F.);
#4165=ORIENTED_EDGE('',*,*,#4164,.F.);
#4167=ORIENTED_EDGE('',*,*,#4166,.F.);
#4169=ORIENTED_EDGE('',*,*,#4168,.F.);
#4170=EDGE_LOOP('',(#4163,#4165,#4167,#4169));
#4171=FACE_BOUND('',#4170,.F.);
#4173=ORIENTED_EDGE('',*,*,#4172,.F.);
#4175=ORIENTED_EDGE('',*,*,#4174,.F.);
#4177=ORIENTED_EDGE('',*,*,#4176,.F.);
#4179=ORIENTED_EDGE('',*,*,#4178,.F.);
#4180=EDGE_LOOP('',(#4173,#4175,#4177,#4179));
#4181=FACE_BOUND('',#4180,.F.);
#4183=ORIENTED_EDGE('',*,*,#4182,.F.);
#4185=ORIENTED_EDGE('',*,*,#4184,.F.);
#4187=ORIENTED_EDGE('',*,*,#4186,.F.);
#4189=ORIENTED_EDGE('',*,*,#4188,.F.);
#4190=EDGE_LOOP('',(#4183,#4185,#4187,#4189));
#4191=FACE_BOUND('',#4190,.F.);
#4193=ORIENTED_EDGE('',*,*,#4192,.F.);
#4195=ORIENTED_EDGE('',*,*,#4194,.F.);
#4197=ORIENTED_EDGE('',*,*,#4196,.F.);
#4199=ORIENTED_EDGE('',*,*,#4198,.F.);
#4200=EDGE_LOOP('',(#4193,#4195,#4197,#4199));
#4201=FACE_BOUND('',#4200,.F.);
#4203=ORIENTED_EDGE('',*,*,#4202,.F.);
#4205=ORIENTED_EDGE('',*,*,#4204,.F.);
#4207=ORIENTED_EDGE('',*,*,#4206,.F.);
#4209=ORIENTED_EDGE('',*,*,#4208,.F.);
#4210=EDGE_LOOP('',(#4203,#4205,#4207,#4209));
#4211=FACE_BOUND('',#4210,.F.);
#4212=ADVANCED_FACE('',(#4151,#4161,#4171,#4181,#4191,#4201,#4211),#4137,.F.);
#4213=CARTESIAN_POINT('',(-9.E1,0.E0,0.E0));
#4214=DIRECTION('',(-1.E0,0.E0,0.E0));
#4215=DIRECTION('',(0.E0,0.E0,1.E0));
#4216=AXIS2_PLACEMENT_3D('',#4213,#4214,#4215);
#4217=PLANE('',#4216);
#4218=ORIENTED_EDGE('',*,*,#4110,.F.);
#4219=ORIENTED_EDGE('',*,*,#4079,.T.);
#4220=ORIENTED_EDGE('',*,*,#4059,.T.);
#4221=ORIENTED_EDGE('',*,*,#4139,.F.);
#4222=EDGE_LOOP('',(#4218,#4219,#4220,#4221));
#4223=FACE_OUTER_BOUND('',#4222,.F.);
#4224=ADVANCED_FACE('',(#4223),#4217,.T.);
#4225=CARTESIAN_POINT('',(-9.E0,5.2144E1,8.1E1));
#4226=DIRECTION('',(0.E0,-1.E0,0.E0));
#4227=DIRECTION('',(1.E0,0.E0,0.E0));
#4228=AXIS2_PLACEMENT_3D('',#4225,#4226,#4227);
#4229=CYLINDRICAL_SURFACE('',#4228,9.E0);
#4230=ORIENTED_EDGE('',*,*,#4143,.T.);
#4231=ORIENTED_EDGE('',*,*,#3836,.F.);
#4232=ORIENTED_EDGE('',*,*,#3503,.T.);
#4234=ORIENTED_EDGE('',*,*,#4233,.T.);
#4235=EDGE_LOOP('',(#4230,#4231,#4232,#4234));
#4236=FACE_OUTER_BOUND('',#4235,.F.);
#4237=ADVANCED_FACE('',(#4236),#4229,.T.);
#4238=CARTESIAN_POINT('',(0.E0,0.E0,9.E1));
#4239=DIRECTION('',(1.E0,0.E0,0.E0));
#4240=DIRECTION('',(0.E0,0.E0,-1.E0));
#4241=AXIS2_PLACEMENT_3D('',#4238,#4239,#4240);
#4242=PLANE('',#4241);
#4243=ORIENTED_EDGE('',*,*,#4233,.F.);
#4244=ORIENTED_EDGE('',*,*,#3501,.T.);
#4246=ORIENTED_EDGE('',*,*,#4245,.T.);
#4247=ORIENTED_EDGE('',*,*,#4145,.F.);
#4248=EDGE_LOOP('',(#4243,#4244,#4246,#4247));
#4249=FACE_OUTER_BOUND('',#4248,.F.);
#4250=ADVANCED_FACE('',(#4249),#4242,.T.);
#4251=CARTESIAN_POINT('',(-9.E0,5.2144E1,9.E0));
#4252=DIRECTION('',(0.E0,-1.E0,0.E0));
#4253=DIRECTION('',(0.E0,0.E0,-1.E0));
#4254=AXIS2_PLACEMENT_3D('',#4251,#4252,#4253);
#4255=CYLINDRICAL_SURFACE('',#4254,9.E0);
#4256=ORIENTED_EDGE('',*,*,#4147,.T.);
#4257=ORIENTED_EDGE('',*,*,#4245,.F.);
#4258=ORIENTED_EDGE('',*,*,#3499,.T.);
#4259=ORIENTED_EDGE('',*,*,#4125,.T.);
#4260=EDGE_LOOP('',(#4256,#4257,#4258,#4259));
#4261=FACE_OUTER_BOUND('',#4260,.F.);
#4262=ADVANCED_FACE('',(#4261),#4255,.T.);
#4263=CARTESIAN_POINT('',(-1.E1,-3.8E1,1.E1));
#4264=DIRECTION('',(-1.E0,0.E0,0.E0));
#4265=DIRECTION('',(0.E0,0.E0,1.E0));
#4266=AXIS2_PLACEMENT_3D('',#4263,#4264,#4265);
#4267=PLANE('',#4266);
#4268=ORIENTED_EDGE('',*,*,#4152,.T.);
#4270=ORIENTED_EDGE('',*,*,#4269,.F.);
#4272=ORIENTED_EDGE('',*,*,#4271,.F.);
#4274=ORIENTED_EDGE('',*,*,#4273,.T.);
#4275=EDGE_LOOP('',(#4268,#4270,#4272,#4274));
#4276=FACE_OUTER_BOUND('',#4275,.F.);
#4277=ADVANCED_FACE('',(#4276),#4267,.F.);
#4278=CARTESIAN_POINT('',(-9.E0,-3.8E1,8.E1));
#4279=DIRECTION('',(0.E0,1.E0,0.E0));
#4280=DIRECTION('',(1.E0,0.E0,0.E0));
#4281=AXIS2_PLACEMENT_3D('',#4278,#4279,#4280);
#4282=CYLINDRICAL_SURFACE('',#4281,1.E0);
#4283=ORIENTED_EDGE('',*,*,#4158,.T.);
#4285=ORIENTED_EDGE('',*,*,#4284,.F.);
#4287=ORIENTED_EDGE('',*,*,#4286,.F.);
#4288=ORIENTED_EDGE('',*,*,#4269,.T.);
#4289=EDGE_LOOP('',(#4283,#4285,#4287,#4288));
#4290=FACE_OUTER_BOUND('',#4289,.F.);
#4291=ADVANCED_FACE('',(#4290),#4282,.F.);
#4292=CARTESIAN_POINT('',(-8.E0,-3.8E1,8.E1));
#4293=DIRECTION('',(1.E0,0.E0,0.E0));
#4294=DIRECTION('',(0.E0,0.E0,-1.E0));
#4295=AXIS2_PLACEMENT_3D('',#4292,#4293,#4294);
#4296=PLANE('',#4295);
#4297=ORIENTED_EDGE('',*,*,#4156,.T.);
#4299=ORIENTED_EDGE('',*,*,#4298,.F.);
#4301=ORIENTED_EDGE('',*,*,#4300,.F.);
#4302=ORIENTED_EDGE('',*,*,#4284,.T.);
#4303=EDGE_LOOP('',(#4297,#4299,#4301,#4302));
#4304=FACE_OUTER_BOUND('',#4303,.F.);
#4305=ADVANCED_FACE('',(#4304),#4296,.F.);
#4306=CARTESIAN_POINT('',(-9.E0,-3.8E1,1.E1));
#4307=DIRECTION('',(0.E0,1.E0,0.E0));
#4308=DIRECTION('',(1.E0,0.E0,0.E0));
#4309=AXIS2_PLACEMENT_3D('',#4306,#4307,#4308);
#4310=CYLINDRICAL_SURFACE('',#4309,1.E0);
#4311=ORIENTED_EDGE('',*,*,#4154,.T.);
#4312=ORIENTED_EDGE('',*,*,#4273,.F.);
#4314=ORIENTED_EDGE('',*,*,#4313,.F.);
#4315=ORIENTED_EDGE('',*,*,#4298,.T.);
#4316=EDGE_LOOP('',(#4311,#4312,#4314,#4315));
#4317=FACE_OUTER_BOUND('',#4316,.F.);
#4318=ADVANCED_FACE('',(#4317),#4310,.F.);
#4319=CARTESIAN_POINT('',(0.E0,-3.8E1,0.E0));
#4320=DIRECTION('',(0.E0,1.E0,0.E0));
#4321=DIRECTION('',(0.E0,0.E0,1.E0));
#4322=AXIS2_PLACEMENT_3D('',#4319,#4320,#4321);
#4323=PLANE('',#4322);
#4325=ORIENTED_EDGE('',*,*,#4324,.T.);
#4327=ORIENTED_EDGE('',*,*,#4326,.T.);
#4329=ORIENTED_EDGE('',*,*,#4328,.F.);
#4331=ORIENTED_EDGE('',*,*,#4330,.F.);
#4333=ORIENTED_EDGE('',*,*,#4332,.T.);
#4334=ORIENTED_EDGE('',*,*,#3642,.F.);
#4335=ORIENTED_EDGE('',*,*,#3601,.T.);
#4337=ORIENTED_EDGE('',*,*,#4336,.F.);
#4339=ORIENTED_EDGE('',*,*,#4338,.F.);
#4341=ORIENTED_EDGE('',*,*,#4340,.F.);
#4343=ORIENTED_EDGE('',*,*,#4342,.F.);
#4345=ORIENTED_EDGE('',*,*,#4344,.F.);
#4347=ORIENTED_EDGE('',*,*,#4346,.T.);
#4349=ORIENTED_EDGE('',*,*,#4348,.F.);
#4351=ORIENTED_EDGE('',*,*,#4350,.T.);
#4353=ORIENTED_EDGE('',*,*,#4352,.F.);
#4354=EDGE_LOOP('',(#4325,#4327,#4329,#4331,#4333,#4334,#4335,#4337,#4339,#4341,
#4343,#4345,#4347,#4349,#4351,#4353));
#4355=FACE_OUTER_BOUND('',#4354,.F.);
#4357=ORIENTED_EDGE('',*,*,#4356,.F.);
#4359=ORIENTED_EDGE('',*,*,#4358,.T.);
#4361=ORIENTED_EDGE('',*,*,#4360,.T.);
#4363=ORIENTED_EDGE('',*,*,#4362,.F.);
#4364=EDGE_LOOP('',(#4357,#4359,#4361,#4363));
#4365=FACE_BOUND('',#4364,.F.);
#4367=ORIENTED_EDGE('',*,*,#4366,.F.);
#4369=ORIENTED_EDGE('',*,*,#4368,.T.);
#4371=ORIENTED_EDGE('',*,*,#4370,.T.);
#4373=ORIENTED_EDGE('',*,*,#4372,.F.);
#4374=EDGE_LOOP('',(#4367,#4369,#4371,#4373));
#4375=FACE_BOUND('',#4374,.F.);
#4377=ORIENTED_EDGE('',*,*,#4376,.T.);
#4379=ORIENTED_EDGE('',*,*,#4378,.T.);
#4380=EDGE_LOOP('',(#4377,#4379));
#4381=FACE_BOUND('',#4380,.F.);
#4383=ORIENTED_EDGE('',*,*,#4382,.F.);
#4385=ORIENTED_EDGE('',*,*,#4384,.T.);
#4387=ORIENTED_EDGE('',*,*,#4386,.T.);
#4389=ORIENTED_EDGE('',*,*,#4388,.F.);
#4390=EDGE_LOOP('',(#4383,#4385,#4387,#4389));
#4391=FACE_BOUND('',#4390,.F.);
#4392=ORIENTED_EDGE('',*,*,#4271,.T.);
#4393=ORIENTED_EDGE('',*,*,#4286,.T.);
#4394=ORIENTED_EDGE('',*,*,#4300,.T.);
#4395=ORIENTED_EDGE('',*,*,#4313,.T.);
#4396=EDGE_LOOP('',(#4392,#4393,#4394,#4395));
#4397=FACE_BOUND('',#4396,.F.);
#4399=ORIENTED_EDGE('',*,*,#4398,.T.);
#4401=ORIENTED_EDGE('',*,*,#4400,.T.);
#4403=ORIENTED_EDGE('',*,*,#4402,.T.);
#4405=ORIENTED_EDGE('',*,*,#4404,.T.);
#4406=EDGE_LOOP('',(#4399,#4401,#4403,#4405));
#4407=FACE_BOUND('',#4406,.F.);
#4409=ORIENTED_EDGE('',*,*,#4408,.T.);
#4411=ORIENTED_EDGE('',*,*,#4410,.T.);
#4413=ORIENTED_EDGE('',*,*,#4412,.T.);
#4415=ORIENTED_EDGE('',*,*,#4414,.T.);
#4416=EDGE_LOOP('',(#4409,#4411,#4413,#4415));
#4417=FACE_BOUND('',#4416,.F.);
#4419=ORIENTED_EDGE('',*,*,#4418,.T.);
#4421=ORIENTED_EDGE('',*,*,#4420,.T.);
#4423=ORIENTED_EDGE('',*,*,#4422,.T.);
#4425=ORIENTED_EDGE('',*,*,#4424,.T.);
#4426=EDGE_LOOP('',(#4419,#4421,#4423,#4425));
#4427=FACE_BOUND('',#4426,.F.);
#4429=ORIENTED_EDGE('',*,*,#4428,.T.);
#4431=ORIENTED_EDGE('',*,*,#4430,.T.);
#4433=ORIENTED_EDGE('',*,*,#4432,.T.);
#4435=ORIENTED_EDGE('',*,*,#4434,.T.);
#4436=EDGE_LOOP('',(#4429,#4431,#4433,#4435));
#4437=FACE_BOUND('',#4436,.F.);
#4439=ORIENTED_EDGE('',*,*,#4438,.T.);
#4441=ORIENTED_EDGE('',*,*,#4440,.T.);
#4443=ORIENTED_EDGE('',*,*,#4442,.T.);
#4445=ORIENTED_EDGE('',*,*,#4444,.T.);
#4446=EDGE_LOOP('',(#4439,#4441,#4443,#4445));
#4447=FACE_BOUND('',#4446,.F.);
#4448=ADVANCED_FACE('',(#4355,#4365,#4375,#4381,#4391,#4397,#4407,#4417,#4427,
#4437,#4447),#4323,.T.);
#4449=CARTESIAN_POINT('',(0.E0,0.E0,1.4E1));
#4450=DIRECTION('',(0.E0,0.E0,1.E0));
#4451=DIRECTION('',(1.E0,0.E0,0.E0));
#4452=AXIS2_PLACEMENT_3D('',#4449,#4450,#4451);
#4453=PLANE('',#4452);
#4454=ORIENTED_EDGE('',*,*,#4382,.T.);
#4456=ORIENTED_EDGE('',*,*,#4455,.T.);
#4458=ORIENTED_EDGE('',*,*,#4457,.T.);
#4460=ORIENTED_EDGE('',*,*,#4459,.T.);
#4462=ORIENTED_EDGE('',*,*,#4461,.T.);
#4464=ORIENTED_EDGE('',*,*,#4463,.T.);
#4466=ORIENTED_EDGE('',*,*,#4465,.T.);
#4468=ORIENTED_EDGE('',*,*,#4467,.T.);
#4470=ORIENTED_EDGE('',*,*,#4469,.T.);
#4472=ORIENTED_EDGE('',*,*,#4471,.T.);
#4474=ORIENTED_EDGE('',*,*,#4473,.T.);
#4476=ORIENTED_EDGE('',*,*,#4475,.T.);
#4478=ORIENTED_EDGE('',*,*,#4477,.T.);
#4479=EDGE_LOOP('',(#4454,#4456,#4458,#4460,#4462,#4464,#4466,#4468,#4470,#4472,
#4474,#4476,#4478));
#4480=FACE_OUTER_BOUND('',#4479,.F.);
#4481=ADVANCED_FACE('',(#4480),#4453,.F.);
#4482=CARTESIAN_POINT('',(-4.05E1,-3.8E1,1.4E1));
#4483=DIRECTION('',(1.E0,0.E0,0.E0));
#4484=DIRECTION('',(0.E0,1.E0,0.E0));
#4485=AXIS2_PLACEMENT_3D('',#4482,#4483,#4484);
#4486=PLANE('',#4485);
#4487=ORIENTED_EDGE('',*,*,#4388,.T.);
#4489=ORIENTED_EDGE('',*,*,#4488,.T.);
#4491=ORIENTED_EDGE('',*,*,#4490,.F.);
#4492=ORIENTED_EDGE('',*,*,#4455,.F.);
#4493=EDGE_LOOP('',(#4487,#4489,#4491,#4492));
#4494=FACE_OUTER_BOUND('',#4493,.F.);
#4495=ADVANCED_FACE('',(#4494),#4486,.T.);
#4496=CARTESIAN_POINT('',(0.E0,0.E0,2.2E1));
#4497=DIRECTION('',(0.E0,0.E0,1.E0));
#4498=DIRECTION('',(1.E0,0.E0,0.E0));
#4499=AXIS2_PLACEMENT_3D('',#4496,#4497,#4498);
#4500=PLANE('',#4499);
#4501=ORIENTED_EDGE('',*,*,#4386,.F.);
#4503=ORIENTED_EDGE('',*,*,#4502,.F.);
#4505=ORIENTED_EDGE('',*,*,#4504,.F.);
#4507=ORIENTED_EDGE('',*,*,#4506,.F.);
#4509=ORIENTED_EDGE('',*,*,#4508,.F.);
#4511=ORIENTED_EDGE('',*,*,#4510,.F.);
#4513=ORIENTED_EDGE('',*,*,#4512,.F.);
#4515=ORIENTED_EDGE('',*,*,#4514,.F.);
#4517=ORIENTED_EDGE('',*,*,#4516,.F.);
#4519=ORIENTED_EDGE('',*,*,#4518,.F.);
#4521=ORIENTED_EDGE('',*,*,#4520,.F.);
#4523=ORIENTED_EDGE('',*,*,#4522,.F.);
#4524=ORIENTED_EDGE('',*,*,#4488,.F.);
#4525=EDGE_LOOP('',(#4501,#4503,#4505,#4507,#4509,#4511,#4513,#4515,#4517,#4519,
#4521,#4523,#4524));
#4526=FACE_OUTER_BOUND('',#4525,.F.);
#4527=ADVANCED_FACE('',(#4526),#4500,.T.);
#4528=CARTESIAN_POINT('',(-4.986808738059E1,-3.1E1,1.4E1));
#4529=DIRECTION('',(0.E0,0.E0,1.E0));
#4530=DIRECTION('',(1.E0,0.E0,0.E0));
#4531=AXIS2_PLACEMENT_3D('',#4528,#4529,#4530);
#4532=CYLINDRICAL_SURFACE('',#4531,7.E0);
#4533=ORIENTED_EDGE('',*,*,#4384,.F.);
#4534=ORIENTED_EDGE('',*,*,#4477,.F.);
#4536=ORIENTED_EDGE('',*,*,#4535,.T.);
#4537=ORIENTED_EDGE('',*,*,#4502,.T.);
#4538=EDGE_LOOP('',(#4533,#4534,#4536,#4537));
#4539=FACE_OUTER_BOUND('',#4538,.F.);
#4540=ADVANCED_FACE('',(#4539),#4532,.F.);
#4541=CARTESIAN_POINT('',(-4.286808738059E1,-3.087455330653E1,1.4E1));
#4542=DIRECTION('',(-1.E0,0.E0,0.E0));
#4543=DIRECTION('',(0.E0,-1.E0,0.E0));
#4544=AXIS2_PLACEMENT_3D('',#4541,#4542,#4543);
#4545=PLANE('',#4544);
#4546=ORIENTED_EDGE('',*,*,#4475,.F.);
#4548=ORIENTED_EDGE('',*,*,#4547,.T.);
#4549=ORIENTED_EDGE('',*,*,#4504,.T.);
#4550=ORIENTED_EDGE('',*,*,#4535,.F.);
#4551=EDGE_LOOP('',(#4546,#4548,#4549,#4550));
#4552=FACE_OUTER_BOUND('',#4551,.F.);
#4553=ADVANCED_FACE('',(#4552),#4545,.T.);
#4554=CARTESIAN_POINT('',(-4.586808738059E1,-3.087455330653E1,1.4E1));
#4555=DIRECTION('',(0.E0,0.E0,1.E0));
#4556=DIRECTION('',(1.E0,0.E0,0.E0));
#4557=AXIS2_PLACEMENT_3D('',#4554,#4555,#4556);
#4558=CYLINDRICAL_SURFACE('',#4557,3.E0);
#4559=ORIENTED_EDGE('',*,*,#4473,.F.);
#4561=ORIENTED_EDGE('',*,*,#4560,.T.);
#4562=ORIENTED_EDGE('',*,*,#4506,.T.);
#4563=ORIENTED_EDGE('',*,*,#4547,.F.);
#4564=EDGE_LOOP('',(#4559,#4561,#4562,#4563));
#4565=FACE_OUTER_BOUND('',#4564,.F.);
#4566=ADVANCED_FACE('',(#4565),#4558,.F.);
#4567=CARTESIAN_POINT('',(-4.45E1,-2.8E1,1.4E1));
#4568=DIRECTION('',(-7.071067811865E-1,-7.071067811865E-1,0.E0));
#4569=DIRECTION('',(7.071067811865E-1,-7.071067811865E-1,0.E0));
#4570=AXIS2_PLACEMENT_3D('',#4567,#4568,#4569);
#4571=PLANE('',#4570);
#4572=ORIENTED_EDGE('',*,*,#4471,.F.);
#4574=ORIENTED_EDGE('',*,*,#4573,.T.);
#4575=ORIENTED_EDGE('',*,*,#4508,.T.);
#4576=ORIENTED_EDGE('',*,*,#4560,.F.);
#4577=EDGE_LOOP('',(#4572,#4574,#4575,#4576));
#4578=FACE_OUTER_BOUND('',#4577,.F.);
#4579=ADVANCED_FACE('',(#4578),#4571,.T.);
#4580=CARTESIAN_POINT('',(-4.45E1,-2.6E1,1.4E1));
#4581=DIRECTION('',(-1.E0,0.E0,0.E0));
#4582=DIRECTION('',(0.E0,-1.E0,0.E0));
#4583=AXIS2_PLACEMENT_3D('',#4580,#4581,#4582);
#4584=PLANE('',#4583);
#4585=ORIENTED_EDGE('',*,*,#4469,.F.);
#4587=ORIENTED_EDGE('',*,*,#4586,.T.);
#4588=ORIENTED_EDGE('',*,*,#4510,.T.);
#4589=ORIENTED_EDGE('',*,*,#4573,.F.);
#4590=EDGE_LOOP('',(#4585,#4587,#4588,#4589));
#4591=FACE_OUTER_BOUND('',#4590,.F.);
#4592=ADVANCED_FACE('',(#4591),#4584,.T.);
#4593=CARTESIAN_POINT('',(-4.235355339059E1,-2.6E1,1.4E1));
#4594=DIRECTION('',(0.E0,1.E0,0.E0));
#4595=DIRECTION('',(-1.E0,0.E0,0.E0));
#4596=AXIS2_PLACEMENT_3D('',#4593,#4594,#4595);
#4597=PLANE('',#4596);
#4598=ORIENTED_EDGE('',*,*,#4467,.F.);
#4600=ORIENTED_EDGE('',*,*,#4599,.T.);
#4601=ORIENTED_EDGE('',*,*,#4512,.T.);
#4602=ORIENTED_EDGE('',*,*,#4586,.F.);
#4603=EDGE_LOOP('',(#4598,#4600,#4601,#4602));
#4604=FACE_OUTER_BOUND('',#4603,.F.);
#4605=ADVANCED_FACE('',(#4604),#4597,.T.);
#4606=CARTESIAN_POINT('',(-4.235355339059E1,-2.564644660941E1,1.4E1));
#4607=DIRECTION('',(0.E0,0.E0,1.E0));
#4608=DIRECTION('',(1.E0,0.E0,0.E0));
#4609=AXIS2_PLACEMENT_3D('',#4606,#4607,#4608);
#4610=CYLINDRICAL_SURFACE('',#4609,3.535533905933E-1);
#4611=ORIENTED_EDGE('',*,*,#4465,.F.);
#4613=ORIENTED_EDGE('',*,*,#4612,.T.);
#4614=ORIENTED_EDGE('',*,*,#4514,.T.);
#4615=ORIENTED_EDGE('',*,*,#4599,.F.);
#4616=EDGE_LOOP('',(#4611,#4613,#4614,#4615));
#4617=FACE_OUTER_BOUND('',#4616,.F.);
#4618=ADVANCED_FACE('',(#4617),#4610,.F.);
#4619=CARTESIAN_POINT('',(-4.379088676820E1,-2.370911323180E1,1.4E1));
#4620=DIRECTION('',(-7.071067811865E-1,-7.071067811865E-1,0.E0));
#4621=DIRECTION('',(7.071067811865E-1,-7.071067811865E-1,0.E0));
#4622=AXIS2_PLACEMENT_3D('',#4619,#4620,#4621);
#4623=PLANE('',#4622);
#4624=ORIENTED_EDGE('',*,*,#4463,.F.);
#4626=ORIENTED_EDGE('',*,*,#4625,.T.);
#4627=ORIENTED_EDGE('',*,*,#4516,.T.);
#4628=ORIENTED_EDGE('',*,*,#4612,.F.);
#4629=EDGE_LOOP('',(#4624,#4626,#4627,#4628));
#4630=FACE_OUTER_BOUND('',#4629,.F.);
#4631=ADVANCED_FACE('',(#4630),#4623,.T.);
#4632=CARTESIAN_POINT('',(-4.343733337760E1,-2.335555984121E1,1.4E1));
#4633=DIRECTION('',(0.E0,0.E0,1.E0));
#4634=DIRECTION('',(1.E0,0.E0,0.E0));
#4635=AXIS2_PLACEMENT_3D('',#4632,#4633,#4634);
#4636=CYLINDRICAL_SURFACE('',#4635,5.E-1);
#4637=ORIENTED_EDGE('',*,*,#4461,.F.);
#4639=ORIENTED_EDGE('',*,*,#4638,.T.);
#4640=ORIENTED_EDGE('',*,*,#4518,.T.);
#4641=ORIENTED_EDGE('',*,*,#4625,.F.);
#4642=EDGE_LOOP('',(#4637,#4639,#4640,#4641));
#4643=FACE_OUTER_BOUND('',#4642,.F.);
#4644=ADVANCED_FACE('',(#4643),#4636,.T.);
#4645=CARTESIAN_POINT('',(-4.15E1,-1.9E1,1.4E1));
#4646=DIRECTION('',(-8.660254037844E-1,5.E-1,0.E0));
#4647=DIRECTION('',(-5.E-1,-8.660254037844E-1,0.E0));
#4648=AXIS2_PLACEMENT_3D('',#4645,#4646,#4647);
#4649=PLANE('',#4648);
#4650=ORIENTED_EDGE('',*,*,#4459,.F.);
#4652=ORIENTED_EDGE('',*,*,#4651,.T.);
#4653=ORIENTED_EDGE('',*,*,#4520,.T.);
#4654=ORIENTED_EDGE('',*,*,#4638,.F.);
#4655=EDGE_LOOP('',(#4650,#4652,#4653,#4654));
#4656=FACE_OUTER_BOUND('',#4655,.F.);
#4657=ADVANCED_FACE('',(#4656),#4649,.T.);
#4658=CARTESIAN_POINT('',(-4.05E1,-1.9E1,1.4E1));
#4659=DIRECTION('',(0.E0,1.E0,0.E0));
#4660=DIRECTION('',(-1.E0,0.E0,0.E0));
#4661=AXIS2_PLACEMENT_3D('',#4658,#4659,#4660);
#4662=PLANE('',#4661);
#4663=ORIENTED_EDGE('',*,*,#4457,.F.);
#4664=ORIENTED_EDGE('',*,*,#4490,.T.);
#4665=ORIENTED_EDGE('',*,*,#4522,.T.);
#4666=ORIENTED_EDGE('',*,*,#4651,.F.);
#4667=EDGE_LOOP('',(#4663,#4664,#4665,#4666));
#4668=FACE_OUTER_BOUND('',#4667,.F.);
#4669=ADVANCED_FACE('',(#4668),#4662,.T.);
#4670=CARTESIAN_POINT('',(0.E0,0.E0,6.9E1));
#4671=DIRECTION('',(0.E0,0.E0,1.E0));
#4672=DIRECTION('',(1.E0,0.E0,0.E0));
#4673=AXIS2_PLACEMENT_3D('',#4670,#4671,#4672);
#4674=PLANE('',#4673);
#4675=ORIENTED_EDGE('',*,*,#4356,.T.);
#4677=ORIENTED_EDGE('',*,*,#4676,.T.);
#4679=ORIENTED_EDGE('',*,*,#4678,.T.);
#4681=ORIENTED_EDGE('',*,*,#4680,.T.);
#4683=ORIENTED_EDGE('',*,*,#4682,.T.);
#4685=ORIENTED_EDGE('',*,*,#4684,.T.);
#4687=ORIENTED_EDGE('',*,*,#4686,.T.);
#4689=ORIENTED_EDGE('',*,*,#4688,.T.);
#4691=ORIENTED_EDGE('',*,*,#4690,.T.);
#4693=ORIENTED_EDGE('',*,*,#4692,.T.);
#4695=ORIENTED_EDGE('',*,*,#4694,.T.);
#4697=ORIENTED_EDGE('',*,*,#4696,.T.);
#4699=ORIENTED_EDGE('',*,*,#4698,.T.);
#4700=EDGE_LOOP('',(#4675,#4677,#4679,#4681,#4683,#4685,#4687,#4689,#4691,#4693,
#4695,#4697,#4699));
#4701=FACE_OUTER_BOUND('',#4700,.F.);
#4702=ADVANCED_FACE('',(#4701),#4674,.F.);
#4703=CARTESIAN_POINT('',(-4.05E1,-3.8E1,6.9E1));
#4704=DIRECTION('',(1.E0,0.E0,0.E0));
#4705=DIRECTION('',(0.E0,1.E0,0.E0));
#4706=AXIS2_PLACEMENT_3D('',#4703,#4704,#4705);
#4707=PLANE('',#4706);
#4708=ORIENTED_EDGE('',*,*,#4362,.T.);
#4710=ORIENTED_EDGE('',*,*,#4709,.T.);
#4712=ORIENTED_EDGE('',*,*,#4711,.F.);
#4713=ORIENTED_EDGE('',*,*,#4676,.F.);
#4714=EDGE_LOOP('',(#4708,#4710,#4712,#4713));
#4715=FACE_OUTER_BOUND('',#4714,.F.);
#4716=ADVANCED_FACE('',(#4715),#4707,.T.);
#4717=CARTESIAN_POINT('',(0.E0,0.E0,7.7E1));
#4718=DIRECTION('',(0.E0,0.E0,1.E0));
#4719=DIRECTION('',(1.E0,0.E0,0.E0));
#4720=AXIS2_PLACEMENT_3D('',#4717,#4718,#4719);
#4721=PLANE('',#4720);
#4722=ORIENTED_EDGE('',*,*,#4360,.F.);
#4724=ORIENTED_EDGE('',*,*,#4723,.F.);
#4726=ORIENTED_EDGE('',*,*,#4725,.F.);
#4728=ORIENTED_EDGE('',*,*,#4727,.F.);
#4730=ORIENTED_EDGE('',*,*,#4729,.F.);
#4732=ORIENTED_EDGE('',*,*,#4731,.F.);
#4734=ORIENTED_EDGE('',*,*,#4733,.F.);
#4736=ORIENTED_EDGE('',*,*,#4735,.F.);
#4738=ORIENTED_EDGE('',*,*,#4737,.F.);
#4740=ORIENTED_EDGE('',*,*,#4739,.F.);
#4742=ORIENTED_EDGE('',*,*,#4741,.F.);
#4744=ORIENTED_EDGE('',*,*,#4743,.F.);
#4745=ORIENTED_EDGE('',*,*,#4709,.F.);
#4746=EDGE_LOOP('',(#4722,#4724,#4726,#4728,#4730,#4732,#4734,#4736,#4738,#4740,
#4742,#4744,#4745));
#4747=FACE_OUTER_BOUND('',#4746,.F.);
#4748=ADVANCED_FACE('',(#4747),#4721,.T.);
#4749=CARTESIAN_POINT('',(-4.986808738059E1,-3.1E1,6.9E1));
#4750=DIRECTION('',(0.E0,0.E0,1.E0));
#4751=DIRECTION('',(1.E0,0.E0,0.E0));
#4752=AXIS2_PLACEMENT_3D('',#4749,#4750,#4751);
#4753=CYLINDRICAL_SURFACE('',#4752,7.E0);
#4754=ORIENTED_EDGE('',*,*,#4358,.F.);
#4755=ORIENTED_EDGE('',*,*,#4698,.F.);
#4757=ORIENTED_EDGE('',*,*,#4756,.T.);
#4758=ORIENTED_EDGE('',*,*,#4723,.T.);
#4759=EDGE_LOOP('',(#4754,#4755,#4757,#4758));
#4760=FACE_OUTER_BOUND('',#4759,.F.);
#4761=ADVANCED_FACE('',(#4760),#4753,.F.);
#4762=CARTESIAN_POINT('',(-4.286808738059E1,-3.087455330653E1,6.9E1));
#4763=DIRECTION('',(-1.E0,0.E0,0.E0));
#4764=DIRECTION('',(0.E0,-1.E0,0.E0));
#4765=AXIS2_PLACEMENT_3D('',#4762,#4763,#4764);
#4766=PLANE('',#4765);
#4767=ORIENTED_EDGE('',*,*,#4696,.F.);
#4769=ORIENTED_EDGE('',*,*,#4768,.T.);
#4770=ORIENTED_EDGE('',*,*,#4725,.T.);
#4771=ORIENTED_EDGE('',*,*,#4756,.F.);
#4772=EDGE_LOOP('',(#4767,#4769,#4770,#4771));
#4773=FACE_OUTER_BOUND('',#4772,.F.);
#4774=ADVANCED_FACE('',(#4773),#4766,.T.);
#4775=CARTESIAN_POINT('',(-4.586808738059E1,-3.087455330653E1,6.9E1));
#4776=DIRECTION('',(0.E0,0.E0,1.E0));
#4777=DIRECTION('',(1.E0,0.E0,0.E0));
#4778=AXIS2_PLACEMENT_3D('',#4775,#4776,#4777);
#4779=CYLINDRICAL_SURFACE('',#4778,3.E0);
#4780=ORIENTED_EDGE('',*,*,#4694,.F.);
#4782=ORIENTED_EDGE('',*,*,#4781,.T.);
#4783=ORIENTED_EDGE('',*,*,#4727,.T.);
#4784=ORIENTED_EDGE('',*,*,#4768,.F.);
#4785=EDGE_LOOP('',(#4780,#4782,#4783,#4784));
#4786=FACE_OUTER_BOUND('',#4785,.F.);
#4787=ADVANCED_FACE('',(#4786),#4779,.F.);
#4788=CARTESIAN_POINT('',(-4.45E1,-2.8E1,6.9E1));
#4789=DIRECTION('',(-7.071067811865E-1,-7.071067811865E-1,0.E0));
#4790=DIRECTION('',(7.071067811865E-1,-7.071067811865E-1,0.E0));
#4791=AXIS2_PLACEMENT_3D('',#4788,#4789,#4790);
#4792=PLANE('',#4791);
#4793=ORIENTED_EDGE('',*,*,#4692,.F.);
#4795=ORIENTED_EDGE('',*,*,#4794,.T.);
#4796=ORIENTED_EDGE('',*,*,#4729,.T.);
#4797=ORIENTED_EDGE('',*,*,#4781,.F.);
#4798=EDGE_LOOP('',(#4793,#4795,#4796,#4797));
#4799=FACE_OUTER_BOUND('',#4798,.F.);
#4800=ADVANCED_FACE('',(#4799),#4792,.T.);
#4801=CARTESIAN_POINT('',(-4.45E1,-2.6E1,6.9E1));
#4802=DIRECTION('',(-1.E0,0.E0,0.E0));
#4803=DIRECTION('',(0.E0,-1.E0,0.E0));
#4804=AXIS2_PLACEMENT_3D('',#4801,#4802,#4803);
#4805=PLANE('',#4804);
#4806=ORIENTED_EDGE('',*,*,#4690,.F.);
#4808=ORIENTED_EDGE('',*,*,#4807,.T.);
#4809=ORIENTED_EDGE('',*,*,#4731,.T.);
#4810=ORIENTED_EDGE('',*,*,#4794,.F.);
#4811=EDGE_LOOP('',(#4806,#4808,#4809,#4810));
#4812=FACE_OUTER_BOUND('',#4811,.F.);
#4813=ADVANCED_FACE('',(#4812),#4805,.T.);
#4814=CARTESIAN_POINT('',(-4.235355339059E1,-2.6E1,6.9E1));
#4815=DIRECTION('',(0.E0,1.E0,0.E0));
#4816=DIRECTION('',(-1.E0,0.E0,0.E0));
#4817=AXIS2_PLACEMENT_3D('',#4814,#4815,#4816);
#4818=PLANE('',#4817);
#4819=ORIENTED_EDGE('',*,*,#4688,.F.);
#4821=ORIENTED_EDGE('',*,*,#4820,.T.);
#4822=ORIENTED_EDGE('',*,*,#4733,.T.);
#4823=ORIENTED_EDGE('',*,*,#4807,.F.);
#4824=EDGE_LOOP('',(#4819,#4821,#4822,#4823));
#4825=FACE_OUTER_BOUND('',#4824,.F.);
#4826=ADVANCED_FACE('',(#4825),#4818,.T.);
#4827=CARTESIAN_POINT('',(-4.235355339059E1,-2.564644660941E1,6.9E1));
#4828=DIRECTION('',(0.E0,0.E0,1.E0));
#4829=DIRECTION('',(1.E0,0.E0,0.E0));
#4830=AXIS2_PLACEMENT_3D('',#4827,#4828,#4829);
#4831=CYLINDRICAL_SURFACE('',#4830,3.535533905933E-1);
#4832=ORIENTED_EDGE('',*,*,#4686,.F.);
#4834=ORIENTED_EDGE('',*,*,#4833,.T.);
#4835=ORIENTED_EDGE('',*,*,#4735,.T.);
#4836=ORIENTED_EDGE('',*,*,#4820,.F.);
#4837=EDGE_LOOP('',(#4832,#4834,#4835,#4836));
#4838=FACE_OUTER_BOUND('',#4837,.F.);
#4839=ADVANCED_FACE('',(#4838),#4831,.F.);
#4840=CARTESIAN_POINT('',(-4.379088676820E1,-2.370911323180E1,6.9E1));
#4841=DIRECTION('',(-7.071067811865E-1,-7.071067811865E-1,0.E0));
#4842=DIRECTION('',(7.071067811865E-1,-7.071067811865E-1,0.E0));
#4843=AXIS2_PLACEMENT_3D('',#4840,#4841,#4842);
#4844=PLANE('',#4843);
#4845=ORIENTED_EDGE('',*,*,#4684,.F.);
#4847=ORIENTED_EDGE('',*,*,#4846,.T.);
#4848=ORIENTED_EDGE('',*,*,#4737,.T.);
#4849=ORIENTED_EDGE('',*,*,#4833,.F.);
#4850=EDGE_LOOP('',(#4845,#4847,#4848,#4849));
#4851=FACE_OUTER_BOUND('',#4850,.F.);
#4852=ADVANCED_FACE('',(#4851),#4844,.T.);
#4853=CARTESIAN_POINT('',(-4.343733337760E1,-2.335555984121E1,6.9E1));
#4854=DIRECTION('',(0.E0,0.E0,1.E0));
#4855=DIRECTION('',(1.E0,0.E0,0.E0));
#4856=AXIS2_PLACEMENT_3D('',#4853,#4854,#4855);
#4857=CYLINDRICAL_SURFACE('',#4856,5.E-1);
#4858=ORIENTED_EDGE('',*,*,#4682,.F.);
#4860=ORIENTED_EDGE('',*,*,#4859,.T.);
#4861=ORIENTED_EDGE('',*,*,#4739,.T.);
#4862=ORIENTED_EDGE('',*,*,#4846,.F.);
#4863=EDGE_LOOP('',(#4858,#4860,#4861,#4862));
#4864=FACE_OUTER_BOUND('',#4863,.F.);
#4865=ADVANCED_FACE('',(#4864),#4857,.T.);
#4866=CARTESIAN_POINT('',(-4.15E1,-1.9E1,6.9E1));
#4867=DIRECTION('',(-8.660254037844E-1,5.E-1,0.E0));
#4868=DIRECTION('',(-5.E-1,-8.660254037844E-1,0.E0));
#4869=AXIS2_PLACEMENT_3D('',#4866,#4867,#4868);
#4870=PLANE('',#4869);
#4871=ORIENTED_EDGE('',*,*,#4680,.F.);
#4873=ORIENTED_EDGE('',*,*,#4872,.T.);
#4874=ORIENTED_EDGE('',*,*,#4741,.T.);
#4875=ORIENTED_EDGE('',*,*,#4859,.F.);
#4876=EDGE_LOOP('',(#4871,#4873,#4874,#4875));
#4877=FACE_OUTER_BOUND('',#4876,.F.);
#4878=ADVANCED_FACE('',(#4877),#4870,.T.);
#4879=CARTESIAN_POINT('',(-4.05E1,-1.9E1,6.9E1));
#4880=DIRECTION('',(0.E0,1.E0,0.E0));
#4881=DIRECTION('',(-1.E0,0.E0,0.E0));
#4882=AXIS2_PLACEMENT_3D('',#4879,#4880,#4881);
#4883=PLANE('',#4882);
#4884=ORIENTED_EDGE('',*,*,#4678,.F.);
#4885=ORIENTED_EDGE('',*,*,#4711,.T.);
#4886=ORIENTED_EDGE('',*,*,#4743,.T.);
#4887=ORIENTED_EDGE('',*,*,#4872,.F.);
#4888=EDGE_LOOP('',(#4884,#4885,#4886,#4887));
#4889=FACE_OUTER_BOUND('',#4888,.F.);
#4890=ADVANCED_FACE('',(#4889),#4883,.T.);
#4891=CARTESIAN_POINT('',(0.E0,0.E0,2.8E1));
#4892=DIRECTION('',(0.E0,0.E0,1.E0));
#4893=DIRECTION('',(1.E0,0.E0,0.E0));
#4894=AXIS2_PLACEMENT_3D('',#4891,#4892,#4893);
#4895=PLANE('',#4894);
#4896=ORIENTED_EDGE('',*,*,#4366,.T.);
#4898=ORIENTED_EDGE('',*,*,#4897,.T.);
#4900=ORIENTED_EDGE('',*,*,#4899,.T.);
#4902=ORIENTED_EDGE('',*,*,#4901,.T.);
#4904=ORIENTED_EDGE('',*,*,#4903,.T.);
#4906=ORIENTED_EDGE('',*,*,#4905,.T.);
#4908=ORIENTED_EDGE('',*,*,#4907,.T.);
#4910=ORIENTED_EDGE('',*,*,#4909,.T.);
#4912=ORIENTED_EDGE('',*,*,#4911,.T.);
#4914=ORIENTED_EDGE('',*,*,#4913,.T.);
#4916=ORIENTED_EDGE('',*,*,#4915,.T.);
#4918=ORIENTED_EDGE('',*,*,#4917,.T.);
#4920=ORIENTED_EDGE('',*,*,#4919,.T.);
#4921=EDGE_LOOP('',(#4896,#4898,#4900,#4902,#4904,#4906,#4908,#4910,#4912,#4914,
#4916,#4918,#4920));
#4922=FACE_OUTER_BOUND('',#4921,.F.);
#4923=ADVANCED_FACE('',(#4922),#4895,.F.);
#4924=CARTESIAN_POINT('',(-3.138464839420E1,-3.3E1,2.8E1));
#4925=DIRECTION('',(0.E0,0.E0,1.E0));
#4926=DIRECTION('',(1.E0,0.E0,0.E0));
#4927=AXIS2_PLACEMENT_3D('',#4924,#4925,#4926);
#4928=CYLINDRICAL_SURFACE('',#4927,5.E0);
#4929=ORIENTED_EDGE('',*,*,#4372,.T.);
#4931=ORIENTED_EDGE('',*,*,#4930,.T.);
#4933=ORIENTED_EDGE('',*,*,#4932,.F.);
#4934=ORIENTED_EDGE('',*,*,#4897,.F.);
#4935=EDGE_LOOP('',(#4929,#4931,#4933,#4934));
#4936=FACE_OUTER_BOUND('',#4935,.F.);
#4937=ADVANCED_FACE('',(#4936),#4928,.F.);
#4938=CARTESIAN_POINT('',(0.E0,0.E0,3.6E1));
#4939=DIRECTION('',(0.E0,0.E0,1.E0));
#4940=DIRECTION('',(1.E0,0.E0,0.E0));
#4941=AXIS2_PLACEMENT_3D('',#4938,#4939,#4940);
#4942=PLANE('',#4941);
#4943=ORIENTED_EDGE('',*,*,#4370,.F.);
#4945=ORIENTED_EDGE('',*,*,#4944,.F.);
#4947=ORIENTED_EDGE('',*,*,#4946,.F.);
#4949=ORIENTED_EDGE('',*,*,#4948,.F.);
#4951=ORIENTED_EDGE('',*,*,#4950,.F.);
#4953=ORIENTED_EDGE('',*,*,#4952,.F.);
#4955=ORIENTED_EDGE('',*,*,#4954,.F.);
#4957=ORIENTED_EDGE('',*,*,#4956,.F.);
#4959=ORIENTED_EDGE('',*,*,#4958,.F.);
#4961=ORIENTED_EDGE('',*,*,#4960,.F.);
#4963=ORIENTED_EDGE('',*,*,#4962,.F.);
#4965=ORIENTED_EDGE('',*,*,#4964,.F.);
#4966=ORIENTED_EDGE('',*,*,#4930,.F.);
#4967=EDGE_LOOP('',(#4943,#4945,#4947,#4949,#4951,#4953,#4955,#4957,#4959,#4961,
#4963,#4965,#4966));
#4968=FACE_OUTER_BOUND('',#4967,.F.);
#4969=ADVANCED_FACE('',(#4968),#4942,.T.);
#4970=CARTESIAN_POINT('',(-3.888464839420E1,-1.3E1,2.8E1));
#4971=DIRECTION('',(-1.E0,0.E0,0.E0));
#4972=DIRECTION('',(0.E0,-1.E0,0.E0));
#4973=AXIS2_PLACEMENT_3D('',#4970,#4971,#4972);
#4974=PLANE('',#4973);
#4975=ORIENTED_EDGE('',*,*,#4368,.F.);
#4976=ORIENTED_EDGE('',*,*,#4919,.F.);
#4978=ORIENTED_EDGE('',*,*,#4977,.T.);
#4979=ORIENTED_EDGE('',*,*,#4944,.T.);
#4980=EDGE_LOOP('',(#4975,#4976,#4978,#4979));
#4981=FACE_OUTER_BOUND('',#4980,.F.);
#4982=ADVANCED_FACE('',(#4981),#4974,.T.);
#4983=CARTESIAN_POINT('',(-3.788464839420E1,-1.3E1,2.8E1));
#4984=DIRECTION('',(0.E0,1.E0,0.E0));
#4985=DIRECTION('',(-1.E0,0.E0,0.E0));
#4986=AXIS2_PLACEMENT_3D('',#4983,#4984,#4985);
#4987=PLANE('',#4986);
#4988=ORIENTED_EDGE('',*,*,#4917,.F.);
#4990=ORIENTED_EDGE('',*,*,#4989,.T.);
#4991=ORIENTED_EDGE('',*,*,#4946,.T.);
#4992=ORIENTED_EDGE('',*,*,#4977,.F.);
#4993=EDGE_LOOP('',(#4988,#4990,#4991,#4992));
#4994=FACE_OUTER_BOUND('',#4993,.F.);
#4995=ADVANCED_FACE('',(#4994),#4987,.T.);
#4996=CARTESIAN_POINT('',(-3.519049852901E1,-1.766640444972E1,2.8E1));
#4997=DIRECTION('',(8.660254037844E-1,5.E-1,0.E0));
#4998=DIRECTION('',(-5.E-1,8.660254037844E-1,0.E0));
#4999=AXIS2_PLACEMENT_3D('',#4996,#4997,#4998);
#5000=PLANE('',#4999);
#5001=ORIENTED_EDGE('',*,*,#4915,.F.);
#5003=ORIENTED_EDGE('',*,*,#5002,.T.);
#5004=ORIENTED_EDGE('',*,*,#4948,.T.);
#5005=ORIENTED_EDGE('',*,*,#4989,.F.);
#5006=EDGE_LOOP('',(#5001,#5003,#5004,#5005));
#5007=FACE_OUTER_BOUND('',#5006,.F.);
#5008=ADVANCED_FACE('',(#5007),#5000,.T.);
#5009=CARTESIAN_POINT('',(-3.562351123090E1,-1.791640444972E1,2.8E1));
#5010=DIRECTION('',(0.E0,0.E0,1.E0));
#5011=DIRECTION('',(1.E0,0.E0,0.E0));
#5012=AXIS2_PLACEMENT_3D('',#5009,#5010,#5011);
#5013=CYLINDRICAL_SURFACE('',#5012,5.E-1);
#5014=ORIENTED_EDGE('',*,*,#4913,.F.);
#5016=ORIENTED_EDGE('',*,*,#5015,.T.);
#5017=ORIENTED_EDGE('',*,*,#4950,.T.);
#5018=ORIENTED_EDGE('',*,*,#5002,.F.);
#5019=EDGE_LOOP('',(#5014,#5016,#5017,#5018));
#5020=FACE_OUTER_BOUND('',#5019,.F.);
#5021=ADVANCED_FACE('',(#5020),#5013,.T.);
#5022=CARTESIAN_POINT('',(-3.714644660941E1,-2.014644660941E1,2.8E1));
#5023=DIRECTION('',(7.071067811865E-1,-7.071067811865E-1,0.E0));
#5024=DIRECTION('',(7.071067811865E-1,7.071067811865E-1,0.E0));
#5025=AXIS2_PLACEMENT_3D('',#5022,#5023,#5024);
#5026=PLANE('',#5025);
#5027=ORIENTED_EDGE('',*,*,#4911,.F.);
#5029=ORIENTED_EDGE('',*,*,#5028,.T.);
#5030=ORIENTED_EDGE('',*,*,#4952,.T.);
#5031=ORIENTED_EDGE('',*,*,#5015,.F.);
#5032=EDGE_LOOP('',(#5027,#5029,#5030,#5031));
#5033=FACE_OUTER_BOUND('',#5032,.F.);
#5034=ADVANCED_FACE('',(#5033),#5026,.T.);
#5035=CARTESIAN_POINT('',(-3.679289321881E1,-2.05E1,2.8E1));
#5036=DIRECTION('',(0.E0,0.E0,1.E0));
#5037=DIRECTION('',(1.E0,0.E0,0.E0));
#5038=AXIS2_PLACEMENT_3D('',#5035,#5036,#5037);
#5039=CYLINDRICAL_SURFACE('',#5038,5.E-1);
#5040=ORIENTED_EDGE('',*,*,#4909,.F.);
#5042=ORIENTED_EDGE('',*,*,#5041,.T.);
#5043=ORIENTED_EDGE('',*,*,#4954,.T.);
#5044=ORIENTED_EDGE('',*,*,#5028,.F.);
#5045=EDGE_LOOP('',(#5040,#5042,#5043,#5044));
#5046=FACE_OUTER_BOUND('',#5045,.F.);
#5047=ADVANCED_FACE('',(#5046),#5039,.F.);
#5048=CARTESIAN_POINT('',(-3.45E1,-2.1E1,2.8E1));
#5049=DIRECTION('',(0.E0,1.E0,0.E0));
#5050=DIRECTION('',(-1.E0,0.E0,0.E0));
#5051=AXIS2_PLACEMENT_3D('',#5048,#5049,#5050);
#5052=PLANE('',#5051);
#5053=ORIENTED_EDGE('',*,*,#4907,.F.);
#5055=ORIENTED_EDGE('',*,*,#5054,.T.);
#5056=ORIENTED_EDGE('',*,*,#4956,.T.);
#5057=ORIENTED_EDGE('',*,*,#5041,.F.);
#5058=EDGE_LOOP('',(#5053,#5055,#5056,#5057));
#5059=FACE_OUTER_BOUND('',#5058,.F.);
#5060=ADVANCED_FACE('',(#5059),#5052,.T.);
#5061=CARTESIAN_POINT('',(-3.45E1,-2.3E1,2.8E1));
#5062=DIRECTION('',(1.E0,0.E0,0.E0));
#5063=DIRECTION('',(0.E0,1.E0,0.E0));
#5064=AXIS2_PLACEMENT_3D('',#5061,#5062,#5063);
#5065=PLANE('',#5064);
#5066=ORIENTED_EDGE('',*,*,#4905,.F.);
#5068=ORIENTED_EDGE('',*,*,#5067,.T.);
#5069=ORIENTED_EDGE('',*,*,#4958,.T.);
#5070=ORIENTED_EDGE('',*,*,#5054,.F.);
#5071=EDGE_LOOP('',(#5066,#5068,#5069,#5070));
#5072=FACE_OUTER_BOUND('',#5071,.F.);
#5073=ADVANCED_FACE('',(#5072),#5065,.T.);
#5074=CARTESIAN_POINT('',(-3.550596873776E1,-2.400596873776E1,2.8E1));
#5075=DIRECTION('',(7.071067811865E-1,-7.071067811865E-1,0.E0));
#5076=DIRECTION('',(7.071067811865E-1,7.071067811865E-1,0.E0));
#5077=AXIS2_PLACEMENT_3D('',#5074,#5075,#5076);
#5078=PLANE('',#5077);
#5079=ORIENTED_EDGE('',*,*,#4903,.F.);
#5081=ORIENTED_EDGE('',*,*,#5080,.T.);
#5082=ORIENTED_EDGE('',*,*,#4960,.T.);
#5083=ORIENTED_EDGE('',*,*,#5067,.F.);
#5084=EDGE_LOOP('',(#5079,#5081,#5082,#5083));
#5085=FACE_OUTER_BOUND('',#5084,.F.);
#5086=ADVANCED_FACE('',(#5085),#5078,.T.);
#5087=CARTESIAN_POINT('',(-3.338464839420E1,-2.612728908132E1,2.8E1));
#5088=DIRECTION('',(0.E0,0.E0,1.E0));
#5089=DIRECTION('',(1.E0,0.E0,0.E0));
#5090=AXIS2_PLACEMENT_3D('',#5087,#5088,#5089);
#5091=CYLINDRICAL_SURFACE('',#5090,3.E0);
#5092=ORIENTED_EDGE('',*,*,#4901,.F.);
#5094=ORIENTED_EDGE('',*,*,#5093,.T.);
#5095=ORIENTED_EDGE('',*,*,#4962,.T.);
#5096=ORIENTED_EDGE('',*,*,#5080,.F.);
#5097=EDGE_LOOP('',(#5092,#5094,#5095,#5096));
#5098=FACE_OUTER_BOUND('',#5097,.F.);
#5099=ADVANCED_FACE('',(#5098),#5091,.F.);
#5100=CARTESIAN_POINT('',(-3.638464839420E1,-3.3E1,2.8E1));
#5101=DIRECTION('',(1.E0,0.E0,0.E0));
#5102=DIRECTION('',(0.E0,1.E0,0.E0));
#5103=AXIS2_PLACEMENT_3D('',#5100,#5101,#5102);
#5104=PLANE('',#5103);
#5105=ORIENTED_EDGE('',*,*,#4899,.F.);
#5106=ORIENTED_EDGE('',*,*,#4932,.T.);
#5107=ORIENTED_EDGE('',*,*,#4964,.T.);
#5108=ORIENTED_EDGE('',*,*,#5093,.F.);
#5109=EDGE_LOOP('',(#5105,#5106,#5107,#5108));
#5110=FACE_OUTER_BOUND('',#5109,.F.);
#5111=ADVANCED_FACE('',(#5110),#5104,.T.);
#5112=CARTESIAN_POINT('',(-3.472E1,-3.8E1,6.55E1));
#5113=DIRECTION('',(0.E0,1.E0,0.E0));
#5114=DIRECTION('',(0.E0,0.E0,1.E0));
#5115=AXIS2_PLACEMENT_3D('',#5112,#5113,#5114);
#5116=CYLINDRICAL_SURFACE('',#5115,2.5E0);
#5118=ORIENTED_EDGE('',*,*,#5117,.F.);
#5120=ORIENTED_EDGE('',*,*,#5119,.T.);
#5122=ORIENTED_EDGE('',*,*,#5121,.F.);
#5123=ORIENTED_EDGE('',*,*,#4376,.F.);
#5125=ORIENTED_EDGE('',*,*,#5124,.T.);
#5127=ORIENTED_EDGE('',*,*,#5126,.T.);
#5128=EDGE_LOOP('',(#5118,#5120,#5122,#5123,#5125,#5127));
#5129=FACE_OUTER_BOUND('',#5128,.F.);
#5130=ADVANCED_FACE('',(#5129),#5116,.T.);
#5131=CARTESIAN_POINT('',(-3.432039055628E1,-2.301511135114E1,
6.808718678833E1));
#5132=CARTESIAN_POINT('',(-3.428428995189E1,-2.301512334996E1,
6.808161790033E1));
#5133=CARTESIAN_POINT('',(-3.410348184956E1,-2.301520574170E1,
6.804987001376E1));
#5134=CARTESIAN_POINT('',(-3.378306748168E1,-2.301512961130E1,
6.795788663917E1));
#5135=CARTESIAN_POINT('',(-3.338277877283E1,-2.301515723929E1,
6.776515701954E1));
#5136=CARTESIAN_POINT('',(-3.302020174373E1,-2.301514959405E1,
6.750744553473E1));
#5137=CARTESIAN_POINT('',(-3.270633827465E1,-2.301515171217E1,
6.719242131050E1));
#5138=CARTESIAN_POINT('',(-3.244999045546E1,-2.301515114397E1,
6.682897406797E1));
#5139=CARTESIAN_POINT('',(-3.225854180563E1,-2.301515108619E1,
6.642756141705E1));
#5140=CARTESIAN_POINT('',(-3.213746550003E1,-2.301515161412E1,
6.599963720977E1));
#5141=CARTESIAN_POINT('',(-3.209020526209E1,-2.301515106412E1,
6.555740596439E1));
#5142=CARTESIAN_POINT('',(-3.211811396266E1,-2.301515107419E1,
6.511354803950E1));
#5143=CARTESIAN_POINT('',(-3.222041724819E1,-2.301515158840E1,
6.468073057302E1));
#5144=CARTESIAN_POINT('',(-3.239416797207E1,-2.301515105266E1,
6.427133168742E1));
#5145=CARTESIAN_POINT('',(-3.263439239367E1,-2.301515135874E1,
6.389706799665E1));
#5146=CARTESIAN_POINT('',(-3.293426381387E1,-2.301515103561E1,
6.356860794882E1));
#5147=CARTESIAN_POINT('',(-3.328519154113E1,-2.301515189407E1,
6.329536395213E1));
#5148=CARTESIAN_POINT('',(-3.367701094770E1,-2.301514875133E1,
6.308517464404E1));
#5149=CARTESIAN_POINT('',(-3.402867998794E1,-2.301515917690E1,
6.296748206216E1));
#5150=CARTESIAN_POINT('',(-3.424575624632E1,-2.301514278144E1,
6.292437414767E1));
#5151=CARTESIAN_POINT('',(-3.431848649542E1,-2.301506438993E1,
6.291315008179E1));
#5152=CARTESIAN_POINT('',(-3.445293827943E1,-2.293827271108E1,
6.722828550584E1));
#5153=CARTESIAN_POINT('',(-3.442886357717E1,-2.293828425765E1,
6.722457011703E1));
#5154=CARTESIAN_POINT('',(-3.430829375474E1,-2.293836327009E1,
6.720339973596E1));
#5155=CARTESIAN_POINT('',(-3.409405017540E1,-2.293829025708E1,
6.714191736513E1));
#5156=CARTESIAN_POINT('',(-3.382671776594E1,-2.293831676818E1,
6.701318122402E1));
#5157=CARTESIAN_POINT('',(-3.358449001026E1,-2.293830942235E1,
6.684102089810E1));
#5158=CARTESIAN_POINT('',(-3.337482881180E1,-2.293831146023E1,
6.663058110580E1));
#5159=CARTESIAN_POINT('',(-3.320357693181E1,-2.293831091353E1,
6.638778373490E1));
#5160=CARTESIAN_POINT('',(-3.307568711812E1,-2.293831084998E1,
6.611963325976E1));
#5161=CARTESIAN_POINT('',(-3.299480506960E1,-2.293831137946E1,
6.583377112323E1));
#5162=CARTESIAN_POINT('',(-3.296323392173E1,-2.293831082903E1,
6.553834808197E1));
#5163=CARTESIAN_POINT('',(-3.298187744436E1,-2.293831083928E1,
6.524184158205E1));
#5164=CARTESIAN_POINT('',(-3.305021920352E1,-2.293831135320E1,
6.495270638221E1));
#5165=CARTESIAN_POINT('',(-3.316628854742E1,-2.293831081842E1,
6.467922021919E1));
#5166=CARTESIAN_POINT('',(-3.332676182040E1,-2.293831112097E1,
6.442920551007E1));
#5167=CARTESIAN_POINT('',(-3.352708741105E1,-2.293831081101E1,
6.420978143715E1));
#5168=CARTESIAN_POINT('',(-3.376151423715E1,-2.293831162034E1,
6.402725015758E1));
#5169=CARTESIAN_POINT('',(-3.402325516111E1,-2.293830866102E1,
6.388683950032E1));
#5170=CARTESIAN_POINT('',(-3.425818709032E1,-2.293831851633E1,
6.380821599973E1));
#5171=CARTESIAN_POINT('',(-3.440318670738E1,-2.293830299271E1,
6.377942155810E1));
#5172=CARTESIAN_POINT('',(-3.445176471478E1,-2.293822865166E1,
6.377192436264E1));
#5173=CARTESIAN_POINT('',(-3.453899795206E1,-2.227193127863E1,
6.667172673973E1));
#5174=CARTESIAN_POINT('',(-3.452265541647E1,-2.227193890320E1,
6.666920544931E1));
#5175=CARTESIAN_POINT('',(-3.444080589549E1,-2.227198861058E1,
6.665483364553E1));
#5176=CARTESIAN_POINT('',(-3.429565583121E1,-2.227194263142E1,
6.661316837815E1));
#5177=CARTESIAN_POINT('',(-3.411437858247E1,-2.227195945682E1,
6.652588376401E1));
#5178=CARTESIAN_POINT('',(-3.395016532031E1,-2.227195470754E1,
6.640916642954E1));
#5179=CARTESIAN_POINT('',(-3.380801867770E1,-2.227195604957E1,
6.626649352041E1));
#5180=CARTESIAN_POINT('',(-3.369191849800E1,-2.227195568925E1,
6.610188821539E1));
#5181=CARTESIAN_POINT('',(-3.360521236770E1,-2.227195557574E1,
6.592009002217E1));
#5182=CARTESIAN_POINT('',(-3.355037721004E1,-2.227195611865E1,
6.572628458635E1));
#5183=CARTESIAN_POINT('',(-3.352897314667E1,-2.227195556447E1,
6.552599891912E1));
#5184=CARTESIAN_POINT('',(-3.354161289258E1,-2.227195557627E1,
6.532497710055E1));
#5185=CARTESIAN_POINT('',(-3.358794589625E1,-2.227195608775E1,
6.512895476826E1));
#5186=CARTESIAN_POINT('',(-3.366663706870E1,-2.227195556122E1,
6.494353950872E1));
#5187=CARTESIAN_POINT('',(-3.377543362550E1,-2.227195583316E1,
6.477403693599E1));
#5188=CARTESIAN_POINT('',(-3.391124533021E1,-2.227195563739E1,
6.462527741503E1));
#5189=CARTESIAN_POINT('',(-3.407017930394E1,-2.227195602062E1,
6.450152635860E1));
#5190=CARTESIAN_POINT('',(-3.424763255989E1,-2.227195465204E1,
6.440633234595E1));
#5191=CARTESIAN_POINT('',(-3.440690402418E1,-2.227195956204E1,
6.435302933783E1));
#5192=CARTESIAN_POINT('',(-3.450521504691E1,-2.227195159897E1,
6.433350635614E1));
#5193=CARTESIAN_POINT('',(-3.453815304097E1,-2.227191238332E1,
6.432842314029E1));
#5194=CARTESIAN_POINT('',(-3.452869948044E1,-2.140222040369E1,
6.674002668113E1));
#5195=CARTESIAN_POINT('',(-3.451131471907E1,-2.140222290927E1,
6.673734812891E1));
#5196=CARTESIAN_POINT('',(-3.442422977523E1,-2.140223436757E1,
6.672205631611E1));
#5197=CARTESIAN_POINT('',(-3.427105745405E1,-2.140222367309E1,
6.667804058272E1));
#5198=CARTESIAN_POINT('',(-3.407906674820E1,-2.140222785670E1,
6.658564510015E1));
#5199=CARTESIAN_POINT('',(-3.390532514828E1,-2.140222649643E1,
6.646213433387E1));
#5200=CARTESIAN_POINT('',(-3.375488182787E1,-2.140222693023E1,
6.631114102093E1));
#5201=CARTESIAN_POINT('',(-3.363202965189E1,-2.140222681319E1,
6.613695902451E1));
#5202=CARTESIAN_POINT('',(-3.354026681909E1,-2.140222663445E1,
6.594456356363E1));
#5203=CARTESIAN_POINT('',(-3.348223746275E1,-2.140222719490E1,
6.573946419055E1));
#5204=CARTESIAN_POINT('',(-3.345958682849E1,-2.140222663583E1,
6.552751460239E1));
#5205=CARTESIAN_POINT('',(-3.347296328378E1,-2.140222664966E1,
6.531477899811E1));
#5206=CARTESIAN_POINT('',(-3.352199399650E1,-2.140222715793E1,
6.510734283593E1));
#5207=CARTESIAN_POINT('',(-3.360527021071E1,-2.140222664218E1,
6.491112109350E1));
#5208=CARTESIAN_POINT('',(-3.372041024814E1,-2.140222687417E1,
6.473173841962E1));
#5209=CARTESIAN_POINT('',(-3.386412469303E1,-2.140222682745E1,
6.457432314044E1));
#5210=CARTESIAN_POINT('',(-3.403232066708E1,-2.140222665453E1,
6.444335768922E1));
#5211=CARTESIAN_POINT('',(-3.422012031727E1,-2.140222736217E1,
6.434261605046E1));
#5212=CARTESIAN_POINT('',(-3.438865189525E1,-2.140222581755E1,
6.428621215798E1));
#5213=CARTESIAN_POINT('',(-3.449271760455E1,-2.140222772254E1,
6.426554597242E1));
#5214=CARTESIAN_POINT('',(-3.452759093123E1,-2.140223435268E1,
6.426016498588E1));
#5215=(BOUNDED_SURFACE()B_SPLINE_SURFACE(3,3,((#5131,#5132,#5133,#5134,#5135,
#5136,#5137,#5138,#5139,#5140,#5141,#5142,#5143,#5144,#5145,#5146,#5147,#5148,
#5149,#5150,#5151),(#5152,#5153,#5154,#5155,#5156,#5157,#5158,#5159,#5160,#5161,
#5162,#5163,#5164,#5165,#5166,#5167,#5168,#5169,#5170,#5171,#5172),(#5173,#5174,
#5175,#5176,#5177,#5178,#5179,#5180,#5181,#5182,#5183,#5184,#5185,#5186,#5187,
#5188,#5189,#5190,#5191,#5192,#5193),(#5194,#5195,#5196,#5197,#5198,#5199,#5200,
#5201,#5202,#5203,#5204,#5205,#5206,#5207,#5208,#5209,#5210,#5211,#5212,#5213,
#5214)),.UNSPECIFIED.,.F.,.F.,.F.)B_SPLINE_SURFACE_WITH_KNOTS((4,4),(4,1,1,1,1,
1,1,1,1,1,1,1,1,1,1,1,1,1,4),(0.E0,1.E0),(1.769759381665E-1,1.895330810554E-1,
2.400767509126E-1,2.907537469113E-1,3.414048866523E-1,3.920806932956E-1,
4.427256620024E-1,4.933886835424E-1,5.440630720358E-1,5.947036593704E-1,
6.453745578587E-1,6.960450557860E-1,7.466858595697E-1,7.973613316630E-1,
8.480250181137E-1,8.986718580082E-1,9.493479426383E-1,1.E0,1.025315272342E0),
.UNSPECIFIED.)GEOMETRIC_REPRESENTATION_ITEM()RATIONAL_B_SPLINE_SURFACE(((
1.169413769884E0,1.169413769884E0,1.169413769884E0,1.169413769884E0,
1.169413769884E0,1.169413769884E0,1.169413769884E0,1.169413769884E0,
1.169413769884E0,1.169413769884E0,1.169413769884E0,1.169413769884E0,
1.169413769884E0,1.169413769884E0,1.169413769884E0,1.169413769884E0,
1.169413769884E0,1.169413769884E0,1.169413769884E0,1.169413769884E0,
1.169413769884E0),(9.435287433718E-1,9.435287433718E-1,9.435287433718E-1,
9.435287433718E-1,9.435287433718E-1,9.435287433718E-1,9.435287433718E-1,
9.435287433718E-1,9.435287433718E-1,9.435287433718E-1,9.435287433718E-1,
9.435287433718E-1,9.435287433718E-1,9.435287433718E-1,9.435287433718E-1,
9.435287433718E-1,9.435287433718E-1,9.435287433718E-1,9.435287433718E-1,
9.435287433718E-1,9.435287433718E-1),(9.435287433718E-1,9.435287433718E-1,
9.435287433718E-1,9.435287433718E-1,9.435287433718E-1,9.435287433718E-1,
9.435287433718E-1,9.435287433718E-1,9.435287433718E-1,9.435287433718E-1,
9.435287433718E-1,9.435287433718E-1,9.435287433718E-1,9.435287433718E-1,
9.435287433718E-1,9.435287433718E-1,9.435287433718E-1,9.435287433718E-1,
9.435287433718E-1,9.435287433718E-1,9.435287433718E-1),(1.169413769884E0,
1.169413769884E0,1.169413769884E0,1.169413769884E0,1.169413769884E0,
1.169413769884E0,1.169413769884E0,1.169413769884E0,1.169413769884E0,
1.169413769884E0,1.169413769884E0,1.169413769884E0,1.169413769884E0,
1.169413769884E0,1.169413769884E0,1.169413769884E0,1.169413769884E0,
1.169413769884E0,1.169413769884E0,1.169413769884E0,1.169413769884E0)))REPRESENTATION_ITEM('')SURFACE());
#5217=ORIENTED_EDGE('',*,*,#5216,.T.);
#5219=ORIENTED_EDGE('',*,*,#5218,.T.);
#5220=ORIENTED_EDGE('',*,*,#5117,.T.);
#5222=ORIENTED_EDGE('',*,*,#5221,.T.);
#5223=EDGE_LOOP('',(#5217,#5219,#5220,#5222));
#5224=FACE_OUTER_BOUND('',#5223,.F.);
#5225=ADVANCED_FACE('',(#5224),#5215,.F.);
#5226=CARTESIAN_POINT('',(-3.472E1,-2.3E1,6.55E1));
#5227=DIRECTION('',(0.E0,1.E0,0.E0));
#5228=DIRECTION('',(0.E0,0.E0,1.E0));
#5229=AXIS2_PLACEMENT_3D('',#5226,#5227,#5228);
#5230=CYLINDRICAL_SURFACE('',#5229,1.25E0);
#5232=ORIENTED_EDGE('',*,*,#5231,.T.);
#5234=ORIENTED_EDGE('',*,*,#5233,.F.);
#5236=ORIENTED_EDGE('',*,*,#5235,.F.);
#5237=ORIENTED_EDGE('',*,*,#5216,.F.);
#5238=EDGE_LOOP('',(#5232,#5234,#5236,#5237));
#5239=FACE_OUTER_BOUND('',#5238,.F.);
#5240=ADVANCED_FACE('',(#5239),#5230,.T.);
#5241=CARTESIAN_POINT('',(-3.422E1,-1.75E1,6.794948974278E1));
#5242=DIRECTION('',(1.E0,0.E0,0.E0));
#5243=DIRECTION('',(0.E0,0.E0,-1.E0));
#5244=AXIS2_PLACEMENT_3D('',#5241,#5242,#5243);
#5245=PLANE('',#5244);
#5247=ORIENTED_EDGE('',*,*,#5246,.T.);
#5248=ORIENTED_EDGE('',*,*,#5218,.F.);
#5249=ORIENTED_EDGE('',*,*,#5235,.T.);
#5251=ORIENTED_EDGE('',*,*,#5250,.T.);
#5253=ORIENTED_EDGE('',*,*,#5252,.T.);
#5255=ORIENTED_EDGE('',*,*,#5254,.F.);
#5257=ORIENTED_EDGE('',*,*,#5256,.T.);
#5259=ORIENTED_EDGE('',*,*,#5258,.F.);
#5261=ORIENTED_EDGE('',*,*,#5260,.F.);
#5263=ORIENTED_EDGE('',*,*,#5262,.T.);
#5264=ORIENTED_EDGE('',*,*,#5231,.F.);
#5265=ORIENTED_EDGE('',*,*,#5221,.F.);
#5266=EDGE_LOOP('',(#5247,#5248,#5249,#5251,#5253,#5255,#5257,#5259,#5261,#5263,
#5264,#5265));
#5267=FACE_OUTER_BOUND('',#5266,.F.);
#5268=ADVANCED_FACE('',(#5267),#5245,.F.);
#5269=CARTESIAN_POINT('',(0.E0,-2.3E1,0.E0));
#5270=DIRECTION('',(0.E0,1.E0,0.E0));
#5271=DIRECTION('',(0.E0,0.E0,1.E0));
#5272=AXIS2_PLACEMENT_3D('',#5269,#5270,#5271);
#5273=PLANE('',#5272);
#5275=ORIENTED_EDGE('',*,*,#5274,.F.);
#5277=ORIENTED_EDGE('',*,*,#5276,.F.);
#5278=ORIENTED_EDGE('',*,*,#5119,.F.);
#5279=ORIENTED_EDGE('',*,*,#5246,.F.);
#5280=ORIENTED_EDGE('',*,*,#5126,.F.);
#5282=ORIENTED_EDGE('',*,*,#5281,.F.);
#5283=EDGE_LOOP('',(#5275,#5277,#5278,#5279,#5280,#5282));
#5284=FACE_OUTER_BOUND('',#5283,.F.);
#5285=ADVANCED_FACE('',(#5284),#5273,.T.);
#5286=CARTESIAN_POINT('',(0.E0,-2.3E1,0.E0));
#5287=DIRECTION('',(0.E0,1.E0,0.E0));
#5288=DIRECTION('',(0.E0,0.E0,1.E0));
#5289=AXIS2_PLACEMENT_3D('',#5286,#5287,#5288);
#5290=PLANE('',#5289);
#5292=ORIENTED_EDGE('',*,*,#5291,.F.);
#5294=ORIENTED_EDGE('',*,*,#5293,.F.);
#5296=ORIENTED_EDGE('',*,*,#5295,.F.);
#5298=ORIENTED_EDGE('',*,*,#5297,.F.);
#5300=ORIENTED_EDGE('',*,*,#5299,.F.);
#5302=ORIENTED_EDGE('',*,*,#5301,.F.);
#5303=EDGE_LOOP('',(#5292,#5294,#5296,#5298,#5300,#5302));
#5304=FACE_OUTER_BOUND('',#5303,.F.);
#5305=ADVANCED_FACE('',(#5304),#5290,.T.);
#5306=CARTESIAN_POINT('',(0.E0,-2.3E1,0.E0));
#5307=DIRECTION('',(0.E0,1.E0,0.E0));
#5308=DIRECTION('',(0.E0,0.E0,1.E0));
#5309=AXIS2_PLACEMENT_3D('',#5306,#5307,#5308);
#5310=PLANE('',#5309);
#5312=ORIENTED_EDGE('',*,*,#5311,.T.);
#5314=ORIENTED_EDGE('',*,*,#5313,.F.);
#5316=ORIENTED_EDGE('',*,*,#5315,.T.);
#5317=EDGE_LOOP('',(#5312,#5314,#5316));
#5318=FACE_OUTER_BOUND('',#5317,.F.);
#5319=ADVANCED_FACE('',(#5318),#5310,.T.);
#5320=CARTESIAN_POINT('',(0.E0,-2.3E1,0.E0));
#5321=DIRECTION('',(0.E0,1.E0,0.E0));
#5322=DIRECTION('',(0.E0,0.E0,1.E0));
#5323=AXIS2_PLACEMENT_3D('',#5320,#5321,#5322);
#5324=PLANE('',#5323);
#5326=ORIENTED_EDGE('',*,*,#5325,.T.);
#5328=ORIENTED_EDGE('',*,*,#5327,.T.);
#5330=ORIENTED_EDGE('',*,*,#5329,.F.);
#5331=EDGE_LOOP('',(#5326,#5328,#5330));
#5332=FACE_OUTER_BOUND('',#5331,.F.);
#5333=ADVANCED_FACE('',(#5332),#5324,.T.);
#5334=CARTESIAN_POINT('',(-3.522E1,-1.75E1,6.305051025722E1));
#5335=DIRECTION('',(-1.E0,0.E0,0.E0));
#5336=DIRECTION('',(0.E0,0.E0,1.E0));
#5337=AXIS2_PLACEMENT_3D('',#5334,#5335,#5336);
#5338=PLANE('',#5337);
#5339=ORIENTED_EDGE('',*,*,#5274,.T.);
#5341=ORIENTED_EDGE('',*,*,#5340,.F.);
#5343=ORIENTED_EDGE('',*,*,#5342,.T.);
#5345=ORIENTED_EDGE('',*,*,#5344,.T.);
#5347=ORIENTED_EDGE('',*,*,#5346,.T.);
#5349=ORIENTED_EDGE('',*,*,#5348,.F.);
#5351=ORIENTED_EDGE('',*,*,#5350,.F.);
#5353=ORIENTED_EDGE('',*,*,#5352,.F.);
#5355=ORIENTED_EDGE('',*,*,#5354,.F.);
#5357=ORIENTED_EDGE('',*,*,#5356,.T.);
#5359=ORIENTED_EDGE('',*,*,#5358,.F.);
#5361=ORIENTED_EDGE('',*,*,#5360,.F.);
#5362=EDGE_LOOP('',(#5339,#5341,#5343,#5345,#5347,#5349,#5351,#5353,#5355,#5357,
#5359,#5361));
#5363=FACE_OUTER_BOUND('',#5362,.F.);
#5364=ADVANCED_FACE('',(#5363),#5338,.F.);
#5365=CARTESIAN_POINT('',(-3.511960944372E1,-2.301511135114E1,
6.291281321167E1));
#5366=CARTESIAN_POINT('',(-3.515571004797E1,-2.301512334996E1,
6.291838209965E1));
#5367=CARTESIAN_POINT('',(-3.533651815017E1,-2.301520574170E1,
6.295012998618E1));
#5368=CARTESIAN_POINT('',(-3.565693251795E1,-2.301512961130E1,
6.304211336069E1));
#5369=CARTESIAN_POINT('',(-3.605722122685E1,-2.301515723929E1,
6.323484298027E1));
#5370=CARTESIAN_POINT('',(-3.641979825601E1,-2.301514959405E1,
6.349255446505E1));
#5371=CARTESIAN_POINT('',(-3.673366172515E1,-2.301515171217E1,
6.380757868926E1));
#5372=CARTESIAN_POINT('',(-3.699000954439E1,-2.301515114397E1,
6.417102593178E1));
#5373=CARTESIAN_POINT('',(-3.718145819428E1,-2.301515108619E1,
6.457243858271E1));
#5374=CARTESIAN_POINT('',(-3.730253449993E1,-2.301515161412E1,6.500036279E1));
#5375=CARTESIAN_POINT('',(-3.734979473790E1,-2.301515106412E1,
6.544259403540E1));
#5376=CARTESIAN_POINT('',(-3.732188603737E1,-2.301515107419E1,
6.588645196032E1));
#5377=CARTESIAN_POINT('',(-3.721958275186E1,-2.301515158840E1,
6.631926942684E1));
#5378=CARTESIAN_POINT('',(-3.704583202799E1,-2.301515105266E1,
6.672866831247E1));
#5379=CARTESIAN_POINT('',(-3.680560760640E1,-2.301515135874E1,
6.710293200326E1));
#5380=CARTESIAN_POINT('',(-3.650573618619E1,-2.301515103561E1,
6.743139205113E1));
#5381=CARTESIAN_POINT('',(-3.615480845891E1,-2.301515189407E1,
6.770463604784E1));
#5382=CARTESIAN_POINT('',(-3.576298905233E1,-2.301514875133E1,
6.791482535595E1));
#5383=CARTESIAN_POINT('',(-3.541132001207E1,-2.301515917690E1,
6.803251793784E1));
#5384=CARTESIAN_POINT('',(-3.519424375368E1,-2.301514278144E1,
6.807562585233E1));
#5385=CARTESIAN_POINT('',(-3.512151350458E1,-2.301506438993E1,
6.808684991821E1));
#5386=CARTESIAN_POINT('',(-3.498706172057E1,-2.293827271108E1,
6.377171449416E1));
#5387=CARTESIAN_POINT('',(-3.501113642274E1,-2.293828425765E1,
6.377542988295E1));
#5388=CARTESIAN_POINT('',(-3.513170624508E1,-2.293836327009E1,
6.379660026400E1));
#5389=CARTESIAN_POINT('',(-3.534594982435E1,-2.293829025708E1,
6.385808263477E1));
#5390=CARTESIAN_POINT('',(-3.561328223385E1,-2.293831676818E1,
6.398681877585E1));
#5391=CARTESIAN_POINT('',(-3.585550998957E1,-2.293830942235E1,
6.415897910176E1));
#5392=CARTESIAN_POINT('',(-3.606517118807E1,-2.293831146023E1,
6.436941889404E1));
#5393=CARTESIAN_POINT('',(-3.623642306810E1,-2.293831091353E1,
6.461221626493E1));
#5394=CARTESIAN_POINT('',(-3.636431288182E1,-2.293831084998E1,
6.488036674008E1));
#5395=CARTESIAN_POINT('',(-3.644519493037E1,-2.293831137946E1,
6.516622887661E1));
#5396=CARTESIAN_POINT('',(-3.647676607827E1,-2.293831082903E1,
6.546165191789E1));
#5397=CARTESIAN_POINT('',(-3.645812255566E1,-2.293831083928E1,
6.575815841783E1));
#5398=CARTESIAN_POINT('',(-3.638978079652E1,-2.293831135320E1,
6.604729361769E1));
#5399=CARTESIAN_POINT('',(-3.627371145262E1,-2.293831081842E1,
6.632077978074E1));
#5400=CARTESIAN_POINT('',(-3.611323817964E1,-2.293831112097E1,
6.657079448987E1));
#5401=CARTESIAN_POINT('',(-3.591291258899E1,-2.293831081101E1,
6.679021856282E1));
#5402=CARTESIAN_POINT('',(-3.567848576288E1,-2.293831162034E1,
6.697274984241E1));
#5403=CARTESIAN_POINT('',(-3.541674483891E1,-2.293830866102E1,
6.711316049967E1));
#5404=CARTESIAN_POINT('',(-3.518181290969E1,-2.293831851633E1,
6.719178400027E1));
#5405=CARTESIAN_POINT('',(-3.503681329262E1,-2.293830299271E1,
6.722057844190E1));
#5406=CARTESIAN_POINT('',(-3.498823528522E1,-2.293822865166E1,
6.722807563736E1));
#5407=CARTESIAN_POINT('',(-3.490100204794E1,-2.227193127863E1,
6.432827326027E1));
#5408=CARTESIAN_POINT('',(-3.491734458347E1,-2.227193890320E1,
6.433079455068E1));
#5409=CARTESIAN_POINT('',(-3.499919410439E1,-2.227198861058E1,
6.434516635444E1));
#5410=CARTESIAN_POINT('',(-3.514434416862E1,-2.227194263142E1,
6.438683162178E1));
#5411=CARTESIAN_POINT('',(-3.532562141739E1,-2.227195945682E1,
6.447411623590E1));
#5412=CARTESIAN_POINT('',(-3.548983467957E1,-2.227195470754E1,
6.459083357036E1));
#5413=CARTESIAN_POINT('',(-3.563198132220E1,-2.227195604957E1,
6.473350647948E1));
#5414=CARTESIAN_POINT('',(-3.574808150194E1,-2.227195568925E1,
6.489811178450E1));
#5415=CARTESIAN_POINT('',(-3.583478763226E1,-2.227195557574E1,
6.507990997771E1));
#5416=CARTESIAN_POINT('',(-3.588962278994E1,-2.227195611865E1,
6.527371541354E1));
#5417=CARTESIAN_POINT('',(-3.591102685332E1,-2.227195556447E1,
6.547400108079E1));
#5418=CARTESIAN_POINT('',(-3.589838710743E1,-2.227195557627E1,
6.567502289936E1));
#5419=CARTESIAN_POINT('',(-3.585205410377E1,-2.227195608775E1,
6.587104523167E1));
#5420=CARTESIAN_POINT('',(-3.577336293132E1,-2.227195556122E1,
6.605646049123E1));
#5421=CARTESIAN_POINT('',(-3.566456637453E1,-2.227195583316E1,
6.622596306397E1));
#5422=CARTESIAN_POINT('',(-3.552875466982E1,-2.227195563739E1,
6.637472258495E1));
#5423=CARTESIAN_POINT('',(-3.536982069608E1,-2.227195602062E1,
6.649847364139E1));
#5424=CARTESIAN_POINT('',(-3.519236744012E1,-2.227195465204E1,
6.659366765405E1));
#5425=CARTESIAN_POINT('',(-3.503309597582E1,-2.227195956204E1,
6.664697066217E1));
#5426=CARTESIAN_POINT('',(-3.493478495309E1,-2.227195159897E1,
6.666649364386E1));
#5427=CARTESIAN_POINT('',(-3.490184695903E1,-2.227191238332E1,
6.667157685971E1));
#5428=CARTESIAN_POINT('',(-3.491130051956E1,-2.140222040369E1,
6.425997331887E1));
#5429=CARTESIAN_POINT('',(-3.492868528087E1,-2.140222290927E1,
6.426265187108E1));
#5430=CARTESIAN_POINT('',(-3.501577022464E1,-2.140223436757E1,
6.427794368387E1));
#5431=CARTESIAN_POINT('',(-3.516894254577E1,-2.140222367309E1,
6.432195941721E1));
#5432=CARTESIAN_POINT('',(-3.536093325165E1,-2.140222785670E1,
6.441435489976E1));
#5433=CARTESIAN_POINT('',(-3.553467485159E1,-2.140222649643E1,
6.453786566602E1));
#5434=CARTESIAN_POINT('',(-3.568511817203E1,-2.140222693023E1,
6.468885897895E1));
#5435=CARTESIAN_POINT('',(-3.580797034804E1,-2.140222681319E1,
6.486304097537E1));
#5436=CARTESIAN_POINT('',(-3.589973318087E1,-2.140222663445E1,
6.505543643625E1));
#5437=CARTESIAN_POINT('',(-3.595776253722E1,-2.140222719490E1,
6.526053580934E1));
#5438=CARTESIAN_POINT('',(-3.598041317151E1,-2.140222663583E1,
6.547248539751E1));
#5439=CARTESIAN_POINT('',(-3.596703671623E1,-2.140222664966E1,
6.568522100180E1));
#5440=CARTESIAN_POINT('',(-3.591800600352E1,-2.140222715793E1,
6.589265716400E1));
#5441=CARTESIAN_POINT('',(-3.583472978932E1,-2.140222664218E1,
6.608887890645E1));
#5442=CARTESIAN_POINT('',(-3.571958975189E1,-2.140222687417E1,
6.626826158034E1));
#5443=CARTESIAN_POINT('',(-3.557587530700E1,-2.140222682745E1,
6.642567685953E1));
#5444=CARTESIAN_POINT('',(-3.540767933294E1,-2.140222665453E1,
6.655664231077E1));
#5445=CARTESIAN_POINT('',(-3.521987968274E1,-2.140222736217E1,
6.665738394954E1));
#5446=CARTESIAN_POINT('',(-3.505134810475E1,-2.140222581755E1,
6.671378784202E1));
#5447=CARTESIAN_POINT('',(-3.494728239545E1,-2.140222772254E1,
6.673445402758E1));
#5448=CARTESIAN_POINT('',(-3.491240906877E1,-2.140223435268E1,
6.673983501412E1));
#5449=(BOUNDED_SURFACE()B_SPLINE_SURFACE(3,3,((#5365,#5366,#5367,#5368,#5369,
#5370,#5371,#5372,#5373,#5374,#5375,#5376,#5377,#5378,#5379,#5380,#5381,#5382,
#5383,#5384,#5385),(#5386,#5387,#5388,#5389,#5390,#5391,#5392,#5393,#5394,#5395,
#5396,#5397,#5398,#5399,#5400,#5401,#5402,#5403,#5404,#5405,#5406),(#5407,#5408,
#5409,#5410,#5411,#5412,#5413,#5414,#5415,#5416,#5417,#5418,#5419,#5420,#5421,
#5422,#5423,#5424,#5425,#5426,#5427),(#5428,#5429,#5430,#5431,#5432,#5433,#5434,
#5435,#5436,#5437,#5438,#5439,#5440,#5441,#5442,#5443,#5444,#5445,#5446,#5447,
#5448)),.UNSPECIFIED.,.F.,.F.,.F.)B_SPLINE_SURFACE_WITH_KNOTS((4,4),(4,1,1,1,1,
1,1,1,1,1,1,1,1,1,1,1,1,1,4),(0.E0,1.E0),(1.769759382071E-1,1.895330810467E-1,
2.400767509048E-1,2.907537469037E-1,3.414048866453E-1,3.920806932892E-1,
4.427256619966E-1,4.933886835372E-1,5.440630720312E-1,5.947036593664E-1,
6.453745578552E-1,6.960450557831E-1,7.466858595673E-1,7.973613316611E-1,
8.480250181121E-1,8.986718580071E-1,9.493479426378E-1,1.E0,1.025315272341E0),
.UNSPECIFIED.)GEOMETRIC_REPRESENTATION_ITEM()RATIONAL_B_SPLINE_SURFACE(((
1.169413769884E0,1.169413769884E0,1.169413769884E0,1.169413769884E0,
1.169413769884E0,1.169413769884E0,1.169413769884E0,1.169413769884E0,
1.169413769884E0,1.169413769884E0,1.169413769884E0,1.169413769884E0,
1.169413769884E0,1.169413769884E0,1.169413769884E0,1.169413769884E0,
1.169413769884E0,1.169413769884E0,1.169413769884E0,1.169413769884E0,
1.169413769884E0),(9.435287433718E-1,9.435287433718E-1,9.435287433718E-1,
9.435287433718E-1,9.435287433718E-1,9.435287433718E-1,9.435287433718E-1,
9.435287433718E-1,9.435287433718E-1,9.435287433718E-1,9.435287433718E-1,
9.435287433718E-1,9.435287433718E-1,9.435287433718E-1,9.435287433718E-1,
9.435287433718E-1,9.435287433718E-1,9.435287433718E-1,9.435287433718E-1,
9.435287433718E-1,9.435287433718E-1),(9.435287433718E-1,9.435287433718E-1,
9.435287433718E-1,9.435287433718E-1,9.435287433718E-1,9.435287433718E-1,
9.435287433718E-1,9.435287433718E-1,9.435287433718E-1,9.435287433718E-1,
9.435287433718E-1,9.435287433718E-1,9.435287433718E-1,9.435287433718E-1,
9.435287433718E-1,9.435287433718E-1,9.435287433718E-1,9.435287433718E-1,
9.435287433718E-1,9.435287433718E-1,9.435287433718E-1),(1.169413769884E0,
1.169413769884E0,1.169413769884E0,1.169413769884E0,1.169413769884E0,
1.169413769884E0,1.169413769884E0,1.169413769884E0,1.169413769884E0,
1.169413769884E0,1.169413769884E0,1.169413769884E0,1.169413769884E0,
1.169413769884E0,1.169413769884E0,1.169413769884E0,1.169413769884E0,
1.169413769884E0,1.169413769884E0,1.169413769884E0,1.169413769884E0)))REPRESENTATION_ITEM('')SURFACE());
#5451=ORIENTED_EDGE('',*,*,#5450,.T.);
#5452=ORIENTED_EDGE('',*,*,#5340,.T.);
#5454=ORIENTED_EDGE('',*,*,#5453,.T.);
#5455=ORIENTED_EDGE('',*,*,#5360,.T.);
#5456=EDGE_LOOP('',(#5451,#5452,#5454,#5455));
#5457=FACE_OUTER_BOUND('',#5456,.F.);
#5458=ADVANCED_FACE('',(#5457),#5449,.F.);
#5459=CARTESIAN_POINT('',(-3.472E1,-2.3E1,6.55E1));
#5460=DIRECTION('',(0.E0,1.E0,0.E0));
#5461=DIRECTION('',(0.E0,0.E0,1.E0));
#5462=AXIS2_PLACEMENT_3D('',#5459,#5460,#5461);
#5463=CYLINDRICAL_SURFACE('',#5462,1.25E0);
#5464=ORIENTED_EDGE('',*,*,#5358,.T.);
#5466=ORIENTED_EDGE('',*,*,#5465,.F.);
#5467=ORIENTED_EDGE('',*,*,#5342,.F.);
#5468=ORIENTED_EDGE('',*,*,#5450,.F.);
#5469=EDGE_LOOP('',(#5464,#5466,#5467,#5468));
#5470=FACE_OUTER_BOUND('',#5469,.F.);
#5471=ADVANCED_FACE('',(#5470),#5463,.T.);
#5472=CARTESIAN_POINT('',(-3.472E1,-1.936397004600E1,6.55E1));
#5473=DIRECTION('',(0.E0,1.E0,0.E0));
#5474=DIRECTION('',(1.E0,0.E0,0.E0));
#5475=AXIS2_PLACEMENT_3D('',#5472,#5473,#5474);
#5476=CONICAL_SURFACE('',#5475,1.425E0,5.214157597172E1);
#5478=ORIENTED_EDGE('',*,*,#5477,.F.);
#5479=ORIENTED_EDGE('',*,*,#5344,.F.);
#5480=ORIENTED_EDGE('',*,*,#5465,.T.);
#5481=ORIENTED_EDGE('',*,*,#5356,.F.);
#5482=EDGE_LOOP('',(#5478,#5479,#5480,#5481));
#5483=FACE_OUTER_BOUND('',#5482,.F.);
#5484=ADVANCED_FACE('',(#5483),#5476,.T.);
#5485=CARTESIAN_POINT('',(-3.472E1,-1.936397004600E1,6.55E1));
#5486=DIRECTION('',(0.E0,1.E0,0.E0));
#5487=DIRECTION('',(1.E0,0.E0,0.E0));
#5488=AXIS2_PLACEMENT_3D('',#5485,#5486,#5487);
#5489=CONICAL_SURFACE('',#5488,1.425E0,5.214157597172E1);
#5490=ORIENTED_EDGE('',*,*,#5233,.T.);
#5491=ORIENTED_EDGE('',*,*,#5262,.F.);
#5493=ORIENTED_EDGE('',*,*,#5492,.F.);
#5494=ORIENTED_EDGE('',*,*,#5250,.F.);
#5495=EDGE_LOOP('',(#5490,#5491,#5493,#5494));
#5496=FACE_OUTER_BOUND('',#5495,.F.);
#5497=ADVANCED_FACE('',(#5496),#5489,.T.);
#5498=CARTESIAN_POINT('',(-3.472E1,0.E0,6.55E1));
#5499=DIRECTION('',(0.E0,1.E0,0.E0));
#5500=DIRECTION('',(1.E0,0.E0,0.E0));
#5501=AXIS2_PLACEMENT_3D('',#5498,#5499,#5500);
#5502=CYLINDRICAL_SURFACE('',#5501,1.6E0);
#5504=ORIENTED_EDGE('',*,*,#5503,.F.);
#5505=ORIENTED_EDGE('',*,*,#5346,.F.);
#5506=ORIENTED_EDGE('',*,*,#5477,.T.);
#5507=ORIENTED_EDGE('',*,*,#5354,.T.);
#5508=EDGE_LOOP('',(#5504,#5505,#5506,#5507));
#5509=FACE_OUTER_BOUND('',#5508,.F.);
#5510=ADVANCED_FACE('',(#5509),#5502,.T.);
#5511=CARTESIAN_POINT('',(-3.472E1,0.E0,6.55E1));
#5512=DIRECTION('',(0.E0,1.E0,0.E0));
#5513=DIRECTION('',(1.E0,0.E0,0.E0));
#5514=AXIS2_PLACEMENT_3D('',#5511,#5512,#5513);
#5515=CYLINDRICAL_SURFACE('',#5514,1.6E0);
#5516=ORIENTED_EDGE('',*,*,#5492,.T.);
#5517=ORIENTED_EDGE('',*,*,#5260,.T.);
#5519=ORIENTED_EDGE('',*,*,#5518,.F.);
#5520=ORIENTED_EDGE('',*,*,#5252,.F.);
#5521=EDGE_LOOP('',(#5516,#5517,#5519,#5520));
#5522=FACE_OUTER_BOUND('',#5521,.F.);
#5523=ADVANCED_FACE('',(#5522),#5515,.T.);
#5524=CARTESIAN_POINT('',(-3.472E1,-1.766369272002E1,6.55E1));
#5525=DIRECTION('',(0.E0,-1.E0,0.E0));
#5526=DIRECTION('',(-1.E0,0.E0,0.E0));
#5527=AXIS2_PLACEMENT_3D('',#5524,#5525,#5526);
#5528=CONICAL_SURFACE('',#5527,1.425E0,4.691211339862E1);
#5530=ORIENTED_EDGE('',*,*,#5529,.T.);
#5531=ORIENTED_EDGE('',*,*,#5348,.T.);
#5532=ORIENTED_EDGE('',*,*,#5503,.T.);
#5533=ORIENTED_EDGE('',*,*,#5352,.T.);
#5534=EDGE_LOOP('',(#5530,#5531,#5532,#5533));
#5535=FACE_OUTER_BOUND('',#5534,.F.);
#5536=ADVANCED_FACE('',(#5535),#5528,.T.);
#5537=CARTESIAN_POINT('',(-3.472E1,-1.766369272002E1,6.55E1));
#5538=DIRECTION('',(0.E0,-1.E0,0.E0));
#5539=DIRECTION('',(-1.E0,0.E0,0.E0));
#5540=AXIS2_PLACEMENT_3D('',#5537,#5538,#5539);
#5541=CONICAL_SURFACE('',#5540,1.425E0,4.691211339862E1);
#5542=ORIENTED_EDGE('',*,*,#5518,.T.);
#5543=ORIENTED_EDGE('',*,*,#5258,.T.);
#5545=ORIENTED_EDGE('',*,*,#5544,.T.);
#5546=ORIENTED_EDGE('',*,*,#5254,.T.);
#5547=EDGE_LOOP('',(#5542,#5543,#5545,#5546));
#5548=FACE_OUTER_BOUND('',#5547,.F.);
#5549=ADVANCED_FACE('',(#5548),#5541,.T.);
#5550=CARTESIAN_POINT('',(0.E0,-1.75E1,0.E0));
#5551=DIRECTION('',(0.E0,1.E0,0.E0));
#5552=DIRECTION('',(0.E0,0.E0,1.E0));
#5553=AXIS2_PLACEMENT_3D('',#5550,#5551,#5552);
#5554=PLANE('',#5553);
#5555=ORIENTED_EDGE('',*,*,#5350,.T.);
#5556=ORIENTED_EDGE('',*,*,#5529,.F.);
#5557=EDGE_LOOP('',(#5555,#5556));
#5558=FACE_OUTER_BOUND('',#5557,.F.);
#5559=ADVANCED_FACE('',(#5558),#5554,.T.);
#5560=CARTESIAN_POINT('',(0.E0,-1.75E1,0.E0));
#5561=DIRECTION('',(0.E0,1.E0,0.E0));
#5562=DIRECTION('',(0.E0,0.E0,1.E0));
#5563=AXIS2_PLACEMENT_3D('',#5560,#5561,#5562);
#5564=PLANE('',#5563);
#5565=ORIENTED_EDGE('',*,*,#5256,.F.);
#5566=ORIENTED_EDGE('',*,*,#5544,.F.);
#5567=EDGE_LOOP('',(#5565,#5566));
#5568=FACE_OUTER_BOUND('',#5567,.F.);
#5569=ADVANCED_FACE('',(#5568),#5564,.T.);
#5570=CARTESIAN_POINT('',(0.E0,-1.75E1,0.E0));
#5571=DIRECTION('',(0.E0,1.E0,0.E0));
#5572=DIRECTION('',(0.E0,0.E0,1.E0));
#5573=AXIS2_PLACEMENT_3D('',#5570,#5571,#5572);
#5574=PLANE('',#5573);
#5576=ORIENTED_EDGE('',*,*,#5575,.T.);
#5578=ORIENTED_EDGE('',*,*,#5577,.F.);
#5579=EDGE_LOOP('',(#5576,#5578));
#5580=FACE_OUTER_BOUND('',#5579,.F.);
#5581=ADVANCED_FACE('',(#5580),#5574,.T.);
#5582=CARTESIAN_POINT('',(0.E0,-1.75E1,0.E0));
#5583=DIRECTION('',(0.E0,1.E0,0.E0));
#5584=DIRECTION('',(0.E0,0.E0,1.E0));
#5585=AXIS2_PLACEMENT_3D('',#5582,#5583,#5584);
#5586=PLANE('',#5585);
#5588=ORIENTED_EDGE('',*,*,#5587,.F.);
#5590=ORIENTED_EDGE('',*,*,#5589,.F.);
#5591=EDGE_LOOP('',(#5588,#5590));
#5592=FACE_OUTER_BOUND('',#5591,.F.);
#5593=ADVANCED_FACE('',(#5592),#5586,.T.);
#5594=CARTESIAN_POINT('',(-5.22E0,-1.75E1,6.305051025722E1));
#5595=DIRECTION('',(-1.E0,0.E0,0.E0));
#5596=DIRECTION('',(0.E0,0.E0,1.E0));
#5597=AXIS2_PLACEMENT_3D('',#5594,#5595,#5596);
#5598=PLANE('',#5597);
#5599=ORIENTED_EDGE('',*,*,#5291,.T.);
#5601=ORIENTED_EDGE('',*,*,#5600,.F.);
#5603=ORIENTED_EDGE('',*,*,#5602,.T.);
#5605=ORIENTED_EDGE('',*,*,#5604,.T.);
#5607=ORIENTED_EDGE('',*,*,#5606,.T.);
#5609=ORIENTED_EDGE('',*,*,#5608,.F.);
#5610=ORIENTED_EDGE('',*,*,#5575,.F.);
#5612=ORIENTED_EDGE('',*,*,#5611,.F.);
#5614=ORIENTED_EDGE('',*,*,#5613,.F.);
#5616=ORIENTED_EDGE('',*,*,#5615,.T.);
#5618=ORIENTED_EDGE('',*,*,#5617,.F.);
#5620=ORIENTED_EDGE('',*,*,#5619,.F.);
#5621=EDGE_LOOP('',(#5599,#5601,#5603,#5605,#5607,#5609,#5610,#5612,#5614,#5616,
#5618,#5620));
#5622=FACE_OUTER_BOUND('',#5621,.F.);
#5623=ADVANCED_FACE('',(#5622),#5598,.F.);
#5624=CARTESIAN_POINT('',(-5.119609443709E0,-2.301511135114E1,
6.291281321167E1));
#5625=CARTESIAN_POINT('',(-5.155710048382E0,-2.301512334996E1,
6.291838209971E1));
#5626=CARTESIAN_POINT('',(-5.336518150972E0,-2.301520574170E1,
6.295012998636E1));
#5627=CARTESIAN_POINT('',(-5.656932519060E0,-2.301512961130E1,
6.304211336112E1));
#5628=CARTESIAN_POINT('',(-6.057221227812E0,-2.301515723929E1,
6.323484298084E1));
#5629=CARTESIAN_POINT('',(-6.419798256800E0,-2.301514959405E1,
6.349255446572E1));
#5630=CARTESIAN_POINT('',(-6.733661725761E0,-2.301515171217E1,6.380757869E1));
#5631=CARTESIAN_POINT('',(-6.990009544829E0,-2.301515114397E1,
6.417102593254E1));
#5632=CARTESIAN_POINT('',(-7.181458194555E0,-2.301515108619E1,
6.457243858345E1));
#5633=CARTESIAN_POINT('',(-7.302534500060E0,-2.301515161412E1,
6.500036279070E1));
#5634=CARTESIAN_POINT('',(-7.349794737914E0,-2.301515106412E1,
6.544259403604E1));
#5635=CARTESIAN_POINT('',(-7.321886037282E0,-2.301515107419E1,
6.588645196087E1));
#5636=CARTESIAN_POINT('',(-7.219582751703E0,-2.301515158840E1,
6.631926942729E1));
#5637=CARTESIAN_POINT('',(-7.045832027801E0,-2.301515105266E1,
6.672866831282E1));
#5638=CARTESIAN_POINT('',(-6.805607606199E0,-2.301515135874E1,
6.710293200351E1));
#5639=CARTESIAN_POINT('',(-6.505736186009E0,-2.301515103561E1,
6.743139205128E1));
#5640=CARTESIAN_POINT('',(-6.154808458778E0,-2.301515189407E1,
6.770463604792E1));
#5641=CARTESIAN_POINT('',(-5.762989052255E0,-2.301514875133E1,
6.791482535598E1));
#5642=CARTESIAN_POINT('',(-5.411320012045E0,-2.301515917690E1,
6.803251793784E1));
#5643=CARTESIAN_POINT('',(-5.194243753683E0,-2.301514278144E1,
6.807562585233E1));
#5644=CARTESIAN_POINT('',(-5.121513504581E0,-2.301506438993E1,
6.808684991821E1));
#5645=CARTESIAN_POINT('',(-4.987061720560E0,-2.293827271108E1,
6.377171449416E1));
#5646=CARTESIAN_POINT('',(-5.011136423017E0,-2.293828425765E1,
6.377542988300E1));
#5647=CARTESIAN_POINT('',(-5.131706245618E0,-2.293836327009E1,
6.379660026412E1));
#5648=CARTESIAN_POINT('',(-5.345949825097E0,-2.293829025708E1,
6.385808263506E1));
#5649=CARTESIAN_POINT('',(-5.613282234487E0,-2.293831676818E1,
6.398681877623E1));
#5650=CARTESIAN_POINT('',(-5.855509990092E0,-2.293830942235E1,
6.415897910221E1));
#5651=CARTESIAN_POINT('',(-6.065171188477E0,-2.293831146023E1,
6.436941889453E1));
#5652=CARTESIAN_POINT('',(-6.236423068388E0,-2.293831091353E1,
6.461221626544E1));
#5653=CARTESIAN_POINT('',(-6.364312882E0,-2.293831084998E1,6.488036674058E1));
#5654=CARTESIAN_POINT('',(-6.445194930457E0,-2.293831137946E1,
6.516622887708E1));
#5655=CARTESIAN_POINT('',(-6.476766078278E0,-2.293831082903E1,
6.546165191831E1));
#5656=CARTESIAN_POINT('',(-6.458122555598E0,-2.293831083928E1,
6.575815841820E1));
#5657=CARTESIAN_POINT('',(-6.389780796416E0,-2.293831135320E1,
6.604729361800E1));
#5658=CARTESIAN_POINT('',(-6.273711452492E0,-2.293831081842E1,
6.632077978097E1));
#5659=CARTESIAN_POINT('',(-6.113238179510E0,-2.293831112097E1,
6.657079449004E1));
#5660=CARTESIAN_POINT('',(-5.912912588871E0,-2.293831081101E1,
6.679021856292E1));
#5661=CARTESIAN_POINT('',(-5.678485762791E0,-2.293831162034E1,
6.697274984246E1));
#5662=CARTESIAN_POINT('',(-5.416744838858E0,-2.293830866102E1,
6.711316049969E1));
#5663=CARTESIAN_POINT('',(-5.181812909670E0,-2.293831851633E1,
6.719178400027E1));
#5664=CARTESIAN_POINT('',(-5.036813292623E0,-2.293830299271E1,
6.722057844190E1));
#5665=CARTESIAN_POINT('',(-4.988235285224E0,-2.293822865166E1,
6.722807563736E1));
#5666=CARTESIAN_POINT('',(-4.901002047937E0,-2.227193127863E1,
6.432827326027E1));
#5667=CARTESIAN_POINT('',(-4.917344583652E0,-2.227193890320E1,
6.433079455071E1));
#5668=CARTESIAN_POINT('',(-4.999194104750E0,-2.227198861058E1,
6.434516635452E1));
#5669=CARTESIAN_POINT('',(-5.144344169125E0,-2.227194263142E1,
6.438683162198E1));
#5670=CARTESIAN_POINT('',(-5.325621417823E0,-2.227195945682E1,
6.447411623616E1));
#5671=CARTESIAN_POINT('',(-5.489834679923E0,-2.227195470754E1,
6.459083357066E1));
#5672=CARTESIAN_POINT('',(-5.631981322481E0,-2.227195604957E1,
6.473350647981E1));
#5673=CARTESIAN_POINT('',(-5.748081502136E0,-2.227195568925E1,
6.489811178484E1));
#5674=CARTESIAN_POINT('',(-5.834787632385E0,-2.227195557574E1,
6.507990997805E1));
#5675=CARTESIAN_POINT('',(-5.889622789998E0,-2.227195611865E1,
6.527371541386E1));
#5676=CARTESIAN_POINT('',(-5.911026853328E0,-2.227195556447E1,
6.547400108107E1));
#5677=CARTESIAN_POINT('',(-5.898387107392E0,-2.227195557627E1,
6.567502289961E1));
#5678=CARTESIAN_POINT('',(-5.852054103700E0,-2.227195608775E1,
6.587104523187E1));
#5679=CARTESIAN_POINT('',(-5.773362931238E0,-2.227195556122E1,
6.605646049139E1));
#5680=CARTESIAN_POINT('',(-5.664566374440E0,-2.227195583316E1,
6.622596306408E1));
#5681=CARTESIAN_POINT('',(-5.528754669737E0,-2.227195563739E1,
6.637472258502E1));
#5682=CARTESIAN_POINT('',(-5.369820696021E0,-2.227195602062E1,
6.649847364143E1));
#5683=CARTESIAN_POINT('',(-5.192367440089E0,-2.227195465204E1,
6.659366765406E1));
#5684=CARTESIAN_POINT('',(-5.033095975807E0,-2.227195956204E1,
6.664697066217E1));
#5685=CARTESIAN_POINT('',(-4.934784953095E0,-2.227195159897E1,
6.666649364386E1));
#5686=CARTESIAN_POINT('',(-4.901846959027E0,-2.227191238332E1,
6.667157685971E1));
#5687=CARTESIAN_POINT('',(-4.911300519555E0,-2.140222040369E1,
6.425997331887E1));
#5688=CARTESIAN_POINT('',(-4.928685281066E0,-2.140222290927E1,
6.426265187112E1));
#5689=CARTESIAN_POINT('',(-5.015770225025E0,-2.140223436757E1,
6.427794368395E1));
#5690=CARTESIAN_POINT('',(-5.168942546303E0,-2.140222367309E1,
6.432195941742E1));
#5691=CARTESIAN_POINT('',(-5.360933252109E0,-2.140222785670E1,
6.441435490003E1));
#5692=CARTESIAN_POINT('',(-5.534674851968E0,-2.140222649643E1,
6.453786566634E1));
#5693=CARTESIAN_POINT('',(-5.685118172324E0,-2.140222693023E1,
6.468885897930E1));
#5694=CARTESIAN_POINT('',(-5.807970348249E0,-2.140222681319E1,
6.486304097574E1));
#5695=CARTESIAN_POINT('',(-5.899733180999E0,-2.140222663445E1,
6.505543643661E1));
#5696=CARTESIAN_POINT('',(-5.957762537288E0,-2.140222719490E1,
6.526053580967E1));
#5697=CARTESIAN_POINT('',(-5.980413171510E0,-2.140222663583E1,
6.547248539781E1));
#5698=CARTESIAN_POINT('',(-5.967036716193E0,-2.140222664966E1,
6.568522100207E1));
#5699=CARTESIAN_POINT('',(-5.918006003451E0,-2.140222715793E1,
6.589265716422E1));
#5700=CARTESIAN_POINT('',(-5.834729789231E0,-2.140222664218E1,
6.608887890662E1));
#5701=CARTESIAN_POINT('',(-5.719589751800E0,-2.140222687417E1,
6.626826158046E1));
#5702=CARTESIAN_POINT('',(-5.575875306915E0,-2.140222682745E1,
6.642567685961E1));
#5703=CARTESIAN_POINT('',(-5.407679332872E0,-2.140222665453E1,
6.655664231081E1));
#5704=CARTESIAN_POINT('',(-5.219879682705E0,-2.140222736217E1,
6.665738394955E1));
#5705=CARTESIAN_POINT('',(-5.051348104739E0,-2.140222581755E1,
6.671378784202E1));
#5706=CARTESIAN_POINT('',(-4.947282395448E0,-2.140222772254E1,
6.673445402758E1));
#5707=CARTESIAN_POINT('',(-4.912409068773E0,-2.140223435268E1,
6.673983501412E1));
#5708=(BOUNDED_SURFACE()B_SPLINE_SURFACE(3,3,((#5624,#5625,#5626,#5627,#5628,
#5629,#5630,#5631,#5632,#5633,#5634,#5635,#5636,#5637,#5638,#5639,#5640,#5641,
#5642,#5643,#5644),(#5645,#5646,#5647,#5648,#5649,#5650,#5651,#5652,#5653,#5654,
#5655,#5656,#5657,#5658,#5659,#5660,#5661,#5662,#5663,#5664,#5665),(#5666,#5667,
#5668,#5669,#5670,#5671,#5672,#5673,#5674,#5675,#5676,#5677,#5678,#5679,#5680,
#5681,#5682,#5683,#5684,#5685,#5686),(#5687,#5688,#5689,#5690,#5691,#5692,#5693,
#5694,#5695,#5696,#5697,#5698,#5699,#5700,#5701,#5702,#5703,#5704,#5705,#5706,
#5707)),.UNSPECIFIED.,.F.,.F.,.F.)B_SPLINE_SURFACE_WITH_KNOTS((4,4),(4,1,1,1,1,
1,1,1,1,1,1,1,1,1,1,1,1,1,4),(0.E0,1.E0),(1.769759380885E-1,1.895330810768E-1,
2.400767509319E-1,2.907537469297E-1,3.414048866692E-1,3.920806933113E-1,
4.427256620167E-1,4.933886835555E-1,5.440630720476E-1,5.947036593809E-1,
6.453745578680E-1,6.960450557940E-1,7.466858595763E-1,7.973613316682E-1,
8.480250181175E-1,8.986718580108E-1,9.493479426396E-1,1.E0,1.025315272345E0),
.UNSPECIFIED.)GEOMETRIC_REPRESENTATION_ITEM()RATIONAL_B_SPLINE_SURFACE(((
1.169413769884E0,1.169413769884E0,1.169413769884E0,1.169413769884E0,
1.169413769884E0,1.169413769884E0,1.169413769884E0,1.169413769884E0,
1.169413769884E0,1.169413769884E0,1.169413769884E0,1.169413769884E0,
1.169413769884E0,1.169413769884E0,1.169413769884E0,1.169413769884E0,
1.169413769884E0,1.169413769884E0,1.169413769884E0,1.169413769884E0,
1.169413769884E0),(9.435287433718E-1,9.435287433718E-1,9.435287433718E-1,
9.435287433718E-1,9.435287433718E-1,9.435287433718E-1,9.435287433718E-1,
9.435287433718E-1,9.435287433718E-1,9.435287433718E-1,9.435287433718E-1,
9.435287433718E-1,9.435287433718E-1,9.435287433718E-1,9.435287433718E-1,
9.435287433718E-1,9.435287433718E-1,9.435287433718E-1,9.435287433718E-1,
9.435287433718E-1,9.435287433718E-1),(9.435287433718E-1,9.435287433718E-1,
9.435287433718E-1,9.435287433718E-1,9.435287433718E-1,9.435287433718E-1,
9.435287433718E-1,9.435287433718E-1,9.435287433718E-1,9.435287433718E-1,
9.435287433718E-1,9.435287433718E-1,9.435287433718E-1,9.435287433718E-1,
9.435287433718E-1,9.435287433718E-1,9.435287433718E-1,9.435287433718E-1,
9.435287433718E-1,9.435287433718E-1,9.435287433718E-1),(1.169413769884E0,
1.169413769884E0,1.169413769884E0,1.169413769884E0,1.169413769884E0,
1.169413769884E0,1.169413769884E0,1.169413769884E0,1.169413769884E0,
1.169413769884E0,1.169413769884E0,1.169413769884E0,1.169413769884E0,
1.169413769884E0,1.169413769884E0,1.169413769884E0,1.169413769884E0,
1.169413769884E0,1.169413769884E0,1.169413769884E0,1.169413769884E0)))REPRESENTATION_ITEM('')SURFACE());
#5710=ORIENTED_EDGE('',*,*,#5709,.T.);
#5711=ORIENTED_EDGE('',*,*,#5600,.T.);
#5713=ORIENTED_EDGE('',*,*,#5712,.T.);
#5714=ORIENTED_EDGE('',*,*,#5619,.T.);
#5715=EDGE_LOOP('',(#5710,#5711,#5713,#5714));
#5716=FACE_OUTER_BOUND('',#5715,.F.);
#5717=ADVANCED_FACE('',(#5716),#5708,.F.);
#5718=CARTESIAN_POINT('',(-4.72E0,-2.3E1,6.55E1));
#5719=DIRECTION('',(0.E0,1.E0,0.E0));
#5720=DIRECTION('',(0.E0,0.E0,1.E0));
#5721=AXIS2_PLACEMENT_3D('',#5718,#5719,#5720);
#5722=CYLINDRICAL_SURFACE('',#5721,1.25E0);
#5723=ORIENTED_EDGE('',*,*,#5617,.T.);
#5725=ORIENTED_EDGE('',*,*,#5724,.F.);
#5726=ORIENTED_EDGE('',*,*,#5602,.F.);
#5727=ORIENTED_EDGE('',*,*,#5709,.F.);
#5728=EDGE_LOOP('',(#5723,#5725,#5726,#5727));
#5729=FACE_OUTER_BOUND('',#5728,.F.);
#5730=ADVANCED_FACE('',(#5729),#5722,.T.);
#5731=CARTESIAN_POINT('',(-4.72E0,-1.939163281203E1,6.55E1));
#5732=DIRECTION('',(0.E0,1.E0,0.E0));
#5733=DIRECTION('',(1.E0,0.E0,0.E0));
#5734=AXIS2_PLACEMENT_3D('',#5731,#5732,#5733);
#5735=CONICAL_SURFACE('',#5734,1.425E0,4.691211339862E1);
#5736=ORIENTED_EDGE('',*,*,#5724,.T.);
#5737=ORIENTED_EDGE('',*,*,#5615,.F.);
#5739=ORIENTED_EDGE('',*,*,#5738,.T.);
#5740=ORIENTED_EDGE('',*,*,#5604,.F.);
#5741=EDGE_LOOP('',(#5736,#5737,#5739,#5740));
#5742=FACE_OUTER_BOUND('',#5741,.F.);
#5743=ADVANCED_FACE('',(#5742),#5735,.T.);
#5744=CARTESIAN_POINT('',(-4.72E0,-1.939163281203E1,6.55E1));
#5745=DIRECTION('',(0.E0,1.E0,0.E0));
#5746=DIRECTION('',(1.E0,0.E0,0.E0));
#5747=AXIS2_PLACEMENT_3D('',#5744,#5745,#5746);
#5748=CONICAL_SURFACE('',#5747,1.425E0,4.691211339862E1);
#5750=ORIENTED_EDGE('',*,*,#5749,.T.);
#5752=ORIENTED_EDGE('',*,*,#5751,.F.);
#5754=ORIENTED_EDGE('',*,*,#5753,.T.);
#5756=ORIENTED_EDGE('',*,*,#5755,.F.);
#5757=EDGE_LOOP('',(#5750,#5752,#5754,#5756));
#5758=FACE_OUTER_BOUND('',#5757,.F.);
#5759=ADVANCED_FACE('',(#5758),#5748,.T.);
#5760=CARTESIAN_POINT('',(-4.72E0,0.E0,6.55E1));
#5761=DIRECTION('',(0.E0,1.E0,0.E0));
#5762=DIRECTION('',(1.E0,0.E0,0.E0));
#5763=AXIS2_PLACEMENT_3D('',#5760,#5761,#5762);
#5764=CYLINDRICAL_SURFACE('',#5763,1.6E0);
#5765=ORIENTED_EDGE('',*,*,#5738,.F.);
#5766=ORIENTED_EDGE('',*,*,#5613,.T.);
#5768=ORIENTED_EDGE('',*,*,#5767,.T.);
#5769=ORIENTED_EDGE('',*,*,#5606,.F.);
#5770=EDGE_LOOP('',(#5765,#5766,#5768,#5769));
#5771=FACE_OUTER_BOUND('',#5770,.F.);
#5772=ADVANCED_FACE('',(#5771),#5764,.T.);
#5773=CARTESIAN_POINT('',(-4.72E0,0.E0,6.55E1));
#5774=DIRECTION('',(0.E0,1.E0,0.E0));
#5775=DIRECTION('',(1.E0,0.E0,0.E0));
#5776=AXIS2_PLACEMENT_3D('',#5773,#5774,#5775);
#5777=CYLINDRICAL_SURFACE('',#5776,1.6E0);
#5779=ORIENTED_EDGE('',*,*,#5778,.T.);
#5781=ORIENTED_EDGE('',*,*,#5780,.F.);
#5782=ORIENTED_EDGE('',*,*,#5749,.F.);
#5784=ORIENTED_EDGE('',*,*,#5783,.T.);
#5785=EDGE_LOOP('',(#5779,#5781,#5782,#5784));
#5786=FACE_OUTER_BOUND('',#5785,.F.);
#5787=ADVANCED_FACE('',(#5786),#5777,.T.);
#5788=CARTESIAN_POINT('',(-4.72E0,-1.766369272002E1,6.55E1));
#5789=DIRECTION('',(0.E0,-1.E0,0.E0));
#5790=DIRECTION('',(-1.E0,0.E0,0.E0));
#5791=AXIS2_PLACEMENT_3D('',#5788,#5789,#5790);
#5792=CONICAL_SURFACE('',#5791,1.425E0,4.691211339862E1);
#5793=ORIENTED_EDGE('',*,*,#5767,.F.);
#5794=ORIENTED_EDGE('',*,*,#5611,.T.);
#5795=ORIENTED_EDGE('',*,*,#5577,.T.);
#5796=ORIENTED_EDGE('',*,*,#5608,.T.);
#5797=EDGE_LOOP('',(#5793,#5794,#5795,#5796));
#5798=FACE_OUTER_BOUND('',#5797,.F.);
#5799=ADVANCED_FACE('',(#5798),#5792,.T.);
#5800=CARTESIAN_POINT('',(-4.72E0,-1.766369272002E1,6.55E1));
#5801=DIRECTION('',(0.E0,-1.E0,0.E0));
#5802=DIRECTION('',(-1.E0,0.E0,0.E0));
#5803=AXIS2_PLACEMENT_3D('',#5800,#5801,#5802);
#5804=CONICAL_SURFACE('',#5803,1.425E0,4.691211339862E1);
#5805=ORIENTED_EDGE('',*,*,#5589,.T.);
#5807=ORIENTED_EDGE('',*,*,#5806,.T.);
#5808=ORIENTED_EDGE('',*,*,#5778,.F.);
#5810=ORIENTED_EDGE('',*,*,#5809,.T.);
#5811=EDGE_LOOP('',(#5805,#5807,#5808,#5810));
#5812=FACE_OUTER_BOUND('',#5811,.F.);
#5813=ADVANCED_FACE('',(#5812),#5804,.T.);
#5814=CARTESIAN_POINT('',(-4.22E0,-1.75E1,6.794948974278E1));
#5815=DIRECTION('',(1.E0,0.E0,0.E0));
#5816=DIRECTION('',(0.E0,0.E0,-1.E0));
#5817=AXIS2_PLACEMENT_3D('',#5814,#5815,#5816);
#5818=PLANE('',#5817);
#5819=ORIENTED_EDGE('',*,*,#5297,.T.);
#5821=ORIENTED_EDGE('',*,*,#5820,.F.);
#5823=ORIENTED_EDGE('',*,*,#5822,.F.);
#5825=ORIENTED_EDGE('',*,*,#5824,.T.);
#5826=ORIENTED_EDGE('',*,*,#5751,.T.);
#5827=ORIENTED_EDGE('',*,*,#5780,.T.);
#5828=ORIENTED_EDGE('',*,*,#5806,.F.);
#5829=ORIENTED_EDGE('',*,*,#5587,.T.);
#5830=ORIENTED_EDGE('',*,*,#5809,.F.);
#5831=ORIENTED_EDGE('',*,*,#5783,.F.);
#5832=ORIENTED_EDGE('',*,*,#5755,.T.);
#5834=ORIENTED_EDGE('',*,*,#5833,.F.);
#5836=ORIENTED_EDGE('',*,*,#5835,.F.);
#5838=ORIENTED_EDGE('',*,*,#5837,.F.);
#5839=EDGE_LOOP('',(#5819,#5821,#5823,#5825,#5826,#5827,#5828,#5829,#5830,#5831,
#5832,#5834,#5836,#5838));
#5840=FACE_OUTER_BOUND('',#5839,.F.);
#5841=ADVANCED_FACE('',(#5840),#5818,.F.);
#5842=CARTESIAN_POINT('',(-2.E0,-3.8E1,6.3E1));
#5843=DIRECTION('',(0.E0,0.E0,-1.E0));
#5844=DIRECTION('',(-1.E0,0.E0,0.E0));
#5845=AXIS2_PLACEMENT_3D('',#5842,#5843,#5844);
#5846=PLANE('',#5845);
#5847=ORIENTED_EDGE('',*,*,#5313,.T.);
#5849=ORIENTED_EDGE('',*,*,#5848,.F.);
#5850=ORIENTED_EDGE('',*,*,#5820,.T.);
#5851=ORIENTED_EDGE('',*,*,#5295,.T.);
#5853=ORIENTED_EDGE('',*,*,#5852,.F.);
#5854=ORIENTED_EDGE('',*,*,#4324,.F.);
#5856=ORIENTED_EDGE('',*,*,#5855,.T.);
#5857=EDGE_LOOP('',(#5847,#5849,#5850,#5851,#5853,#5854,#5856));
#5858=FACE_OUTER_BOUND('',#5857,.F.);
#5859=ADVANCED_FACE('',(#5858),#5846,.T.);
#5860=CARTESIAN_POINT('',(-4.72E0,-2.15E1,6.55E1));
#5861=DIRECTION('',(0.E0,1.E0,0.E0));
#5862=DIRECTION('',(-9.999988959614E-1,0.E0,1.485959642857E-3));
#5863=AXIS2_PLACEMENT_3D('',#5860,#5861,#5862);
#5864=TOROIDAL_SURFACE('',#5863,2.75E0,1.5E0);
#5866=ORIENTED_EDGE('',*,*,#5865,.T.);
#5867=ORIENTED_EDGE('',*,*,#5822,.T.);
#5868=ORIENTED_EDGE('',*,*,#5848,.T.);
#5869=ORIENTED_EDGE('',*,*,#5311,.F.);
#5871=ORIENTED_EDGE('',*,*,#5870,.T.);
#5872=ORIENTED_EDGE('',*,*,#5325,.F.);
#5874=ORIENTED_EDGE('',*,*,#5873,.T.);
#5875=ORIENTED_EDGE('',*,*,#5835,.T.);
#5876=EDGE_LOOP('',(#5866,#5867,#5868,#5869,#5871,#5872,#5874,#5875));
#5877=FACE_OUTER_BOUND('',#5876,.F.);
#5878=ADVANCED_FACE('',(#5877),#5864,.F.);
#5879=CARTESIAN_POINT('',(-4.72E0,-2.3E1,6.55E1));
#5880=DIRECTION('',(0.E0,1.E0,0.E0));
#5881=DIRECTION('',(0.E0,0.E0,1.E0));
#5882=AXIS2_PLACEMENT_3D('',#5879,#5880,#5881);
#5883=CYLINDRICAL_SURFACE('',#5882,1.25E0);
#5884=ORIENTED_EDGE('',*,*,#5865,.F.);
#5885=ORIENTED_EDGE('',*,*,#5833,.T.);
#5886=ORIENTED_EDGE('',*,*,#5753,.F.);
#5887=ORIENTED_EDGE('',*,*,#5824,.F.);
#5888=EDGE_LOOP('',(#5884,#5885,#5886,#5887));
#5889=FACE_OUTER_BOUND('',#5888,.F.);
#5890=ADVANCED_FACE('',(#5889),#5883,.T.);
#5891=CARTESIAN_POINT('',(-2.E0,0.E0,9.E1));
#5892=DIRECTION('',(1.E0,0.E0,0.E0));
#5893=DIRECTION('',(0.E0,0.E0,-1.E0));
#5894=AXIS2_PLACEMENT_3D('',#5891,#5892,#5893);
#5895=PLANE('',#5894);
#5897=ORIENTED_EDGE('',*,*,#5896,.T.);
#5899=ORIENTED_EDGE('',*,*,#5898,.F.);
#5901=ORIENTED_EDGE('',*,*,#5900,.F.);
#5903=ORIENTED_EDGE('',*,*,#5902,.T.);
#5904=EDGE_LOOP('',(#5897,#5899,#5901,#5903));
#5905=FACE_OUTER_BOUND('',#5904,.F.);
#5906=ADVANCED_FACE('',(#5905),#5895,.F.);
#5907=CARTESIAN_POINT('',(-2.E0,0.E0,9.E1));
#5908=DIRECTION('',(1.E0,0.E0,0.E0));
#5909=DIRECTION('',(0.E0,0.E0,-1.E0));
#5910=AXIS2_PLACEMENT_3D('',#5907,#5908,#5909);
#5911=PLANE('',#5910);
#5913=ORIENTED_EDGE('',*,*,#5912,.T.);
#5914=ORIENTED_EDGE('',*,*,#4330,.T.);
#5916=ORIENTED_EDGE('',*,*,#5915,.T.);
#5917=ORIENTED_EDGE('',*,*,#5327,.F.);
#5918=ORIENTED_EDGE('',*,*,#5870,.F.);
#5919=ORIENTED_EDGE('',*,*,#5315,.F.);
#5920=ORIENTED_EDGE('',*,*,#5855,.F.);
#5921=ORIENTED_EDGE('',*,*,#4352,.T.);
#5923=ORIENTED_EDGE('',*,*,#5922,.F.);
#5925=ORIENTED_EDGE('',*,*,#5924,.F.);
#5926=EDGE_LOOP('',(#5913,#5914,#5916,#5917,#5918,#5919,#5920,#5921,#5923,
#5925));
#5927=FACE_OUTER_BOUND('',#5926,.F.);
#5929=ORIENTED_EDGE('',*,*,#5928,.F.);
#5931=ORIENTED_EDGE('',*,*,#5930,.T.);
#5933=ORIENTED_EDGE('',*,*,#5932,.T.);
#5935=ORIENTED_EDGE('',*,*,#5934,.F.);
#5936=EDGE_LOOP('',(#5929,#5931,#5933,#5935));
#5937=FACE_BOUND('',#5936,.F.);
#5939=ORIENTED_EDGE('',*,*,#5938,.F.);
#5941=ORIENTED_EDGE('',*,*,#5940,.T.);
#5943=ORIENTED_EDGE('',*,*,#5942,.T.);
#5945=ORIENTED_EDGE('',*,*,#5944,.F.);
#5946=EDGE_LOOP('',(#5939,#5941,#5943,#5945));
#5947=FACE_BOUND('',#5946,.F.);
#5948=ADVANCED_FACE('',(#5927,#5937,#5947),#5911,.F.);
#5949=CARTESIAN_POINT('',(0.E0,0.E0,1.2E1));
#5950=DIRECTION('',(0.E0,0.E0,1.E0));
#5951=DIRECTION('',(1.E0,0.E0,0.E0));
#5952=AXIS2_PLACEMENT_3D('',#5949,#5950,#5951);
#5953=PLANE('',#5952);
#5954=ORIENTED_EDGE('',*,*,#5928,.T.);
#5956=ORIENTED_EDGE('',*,*,#5955,.T.);
#5958=ORIENTED_EDGE('',*,*,#5957,.T.);
#5960=ORIENTED_EDGE('',*,*,#5959,.T.);
#5961=EDGE_LOOP('',(#5954,#5956,#5958,#5960));
#5962=FACE_OUTER_BOUND('',#5961,.F.);
#5963=ADVANCED_FACE('',(#5962),#5953,.F.);
#5964=CARTESIAN_POINT('',(0.E0,0.E0,1.2E1));
#5965=DIRECTION('',(0.E0,0.E0,1.E0));
#5966=DIRECTION('',(1.E0,0.E0,0.E0));
#5967=AXIS2_PLACEMENT_3D('',#5964,#5965,#5966);
#5968=PLANE('',#5967);
#5969=ORIENTED_EDGE('',*,*,#5938,.T.);
#5971=ORIENTED_EDGE('',*,*,#5970,.T.);
#5973=ORIENTED_EDGE('',*,*,#5972,.T.);
#5975=ORIENTED_EDGE('',*,*,#5974,.T.);
#5977=ORIENTED_EDGE('',*,*,#5976,.T.);
#5979=ORIENTED_EDGE('',*,*,#5978,.T.);
#5980=EDGE_LOOP('',(#5969,#5971,#5973,#5975,#5977,#5979));
#5981=FACE_OUTER_BOUND('',#5980,.F.);
#5982=ADVANCED_FACE('',(#5981),#5968,.F.);
#5983=CARTESIAN_POINT('',(-2.E0,-2.1E1,1.2E1));
#5984=DIRECTION('',(0.E0,1.E0,0.E0));
#5985=DIRECTION('',(-1.E0,0.E0,0.E0));
#5986=AXIS2_PLACEMENT_3D('',#5983,#5984,#5985);
#5987=PLANE('',#5986);
#5988=ORIENTED_EDGE('',*,*,#5934,.T.);
#5990=ORIENTED_EDGE('',*,*,#5989,.T.);
#5992=ORIENTED_EDGE('',*,*,#5991,.F.);
#5993=ORIENTED_EDGE('',*,*,#5955,.F.);
#5994=EDGE_LOOP('',(#5988,#5990,#5992,#5993));
#5995=FACE_OUTER_BOUND('',#5994,.F.);
#5996=ADVANCED_FACE('',(#5995),#5987,.T.);
#5997=CARTESIAN_POINT('',(0.E0,0.E0,4.7E1));
#5998=DIRECTION('',(0.E0,0.E0,1.E0));
#5999=DIRECTION('',(1.E0,0.E0,0.E0));
#6000=AXIS2_PLACEMENT_3D('',#5997,#5998,#5999);
#6001=PLANE('',#6000);
#6002=ORIENTED_EDGE('',*,*,#5932,.F.);
#6004=ORIENTED_EDGE('',*,*,#6003,.F.);
#6006=ORIENTED_EDGE('',*,*,#6005,.F.);
#6007=ORIENTED_EDGE('',*,*,#5989,.F.);
#6008=EDGE_LOOP('',(#6002,#6004,#6006,#6007));
#6009=FACE_OUTER_BOUND('',#6008,.F.);
#6010=ADVANCED_FACE('',(#6009),#6001,.T.);
#6011=CARTESIAN_POINT('',(0.E0,0.E0,4.7E1));
#6012=DIRECTION('',(0.E0,0.E0,1.E0));
#6013=DIRECTION('',(1.E0,0.E0,0.E0));
#6014=AXIS2_PLACEMENT_3D('',#6011,#6012,#6013);
#6015=PLANE('',#6014);
#6016=ORIENTED_EDGE('',*,*,#5942,.F.);
#6018=ORIENTED_EDGE('',*,*,#6017,.F.);
#6020=ORIENTED_EDGE('',*,*,#6019,.F.);
#6022=ORIENTED_EDGE('',*,*,#6021,.F.);
#6024=ORIENTED_EDGE('',*,*,#6023,.F.);
#6026=ORIENTED_EDGE('',*,*,#6025,.F.);
#6027=EDGE_LOOP('',(#6016,#6018,#6020,#6022,#6024,#6026));
#6028=FACE_OUTER_BOUND('',#6027,.F.);
#6029=ADVANCED_FACE('',(#6028),#6015,.T.);
#6030=CARTESIAN_POINT('',(-1.7E1,-3.348331477355E1,1.2E1));
#6031=DIRECTION('',(0.E0,0.E0,1.E0));
#6032=DIRECTION('',(1.E0,0.E0,0.E0));
#6033=AXIS2_PLACEMENT_3D('',#6030,#6031,#6032);
#6034=CYLINDRICAL_SURFACE('',#6033,1.5E1);
#6035=ORIENTED_EDGE('',*,*,#5930,.F.);
#6036=ORIENTED_EDGE('',*,*,#5959,.F.);
#6038=ORIENTED_EDGE('',*,*,#6037,.T.);
#6039=ORIENTED_EDGE('',*,*,#6003,.T.);
#6040=EDGE_LOOP('',(#6035,#6036,#6038,#6039));
#6041=FACE_OUTER_BOUND('',#6040,.F.);
#6042=ADVANCED_FACE('',(#6041),#6034,.F.);
#6043=CARTESIAN_POINT('',(-4.E0,-2.1E1,1.2E1));
#6044=DIRECTION('',(-1.E0,0.E0,0.E0));
#6045=DIRECTION('',(0.E0,-1.E0,0.E0));
#6046=AXIS2_PLACEMENT_3D('',#6043,#6044,#6045);
#6047=PLANE('',#6046);
#6048=ORIENTED_EDGE('',*,*,#5957,.F.);
#6049=ORIENTED_EDGE('',*,*,#5991,.T.);
#6050=ORIENTED_EDGE('',*,*,#6005,.T.);
#6051=ORIENTED_EDGE('',*,*,#6037,.F.);
#6052=EDGE_LOOP('',(#6048,#6049,#6050,#6051));
#6053=FACE_OUTER_BOUND('',#6052,.F.);
#6054=ADVANCED_FACE('',(#6053),#6047,.T.);
#6055=CARTESIAN_POINT('',(-4.E0,-2.032287565553E1,1.2E1));
#6056=DIRECTION('',(0.E0,0.E0,1.E0));
#6057=DIRECTION('',(1.E0,0.E0,0.E0));
#6058=AXIS2_PLACEMENT_3D('',#6055,#6056,#6057);
#6059=CYLINDRICAL_SURFACE('',#6058,2.E0);
#6060=ORIENTED_EDGE('',*,*,#5940,.F.);
#6061=ORIENTED_EDGE('',*,*,#5978,.F.);
#6063=ORIENTED_EDGE('',*,*,#6062,.T.);
#6064=ORIENTED_EDGE('',*,*,#6017,.T.);
#6065=EDGE_LOOP('',(#6060,#6061,#6063,#6064));
#6066=FACE_OUTER_BOUND('',#6065,.F.);
#6067=ADVANCED_FACE('',(#6066),#6059,.F.);
#6068=CARTESIAN_POINT('',(-3.560660171780E0,-1.793378835901E1,1.2E1));
#6069=DIRECTION('',(-7.071067811865E-1,-7.071067811865E-1,0.E0));
#6070=DIRECTION('',(7.071067811865E-1,-7.071067811865E-1,0.E0));
#6071=AXIS2_PLACEMENT_3D('',#6068,#6069,#6070);
#6072=PLANE('',#6071);
#6073=ORIENTED_EDGE('',*,*,#5976,.F.);
#6075=ORIENTED_EDGE('',*,*,#6074,.T.);
#6076=ORIENTED_EDGE('',*,*,#6019,.T.);
#6077=ORIENTED_EDGE('',*,*,#6062,.F.);
#6078=EDGE_LOOP('',(#6073,#6075,#6076,#6077));
#6079=FACE_OUTER_BOUND('',#6078,.F.);
#6080=ADVANCED_FACE('',(#6079),#6072,.T.);
#6081=CARTESIAN_POINT('',(-2.5E0,-1.687312818723E1,1.2E1));
#6082=DIRECTION('',(0.E0,0.E0,1.E0));
#6083=DIRECTION('',(1.E0,0.E0,0.E0));
#6084=AXIS2_PLACEMENT_3D('',#6081,#6082,#6083);
#6085=CYLINDRICAL_SURFACE('',#6084,1.5E0);
#6086=ORIENTED_EDGE('',*,*,#5974,.F.);
#6088=ORIENTED_EDGE('',*,*,#6087,.T.);
#6089=ORIENTED_EDGE('',*,*,#6021,.T.);
#6090=ORIENTED_EDGE('',*,*,#6074,.F.);
#6091=EDGE_LOOP('',(#6086,#6088,#6089,#6090));
#6092=FACE_OUTER_BOUND('',#6091,.F.);
#6093=ADVANCED_FACE('',(#6092),#6085,.T.);
#6094=CARTESIAN_POINT('',(-4.E0,-1.4E1,1.2E1));
#6095=DIRECTION('',(-1.E0,0.E0,0.E0));
#6096=DIRECTION('',(0.E0,-1.E0,0.E0));
#6097=AXIS2_PLACEMENT_3D('',#6094,#6095,#6096);
#6098=PLANE('',#6097);
#6099=ORIENTED_EDGE('',*,*,#5972,.F.);
#6101=ORIENTED_EDGE('',*,*,#6100,.T.);
#6102=ORIENTED_EDGE('',*,*,#6023,.T.);
#6103=ORIENTED_EDGE('',*,*,#6087,.F.);
#6104=EDGE_LOOP('',(#6099,#6101,#6102,#6103));
#6105=FACE_OUTER_BOUND('',#6104,.F.);
#6106=ADVANCED_FACE('',(#6105),#6098,.T.);
#6107=CARTESIAN_POINT('',(-2.E0,-1.4E1,1.2E1));
#6108=DIRECTION('',(0.E0,1.E0,0.E0));
#6109=DIRECTION('',(-1.E0,0.E0,0.E0));
#6110=AXIS2_PLACEMENT_3D('',#6107,#6108,#6109);
#6111=PLANE('',#6110);
#6112=ORIENTED_EDGE('',*,*,#5944,.T.);
#6113=ORIENTED_EDGE('',*,*,#6025,.T.);
#6114=ORIENTED_EDGE('',*,*,#6100,.F.);
#6115=ORIENTED_EDGE('',*,*,#5970,.F.);
#6116=EDGE_LOOP('',(#6112,#6113,#6114,#6115));
#6117=FACE_OUTER_BOUND('',#6116,.F.);
#6118=ADVANCED_FACE('',(#6117),#6111,.T.);
#6119=CARTESIAN_POINT('',(-8.1E1,-7.1E0,2.E0));
#6120=DIRECTION('',(0.E0,1.E0,0.E0));
#6121=DIRECTION('',(0.E0,0.E0,1.E0));
#6122=AXIS2_PLACEMENT_3D('',#6119,#6120,#6121);
#6123=PLANE('',#6122);
#6125=ORIENTED_EDGE('',*,*,#6124,.T.);
#6127=ORIENTED_EDGE('',*,*,#6126,.F.);
#6129=ORIENTED_EDGE('',*,*,#6128,.F.);
#6131=ORIENTED_EDGE('',*,*,#6130,.F.);
#6133=ORIENTED_EDGE('',*,*,#6132,.F.);
#6135=ORIENTED_EDGE('',*,*,#6134,.F.);
#6137=ORIENTED_EDGE('',*,*,#6136,.F.);
#6139=ORIENTED_EDGE('',*,*,#6138,.F.);
#6141=ORIENTED_EDGE('',*,*,#6140,.T.);
#6142=ORIENTED_EDGE('',*,*,#5896,.F.);
#6144=ORIENTED_EDGE('',*,*,#6143,.T.);
#6145=ORIENTED_EDGE('',*,*,#3675,.F.);
#6146=EDGE_LOOP('',(#6125,#6127,#6129,#6131,#6133,#6135,#6137,#6139,#6141,#6142,
#6144,#6145));
#6147=FACE_OUTER_BOUND('',#6146,.F.);
#6148=ADVANCED_FACE('',(#6147),#6123,.T.);
#6149=CARTESIAN_POINT('',(-7.249307727057E1,-7.1E0,8.534733057534E1));
#6150=DIRECTION('',(1.736481776669E-1,-9.848077530122E-1,0.E0));
#6151=DIRECTION('',(-9.848077530122E-1,-1.736481776669E-1,0.E0));
#6152=AXIS2_PLACEMENT_3D('',#6149,#6150,#6151);
#6153=PLANE('',#6152);
#6155=ORIENTED_EDGE('',*,*,#6154,.T.);
#6157=ORIENTED_EDGE('',*,*,#6156,.F.);
#6158=ORIENTED_EDGE('',*,*,#6124,.F.);
#6159=ORIENTED_EDGE('',*,*,#3673,.T.);
#6160=EDGE_LOOP('',(#6155,#6157,#6158,#6159));
#6161=FACE_OUTER_BOUND('',#6160,.F.);
#6162=ADVANCED_FACE('',(#6161),#6153,.F.);
#6163=CARTESIAN_POINT('',(-8.1E1,-8.6E0,8.8E1));
#6164=DIRECTION('',(0.E0,1.E0,0.E0));
#6165=DIRECTION('',(0.E0,0.E0,1.E0));
#6166=AXIS2_PLACEMENT_3D('',#6163,#6164,#6165);
#6167=PLANE('',#6166);
#6168=ORIENTED_EDGE('',*,*,#3590,.T.);
#6170=ORIENTED_EDGE('',*,*,#6169,.F.);
#6171=ORIENTED_EDGE('',*,*,#6154,.F.);
#6172=EDGE_LOOP('',(#6168,#6170,#6171));
#6173=FACE_OUTER_BOUND('',#6172,.F.);
#6174=ADVANCED_FACE('',(#6173),#6167,.T.);
#6175=CARTESIAN_POINT('',(-8.1E1,0.E0,8.8E1));
#6176=DIRECTION('',(0.E0,1.E0,0.E0));
#6177=DIRECTION('',(0.E0,0.E0,1.E0));
#6178=AXIS2_PLACEMENT_3D('',#6175,#6176,#6177);
#6179=CYLINDRICAL_SURFACE('',#6178,2.652669424660E0);
#6180=ORIENTED_EDGE('',*,*,#3588,.T.);
#6181=ORIENTED_EDGE('',*,*,#3616,.F.);
#6183=ORIENTED_EDGE('',*,*,#6182,.T.);
#6184=ORIENTED_EDGE('',*,*,#6169,.T.);
#6185=EDGE_LOOP('',(#6180,#6181,#6183,#6184));
#6186=FACE_OUTER_BOUND('',#6185,.F.);
#6187=ADVANCED_FACE('',(#6186),#6179,.T.);
#6188=CARTESIAN_POINT('',(-9.E0,-7.1E0,8.534733057534E1));
#6189=DIRECTION('',(0.E0,0.E0,-1.E0));
#6190=DIRECTION('',(0.E0,-1.E0,0.E0));
#6191=AXIS2_PLACEMENT_3D('',#6188,#6189,#6190);
#6192=PLANE('',#6191);
#6193=ORIENTED_EDGE('',*,*,#6182,.F.);
#6194=ORIENTED_EDGE('',*,*,#3631,.F.);
#6196=ORIENTED_EDGE('',*,*,#6195,.F.);
#6197=ORIENTED_EDGE('',*,*,#6126,.T.);
#6198=ORIENTED_EDGE('',*,*,#6156,.T.);
#6199=EDGE_LOOP('',(#6193,#6194,#6196,#6197,#6198));
#6200=FACE_OUTER_BOUND('',#6199,.F.);
#6201=ADVANCED_FACE('',(#6200),#6192,.T.);
#6202=CARTESIAN_POINT('',(-9.E0,-4.652669424660E0,8.1E1));
#6203=DIRECTION('',(0.E0,-1.E0,0.E0));
#6204=DIRECTION('',(-1.E0,0.E0,0.E0));
#6205=AXIS2_PLACEMENT_3D('',#6202,#6203,#6204);
#6206=CYLINDRICAL_SURFACE('',#6205,4.347330575340E0);
#6208=ORIENTED_EDGE('',*,*,#6207,.F.);
#6209=ORIENTED_EDGE('',*,*,#6128,.T.);
#6210=ORIENTED_EDGE('',*,*,#6195,.T.);
#6212=ORIENTED_EDGE('',*,*,#6211,.F.);
#6213=EDGE_LOOP('',(#6208,#6209,#6210,#6212));
#6214=FACE_OUTER_BOUND('',#6213,.F.);
#6215=ADVANCED_FACE('',(#6214),#6206,.F.);
#6216=CARTESIAN_POINT('',(-4.652669424660E0,-7.1E0,9.E0));
#6217=DIRECTION('',(-1.E0,0.E0,0.E0));
#6218=DIRECTION('',(0.E0,-1.E0,0.E0));
#6219=AXIS2_PLACEMENT_3D('',#6216,#6217,#6218);
#6220=PLANE('',#6219);
#6222=ORIENTED_EDGE('',*,*,#6221,.F.);
#6223=ORIENTED_EDGE('',*,*,#6130,.T.);
#6224=ORIENTED_EDGE('',*,*,#6207,.T.);
#6226=ORIENTED_EDGE('',*,*,#6225,.F.);
#6227=EDGE_LOOP('',(#6222,#6223,#6224,#6226));
#6228=FACE_OUTER_BOUND('',#6227,.F.);
#6229=ADVANCED_FACE('',(#6228),#6220,.T.);
#6230=CARTESIAN_POINT('',(-9.E0,-4.652669424660E0,9.E0));
#6231=DIRECTION('',(0.E0,-1.E0,0.E0));
#6232=DIRECTION('',(0.E0,0.E0,1.E0));
#6233=AXIS2_PLACEMENT_3D('',#6230,#6231,#6232);
#6234=CYLINDRICAL_SURFACE('',#6233,4.347330575340E0);
#6236=ORIENTED_EDGE('',*,*,#6235,.F.);
#6237=ORIENTED_EDGE('',*,*,#6132,.T.);
#6238=ORIENTED_EDGE('',*,*,#6221,.T.);
#6240=ORIENTED_EDGE('',*,*,#6239,.F.);
#6241=EDGE_LOOP('',(#6236,#6237,#6238,#6240));
#6242=FACE_OUTER_BOUND('',#6241,.F.);
#6243=ADVANCED_FACE('',(#6242),#6234,.F.);
#6244=CARTESIAN_POINT('',(-8.1E1,-7.1E0,4.652669424660E0));
#6245=DIRECTION('',(0.E0,0.E0,1.E0));
#6246=DIRECTION('',(0.E0,-1.E0,0.E0));
#6247=AXIS2_PLACEMENT_3D('',#6244,#6245,#6246);
#6248=PLANE('',#6247);
#6250=ORIENTED_EDGE('',*,*,#6249,.T.);
#6252=ORIENTED_EDGE('',*,*,#6251,.T.);
#6253=ORIENTED_EDGE('',*,*,#6134,.T.);
#6254=ORIENTED_EDGE('',*,*,#6235,.T.);
#6256=ORIENTED_EDGE('',*,*,#6255,.F.);
#6257=EDGE_LOOP('',(#6250,#6252,#6253,#6254,#6256));
#6258=FACE_OUTER_BOUND('',#6257,.F.);
#6259=ADVANCED_FACE('',(#6258),#6248,.T.);
#6260=CARTESIAN_POINT('',(-8.1E1,0.E0,2.E0));
#6261=DIRECTION('',(0.E0,1.E0,0.E0));
#6262=DIRECTION('',(0.E0,0.E0,1.E0));
#6263=AXIS2_PLACEMENT_3D('',#6260,#6261,#6262);
#6264=CYLINDRICAL_SURFACE('',#6263,2.652669424660E0);
#6266=ORIENTED_EDGE('',*,*,#6265,.F.);
#6268=ORIENTED_EDGE('',*,*,#6267,.F.);
#6269=ORIENTED_EDGE('',*,*,#6249,.F.);
#6271=ORIENTED_EDGE('',*,*,#6270,.T.);
#6272=EDGE_LOOP('',(#6266,#6268,#6269,#6271));
#6273=FACE_OUTER_BOUND('',#6272,.F.);
#6274=ADVANCED_FACE('',(#6273),#6264,.T.);
#6275=CARTESIAN_POINT('',(-8.1E1,5.2144E1,9.E0));
#6276=DIRECTION('',(0.E0,-1.E0,0.E0));
#6277=DIRECTION('',(-1.E0,0.E0,0.E0));
#6278=AXIS2_PLACEMENT_3D('',#6275,#6276,#6277);
#6279=CYLINDRICAL_SURFACE('',#6278,7.E0);
#6281=ORIENTED_EDGE('',*,*,#6280,.T.);
#6283=ORIENTED_EDGE('',*,*,#6282,.T.);
#6284=ORIENTED_EDGE('',*,*,#4346,.F.);
#6286=ORIENTED_EDGE('',*,*,#6285,.F.);
#6287=ORIENTED_EDGE('',*,*,#4071,.T.);
#6288=ORIENTED_EDGE('',*,*,#4096,.F.);
#6290=ORIENTED_EDGE('',*,*,#6289,.T.);
#6292=ORIENTED_EDGE('',*,*,#6291,.F.);
#6294=ORIENTED_EDGE('',*,*,#6293,.F.);
#6295=ORIENTED_EDGE('',*,*,#6265,.T.);
#6296=EDGE_LOOP('',(#6281,#6283,#6284,#6286,#6287,#6288,#6290,#6292,#6294,
#6295));
#6297=FACE_OUTER_BOUND('',#6296,.F.);
#6298=ADVANCED_FACE('',(#6297),#6279,.F.);
#6299=CARTESIAN_POINT('',(-8.1E1,-1.038430543251E1,2.E0));
#6300=DIRECTION('',(0.E0,1.E0,0.E0));
#6301=DIRECTION('',(0.E0,0.E0,1.E0));
#6302=AXIS2_PLACEMENT_3D('',#6299,#6300,#6301);
#6303=CONICAL_SURFACE('',#6302,1.368363992148E0,4.5E1);
#6304=ORIENTED_EDGE('',*,*,#6280,.F.);
#6305=ORIENTED_EDGE('',*,*,#6270,.F.);
#6307=ORIENTED_EDGE('',*,*,#6306,.F.);
#6308=EDGE_LOOP('',(#6304,#6305,#6307));
#6309=FACE_OUTER_BOUND('',#6308,.F.);
#6310=ADVANCED_FACE('',(#6309),#6303,.T.);
#6311=CARTESIAN_POINT('',(-8.1E1,-9.1E0,4.652669424660E0));
#6312=DIRECTION('',(0.E0,-7.071067811865E-1,7.071067811865E-1));
#6313=DIRECTION('',(0.E0,-7.071067811865E-1,-7.071067811865E-1));
#6314=AXIS2_PLACEMENT_3D('',#6311,#6312,#6313);
#6315=PLANE('',#6314);
#6316=ORIENTED_EDGE('',*,*,#6306,.T.);
#6317=ORIENTED_EDGE('',*,*,#6255,.T.);
#6319=ORIENTED_EDGE('',*,*,#6318,.T.);
#6321=ORIENTED_EDGE('',*,*,#6320,.T.);
#6322=EDGE_LOOP('',(#6316,#6317,#6319,#6321));
#6323=FACE_OUTER_BOUND('',#6322,.F.);
#6324=ADVANCED_FACE('',(#6323),#6315,.T.);
#6325=CARTESIAN_POINT('',(-9.E0,-1.042633471233E1,9.E0));
#6326=DIRECTION('',(0.E0,-1.E0,0.E0));
#6327=DIRECTION('',(0.E0,0.E0,1.E0));
#6328=AXIS2_PLACEMENT_3D('',#6325,#6326,#6327);
#6329=CONICAL_SURFACE('',#6328,5.673665287670E0,4.5E1);
#6331=ORIENTED_EDGE('',*,*,#6330,.F.);
#6332=ORIENTED_EDGE('',*,*,#6318,.F.);
#6333=ORIENTED_EDGE('',*,*,#6239,.T.);
#6335=ORIENTED_EDGE('',*,*,#6334,.T.);
#6336=EDGE_LOOP('',(#6331,#6332,#6333,#6335));
#6337=FACE_OUTER_BOUND('',#6336,.F.);
#6338=ADVANCED_FACE('',(#6337),#6329,.F.);
#6339=CARTESIAN_POINT('',(-9.E0,5.2144E1,9.E0));
#6340=DIRECTION('',(0.E0,-1.E0,0.E0));
#6341=DIRECTION('',(0.E0,0.E0,-1.E0));
#6342=AXIS2_PLACEMENT_3D('',#6339,#6340,#6341);
#6343=CYLINDRICAL_SURFACE('',#6342,7.E0);
#6344=ORIENTED_EDGE('',*,*,#6140,.F.);
#6346=ORIENTED_EDGE('',*,*,#6345,.F.);
#6348=ORIENTED_EDGE('',*,*,#6347,.T.);
#6349=ORIENTED_EDGE('',*,*,#5898,.T.);
#6350=EDGE_LOOP('',(#6344,#6346,#6348,#6349));
#6351=FACE_OUTER_BOUND('',#6350,.F.);
#6352=ADVANCED_FACE('',(#6351),#6343,.F.);
#6353=CARTESIAN_POINT('',(-9.E0,5.2144E1,9.E0));
#6354=DIRECTION('',(0.E0,-1.E0,0.E0));
#6355=DIRECTION('',(0.E0,0.E0,-1.E0));
#6356=AXIS2_PLACEMENT_3D('',#6353,#6354,#6355);
#6357=CYLINDRICAL_SURFACE('',#6356,7.E0);
#6358=ORIENTED_EDGE('',*,*,#5922,.T.);
#6359=ORIENTED_EDGE('',*,*,#4350,.F.);
#6361=ORIENTED_EDGE('',*,*,#6360,.F.);
#6362=ORIENTED_EDGE('',*,*,#6330,.T.);
#6363=EDGE_LOOP('',(#6358,#6359,#6361,#6362));
#6364=FACE_OUTER_BOUND('',#6363,.F.);
#6365=ADVANCED_FACE('',(#6364),#6357,.F.);
#6366=CARTESIAN_POINT('',(0.E0,0.E0,2.E0));
#6367=DIRECTION('',(0.E0,0.E0,-1.E0));
#6368=DIRECTION('',(-1.E0,0.E0,0.E0));
#6369=AXIS2_PLACEMENT_3D('',#6366,#6367,#6368);
#6370=PLANE('',#6369);
#6371=ORIENTED_EDGE('',*,*,#6282,.F.);
#6372=ORIENTED_EDGE('',*,*,#6320,.F.);
#6373=ORIENTED_EDGE('',*,*,#6360,.T.);
#6374=ORIENTED_EDGE('',*,*,#4348,.T.);
#6375=EDGE_LOOP('',(#6371,#6372,#6373,#6374));
#6376=FACE_OUTER_BOUND('',#6375,.F.);
#6377=ADVANCED_FACE('',(#6376),#6370,.F.);
#6378=CARTESIAN_POINT('',(0.E0,0.E0,2.E0));
#6379=DIRECTION('',(0.E0,0.E0,-1.E0));
#6380=DIRECTION('',(-1.E0,0.E0,0.E0));
#6381=AXIS2_PLACEMENT_3D('',#6378,#6379,#6380);
#6382=PLANE('',#6381);
#6384=ORIENTED_EDGE('',*,*,#6383,.F.);
#6385=ORIENTED_EDGE('',*,*,#6291,.T.);
#6387=ORIENTED_EDGE('',*,*,#6386,.F.);
#6388=ORIENTED_EDGE('',*,*,#6345,.T.);
#6389=ORIENTED_EDGE('',*,*,#6138,.T.);
#6390=EDGE_LOOP('',(#6384,#6385,#6387,#6388,#6389));
#6391=FACE_OUTER_BOUND('',#6390,.F.);
#6392=ADVANCED_FACE('',(#6391),#6382,.F.);
#6393=CARTESIAN_POINT('',(-8.1E1,-8.6E0,4.652669424660E0));
#6394=DIRECTION('',(1.736481776669E-1,-9.848077530122E-1,0.E0));
#6395=DIRECTION('',(9.848077530122E-1,1.736481776669E-1,0.E0));
#6396=AXIS2_PLACEMENT_3D('',#6393,#6394,#6395);
#6397=PLANE('',#6396);
#6399=ORIENTED_EDGE('',*,*,#6398,.F.);
#6400=ORIENTED_EDGE('',*,*,#6383,.T.);
#6401=ORIENTED_EDGE('',*,*,#6136,.T.);
#6402=ORIENTED_EDGE('',*,*,#6251,.F.);
#6403=EDGE_LOOP('',(#6399,#6400,#6401,#6402));
#6404=FACE_OUTER_BOUND('',#6403,.F.);
#6405=ADVANCED_FACE('',(#6404),#6397,.F.);
#6406=CARTESIAN_POINT('',(-8.1E1,-8.6E0,2.E0));
#6407=DIRECTION('',(0.E0,1.E0,0.E0));
#6408=DIRECTION('',(0.E0,0.E0,1.E0));
#6409=AXIS2_PLACEMENT_3D('',#6406,#6407,#6408);
#6410=PLANE('',#6409);
#6411=ORIENTED_EDGE('',*,*,#6293,.T.);
#6412=ORIENTED_EDGE('',*,*,#6398,.T.);
#6413=ORIENTED_EDGE('',*,*,#6267,.T.);
#6414=EDGE_LOOP('',(#6411,#6412,#6413));
#6415=FACE_OUTER_BOUND('',#6414,.F.);
#6416=ADVANCED_FACE('',(#6415),#6410,.T.);
#6417=CARTESIAN_POINT('',(-9.E0,-5.652669424660E0,2.E0));
#6418=DIRECTION('',(0.E0,-7.071067811865E-1,7.071067811865E-1));
#6419=DIRECTION('',(0.E0,7.071067811865E-1,7.071067811865E-1));
#6420=AXIS2_PLACEMENT_3D('',#6417,#6418,#6419);
#6421=PLANE('',#6420);
#6423=ORIENTED_EDGE('',*,*,#6422,.F.);
#6425=ORIENTED_EDGE('',*,*,#6424,.F.);
#6427=ORIENTED_EDGE('',*,*,#6426,.F.);
#6429=ORIENTED_EDGE('',*,*,#6428,.F.);
#6431=ORIENTED_EDGE('',*,*,#6430,.F.);
#6433=ORIENTED_EDGE('',*,*,#6432,.F.);
#6435=ORIENTED_EDGE('',*,*,#6434,.F.);
#6436=ORIENTED_EDGE('',*,*,#6386,.T.);
#6437=EDGE_LOOP('',(#6423,#6425,#6427,#6429,#6431,#6433,#6435,#6436));
#6438=FACE_OUTER_BOUND('',#6437,.F.);
#6439=ADVANCED_FACE('',(#6438),#6421,.T.);
#6440=CARTESIAN_POINT('',(-6.595596411847E1,0.E0,4.652669424660E0));
#6441=DIRECTION('',(1.736481776669E-1,0.E0,-9.848077530122E-1));
#6442=DIRECTION('',(-9.848077530122E-1,0.E0,-1.736481776669E-1));
#6443=AXIS2_PLACEMENT_3D('',#6440,#6441,#6442);
#6444=PLANE('',#6443);
#6445=ORIENTED_EDGE('',*,*,#6289,.F.);
#6447=ORIENTED_EDGE('',*,*,#6446,.F.);
#6448=ORIENTED_EDGE('',*,*,#3493,.F.);
#6450=ORIENTED_EDGE('',*,*,#6449,.F.);
#6451=ORIENTED_EDGE('',*,*,#6422,.T.);
#6452=EDGE_LOOP('',(#6445,#6447,#6448,#6450,#6451));
#6453=FACE_OUTER_BOUND('',#6452,.F.);
#6454=ADVANCED_FACE('',(#6453),#6444,.F.);
#6455=CARTESIAN_POINT('',(-8.1E1,0.E0,8.8E1));
#6456=DIRECTION('',(1.E0,0.E0,0.E0));
#6457=DIRECTION('',(0.E0,-1.E0,0.E0));
#6458=AXIS2_PLACEMENT_3D('',#6455,#6456,#6457);
#6459=PLANE('',#6458);
#6460=ORIENTED_EDGE('',*,*,#4094,.F.);
#6461=ORIENTED_EDGE('',*,*,#4128,.F.);
#6462=ORIENTED_EDGE('',*,*,#3495,.T.);
#6463=ORIENTED_EDGE('',*,*,#6446,.T.);
#6464=EDGE_LOOP('',(#6460,#6461,#6462,#6463));
#6465=FACE_OUTER_BOUND('',#6464,.F.);
#6466=ADVANCED_FACE('',(#6465),#6459,.F.);
#6467=CARTESIAN_POINT('',(-8.1E1,0.E0,8.8E1));
#6468=DIRECTION('',(1.E0,0.E0,0.E0));
#6469=DIRECTION('',(0.E0,-1.E0,0.E0));
#6470=AXIS2_PLACEMENT_3D('',#6467,#6468,#6469);
#6471=PLANE('',#6470);
#6473=ORIENTED_EDGE('',*,*,#6472,.F.);
#6474=ORIENTED_EDGE('',*,*,#3576,.F.);
#6475=ORIENTED_EDGE('',*,*,#3507,.T.);
#6476=ORIENTED_EDGE('',*,*,#3833,.T.);
#6477=EDGE_LOOP('',(#6473,#6474,#6475,#6476));
#6478=FACE_OUTER_BOUND('',#6477,.F.);
#6479=ADVANCED_FACE('',(#6478),#6471,.F.);
#6480=CARTESIAN_POINT('',(-8.4E1,-5.E0,-1.173240000006E2));
#6481=DIRECTION('',(0.E0,0.E0,1.E0));
#6482=DIRECTION('',(0.E0,-1.E0,0.E0));
#6483=AXIS2_PLACEMENT_3D('',#6480,#6481,#6482);
#6484=CYLINDRICAL_SURFACE('',#6483,3.E0);
#6485=ORIENTED_EDGE('',*,*,#4076,.F.);
#6486=ORIENTED_EDGE('',*,*,#3595,.T.);
#6487=ORIENTED_EDGE('',*,*,#6472,.T.);
#6488=ORIENTED_EDGE('',*,*,#4054,.T.);
#6489=EDGE_LOOP('',(#6485,#6486,#6487,#6488));
#6490=FACE_OUTER_BOUND('',#6489,.F.);
#6491=ADVANCED_FACE('',(#6490),#6484,.F.);
#6492=CARTESIAN_POINT('',(-9.E0,-3.E0,4.652669424660E0));
#6493=DIRECTION('',(0.E0,0.E0,1.E0));
#6494=DIRECTION('',(0.E0,1.E0,0.E0));
#6495=AXIS2_PLACEMENT_3D('',#6492,#6493,#6494);
#6496=PLANE('',#6495);
#6497=ORIENTED_EDGE('',*,*,#6432,.T.);
#6499=ORIENTED_EDGE('',*,*,#6498,.F.);
#6500=ORIENTED_EDGE('',*,*,#3483,.F.);
#6502=ORIENTED_EDGE('',*,*,#6501,.F.);
#6503=EDGE_LOOP('',(#6497,#6499,#6500,#6502));
#6504=FACE_OUTER_BOUND('',#6503,.F.);
#6505=ADVANCED_FACE('',(#6504),#6496,.T.);
#6506=CARTESIAN_POINT('',(-9.E0,-3.E0,4.652669424660E0));
#6507=DIRECTION('',(0.E0,0.E0,1.E0));
#6508=DIRECTION('',(0.E0,1.E0,0.E0));
#6509=AXIS2_PLACEMENT_3D('',#6506,#6507,#6508);
#6510=PLANE('',#6509);
#6511=ORIENTED_EDGE('',*,*,#6424,.T.);
#6512=ORIENTED_EDGE('',*,*,#6449,.T.);
#6513=ORIENTED_EDGE('',*,*,#3491,.F.);
#6515=ORIENTED_EDGE('',*,*,#6514,.F.);
#6516=EDGE_LOOP('',(#6511,#6512,#6513,#6515));
#6517=FACE_OUTER_BOUND('',#6516,.F.);
#6518=ADVANCED_FACE('',(#6517),#6510,.T.);
#6519=CARTESIAN_POINT('',(-5.583346511927E1,5.2144E1,2.652669424660E0));
#6520=DIRECTION('',(0.E0,-1.E0,0.E0));
#6521=DIRECTION('',(0.E0,0.E0,1.E0));
#6522=AXIS2_PLACEMENT_3D('',#6519,#6520,#6521);
#6523=CYLINDRICAL_SURFACE('',#6522,2.E0);
#6524=ORIENTED_EDGE('',*,*,#6430,.T.);
#6526=ORIENTED_EDGE('',*,*,#6525,.F.);
#6527=ORIENTED_EDGE('',*,*,#3485,.T.);
#6528=ORIENTED_EDGE('',*,*,#6498,.T.);
#6529=EDGE_LOOP('',(#6524,#6526,#6527,#6528));
#6530=FACE_OUTER_BOUND('',#6529,.F.);
#6531=ADVANCED_FACE('',(#6530),#6523,.T.);
#6532=CARTESIAN_POINT('',(-5.895596411847E1,0.E0,5.152669424660E0));
#6533=DIRECTION('',(0.E0,1.E0,0.E0));
#6534=DIRECTION('',(-1.E0,0.E0,0.E0));
#6535=AXIS2_PLACEMENT_3D('',#6532,#6533,#6534);
#6536=CYLINDRICAL_SURFACE('',#6535,2.E0);
#6538=ORIENTED_EDGE('',*,*,#6537,.T.);
#6539=ORIENTED_EDGE('',*,*,#3487,.F.);
#6540=ORIENTED_EDGE('',*,*,#6525,.T.);
#6541=ORIENTED_EDGE('',*,*,#6428,.T.);
#6542=EDGE_LOOP('',(#6538,#6539,#6540,#6541));
#6543=FACE_OUTER_BOUND('',#6542,.F.);
#6544=ADVANCED_FACE('',(#6543),#6536,.F.);
#6545=CARTESIAN_POINT('',(-6.207846311767E1,-9.2144E1,2.652669424660E0));
#6546=DIRECTION('',(0.E0,1.E0,0.E0));
#6547=DIRECTION('',(0.E0,0.E0,1.E0));
#6548=AXIS2_PLACEMENT_3D('',#6545,#6546,#6547);
#6549=CYLINDRICAL_SURFACE('',#6548,2.E0);
#6550=ORIENTED_EDGE('',*,*,#3489,.T.);
#6551=ORIENTED_EDGE('',*,*,#6537,.F.);
#6552=ORIENTED_EDGE('',*,*,#6426,.T.);
#6553=ORIENTED_EDGE('',*,*,#6514,.T.);
#6554=EDGE_LOOP('',(#6550,#6551,#6552,#6553));
#6555=FACE_OUTER_BOUND('',#6554,.F.);
#6556=ADVANCED_FACE('',(#6555),#6549,.T.);
#6557=CARTESIAN_POINT('',(-9.E0,-1.E0,9.E0));
#6558=DIRECTION('',(0.E0,1.E0,0.E0));
#6559=DIRECTION('',(-1.E0,0.E0,0.E0));
#6560=AXIS2_PLACEMENT_3D('',#6557,#6558,#6559);
#6561=CYLINDRICAL_SURFACE('',#6560,4.347330575340E0);
#6563=ORIENTED_EDGE('',*,*,#6562,.F.);
#6565=ORIENTED_EDGE('',*,*,#6564,.T.);
#6566=ORIENTED_EDGE('',*,*,#6501,.T.);
#6567=ORIENTED_EDGE('',*,*,#3481,.F.);
#6568=EDGE_LOOP('',(#6563,#6565,#6566,#6567));
#6569=FACE_OUTER_BOUND('',#6568,.F.);
#6570=ADVANCED_FACE('',(#6569),#6561,.F.);
#6571=CARTESIAN_POINT('',(-4.652669424660E0,-3.E0,8.1E1));
#6572=DIRECTION('',(-1.E0,0.E0,0.E0));
#6573=DIRECTION('',(0.E0,1.E0,0.E0));
#6574=AXIS2_PLACEMENT_3D('',#6571,#6572,#6573);
#6575=PLANE('',#6574);
#6577=ORIENTED_EDGE('',*,*,#6576,.F.);
#6579=ORIENTED_EDGE('',*,*,#6578,.T.);
#6580=ORIENTED_EDGE('',*,*,#6562,.T.);
#6581=ORIENTED_EDGE('',*,*,#3479,.F.);
#6582=EDGE_LOOP('',(#6577,#6579,#6580,#6581));
#6583=FACE_OUTER_BOUND('',#6582,.F.);
#6584=ADVANCED_FACE('',(#6583),#6575,.T.);
#6585=CARTESIAN_POINT('',(-9.E0,-1.E0,8.1E1));
#6586=DIRECTION('',(0.E0,1.E0,0.E0));
#6587=DIRECTION('',(0.E0,0.E0,-1.E0));
#6588=AXIS2_PLACEMENT_3D('',#6585,#6586,#6587);
#6589=CYLINDRICAL_SURFACE('',#6588,4.347330575340E0);
#6590=ORIENTED_EDGE('',*,*,#3536,.F.);
#6592=ORIENTED_EDGE('',*,*,#6591,.T.);
#6593=ORIENTED_EDGE('',*,*,#6576,.T.);
#6594=ORIENTED_EDGE('',*,*,#3477,.F.);
#6595=EDGE_LOOP('',(#6590,#6592,#6593,#6594));
#6596=FACE_OUTER_BOUND('',#6595,.F.);
#6597=ADVANCED_FACE('',(#6596),#6589,.F.);
#6598=CARTESIAN_POINT('',(-9.E0,-4.326334712330E0,8.1E1));
#6599=DIRECTION('',(0.E0,-1.E0,0.E0));
#6600=DIRECTION('',(0.E0,0.E0,1.E0));
#6601=AXIS2_PLACEMENT_3D('',#6598,#6599,#6600);
#6602=CONICAL_SURFACE('',#6601,5.673665287670E0,4.5E1);
#6603=ORIENTED_EDGE('',*,*,#3553,.F.);
#6605=ORIENTED_EDGE('',*,*,#6604,.F.);
#6607=ORIENTED_EDGE('',*,*,#6606,.T.);
#6608=ORIENTED_EDGE('',*,*,#6591,.F.);
#6609=EDGE_LOOP('',(#6603,#6605,#6607,#6608));
#6610=FACE_OUTER_BOUND('',#6609,.F.);
#6611=ADVANCED_FACE('',(#6610),#6602,.F.);
#6612=CARTESIAN_POINT('',(-9.E0,5.2144E1,8.1E1));
#6613=DIRECTION('',(0.E0,-1.E0,0.E0));
#6614=DIRECTION('',(1.E0,0.E0,0.E0));
#6615=AXIS2_PLACEMENT_3D('',#6612,#6613,#6614);
#6616=CYLINDRICAL_SURFACE('',#6615,7.E0);
#6617=ORIENTED_EDGE('',*,*,#6143,.F.);
#6618=ORIENTED_EDGE('',*,*,#5902,.F.);
#6619=ORIENTED_EDGE('',*,*,#6604,.T.);
#6620=ORIENTED_EDGE('',*,*,#3677,.T.);
#6621=EDGE_LOOP('',(#6617,#6618,#6619,#6620));
#6622=FACE_OUTER_BOUND('',#6621,.F.);
#6623=ADVANCED_FACE('',(#6622),#6616,.F.);
#6624=CARTESIAN_POINT('',(-9.E0,5.2144E1,8.1E1));
#6625=DIRECTION('',(0.E0,-1.E0,0.E0));
#6626=DIRECTION('',(1.E0,0.E0,0.E0));
#6627=AXIS2_PLACEMENT_3D('',#6624,#6625,#6626);
#6628=CYLINDRICAL_SURFACE('',#6627,7.E0);
#6629=ORIENTED_EDGE('',*,*,#3644,.T.);
#6630=ORIENTED_EDGE('',*,*,#4332,.F.);
#6631=ORIENTED_EDGE('',*,*,#5912,.F.);
#6633=ORIENTED_EDGE('',*,*,#6632,.T.);
#6634=EDGE_LOOP('',(#6629,#6630,#6631,#6633));
#6635=FACE_OUTER_BOUND('',#6634,.F.);
#6636=ADVANCED_FACE('',(#6635),#6628,.F.);
#6637=CARTESIAN_POINT('',(-9.E0,-1.042633471233E1,8.1E1));
#6638=DIRECTION('',(0.E0,-1.E0,0.E0));
#6639=DIRECTION('',(-1.E0,0.E0,0.E0));
#6640=AXIS2_PLACEMENT_3D('',#6637,#6638,#6639);
#6641=CONICAL_SURFACE('',#6640,5.673665287670E0,4.5E1);
#6642=ORIENTED_EDGE('',*,*,#6632,.F.);
#6644=ORIENTED_EDGE('',*,*,#6643,.F.);
#6645=ORIENTED_EDGE('',*,*,#6211,.T.);
#6646=ORIENTED_EDGE('',*,*,#3629,.T.);
#6647=EDGE_LOOP('',(#6642,#6644,#6645,#6646));
#6648=FACE_OUTER_BOUND('',#6647,.F.);
#6649=ADVANCED_FACE('',(#6648),#6641,.F.);
#6650=CARTESIAN_POINT('',(-4.652669424660E0,-9.1E0,9.E0));
#6651=DIRECTION('',(-7.071067811865E-1,-7.071067811865E-1,0.E0));
#6652=DIRECTION('',(7.071067811865E-1,-7.071067811865E-1,0.E0));
#6653=AXIS2_PLACEMENT_3D('',#6650,#6651,#6652);
#6654=PLANE('',#6653);
#6655=ORIENTED_EDGE('',*,*,#5924,.T.);
#6656=ORIENTED_EDGE('',*,*,#6334,.F.);
#6657=ORIENTED_EDGE('',*,*,#6225,.T.);
#6658=ORIENTED_EDGE('',*,*,#6643,.T.);
#6659=EDGE_LOOP('',(#6655,#6656,#6657,#6658));
#6660=FACE_OUTER_BOUND('',#6659,.F.);
#6661=ADVANCED_FACE('',(#6660),#6654,.T.);
#6662=CARTESIAN_POINT('',(-2.E0,-5.652669424660E0,8.1E1));
#6663=DIRECTION('',(-7.071067811865E-1,-7.071067811865E-1,0.E0));
#6664=DIRECTION('',(-7.071067811865E-1,7.071067811865E-1,0.E0));
#6665=AXIS2_PLACEMENT_3D('',#6662,#6663,#6664);
#6666=PLANE('',#6665);
#6667=ORIENTED_EDGE('',*,*,#6606,.F.);
#6668=ORIENTED_EDGE('',*,*,#5900,.T.);
#6670=ORIENTED_EDGE('',*,*,#6669,.T.);
#6671=ORIENTED_EDGE('',*,*,#6578,.F.);
#6672=EDGE_LOOP('',(#6667,#6668,#6670,#6671));
#6673=FACE_OUTER_BOUND('',#6672,.F.);
#6674=ADVANCED_FACE('',(#6673),#6666,.T.);
#6675=CARTESIAN_POINT('',(-9.E0,-4.326334712330E0,9.E0));
#6676=DIRECTION('',(0.E0,-1.E0,0.E0));
#6677=DIRECTION('',(1.E0,0.E0,0.E0));
#6678=AXIS2_PLACEMENT_3D('',#6675,#6676,#6677);
#6679=CONICAL_SURFACE('',#6678,5.673665287670E0,4.5E1);
#6680=ORIENTED_EDGE('',*,*,#6669,.F.);
#6681=ORIENTED_EDGE('',*,*,#6347,.F.);
#6682=ORIENTED_EDGE('',*,*,#6434,.T.);
#6683=ORIENTED_EDGE('',*,*,#6564,.F.);
#6684=EDGE_LOOP('',(#6680,#6681,#6682,#6683));
#6685=FACE_OUTER_BOUND('',#6684,.F.);
#6686=ADVANCED_FACE('',(#6685),#6679,.F.);
#6687=CARTESIAN_POINT('',(-8.8E1,0.E0,0.E0));
#6688=DIRECTION('',(-1.E0,0.E0,0.E0));
#6689=DIRECTION('',(0.E0,0.E0,1.E0));
#6690=AXIS2_PLACEMENT_3D('',#6687,#6688,#6689);
#6691=PLANE('',#6690);
#6692=ORIENTED_EDGE('',*,*,#6285,.T.);
#6693=ORIENTED_EDGE('',*,*,#4344,.T.);
#6695=ORIENTED_EDGE('',*,*,#6694,.T.);
#6697=ORIENTED_EDGE('',*,*,#6696,.T.);
#6699=ORIENTED_EDGE('',*,*,#6698,.F.);
#6700=ORIENTED_EDGE('',*,*,#4340,.T.);
#6702=ORIENTED_EDGE('',*,*,#6701,.T.);
#6704=ORIENTED_EDGE('',*,*,#6703,.T.);
#6706=ORIENTED_EDGE('',*,*,#6705,.F.);
#6707=ORIENTED_EDGE('',*,*,#4336,.T.);
#6708=ORIENTED_EDGE('',*,*,#3599,.F.);
#6709=ORIENTED_EDGE('',*,*,#4073,.F.);
#6710=EDGE_LOOP('',(#6692,#6693,#6695,#6697,#6699,#6700,#6702,#6704,#6706,#6707,
#6708,#6709));
#6711=FACE_OUTER_BOUND('',#6710,.F.);
#6712=ADVANCED_FACE('',(#6711),#6691,.F.);
#6713=CARTESIAN_POINT('',(0.E0,0.E0,1.2E1));
#6714=DIRECTION('',(0.E0,0.E0,1.E0));
#6715=DIRECTION('',(1.E0,0.E0,0.E0));
#6716=AXIS2_PLACEMENT_3D('',#6713,#6714,#6715);
#6717=PLANE('',#6716);
#6718=ORIENTED_EDGE('',*,*,#6694,.F.);
#6720=ORIENTED_EDGE('',*,*,#6719,.T.);
#6722=ORIENTED_EDGE('',*,*,#6721,.T.);
#6724=ORIENTED_EDGE('',*,*,#6723,.T.);
#6726=ORIENTED_EDGE('',*,*,#6725,.T.);
#6728=ORIENTED_EDGE('',*,*,#6727,.T.);
#6730=ORIENTED_EDGE('',*,*,#6729,.T.);
#6732=ORIENTED_EDGE('',*,*,#6731,.T.);
#6734=ORIENTED_EDGE('',*,*,#6733,.T.);
#6735=EDGE_LOOP('',(#6718,#6720,#6722,#6724,#6726,#6728,#6730,#6732,#6734));
#6736=FACE_OUTER_BOUND('',#6735,.F.);
#6737=ADVANCED_FACE('',(#6736),#6717,.F.);
#6738=CARTESIAN_POINT('',(-7.91E1,-3.8E1,1.2E1));
#6739=DIRECTION('',(0.E0,0.E0,1.E0));
#6740=DIRECTION('',(1.E0,0.E0,0.E0));
#6741=AXIS2_PLACEMENT_3D('',#6738,#6739,#6740);
#6742=CYLINDRICAL_SURFACE('',#6741,8.9E0);
#6743=ORIENTED_EDGE('',*,*,#6719,.F.);
#6744=ORIENTED_EDGE('',*,*,#4342,.T.);
#6746=ORIENTED_EDGE('',*,*,#6745,.T.);
#6748=ORIENTED_EDGE('',*,*,#6747,.F.);
#6749=EDGE_LOOP('',(#6743,#6744,#6746,#6748));
#6750=FACE_OUTER_BOUND('',#6749,.F.);
#6751=ADVANCED_FACE('',(#6750),#6742,.F.);
#6752=CARTESIAN_POINT('',(0.E0,0.E0,1.9E1));
#6753=DIRECTION('',(0.E0,0.E0,1.E0));
#6754=DIRECTION('',(1.E0,0.E0,0.E0));
#6755=AXIS2_PLACEMENT_3D('',#6752,#6753,#6754);
#6756=PLANE('',#6755);
#6757=ORIENTED_EDGE('',*,*,#6698,.T.);
#6759=ORIENTED_EDGE('',*,*,#6758,.F.);
#6761=ORIENTED_EDGE('',*,*,#6760,.F.);
#6763=ORIENTED_EDGE('',*,*,#6762,.F.);
#6765=ORIENTED_EDGE('',*,*,#6764,.F.);
#6767=ORIENTED_EDGE('',*,*,#6766,.F.);
#6769=ORIENTED_EDGE('',*,*,#6768,.F.);
#6771=ORIENTED_EDGE('',*,*,#6770,.F.);
#6772=ORIENTED_EDGE('',*,*,#6745,.F.);
#6773=EDGE_LOOP('',(#6757,#6759,#6761,#6763,#6765,#6767,#6769,#6771,#6772));
#6774=FACE_OUTER_BOUND('',#6773,.F.);
#6775=ADVANCED_FACE('',(#6774),#6756,.T.);
#6776=CARTESIAN_POINT('',(-8.3E1,-1.9E1,1.2E1));
#6777=DIRECTION('',(0.E0,1.E0,0.E0));
#6778=DIRECTION('',(-1.E0,0.E0,0.E0));
#6779=AXIS2_PLACEMENT_3D('',#6776,#6777,#6778);
#6780=PLANE('',#6779);
#6781=ORIENTED_EDGE('',*,*,#6696,.F.);
#6782=ORIENTED_EDGE('',*,*,#6733,.F.);
#6784=ORIENTED_EDGE('',*,*,#6783,.T.);
#6785=ORIENTED_EDGE('',*,*,#6758,.T.);
#6786=EDGE_LOOP('',(#6781,#6782,#6784,#6785));
#6787=FACE_OUTER_BOUND('',#6786,.F.);
#6788=ADVANCED_FACE('',(#6787),#6780,.T.);
#6789=CARTESIAN_POINT('',(-8.3E1,-2.207157287525E1,1.2E1));
#6790=DIRECTION('',(1.E0,0.E0,0.E0));
#6791=DIRECTION('',(0.E0,1.E0,0.E0));
#6792=AXIS2_PLACEMENT_3D('',#6789,#6790,#6791);
#6793=PLANE('',#6792);
#6794=ORIENTED_EDGE('',*,*,#6731,.F.);
#6796=ORIENTED_EDGE('',*,*,#6795,.T.);
#6797=ORIENTED_EDGE('',*,*,#6760,.T.);
#6798=ORIENTED_EDGE('',*,*,#6783,.F.);
#6799=EDGE_LOOP('',(#6794,#6796,#6797,#6798));
#6800=FACE_OUTER_BOUND('',#6799,.F.);
#6801=ADVANCED_FACE('',(#6800),#6793,.T.);
#6802=CARTESIAN_POINT('',(-8.5E1,-2.207157287525E1,1.2E1));
#6803=DIRECTION('',(0.E0,0.E0,1.E0));
#6804=DIRECTION('',(1.E0,0.E0,0.E0));
#6805=AXIS2_PLACEMENT_3D('',#6802,#6803,#6804);
#6806=CYLINDRICAL_SURFACE('',#6805,2.E0);
#6807=ORIENTED_EDGE('',*,*,#6729,.F.);
#6809=ORIENTED_EDGE('',*,*,#6808,.T.);
#6810=ORIENTED_EDGE('',*,*,#6762,.T.);
#6811=ORIENTED_EDGE('',*,*,#6795,.F.);
#6812=EDGE_LOOP('',(#6807,#6809,#6810,#6811));
#6813=FACE_OUTER_BOUND('',#6812,.F.);
#6814=ADVANCED_FACE('',(#6813),#6806,.T.);
#6815=CARTESIAN_POINT('',(-8.524644660941E1,-2.514644660941E1,1.2E1));
#6816=DIRECTION('',(7.071067811865E-1,-7.071067811865E-1,0.E0));
#6817=DIRECTION('',(7.071067811865E-1,7.071067811865E-1,0.E0));
#6818=AXIS2_PLACEMENT_3D('',#6815,#6816,#6817);
#6819=PLANE('',#6818);
#6820=ORIENTED_EDGE('',*,*,#6727,.F.);
#6822=ORIENTED_EDGE('',*,*,#6821,.T.);
#6823=ORIENTED_EDGE('',*,*,#6764,.T.);
#6824=ORIENTED_EDGE('',*,*,#6808,.F.);
#6825=EDGE_LOOP('',(#6820,#6822,#6823,#6824));
#6826=FACE_OUTER_BOUND('',#6825,.F.);
#6827=ADVANCED_FACE('',(#6826),#6819,.T.);
#6828=CARTESIAN_POINT('',(-8.489289321881E1,-2.55E1,1.2E1));
#6829=DIRECTION('',(0.E0,0.E0,1.E0));
#6830=DIRECTION('',(1.E0,0.E0,0.E0));
#6831=AXIS2_PLACEMENT_3D('',#6828,#6829,#6830);
#6832=CYLINDRICAL_SURFACE('',#6831,5.E-1);
#6833=ORIENTED_EDGE('',*,*,#6725,.F.);
#6835=ORIENTED_EDGE('',*,*,#6834,.T.);
#6836=ORIENTED_EDGE('',*,*,#6766,.T.);
#6837=ORIENTED_EDGE('',*,*,#6821,.F.);
#6838=EDGE_LOOP('',(#6833,#6835,#6836,#6837));
#6839=FACE_OUTER_BOUND('',#6838,.F.);
#6840=ADVANCED_FACE('',(#6839),#6832,.F.);
#6841=CARTESIAN_POINT('',(-8.3E1,-2.6E1,1.2E1));
#6842=DIRECTION('',(0.E0,1.E0,0.E0));
#6843=DIRECTION('',(-1.E0,0.E0,0.E0));
#6844=AXIS2_PLACEMENT_3D('',#6841,#6842,#6843);
#6845=PLANE('',#6844);
#6846=ORIENTED_EDGE('',*,*,#6723,.F.);
#6848=ORIENTED_EDGE('',*,*,#6847,.T.);
#6849=ORIENTED_EDGE('',*,*,#6768,.T.);
#6850=ORIENTED_EDGE('',*,*,#6834,.F.);
#6851=EDGE_LOOP('',(#6846,#6848,#6849,#6850));
#6852=FACE_OUTER_BOUND('',#6851,.F.);
#6853=ADVANCED_FACE('',(#6852),#6845,.T.);
#6854=CARTESIAN_POINT('',(-8.3E1,-3.E1,1.2E1));
#6855=DIRECTION('',(1.E0,0.E0,0.E0));
#6856=DIRECTION('',(0.E0,1.E0,0.E0));
#6857=AXIS2_PLACEMENT_3D('',#6854,#6855,#6856);
#6858=PLANE('',#6857);
#6859=ORIENTED_EDGE('',*,*,#6721,.F.);
#6860=ORIENTED_EDGE('',*,*,#6747,.T.);
#6861=ORIENTED_EDGE('',*,*,#6770,.T.);
#6862=ORIENTED_EDGE('',*,*,#6847,.F.);
#6863=EDGE_LOOP('',(#6859,#6860,#6861,#6862));
#6864=FACE_OUTER_BOUND('',#6863,.F.);
#6865=ADVANCED_FACE('',(#6864),#6858,.T.);
#6866=CARTESIAN_POINT('',(0.E0,0.E0,6.7E1));
#6867=DIRECTION('',(0.E0,0.E0,1.E0));
#6868=DIRECTION('',(1.E0,0.E0,0.E0));
#6869=AXIS2_PLACEMENT_3D('',#6866,#6867,#6868);
#6870=PLANE('',#6869);
#6871=ORIENTED_EDGE('',*,*,#6701,.F.);
#6873=ORIENTED_EDGE('',*,*,#6872,.T.);
#6875=ORIENTED_EDGE('',*,*,#6874,.T.);
#6877=ORIENTED_EDGE('',*,*,#6876,.T.);
#6879=ORIENTED_EDGE('',*,*,#6878,.T.);
#6881=ORIENTED_EDGE('',*,*,#6880,.T.);
#6883=ORIENTED_EDGE('',*,*,#6882,.T.);
#6885=ORIENTED_EDGE('',*,*,#6884,.T.);
#6887=ORIENTED_EDGE('',*,*,#6886,.T.);
#6888=EDGE_LOOP('',(#6871,#6873,#6875,#6877,#6879,#6881,#6883,#6885,#6887));
#6889=FACE_OUTER_BOUND('',#6888,.F.);
#6890=ADVANCED_FACE('',(#6889),#6870,.F.);
#6891=CARTESIAN_POINT('',(-7.91E1,-3.8E1,6.7E1));
#6892=DIRECTION('',(0.E0,0.E0,1.E0));
#6893=DIRECTION('',(1.E0,0.E0,0.E0));
#6894=AXIS2_PLACEMENT_3D('',#6891,#6892,#6893);
#6895=CYLINDRICAL_SURFACE('',#6894,8.9E0);
#6896=ORIENTED_EDGE('',*,*,#6872,.F.);
#6897=ORIENTED_EDGE('',*,*,#4338,.T.);
#6899=ORIENTED_EDGE('',*,*,#6898,.T.);
#6901=ORIENTED_EDGE('',*,*,#6900,.F.);
#6902=EDGE_LOOP('',(#6896,#6897,#6899,#6901));
#6903=FACE_OUTER_BOUND('',#6902,.F.);
#6904=ADVANCED_FACE('',(#6903),#6895,.F.);
#6905=CARTESIAN_POINT('',(0.E0,0.E0,7.4E1));
#6906=DIRECTION('',(0.E0,0.E0,1.E0));
#6907=DIRECTION('',(1.E0,0.E0,0.E0));
#6908=AXIS2_PLACEMENT_3D('',#6905,#6906,#6907);
#6909=PLANE('',#6908);
#6910=ORIENTED_EDGE('',*,*,#6705,.T.);
#6912=ORIENTED_EDGE('',*,*,#6911,.F.);
#6914=ORIENTED_EDGE('',*,*,#6913,.F.);
#6916=ORIENTED_EDGE('',*,*,#6915,.F.);
#6918=ORIENTED_EDGE('',*,*,#6917,.F.);
#6920=ORIENTED_EDGE('',*,*,#6919,.F.);
#6922=ORIENTED_EDGE('',*,*,#6921,.F.);
#6924=ORIENTED_EDGE('',*,*,#6923,.F.);
#6925=ORIENTED_EDGE('',*,*,#6898,.F.);
#6926=EDGE_LOOP('',(#6910,#6912,#6914,#6916,#6918,#6920,#6922,#6924,#6925));
#6927=FACE_OUTER_BOUND('',#6926,.F.);
#6928=ADVANCED_FACE('',(#6927),#6909,.T.);
#6929=CARTESIAN_POINT('',(-8.3E1,-1.9E1,6.7E1));
#6930=DIRECTION('',(0.E0,1.E0,0.E0));
#6931=DIRECTION('',(-1.E0,0.E0,0.E0));
#6932=AXIS2_PLACEMENT_3D('',#6929,#6930,#6931);
#6933=PLANE('',#6932);
#6934=ORIENTED_EDGE('',*,*,#6703,.F.);
#6935=ORIENTED_EDGE('',*,*,#6886,.F.);
#6937=ORIENTED_EDGE('',*,*,#6936,.T.);
#6938=ORIENTED_EDGE('',*,*,#6911,.T.);
#6939=EDGE_LOOP('',(#6934,#6935,#6937,#6938));
#6940=FACE_OUTER_BOUND('',#6939,.F.);
#6941=ADVANCED_FACE('',(#6940),#6933,.T.);
#6942=CARTESIAN_POINT('',(-8.3E1,-2.207157287525E1,6.7E1));
#6943=DIRECTION('',(1.E0,0.E0,0.E0));
#6944=DIRECTION('',(0.E0,1.E0,0.E0));
#6945=AXIS2_PLACEMENT_3D('',#6942,#6943,#6944);
#6946=PLANE('',#6945);
#6947=ORIENTED_EDGE('',*,*,#6884,.F.);
#6949=ORIENTED_EDGE('',*,*,#6948,.T.);
#6950=ORIENTED_EDGE('',*,*,#6913,.T.);
#6951=ORIENTED_EDGE('',*,*,#6936,.F.);
#6952=EDGE_LOOP('',(#6947,#6949,#6950,#6951));
#6953=FACE_OUTER_BOUND('',#6952,.F.);
#6954=ADVANCED_FACE('',(#6953),#6946,.T.);
#6955=CARTESIAN_POINT('',(-8.5E1,-2.207157287525E1,6.7E1));
#6956=DIRECTION('',(0.E0,0.E0,1.E0));
#6957=DIRECTION('',(1.E0,0.E0,0.E0));
#6958=AXIS2_PLACEMENT_3D('',#6955,#6956,#6957);
#6959=CYLINDRICAL_SURFACE('',#6958,2.E0);
#6960=ORIENTED_EDGE('',*,*,#6882,.F.);
#6962=ORIENTED_EDGE('',*,*,#6961,.T.);
#6963=ORIENTED_EDGE('',*,*,#6915,.T.);
#6964=ORIENTED_EDGE('',*,*,#6948,.F.);
#6965=EDGE_LOOP('',(#6960,#6962,#6963,#6964));
#6966=FACE_OUTER_BOUND('',#6965,.F.);
#6967=ADVANCED_FACE('',(#6966),#6959,.T.);
#6968=CARTESIAN_POINT('',(-8.524644660941E1,-2.514644660941E1,6.7E1));
#6969=DIRECTION('',(7.071067811865E-1,-7.071067811865E-1,0.E0));
#6970=DIRECTION('',(7.071067811865E-1,7.071067811865E-1,0.E0));
#6971=AXIS2_PLACEMENT_3D('',#6968,#6969,#6970);
#6972=PLANE('',#6971);
#6973=ORIENTED_EDGE('',*,*,#6880,.F.);
#6975=ORIENTED_EDGE('',*,*,#6974,.T.);
#6976=ORIENTED_EDGE('',*,*,#6917,.T.);
#6977=ORIENTED_EDGE('',*,*,#6961,.F.);
#6978=EDGE_LOOP('',(#6973,#6975,#6976,#6977));
#6979=FACE_OUTER_BOUND('',#6978,.F.);
#6980=ADVANCED_FACE('',(#6979),#6972,.T.);
#6981=CARTESIAN_POINT('',(-8.489289321881E1,-2.55E1,6.7E1));
#6982=DIRECTION('',(0.E0,0.E0,1.E0));
#6983=DIRECTION('',(1.E0,0.E0,0.E0));
#6984=AXIS2_PLACEMENT_3D('',#6981,#6982,#6983);
#6985=CYLINDRICAL_SURFACE('',#6984,5.E-1);
#6986=ORIENTED_EDGE('',*,*,#6878,.F.);
#6988=ORIENTED_EDGE('',*,*,#6987,.T.);
#6989=ORIENTED_EDGE('',*,*,#6919,.T.);
#6990=ORIENTED_EDGE('',*,*,#6974,.F.);
#6991=EDGE_LOOP('',(#6986,#6988,#6989,#6990));
#6992=FACE_OUTER_BOUND('',#6991,.F.);
#6993=ADVANCED_FACE('',(#6992),#6985,.F.);
#6994=CARTESIAN_POINT('',(-8.3E1,-2.6E1,6.7E1));
#6995=DIRECTION('',(0.E0,1.E0,0.E0));
#6996=DIRECTION('',(-1.E0,0.E0,0.E0));
#6997=AXIS2_PLACEMENT_3D('',#6994,#6995,#6996);
#6998=PLANE('',#6997);
#6999=ORIENTED_EDGE('',*,*,#6876,.F.);
#7001=ORIENTED_EDGE('',*,*,#7000,.T.);
#7002=ORIENTED_EDGE('',*,*,#6921,.T.);
#7003=ORIENTED_EDGE('',*,*,#6987,.F.);
#7004=EDGE_LOOP('',(#6999,#7001,#7002,#7003));
#7005=FACE_OUTER_BOUND('',#7004,.F.);
#7006=ADVANCED_FACE('',(#7005),#6998,.T.);
#7007=CARTESIAN_POINT('',(-8.3E1,-3.E1,6.7E1));
#7008=DIRECTION('',(1.E0,0.E0,0.E0));
#7009=DIRECTION('',(0.E0,1.E0,0.E0));
#7010=AXIS2_PLACEMENT_3D('',#7007,#7008,#7009);
#7011=PLANE('',#7010);
#7012=ORIENTED_EDGE('',*,*,#6874,.F.);
#7013=ORIENTED_EDGE('',*,*,#6900,.T.);
#7014=ORIENTED_EDGE('',*,*,#6923,.T.);
#7015=ORIENTED_EDGE('',*,*,#7000,.F.);
#7016=EDGE_LOOP('',(#7012,#7013,#7014,#7015));
#7017=FACE_OUTER_BOUND('',#7016,.F.);
#7018=ADVANCED_FACE('',(#7017),#7011,.T.);
#7019=CARTESIAN_POINT('',(-4.72E0,-3.8E1,6.8E1));
#7020=DIRECTION('',(0.E0,0.E0,1.E0));
#7021=DIRECTION('',(1.E0,0.E0,0.E0));
#7022=AXIS2_PLACEMENT_3D('',#7019,#7020,#7021);
#7023=PLANE('',#7022);
#7024=ORIENTED_EDGE('',*,*,#5299,.T.);
#7025=ORIENTED_EDGE('',*,*,#5837,.T.);
#7026=ORIENTED_EDGE('',*,*,#5873,.F.);
#7027=ORIENTED_EDGE('',*,*,#5329,.T.);
#7028=ORIENTED_EDGE('',*,*,#5915,.F.);
#7029=ORIENTED_EDGE('',*,*,#4328,.T.);
#7031=ORIENTED_EDGE('',*,*,#7030,.T.);
#7032=EDGE_LOOP('',(#7024,#7025,#7026,#7027,#7028,#7029,#7031));
#7033=FACE_OUTER_BOUND('',#7032,.F.);
#7034=ADVANCED_FACE('',(#7033),#7023,.T.);
#7035=CARTESIAN_POINT('',(-4.72E0,-3.8E1,6.55E1));
#7036=DIRECTION('',(0.E0,1.E0,0.E0));
#7037=DIRECTION('',(0.E0,0.E0,1.E0));
#7038=AXIS2_PLACEMENT_3D('',#7035,#7036,#7037);
#7039=CYLINDRICAL_SURFACE('',#7038,2.5E0);
#7040=ORIENTED_EDGE('',*,*,#5712,.F.);
#7041=ORIENTED_EDGE('',*,*,#5301,.T.);
#7042=ORIENTED_EDGE('',*,*,#7030,.F.);
#7043=ORIENTED_EDGE('',*,*,#4326,.F.);
#7044=ORIENTED_EDGE('',*,*,#5852,.T.);
#7045=ORIENTED_EDGE('',*,*,#5293,.T.);
#7046=EDGE_LOOP('',(#7040,#7041,#7042,#7043,#7044,#7045));
#7047=FACE_OUTER_BOUND('',#7046,.F.);
#7048=ADVANCED_FACE('',(#7047),#7039,.T.);
#7049=CARTESIAN_POINT('',(-3.472E1,-3.8E1,6.55E1));
#7050=DIRECTION('',(0.E0,1.E0,0.E0));
#7051=DIRECTION('',(0.E0,0.E0,1.E0));
#7052=AXIS2_PLACEMENT_3D('',#7049,#7050,#7051);
#7053=CYLINDRICAL_SURFACE('',#7052,2.5E0);
#7054=ORIENTED_EDGE('',*,*,#5453,.F.);
#7055=ORIENTED_EDGE('',*,*,#5281,.T.);
#7056=ORIENTED_EDGE('',*,*,#5124,.F.);
#7057=ORIENTED_EDGE('',*,*,#4378,.F.);
#7058=ORIENTED_EDGE('',*,*,#5121,.T.);
#7059=ORIENTED_EDGE('',*,*,#5276,.T.);
#7060=EDGE_LOOP('',(#7054,#7055,#7056,#7057,#7058,#7059));
#7061=FACE_OUTER_BOUND('',#7060,.F.);
#7062=ADVANCED_FACE('',(#7061),#7053,.T.);
#7063=CARTESIAN_POINT('',(-1.42E1,-3.8E1,1.E1));
#7064=DIRECTION('',(-1.E0,0.E0,0.E0));
#7065=DIRECTION('',(0.E0,0.E0,1.E0));
#7066=AXIS2_PLACEMENT_3D('',#7063,#7064,#7065);
#7067=PLANE('',#7066);
#7068=ORIENTED_EDGE('',*,*,#4162,.T.);
#7070=ORIENTED_EDGE('',*,*,#7069,.F.);
#7071=ORIENTED_EDGE('',*,*,#4398,.F.);
#7073=ORIENTED_EDGE('',*,*,#7072,.T.);
#7074=EDGE_LOOP('',(#7068,#7070,#7071,#7073));
#7075=FACE_OUTER_BOUND('',#7074,.F.);
#7076=ADVANCED_FACE('',(#7075),#7067,.F.);
#7077=CARTESIAN_POINT('',(-1.32E1,-3.8E1,8.E1));
#7078=DIRECTION('',(0.E0,1.E0,0.E0));
#7079=DIRECTION('',(1.E0,0.E0,0.E0));
#7080=AXIS2_PLACEMENT_3D('',#7077,#7078,#7079);
#7081=CYLINDRICAL_SURFACE('',#7080,1.E0);
#7082=ORIENTED_EDGE('',*,*,#4168,.T.);
#7084=ORIENTED_EDGE('',*,*,#7083,.F.);
#7085=ORIENTED_EDGE('',*,*,#4400,.F.);
#7086=ORIENTED_EDGE('',*,*,#7069,.T.);
#7087=EDGE_LOOP('',(#7082,#7084,#7085,#7086));
#7088=FACE_OUTER_BOUND('',#7087,.F.);
#7089=ADVANCED_FACE('',(#7088),#7081,.F.);
#7090=CARTESIAN_POINT('',(-1.22E1,-3.8E1,8.E1));
#7091=DIRECTION('',(1.E0,0.E0,0.E0));
#7092=DIRECTION('',(0.E0,0.E0,-1.E0));
#7093=AXIS2_PLACEMENT_3D('',#7090,#7091,#7092);
#7094=PLANE('',#7093);
#7095=ORIENTED_EDGE('',*,*,#4166,.T.);
#7097=ORIENTED_EDGE('',*,*,#7096,.F.);
#7098=ORIENTED_EDGE('',*,*,#4402,.F.);
#7099=ORIENTED_EDGE('',*,*,#7083,.T.);
#7100=EDGE_LOOP('',(#7095,#7097,#7098,#7099));
#7101=FACE_OUTER_BOUND('',#7100,.F.);
#7102=ADVANCED_FACE('',(#7101),#7094,.F.);
#7103=CARTESIAN_POINT('',(-1.32E1,-3.8E1,1.E1));
#7104=DIRECTION('',(0.E0,1.E0,0.E0));
#7105=DIRECTION('',(1.E0,0.E0,0.E0));
#7106=AXIS2_PLACEMENT_3D('',#7103,#7104,#7105);
#7107=CYLINDRICAL_SURFACE('',#7106,1.E0);
#7108=ORIENTED_EDGE('',*,*,#4164,.T.);
#7109=ORIENTED_EDGE('',*,*,#7072,.F.);
#7110=ORIENTED_EDGE('',*,*,#4404,.F.);
#7111=ORIENTED_EDGE('',*,*,#7096,.T.);
#7112=EDGE_LOOP('',(#7108,#7109,#7110,#7111));
#7113=FACE_OUTER_BOUND('',#7112,.F.);
#7114=ADVANCED_FACE('',(#7113),#7107,.F.);
#7115=CARTESIAN_POINT('',(-1.84E1,-3.8E1,1.E1));
#7116=DIRECTION('',(-1.E0,0.E0,0.E0));
#7117=DIRECTION('',(0.E0,0.E0,1.E0));
#7118=AXIS2_PLACEMENT_3D('',#7115,#7116,#7117);
#7119=PLANE('',#7118);
#7120=ORIENTED_EDGE('',*,*,#4172,.T.);
#7122=ORIENTED_EDGE('',*,*,#7121,.F.);
#7123=ORIENTED_EDGE('',*,*,#4408,.F.);
#7125=ORIENTED_EDGE('',*,*,#7124,.T.);
#7126=EDGE_LOOP('',(#7120,#7122,#7123,#7125));
#7127=FACE_OUTER_BOUND('',#7126,.F.);
#7128=ADVANCED_FACE('',(#7127),#7119,.F.);
#7129=CARTESIAN_POINT('',(-1.74E1,-3.8E1,8.E1));
#7130=DIRECTION('',(0.E0,1.E0,0.E0));
#7131=DIRECTION('',(1.E0,0.E0,0.E0));
#7132=AXIS2_PLACEMENT_3D('',#7129,#7130,#7131);
#7133=CYLINDRICAL_SURFACE('',#7132,1.E0);
#7134=ORIENTED_EDGE('',*,*,#4178,.T.);
#7136=ORIENTED_EDGE('',*,*,#7135,.F.);
#7137=ORIENTED_EDGE('',*,*,#4410,.F.);
#7138=ORIENTED_EDGE('',*,*,#7121,.T.);
#7139=EDGE_LOOP('',(#7134,#7136,#7137,#7138));
#7140=FACE_OUTER_BOUND('',#7139,.F.);
#7141=ADVANCED_FACE('',(#7140),#7133,.F.);
#7142=CARTESIAN_POINT('',(-1.64E1,-3.8E1,8.E1));
#7143=DIRECTION('',(1.E0,0.E0,0.E0));
#7144=DIRECTION('',(0.E0,0.E0,-1.E0));
#7145=AXIS2_PLACEMENT_3D('',#7142,#7143,#7144);
#7146=PLANE('',#7145);
#7147=ORIENTED_EDGE('',*,*,#4176,.T.);
#7149=ORIENTED_EDGE('',*,*,#7148,.F.);
#7150=ORIENTED_EDGE('',*,*,#4412,.F.);
#7151=ORIENTED_EDGE('',*,*,#7135,.T.);
#7152=EDGE_LOOP('',(#7147,#7149,#7150,#7151));
#7153=FACE_OUTER_BOUND('',#7152,.F.);
#7154=ADVANCED_FACE('',(#7153),#7146,.F.);
#7155=CARTESIAN_POINT('',(-1.74E1,-3.8E1,1.E1));
#7156=DIRECTION('',(0.E0,1.E0,0.E0));
#7157=DIRECTION('',(1.E0,0.E0,0.E0));
#7158=AXIS2_PLACEMENT_3D('',#7155,#7156,#7157);
#7159=CYLINDRICAL_SURFACE('',#7158,1.E0);
#7160=ORIENTED_EDGE('',*,*,#4174,.T.);
#7161=ORIENTED_EDGE('',*,*,#7124,.F.);
#7162=ORIENTED_EDGE('',*,*,#4414,.F.);
#7163=ORIENTED_EDGE('',*,*,#7148,.T.);
#7164=EDGE_LOOP('',(#7160,#7161,#7162,#7163));
#7165=FACE_OUTER_BOUND('',#7164,.F.);
#7166=ADVANCED_FACE('',(#7165),#7159,.F.);
#7167=CARTESIAN_POINT('',(-2.26E1,-3.8E1,1.E1));
#7168=DIRECTION('',(-1.E0,0.E0,0.E0));
#7169=DIRECTION('',(0.E0,0.E0,1.E0));
#7170=AXIS2_PLACEMENT_3D('',#7167,#7168,#7169);
#7171=PLANE('',#7170);
#7172=ORIENTED_EDGE('',*,*,#4182,.T.);
#7174=ORIENTED_EDGE('',*,*,#7173,.F.);
#7175=ORIENTED_EDGE('',*,*,#4418,.F.);
#7177=ORIENTED_EDGE('',*,*,#7176,.T.);
#7178=EDGE_LOOP('',(#7172,#7174,#7175,#7177));
#7179=FACE_OUTER_BOUND('',#7178,.F.);
#7180=ADVANCED_FACE('',(#7179),#7171,.F.);
#7181=CARTESIAN_POINT('',(-2.16E1,-3.8E1,8.E1));
#7182=DIRECTION('',(0.E0,1.E0,0.E0));
#7183=DIRECTION('',(1.E0,0.E0,0.E0));
#7184=AXIS2_PLACEMENT_3D('',#7181,#7182,#7183);
#7185=CYLINDRICAL_SURFACE('',#7184,1.E0);
#7186=ORIENTED_EDGE('',*,*,#4188,.T.);
#7188=ORIENTED_EDGE('',*,*,#7187,.F.);
#7189=ORIENTED_EDGE('',*,*,#4420,.F.);
#7190=ORIENTED_EDGE('',*,*,#7173,.T.);
#7191=EDGE_LOOP('',(#7186,#7188,#7189,#7190));
#7192=FACE_OUTER_BOUND('',#7191,.F.);
#7193=ADVANCED_FACE('',(#7192),#7185,.F.);
#7194=CARTESIAN_POINT('',(-2.06E1,-3.8E1,8.E1));
#7195=DIRECTION('',(1.E0,0.E0,0.E0));
#7196=DIRECTION('',(0.E0,0.E0,-1.E0));
#7197=AXIS2_PLACEMENT_3D('',#7194,#7195,#7196);
#7198=PLANE('',#7197);
#7199=ORIENTED_EDGE('',*,*,#4186,.T.);
#7201=ORIENTED_EDGE('',*,*,#7200,.F.);
#7202=ORIENTED_EDGE('',*,*,#4422,.F.);
#7203=ORIENTED_EDGE('',*,*,#7187,.T.);
#7204=EDGE_LOOP('',(#7199,#7201,#7202,#7203));
#7205=FACE_OUTER_BOUND('',#7204,.F.);
#7206=ADVANCED_FACE('',(#7205),#7198,.F.);
#7207=CARTESIAN_POINT('',(-2.16E1,-3.8E1,1.E1));
#7208=DIRECTION('',(0.E0,1.E0,0.E0));
#7209=DIRECTION('',(1.E0,0.E0,0.E0));
#7210=AXIS2_PLACEMENT_3D('',#7207,#7208,#7209);
#7211=CYLINDRICAL_SURFACE('',#7210,1.E0);
#7212=ORIENTED_EDGE('',*,*,#4184,.T.);
#7213=ORIENTED_EDGE('',*,*,#7176,.F.);
#7214=ORIENTED_EDGE('',*,*,#4424,.F.);
#7215=ORIENTED_EDGE('',*,*,#7200,.T.);
#7216=EDGE_LOOP('',(#7212,#7213,#7214,#7215));
#7217=FACE_OUTER_BOUND('',#7216,.F.);
#7218=ADVANCED_FACE('',(#7217),#7211,.F.);
#7219=CARTESIAN_POINT('',(-2.68E1,-3.8E1,1.E1));
#7220=DIRECTION('',(-1.E0,0.E0,0.E0));
#7221=DIRECTION('',(0.E0,0.E0,1.E0));
#7222=AXIS2_PLACEMENT_3D('',#7219,#7220,#7221);
#7223=PLANE('',#7222);
#7224=ORIENTED_EDGE('',*,*,#4192,.T.);
#7226=ORIENTED_EDGE('',*,*,#7225,.F.);
#7227=ORIENTED_EDGE('',*,*,#4428,.F.);
#7229=ORIENTED_EDGE('',*,*,#7228,.T.);
#7230=EDGE_LOOP('',(#7224,#7226,#7227,#7229));
#7231=FACE_OUTER_BOUND('',#7230,.F.);
#7232=ADVANCED_FACE('',(#7231),#7223,.F.);
#7233=CARTESIAN_POINT('',(-2.58E1,-3.8E1,8.E1));
#7234=DIRECTION('',(0.E0,1.E0,0.E0));
#7235=DIRECTION('',(1.E0,0.E0,0.E0));
#7236=AXIS2_PLACEMENT_3D('',#7233,#7234,#7235);
#7237=CYLINDRICAL_SURFACE('',#7236,1.E0);
#7238=ORIENTED_EDGE('',*,*,#4198,.T.);
#7240=ORIENTED_EDGE('',*,*,#7239,.F.);
#7241=ORIENTED_EDGE('',*,*,#4430,.F.);
#7242=ORIENTED_EDGE('',*,*,#7225,.T.);
#7243=EDGE_LOOP('',(#7238,#7240,#7241,#7242));
#7244=FACE_OUTER_BOUND('',#7243,.F.);
#7245=ADVANCED_FACE('',(#7244),#7237,.F.);
#7246=CARTESIAN_POINT('',(-2.48E1,-3.8E1,8.E1));
#7247=DIRECTION('',(1.E0,0.E0,0.E0));
#7248=DIRECTION('',(0.E0,0.E0,-1.E0));
#7249=AXIS2_PLACEMENT_3D('',#7246,#7247,#7248);
#7250=PLANE('',#7249);
#7251=ORIENTED_EDGE('',*,*,#4196,.T.);
#7253=ORIENTED_EDGE('',*,*,#7252,.F.);
#7254=ORIENTED_EDGE('',*,*,#4432,.F.);
#7255=ORIENTED_EDGE('',*,*,#7239,.T.);
#7256=EDGE_LOOP('',(#7251,#7253,#7254,#7255));
#7257=FACE_OUTER_BOUND('',#7256,.F.);
#7258=ADVANCED_FACE('',(#7257),#7250,.F.);
#7259=CARTESIAN_POINT('',(-2.58E1,-3.8E1,1.E1));
#7260=DIRECTION('',(0.E0,1.E0,0.E0));
#7261=DIRECTION('',(1.E0,0.E0,0.E0));
#7262=AXIS2_PLACEMENT_3D('',#7259,#7260,#7261);
#7263=CYLINDRICAL_SURFACE('',#7262,1.E0);
#7264=ORIENTED_EDGE('',*,*,#4194,.T.);
#7265=ORIENTED_EDGE('',*,*,#7228,.F.);
#7266=ORIENTED_EDGE('',*,*,#4434,.F.);
#7267=ORIENTED_EDGE('',*,*,#7252,.T.);
#7268=EDGE_LOOP('',(#7264,#7265,#7266,#7267));
#7269=FACE_OUTER_BOUND('',#7268,.F.);
#7270=ADVANCED_FACE('',(#7269),#7263,.F.);
#7271=CARTESIAN_POINT('',(-3.1E1,-3.8E1,1.E1));
#7272=DIRECTION('',(-1.E0,0.E0,0.E0));
#7273=DIRECTION('',(0.E0,0.E0,1.E0));
#7274=AXIS2_PLACEMENT_3D('',#7271,#7272,#7273);
#7275=PLANE('',#7274);
#7276=ORIENTED_EDGE('',*,*,#4202,.T.);
#7278=ORIENTED_EDGE('',*,*,#7277,.F.);
#7279=ORIENTED_EDGE('',*,*,#4438,.F.);
#7281=ORIENTED_EDGE('',*,*,#7280,.T.);
#7282=EDGE_LOOP('',(#7276,#7278,#7279,#7281));
#7283=FACE_OUTER_BOUND('',#7282,.F.);
#7284=ADVANCED_FACE('',(#7283),#7275,.F.);
#7285=CARTESIAN_POINT('',(-3.E1,-3.8E1,8.E1));
#7286=DIRECTION('',(0.E0,1.E0,0.E0));
#7287=DIRECTION('',(1.E0,0.E0,0.E0));
#7288=AXIS2_PLACEMENT_3D('',#7285,#7286,#7287);
#7289=CYLINDRICAL_SURFACE('',#7288,1.E0);
#7290=ORIENTED_EDGE('',*,*,#4208,.T.);
#7292=ORIENTED_EDGE('',*,*,#7291,.F.);
#7293=ORIENTED_EDGE('',*,*,#4440,.F.);
#7294=ORIENTED_EDGE('',*,*,#7277,.T.);
#7295=EDGE_LOOP('',(#7290,#7292,#7293,#7294));
#7296=FACE_OUTER_BOUND('',#7295,.F.);
#7297=ADVANCED_FACE('',(#7296),#7289,.F.);
#7298=CARTESIAN_POINT('',(-2.9E1,-3.8E1,8.E1));
#7299=DIRECTION('',(1.E0,0.E0,0.E0));
#7300=DIRECTION('',(0.E0,0.E0,-1.E0));
#7301=AXIS2_PLACEMENT_3D('',#7298,#7299,#7300);
#7302=PLANE('',#7301);
#7303=ORIENTED_EDGE('',*,*,#4206,.T.);
#7305=ORIENTED_EDGE('',*,*,#7304,.F.);
#7306=ORIENTED_EDGE('',*,*,#4442,.F.);
#7307=ORIENTED_EDGE('',*,*,#7291,.T.);
#7308=EDGE_LOOP('',(#7303,#7305,#7306,#7307));
#7309=FACE_OUTER_BOUND('',#7308,.F.);
#7310=ADVANCED_FACE('',(#7309),#7302,.F.);
#7311=CARTESIAN_POINT('',(-3.E1,-3.8E1,1.E1));
#7312=DIRECTION('',(0.E0,1.E0,0.E0));
#7313=DIRECTION('',(1.E0,0.E0,0.E0));
#7314=AXIS2_PLACEMENT_3D('',#7311,#7312,#7313);
#7315=CYLINDRICAL_SURFACE('',#7314,1.E0);
#7316=ORIENTED_EDGE('',*,*,#4204,.T.);
#7317=ORIENTED_EDGE('',*,*,#7280,.F.);
#7318=ORIENTED_EDGE('',*,*,#4444,.F.);
#7319=ORIENTED_EDGE('',*,*,#7304,.T.);
#7320=EDGE_LOOP('',(#7316,#7317,#7318,#7319));
#7321=FACE_OUTER_BOUND('',#7320,.F.);
#7322=ADVANCED_FACE('',(#7321),#7315,.F.);
#7323=CARTESIAN_POINT('',(-5.583346511927E1,-9.2144E1,8.734733057534E1));
#7324=DIRECTION('',(0.E0,1.E0,0.E0));
#7325=DIRECTION('',(0.E0,0.E0,-1.E0));
#7326=AXIS2_PLACEMENT_3D('',#7323,#7324,#7325);
#7327=CYLINDRICAL_SURFACE('',#7326,2.E0);
#7328=ORIENTED_EDGE('',*,*,#3473,.T.);
#7330=ORIENTED_EDGE('',*,*,#7329,.F.);
#7331=ORIENTED_EDGE('',*,*,#3556,.T.);
#7332=ORIENTED_EDGE('',*,*,#3539,.T.);
#7333=EDGE_LOOP('',(#7328,#7330,#7331,#7332));
#7334=FACE_OUTER_BOUND('',#7333,.F.);
#7335=ADVANCED_FACE('',(#7334),#7327,.T.);
#7336=CARTESIAN_POINT('',(-5.895596411847E1,0.E0,8.484733057534E1));
#7337=DIRECTION('',(0.E0,1.E0,0.E0));
#7338=DIRECTION('',(-1.E0,0.E0,0.E0));
#7339=AXIS2_PLACEMENT_3D('',#7336,#7337,#7338);
#7340=CYLINDRICAL_SURFACE('',#7339,2.E0);
#7342=ORIENTED_EDGE('',*,*,#7341,.T.);
#7343=ORIENTED_EDGE('',*,*,#3558,.T.);
#7344=ORIENTED_EDGE('',*,*,#7329,.T.);
#7345=ORIENTED_EDGE('',*,*,#3471,.F.);
#7346=EDGE_LOOP('',(#7342,#7343,#7344,#7345));
#7347=FACE_OUTER_BOUND('',#7346,.F.);
#7348=ADVANCED_FACE('',(#7347),#7340,.F.);
#7349=CARTESIAN_POINT('',(-6.207846311767E1,5.2144E1,8.734733057534E1));
#7350=DIRECTION('',(0.E0,-1.E0,0.E0));
#7351=DIRECTION('',(0.E0,0.E0,-1.E0));
#7352=AXIS2_PLACEMENT_3D('',#7349,#7350,#7351);
#7353=CYLINDRICAL_SURFACE('',#7352,2.E0);
#7354=ORIENTED_EDGE('',*,*,#3560,.T.);
#7355=ORIENTED_EDGE('',*,*,#7341,.F.);
#7356=ORIENTED_EDGE('',*,*,#3469,.T.);
#7357=ORIENTED_EDGE('',*,*,#3521,.T.);
#7358=EDGE_LOOP('',(#7354,#7355,#7356,#7357));
#7359=FACE_OUTER_BOUND('',#7358,.F.);
#7360=ADVANCED_FACE('',(#7359),#7353,.T.);
#7364=DIMENSIONAL_EXPONENTS(0.E0,0.E0,0.E0,0.E0,0.E0,0.E0,0.E0);
#7366=PLANE_ANGLE_MEASURE_WITH_UNIT(PLANE_ANGLE_MEASURE(1.745329251994E-2),
#7365);
#7367=(CONVERSION_BASED_UNIT('DEGREE',#7366)NAMED_UNIT(*)PLANE_ANGLE_UNIT());
#7369=UNCERTAINTY_MEASURE_WITH_UNIT(LENGTH_MEASURE(9.906E-3),#7363,'closure',
'Maximum model space distance between geometric entities at asserted connectivities');
#7370=(GEOMETRIC_REPRESENTATION_CONTEXT(3)GLOBAL_UNCERTAINTY_ASSIGNED_CONTEXT((
#7369))GLOBAL_UNIT_ASSIGNED_CONTEXT((#7363,#7367,#7368))REPRESENTATION_CONTEXT(
'ID1','3'));
#7372=APPLICATION_CONTEXT(
'CONFIGURATION CONTROLLED 3D DESIGNS OF MECHANICAL PARTS AND ASSEMBLIES');
#7373=APPLICATION_PROTOCOL_DEFINITION('international standard',
'config_control_design',1994,#7372);
#7374=DESIGN_CONTEXT('',#7372,'design');
#7375=MECHANICAL_CONTEXT('',#7372,'mechanical');
#7376=PRODUCT('PRT0001','PRT0001','NOT SPECIFIED',(#7375));
#7377=PRODUCT_DEFINITION_FORMATION_WITH_SPECIFIED_SOURCE('56','LAST_VERSION',
#7376,.MADE.);
#7381=PRODUCT_CATEGORY('part','');
#7382=PRODUCT_RELATED_PRODUCT_CATEGORY('detail','',(#7376));
#7383=PRODUCT_CATEGORY_RELATIONSHIP('','',#7381,#7382);
#7384=SECURITY_CLASSIFICATION_LEVEL('unclassified');
#7385=SECURITY_CLASSIFICATION('','',#7384);
#7386=CC_DESIGN_SECURITY_CLASSIFICATION(#7385,(#7377));
#7387=APPROVAL_STATUS('approved');
#7388=APPROVAL(#7387,'');
#7389=CC_DESIGN_APPROVAL(#7388,(#7385,#7377,#7378));
#7390=CALENDAR_DATE(125,8,7);
#7391=COORDINATED_UNIVERSAL_TIME_OFFSET(3,0,.AHEAD.);
#7392=LOCAL_TIME(12,14,1.9E1,#7391);
#7393=DATE_AND_TIME(#7390,#7392);
#7394=APPROVAL_DATE_TIME(#7393,#7388);
#7395=DATE_TIME_ROLE('creation_date');
#7396=CC_DESIGN_DATE_AND_TIME_ASSIGNMENT(#7393,#7395,(#7378));
#7397=DATE_TIME_ROLE('classification_date');
#7398=CC_DESIGN_DATE_AND_TIME_ASSIGNMENT(#7393,#7397,(#7385));
#7399=PERSON('UNSPECIFIED','UNSPECIFIED',$,$,$,$);
#7400=ORGANIZATION('UNSPECIFIED','UNSPECIFIED','UNSPECIFIED');
#7401=PERSON_AND_ORGANIZATION(#7399,#7400);
#7402=APPROVAL_ROLE('approver');
#7403=APPROVAL_PERSON_ORGANIZATION(#7401,#7388,#7402);
#7404=PERSON_AND_ORGANIZATION_ROLE('creator');
#7405=CC_DESIGN_PERSON_AND_ORGANIZATION_ASSIGNMENT(#7401,#7404,(#7377,#7378));
#7406=PERSON_AND_ORGANIZATION_ROLE('design_supplier');
#7407=CC_DESIGN_PERSON_AND_ORGANIZATION_ASSIGNMENT(#7401,#7406,(#7377));
#7408=PERSON_AND_ORGANIZATION_ROLE('classification_officer');
#7409=CC_DESIGN_PERSON_AND_ORGANIZATION_ASSIGNMENT(#7401,#7408,(#7385));
#7410=PERSON_AND_ORGANIZATION_ROLE('design_owner');
#7411=CC_DESIGN_PERSON_AND_ORGANIZATION_ASSIGNMENT(#7401,#7410,(#7376));
#9=CIRCLE('',#8,2.E0);
#14=CIRCLE('',#13,2.E0);
#19=CIRCLE('',#18,2.E0);
#28=CIRCLE('',#27,4.347330575340E0);
#37=CIRCLE('',#36,4.347330575340E0);
#46=CIRCLE('',#45,2.E0);
#51=CIRCLE('',#50,2.E0);
#56=CIRCLE('',#55,2.E0);
#73=CIRCLE('',#72,9.E0);
#82=CIRCLE('',#81,9.E0);
#120=B_SPLINE_CURVE_WITH_KNOTS('',3,(#115,#116,#117,#118,#119),.UNSPECIFIED.,
.F.,.F.,(4,1,4),(0.E0,5.E-1,1.E0),.UNSPECIFIED.);
#130=B_SPLINE_CURVE_WITH_KNOTS('',3,(#121,#122,#123,#124,#125,#126,#127,#128,
#129),.UNSPECIFIED.,.F.,.F.,(4,1,1,1,1,1,4),(0.E0,1.25E-1,2.5E-1,5.E-1,7.5E-1,
8.75E-1,1.E0),.UNSPECIFIED.);
#136=B_SPLINE_CURVE_WITH_KNOTS('',3,(#131,#132,#133,#134,#135),.UNSPECIFIED.,
.F.,.F.,(4,1,4),(0.E0,5.E-1,1.E0),.UNSPECIFIED.);
#147=B_SPLINE_CURVE_WITH_KNOTS('',3,(#141,#142,#143,#144,#145,#146),
.UNSPECIFIED.,.F.,.F.,(4,1,1,4),(0.E0,3.333333333333E-1,6.666666666667E-1,1.E0),
.UNSPECIFIED.);
#156=CIRCLE('',#155,7.E0);
#161=CIRCLE('',#160,7.E0);
#170=CIRCLE('',#169,2.652669424660E0);
#187=CIRCLE('',#186,2.5E0);
#196=CIRCLE('',#195,2.5E0);
#205=CIRCLE('',#204,2.5E0);
#214=CIRCLE('',#213,2.5E0);
#299=CIRCLE('',#298,2.5E0);
#308=CIRCLE('',#307,2.5E0);
#317=CIRCLE('',#316,2.5E0);
#326=CIRCLE('',#325,2.5E0);
#355=CIRCLE('',#354,2.E0);
#364=CIRCLE('',#363,2.E0);
#381=CIRCLE('',#380,2.E0);
#390=CIRCLE('',#389,2.E0);
#415=CIRCLE('',#414,2.E0);
#424=CIRCLE('',#423,2.E0);
#449=CIRCLE('',#448,2.E0);
#458=CIRCLE('',#457,2.E0);
#463=CIRCLE('',#462,9.E0);
#487=B_SPLINE_CURVE_WITH_KNOTS('',3,(#476,#477,#478,#479,#480,#481,#482,#483,
#484,#485,#486),.UNSPECIFIED.,.F.,.F.,(4,1,1,1,1,1,1,1,4),(0.E0,1.25E-1,2.5E-1,
3.75E-1,5.E-1,6.25E-1,7.5E-1,8.75E-1,1.E0),.UNSPECIFIED.);
#499=B_SPLINE_CURVE_WITH_KNOTS('',3,(#488,#489,#490,#491,#492,#493,#494,#495,
#496,#497,#498),.UNSPECIFIED.,.F.,.F.,(4,1,1,1,1,1,1,1,4),(0.E0,1.25E-1,2.5E-1,
3.75E-1,5.E-1,6.25E-1,7.5E-1,8.75E-1,1.E0),.UNSPECIFIED.);
#508=CIRCLE('',#507,9.E0);
#521=CIRCLE('',#520,9.E0);
#530=CIRCLE('',#529,9.E0);
#539=CIRCLE('',#538,9.E0);
#548=CIRCLE('',#547,9.E0);
#561=CIRCLE('',#560,1.E0);
#570=CIRCLE('',#569,1.E0);
#579=CIRCLE('',#578,1.E0);
#588=CIRCLE('',#587,1.E0);
#597=CIRCLE('',#596,1.E0);
#606=CIRCLE('',#605,1.E0);
#615=CIRCLE('',#614,1.E0);
#624=CIRCLE('',#623,1.E0);
#633=CIRCLE('',#632,1.E0);
#642=CIRCLE('',#641,1.E0);
#651=CIRCLE('',#650,1.E0);
#660=CIRCLE('',#659,1.E0);
#749=CIRCLE('',#748,2.5E0);
#754=CIRCLE('',#753,2.5E0);
#763=CIRCLE('',#762,2.5E0);
#776=CIRCLE('',#775,7.E0);
#785=CIRCLE('',#784,7.E0);
#810=CIRCLE('',#809,7.E0);
#819=CIRCLE('',#818,7.E0);
#832=CIRCLE('',#831,1.E0);
#841=CIRCLE('',#840,1.E0);
#850=CIRCLE('',#849,1.E0);
#859=CIRCLE('',#858,1.E0);
#868=CIRCLE('',#867,1.E0);
#877=CIRCLE('',#876,1.E0);
#886=CIRCLE('',#885,1.E0);
#895=CIRCLE('',#894,1.E0);
#904=CIRCLE('',#903,1.E0);
#913=CIRCLE('',#912,1.E0);
#922=CIRCLE('',#921,1.E0);
#931=CIRCLE('',#930,1.E0);
#948=CIRCLE('',#947,5.E-1);
#957=CIRCLE('',#956,3.535533905933E-1);
#974=CIRCLE('',#973,3.E0);
#983=CIRCLE('',#982,7.E0);
#988=CIRCLE('',#987,7.E0);
#997=CIRCLE('',#996,3.E0);
#1014=CIRCLE('',#1013,3.535533905933E-1);
#1023=CIRCLE('',#1022,5.E-1);
#1096=CIRCLE('',#1095,5.E-1);
#1105=CIRCLE('',#1104,3.535533905933E-1);
#1122=CIRCLE('',#1121,3.E0);
#1131=CIRCLE('',#1130,7.E0);
#1136=CIRCLE('',#1135,7.E0);
#1145=CIRCLE('',#1144,3.E0);
#1162=CIRCLE('',#1161,3.535533905933E-1);
#1171=CIRCLE('',#1170,5.E-1);
#1232=CIRCLE('',#1231,5.E0);
#1241=CIRCLE('',#1240,3.E0);
#1258=CIRCLE('',#1257,5.E-1);
#1267=CIRCLE('',#1266,5.E-1);
#1296=CIRCLE('',#1295,5.E-1);
#1305=CIRCLE('',#1304,5.E-1);
#1322=CIRCLE('',#1321,3.E0);
#1331=CIRCLE('',#1330,5.E0);
#1384=CIRCLE('',#1383,1.25E0);
#1394=B_SPLINE_CURVE_WITH_KNOTS('',3,(#1385,#1386,#1387,#1388,#1389,#1390,#1391,
#1392,#1393),.UNSPECIFIED.,.F.,.F.,(4,1,1,1,1,1,4),(0.E0,1.666666666667E-1,
3.333333333333E-1,5.E-1,6.666666666667E-1,8.333333333333E-1,1.E0),
.UNSPECIFIED.);
#1399=CIRCLE('',#1398,2.5E0);
#1409=B_SPLINE_CURVE_WITH_KNOTS('',3,(#1400,#1401,#1402,#1403,#1404,#1405,#1406,
#1407,#1408),.UNSPECIFIED.,.F.,.F.,(4,1,1,1,1,1,4),(0.E0,1.666666666667E-1,
3.333333333333E-1,5.E-1,6.666666666667E-1,8.333333333333E-1,1.E0),
.UNSPECIFIED.);
#1426=CIRCLE('',#1425,2.5E0);
#1431=CIRCLE('',#1430,2.5E0);
#1436=CIRCLE('',#1435,2.5E0);
#1441=CIRCLE('',#1440,2.5E0);
#1446=CIRCLE('',#1445,2.5E0);
#1459=CIRCLE('',#1458,2.5E0);
#1464=CIRCLE('',#1463,2.75E0);
#1473=CIRCLE('',#1472,2.75E0);
#1486=CIRCLE('',#1485,1.25E0);
#1496=B_SPLINE_CURVE_WITH_KNOTS('',3,(#1487,#1488,#1489,#1490,#1491,#1492,#1493,
#1494,#1495),.UNSPECIFIED.,.F.,.F.,(4,1,1,1,1,1,4),(0.E0,1.666666666667E-1,
3.333333333333E-1,5.E-1,6.666666666667E-1,8.333333333333E-1,1.E0),
.UNSPECIFIED.);
#1501=CIRCLE('',#1500,2.5E0);
#1511=B_SPLINE_CURVE_WITH_KNOTS('',3,(#1502,#1503,#1504,#1505,#1506,#1507,#1508,
#1509,#1510),.UNSPECIFIED.,.F.,.F.,(4,1,1,1,1,1,4),(0.E0,1.666666666667E-1,
3.333333333333E-1,5.E-1,6.666666666667E-1,8.333333333333E-1,1.E0),
.UNSPECIFIED.);
#1526=B_SPLINE_CURVE_WITH_KNOTS('',3,(#1520,#1521,#1522,#1523,#1524,#1525),
.UNSPECIFIED.,.F.,.F.,(4,1,1,4),(0.E0,3.333333333333E-1,6.666666666667E-1,1.E0),
.UNSPECIFIED.);
#1531=CIRCLE('',#1530,1.25E0);
#1538=B_SPLINE_CURVE_WITH_KNOTS('',3,(#1532,#1533,#1534,#1535,#1536,#1537),
.UNSPECIFIED.,.F.,.F.,(4,1,1,4),(0.E0,3.333333333333E-1,6.666666666667E-1,1.E0),
.UNSPECIFIED.);
#1543=CIRCLE('',#1542,1.25E0);
#1550=B_SPLINE_CURVE_WITH_KNOTS('',3,(#1544,#1545,#1546,#1547,#1548,#1549),
.UNSPECIFIED.,.F.,.F.,(4,1,1,4),(0.E0,3.333333333333E-1,6.666666666667E-1,1.E0),
.UNSPECIFIED.);
#1557=B_SPLINE_CURVE_WITH_KNOTS('',3,(#1551,#1552,#1553,#1554,#1555,#1556),
.UNSPECIFIED.,.F.,.F.,(4,1,1,4),(0.E0,3.333333333333E-1,6.666666666667E-1,1.E0),
.UNSPECIFIED.);
#1566=CIRCLE('',#1565,1.6E0);
#1575=CIRCLE('',#1574,1.6E0);
#1588=CIRCLE('',#1587,1.25E0);
#1595=B_SPLINE_CURVE_WITH_KNOTS('',3,(#1589,#1590,#1591,#1592,#1593,#1594),
.UNSPECIFIED.,.F.,.F.,(4,1,1,4),(0.E0,3.333333333333E-1,6.666666666667E-1,1.E0),
.UNSPECIFIED.);
#1600=CIRCLE('',#1599,1.6E0);
#1607=B_SPLINE_CURVE_WITH_KNOTS('',3,(#1601,#1602,#1603,#1604,#1605,#1606),
.UNSPECIFIED.,.F.,.F.,(4,1,1,4),(0.E0,3.333333333333E-1,6.666666666667E-1,1.E0),
.UNSPECIFIED.);
#1612=CIRCLE('',#1611,1.6E0);
#1619=B_SPLINE_CURVE_WITH_KNOTS('',3,(#1613,#1614,#1615,#1616,#1617,#1618),
.UNSPECIFIED.,.F.,.F.,(4,1,1,4),(0.E0,3.333333333333E-1,6.666666666667E-1,1.E0),
.UNSPECIFIED.);
#1624=CIRCLE('',#1623,1.25E0);
#1631=B_SPLINE_CURVE_WITH_KNOTS('',3,(#1625,#1626,#1627,#1628,#1629,#1630),
.UNSPECIFIED.,.F.,.F.,(4,1,1,4),(0.E0,3.333333333333E-1,6.666666666667E-1,1.E0),
.UNSPECIFIED.);
#1656=CIRCLE('',#1655,1.25E0);
#1666=B_SPLINE_CURVE_WITH_KNOTS('',3,(#1657,#1658,#1659,#1660,#1661,#1662,#1663,
#1664,#1665),.UNSPECIFIED.,.F.,.F.,(4,1,1,1,1,1,4),(0.E0,1.666666666667E-1,
3.333333333333E-1,5.E-1,6.666666666667E-1,8.333333333333E-1,1.E0),
.UNSPECIFIED.);
#1671=CIRCLE('',#1670,2.5E0);
#1681=B_SPLINE_CURVE_WITH_KNOTS('',3,(#1672,#1673,#1674,#1675,#1676,#1677,#1678,
#1679,#1680),.UNSPECIFIED.,.F.,.F.,(4,1,1,1,1,1,4),(0.E0,1.666666666667E-1,
3.333333333333E-1,5.E-1,6.666666666667E-1,8.333333333333E-1,1.E0),
.UNSPECIFIED.);
#1694=CIRCLE('',#1693,1.25E0);
#1701=B_SPLINE_CURVE_WITH_KNOTS('',3,(#1695,#1696,#1697,#1698,#1699,#1700),
.UNSPECIFIED.,.F.,.F.,(4,1,1,4),(0.E0,3.333333333333E-1,6.666666666667E-1,1.E0),
.UNSPECIFIED.);
#1706=CIRCLE('',#1705,1.6E0);
#1713=B_SPLINE_CURVE_WITH_KNOTS('',3,(#1707,#1708,#1709,#1710,#1711,#1712),
.UNSPECIFIED.,.F.,.F.,(4,1,1,4),(0.E0,3.333333333333E-1,6.666666666667E-1,1.E0),
.UNSPECIFIED.);
#1718=CIRCLE('',#1717,1.6E0);
#1725=B_SPLINE_CURVE_WITH_KNOTS('',3,(#1719,#1720,#1721,#1722,#1723,#1724),
.UNSPECIFIED.,.F.,.F.,(4,1,1,4),(0.E0,3.333333333333E-1,6.666666666667E-1,1.E0),
.UNSPECIFIED.);
#1730=CIRCLE('',#1729,1.25E0);
#1737=B_SPLINE_CURVE_WITH_KNOTS('',3,(#1731,#1732,#1733,#1734,#1735,#1736),
.UNSPECIFIED.,.F.,.F.,(4,1,1,4),(0.E0,3.333333333333E-1,6.666666666667E-1,1.E0),
.UNSPECIFIED.);
#1746=CIRCLE('',#1745,1.6E0);
#1755=CIRCLE('',#1754,1.6E0);
#1770=B_SPLINE_CURVE_WITH_KNOTS('',3,(#1764,#1765,#1766,#1767,#1768,#1769),
.UNSPECIFIED.,.F.,.F.,(4,1,1,4),(0.E0,3.333333333333E-1,6.666666666667E-1,1.E0),
.UNSPECIFIED.);
#1775=CIRCLE('',#1774,1.25E0);
#1782=B_SPLINE_CURVE_WITH_KNOTS('',3,(#1776,#1777,#1778,#1779,#1780,#1781),
.UNSPECIFIED.,.F.,.F.,(4,1,1,4),(0.E0,3.333333333333E-1,6.666666666667E-1,1.E0),
.UNSPECIFIED.);
#1787=CIRCLE('',#1786,1.25E0);
#1794=B_SPLINE_CURVE_WITH_KNOTS('',3,(#1788,#1789,#1790,#1791,#1792,#1793),
.UNSPECIFIED.,.F.,.F.,(4,1,1,4),(0.E0,3.333333333333E-1,6.666666666667E-1,1.E0),
.UNSPECIFIED.);
#1801=B_SPLINE_CURVE_WITH_KNOTS('',3,(#1795,#1796,#1797,#1798,#1799,#1800),
.UNSPECIFIED.,.F.,.F.,(4,1,1,4),(0.E0,3.333333333333E-1,6.666666666667E-1,1.E0),
.UNSPECIFIED.);
#1815=B_SPLINE_CURVE_WITH_KNOTS('',3,(#1806,#1807,#1808,#1809,#1810,#1811,#1812,
#1813,#1814),.UNSPECIFIED.,.F.,.F.,(4,1,1,1,1,1,4),(0.E0,1.666666666667E-1,
3.333333333333E-1,5.E-1,6.666666666667E-1,8.333333333333E-1,1.E0),
.UNSPECIFIED.);
#1828=CIRCLE('',#1827,1.25E0);
#1834=B_SPLINE_CURVE_WITH_KNOTS('',3,(#1829,#1830,#1831,#1832,#1833),
.UNSPECIFIED.,.F.,.F.,(4,1,4),(0.E0,5.E-1,1.E0),.UNSPECIFIED.);
#1841=B_SPLINE_CURVE_WITH_KNOTS('',3,(#1835,#1836,#1837,#1838,#1839,#1840),
.UNSPECIFIED.,.F.,.F.,(4,1,1,4),(0.E0,3.333333333333E-1,6.666666666667E-1,1.E0),
.UNSPECIFIED.);
#1851=B_SPLINE_CURVE_WITH_KNOTS('',3,(#1842,#1843,#1844,#1845,#1846,#1847,#1848,
#1849,#1850),.UNSPECIFIED.,.F.,.F.,(4,1,1,1,1,1,4),(0.E0,1.666666666667E-1,
3.333333333333E-1,5.E-1,6.666666666667E-1,8.333333333333E-1,1.E0),
.UNSPECIFIED.);
#1948=CIRCLE('',#1947,1.5E1);
#1961=CIRCLE('',#1960,1.5E0);
#1970=CIRCLE('',#1969,2.E0);
#1975=CIRCLE('',#1974,1.5E1);
#1988=CIRCLE('',#1987,2.E0);
#1997=CIRCLE('',#1996,1.5E0);
#2046=CIRCLE('',#2045,2.652669424660E0);
#2071=CIRCLE('',#2070,4.347330575340E0);
#2088=CIRCLE('',#2087,4.347330575340E0);
#2105=CIRCLE('',#2104,2.652669424660E0);
#2112=B_SPLINE_CURVE_WITH_KNOTS('',3,(#2106,#2107,#2108,#2109,#2110,#2111),
.UNSPECIFIED.,.F.,.F.,(4,1,1,4),(0.E0,3.333333333333E-1,6.666666666667E-1,1.E0),
.UNSPECIFIED.);
#2121=CIRCLE('',#2120,7.E0);
#2126=CIRCLE('',#2125,7.E0);
#2147=CIRCLE('',#2146,4.347330575340E0);
#2152=CIRCLE('',#2151,7.E0);
#2157=CIRCLE('',#2156,7.E0);
#2162=CIRCLE('',#2161,7.E0);
#2199=CIRCLE('',#2198,2.652669424660E0);
#2209=B_SPLINE_CURVE_WITH_KNOTS('',3,(#2204,#2205,#2206,#2207,#2208),
.UNSPECIFIED.,.F.,.F.,(4,1,4),(0.E0,5.E-1,1.E0),.UNSPECIFIED.);
#2219=B_SPLINE_CURVE_WITH_KNOTS('',3,(#2210,#2211,#2212,#2213,#2214,#2215,#2216,
#2217,#2218),.UNSPECIFIED.,.F.,.F.,(4,1,1,1,1,1,4),(0.E0,1.25E-1,2.5E-1,5.E-1,
7.5E-1,8.75E-1,1.E0),.UNSPECIFIED.);
#2225=B_SPLINE_CURVE_WITH_KNOTS('',3,(#2220,#2221,#2222,#2223,#2224),
.UNSPECIFIED.,.F.,.F.,(4,1,4),(0.E0,5.E-1,1.E0),.UNSPECIFIED.);
#2269=B_SPLINE_CURVE_WITH_KNOTS('',3,(#2258,#2259,#2260,#2261,#2262,#2263,#2264,
#2265,#2266,#2267,#2268),.UNSPECIFIED.,.F.,.F.,(4,1,1,1,1,1,1,1,4),(0.E0,
1.25E-1,2.5E-1,3.75E-1,5.E-1,6.25E-1,7.5E-1,8.75E-1,1.E0),.UNSPECIFIED.);
#2281=B_SPLINE_CURVE_WITH_KNOTS('',3,(#2270,#2271,#2272,#2273,#2274,#2275,#2276,
#2277,#2278,#2279,#2280),.UNSPECIFIED.,.F.,.F.,(4,1,1,1,1,1,1,1,4),(0.E0,
1.25E-1,2.5E-1,3.75E-1,5.E-1,6.25E-1,7.5E-1,8.75E-1,1.E0),.UNSPECIFIED.);
#2322=CIRCLE('',#2321,4.347330575340E0);
#2339=CIRCLE('',#2338,4.347330575340E0);
#2348=CIRCLE('',#2347,7.E0);
#2353=CIRCLE('',#2352,7.E0);
#2358=CIRCLE('',#2357,7.E0);
#2367=CIRCLE('',#2366,4.347330575340E0);
#2424=CIRCLE('',#2423,8.9E0);
#2437=CIRCLE('',#2436,5.E-1);
#2446=CIRCLE('',#2445,2.E0);
#2467=CIRCLE('',#2466,2.E0);
#2476=CIRCLE('',#2475,5.E-1);
#2489=CIRCLE('',#2488,8.9E0);
#2522=CIRCLE('',#2521,8.9E0);
#2535=CIRCLE('',#2534,5.E-1);
#2544=CIRCLE('',#2543,2.E0);
#2565=CIRCLE('',#2564,2.E0);
#2574=CIRCLE('',#2573,5.E-1);
#2587=CIRCLE('',#2586,8.9E0);
#2621=B_SPLINE_CURVE_WITH_KNOTS('',3,(#2616,#2617,#2618,#2619,#2620),
.UNSPECIFIED.,.F.,.F.,(4,1,4),(0.E0,5.E-1,1.E0),.UNSPECIFIED.);
#3467=EDGE_CURVE('',#3322,#3323,#4,.T.);
#3469=EDGE_CURVE('',#3361,#3323,#9,.T.);
#3471=EDGE_CURVE('',#3361,#3363,#14,.T.);
#3473=EDGE_CURVE('',#3325,#3363,#19,.T.);
#3475=EDGE_CURVE('',#3325,#3291,#23,.T.);
#3477=EDGE_CURVE('',#3291,#3295,#28,.T.);
#3479=EDGE_CURVE('',#3295,#3299,#32,.T.);
#3481=EDGE_CURVE('',#3299,#3303,#37,.T.);
#3483=EDGE_CURVE('',#3303,#3333,#41,.T.);
#3485=EDGE_CURVE('',#3358,#3333,#46,.T.);
#3487=EDGE_CURVE('',#3358,#3353,#51,.T.);
#3489=EDGE_CURVE('',#3336,#3353,#56,.T.);
#3491=EDGE_CURVE('',#3336,#3337,#60,.T.);
#3493=EDGE_CURVE('',#3337,#3349,#64,.T.);
#3495=EDGE_CURVE('',#3345,#3349,#2241,.T.);
#3497=EDGE_CURVE('',#2745,#3345,#68,.T.);
#3499=EDGE_CURVE('',#2743,#2745,#73,.T.);
#3501=EDGE_CURVE('',#2737,#2743,#77,.T.);
#3503=EDGE_CURVE('',#2735,#2737,#82,.T.);
#3505=EDGE_CURVE('',#3347,#2735,#86,.T.);
#3507=EDGE_CURVE('',#3351,#3347,#2257,.T.);
#3509=EDGE_CURVE('',#3351,#3322,#90,.T.);
#3519=EDGE_CURVE('',#3316,#3317,#94,.T.);
#3521=EDGE_CURVE('',#3323,#3317,#98,.T.);
#3524=EDGE_CURVE('',#3316,#3322,#102,.T.);
#3534=EDGE_CURVE('',#3319,#3290,#106,.T.);
#3536=EDGE_CURVE('',#3290,#3291,#2334,.T.);
#3539=EDGE_CURVE('',#3319,#3325,#110,.T.);
#3549=EDGE_CURVE('',#3385,#3316,#114,.T.);
#3551=EDGE_CURVE('',#3385,#3305,#242,.T.);
#3553=EDGE_CURVE('',#3305,#3290,#2343,.T.);
#3556=EDGE_CURVE('',#3365,#3319,#120,.T.);
#3558=EDGE_CURVE('',#3359,#3365,#130,.T.);
#3560=EDGE_CURVE('',#3317,#3359,#136,.T.);
#3571=EDGE_CURVE('',#3382,#3385,#140,.T.);
#3576=EDGE_CURVE('',#3351,#3382,#2253,.T.);
#3586=EDGE_CURVE('',#3436,#3437,#147,.T.);
#3588=EDGE_CURVE('',#3441,#3437,#151,.T.);
#3590=EDGE_CURVE('',#3440,#3441,#156,.T.);
#3592=EDGE_CURVE('',#3385,#3440,#246,.T.);
#3595=EDGE_CURVE('',#3378,#3382,#2269,.T.);
#3597=EDGE_CURVE('',#3378,#3343,#161,.T.);
#3599=EDGE_CURVE('',#3343,#2753,#2415,.T.);
#3601=EDGE_CURVE('',#2752,#2753,#785,.T.);
#3603=EDGE_CURVE('',#2752,#3436,#165,.T.);
#3614=EDGE_CURVE('',#3436,#3443,#174,.T.);
#3616=EDGE_CURVE('',#3443,#3437,#170,.T.);
#3627=EDGE_CURVE('',#3436,#3411,#226,.T.);
#3629=EDGE_CURVE('',#3401,#3411,#178,.T.);
#3631=EDGE_CURVE('',#3401,#3443,#182,.T.);
#3642=EDGE_CURVE('',#2752,#2757,#780,.T.);
#3644=EDGE_CURVE('',#3411,#2757,#222,.T.);
#3649=EDGE_CURVE('',#3448,#3449,#187,.T.);
#3651=EDGE_CURVE('',#3461,#3448,#191,.T.);
#3653=EDGE_CURVE('',#3459,#3461,#196,.T.);
#3655=EDGE_CURVE('',#3457,#3459,#200,.T.);
#3657=EDGE_CURVE('',#3455,#3457,#205,.T.);
#3659=EDGE_CURVE('',#3453,#3455,#209,.T.);
#3661=EDGE_CURVE('',#3451,#3453,#214,.T.);
#3663=EDGE_CURVE('',#3449,#3451,#218,.T.);
#3673=EDGE_CURVE('',#3434,#3440,#230,.T.);
#3675=EDGE_CURVE('',#3434,#3407,#234,.T.);
#3677=EDGE_CURVE('',#3305,#3407,#238,.T.);
#3690=EDGE_CURVE('',#3449,#3229,#254,.T.);
#3692=EDGE_CURVE('',#3227,#3229,#364,.T.);
#3694=EDGE_CURVE('',#3448,#3227,#250,.T.);
#3705=EDGE_CURVE('',#3451,#3231,#258,.T.);
#3707=EDGE_CURVE('',#3229,#3231,#376,.T.);
#3719=EDGE_CURVE('',#3453,#3233,#262,.T.);
#3721=EDGE_CURVE('',#3231,#3233,#390,.T.);
#3733=EDGE_CURVE('',#3455,#3235,#266,.T.);
#3735=EDGE_CURVE('',#3233,#3235,#402,.T.);
#3747=EDGE_CURVE('',#3457,#3237,#270,.T.);
#3749=EDGE_CURVE('',#3235,#3237,#424,.T.);
#3761=EDGE_CURVE('',#3459,#3223,#274,.T.);
#3763=EDGE_CURVE('',#3237,#3223,#436,.T.);
#3775=EDGE_CURVE('',#3461,#3225,#278,.T.);
#3777=EDGE_CURVE('',#3223,#3225,#458,.T.);
#3790=EDGE_CURVE('',#3225,#3227,#290,.T.);
#3801=EDGE_CURVE('',#3205,#3209,#282,.T.);
#3803=EDGE_CURVE('',#3209,#3225,#286,.T.);
#3806=EDGE_CURVE('',#3205,#3227,#359,.T.);
#3816=EDGE_CURVE('',#3203,#3207,#321,.T.);
#3818=EDGE_CURVE('',#3207,#3209,#444,.T.);
#3821=EDGE_CURVE('',#3203,#3205,#294,.T.);
#3831=EDGE_CURVE('',#3383,#2728,#467,.T.);
#3833=EDGE_CURVE('',#3347,#3383,#334,.T.);
#3836=EDGE_CURVE('',#2735,#2733,#338,.T.);
#3838=EDGE_CURVE('',#2728,#2733,#534,.T.);
#3842=EDGE_CURVE('',#3192,#3193,#299,.T.);
#3844=EDGE_CURVE('',#3219,#3192,#303,.T.);
#3846=EDGE_CURVE('',#3215,#3219,#308,.T.);
#3848=EDGE_CURVE('',#3211,#3215,#312,.T.);
#3850=EDGE_CURVE('',#3207,#3211,#317,.T.);
#3853=EDGE_CURVE('',#3199,#3203,#326,.T.);
#3855=EDGE_CURVE('',#3193,#3199,#330,.T.);
#3866=EDGE_CURVE('',#3193,#3197,#346,.T.);
#3868=EDGE_CURVE('',#3196,#3197,#381,.T.);
#3870=EDGE_CURVE('',#3192,#3196,#342,.T.);
#3881=EDGE_CURVE('',#3199,#3201,#350,.T.);
#3883=EDGE_CURVE('',#3197,#3201,#368,.T.);
#3896=EDGE_CURVE('',#3201,#3205,#355,.T.);
#3910=EDGE_CURVE('',#3201,#3229,#372,.T.);
#3923=EDGE_CURVE('',#3197,#3231,#385,.T.);
#3936=EDGE_CURVE('',#3196,#3233,#398,.T.);
#3946=EDGE_CURVE('',#3221,#3196,#394,.T.);
#3950=EDGE_CURVE('',#3221,#3235,#419,.T.);
#3963=EDGE_CURVE('',#3219,#3221,#406,.T.);
#3975=EDGE_CURVE('',#3217,#3221,#415,.T.);
#3977=EDGE_CURVE('',#3215,#3217,#410,.T.);
#3990=EDGE_CURVE('',#3217,#3237,#432,.T.);
#4000=EDGE_CURVE('',#3213,#3217,#428,.T.);
#4004=EDGE_CURVE('',#3213,#3223,#453,.T.);
#4017=EDGE_CURVE('',#3211,#3213,#440,.T.);
#4029=EDGE_CURVE('',#3209,#3213,#449,.T.);
#4052=EDGE_CURVE('',#3379,#3341,#463,.T.);
#4054=EDGE_CURVE('',#3383,#3379,#2281,.T.);
#4057=EDGE_CURVE('',#2728,#2729,#530,.T.);
#4059=EDGE_CURVE('',#3341,#2729,#672,.T.);
#4069=EDGE_CURVE('',#3368,#3369,#471,.T.);
#4071=EDGE_CURVE('',#3339,#3369,#2121,.T.);
#4073=EDGE_CURVE('',#3339,#3343,#2419,.T.);
#4076=EDGE_CURVE('',#3378,#3379,#475,.T.);
#4079=EDGE_CURVE('',#3313,#3341,#668,.T.);
#4081=EDGE_CURVE('',#3313,#3368,#508,.T.);
#4092=EDGE_CURVE('',#3368,#3372,#487,.T.);
#4094=EDGE_CURVE('',#3372,#3373,#2237,.T.);
#4096=EDGE_CURVE('',#3373,#3369,#499,.T.);
#4106=EDGE_CURVE('',#2725,#3372,#503,.T.);
#4110=EDGE_CURVE('',#3313,#2724,#664,.T.);
#4112=EDGE_CURVE('',#2724,#2725,#521,.T.);
#4123=EDGE_CURVE('',#2740,#2725,#552,.T.);
#4125=EDGE_CURVE('',#2745,#2740,#512,.T.);
#4128=EDGE_CURVE('',#3345,#3372,#516,.T.);
#4139=EDGE_CURVE('',#2724,#2729,#525,.T.);
#4143=EDGE_CURVE('',#2732,#2733,#539,.T.);
#4145=EDGE_CURVE('',#2732,#2741,#543,.T.);
#4147=EDGE_CURVE('',#2740,#2741,#548,.T.);
#4152=EDGE_CURVE('',#3032,#3033,#556,.T.);
#4154=EDGE_CURVE('',#3037,#3032,#561,.T.);
#4156=EDGE_CURVE('',#3035,#3037,#565,.T.);
#4158=EDGE_CURVE('',#3033,#3035,#570,.T.);
#4162=EDGE_CURVE('',#3048,#3049,#574,.T.);
#4164=EDGE_CURVE('',#3053,#3048,#579,.T.);
#4166=EDGE_CURVE('',#3051,#3053,#583,.T.);
#4168=EDGE_CURVE('',#3049,#3051,#588,.T.);
#4172=EDGE_CURVE('',#3064,#3065,#592,.T.);
#4174=EDGE_CURVE('',#3069,#3064,#597,.T.);
#4176=EDGE_CURVE('',#3067,#3069,#601,.T.);
#4178=EDGE_CURVE('',#3065,#3067,#606,.T.);
#4182=EDGE_CURVE('',#3080,#3081,#610,.T.);
#4184=EDGE_CURVE('',#3085,#3080,#615,.T.);
#4186=EDGE_CURVE('',#3083,#3085,#619,.T.);
#4188=EDGE_CURVE('',#3081,#3083,#624,.T.);
#4192=EDGE_CURVE('',#3096,#3097,#628,.T.);
#4194=EDGE_CURVE('',#3101,#3096,#633,.T.);
#4196=EDGE_CURVE('',#3099,#3101,#637,.T.);
#4198=EDGE_CURVE('',#3097,#3099,#642,.T.);
#4202=EDGE_CURVE('',#3112,#3113,#646,.T.);
#4204=EDGE_CURVE('',#3117,#3112,#651,.T.);
#4206=EDGE_CURVE('',#3115,#3117,#655,.T.);
#4208=EDGE_CURVE('',#3113,#3115,#660,.T.);
#4233=EDGE_CURVE('',#2737,#2732,#676,.T.);
#4245=EDGE_CURVE('',#2743,#2741,#680,.T.);
#4269=EDGE_CURVE('',#3041,#3033,#688,.T.);
#4271=EDGE_CURVE('',#3040,#3041,#827,.T.);
#4273=EDGE_CURVE('',#3040,#3032,#684,.T.);
#4284=EDGE_CURVE('',#3043,#3035,#692,.T.);
#4286=EDGE_CURVE('',#3041,#3043,#832,.T.);
#4298=EDGE_CURVE('',#3045,#3037,#696,.T.);
#4300=EDGE_CURVE('',#3043,#3045,#836,.T.);
#4313=EDGE_CURVE('',#3045,#3040,#841,.T.);
#4324=EDGE_CURVE('',#3012,#3013,#758,.T.);
#4326=EDGE_CURVE('',#3013,#3015,#763,.T.);
#4328=EDGE_CURVE('',#3017,#3015,#767,.T.);
#4330=EDGE_CURVE('',#2756,#3017,#771,.T.);
#4332=EDGE_CURVE('',#2756,#2757,#776,.T.);
#4336=EDGE_CURVE('',#2824,#2753,#789,.T.);
#4338=EDGE_CURVE('',#2820,#2824,#793,.T.);
#4340=EDGE_CURVE('',#2792,#2820,#797,.T.);
#4342=EDGE_CURVE('',#2788,#2792,#801,.T.);
#4344=EDGE_CURVE('',#2748,#2788,#805,.T.);
#4346=EDGE_CURVE('',#2748,#2749,#810,.T.);
#4348=EDGE_CURVE('',#2760,#2749,#814,.T.);
#4350=EDGE_CURVE('',#2760,#2761,#819,.T.);
#4352=EDGE_CURVE('',#3012,#2761,#823,.T.);
#4356=EDGE_CURVE('',#2948,#2949,#716,.T.);
#4358=EDGE_CURVE('',#2948,#2952,#720,.T.);
#4360=EDGE_CURVE('',#2952,#2953,#724,.T.);
#4362=EDGE_CURVE('',#2949,#2953,#728,.T.);
#4366=EDGE_CURVE('',#3000,#3001,#732,.T.);
#4368=EDGE_CURVE('',#3000,#3004,#736,.T.);
#4370=EDGE_CURVE('',#3004,#3005,#740,.T.);
#4372=EDGE_CURVE('',#3001,#3005,#744,.T.);
#4376=EDGE_CURVE('',#3008,#3009,#749,.T.);
#4378=EDGE_CURVE('',#3009,#3008,#754,.T.);
#4382=EDGE_CURVE('',#2900,#2901,#700,.T.);
#4384=EDGE_CURVE('',#2900,#2904,#704,.T.);
#4386=EDGE_CURVE('',#2904,#2905,#708,.T.);
#4388=EDGE_CURVE('',#2901,#2905,#712,.T.);
#4398=EDGE_CURVE('',#3056,#3057,#845,.T.);
#4400=EDGE_CURVE('',#3057,#3059,#850,.T.);
#4402=EDGE_CURVE('',#3059,#3061,#854,.T.);
#4404=EDGE_CURVE('',#3061,#3056,#859,.T.);
#4408=EDGE_CURVE('',#3072,#3073,#863,.T.);
#4410=EDGE_CURVE('',#3073,#3075,#868,.T.);
#4412=EDGE_CURVE('',#3075,#3077,#872,.T.);
#4414=EDGE_CURVE('',#3077,#3072,#877,.T.);
#4418=EDGE_CURVE('',#3088,#3089,#881,.T.);
#4420=EDGE_CURVE('',#3089,#3091,#886,.T.);
#4422=EDGE_CURVE('',#3091,#3093,#890,.T.);
#4424=EDGE_CURVE('',#3093,#3088,#895,.T.);
#4428=EDGE_CURVE('',#3104,#3105,#899,.T.);
#4430=EDGE_CURVE('',#3105,#3107,#904,.T.);
#4432=EDGE_CURVE('',#3107,#3109,#908,.T.);
#4434=EDGE_CURVE('',#3109,#3104,#913,.T.);
#4438=EDGE_CURVE('',#3120,#3121,#917,.T.);
#4440=EDGE_CURVE('',#3121,#3123,#922,.T.);
#4442=EDGE_CURVE('',#3123,#3125,#926,.T.);
#4444=EDGE_CURVE('',#3125,#3120,#931,.T.);
#4455=EDGE_CURVE('',#2901,#2860,#935,.T.);
#4457=EDGE_CURVE('',#2860,#2861,#939,.T.);
#4459=EDGE_CURVE('',#2861,#2863,#943,.T.);
#4461=EDGE_CURVE('',#2863,#2865,#948,.T.);
#4463=EDGE_CURVE('',#2865,#3127,#952,.T.);
#4465=EDGE_CURVE('',#3127,#2868,#957,.T.);
#4467=EDGE_CURVE('',#2868,#2869,#961,.T.);
#4469=EDGE_CURVE('',#2869,#2871,#965,.T.);
#4471=EDGE_CURVE('',#2871,#2873,#969,.T.);
#4473=EDGE_CURVE('',#2873,#2875,#974,.T.);
#4475=EDGE_CURVE('',#2875,#2877,#978,.T.);
#4477=EDGE_CURVE('',#2877,#2900,#983,.T.);
#4488=EDGE_CURVE('',#2905,#2880,#1035,.T.);
#4490=EDGE_CURVE('',#2860,#2880,#1079,.T.);
#4502=EDGE_CURVE('',#2897,#2904,#988,.T.);
#4504=EDGE_CURVE('',#2895,#2897,#992,.T.);
#4506=EDGE_CURVE('',#2893,#2895,#997,.T.);
#4508=EDGE_CURVE('',#2891,#2893,#1001,.T.);
#4510=EDGE_CURVE('',#2889,#2891,#1005,.T.);
#4512=EDGE_CURVE('',#2888,#2889,#1009,.T.);
#4514=EDGE_CURVE('',#3129,#2888,#1014,.T.);
#4516=EDGE_CURVE('',#2885,#3129,#1018,.T.);
#4518=EDGE_CURVE('',#2883,#2885,#1023,.T.);
#4520=EDGE_CURVE('',#2881,#2883,#1027,.T.);
#4522=EDGE_CURVE('',#2880,#2881,#1031,.T.);
#4535=EDGE_CURVE('',#2877,#2897,#1039,.T.);
#4547=EDGE_CURVE('',#2875,#2895,#1043,.T.);
#4560=EDGE_CURVE('',#2873,#2893,#1047,.T.);
#4573=EDGE_CURVE('',#2871,#2891,#1051,.T.);
#4586=EDGE_CURVE('',#2869,#2889,#1055,.T.);
#4599=EDGE_CURVE('',#2868,#2888,#1059,.T.);
#4612=EDGE_CURVE('',#3127,#3129,#1063,.T.);
#4625=EDGE_CURVE('',#2865,#2885,#1067,.T.);
#4638=EDGE_CURVE('',#2863,#2883,#1071,.T.);
#4651=EDGE_CURVE('',#2861,#2881,#1075,.T.);
#4676=EDGE_CURVE('',#2949,#2908,#1083,.T.);
#4678=EDGE_CURVE('',#2908,#2909,#1087,.T.);
#4680=EDGE_CURVE('',#2909,#2911,#1091,.T.);
#4682=EDGE_CURVE('',#2911,#2913,#1096,.T.);
#4684=EDGE_CURVE('',#2913,#3131,#1100,.T.);
#4686=EDGE_CURVE('',#3131,#2916,#1105,.T.);
#4688=EDGE_CURVE('',#2916,#2917,#1109,.T.);
#4690=EDGE_CURVE('',#2917,#2919,#1113,.T.);
#4692=EDGE_CURVE('',#2919,#2921,#1117,.T.);
#4694=EDGE_CURVE('',#2921,#2923,#1122,.T.);
#4696=EDGE_CURVE('',#2923,#2925,#1126,.T.);
#4698=EDGE_CURVE('',#2925,#2948,#1131,.T.);
#4709=EDGE_CURVE('',#2953,#2928,#1183,.T.);
#4711=EDGE_CURVE('',#2908,#2928,#1227,.T.);
#4723=EDGE_CURVE('',#2945,#2952,#1136,.T.);
#4725=EDGE_CURVE('',#2943,#2945,#1140,.T.);
#4727=EDGE_CURVE('',#2941,#2943,#1145,.T.);
#4729=EDGE_CURVE('',#2939,#2941,#1149,.T.);
#4731=EDGE_CURVE('',#2937,#2939,#1153,.T.);
#4733=EDGE_CURVE('',#2936,#2937,#1157,.T.);
#4735=EDGE_CURVE('',#3133,#2936,#1162,.T.);
#4737=EDGE_CURVE('',#2933,#3133,#1166,.T.);
#4739=EDGE_CURVE('',#2931,#2933,#1171,.T.);
#4741=EDGE_CURVE('',#2929,#2931,#1175,.T.);
#4743=EDGE_CURVE('',#2928,#2929,#1179,.T.);
#4756=EDGE_CURVE('',#2925,#2945,#1187,.T.);
#4768=EDGE_CURVE('',#2923,#2943,#1191,.T.);
#4781=EDGE_CURVE('',#2921,#2941,#1195,.T.);
#4794=EDGE_CURVE('',#2919,#2939,#1199,.T.);
#4807=EDGE_CURVE('',#2917,#2937,#1203,.T.);
#4820=EDGE_CURVE('',#2916,#2936,#1207,.T.);
#4833=EDGE_CURVE('',#3131,#3133,#1211,.T.);
#4846=EDGE_CURVE('',#2913,#2933,#1215,.T.);
#4859=EDGE_CURVE('',#2911,#2931,#1219,.T.);
#4872=EDGE_CURVE('',#2909,#2929,#1223,.T.);
#4897=EDGE_CURVE('',#3001,#2964,#1232,.T.);
#4899=EDGE_CURVE('',#2964,#2965,#1236,.T.);
#4901=EDGE_CURVE('',#2965,#2967,#1241,.T.);
#4903=EDGE_CURVE('',#2967,#2969,#1245,.T.);
#4905=EDGE_CURVE('',#2969,#2971,#1249,.T.);
#4907=EDGE_CURVE('',#2971,#2973,#1253,.T.);
#4909=EDGE_CURVE('',#2973,#2975,#1258,.T.);
#4911=EDGE_CURVE('',#2975,#2956,#1262,.T.);
#4913=EDGE_CURVE('',#2956,#2957,#1267,.T.);
#4915=EDGE_CURVE('',#2957,#2959,#1271,.T.);
#4917=EDGE_CURVE('',#2959,#2961,#1275,.T.);
#4919=EDGE_CURVE('',#2961,#3000,#1279,.T.);
#4930=EDGE_CURVE('',#3005,#2986,#1331,.T.);
#4932=EDGE_CURVE('',#2964,#2986,#1375,.T.);
#4944=EDGE_CURVE('',#2983,#3004,#1283,.T.);
#4946=EDGE_CURVE('',#2981,#2983,#1287,.T.);
#4948=EDGE_CURVE('',#2979,#2981,#1291,.T.);
#4950=EDGE_CURVE('',#2978,#2979,#1296,.T.);
#4952=EDGE_CURVE('',#2997,#2978,#1300,.T.);
#4954=EDGE_CURVE('',#2995,#2997,#1305,.T.);
#4956=EDGE_CURVE('',#2993,#2995,#1309,.T.);
#4958=EDGE_CURVE('',#2991,#2993,#1313,.T.);
#4960=EDGE_CURVE('',#2989,#2991,#1317,.T.);
#4962=EDGE_CURVE('',#2987,#2989,#1322,.T.);
#4964=EDGE_CURVE('',#2986,#2987,#1326,.T.);
#4977=EDGE_CURVE('',#2961,#2983,#1335,.T.);
#4989=EDGE_CURVE('',#2959,#2981,#1339,.T.);
#5002=EDGE_CURVE('',#2957,#2979,#1343,.T.);
#5015=EDGE_CURVE('',#2956,#2978,#1347,.T.);
#5028=EDGE_CURVE('',#2975,#2997,#1351,.T.);
#5041=EDGE_CURVE('',#2973,#2995,#1355,.T.);
#5054=EDGE_CURVE('',#2971,#2993,#1359,.T.);
#5067=EDGE_CURVE('',#2969,#2991,#1363,.T.);
#5080=EDGE_CURVE('',#2967,#2989,#1367,.T.);
#5093=EDGE_CURVE('',#2965,#2987,#1371,.T.);
#5117=EDGE_CURVE('',#3185,#3184,#1399,.T.);
#5119=EDGE_CURVE('',#3185,#3025,#1431,.T.);
#5121=EDGE_CURVE('',#3009,#3025,#2633,.T.);
#5124=EDGE_CURVE('',#3008,#3023,#1379,.T.);
#5126=EDGE_CURVE('',#3023,#3184,#1436,.T.);
#5216=EDGE_CURVE('',#3175,#3177,#1384,.T.);
#5218=EDGE_CURVE('',#3177,#3185,#1394,.T.);
#5221=EDGE_CURVE('',#3184,#3175,#1409,.T.);
#5231=EDGE_CURVE('',#3175,#3169,#1413,.T.);
#5233=EDGE_CURVE('',#3160,#3169,#1543,.T.);
#5235=EDGE_CURVE('',#3177,#3160,#1417,.T.);
#5246=EDGE_CURVE('',#3184,#3185,#1421,.T.);
#5250=EDGE_CURVE('',#3160,#3161,#1557,.T.);
#5252=EDGE_CURVE('',#3161,#3165,#1583,.T.);
#5254=EDGE_CURVE('',#3156,#3165,#1631,.T.);
#5256=EDGE_CURVE('',#3156,#3157,#1639,.T.);
#5258=EDGE_CURVE('',#3173,#3157,#1619,.T.);
#5260=EDGE_CURVE('',#3168,#3173,#1579,.T.);
#5262=EDGE_CURVE('',#3168,#3169,#1550,.T.);
#5274=EDGE_CURVE('',#3188,#3189,#1481,.T.);
#5276=EDGE_CURVE('',#3025,#3188,#1426,.T.);
#5281=EDGE_CURVE('',#3189,#3023,#1441,.T.);
#5291=EDGE_CURVE('',#3286,#3287,#1651,.T.);
#5293=EDGE_CURVE('',#3027,#3286,#1446,.T.);
#5295=EDGE_CURVE('',#3283,#3027,#1450,.T.);
#5297=EDGE_CURVE('',#3282,#3283,#1805,.T.);
#5299=EDGE_CURVE('',#3029,#3282,#1454,.T.);
#5301=EDGE_CURVE('',#3287,#3029,#1459,.T.);
#5311=EDGE_CURVE('',#3264,#3265,#1464,.T.);
#5313=EDGE_CURVE('',#3019,#3265,#1468,.T.);
#5315=EDGE_CURVE('',#3019,#3264,#1923,.T.);
#5325=EDGE_CURVE('',#3268,#3269,#1473,.T.);
#5327=EDGE_CURVE('',#3269,#3021,#1919,.T.);
#5329=EDGE_CURVE('',#3268,#3021,#1477,.T.);
#5340=EDGE_CURVE('',#3181,#3189,#1496,.T.);
#5342=EDGE_CURVE('',#3181,#3166,#1519,.T.);
#5344=EDGE_CURVE('',#3166,#3167,#1526,.T.);
#5346=EDGE_CURVE('',#3167,#3171,#1561,.T.);
#5348=EDGE_CURVE('',#3153,#3171,#1595,.T.);
#5350=EDGE_CURVE('',#3152,#3153,#1635,.T.);
#5352=EDGE_CURVE('',#3163,#3152,#1607,.T.);
#5354=EDGE_CURVE('',#3158,#3163,#1570,.T.);
#5356=EDGE_CURVE('',#3158,#3159,#1538,.T.);
#5358=EDGE_CURVE('',#3179,#3159,#1515,.T.);
#5360=EDGE_CURVE('',#3188,#3179,#1511,.T.);
#5450=EDGE_CURVE('',#3179,#3181,#1486,.T.);
#5453=EDGE_CURVE('',#3189,#3188,#1501,.T.);
#5465=EDGE_CURVE('',#3166,#3159,#1531,.T.);
#5477=EDGE_CURVE('',#3167,#3158,#1566,.T.);
#5492=EDGE_CURVE('',#3161,#3168,#1575,.T.);
#5503=EDGE_CURVE('',#3171,#3163,#1600,.T.);
#5518=EDGE_CURVE('',#3165,#3173,#1612,.T.);
#5529=EDGE_CURVE('',#3152,#3153,#1588,.T.);
#5544=EDGE_CURVE('',#3157,#3156,#1624,.T.);
#5575=EDGE_CURVE('',#3240,#3241,#1643,.T.);
#5577=EDGE_CURVE('',#3240,#3241,#1775,.T.);
#5587=EDGE_CURVE('',#3244,#3245,#1647,.T.);
#5589=EDGE_CURVE('',#3245,#3244,#1787,.T.);
#5600=EDGE_CURVE('',#3277,#3287,#1666,.T.);
#5602=EDGE_CURVE('',#3277,#3252,#1689,.T.);
#5604=EDGE_CURVE('',#3252,#3249,#1713,.T.);
#5606=EDGE_CURVE('',#3249,#3246,#1750,.T.);
#5608=EDGE_CURVE('',#3241,#3246,#1782,.T.);
#5611=EDGE_CURVE('',#3254,#3240,#1770,.T.);
#5613=EDGE_CURVE('',#3257,#3254,#1741,.T.);
#5615=EDGE_CURVE('',#3257,#3260,#1701,.T.);
#5617=EDGE_CURVE('',#3275,#3260,#1685,.T.);
#5619=EDGE_CURVE('',#3286,#3275,#1681,.T.);
#5709=EDGE_CURVE('',#3275,#3277,#1656,.T.);
#5712=EDGE_CURVE('',#3287,#3286,#1671,.T.);
#5724=EDGE_CURVE('',#3252,#3260,#1694,.T.);
#5738=EDGE_CURVE('',#3257,#3249,#1706,.T.);
#5749=EDGE_CURVE('',#3251,#3259,#1718,.T.);
#5751=EDGE_CURVE('',#3261,#3259,#1725,.T.);
#5753=EDGE_CURVE('',#3261,#3253,#1730,.T.);
#5755=EDGE_CURVE('',#3251,#3253,#1737,.T.);
#5767=EDGE_CURVE('',#3254,#3246,#1746,.T.);
#5778=EDGE_CURVE('',#3247,#3255,#1755,.T.);
#5780=EDGE_CURVE('',#3259,#3255,#1759,.T.);
#5783=EDGE_CURVE('',#3251,#3247,#1763,.T.);
#5806=EDGE_CURVE('',#3244,#3255,#1794,.T.);
#5809=EDGE_CURVE('',#3247,#3245,#1801,.T.);
#5820=EDGE_CURVE('',#3279,#3283,#1823,.T.);
#5822=EDGE_CURVE('',#3273,#3279,#1815,.T.);
#5824=EDGE_CURVE('',#3273,#3261,#1859,.T.);
#5833=EDGE_CURVE('',#3271,#3253,#1855,.T.);
#5835=EDGE_CURVE('',#3278,#3271,#1851,.T.);
#5837=EDGE_CURVE('',#3282,#3278,#1819,.T.);
#5848=EDGE_CURVE('',#3279,#3265,#1834,.T.);
#5852=EDGE_CURVE('',#3013,#3027,#2629,.T.);
#5855=EDGE_CURVE('',#3012,#3019,#1927,.T.);
#5865=EDGE_CURVE('',#3271,#3273,#1828,.T.);
#5870=EDGE_CURVE('',#3264,#3269,#1841,.T.);
#5873=EDGE_CURVE('',#3268,#3278,#2621,.T.);
#5896=EDGE_CURVE('',#3404,#3405,#1895,.T.);
#5898=EDGE_CURVE('',#3309,#3405,#1899,.T.);
#5900=EDGE_CURVE('',#3307,#3309,#1903,.T.);
#5902=EDGE_CURVE('',#3307,#3404,#1907,.T.);
#5912=EDGE_CURVE('',#3413,#2756,#1911,.T.);
#5915=EDGE_CURVE('',#3017,#3021,#1915,.T.);
#5922=EDGE_CURVE('',#3415,#2761,#1931,.T.);
#5924=EDGE_CURVE('',#3413,#3415,#1935,.T.);
#5928=EDGE_CURVE('',#2844,#2845,#1863,.T.);
#5930=EDGE_CURVE('',#2844,#2852,#1867,.T.);
#5932=EDGE_CURVE('',#2852,#2853,#1871,.T.);
#5934=EDGE_CURVE('',#2845,#2853,#1875,.T.);
#5938=EDGE_CURVE('',#2848,#2849,#1879,.T.);
#5940=EDGE_CURVE('',#2848,#2856,#1883,.T.);
#5942=EDGE_CURVE('',#2856,#2857,#1887,.T.);
#5944=EDGE_CURVE('',#2849,#2857,#1891,.T.);
#5955=EDGE_CURVE('',#2845,#2832,#1939,.T.);
#5957=EDGE_CURVE('',#2832,#2833,#1943,.T.);
#5959=EDGE_CURVE('',#2833,#2844,#1948,.T.);
#5970=EDGE_CURVE('',#2849,#2828,#1952,.T.);
#5972=EDGE_CURVE('',#2828,#2829,#1956,.T.);
#5974=EDGE_CURVE('',#2829,#3143,#1961,.T.);
#5976=EDGE_CURVE('',#3143,#3145,#1965,.T.);
#5978=EDGE_CURVE('',#3145,#2848,#1970,.T.);
#5989=EDGE_CURVE('',#2853,#2840,#1983,.T.);
#5991=EDGE_CURVE('',#2832,#2840,#2013,.T.);
#6003=EDGE_CURVE('',#2841,#2852,#1975,.T.);
#6005=EDGE_CURVE('',#2840,#2841,#1979,.T.);
#6017=EDGE_CURVE('',#3149,#2856,#1988,.T.);
#6019=EDGE_CURVE('',#3147,#3149,#1992,.T.);
#6021=EDGE_CURVE('',#2837,#3147,#1997,.T.);
#6023=EDGE_CURVE('',#2836,#2837,#2001,.T.);
#6025=EDGE_CURVE('',#2857,#2836,#2005,.T.);
#6037=EDGE_CURVE('',#2833,#2841,#2009,.T.);
#6062=EDGE_CURVE('',#3145,#3149,#2017,.T.);
#6074=EDGE_CURVE('',#3143,#3147,#2021,.T.);
#6087=EDGE_CURVE('',#2829,#2837,#2025,.T.);
#6100=EDGE_CURVE('',#2828,#2836,#2029,.T.);
#6124=EDGE_CURVE('',#3434,#3435,#2033,.T.);
#6126=EDGE_CURVE('',#3400,#3435,#2058,.T.);
#6128=EDGE_CURVE('',#3396,#3400,#2071,.T.);
#6130=EDGE_CURVE('',#3392,#3396,#2079,.T.);
#6132=EDGE_CURVE('',#3388,#3392,#2088,.T.);
#6134=EDGE_CURVE('',#3421,#3388,#2100,.T.);
#6136=EDGE_CURVE('',#3420,#3421,#2037,.T.);
#6138=EDGE_CURVE('',#3409,#3420,#2190,.T.);
#6140=EDGE_CURVE('',#3409,#3405,#2152,.T.);
#6143=EDGE_CURVE('',#3404,#3407,#2348,.T.);
#6154=EDGE_CURVE('',#3440,#3445,#2041,.T.);
#6156=EDGE_CURVE('',#3435,#3445,#2062,.T.);
#6169=EDGE_CURVE('',#3445,#3441,#2046,.T.);
#6182=EDGE_CURVE('',#3443,#3445,#2050,.T.);
#6195=EDGE_CURVE('',#3400,#3401,#2054,.T.);
#6207=EDGE_CURVE('',#3396,#3397,#2066,.T.);
#6211=EDGE_CURVE('',#3397,#3401,#2367,.T.);
#6221=EDGE_CURVE('',#3392,#3393,#2075,.T.);
#6225=EDGE_CURVE('',#3393,#3397,#2375,.T.);
#6235=EDGE_CURVE('',#3388,#3389,#2083,.T.);
#6239=EDGE_CURVE('',#3389,#3393,#2147,.T.);
#6249=EDGE_CURVE('',#3429,#3431,#2092,.T.);
#6251=EDGE_CURVE('',#3431,#3421,#2096,.T.);
#6255=EDGE_CURVE('',#3429,#3389,#2138,.T.);
#6265=EDGE_CURVE('',#3425,#3422,#2130,.T.);
#6267=EDGE_CURVE('',#3431,#3425,#2199,.T.);
#6270=EDGE_CURVE('',#3429,#3422,#2105,.T.);
#6280=EDGE_CURVE('',#3422,#3423,#2112,.T.);
#6282=EDGE_CURVE('',#3423,#2749,#2116,.T.);
#6285=EDGE_CURVE('',#3339,#2748,#2387,.T.);
#6289=EDGE_CURVE('',#3373,#3375,#2233,.T.);
#6291=EDGE_CURVE('',#3427,#3375,#2178,.T.);
#6293=EDGE_CURVE('',#3425,#3427,#2126,.T.);
#6306=EDGE_CURVE('',#3423,#3429,#2134,.T.);
#6318=EDGE_CURVE('',#3389,#3417,#2142,.T.);
#6320=EDGE_CURVE('',#3417,#3423,#2166,.T.);
#6330=EDGE_CURVE('',#3417,#3415,#2162,.T.);
#6334=EDGE_CURVE('',#3393,#3415,#2371,.T.);
#6345=EDGE_CURVE('',#3311,#3409,#2186,.T.);
#6347=EDGE_CURVE('',#3311,#3309,#2157,.T.);
#6360=EDGE_CURVE('',#3417,#2760,#2170,.T.);
#6383=EDGE_CURVE('',#3427,#3420,#2174,.T.);
#6386=EDGE_CURVE('',#3311,#3375,#2182,.T.);
#6398=EDGE_CURVE('',#3427,#3431,#2194,.T.);
#6422=EDGE_CURVE('',#3331,#3375,#2203,.T.);
#6424=EDGE_CURVE('',#3330,#3331,#2297,.T.);
#6426=EDGE_CURVE('',#3355,#3330,#2209,.T.);
#6428=EDGE_CURVE('',#3356,#3355,#2219,.T.);
#6430=EDGE_CURVE('',#3327,#3356,#2225,.T.);
#6432=EDGE_CURVE('',#3302,#3327,#2285,.T.);
#6434=EDGE_CURVE('',#3311,#3302,#2229,.T.);
#6446=EDGE_CURVE('',#3349,#3373,#2245,.T.);
#6449=EDGE_CURVE('',#3331,#3337,#2301,.T.);
#6472=EDGE_CURVE('',#3382,#3383,#2249,.T.);
#6498=EDGE_CURVE('',#3333,#3327,#2289,.T.);
#6501=EDGE_CURVE('',#3302,#3303,#2293,.T.);
#6514=EDGE_CURVE('',#3330,#3336,#2305,.T.);
#6525=EDGE_CURVE('',#3358,#3356,#2313,.T.);
#6537=EDGE_CURVE('',#3355,#3353,#2309,.T.);
#6562=EDGE_CURVE('',#3298,#3299,#2317,.T.);
#6564=EDGE_CURVE('',#3298,#3302,#2322,.T.);
#6576=EDGE_CURVE('',#3294,#3295,#2326,.T.);
#6578=EDGE_CURVE('',#3294,#3298,#2330,.T.);
#6591=EDGE_CURVE('',#3290,#3294,#2339,.T.);
#6604=EDGE_CURVE('',#3307,#3305,#2353,.T.);
#6606=EDGE_CURVE('',#3307,#3294,#2379,.T.);
#6632=EDGE_CURVE('',#3413,#3411,#2358,.T.);
#6643=EDGE_CURVE('',#3397,#3413,#2362,.T.);
#6669=EDGE_CURVE('',#3309,#3298,#2383,.T.);
#6694=EDGE_CURVE('',#2788,#2789,#2391,.T.);
#6696=EDGE_CURVE('',#2789,#2793,#2395,.T.);
#6698=EDGE_CURVE('',#2792,#2793,#2399,.T.);
#6701=EDGE_CURVE('',#2820,#2821,#2403,.T.);
#6703=EDGE_CURVE('',#2821,#2825,#2407,.T.);
#6705=EDGE_CURVE('',#2824,#2825,#2411,.T.);
#6719=EDGE_CURVE('',#2788,#2770,#2424,.T.);
#6721=EDGE_CURVE('',#2770,#2771,#2428,.T.);
#6723=EDGE_CURVE('',#2771,#2773,#2432,.T.);
#6725=EDGE_CURVE('',#2773,#3135,#2437,.T.);
#6727=EDGE_CURVE('',#3135,#2764,#2441,.T.);
#6729=EDGE_CURVE('',#2764,#2765,#2446,.T.);
#6731=EDGE_CURVE('',#2765,#2767,#2450,.T.);
#6733=EDGE_CURVE('',#2767,#2789,#2454,.T.);
#6745=EDGE_CURVE('',#2792,#2782,#2489,.T.);
#6747=EDGE_CURVE('',#2770,#2782,#2517,.T.);
#6758=EDGE_CURVE('',#2779,#2793,#2458,.T.);
#6760=EDGE_CURVE('',#2777,#2779,#2462,.T.);
#6762=EDGE_CURVE('',#2776,#2777,#2467,.T.);
#6764=EDGE_CURVE('',#3137,#2776,#2471,.T.);
#6766=EDGE_CURVE('',#2785,#3137,#2476,.T.);
#6768=EDGE_CURVE('',#2783,#2785,#2480,.T.);
#6770=EDGE_CURVE('',#2782,#2783,#2484,.T.);
#6783=EDGE_CURVE('',#2767,#2779,#2493,.T.);
#6795=EDGE_CURVE('',#2765,#2777,#2497,.T.);
#6808=EDGE_CURVE('',#2764,#2776,#2501,.T.);
#6821=EDGE_CURVE('',#3135,#3137,#2505,.T.);
#6834=EDGE_CURVE('',#2773,#2785,#2509,.T.);
#6847=EDGE_CURVE('',#2771,#2783,#2513,.T.);
#6872=EDGE_CURVE('',#2820,#2802,#2522,.T.);
#6874=EDGE_CURVE('',#2802,#2803,#2526,.T.);
#6876=EDGE_CURVE('',#2803,#2805,#2530,.T.);
#6878=EDGE_CURVE('',#2805,#3139,#2535,.T.);
#6880=EDGE_CURVE('',#3139,#2796,#2539,.T.);
#6882=EDGE_CURVE('',#2796,#2797,#2544,.T.);
#6884=EDGE_CURVE('',#2797,#2799,#2548,.T.);
#6886=EDGE_CURVE('',#2799,#2821,#2552,.T.);
#6898=EDGE_CURVE('',#2824,#2814,#2587,.T.);
#6900=EDGE_CURVE('',#2802,#2814,#2615,.T.);
#6911=EDGE_CURVE('',#2811,#2825,#2556,.T.);
#6913=EDGE_CURVE('',#2809,#2811,#2560,.T.);
#6915=EDGE_CURVE('',#2808,#2809,#2565,.T.);
#6917=EDGE_CURVE('',#3141,#2808,#2569,.T.);
#6919=EDGE_CURVE('',#2817,#3141,#2574,.T.);
#6921=EDGE_CURVE('',#2815,#2817,#2578,.T.);
#6923=EDGE_CURVE('',#2814,#2815,#2582,.T.);
#6936=EDGE_CURVE('',#2799,#2811,#2591,.T.);
#6948=EDGE_CURVE('',#2797,#2809,#2595,.T.);
#6961=EDGE_CURVE('',#2796,#2808,#2599,.T.);
#6974=EDGE_CURVE('',#3139,#3141,#2603,.T.);
#6987=EDGE_CURVE('',#2805,#2817,#2607,.T.);
#7000=EDGE_CURVE('',#2803,#2815,#2611,.T.);
#7030=EDGE_CURVE('',#3015,#3029,#2625,.T.);
#7069=EDGE_CURVE('',#3057,#3049,#2641,.T.);
#7072=EDGE_CURVE('',#3056,#3048,#2637,.T.);
#7083=EDGE_CURVE('',#3059,#3051,#2645,.T.);
#7096=EDGE_CURVE('',#3061,#3053,#2649,.T.);
#7121=EDGE_CURVE('',#3073,#3065,#2657,.T.);
#7124=EDGE_CURVE('',#3072,#3064,#2653,.T.);
#7135=EDGE_CURVE('',#3075,#3067,#2661,.T.);
#7148=EDGE_CURVE('',#3077,#3069,#2665,.T.);
#7173=EDGE_CURVE('',#3089,#3081,#2673,.T.);
#7176=EDGE_CURVE('',#3088,#3080,#2669,.T.);
#7187=EDGE_CURVE('',#3091,#3083,#2677,.T.);
#7200=EDGE_CURVE('',#3093,#3085,#2681,.T.);
#7225=EDGE_CURVE('',#3105,#3097,#2689,.T.);
#7228=EDGE_CURVE('',#3104,#3096,#2685,.T.);
#7239=EDGE_CURVE('',#3107,#3099,#2693,.T.);
#7252=EDGE_CURVE('',#3109,#3101,#2697,.T.);
#7277=EDGE_CURVE('',#3121,#3113,#2705,.T.);
#7280=EDGE_CURVE('',#3120,#3112,#2701,.T.);
#7291=EDGE_CURVE('',#3123,#3115,#2709,.T.);
#7304=EDGE_CURVE('',#3125,#3117,#2713,.T.);
#7329=EDGE_CURVE('',#3365,#3363,#2721,.T.);
#7341=EDGE_CURVE('',#3361,#3359,#2717,.T.);
#7361=CLOSED_SHELL('',(#3513,#3528,#3543,#3565,#3580,#3607,#3620,#3635,#3667,
#3683,#3698,#3712,#3726,#3740,#3754,#3768,#3782,#3795,#3810,#3825,#3859,#3874,
#3888,#3901,#3914,#3927,#3940,#3954,#3967,#3981,#3994,#4008,#4021,#4034,#4046,
#4063,#4085,#4100,#4116,#4132,#4212,#4224,#4237,#4250,#4262,#4277,#4291,#4305,
#4318,#4448,#4481,#4495,#4527,#4540,#4553,#4566,#4579,#4592,#4605,#4618,#4631,
#4644,#4657,#4669,#4702,#4716,#4748,#4761,#4774,#4787,#4800,#4813,#4826,#4839,
#4852,#4865,#4878,#4890,#4923,#4937,#4969,#4982,#4995,#5008,#5021,#5034,#5047,
#5060,#5073,#5086,#5099,#5111,#5130,#5225,#5240,#5268,#5285,#5305,#5319,#5333,
#5364,#5458,#5471,#5484,#5497,#5510,#5523,#5536,#5549,#5559,#5569,#5581,#5593,
#5623,#5717,#5730,#5743,#5759,#5772,#5787,#5799,#5813,#5841,#5859,#5878,#5890,
#5906,#5948,#5963,#5982,#5996,#6010,#6029,#6042,#6054,#6067,#6080,#6093,#6106,
#6118,#6148,#6162,#6174,#6187,#6201,#6215,#6229,#6243,#6259,#6274,#6298,#6310,
#6324,#6338,#6352,#6365,#6377,#6392,#6405,#6416,#6439,#6454,#6466,#6479,#6491,
#6505,#6518,#6531,#6544,#6556,#6570,#6584,#6597,#6611,#6623,#6636,#6649,#6661,
#6674,#6686,#6712,#6737,#6751,#6775,#6788,#6801,#6814,#6827,#6840,#6853,#6865,
#6890,#6904,#6928,#6941,#6954,#6967,#6980,#6993,#7006,#7018,#7034,#7048,#7062,
#7076,#7089,#7102,#7114,#7128,#7141,#7154,#7166,#7180,#7193,#7206,#7218,#7232,
#7245,#7258,#7270,#7284,#7297,#7310,#7322,#7335,#7348,#7360));
#7362=MANIFOLD_SOLID_BREP('',#7361);
#7363=(LENGTH_UNIT()NAMED_UNIT(*)SI_UNIT(.MILLI.,.METRE.));
#7365=(NAMED_UNIT(*)PLANE_ANGLE_UNIT()SI_UNIT($,.RADIAN.));
#7368=(NAMED_UNIT(*)SI_UNIT($,.STERADIAN.)SOLID_ANGLE_UNIT());
#7371=ADVANCED_BREP_SHAPE_REPRESENTATION('',(#7362),#7370);
#7378=PRODUCT_DEFINITION('design','',#7377,#7374);
#7379=PRODUCT_DEFINITION_SHAPE('','SHAPE FOR PRT0001.',#7378);
#7380=SHAPE_DEFINITION_REPRESENTATION(#7379,#7371);
ENDSEC;
END-ISO-10303-21;
