ISO-10303-21;
HEADER;
FILE_DESCRIPTION((''),'2;1');
FILE_NAME('PRT0001','2025-07-03T02:35:11',('rizz'),(''),
'CREO PARAMETRIC BY PTC INC, 2025102','CREO PARAMETRIC BY PTC INC, 2025102','');
FILE_SCHEMA(('CONFIG_CONTROL_DESIGN'));
ENDSEC;
DATA;
#1=CARTESIAN_POINT('',(-8.1E1,0.E0,9.E0));
#2=DIRECTION('',(0.E0,1.E0,0.E0));
#3=DIRECTION('',(0.E0,0.E0,-1.E0));
#4=AXIS2_PLACEMENT_3D('',#1,#2,#3);
#6=DIRECTION('',(-1.E0,0.E0,0.E0));
#7=VECTOR('',#6,7.2E1);
#8=CARTESIAN_POINT('',(-9.E0,0.E0,0.E0));
#9=LINE('',#8,#7);
#10=CARTESIAN_POINT('',(-9.E0,0.E0,9.E0));
#11=DIRECTION('',(0.E0,1.E0,0.E0));
#12=DIRECTION('',(1.E0,0.E0,0.E0));
#13=AXIS2_PLACEMENT_3D('',#10,#11,#12);
#15=DIRECTION('',(0.E0,0.E0,-1.E0));
#16=VECTOR('',#15,7.2E1);
#17=CARTESIAN_POINT('',(0.E0,0.E0,8.1E1));
#18=LINE('',#17,#16);
#19=CARTESIAN_POINT('',(-9.E0,0.E0,8.1E1));
#20=DIRECTION('',(0.E0,1.E0,0.E0));
#21=DIRECTION('',(0.E0,0.E0,1.E0));
#22=AXIS2_PLACEMENT_3D('',#19,#20,#21);
#24=DIRECTION('',(1.E0,0.E0,0.E0));
#25=VECTOR('',#24,7.2E1);
#26=CARTESIAN_POINT('',(-8.1E1,0.E0,9.E1));
#27=LINE('',#26,#25);
#28=CARTESIAN_POINT('',(-8.1E1,0.E0,8.1E1));
#29=DIRECTION('',(0.E0,1.E0,0.E0));
#30=DIRECTION('',(-1.E0,0.E0,0.E0));
#31=AXIS2_PLACEMENT_3D('',#28,#29,#30);
#33=DIRECTION('',(0.E0,0.E0,1.E0));
#34=VECTOR('',#33,7.2E1);
#35=CARTESIAN_POINT('',(-9.E1,0.E0,9.E0));
#36=LINE('',#35,#34);
#37=DIRECTION('',(-1.E0,0.E0,0.E0));
#38=VECTOR('',#37,7.2E1);
#39=CARTESIAN_POINT('',(-9.E0,0.E0,2.E0));
#40=LINE('',#39,#38);
#41=CARTESIAN_POINT('',(-8.1E1,0.E0,9.E0));
#42=DIRECTION('',(0.E0,-1.E0,0.E0));
#43=DIRECTION('',(-1.E0,0.E0,0.E0));
#44=AXIS2_PLACEMENT_3D('',#41,#42,#43);
#46=DIRECTION('',(0.E0,0.E0,1.E0));
#47=VECTOR('',#46,7.2E1);
#48=CARTESIAN_POINT('',(-8.8E1,0.E0,9.E0));
#49=LINE('',#48,#47);
#50=CARTESIAN_POINT('',(-8.1E1,0.E0,8.1E1));
#51=DIRECTION('',(0.E0,-1.E0,0.E0));
#52=DIRECTION('',(0.E0,0.E0,1.E0));
#53=AXIS2_PLACEMENT_3D('',#50,#51,#52);
#55=DIRECTION('',(1.E0,0.E0,0.E0));
#56=VECTOR('',#55,7.2E1);
#57=CARTESIAN_POINT('',(-8.1E1,0.E0,8.8E1));
#58=LINE('',#57,#56);
#59=CARTESIAN_POINT('',(-9.E0,0.E0,8.1E1));
#60=DIRECTION('',(0.E0,-1.E0,0.E0));
#61=DIRECTION('',(1.E0,0.E0,0.E0));
#62=AXIS2_PLACEMENT_3D('',#59,#60,#61);
#64=DIRECTION('',(0.E0,0.E0,-1.E0));
#65=VECTOR('',#64,7.2E1);
#66=CARTESIAN_POINT('',(-2.E0,0.E0,8.1E1));
#67=LINE('',#66,#65);
#68=CARTESIAN_POINT('',(-9.E0,0.E0,9.E0));
#69=DIRECTION('',(0.E0,-1.E0,0.E0));
#70=DIRECTION('',(0.E0,0.E0,-1.E0));
#71=AXIS2_PLACEMENT_3D('',#68,#69,#70);
#73=CARTESIAN_POINT('',(-8.1E1,-4.E1,9.E0));
#74=DIRECTION('',(0.E0,-1.E0,0.E0));
#75=DIRECTION('',(-1.E0,0.E0,0.E0));
#76=AXIS2_PLACEMENT_3D('',#73,#74,#75);
#78=DIRECTION('',(0.E0,0.E0,1.E0));
#79=VECTOR('',#78,7.2E1);
#80=CARTESIAN_POINT('',(-9.E1,-4.E1,9.E0));
#81=LINE('',#80,#79);
#82=CARTESIAN_POINT('',(-8.1E1,-4.E1,8.1E1));
#83=DIRECTION('',(0.E0,-1.E0,0.E0));
#84=DIRECTION('',(0.E0,0.E0,1.E0));
#85=AXIS2_PLACEMENT_3D('',#82,#83,#84);
#87=DIRECTION('',(1.E0,0.E0,0.E0));
#88=VECTOR('',#87,7.2E1);
#89=CARTESIAN_POINT('',(-8.1E1,-4.E1,9.E1));
#90=LINE('',#89,#88);
#91=CARTESIAN_POINT('',(-9.E0,-4.E1,8.1E1));
#92=DIRECTION('',(0.E0,-1.E0,0.E0));
#93=DIRECTION('',(1.E0,0.E0,0.E0));
#94=AXIS2_PLACEMENT_3D('',#91,#92,#93);
#96=DIRECTION('',(0.E0,0.E0,-1.E0));
#97=VECTOR('',#96,7.2E1);
#98=CARTESIAN_POINT('',(0.E0,-4.E1,8.1E1));
#99=LINE('',#98,#97);
#100=CARTESIAN_POINT('',(-9.E0,-4.E1,9.E0));
#101=DIRECTION('',(0.E0,-1.E0,0.E0));
#102=DIRECTION('',(0.E0,0.E0,-1.E0));
#103=AXIS2_PLACEMENT_3D('',#100,#101,#102);
#105=DIRECTION('',(-1.E0,0.E0,0.E0));
#106=VECTOR('',#105,7.2E1);
#107=CARTESIAN_POINT('',(-9.E0,-4.E1,0.E0));
#108=LINE('',#107,#106);
#109=DIRECTION('',(0.E0,0.E0,1.E0));
#110=VECTOR('',#109,7.E1);
#111=CARTESIAN_POINT('',(-1.E1,-4.E1,1.E1));
#112=LINE('',#111,#110);
#113=CARTESIAN_POINT('',(-9.E0,-4.E1,1.E1));
#114=DIRECTION('',(0.E0,1.E0,0.E0));
#115=DIRECTION('',(1.E0,0.E0,-2.486899575160E-14));
#116=AXIS2_PLACEMENT_3D('',#113,#114,#115);
#118=DIRECTION('',(0.E0,0.E0,-1.E0));
#119=VECTOR('',#118,7.E1);
#120=CARTESIAN_POINT('',(-8.E0,-4.E1,8.E1));
#121=LINE('',#120,#119);
#122=CARTESIAN_POINT('',(-9.E0,-4.E1,8.E1));
#123=DIRECTION('',(0.E0,1.E0,0.E0));
#124=DIRECTION('',(-1.E0,0.E0,0.E0));
#125=AXIS2_PLACEMENT_3D('',#122,#123,#124);
#127=DIRECTION('',(0.E0,0.E0,1.E0));
#128=VECTOR('',#127,7.E1);
#129=CARTESIAN_POINT('',(-1.42E1,-4.E1,1.E1));
#130=LINE('',#129,#128);
#131=CARTESIAN_POINT('',(-1.32E1,-4.E1,1.E1));
#132=DIRECTION('',(0.E0,1.E0,0.E0));
#133=DIRECTION('',(1.E0,0.E0,-1.243449787580E-14));
#134=AXIS2_PLACEMENT_3D('',#131,#132,#133);
#136=DIRECTION('',(0.E0,0.E0,-1.E0));
#137=VECTOR('',#136,7.E1);
#138=CARTESIAN_POINT('',(-1.22E1,-4.E1,8.E1));
#139=LINE('',#138,#137);
#140=CARTESIAN_POINT('',(-1.32E1,-4.E1,8.E1));
#141=DIRECTION('',(0.E0,1.E0,0.E0));
#142=DIRECTION('',(-1.E0,0.E0,0.E0));
#143=AXIS2_PLACEMENT_3D('',#140,#141,#142);
#145=DIRECTION('',(0.E0,0.E0,1.E0));
#146=VECTOR('',#145,7.E1);
#147=CARTESIAN_POINT('',(-1.84E1,-4.E1,1.E1));
#148=LINE('',#147,#146);
#149=CARTESIAN_POINT('',(-1.74E1,-4.E1,1.E1));
#150=DIRECTION('',(0.E0,1.E0,0.E0));
#151=DIRECTION('',(1.E0,0.E0,-2.486899575160E-14));
#152=AXIS2_PLACEMENT_3D('',#149,#150,#151);
#154=DIRECTION('',(0.E0,0.E0,-1.E0));
#155=VECTOR('',#154,7.E1);
#156=CARTESIAN_POINT('',(-1.64E1,-4.E1,8.E1));
#157=LINE('',#156,#155);
#158=CARTESIAN_POINT('',(-1.74E1,-4.E1,8.E1));
#159=DIRECTION('',(0.E0,1.E0,0.E0));
#160=DIRECTION('',(-1.E0,0.E0,0.E0));
#161=AXIS2_PLACEMENT_3D('',#158,#159,#160);
#163=DIRECTION('',(0.E0,0.E0,1.E0));
#164=VECTOR('',#163,7.E1);
#165=CARTESIAN_POINT('',(-2.26E1,-4.E1,1.E1));
#166=LINE('',#165,#164);
#167=CARTESIAN_POINT('',(-2.16E1,-4.E1,1.E1));
#168=DIRECTION('',(0.E0,1.E0,0.E0));
#169=DIRECTION('',(1.E0,0.E0,-2.486899575160E-14));
#170=AXIS2_PLACEMENT_3D('',#167,#168,#169);
#172=DIRECTION('',(0.E0,0.E0,-1.E0));
#173=VECTOR('',#172,7.E1);
#174=CARTESIAN_POINT('',(-2.06E1,-4.E1,8.E1));
#175=LINE('',#174,#173);
#176=CARTESIAN_POINT('',(-2.16E1,-4.E1,8.E1));
#177=DIRECTION('',(0.E0,1.E0,0.E0));
#178=DIRECTION('',(-1.E0,0.E0,0.E0));
#179=AXIS2_PLACEMENT_3D('',#176,#177,#178);
#181=DIRECTION('',(0.E0,0.E0,1.E0));
#182=VECTOR('',#181,7.E1);
#183=CARTESIAN_POINT('',(-2.68E1,-4.E1,1.E1));
#184=LINE('',#183,#182);
#185=CARTESIAN_POINT('',(-2.58E1,-4.E1,1.E1));
#186=DIRECTION('',(0.E0,1.E0,0.E0));
#187=DIRECTION('',(1.E0,0.E0,-2.486899575160E-14));
#188=AXIS2_PLACEMENT_3D('',#185,#186,#187);
#190=DIRECTION('',(0.E0,0.E0,-1.E0));
#191=VECTOR('',#190,7.E1);
#192=CARTESIAN_POINT('',(-2.48E1,-4.E1,8.E1));
#193=LINE('',#192,#191);
#194=CARTESIAN_POINT('',(-2.58E1,-4.E1,8.E1));
#195=DIRECTION('',(0.E0,1.E0,0.E0));
#196=DIRECTION('',(-1.E0,0.E0,0.E0));
#197=AXIS2_PLACEMENT_3D('',#194,#195,#196);
#199=DIRECTION('',(0.E0,0.E0,1.E0));
#200=VECTOR('',#199,7.E1);
#201=CARTESIAN_POINT('',(-3.1E1,-4.E1,1.E1));
#202=LINE('',#201,#200);
#203=CARTESIAN_POINT('',(-3.E1,-4.E1,1.E1));
#204=DIRECTION('',(0.E0,1.E0,0.E0));
#205=DIRECTION('',(1.E0,0.E0,-2.486899575160E-14));
#206=AXIS2_PLACEMENT_3D('',#203,#204,#205);
#208=DIRECTION('',(0.E0,0.E0,-1.E0));
#209=VECTOR('',#208,7.E1);
#210=CARTESIAN_POINT('',(-2.9E1,-4.E1,8.E1));
#211=LINE('',#210,#209);
#212=CARTESIAN_POINT('',(-3.E1,-4.E1,8.E1));
#213=DIRECTION('',(0.E0,1.E0,0.E0));
#214=DIRECTION('',(-1.E0,0.E0,0.E0));
#215=AXIS2_PLACEMENT_3D('',#212,#213,#214);
#217=DIRECTION('',(0.E0,-1.E0,0.E0));
#218=VECTOR('',#217,4.E1);
#219=CARTESIAN_POINT('',(-9.E1,0.E0,9.E0));
#220=LINE('',#219,#218);
#221=DIRECTION('',(0.E0,-1.E0,0.E0));
#222=VECTOR('',#221,4.E1);
#223=CARTESIAN_POINT('',(-9.E1,0.E0,8.1E1));
#224=LINE('',#223,#222);
#225=DIRECTION('',(0.E0,-1.E0,0.E0));
#226=VECTOR('',#225,4.E1);
#227=CARTESIAN_POINT('',(-8.1E1,0.E0,9.E1));
#228=LINE('',#227,#226);
#229=DIRECTION('',(0.E0,-1.E0,0.E0));
#230=VECTOR('',#229,4.E1);
#231=CARTESIAN_POINT('',(-9.E0,0.E0,9.E1));
#232=LINE('',#231,#230);
#233=CARTESIAN_POINT('',(-3.225E1,-2.5E1,9.E1));
#234=DIRECTION('',(0.E0,0.E0,-1.E0));
#235=DIRECTION('',(1.E0,0.E0,0.E0));
#236=AXIS2_PLACEMENT_3D('',#233,#234,#235);
#238=DIRECTION('',(2.873434818719E-12,-1.E0,2.872013733250E-12));
#239=VECTOR('',#238,1.000000001634E1);
#240=CARTESIAN_POINT('',(-2.975000000172E1,-1.499999999993E1,8.999999999828E1));
#241=LINE('',#240,#239);
#242=CARTESIAN_POINT('',(-3.225E1,-1.5E1,9.E1));
#243=DIRECTION('',(0.E0,0.E0,-1.E0));
#244=DIRECTION('',(0.E0,1.E0,0.E0));
#245=AXIS2_PLACEMENT_3D('',#242,#243,#244);
#247=DIRECTION('',(1.E0,1.915623194743E-11,1.914675804439E-11));
#248=VECTOR('',#247,1.500000016339E0);
#249=CARTESIAN_POINT('',(-3.375000000007E1,-1.250000000172E1,8.999999999828E1));
#250=LINE('',#249,#248);
#251=CARTESIAN_POINT('',(-3.375E1,-1.5E1,9.E1));
#252=DIRECTION('',(0.E0,0.E0,-1.E0));
#253=DIRECTION('',(-1.E0,0.E0,0.E0));
#254=AXIS2_PLACEMENT_3D('',#251,#252,#253);
#256=DIRECTION('',(-2.873434818719E-12,1.E0,2.872013733250E-12));
#257=VECTOR('',#256,1.000000001634E1);
#258=CARTESIAN_POINT('',(-3.624999999828E1,-2.500000000007E1,8.999999999828E1));
#259=LINE('',#258,#257);
#260=CARTESIAN_POINT('',(-3.375E1,-2.5E1,9.E1));
#261=DIRECTION('',(0.E0,0.E0,-1.E0));
#262=DIRECTION('',(0.E0,-1.E0,0.E0));
#263=AXIS2_PLACEMENT_3D('',#260,#261,#262);
#265=DIRECTION('',(-1.E0,-1.915860042319E-11,1.914675804439E-11));
#266=VECTOR('',#265,1.500000016339E0);
#267=CARTESIAN_POINT('',(-3.224999999993E1,-2.749999999828E1,8.999999999828E1));
#268=LINE('',#267,#266);
#269=DIRECTION('',(0.E0,-1.E0,0.E0));
#270=VECTOR('',#269,4.E1);
#271=CARTESIAN_POINT('',(0.E0,0.E0,8.1E1));
#272=LINE('',#271,#270);
#273=DIRECTION('',(0.E0,-1.E0,0.E0));
#274=VECTOR('',#273,4.E1);
#275=CARTESIAN_POINT('',(0.E0,0.E0,9.E0));
#276=LINE('',#275,#274);
#277=DIRECTION('',(0.E0,-1.E0,0.E0));
#278=VECTOR('',#277,4.E1);
#279=CARTESIAN_POINT('',(-8.1E1,0.E0,0.E0));
#280=LINE('',#279,#278);
#281=DIRECTION('',(0.E0,-1.E0,0.E0));
#282=VECTOR('',#281,4.E1);
#283=CARTESIAN_POINT('',(-9.E0,0.E0,0.E0));
#284=LINE('',#283,#282);
#285=DIRECTION('',(-7.071067811866E-1,9.201977797123E-9,-7.071067811865E-1));
#286=VECTOR('',#285,7.071067802297E-1);
#287=CARTESIAN_POINT('',(-2.975000000169E1,-2.500000001627E1,8.999999999831E1));
#288=LINE('',#287,#286);
#289=DIRECTION('',(-4.078723391083E-11,7.071067811865E-1,-7.071067811866E-1));
#290=VECTOR('',#289,7.071067802134E-1);
#291=CARTESIAN_POINT('',(-3.224999999993E1,-2.749999999828E1,8.999999999828E1));
#292=LINE('',#291,#290);
#293=DIRECTION('',(9.201977797123E-9,7.071067811866E-1,-7.071067811865E-1));
#294=VECTOR('',#293,7.071067802297E-1);
#295=CARTESIAN_POINT('',(-3.375000001627E1,-2.749999999831E1,8.999999999831E1));
#296=LINE('',#295,#294);
#297=DIRECTION('',(7.071067811865E-1,4.078723391083E-11,-7.071067811866E-1));
#298=VECTOR('',#297,7.071067802134E-1);
#299=CARTESIAN_POINT('',(-3.624999999828E1,-2.500000000007E1,8.999999999828E1));
#300=LINE('',#299,#298);
#301=DIRECTION('',(7.071067811865E-1,-9.201982821419E-9,-7.071067811865E-1));
#302=VECTOR('',#301,7.071067802297E-1);
#303=CARTESIAN_POINT('',(-3.624999999831E1,-1.499999998373E1,8.999999999831E1));
#304=LINE('',#303,#302);
#305=DIRECTION('',(4.077718531909E-11,-7.071067811865E-1,-7.071067811866E-1));
#306=VECTOR('',#305,7.071067802134E-1);
#307=CARTESIAN_POINT('',(-3.375000000007E1,-1.250000000172E1,8.999999999828E1));
#308=LINE('',#307,#306);
#309=DIRECTION('',(-9.201987845714E-9,-7.071067811865E-1,-7.071067811865E-1));
#310=VECTOR('',#309,7.071067802297E-1);
#311=CARTESIAN_POINT('',(-3.224999998373E1,-1.250000000169E1,8.999999999831E1));
#312=LINE('',#311,#310);
#313=DIRECTION('',(-7.071067811865E-1,-4.078472176290E-11,-7.071067811866E-1));
#314=VECTOR('',#313,7.071067802134E-1);
#315=CARTESIAN_POINT('',(-2.975000000172E1,-1.499999999993E1,8.999999999828E1));
#316=LINE('',#315,#314);
#317=DIRECTION('',(1.724487217999E-12,-1.E0,1.723776675264E-12));
#318=VECTOR('',#317,1.000000000980E1);
#319=CARTESIAN_POINT('',(-3.025000000103E1,-1.499999999996E1,8.949999999897E1));
#320=LINE('',#319,#318);
#321=DIRECTION('',(6.766024782064E-10,6.506783264747E-9,-1.E0));
#322=VECTOR('',#321,1.499999998985E0);
#323=CARTESIAN_POINT('',(-3.025000000101E1,-2.500000000976E1,8.949999999899E1));
#324=LINE('',#323,#322);
#325=CARTESIAN_POINT('',(-3.225E1,-2.5E1,8.95E1));
#326=DIRECTION('',(0.E0,0.E0,-1.E0));
#327=DIRECTION('',(1.E0,0.E0,0.E0));
#328=AXIS2_PLACEMENT_3D('',#325,#326,#327);
#330=DIRECTION('',(-2.883856118856E-11,-6.880990596867E-10,-1.E0));
#331=VECTOR('',#330,1.499999998968E0);
#332=CARTESIAN_POINT('',(-3.224999999996E1,-2.699999999897E1,8.949999999897E1));
#333=LINE('',#332,#331);
#334=DIRECTION('',(-1.E0,-1.149658138946E-11,1.149184443792E-11));
#335=VECTOR('',#334,1.500000009803E0);
#336=CARTESIAN_POINT('',(-3.224999999996E1,-2.699999999897E1,8.949999999897E1));
#337=LINE('',#336,#335);
#338=DIRECTION('',(6.506780896271E-9,-6.766024782064E-10,-1.E0));
#339=VECTOR('',#338,1.499999998985E0);
#340=CARTESIAN_POINT('',(-3.375000000976E1,-2.699999999899E1,8.949999999899E1));
#341=LINE('',#340,#339);
#342=CARTESIAN_POINT('',(-3.375E1,-2.5E1,8.95E1));
#343=DIRECTION('',(0.E0,0.E0,-1.E0));
#344=DIRECTION('',(0.E0,-1.E0,0.E0));
#345=AXIS2_PLACEMENT_3D('',#342,#343,#344);
#347=DIRECTION('',(-6.880990596867E-10,2.883619271277E-11,-1.E0));
#348=VECTOR('',#347,1.499999998968E0);
#349=CARTESIAN_POINT('',(-3.574999999897E1,-2.500000000004E1,8.949999999897E1));
#350=LINE('',#349,#348);
#351=DIRECTION('',(-1.724487217999E-12,1.E0,1.723776675264E-12));
#352=VECTOR('',#351,1.000000000980E1);
#353=CARTESIAN_POINT('',(-3.574999999897E1,-2.500000000004E1,8.949999999897E1));
#354=LINE('',#353,#352);
#355=DIRECTION('',(-6.766024782064E-10,-6.506783264747E-9,-1.E0));
#356=VECTOR('',#355,1.499999998985E0);
#357=CARTESIAN_POINT('',(-3.574999999899E1,-1.499999999024E1,8.949999999899E1));
#358=LINE('',#357,#356);
#359=CARTESIAN_POINT('',(-3.375E1,-1.5E1,8.95E1));
#360=DIRECTION('',(0.E0,0.E0,-1.E0));
#361=DIRECTION('',(-1.E0,0.E0,0.E0));
#362=AXIS2_PLACEMENT_3D('',#359,#360,#361);
#364=DIRECTION('',(2.883856118856E-11,6.880990596867E-10,-1.E0));
#365=VECTOR('',#364,1.499999998968E0);
#366=CARTESIAN_POINT('',(-3.375000000004E1,-1.300000000103E1,8.949999999897E1));
#367=LINE('',#366,#365);
#368=DIRECTION('',(1.E0,1.149539715158E-11,1.149184443792E-11));
#369=VECTOR('',#368,1.500000009803E0);
#370=CARTESIAN_POINT('',(-3.375000000004E1,-1.300000000103E1,8.949999999897E1));
#371=LINE('',#370,#369);
#372=DIRECTION('',(-6.506780896271E-9,6.766036624443E-10,-1.E0));
#373=VECTOR('',#372,1.499999998985E0);
#374=CARTESIAN_POINT('',(-3.224999999024E1,-1.300000000101E1,8.949999999899E1));
#375=LINE('',#374,#373);
#376=CARTESIAN_POINT('',(-3.225E1,-1.5E1,8.95E1));
#377=DIRECTION('',(0.E0,0.E0,-1.E0));
#378=DIRECTION('',(0.E0,1.E0,0.E0));
#379=AXIS2_PLACEMENT_3D('',#376,#377,#378);
#381=DIRECTION('',(6.880990596867E-10,-2.883856118856E-11,-1.E0));
#382=VECTOR('',#381,1.499999998968E0);
#383=CARTESIAN_POINT('',(-3.025000000103E1,-1.499999999996E1,8.949999999897E1));
#384=LINE('',#383,#382);
#385=CARTESIAN_POINT('',(-3.375E1,-1.5E1,8.8E1));
#386=DIRECTION('',(0.E0,0.E0,1.E0));
#387=DIRECTION('',(0.E0,1.E0,0.E0));
#388=AXIS2_PLACEMENT_3D('',#385,#386,#387);
#390=DIRECTION('',(-1.E0,0.E0,0.E0));
#391=VECTOR('',#390,1.5E0);
#392=CARTESIAN_POINT('',(-3.225E1,-1.3E1,8.8E1));
#393=LINE('',#392,#391);
#394=CARTESIAN_POINT('',(-3.225E1,-1.5E1,8.8E1));
#395=DIRECTION('',(0.E0,0.E0,1.E0));
#396=DIRECTION('',(1.E0,0.E0,0.E0));
#397=AXIS2_PLACEMENT_3D('',#394,#395,#396);
#399=DIRECTION('',(0.E0,1.E0,0.E0));
#400=VECTOR('',#399,1.E1);
#401=CARTESIAN_POINT('',(-3.025E1,-2.5E1,8.8E1));
#402=LINE('',#401,#400);
#403=CARTESIAN_POINT('',(-3.225E1,-2.5E1,8.8E1));
#404=DIRECTION('',(0.E0,0.E0,1.E0));
#405=DIRECTION('',(0.E0,-1.E0,0.E0));
#406=AXIS2_PLACEMENT_3D('',#403,#404,#405);
#408=DIRECTION('',(1.E0,0.E0,0.E0));
#409=VECTOR('',#408,1.5E0);
#410=CARTESIAN_POINT('',(-3.375E1,-2.7E1,8.8E1));
#411=LINE('',#410,#409);
#412=CARTESIAN_POINT('',(-3.375E1,-2.5E1,8.8E1));
#413=DIRECTION('',(0.E0,0.E0,1.E0));
#414=DIRECTION('',(-1.E0,0.E0,0.E0));
#415=AXIS2_PLACEMENT_3D('',#412,#413,#414);
#417=DIRECTION('',(0.E0,-1.E0,0.E0));
#418=VECTOR('',#417,1.E1);
#419=CARTESIAN_POINT('',(-3.575E1,-1.5E1,8.8E1));
#420=LINE('',#419,#418);
#421=DIRECTION('',(0.E0,-1.E0,0.E0));
#422=VECTOR('',#421,3.E0);
#423=CARTESIAN_POINT('',(-8.1E1,0.E0,8.8E1));
#424=LINE('',#423,#422);
#425=DIRECTION('',(1.E0,0.E0,0.E0));
#426=VECTOR('',#425,7.2E1);
#427=CARTESIAN_POINT('',(-8.1E1,-3.E0,8.8E1));
#428=LINE('',#427,#426);
#429=DIRECTION('',(0.E0,-1.E0,0.E0));
#430=VECTOR('',#429,3.E0);
#431=CARTESIAN_POINT('',(-9.E0,0.E0,8.8E1));
#432=LINE('',#431,#430);
#433=DIRECTION('',(1.E0,0.E0,0.E0));
#434=VECTOR('',#433,7.2E1);
#435=CARTESIAN_POINT('',(-8.1E1,-1.1E1,8.8E1));
#436=LINE('',#435,#434);
#437=DIRECTION('',(0.E0,-1.E0,0.E0));
#438=VECTOR('',#437,2.7E1);
#439=CARTESIAN_POINT('',(-8.1E1,-1.1E1,8.8E1));
#440=LINE('',#439,#438);
#441=DIRECTION('',(0.E0,-1.E0,0.E0));
#442=VECTOR('',#441,2.7E1);
#443=CARTESIAN_POINT('',(-9.E0,-1.1E1,8.8E1));
#444=LINE('',#443,#442);
#445=CARTESIAN_POINT('',(-8.1E1,-3.E0,8.1E1));
#446=DIRECTION('',(0.E0,-1.E0,0.E0));
#447=DIRECTION('',(0.E0,0.E0,1.E0));
#448=AXIS2_PLACEMENT_3D('',#445,#446,#447);
#450=CARTESIAN_POINT('',(-8.1E1,-1.1E1,8.1E1));
#451=DIRECTION('',(0.E0,-1.E0,0.E0));
#452=DIRECTION('',(0.E0,0.E0,1.E0));
#453=AXIS2_PLACEMENT_3D('',#450,#451,#452);
#455=DIRECTION('',(0.E0,-1.E0,0.E0));
#456=VECTOR('',#455,3.E0);
#457=CARTESIAN_POINT('',(-8.8E1,0.E0,9.E0));
#458=LINE('',#457,#456);
#459=DIRECTION('',(0.E0,0.E0,1.E0));
#460=VECTOR('',#459,7.2E1);
#461=CARTESIAN_POINT('',(-8.8E1,-3.E0,9.E0));
#462=LINE('',#461,#460);
#463=DIRECTION('',(0.E0,-1.E0,0.E0));
#464=VECTOR('',#463,3.E0);
#465=CARTESIAN_POINT('',(-8.8E1,0.E0,8.1E1));
#466=LINE('',#465,#464);
#467=DIRECTION('',(0.E0,0.E0,1.E0));
#468=VECTOR('',#467,7.2E1);
#469=CARTESIAN_POINT('',(-8.8E1,-1.1E1,9.E0));
#470=LINE('',#469,#468);
#471=DIRECTION('',(0.E0,-1.E0,0.E0));
#472=VECTOR('',#471,2.7E1);
#473=CARTESIAN_POINT('',(-8.8E1,-1.1E1,9.E0));
#474=LINE('',#473,#472);
#475=DIRECTION('',(0.E0,1.E0,0.E0));
#476=VECTOR('',#475,1.9E1);
#477=CARTESIAN_POINT('',(-8.8E1,-3.8E1,1.2E1));
#478=LINE('',#477,#476);
#479=DIRECTION('',(0.E0,0.E0,1.E0));
#480=VECTOR('',#479,7.E0);
#481=CARTESIAN_POINT('',(-8.8E1,-1.9E1,1.2E1));
#482=LINE('',#481,#480);
#483=DIRECTION('',(0.E0,1.E0,0.E0));
#484=VECTOR('',#483,1.9E1);
#485=CARTESIAN_POINT('',(-8.8E1,-3.8E1,1.9E1));
#486=LINE('',#485,#484);
#487=DIRECTION('',(0.E0,1.E0,0.E0));
#488=VECTOR('',#487,1.9E1);
#489=CARTESIAN_POINT('',(-8.8E1,-3.8E1,6.7E1));
#490=LINE('',#489,#488);
#491=DIRECTION('',(0.E0,0.E0,1.E0));
#492=VECTOR('',#491,7.E0);
#493=CARTESIAN_POINT('',(-8.8E1,-1.9E1,6.7E1));
#494=LINE('',#493,#492);
#495=DIRECTION('',(0.E0,1.E0,0.E0));
#496=VECTOR('',#495,1.9E1);
#497=CARTESIAN_POINT('',(-8.8E1,-3.8E1,7.4E1));
#498=LINE('',#497,#496);
#499=DIRECTION('',(0.E0,-1.E0,0.E0));
#500=VECTOR('',#499,2.7E1);
#501=CARTESIAN_POINT('',(-8.8E1,-1.1E1,8.1E1));
#502=LINE('',#501,#500);
#503=CARTESIAN_POINT('',(-8.1E1,-3.E0,9.E0));
#504=DIRECTION('',(0.E0,-1.E0,0.E0));
#505=DIRECTION('',(-1.E0,0.E0,0.E0));
#506=AXIS2_PLACEMENT_3D('',#503,#504,#505);
#508=CARTESIAN_POINT('',(-8.1E1,-1.1E1,9.E0));
#509=DIRECTION('',(0.E0,-1.E0,0.E0));
#510=DIRECTION('',(-1.E0,0.E0,0.E0));
#511=AXIS2_PLACEMENT_3D('',#508,#509,#510);
#513=DIRECTION('',(0.E0,-1.E0,0.E0));
#514=VECTOR('',#513,3.E0);
#515=CARTESIAN_POINT('',(-8.1E1,0.E0,2.E0));
#516=LINE('',#515,#514);
#517=DIRECTION('',(0.E0,-1.E0,0.E0));
#518=VECTOR('',#517,3.E0);
#519=CARTESIAN_POINT('',(-9.E0,0.E0,2.E0));
#520=LINE('',#519,#518);
#521=DIRECTION('',(-1.E0,0.E0,0.E0));
#522=VECTOR('',#521,7.2E1);
#523=CARTESIAN_POINT('',(-9.E0,-3.E0,2.E0));
#524=LINE('',#523,#522);
#525=DIRECTION('',(-1.E0,0.E0,0.E0));
#526=VECTOR('',#525,7.2E1);
#527=CARTESIAN_POINT('',(-9.E0,-1.1E1,2.E0));
#528=LINE('',#527,#526);
#529=DIRECTION('',(0.E0,-1.E0,0.E0));
#530=VECTOR('',#529,2.7E1);
#531=CARTESIAN_POINT('',(-9.E0,-1.1E1,2.E0));
#532=LINE('',#531,#530);
#533=DIRECTION('',(0.E0,-1.E0,0.E0));
#534=VECTOR('',#533,2.7E1);
#535=CARTESIAN_POINT('',(-8.1E1,-1.1E1,2.E0));
#536=LINE('',#535,#534);
#537=CARTESIAN_POINT('',(-9.E0,-3.E0,9.E0));
#538=DIRECTION('',(0.E0,-1.E0,0.E0));
#539=DIRECTION('',(0.E0,0.E0,-1.E0));
#540=AXIS2_PLACEMENT_3D('',#537,#538,#539);
#542=CARTESIAN_POINT('',(-9.E0,-1.1E1,9.E0));
#543=DIRECTION('',(0.E0,-1.E0,0.E0));
#544=DIRECTION('',(0.E0,0.E0,-1.E0));
#545=AXIS2_PLACEMENT_3D('',#542,#543,#544);
#547=DIRECTION('',(0.E0,1.E0,0.E0));
#548=VECTOR('',#547,1.248331477355E1);
#549=CARTESIAN_POINT('',(-2.E0,-3.348331477355E1,1.2E1));
#550=LINE('',#549,#548);
#551=DIRECTION('',(0.E0,0.E0,1.E0));
#552=VECTOR('',#551,3.5E1);
#553=CARTESIAN_POINT('',(-2.E0,-3.348331477355E1,1.2E1));
#554=LINE('',#553,#552);
#555=DIRECTION('',(0.E0,1.E0,0.E0));
#556=VECTOR('',#555,1.248331477355E1);
#557=CARTESIAN_POINT('',(-2.E0,-3.348331477355E1,4.7E1));
#558=LINE('',#557,#556);
#559=DIRECTION('',(0.E0,0.E0,1.E0));
#560=VECTOR('',#559,3.5E1);
#561=CARTESIAN_POINT('',(-2.E0,-2.1E1,1.2E1));
#562=LINE('',#561,#560);
#563=DIRECTION('',(0.E0,1.E0,0.E0));
#564=VECTOR('',#563,6.322875655532E0);
#565=CARTESIAN_POINT('',(-2.E0,-2.032287565553E1,1.2E1));
#566=LINE('',#565,#564);
#567=DIRECTION('',(0.E0,0.E0,1.E0));
#568=VECTOR('',#567,3.5E1);
#569=CARTESIAN_POINT('',(-2.E0,-2.032287565553E1,1.2E1));
#570=LINE('',#569,#568);
#571=DIRECTION('',(0.E0,1.E0,0.E0));
#572=VECTOR('',#571,6.322875655532E0);
#573=CARTESIAN_POINT('',(-2.E0,-2.032287565553E1,4.7E1));
#574=LINE('',#573,#572);
#575=DIRECTION('',(0.E0,0.E0,1.E0));
#576=VECTOR('',#575,3.5E1);
#577=CARTESIAN_POINT('',(-2.E0,-1.4E1,1.2E1));
#578=LINE('',#577,#576);
#579=DIRECTION('',(0.E0,-1.E0,0.E0));
#580=VECTOR('',#579,3.E0);
#581=CARTESIAN_POINT('',(-2.E0,0.E0,8.1E1));
#582=LINE('',#581,#580);
#583=DIRECTION('',(0.E0,0.E0,-1.E0));
#584=VECTOR('',#583,7.2E1);
#585=CARTESIAN_POINT('',(-2.E0,-3.E0,8.1E1));
#586=LINE('',#585,#584);
#587=DIRECTION('',(0.E0,-1.E0,0.E0));
#588=VECTOR('',#587,3.E0);
#589=CARTESIAN_POINT('',(-2.E0,0.E0,9.E0));
#590=LINE('',#589,#588);
#591=DIRECTION('',(0.E0,0.E0,-1.E0));
#592=VECTOR('',#591,7.2E1);
#593=CARTESIAN_POINT('',(-2.E0,-1.1E1,8.1E1));
#594=LINE('',#593,#592);
#595=DIRECTION('',(0.E0,-1.E0,0.E0));
#596=VECTOR('',#595,2.7E1);
#597=CARTESIAN_POINT('',(-2.E0,-1.1E1,8.1E1));
#598=LINE('',#597,#596);
#599=DIRECTION('',(0.E0,1.E0,0.E0));
#600=VECTOR('',#599,1.5E1);
#601=CARTESIAN_POINT('',(-2.E0,-3.8E1,6.8E1));
#602=LINE('',#601,#600);
#603=DIRECTION('',(-2.864120899735E-5,0.E0,9.999999995898E-1));
#604=VECTOR('',#603,2.095310988316E0);
#605=CARTESIAN_POINT('',(-1.999939987760E0,-2.3E1,6.590468901254E1));
#606=LINE('',#605,#604);
#607=DIRECTION('',(2.798897516099E-5,0.E0,9.999999996083E-1));
#608=VECTOR('',#607,2.095301782471E0);
#609=CARTESIAN_POINT('',(-2.E0,-2.3E1,6.3E1));
#610=LINE('',#609,#608);
#611=DIRECTION('',(0.E0,1.E0,0.E0));
#612=VECTOR('',#611,1.5E1);
#613=CARTESIAN_POINT('',(-2.E0,-3.8E1,6.3E1));
#614=LINE('',#613,#612);
#615=DIRECTION('',(0.E0,-1.E0,0.E0));
#616=VECTOR('',#615,2.7E1);
#617=CARTESIAN_POINT('',(-2.E0,-1.1E1,9.E0));
#618=LINE('',#617,#616);
#619=DIRECTION('',(-1.E0,0.E0,0.E0));
#620=VECTOR('',#619,2.E0);
#621=CARTESIAN_POINT('',(-2.E0,-2.1E1,1.2E1));
#622=LINE('',#621,#620);
#623=DIRECTION('',(0.E0,-1.E0,0.E0));
#624=VECTOR('',#623,5.E0);
#625=CARTESIAN_POINT('',(-4.E0,-2.1E1,1.2E1));
#626=LINE('',#625,#624);
#627=CARTESIAN_POINT('',(-1.7E1,-3.348331477355E1,1.2E1));
#628=DIRECTION('',(0.E0,0.E0,-1.E0));
#629=DIRECTION('',(8.666666666667E-1,4.988876515699E-1,0.E0));
#630=AXIS2_PLACEMENT_3D('',#627,#628,#629);
#632=DIRECTION('',(-1.E0,0.E0,0.E0));
#633=VECTOR('',#632,2.E0);
#634=CARTESIAN_POINT('',(-2.E0,-1.4E1,1.2E1));
#635=LINE('',#634,#633);
#636=DIRECTION('',(0.E0,-1.E0,0.E0));
#637=VECTOR('',#636,2.873128187226E0);
#638=CARTESIAN_POINT('',(-4.E0,-1.4E1,1.2E1));
#639=LINE('',#638,#637);
#640=CARTESIAN_POINT('',(-2.5E0,-1.687312818723E1,1.2E1));
#641=DIRECTION('',(0.E0,0.E0,1.E0));
#642=DIRECTION('',(-1.E0,0.E0,0.E0));
#643=AXIS2_PLACEMENT_3D('',#640,#641,#642);
#645=DIRECTION('',(7.071067811866E-1,-7.071067811865E-1,0.E0));
#646=VECTOR('',#645,1.378679656440E0);
#647=CARTESIAN_POINT('',(-3.560660171780E0,-1.793378835901E1,1.2E1));
#648=LINE('',#647,#646);
#649=CARTESIAN_POINT('',(-4.E0,-2.032287565553E1,1.2E1));
#650=DIRECTION('',(0.E0,0.E0,-1.E0));
#651=DIRECTION('',(7.071067811866E-1,7.071067811865E-1,0.E0));
#652=AXIS2_PLACEMENT_3D('',#649,#650,#651);
#654=CARTESIAN_POINT('',(-1.7E1,-3.348331477355E1,4.7E1));
#655=DIRECTION('',(0.E0,0.E0,-1.E0));
#656=DIRECTION('',(8.666666666667E-1,4.988876515699E-1,0.E0));
#657=AXIS2_PLACEMENT_3D('',#654,#655,#656);
#659=DIRECTION('',(0.E0,-1.E0,0.E0));
#660=VECTOR('',#659,5.E0);
#661=CARTESIAN_POINT('',(-4.E0,-2.1E1,4.7E1));
#662=LINE('',#661,#660);
#663=DIRECTION('',(-1.E0,0.E0,0.E0));
#664=VECTOR('',#663,2.E0);
#665=CARTESIAN_POINT('',(-2.E0,-2.1E1,4.7E1));
#666=LINE('',#665,#664);
#667=CARTESIAN_POINT('',(-4.E0,-2.032287565553E1,4.7E1));
#668=DIRECTION('',(0.E0,0.E0,-1.E0));
#669=DIRECTION('',(7.071067811866E-1,7.071067811865E-1,0.E0));
#670=AXIS2_PLACEMENT_3D('',#667,#668,#669);
#672=DIRECTION('',(7.071067811865E-1,-7.071067811865E-1,0.E0));
#673=VECTOR('',#672,1.378679656440E0);
#674=CARTESIAN_POINT('',(-3.560660171780E0,-1.793378835901E1,4.7E1));
#675=LINE('',#674,#673);
#676=CARTESIAN_POINT('',(-2.5E0,-1.687312818723E1,4.7E1));
#677=DIRECTION('',(0.E0,0.E0,1.E0));
#678=DIRECTION('',(-1.E0,0.E0,0.E0));
#679=AXIS2_PLACEMENT_3D('',#676,#677,#678);
#681=DIRECTION('',(0.E0,-1.E0,0.E0));
#682=VECTOR('',#681,2.873128187226E0);
#683=CARTESIAN_POINT('',(-4.E0,-1.4E1,4.7E1));
#684=LINE('',#683,#682);
#685=DIRECTION('',(-1.E0,0.E0,0.E0));
#686=VECTOR('',#685,2.E0);
#687=CARTESIAN_POINT('',(-2.E0,-1.4E1,4.7E1));
#688=LINE('',#687,#686);
#689=DIRECTION('',(0.E0,0.E0,1.E0));
#690=VECTOR('',#689,3.5E1);
#691=CARTESIAN_POINT('',(-4.E0,-2.6E1,1.2E1));
#692=LINE('',#691,#690);
#693=DIRECTION('',(0.E0,0.E0,1.E0));
#694=VECTOR('',#693,3.5E1);
#695=CARTESIAN_POINT('',(-4.E0,-2.1E1,1.2E1));
#696=LINE('',#695,#694);
#697=DIRECTION('',(0.E0,0.E0,1.E0));
#698=VECTOR('',#697,3.5E1);
#699=CARTESIAN_POINT('',(-2.585786437627E0,-1.890866209316E1,1.2E1));
#700=LINE('',#699,#698);
#701=DIRECTION('',(0.E0,0.E0,1.E0));
#702=VECTOR('',#701,3.5E1);
#703=CARTESIAN_POINT('',(-3.560660171780E0,-1.793378835901E1,1.2E1));
#704=LINE('',#703,#702);
#705=DIRECTION('',(0.E0,0.E0,1.E0));
#706=VECTOR('',#705,3.5E1);
#707=CARTESIAN_POINT('',(-4.E0,-1.687312818723E1,1.2E1));
#708=LINE('',#707,#706);
#709=DIRECTION('',(0.E0,0.E0,1.E0));
#710=VECTOR('',#709,3.5E1);
#711=CARTESIAN_POINT('',(-4.E0,-1.4E1,1.2E1));
#712=LINE('',#711,#710);
#713=CARTESIAN_POINT('',(-9.E0,-3.E0,8.1E1));
#714=DIRECTION('',(0.E0,-1.E0,0.E0));
#715=DIRECTION('',(1.E0,0.E0,0.E0));
#716=AXIS2_PLACEMENT_3D('',#713,#714,#715);
#718=CARTESIAN_POINT('',(-9.E0,-1.1E1,8.1E1));
#719=DIRECTION('',(0.E0,-1.E0,0.E0));
#720=DIRECTION('',(1.E0,0.E0,0.E0));
#721=AXIS2_PLACEMENT_3D('',#718,#719,#720);
#723=DIRECTION('',(0.E0,9.063077870367E-1,4.226182617407E-1));
#724=VECTOR('',#723,4.732403166305E0);
#725=CARTESIAN_POINT('',(-9.E0,-7.289013841019E0,8.6E1));
#726=LINE('',#725,#724);
#727=CARTESIAN_POINT('',(-9.E0,-7.289013841019E0,8.1E1));
#728=DIRECTION('',(0.E0,1.E0,0.E0));
#729=DIRECTION('',(0.E0,0.E0,1.E0));
#730=AXIS2_PLACEMENT_3D('',#727,#728,#729);
#732=DIRECTION('',(0.E0,9.063077870366E-1,4.226182617407E-1));
#733=VECTOR('',#732,4.732403166305E0);
#734=CARTESIAN_POINT('',(-8.1E1,-7.289013841019E0,8.6E1));
#735=LINE('',#734,#733);
#736=DIRECTION('',(1.E0,0.E0,0.E0));
#737=VECTOR('',#736,7.2E1);
#738=CARTESIAN_POINT('',(-8.1E1,-7.289013841019E0,8.6E1));
#739=LINE('',#738,#737);
#740=DIRECTION('',(-4.226182617407E-1,9.063077870367E-1,0.E0));
#741=VECTOR('',#740,4.732403166305E0);
#742=CARTESIAN_POINT('',(-8.6E1,-7.289013841019E0,8.1E1));
#743=LINE('',#742,#741);
#744=CARTESIAN_POINT('',(-8.1E1,-7.289013841019E0,8.1E1));
#745=DIRECTION('',(0.E0,1.E0,0.E0));
#746=DIRECTION('',(-1.E0,0.E0,0.E0));
#747=AXIS2_PLACEMENT_3D('',#744,#745,#746);
#749=DIRECTION('',(-4.226182617407E-1,9.063077870366E-1,0.E0));
#750=VECTOR('',#749,4.732403166305E0);
#751=CARTESIAN_POINT('',(-8.6E1,-7.289013841019E0,9.E0));
#752=LINE('',#751,#750);
#753=DIRECTION('',(0.E0,0.E0,1.E0));
#754=VECTOR('',#753,7.2E1);
#755=CARTESIAN_POINT('',(-8.6E1,-7.289013841019E0,9.E0));
#756=LINE('',#755,#754);
#757=DIRECTION('',(0.E0,9.063077870366E-1,-4.226182617407E-1));
#758=VECTOR('',#757,4.732403166305E0);
#759=CARTESIAN_POINT('',(-8.1E1,-7.289013841019E0,4.E0));
#760=LINE('',#759,#758);
#761=CARTESIAN_POINT('',(-8.1E1,-7.289013841019E0,9.E0));
#762=DIRECTION('',(0.E0,1.E0,0.E0));
#763=DIRECTION('',(0.E0,0.E0,-1.E0));
#764=AXIS2_PLACEMENT_3D('',#761,#762,#763);
#766=DIRECTION('',(0.E0,9.063077870366E-1,-4.226182617407E-1));
#767=VECTOR('',#766,4.732403166305E0);
#768=CARTESIAN_POINT('',(-9.E0,-7.289013841019E0,4.E0));
#769=LINE('',#768,#767);
#770=DIRECTION('',(-1.E0,0.E0,0.E0));
#771=VECTOR('',#770,7.2E1);
#772=CARTESIAN_POINT('',(-9.E0,-7.289013841019E0,4.E0));
#773=LINE('',#772,#771);
#774=CARTESIAN_POINT('',(-9.E0,-7.289013841019E0,9.E0));
#775=DIRECTION('',(0.E0,1.E0,0.E0));
#776=DIRECTION('',(1.E0,0.E0,0.E0));
#777=AXIS2_PLACEMENT_3D('',#774,#775,#776);
#779=DIRECTION('',(4.226182617407E-1,9.063077870366E-1,0.E0));
#780=VECTOR('',#779,4.732403166305E0);
#781=CARTESIAN_POINT('',(-4.E0,-7.289013841019E0,8.1E1));
#782=LINE('',#781,#780);
#783=DIRECTION('',(0.E0,0.E0,-1.E0));
#784=VECTOR('',#783,7.2E1);
#785=CARTESIAN_POINT('',(-4.E0,-7.289013841019E0,8.1E1));
#786=LINE('',#785,#784);
#787=DIRECTION('',(4.226182617407E-1,9.063077870366E-1,0.E0));
#788=VECTOR('',#787,4.732403166305E0);
#789=CARTESIAN_POINT('',(-4.E0,-7.289013841019E0,9.E0));
#790=LINE('',#789,#788);
#791=DIRECTION('',(0.E0,1.E0,0.E0));
#792=VECTOR('',#791,1.710986158981E0);
#793=CARTESIAN_POINT('',(-4.E0,-9.E0,8.1E1));
#794=LINE('',#793,#792);
#795=DIRECTION('',(0.E0,0.E0,-1.E0));
#796=VECTOR('',#795,7.2E1);
#797=CARTESIAN_POINT('',(-4.E0,-9.E0,8.1E1));
#798=LINE('',#797,#796);
#799=DIRECTION('',(0.E0,1.E0,0.E0));
#800=VECTOR('',#799,1.710986158981E0);
#801=CARTESIAN_POINT('',(-4.E0,-9.E0,9.E0));
#802=LINE('',#801,#800);
#803=DIRECTION('',(0.E0,1.E0,0.E0));
#804=VECTOR('',#803,1.710986158981E0);
#805=CARTESIAN_POINT('',(-9.E0,-9.E0,8.6E1));
#806=LINE('',#805,#804);
#807=CARTESIAN_POINT('',(-9.E0,-9.E0,8.1E1));
#808=DIRECTION('',(0.E0,1.E0,0.E0));
#809=DIRECTION('',(0.E0,0.E0,1.E0));
#810=AXIS2_PLACEMENT_3D('',#807,#808,#809);
#812=DIRECTION('',(0.E0,1.E0,0.E0));
#813=VECTOR('',#812,1.710986158981E0);
#814=CARTESIAN_POINT('',(-8.1E1,-9.E0,8.6E1));
#815=LINE('',#814,#813);
#816=DIRECTION('',(1.E0,0.E0,0.E0));
#817=VECTOR('',#816,7.2E1);
#818=CARTESIAN_POINT('',(-8.1E1,-9.E0,8.6E1));
#819=LINE('',#818,#817);
#820=DIRECTION('',(0.E0,1.E0,0.E0));
#821=VECTOR('',#820,1.710986158981E0);
#822=CARTESIAN_POINT('',(-8.6E1,-9.E0,8.1E1));
#823=LINE('',#822,#821);
#824=CARTESIAN_POINT('',(-8.1E1,-9.E0,8.1E1));
#825=DIRECTION('',(0.E0,1.E0,0.E0));
#826=DIRECTION('',(-1.E0,0.E0,0.E0));
#827=AXIS2_PLACEMENT_3D('',#824,#825,#826);
#829=DIRECTION('',(0.E0,1.E0,0.E0));
#830=VECTOR('',#829,1.710986158981E0);
#831=CARTESIAN_POINT('',(-8.6E1,-9.E0,9.E0));
#832=LINE('',#831,#830);
#833=DIRECTION('',(0.E0,0.E0,1.E0));
#834=VECTOR('',#833,7.2E1);
#835=CARTESIAN_POINT('',(-8.6E1,-9.E0,9.E0));
#836=LINE('',#835,#834);
#837=DIRECTION('',(0.E0,1.E0,0.E0));
#838=VECTOR('',#837,1.710986158981E0);
#839=CARTESIAN_POINT('',(-8.1E1,-9.E0,4.E0));
#840=LINE('',#839,#838);
#841=CARTESIAN_POINT('',(-8.1E1,-9.E0,9.E0));
#842=DIRECTION('',(0.E0,1.E0,0.E0));
#843=DIRECTION('',(0.E0,0.E0,-1.E0));
#844=AXIS2_PLACEMENT_3D('',#841,#842,#843);
#846=DIRECTION('',(0.E0,1.E0,0.E0));
#847=VECTOR('',#846,1.710986158981E0);
#848=CARTESIAN_POINT('',(-9.E0,-9.E0,4.E0));
#849=LINE('',#848,#847);
#850=DIRECTION('',(-1.E0,0.E0,0.E0));
#851=VECTOR('',#850,7.2E1);
#852=CARTESIAN_POINT('',(-9.E0,-9.E0,4.E0));
#853=LINE('',#852,#851);
#854=CARTESIAN_POINT('',(-9.E0,-9.E0,9.E0));
#855=DIRECTION('',(0.E0,1.E0,0.E0));
#856=DIRECTION('',(1.E0,0.E0,0.E0));
#857=AXIS2_PLACEMENT_3D('',#854,#855,#856);
#859=DIRECTION('',(0.E0,7.071067811865E-1,7.071067811865E-1));
#860=VECTOR('',#859,2.828427124746E0);
#861=CARTESIAN_POINT('',(-9.E0,-1.1E1,2.E0));
#862=LINE('',#861,#860);
#863=DIRECTION('',(0.E0,7.071067811865E-1,7.071067811865E-1));
#864=VECTOR('',#863,2.828427124746E0);
#865=CARTESIAN_POINT('',(-8.1E1,-1.1E1,2.E0));
#866=LINE('',#865,#864);
#867=DIRECTION('',(7.071067811865E-1,7.071067811865E-1,0.E0));
#868=VECTOR('',#867,2.828427124746E0);
#869=CARTESIAN_POINT('',(-8.8E1,-1.1E1,9.E0));
#870=LINE('',#869,#868);
#871=DIRECTION('',(7.071067811865E-1,7.071067811865E-1,0.E0));
#872=VECTOR('',#871,2.828427124746E0);
#873=CARTESIAN_POINT('',(-8.8E1,-1.1E1,8.1E1));
#874=LINE('',#873,#872);
#875=DIRECTION('',(0.E0,7.071067811865E-1,-7.071067811865E-1));
#876=VECTOR('',#875,2.828427124746E0);
#877=CARTESIAN_POINT('',(-8.1E1,-1.1E1,8.8E1));
#878=LINE('',#877,#876);
#879=DIRECTION('',(0.E0,7.071067811865E-1,-7.071067811865E-1));
#880=VECTOR('',#879,2.828427124746E0);
#881=CARTESIAN_POINT('',(-9.E0,-1.1E1,8.8E1));
#882=LINE('',#881,#880);
#883=DIRECTION('',(-7.071067811865E-1,7.071067811865E-1,0.E0));
#884=VECTOR('',#883,2.828427124746E0);
#885=CARTESIAN_POINT('',(-2.E0,-1.1E1,9.E0));
#886=LINE('',#885,#884);
#887=DIRECTION('',(-7.071067811865E-1,7.071067811865E-1,0.E0));
#888=VECTOR('',#887,2.828427124746E0);
#889=CARTESIAN_POINT('',(-2.E0,-1.1E1,8.1E1));
#890=LINE('',#889,#888);
#891=DIRECTION('',(1.E0,0.E0,0.E0));
#892=VECTOR('',#891,9.368087380585E0);
#893=CARTESIAN_POINT('',(-4.986808738059E1,-3.8E1,1.4E1));
#894=LINE('',#893,#892);
#895=DIRECTION('',(0.E0,0.E0,1.E0));
#896=VECTOR('',#895,7.E0);
#897=CARTESIAN_POINT('',(-4.986808738059E1,-3.8E1,1.4E1));
#898=LINE('',#897,#896);
#899=DIRECTION('',(1.E0,0.E0,0.E0));
#900=VECTOR('',#899,9.368087380585E0);
#901=CARTESIAN_POINT('',(-4.986808738059E1,-3.8E1,2.1E1));
#902=LINE('',#901,#900);
#903=DIRECTION('',(0.E0,0.E0,1.E0));
#904=VECTOR('',#903,7.E0);
#905=CARTESIAN_POINT('',(-4.05E1,-3.8E1,1.4E1));
#906=LINE('',#905,#904);
#907=DIRECTION('',(1.E0,0.E0,0.E0));
#908=VECTOR('',#907,9.368087380585E0);
#909=CARTESIAN_POINT('',(-4.986808738059E1,-3.8E1,6.9E1));
#910=LINE('',#909,#908);
#911=DIRECTION('',(0.E0,0.E0,1.E0));
#912=VECTOR('',#911,7.E0);
#913=CARTESIAN_POINT('',(-4.986808738059E1,-3.8E1,6.9E1));
#914=LINE('',#913,#912);
#915=DIRECTION('',(1.E0,0.E0,0.E0));
#916=VECTOR('',#915,9.368087380585E0);
#917=CARTESIAN_POINT('',(-4.986808738059E1,-3.8E1,7.6E1));
#918=LINE('',#917,#916);
#919=DIRECTION('',(0.E0,0.E0,1.E0));
#920=VECTOR('',#919,7.E0);
#921=CARTESIAN_POINT('',(-4.05E1,-3.8E1,6.9E1));
#922=LINE('',#921,#920);
#923=DIRECTION('',(1.E0,0.E0,0.E0));
#924=VECTOR('',#923,7.5E0);
#925=CARTESIAN_POINT('',(-3.888464839420E1,-3.8E1,2.8E1));
#926=LINE('',#925,#924);
#927=DIRECTION('',(0.E0,0.E0,1.E0));
#928=VECTOR('',#927,7.E0);
#929=CARTESIAN_POINT('',(-3.888464839420E1,-3.8E1,2.8E1));
#930=LINE('',#929,#928);
#931=DIRECTION('',(1.E0,0.E0,0.E0));
#932=VECTOR('',#931,7.5E0);
#933=CARTESIAN_POINT('',(-3.888464839420E1,-3.8E1,3.5E1));
#934=LINE('',#933,#932);
#935=DIRECTION('',(0.E0,0.E0,1.E0));
#936=VECTOR('',#935,7.E0);
#937=CARTESIAN_POINT('',(-3.138464839420E1,-3.8E1,2.8E1));
#938=LINE('',#937,#936);
#939=CARTESIAN_POINT('',(-3.472E1,-3.8E1,6.55E1));
#940=DIRECTION('',(0.E0,1.E0,0.E0));
#941=DIRECTION('',(0.E0,0.E0,1.E0));
#942=AXIS2_PLACEMENT_3D('',#939,#940,#941);
#944=CARTESIAN_POINT('',(-3.472E1,-3.8E1,6.55E1));
#945=DIRECTION('',(0.E0,1.E0,0.E0));
#946=DIRECTION('',(0.E0,0.E0,-1.E0));
#947=AXIS2_PLACEMENT_3D('',#944,#945,#946);
#949=DIRECTION('',(-1.E0,0.E0,0.E0));
#950=VECTOR('',#949,2.72E0);
#951=CARTESIAN_POINT('',(-2.E0,-3.8E1,6.3E1));
#952=LINE('',#951,#950);
#953=CARTESIAN_POINT('',(-4.72E0,-3.8E1,6.55E1));
#954=DIRECTION('',(0.E0,1.E0,0.E0));
#955=DIRECTION('',(2.415845301584E-14,0.E0,-1.E0));
#956=AXIS2_PLACEMENT_3D('',#953,#954,#955);
#958=DIRECTION('',(-1.E0,0.E0,0.E0));
#959=VECTOR('',#958,2.72E0);
#960=CARTESIAN_POINT('',(-2.E0,-3.8E1,6.8E1));
#961=LINE('',#960,#959);
#962=DIRECTION('',(0.E0,0.E0,-1.E0));
#963=VECTOR('',#962,1.3E1);
#964=CARTESIAN_POINT('',(-2.E0,-3.8E1,8.1E1));
#965=LINE('',#964,#963);
#966=CARTESIAN_POINT('',(-9.E0,-3.8E1,8.1E1));
#967=DIRECTION('',(0.E0,-1.E0,0.E0));
#968=DIRECTION('',(1.E0,0.E0,0.E0));
#969=AXIS2_PLACEMENT_3D('',#966,#967,#968);
#971=DIRECTION('',(1.E0,0.E0,0.E0));
#972=VECTOR('',#971,7.2E1);
#973=CARTESIAN_POINT('',(-8.1E1,-3.8E1,8.8E1));
#974=LINE('',#973,#972);
#975=CARTESIAN_POINT('',(-8.1E1,-3.8E1,8.1E1));
#976=DIRECTION('',(0.E0,-1.E0,0.E0));
#977=DIRECTION('',(0.E0,0.E0,1.E0));
#978=AXIS2_PLACEMENT_3D('',#975,#976,#977);
#980=DIRECTION('',(0.E0,0.E0,1.E0));
#981=VECTOR('',#980,7.E0);
#982=CARTESIAN_POINT('',(-8.8E1,-3.8E1,7.4E1));
#983=LINE('',#982,#981);
#984=DIRECTION('',(0.E0,0.E0,1.E0));
#985=VECTOR('',#984,7.E0);
#986=CARTESIAN_POINT('',(-8.8E1,-3.8E1,6.7E1));
#987=LINE('',#986,#985);
#988=DIRECTION('',(0.E0,0.E0,1.E0));
#989=VECTOR('',#988,4.8E1);
#990=CARTESIAN_POINT('',(-8.8E1,-3.8E1,1.9E1));
#991=LINE('',#990,#989);
#992=DIRECTION('',(0.E0,0.E0,1.E0));
#993=VECTOR('',#992,7.E0);
#994=CARTESIAN_POINT('',(-8.8E1,-3.8E1,1.2E1));
#995=LINE('',#994,#993);
#996=DIRECTION('',(0.E0,0.E0,1.E0));
#997=VECTOR('',#996,3.E0);
#998=CARTESIAN_POINT('',(-8.8E1,-3.8E1,9.E0));
#999=LINE('',#998,#997);
#1000=CARTESIAN_POINT('',(-8.1E1,-3.8E1,9.E0));
#1001=DIRECTION('',(0.E0,-1.E0,0.E0));
#1002=DIRECTION('',(-1.E0,0.E0,0.E0));
#1003=AXIS2_PLACEMENT_3D('',#1000,#1001,#1002);
#1005=DIRECTION('',(-1.E0,0.E0,0.E0));
#1006=VECTOR('',#1005,7.2E1);
#1007=CARTESIAN_POINT('',(-9.E0,-3.8E1,2.E0));
#1008=LINE('',#1007,#1006);
#1009=CARTESIAN_POINT('',(-9.E0,-3.8E1,9.E0));
#1010=DIRECTION('',(0.E0,-1.E0,0.E0));
#1011=DIRECTION('',(0.E0,0.E0,-1.E0));
#1012=AXIS2_PLACEMENT_3D('',#1009,#1010,#1011);
#1014=DIRECTION('',(0.E0,0.E0,-1.E0));
#1015=VECTOR('',#1014,5.4E1);
#1016=CARTESIAN_POINT('',(-2.E0,-3.8E1,6.3E1));
#1017=LINE('',#1016,#1015);
#1018=DIRECTION('',(0.E0,0.E0,1.E0));
#1019=VECTOR('',#1018,7.E1);
#1020=CARTESIAN_POINT('',(-1.E1,-3.8E1,1.E1));
#1021=LINE('',#1020,#1019);
#1022=CARTESIAN_POINT('',(-9.E0,-3.8E1,8.E1));
#1023=DIRECTION('',(0.E0,1.E0,0.E0));
#1024=DIRECTION('',(-1.E0,0.E0,0.E0));
#1025=AXIS2_PLACEMENT_3D('',#1022,#1023,#1024);
#1027=DIRECTION('',(0.E0,0.E0,-1.E0));
#1028=VECTOR('',#1027,7.E1);
#1029=CARTESIAN_POINT('',(-8.E0,-3.8E1,8.E1));
#1030=LINE('',#1029,#1028);
#1031=CARTESIAN_POINT('',(-9.E0,-3.8E1,1.E1));
#1032=DIRECTION('',(0.E0,1.E0,0.E0));
#1033=DIRECTION('',(1.E0,0.E0,-2.486899575160E-14));
#1034=AXIS2_PLACEMENT_3D('',#1031,#1032,#1033);
#1036=DIRECTION('',(0.E0,0.E0,1.E0));
#1037=VECTOR('',#1036,7.E1);
#1038=CARTESIAN_POINT('',(-1.42E1,-3.8E1,1.E1));
#1039=LINE('',#1038,#1037);
#1040=CARTESIAN_POINT('',(-1.32E1,-3.8E1,8.E1));
#1041=DIRECTION('',(0.E0,1.E0,0.E0));
#1042=DIRECTION('',(-1.E0,0.E0,0.E0));
#1043=AXIS2_PLACEMENT_3D('',#1040,#1041,#1042);
#1045=DIRECTION('',(0.E0,0.E0,-1.E0));
#1046=VECTOR('',#1045,7.E1);
#1047=CARTESIAN_POINT('',(-1.22E1,-3.8E1,8.E1));
#1048=LINE('',#1047,#1046);
#1049=CARTESIAN_POINT('',(-1.32E1,-3.8E1,1.E1));
#1050=DIRECTION('',(0.E0,1.E0,0.E0));
#1051=DIRECTION('',(1.E0,0.E0,-2.486899575160E-14));
#1052=AXIS2_PLACEMENT_3D('',#1049,#1050,#1051);
#1054=DIRECTION('',(0.E0,0.E0,1.E0));
#1055=VECTOR('',#1054,7.E1);
#1056=CARTESIAN_POINT('',(-1.84E1,-3.8E1,1.E1));
#1057=LINE('',#1056,#1055);
#1058=CARTESIAN_POINT('',(-1.74E1,-3.8E1,8.E1));
#1059=DIRECTION('',(0.E0,1.E0,0.E0));
#1060=DIRECTION('',(-1.E0,0.E0,0.E0));
#1061=AXIS2_PLACEMENT_3D('',#1058,#1059,#1060);
#1063=DIRECTION('',(0.E0,0.E0,-1.E0));
#1064=VECTOR('',#1063,7.E1);
#1065=CARTESIAN_POINT('',(-1.64E1,-3.8E1,8.E1));
#1066=LINE('',#1065,#1064);
#1067=CARTESIAN_POINT('',(-1.74E1,-3.8E1,1.E1));
#1068=DIRECTION('',(0.E0,1.E0,0.E0));
#1069=DIRECTION('',(1.E0,0.E0,-2.486899575160E-14));
#1070=AXIS2_PLACEMENT_3D('',#1067,#1068,#1069);
#1072=DIRECTION('',(0.E0,0.E0,1.E0));
#1073=VECTOR('',#1072,7.E1);
#1074=CARTESIAN_POINT('',(-2.26E1,-3.8E1,1.E1));
#1075=LINE('',#1074,#1073);
#1076=CARTESIAN_POINT('',(-2.16E1,-3.8E1,8.E1));
#1077=DIRECTION('',(0.E0,1.E0,0.E0));
#1078=DIRECTION('',(-1.E0,0.E0,0.E0));
#1079=AXIS2_PLACEMENT_3D('',#1076,#1077,#1078);
#1081=DIRECTION('',(0.E0,0.E0,-1.E0));
#1082=VECTOR('',#1081,7.E1);
#1083=CARTESIAN_POINT('',(-2.06E1,-3.8E1,8.E1));
#1084=LINE('',#1083,#1082);
#1085=CARTESIAN_POINT('',(-2.16E1,-3.8E1,1.E1));
#1086=DIRECTION('',(0.E0,1.E0,0.E0));
#1087=DIRECTION('',(1.E0,0.E0,-2.486899575160E-14));
#1088=AXIS2_PLACEMENT_3D('',#1085,#1086,#1087);
#1090=DIRECTION('',(0.E0,0.E0,1.E0));
#1091=VECTOR('',#1090,7.E1);
#1092=CARTESIAN_POINT('',(-2.68E1,-3.8E1,1.E1));
#1093=LINE('',#1092,#1091);
#1094=CARTESIAN_POINT('',(-2.58E1,-3.8E1,8.E1));
#1095=DIRECTION('',(0.E0,1.E0,0.E0));
#1096=DIRECTION('',(-1.E0,0.E0,0.E0));
#1097=AXIS2_PLACEMENT_3D('',#1094,#1095,#1096);
#1099=DIRECTION('',(0.E0,0.E0,-1.E0));
#1100=VECTOR('',#1099,7.E1);
#1101=CARTESIAN_POINT('',(-2.48E1,-3.8E1,8.E1));
#1102=LINE('',#1101,#1100);
#1103=CARTESIAN_POINT('',(-2.58E1,-3.8E1,1.E1));
#1104=DIRECTION('',(0.E0,1.E0,0.E0));
#1105=DIRECTION('',(1.E0,0.E0,-2.486899575160E-14));
#1106=AXIS2_PLACEMENT_3D('',#1103,#1104,#1105);
#1108=DIRECTION('',(0.E0,0.E0,1.E0));
#1109=VECTOR('',#1108,7.E1);
#1110=CARTESIAN_POINT('',(-3.1E1,-3.8E1,1.E1));
#1111=LINE('',#1110,#1109);
#1112=CARTESIAN_POINT('',(-3.E1,-3.8E1,8.E1));
#1113=DIRECTION('',(0.E0,1.E0,0.E0));
#1114=DIRECTION('',(-1.E0,0.E0,0.E0));
#1115=AXIS2_PLACEMENT_3D('',#1112,#1113,#1114);
#1117=DIRECTION('',(0.E0,0.E0,-1.E0));
#1118=VECTOR('',#1117,7.E1);
#1119=CARTESIAN_POINT('',(-2.9E1,-3.8E1,8.E1));
#1120=LINE('',#1119,#1118);
#1121=CARTESIAN_POINT('',(-3.E1,-3.8E1,1.E1));
#1122=DIRECTION('',(0.E0,1.E0,0.E0));
#1123=DIRECTION('',(1.E0,0.E0,-2.486899575160E-14));
#1124=AXIS2_PLACEMENT_3D('',#1121,#1122,#1123);
#1126=DIRECTION('',(0.E0,1.E0,0.E0));
#1127=VECTOR('',#1126,1.9E1);
#1128=CARTESIAN_POINT('',(-4.05E1,-3.8E1,1.4E1));
#1129=LINE('',#1128,#1127);
#1130=DIRECTION('',(-1.E0,0.E0,0.E0));
#1131=VECTOR('',#1130,1.E0);
#1132=CARTESIAN_POINT('',(-4.05E1,-1.9E1,1.4E1));
#1133=LINE('',#1132,#1131);
#1134=DIRECTION('',(-5.E-1,-8.660254037844E-1,0.E0));
#1135=VECTOR('',#1134,4.740692158993E0);
#1136=CARTESIAN_POINT('',(-4.15E1,-1.9E1,1.4E1));
#1137=LINE('',#1136,#1135);
#1138=CARTESIAN_POINT('',(-4.343733337760E1,-2.335555984121E1,1.4E1));
#1139=DIRECTION('',(0.E0,0.E0,1.E0));
#1140=DIRECTION('',(-8.660254037844E-1,5.E-1,0.E0));
#1141=AXIS2_PLACEMENT_3D('',#1138,#1139,#1140);
#1143=DIRECTION('',(7.071067811865E-1,-7.071067811866E-1,0.E0));
#1144=VECTOR('',#1143,2.386249746853E0);
#1145=CARTESIAN_POINT('',(-4.379088676820E1,-2.370911323180E1,1.4E1));
#1146=LINE('',#1145,#1144);
#1147=CARTESIAN_POINT('',(-4.235355339059E1,-2.564644660941E1,1.4E1));
#1148=DIRECTION('',(0.E0,0.E0,-1.E0));
#1149=DIRECTION('',(7.071067811865E-1,7.071067811865E-1,0.E0));
#1150=AXIS2_PLACEMENT_3D('',#1147,#1148,#1149);
#1152=DIRECTION('',(-1.E0,0.E0,0.E0));
#1153=VECTOR('',#1152,2.146446609407E0);
#1154=CARTESIAN_POINT('',(-4.235355339059E1,-2.6E1,1.4E1));
#1155=LINE('',#1154,#1153);
#1156=DIRECTION('',(0.E0,-1.E0,0.E0));
#1157=VECTOR('',#1156,2.E0);
#1158=CARTESIAN_POINT('',(-4.45E1,-2.6E1,1.4E1));
#1159=LINE('',#1158,#1157);
#1160=DIRECTION('',(7.071067811865E-1,-7.071067811865E-1,0.E0));
#1161=VECTOR('',#1160,1.065232271865E0);
#1162=CARTESIAN_POINT('',(-4.45E1,-2.8E1,1.4E1));
#1163=LINE('',#1162,#1161);
#1164=CARTESIAN_POINT('',(-4.586808738059E1,-3.087455330653E1,1.4E1));
#1165=DIRECTION('',(0.E0,0.E0,-1.E0));
#1166=DIRECTION('',(7.071067811865E-1,7.071067811865E-1,0.E0));
#1167=AXIS2_PLACEMENT_3D('',#1164,#1165,#1166);
#1169=DIRECTION('',(0.E0,-1.E0,0.E0));
#1170=VECTOR('',#1169,1.254466934659E-1);
#1171=CARTESIAN_POINT('',(-4.286808738059E1,-3.087455330653E1,1.4E1));
#1172=LINE('',#1171,#1170);
#1173=CARTESIAN_POINT('',(-4.986808738059E1,-3.1E1,1.4E1));
#1174=DIRECTION('',(0.E0,0.E0,-1.E0));
#1175=DIRECTION('',(1.E0,0.E0,0.E0));
#1176=AXIS2_PLACEMENT_3D('',#1173,#1174,#1175);
#1178=CARTESIAN_POINT('',(-4.986808738059E1,-3.1E1,2.1E1));
#1179=DIRECTION('',(0.E0,0.E0,-1.E0));
#1180=DIRECTION('',(1.E0,0.E0,0.E0));
#1181=AXIS2_PLACEMENT_3D('',#1178,#1179,#1180);
#1183=DIRECTION('',(0.E0,-1.E0,0.E0));
#1184=VECTOR('',#1183,1.254466934659E-1);
#1185=CARTESIAN_POINT('',(-4.286808738059E1,-3.087455330653E1,2.1E1));
#1186=LINE('',#1185,#1184);
#1187=CARTESIAN_POINT('',(-4.586808738059E1,-3.087455330653E1,2.1E1));
#1188=DIRECTION('',(0.E0,0.E0,-1.E0));
#1189=DIRECTION('',(7.071067811865E-1,7.071067811865E-1,0.E0));
#1190=AXIS2_PLACEMENT_3D('',#1187,#1188,#1189);
#1192=DIRECTION('',(7.071067811865E-1,-7.071067811865E-1,0.E0));
#1193=VECTOR('',#1192,1.065232271865E0);
#1194=CARTESIAN_POINT('',(-4.45E1,-2.8E1,2.1E1));
#1195=LINE('',#1194,#1193);
#1196=DIRECTION('',(0.E0,-1.E0,0.E0));
#1197=VECTOR('',#1196,2.E0);
#1198=CARTESIAN_POINT('',(-4.45E1,-2.6E1,2.1E1));
#1199=LINE('',#1198,#1197);
#1200=DIRECTION('',(-1.E0,0.E0,0.E0));
#1201=VECTOR('',#1200,2.146446609407E0);
#1202=CARTESIAN_POINT('',(-4.235355339059E1,-2.6E1,2.1E1));
#1203=LINE('',#1202,#1201);
#1204=CARTESIAN_POINT('',(-4.235355339059E1,-2.564644660941E1,2.1E1));
#1205=DIRECTION('',(0.E0,0.E0,-1.E0));
#1206=DIRECTION('',(7.071067811865E-1,7.071067811865E-1,0.E0));
#1207=AXIS2_PLACEMENT_3D('',#1204,#1205,#1206);
#1209=DIRECTION('',(7.071067811865E-1,-7.071067811866E-1,0.E0));
#1210=VECTOR('',#1209,2.386249746853E0);
#1211=CARTESIAN_POINT('',(-4.379088676820E1,-2.370911323180E1,2.1E1));
#1212=LINE('',#1211,#1210);
#1213=CARTESIAN_POINT('',(-4.343733337760E1,-2.335555984121E1,2.1E1));
#1214=DIRECTION('',(0.E0,0.E0,1.E0));
#1215=DIRECTION('',(-8.660254037844E-1,5.E-1,0.E0));
#1216=AXIS2_PLACEMENT_3D('',#1213,#1214,#1215);
#1218=DIRECTION('',(-5.E-1,-8.660254037844E-1,0.E0));
#1219=VECTOR('',#1218,4.740692158993E0);
#1220=CARTESIAN_POINT('',(-4.15E1,-1.9E1,2.1E1));
#1221=LINE('',#1220,#1219);
#1222=DIRECTION('',(-1.E0,0.E0,0.E0));
#1223=VECTOR('',#1222,1.E0);
#1224=CARTESIAN_POINT('',(-4.05E1,-1.9E1,2.1E1));
#1225=LINE('',#1224,#1223);
#1226=DIRECTION('',(0.E0,1.E0,0.E0));
#1227=VECTOR('',#1226,1.9E1);
#1228=CARTESIAN_POINT('',(-4.05E1,-3.8E1,2.1E1));
#1229=LINE('',#1228,#1227);
#1230=DIRECTION('',(0.E0,0.E0,1.E0));
#1231=VECTOR('',#1230,7.E0);
#1232=CARTESIAN_POINT('',(-4.286808738059E1,-3.1E1,1.4E1));
#1233=LINE('',#1232,#1231);
#1234=DIRECTION('',(0.E0,0.E0,1.E0));
#1235=VECTOR('',#1234,7.E0);
#1236=CARTESIAN_POINT('',(-4.286808738059E1,-3.087455330653E1,1.4E1));
#1237=LINE('',#1236,#1235);
#1238=DIRECTION('',(0.E0,0.E0,1.E0));
#1239=VECTOR('',#1238,7.E0);
#1240=CARTESIAN_POINT('',(-4.374676703703E1,-2.875323296297E1,1.4E1));
#1241=LINE('',#1240,#1239);
#1242=DIRECTION('',(0.E0,0.E0,1.E0));
#1243=VECTOR('',#1242,7.E0);
#1244=CARTESIAN_POINT('',(-4.45E1,-2.8E1,1.4E1));
#1245=LINE('',#1244,#1243);
#1246=DIRECTION('',(0.E0,0.E0,1.E0));
#1247=VECTOR('',#1246,7.E0);
#1248=CARTESIAN_POINT('',(-4.45E1,-2.6E1,1.4E1));
#1249=LINE('',#1248,#1247);
#1250=DIRECTION('',(0.E0,0.E0,1.E0));
#1251=VECTOR('',#1250,7.E0);
#1252=CARTESIAN_POINT('',(-4.235355339059E1,-2.6E1,1.4E1));
#1253=LINE('',#1252,#1251);
#1254=DIRECTION('',(0.E0,0.E0,1.E0));
#1255=VECTOR('',#1254,7.E0);
#1256=CARTESIAN_POINT('',(-4.210355339059E1,-2.539644660941E1,1.4E1));
#1257=LINE('',#1256,#1255);
#1258=DIRECTION('',(0.E0,0.E0,1.E0));
#1259=VECTOR('',#1258,7.E0);
#1260=CARTESIAN_POINT('',(-4.379088676820E1,-2.370911323180E1,1.4E1));
#1261=LINE('',#1260,#1259);
#1262=DIRECTION('',(0.E0,0.E0,1.E0));
#1263=VECTOR('',#1262,7.E0);
#1264=CARTESIAN_POINT('',(-4.387034607950E1,-2.310555984121E1,1.4E1));
#1265=LINE('',#1264,#1263);
#1266=DIRECTION('',(0.E0,0.E0,1.E0));
#1267=VECTOR('',#1266,7.E0);
#1268=CARTESIAN_POINT('',(-4.15E1,-1.9E1,1.4E1));
#1269=LINE('',#1268,#1267);
#1270=DIRECTION('',(0.E0,0.E0,1.E0));
#1271=VECTOR('',#1270,7.E0);
#1272=CARTESIAN_POINT('',(-4.05E1,-1.9E1,1.4E1));
#1273=LINE('',#1272,#1271);
#1274=DIRECTION('',(0.E0,1.E0,0.E0));
#1275=VECTOR('',#1274,1.9E1);
#1276=CARTESIAN_POINT('',(-4.05E1,-3.8E1,6.9E1));
#1277=LINE('',#1276,#1275);
#1278=DIRECTION('',(-1.E0,0.E0,0.E0));
#1279=VECTOR('',#1278,1.E0);
#1280=CARTESIAN_POINT('',(-4.05E1,-1.9E1,6.9E1));
#1281=LINE('',#1280,#1279);
#1282=DIRECTION('',(-5.E-1,-8.660254037844E-1,0.E0));
#1283=VECTOR('',#1282,4.740692158993E0);
#1284=CARTESIAN_POINT('',(-4.15E1,-1.9E1,6.9E1));
#1285=LINE('',#1284,#1283);
#1286=CARTESIAN_POINT('',(-4.343733337760E1,-2.335555984121E1,6.9E1));
#1287=DIRECTION('',(0.E0,0.E0,1.E0));
#1288=DIRECTION('',(-8.660254037844E-1,5.E-1,0.E0));
#1289=AXIS2_PLACEMENT_3D('',#1286,#1287,#1288);
#1291=DIRECTION('',(7.071067811865E-1,-7.071067811866E-1,0.E0));
#1292=VECTOR('',#1291,2.386249746853E0);
#1293=CARTESIAN_POINT('',(-4.379088676820E1,-2.370911323180E1,6.9E1));
#1294=LINE('',#1293,#1292);
#1295=CARTESIAN_POINT('',(-4.235355339059E1,-2.564644660941E1,6.9E1));
#1296=DIRECTION('',(0.E0,0.E0,-1.E0));
#1297=DIRECTION('',(7.071067811865E-1,7.071067811865E-1,0.E0));
#1298=AXIS2_PLACEMENT_3D('',#1295,#1296,#1297);
#1300=DIRECTION('',(-1.E0,0.E0,0.E0));
#1301=VECTOR('',#1300,2.146446609407E0);
#1302=CARTESIAN_POINT('',(-4.235355339059E1,-2.6E1,6.9E1));
#1303=LINE('',#1302,#1301);
#1304=DIRECTION('',(0.E0,-1.E0,0.E0));
#1305=VECTOR('',#1304,2.E0);
#1306=CARTESIAN_POINT('',(-4.45E1,-2.6E1,6.9E1));
#1307=LINE('',#1306,#1305);
#1308=DIRECTION('',(7.071067811865E-1,-7.071067811865E-1,0.E0));
#1309=VECTOR('',#1308,1.065232271865E0);
#1310=CARTESIAN_POINT('',(-4.45E1,-2.8E1,6.9E1));
#1311=LINE('',#1310,#1309);
#1312=CARTESIAN_POINT('',(-4.586808738059E1,-3.087455330653E1,6.9E1));
#1313=DIRECTION('',(0.E0,0.E0,-1.E0));
#1314=DIRECTION('',(7.071067811865E-1,7.071067811865E-1,0.E0));
#1315=AXIS2_PLACEMENT_3D('',#1312,#1313,#1314);
#1317=DIRECTION('',(0.E0,-1.E0,0.E0));
#1318=VECTOR('',#1317,1.254466934659E-1);
#1319=CARTESIAN_POINT('',(-4.286808738059E1,-3.087455330653E1,6.9E1));
#1320=LINE('',#1319,#1318);
#1321=CARTESIAN_POINT('',(-4.986808738059E1,-3.1E1,6.9E1));
#1322=DIRECTION('',(0.E0,0.E0,-1.E0));
#1323=DIRECTION('',(1.E0,0.E0,0.E0));
#1324=AXIS2_PLACEMENT_3D('',#1321,#1322,#1323);
#1326=CARTESIAN_POINT('',(-4.986808738059E1,-3.1E1,7.6E1));
#1327=DIRECTION('',(0.E0,0.E0,-1.E0));
#1328=DIRECTION('',(1.E0,0.E0,0.E0));
#1329=AXIS2_PLACEMENT_3D('',#1326,#1327,#1328);
#1331=DIRECTION('',(0.E0,-1.E0,0.E0));
#1332=VECTOR('',#1331,1.254466934659E-1);
#1333=CARTESIAN_POINT('',(-4.286808738059E1,-3.087455330653E1,7.6E1));
#1334=LINE('',#1333,#1332);
#1335=CARTESIAN_POINT('',(-4.586808738059E1,-3.087455330653E1,7.6E1));
#1336=DIRECTION('',(0.E0,0.E0,-1.E0));
#1337=DIRECTION('',(7.071067811865E-1,7.071067811865E-1,0.E0));
#1338=AXIS2_PLACEMENT_3D('',#1335,#1336,#1337);
#1340=DIRECTION('',(7.071067811865E-1,-7.071067811865E-1,0.E0));
#1341=VECTOR('',#1340,1.065232271865E0);
#1342=CARTESIAN_POINT('',(-4.45E1,-2.8E1,7.6E1));
#1343=LINE('',#1342,#1341);
#1344=DIRECTION('',(0.E0,-1.E0,0.E0));
#1345=VECTOR('',#1344,2.E0);
#1346=CARTESIAN_POINT('',(-4.45E1,-2.6E1,7.6E1));
#1347=LINE('',#1346,#1345);
#1348=DIRECTION('',(-1.E0,0.E0,0.E0));
#1349=VECTOR('',#1348,2.146446609407E0);
#1350=CARTESIAN_POINT('',(-4.235355339059E1,-2.6E1,7.6E1));
#1351=LINE('',#1350,#1349);
#1352=CARTESIAN_POINT('',(-4.235355339059E1,-2.564644660941E1,7.6E1));
#1353=DIRECTION('',(0.E0,0.E0,-1.E0));
#1354=DIRECTION('',(7.071067811865E-1,7.071067811865E-1,0.E0));
#1355=AXIS2_PLACEMENT_3D('',#1352,#1353,#1354);
#1357=DIRECTION('',(7.071067811865E-1,-7.071067811866E-1,0.E0));
#1358=VECTOR('',#1357,2.386249746853E0);
#1359=CARTESIAN_POINT('',(-4.379088676820E1,-2.370911323180E1,7.6E1));
#1360=LINE('',#1359,#1358);
#1361=CARTESIAN_POINT('',(-4.343733337760E1,-2.335555984121E1,7.6E1));
#1362=DIRECTION('',(0.E0,0.E0,1.E0));
#1363=DIRECTION('',(-8.660254037844E-1,5.E-1,0.E0));
#1364=AXIS2_PLACEMENT_3D('',#1361,#1362,#1363);
#1366=DIRECTION('',(-5.E-1,-8.660254037844E-1,0.E0));
#1367=VECTOR('',#1366,4.740692158993E0);
#1368=CARTESIAN_POINT('',(-4.15E1,-1.9E1,7.6E1));
#1369=LINE('',#1368,#1367);
#1370=DIRECTION('',(-1.E0,0.E0,0.E0));
#1371=VECTOR('',#1370,1.E0);
#1372=CARTESIAN_POINT('',(-4.05E1,-1.9E1,7.6E1));
#1373=LINE('',#1372,#1371);
#1374=DIRECTION('',(0.E0,1.E0,0.E0));
#1375=VECTOR('',#1374,1.9E1);
#1376=CARTESIAN_POINT('',(-4.05E1,-3.8E1,7.6E1));
#1377=LINE('',#1376,#1375);
#1378=DIRECTION('',(0.E0,0.E0,1.E0));
#1379=VECTOR('',#1378,7.E0);
#1380=CARTESIAN_POINT('',(-4.286808738059E1,-3.1E1,6.9E1));
#1381=LINE('',#1380,#1379);
#1382=DIRECTION('',(0.E0,0.E0,1.E0));
#1383=VECTOR('',#1382,7.E0);
#1384=CARTESIAN_POINT('',(-4.286808738059E1,-3.087455330653E1,6.9E1));
#1385=LINE('',#1384,#1383);
#1386=DIRECTION('',(0.E0,0.E0,1.E0));
#1387=VECTOR('',#1386,7.E0);
#1388=CARTESIAN_POINT('',(-4.374676703703E1,-2.875323296297E1,6.9E1));
#1389=LINE('',#1388,#1387);
#1390=DIRECTION('',(0.E0,0.E0,1.E0));
#1391=VECTOR('',#1390,7.E0);
#1392=CARTESIAN_POINT('',(-4.45E1,-2.8E1,6.9E1));
#1393=LINE('',#1392,#1391);
#1394=DIRECTION('',(0.E0,0.E0,1.E0));
#1395=VECTOR('',#1394,7.E0);
#1396=CARTESIAN_POINT('',(-4.45E1,-2.6E1,6.9E1));
#1397=LINE('',#1396,#1395);
#1398=DIRECTION('',(0.E0,0.E0,1.E0));
#1399=VECTOR('',#1398,7.E0);
#1400=CARTESIAN_POINT('',(-4.235355339059E1,-2.6E1,6.9E1));
#1401=LINE('',#1400,#1399);
#1402=DIRECTION('',(0.E0,0.E0,1.E0));
#1403=VECTOR('',#1402,7.E0);
#1404=CARTESIAN_POINT('',(-4.210355339059E1,-2.539644660941E1,6.9E1));
#1405=LINE('',#1404,#1403);
#1406=DIRECTION('',(0.E0,0.E0,1.E0));
#1407=VECTOR('',#1406,7.E0);
#1408=CARTESIAN_POINT('',(-4.379088676820E1,-2.370911323180E1,6.9E1));
#1409=LINE('',#1408,#1407);
#1410=DIRECTION('',(0.E0,0.E0,1.E0));
#1411=VECTOR('',#1410,7.E0);
#1412=CARTESIAN_POINT('',(-4.387034607950E1,-2.310555984121E1,6.9E1));
#1413=LINE('',#1412,#1411);
#1414=DIRECTION('',(0.E0,0.E0,1.E0));
#1415=VECTOR('',#1414,7.E0);
#1416=CARTESIAN_POINT('',(-4.15E1,-1.9E1,6.9E1));
#1417=LINE('',#1416,#1415);
#1418=DIRECTION('',(0.E0,0.E0,1.E0));
#1419=VECTOR('',#1418,7.E0);
#1420=CARTESIAN_POINT('',(-4.05E1,-1.9E1,6.9E1));
#1421=LINE('',#1420,#1419);
#1422=CARTESIAN_POINT('',(-3.138464839420E1,-3.3E1,2.8E1));
#1423=DIRECTION('',(0.E0,0.E0,-1.E0));
#1424=DIRECTION('',(0.E0,-1.E0,0.E0));
#1425=AXIS2_PLACEMENT_3D('',#1422,#1423,#1424);
#1427=DIRECTION('',(0.E0,1.E0,0.E0));
#1428=VECTOR('',#1427,6.872710918680E0);
#1429=CARTESIAN_POINT('',(-3.638464839420E1,-3.3E1,2.8E1));
#1430=LINE('',#1429,#1428);
#1431=CARTESIAN_POINT('',(-3.338464839420E1,-2.612728908132E1,2.8E1));
#1432=DIRECTION('',(0.E0,0.E0,-1.E0));
#1433=DIRECTION('',(-1.E0,0.E0,0.E0));
#1434=AXIS2_PLACEMENT_3D('',#1431,#1432,#1433);
#1436=DIRECTION('',(7.071067811865E-1,7.071067811865E-1,0.E0));
#1437=VECTOR('',#1436,1.422654632264E0);
#1438=CARTESIAN_POINT('',(-3.550596873776E1,-2.400596873776E1,2.8E1));
#1439=LINE('',#1438,#1437);
#1440=DIRECTION('',(0.E0,1.E0,0.E0));
#1441=VECTOR('',#1440,2.E0);
#1442=CARTESIAN_POINT('',(-3.45E1,-2.3E1,2.8E1));
#1443=LINE('',#1442,#1441);
#1444=DIRECTION('',(-1.E0,0.E0,0.E0));
#1445=VECTOR('',#1444,2.292893218813E0);
#1446=CARTESIAN_POINT('',(-3.45E1,-2.1E1,2.8E1));
#1447=LINE('',#1446,#1445);
#1448=CARTESIAN_POINT('',(-3.679289321881E1,-2.05E1,2.8E1));
#1449=DIRECTION('',(0.E0,0.E0,-1.E0));
#1450=DIRECTION('',(0.E0,-1.E0,0.E0));
#1451=AXIS2_PLACEMENT_3D('',#1448,#1449,#1450);
#1453=DIRECTION('',(7.071067811865E-1,7.071067811865E-1,0.E0));
#1454=VECTOR('',#1453,2.653755866899E0);
#1455=CARTESIAN_POINT('',(-3.714644660941E1,-2.014644660941E1,2.8E1));
#1456=LINE('',#1455,#1454);
#1457=CARTESIAN_POINT('',(-3.562351123090E1,-1.791640444972E1,2.8E1));
#1458=DIRECTION('',(0.E0,0.E0,1.E0));
#1459=DIRECTION('',(7.071067811866E-1,-7.071067811865E-1,0.E0));
#1460=AXIS2_PLACEMENT_3D('',#1457,#1458,#1459);
#1462=DIRECTION('',(-5.E-1,8.660254037844E-1,0.E0));
#1463=VECTOR('',#1462,5.388299730382E0);
#1464=CARTESIAN_POINT('',(-3.519049852901E1,-1.766640444972E1,2.8E1));
#1465=LINE('',#1464,#1463);
#1466=DIRECTION('',(-1.E0,0.E0,0.E0));
#1467=VECTOR('',#1466,1.E0);
#1468=CARTESIAN_POINT('',(-3.788464839420E1,-1.3E1,2.8E1));
#1469=LINE('',#1468,#1467);
#1470=DIRECTION('',(0.E0,-1.E0,0.E0));
#1471=VECTOR('',#1470,2.5E1);
#1472=CARTESIAN_POINT('',(-3.888464839420E1,-1.3E1,2.8E1));
#1473=LINE('',#1472,#1471);
#1474=DIRECTION('',(0.E0,-1.E0,0.E0));
#1475=VECTOR('',#1474,2.5E1);
#1476=CARTESIAN_POINT('',(-3.888464839420E1,-1.3E1,3.5E1));
#1477=LINE('',#1476,#1475);
#1478=DIRECTION('',(-1.E0,0.E0,0.E0));
#1479=VECTOR('',#1478,1.E0);
#1480=CARTESIAN_POINT('',(-3.788464839420E1,-1.3E1,3.5E1));
#1481=LINE('',#1480,#1479);
#1482=DIRECTION('',(-5.E-1,8.660254037844E-1,0.E0));
#1483=VECTOR('',#1482,5.388299730382E0);
#1484=CARTESIAN_POINT('',(-3.519049852901E1,-1.766640444972E1,3.5E1));
#1485=LINE('',#1484,#1483);
#1486=CARTESIAN_POINT('',(-3.562351123090E1,-1.791640444972E1,3.5E1));
#1487=DIRECTION('',(0.E0,0.E0,1.E0));
#1488=DIRECTION('',(7.071067811866E-1,-7.071067811865E-1,0.E0));
#1489=AXIS2_PLACEMENT_3D('',#1486,#1487,#1488);
#1491=DIRECTION('',(7.071067811865E-1,7.071067811865E-1,0.E0));
#1492=VECTOR('',#1491,2.653755866899E0);
#1493=CARTESIAN_POINT('',(-3.714644660941E1,-2.014644660941E1,3.5E1));
#1494=LINE('',#1493,#1492);
#1495=CARTESIAN_POINT('',(-3.679289321881E1,-2.05E1,3.5E1));
#1496=DIRECTION('',(0.E0,0.E0,-1.E0));
#1497=DIRECTION('',(0.E0,-1.E0,0.E0));
#1498=AXIS2_PLACEMENT_3D('',#1495,#1496,#1497);
#1500=DIRECTION('',(-1.E0,0.E0,0.E0));
#1501=VECTOR('',#1500,2.292893218813E0);
#1502=CARTESIAN_POINT('',(-3.45E1,-2.1E1,3.5E1));
#1503=LINE('',#1502,#1501);
#1504=DIRECTION('',(0.E0,1.E0,0.E0));
#1505=VECTOR('',#1504,2.E0);
#1506=CARTESIAN_POINT('',(-3.45E1,-2.3E1,3.5E1));
#1507=LINE('',#1506,#1505);
#1508=DIRECTION('',(7.071067811865E-1,7.071067811865E-1,0.E0));
#1509=VECTOR('',#1508,1.422654632264E0);
#1510=CARTESIAN_POINT('',(-3.550596873776E1,-2.400596873776E1,3.5E1));
#1511=LINE('',#1510,#1509);
#1512=CARTESIAN_POINT('',(-3.338464839420E1,-2.612728908132E1,3.5E1));
#1513=DIRECTION('',(0.E0,0.E0,-1.E0));
#1514=DIRECTION('',(-1.E0,0.E0,0.E0));
#1515=AXIS2_PLACEMENT_3D('',#1512,#1513,#1514);
#1517=DIRECTION('',(0.E0,1.E0,0.E0));
#1518=VECTOR('',#1517,6.872710918680E0);
#1519=CARTESIAN_POINT('',(-3.638464839420E1,-3.3E1,3.5E1));
#1520=LINE('',#1519,#1518);
#1521=CARTESIAN_POINT('',(-3.138464839420E1,-3.3E1,3.5E1));
#1522=DIRECTION('',(0.E0,0.E0,-1.E0));
#1523=DIRECTION('',(0.E0,-1.E0,0.E0));
#1524=AXIS2_PLACEMENT_3D('',#1521,#1522,#1523);
#1526=DIRECTION('',(0.E0,0.E0,1.E0));
#1527=VECTOR('',#1526,7.E0);
#1528=CARTESIAN_POINT('',(-3.888464839420E1,-1.3E1,2.8E1));
#1529=LINE('',#1528,#1527);
#1530=DIRECTION('',(0.E0,0.E0,1.E0));
#1531=VECTOR('',#1530,7.E0);
#1532=CARTESIAN_POINT('',(-3.788464839420E1,-1.3E1,2.8E1));
#1533=LINE('',#1532,#1531);
#1534=DIRECTION('',(0.E0,0.E0,1.E0));
#1535=VECTOR('',#1534,7.E0);
#1536=CARTESIAN_POINT('',(-3.519049852901E1,-1.766640444972E1,2.8E1));
#1537=LINE('',#1536,#1535);
#1538=DIRECTION('',(0.E0,0.E0,1.E0));
#1539=VECTOR('',#1538,7.E0);
#1540=CARTESIAN_POINT('',(-3.526995784031E1,-1.826995784031E1,2.8E1));
#1541=LINE('',#1540,#1539);
#1542=DIRECTION('',(0.E0,0.E0,1.E0));
#1543=VECTOR('',#1542,7.E0);
#1544=CARTESIAN_POINT('',(-3.714644660941E1,-2.014644660941E1,2.8E1));
#1545=LINE('',#1544,#1543);
#1546=DIRECTION('',(0.E0,0.E0,1.E0));
#1547=VECTOR('',#1546,7.E0);
#1548=CARTESIAN_POINT('',(-3.679289321881E1,-2.1E1,2.8E1));
#1549=LINE('',#1548,#1547);
#1550=DIRECTION('',(0.E0,0.E0,1.E0));
#1551=VECTOR('',#1550,7.E0);
#1552=CARTESIAN_POINT('',(-3.45E1,-2.1E1,2.8E1));
#1553=LINE('',#1552,#1551);
#1554=DIRECTION('',(0.E0,0.E0,1.E0));
#1555=VECTOR('',#1554,7.E0);
#1556=CARTESIAN_POINT('',(-3.45E1,-2.3E1,2.8E1));
#1557=LINE('',#1556,#1555);
#1558=DIRECTION('',(0.E0,0.E0,1.E0));
#1559=VECTOR('',#1558,7.E0);
#1560=CARTESIAN_POINT('',(-3.550596873776E1,-2.400596873776E1,2.8E1));
#1561=LINE('',#1560,#1559);
#1562=DIRECTION('',(0.E0,0.E0,1.E0));
#1563=VECTOR('',#1562,7.E0);
#1564=CARTESIAN_POINT('',(-3.638464839420E1,-2.612728908132E1,2.8E1));
#1565=LINE('',#1564,#1563);
#1566=DIRECTION('',(0.E0,0.E0,1.E0));
#1567=VECTOR('',#1566,7.E0);
#1568=CARTESIAN_POINT('',(-3.638464839420E1,-3.3E1,2.8E1));
#1569=LINE('',#1568,#1567);
#1570=DIRECTION('',(0.E0,1.E0,0.E0));
#1571=VECTOR('',#1570,1.5E1);
#1572=CARTESIAN_POINT('',(-3.472E1,-3.8E1,6.8E1));
#1573=LINE('',#1572,#1571);
#1574=CARTESIAN_POINT('',(-3.472E1,-2.152098012584E1,6.55E1));
#1575=DIRECTION('',(0.E0,1.E0,0.E0));
#1576=DIRECTION('',(4.000009704419E-1,0.E0,9.165147154550E-1));
#1577=AXIS2_PLACEMENT_3D('',#1574,#1575,#1576);
#1579=CARTESIAN_POINT('',(-3.421999998702E1,-2.152098025125E1,
6.435435600545E1));
#1580=CARTESIAN_POINT('',(-3.421999998702E1,-2.163230865624E1,
6.435435600973E1));
#1581=CARTESIAN_POINT('',(-3.422000000612E1,-2.185199359308E1,
6.432852627725E1));
#1582=CARTESIAN_POINT('',(-3.421999999806E1,-2.218824401777E1,
6.420168436003E1));
#1583=CARTESIAN_POINT('',(-3.422000000165E1,-2.248435437719E1,
6.399763931561E1));
#1584=CARTESIAN_POINT('',(-3.421999999535E1,-2.272988342726E1,
6.373122996710E1));
#1585=CARTESIAN_POINT('',(-3.422000001694E1,-2.291475462219E1,
6.340053221867E1));
#1586=CARTESIAN_POINT('',(-3.421999996358E1,-2.298011644319E1,
6.317059390186E1));
#1587=CARTESIAN_POINT('',(-3.421999996358E1,-2.299999776169E1,
6.305051008480E1));
#1589=CARTESIAN_POINT('',(-3.472E1,-2.299999629733E1,6.55E1));
#1590=DIRECTION('',(0.E0,-1.E0,0.E0));
#1591=DIRECTION('',(2.000000010329E-1,0.E0,-9.797958969024E-1));
#1592=AXIS2_PLACEMENT_3D('',#1589,#1590,#1591);
#1594=CARTESIAN_POINT('',(-3.422000005688E1,-2.300000104465E1,
6.794948947687E1));
#1595=CARTESIAN_POINT('',(-3.422000005688E1,-2.298011607918E1,
6.782938720608E1));
#1596=CARTESIAN_POINT('',(-3.421999997256E1,-2.291474982597E1,
6.759943648143E1));
#1597=CARTESIAN_POINT('',(-3.422000001070E1,-2.272999953512E1,
6.726893147746E1));
#1598=CARTESIAN_POINT('',(-3.421999998462E1,-2.248451153935E1,
6.700248990123E1));
#1599=CARTESIAN_POINT('',(-3.422000005081E1,-2.218832331595E1,
6.679834597599E1));
#1600=CARTESIAN_POINT('',(-3.421999981214E1,-2.185188708701E1,
6.667143351865E1));
#1601=CARTESIAN_POINT('',(-3.422000040447E1,-2.163225828731E1,
6.664564182484E1));
#1602=CARTESIAN_POINT('',(-3.422000040447E1,-2.152097876564E1,
6.664564171792E1));
#1604=DIRECTION('',(2.001336259826E-7,9.999999999994E-1,1.091463085481E-6));
#1605=VECTOR('',#1604,2.020978765639E0);
#1606=CARTESIAN_POINT('',(-3.422000040447E1,-2.152097876564E1,
6.664564171792E1));
#1607=LINE('',#1606,#1605);
#1608=DIRECTION('',(-6.421287726327E-9,1.E0,3.503676519686E-8));
#1609=VECTOR('',#1608,2.020980251251E0);
#1610=CARTESIAN_POINT('',(-3.421999998702E1,-2.152098025125E1,
6.435435600545E1));
#1611=LINE('',#1610,#1609);
#1612=DIRECTION('',(1.904585398889E-8,6.701308157654E-7,-9.999999999998E-1));
#1613=VECTOR('',#1612,4.898979392073E0);
#1614=CARTESIAN_POINT('',(-3.422000005688E1,-2.300000104465E1,
6.794948947687E1));
#1615=LINE('',#1614,#1613);
#1616=CARTESIAN_POINT('',(-3.472E1,-2.3E1,6.55E1));
#1617=DIRECTION('',(0.E0,1.E0,0.E0));
#1618=DIRECTION('',(0.E0,0.E0,-1.E0));
#1619=AXIS2_PLACEMENT_3D('',#1616,#1617,#1618);
#1621=CARTESIAN_POINT('',(-3.472E1,-2.3E1,6.55E1));
#1622=DIRECTION('',(0.E0,1.E0,0.E0));
#1623=DIRECTION('',(2.E-1,0.E0,-9.797958971133E-1));
#1624=AXIS2_PLACEMENT_3D('',#1621,#1622,#1623);
#1626=CARTESIAN_POINT('',(-3.472E1,-2.3E1,6.55E1));
#1627=DIRECTION('',(0.E0,1.E0,0.E0));
#1628=DIRECTION('',(0.E0,0.E0,1.E0));
#1629=AXIS2_PLACEMENT_3D('',#1626,#1627,#1628);
#1631=CARTESIAN_POINT('',(-3.472E1,-2.3E1,6.55E1));
#1632=DIRECTION('',(0.E0,1.E0,0.E0));
#1633=DIRECTION('',(-2.E-1,0.E0,9.797958971133E-1));
#1634=AXIS2_PLACEMENT_3D('',#1631,#1632,#1633);
#1636=CARTESIAN_POINT('',(-4.72E0,-2.3E1,6.55E1));
#1637=DIRECTION('',(0.E0,1.E0,0.E0));
#1638=DIRECTION('',(2.238209617644E-14,0.E0,-1.E0));
#1639=AXIS2_PLACEMENT_3D('',#1636,#1637,#1638);
#1641=DIRECTION('',(-1.E0,0.E0,2.842170943041E-14));
#1642=VECTOR('',#1641,5.E-1);
#1643=CARTESIAN_POINT('',(-4.22E0,-2.3E1,6.3E1));
#1644=LINE('',#1643,#1642);
#1645=DIRECTION('',(1.E0,0.E0,0.E0));
#1646=VECTOR('',#1645,5.E-1);
#1647=CARTESIAN_POINT('',(-4.72E0,-2.3E1,6.8E1));
#1648=LINE('',#1647,#1646);
#1649=CARTESIAN_POINT('',(-4.72E0,-2.3E1,6.55E1));
#1650=DIRECTION('',(0.E0,1.E0,0.E0));
#1651=DIRECTION('',(-2.E-1,0.E0,9.797958971133E-1));
#1652=AXIS2_PLACEMENT_3D('',#1649,#1650,#1651);
#1654=CARTESIAN_POINT('',(-4.72E0,-2.3E1,6.55E1));
#1655=DIRECTION('',(0.E0,1.E0,0.E0));
#1656=DIRECTION('',(9.890909090909E-1,0.E0,-1.473063934584E-1));
#1657=AXIS2_PLACEMENT_3D('',#1654,#1655,#1656);
#1659=DIRECTION('',(-1.E0,0.E0,0.E0));
#1660=VECTOR('',#1659,1.574356076261E0);
#1661=CARTESIAN_POINT('',(-2.E0,-2.3E1,6.3E1));
#1662=LINE('',#1661,#1660);
#1663=CARTESIAN_POINT('',(-4.72E0,-2.3E1,6.55E1));
#1664=DIRECTION('',(0.E0,1.E0,0.E0));
#1665=DIRECTION('',(4.165977904505E-1,0.E0,9.090909090909E-1));
#1666=AXIS2_PLACEMENT_3D('',#1663,#1664,#1665);
#1668=DIRECTION('',(1.E0,0.E0,0.E0));
#1669=VECTOR('',#1668,1.574356076261E0);
#1670=CARTESIAN_POINT('',(-3.574356076261E0,-2.3E1,6.8E1));
#1671=LINE('',#1670,#1669);
#1672=DIRECTION('',(-1.904585543928E-8,6.701308230173E-7,9.999999999998E-1));
#1673=VECTOR('',#1672,4.898979392073E0);
#1674=CARTESIAN_POINT('',(-3.521999994312E1,-2.300000104465E1,
6.305051052313E1));
#1675=LINE('',#1674,#1673);
#1676=CARTESIAN_POINT('',(-3.472E1,-2.152098012584E1,6.55E1));
#1677=DIRECTION('',(0.E0,1.E0,0.E0));
#1678=DIRECTION('',(-4.000009704420E-1,0.E0,-9.165147154549E-1));
#1679=AXIS2_PLACEMENT_3D('',#1676,#1677,#1678);
#1681=CARTESIAN_POINT('',(-3.522000001298E1,-2.152098025125E1,
6.664564399455E1));
#1682=CARTESIAN_POINT('',(-3.522000001298E1,-2.163230865624E1,
6.664564399027E1));
#1683=CARTESIAN_POINT('',(-3.521999999388E1,-2.185199359308E1,
6.667147372275E1));
#1684=CARTESIAN_POINT('',(-3.522000000194E1,-2.218824401777E1,
6.679831563997E1));
#1685=CARTESIAN_POINT('',(-3.521999999835E1,-2.248435437719E1,
6.700236068439E1));
#1686=CARTESIAN_POINT('',(-3.522000000465E1,-2.272988342726E1,
6.726877003290E1));
#1687=CARTESIAN_POINT('',(-3.521999998306E1,-2.291475462219E1,
6.759946778133E1));
#1688=CARTESIAN_POINT('',(-3.522000003642E1,-2.298011644319E1,
6.782940609814E1));
#1689=CARTESIAN_POINT('',(-3.522000003642E1,-2.299999776169E1,
6.794948991520E1));
#1691=CARTESIAN_POINT('',(-3.472E1,-2.299999629733E1,6.55E1));
#1692=DIRECTION('',(0.E0,-1.E0,0.E0));
#1693=DIRECTION('',(-2.000000010329E-1,0.E0,9.797958969024E-1));
#1694=AXIS2_PLACEMENT_3D('',#1691,#1692,#1693);
#1696=CARTESIAN_POINT('',(-3.521999994312E1,-2.300000104465E1,
6.305051052313E1));
#1697=CARTESIAN_POINT('',(-3.521999994312E1,-2.298011607918E1,
6.317061279390E1));
#1698=CARTESIAN_POINT('',(-3.522000002744E1,-2.291474982598E1,
6.340056351854E1));
#1699=CARTESIAN_POINT('',(-3.521999998930E1,-2.272999953509E1,
6.373106852260E1));
#1700=CARTESIAN_POINT('',(-3.522000001538E1,-2.248451153933E1,
6.399751009878E1));
#1701=CARTESIAN_POINT('',(-3.521999994919E1,-2.218832331596E1,
6.420165402401E1));
#1702=CARTESIAN_POINT('',(-3.522000018786E1,-2.185188708689E1,
6.432856648139E1));
#1703=CARTESIAN_POINT('',(-3.521999959553E1,-2.163225828726E1,
6.435435817516E1));
#1704=CARTESIAN_POINT('',(-3.521999959553E1,-2.152097876564E1,
6.435435828208E1));
#1706=DIRECTION('',(-2.001336013718E-7,9.999999999994E-1,-1.091463120640E-6));
#1707=VECTOR('',#1706,2.020978765639E0);
#1708=CARTESIAN_POINT('',(-3.521999959553E1,-2.152097876564E1,
6.435435828208E1));
#1709=LINE('',#1708,#1707);
#1710=DIRECTION('',(6.421284210494E-9,1.E0,-3.503677926018E-8));
#1711=VECTOR('',#1710,2.020980251251E0);
#1712=CARTESIAN_POINT('',(-3.522000001298E1,-2.152098025125E1,
6.664564399455E1));
#1713=LINE('',#1712,#1711);
#1714=CARTESIAN_POINT('',(-3.522E1,-1.95E1,6.664564392374E1));
#1715=CARTESIAN_POINT('',(-3.522E1,-1.947943387408E1,6.667451190037E1));
#1716=CARTESIAN_POINT('',(-3.522E1,-1.943759988569E1,6.673288443924E1));
#1717=CARTESIAN_POINT('',(-3.522E1,-1.937277834448E1,6.682242154843E1));
#1718=CARTESIAN_POINT('',(-3.522E1,-1.932825641604E1,6.688339599537E1));
#1719=CARTESIAN_POINT('',(-3.522E1,-1.930567149429E1,6.691421356237E1));
#1721=CARTESIAN_POINT('',(-3.472E1,-1.95E1,6.55E1));
#1722=DIRECTION('',(0.E0,-1.E0,0.E0));
#1723=DIRECTION('',(-4.E-1,0.E0,9.165151389912E-1));
#1724=AXIS2_PLACEMENT_3D('',#1721,#1722,#1723);
#1726=CARTESIAN_POINT('',(-3.522E1,-1.930567149429E1,6.408578643763E1));
#1727=CARTESIAN_POINT('',(-3.522E1,-1.932822704578E1,6.411656392835E1));
#1728=CARTESIAN_POINT('',(-3.522E1,-1.937271010488E1,6.417748474054E1));
#1729=CARTESIAN_POINT('',(-3.522E1,-1.943753270585E1,6.426702220076E1));
#1730=CARTESIAN_POINT('',(-3.522E1,-1.947940527524E1,6.432544795641E1));
#1731=CARTESIAN_POINT('',(-3.522E1,-1.95E1,6.435435607626E1));
#1733=CARTESIAN_POINT('',(-3.472E1,-1.95E1,6.55E1));
#1734=DIRECTION('',(0.E0,-1.E0,0.E0));
#1735=DIRECTION('',(4.E-1,0.E0,-9.165151389912E-1));
#1736=AXIS2_PLACEMENT_3D('',#1733,#1734,#1735);
#1738=CARTESIAN_POINT('',(-3.422E1,-1.930567149429E1,6.691421356237E1));
#1739=CARTESIAN_POINT('',(-3.422E1,-1.932822704578E1,6.688343607165E1));
#1740=CARTESIAN_POINT('',(-3.422E1,-1.937271010488E1,6.682251525946E1));
#1741=CARTESIAN_POINT('',(-3.422E1,-1.943753270585E1,6.673297779924E1));
#1742=CARTESIAN_POINT('',(-3.422E1,-1.947940527524E1,6.667455204359E1));
#1743=CARTESIAN_POINT('',(-3.422E1,-1.95E1,6.664564392374E1));
#1745=CARTESIAN_POINT('',(-3.422E1,-1.95E1,6.435435607626E1));
#1746=CARTESIAN_POINT('',(-3.422E1,-1.947943387408E1,6.432548809963E1));
#1747=CARTESIAN_POINT('',(-3.422E1,-1.943759988569E1,6.426711556076E1));
#1748=CARTESIAN_POINT('',(-3.422E1,-1.937277834448E1,6.417757845157E1));
#1749=CARTESIAN_POINT('',(-3.422E1,-1.932825641604E1,6.411660400463E1));
#1750=CARTESIAN_POINT('',(-3.422E1,-1.930567149429E1,6.408578643763E1));
#1752=DIRECTION('',(0.E0,1.E0,0.E0));
#1753=VECTOR('',#1752,1.571824751399E0);
#1754=CARTESIAN_POINT('',(-3.522E1,-1.930567149429E1,6.691421356237E1));
#1755=LINE('',#1754,#1753);
#1756=CARTESIAN_POINT('',(-3.472E1,-1.930567149429E1,6.55E1));
#1757=DIRECTION('',(0.E0,-1.E0,0.E0));
#1758=DIRECTION('',(-3.333333333333E-1,0.E0,9.428090415821E-1));
#1759=AXIS2_PLACEMENT_3D('',#1756,#1757,#1758);
#1761=DIRECTION('',(0.E0,1.E0,0.E0));
#1762=VECTOR('',#1761,1.571824751399E0);
#1763=CARTESIAN_POINT('',(-3.522E1,-1.930567149429E1,6.408578643763E1));
#1764=LINE('',#1763,#1762);
#1765=CARTESIAN_POINT('',(-3.472E1,-1.930567149429E1,6.55E1));
#1766=DIRECTION('',(0.E0,-1.E0,0.E0));
#1767=DIRECTION('',(3.333333333333E-1,0.E0,-9.428090415821E-1));
#1768=AXIS2_PLACEMENT_3D('',#1765,#1766,#1767);
#1770=DIRECTION('',(0.E0,1.E0,0.E0));
#1771=VECTOR('',#1770,1.571824751399E0);
#1772=CARTESIAN_POINT('',(-3.422E1,-1.930567149429E1,6.691421356237E1));
#1773=LINE('',#1772,#1771);
#1774=DIRECTION('',(0.E0,1.E0,0.E0));
#1775=VECTOR('',#1774,1.571824751399E0);
#1776=CARTESIAN_POINT('',(-3.422E1,-1.930567149429E1,6.408578643763E1));
#1777=LINE('',#1776,#1775);
#1778=CARTESIAN_POINT('',(-3.472E1,-1.75E1,6.55E1));
#1779=DIRECTION('',(0.E0,1.E0,0.E0));
#1780=DIRECTION('',(-4.E-1,0.E0,-9.165151389912E-1));
#1781=AXIS2_PLACEMENT_3D('',#1778,#1779,#1780);
#1783=CARTESIAN_POINT('',(-3.522E1,-1.75E1,6.664564392374E1));
#1784=CARTESIAN_POINT('',(-3.522E1,-1.752480799281E1,6.667458140104E1));
#1785=CARTESIAN_POINT('',(-3.522E1,-1.757522674380E1,6.673304272279E1));
#1786=CARTESIAN_POINT('',(-3.522E1,-1.765322917759E1,6.682257673223E1));
#1787=CARTESIAN_POINT('',(-3.522E1,-1.770672654038E1,6.688346124325E1));
#1788=CARTESIAN_POINT('',(-3.522E1,-1.773384674289E1,6.691421356237E1));
#1790=CARTESIAN_POINT('',(-3.472E1,-1.773384674289E1,6.55E1));
#1791=DIRECTION('',(0.E0,-1.E0,0.E0));
#1792=DIRECTION('',(-3.333333333333E-1,0.E0,9.428090415821E-1));
#1793=AXIS2_PLACEMENT_3D('',#1790,#1791,#1792);
#1795=CARTESIAN_POINT('',(-3.522E1,-1.773384674289E1,6.408578643763E1));
#1796=CARTESIAN_POINT('',(-3.522E1,-1.770676180350E1,6.411649877096E1));
#1797=CARTESIAN_POINT('',(-3.522E1,-1.765331115803E1,6.417732971415E1));
#1798=CARTESIAN_POINT('',(-3.522E1,-1.757530772065E1,6.426686376349E1));
#1799=CARTESIAN_POINT('',(-3.522E1,-1.752484249549E1,6.432537835304E1));
#1800=CARTESIAN_POINT('',(-3.522E1,-1.75E1,6.435435607626E1));
#1802=CARTESIAN_POINT('',(-3.472E1,-1.773384674289E1,6.55E1));
#1803=DIRECTION('',(0.E0,-1.E0,0.E0));
#1804=DIRECTION('',(3.333333333333E-1,0.E0,-9.428090415821E-1));
#1805=AXIS2_PLACEMENT_3D('',#1802,#1803,#1804);
#1807=CARTESIAN_POINT('',(-3.422E1,-1.773384674289E1,6.691421356237E1));
#1808=CARTESIAN_POINT('',(-3.422E1,-1.770676180350E1,6.688350122904E1));
#1809=CARTESIAN_POINT('',(-3.422E1,-1.765331115803E1,6.682267028585E1));
#1810=CARTESIAN_POINT('',(-3.422E1,-1.757530772065E1,6.673313623651E1));
#1811=CARTESIAN_POINT('',(-3.422E1,-1.752484249549E1,6.667462164696E1));
#1812=CARTESIAN_POINT('',(-3.422E1,-1.75E1,6.664564392374E1));
#1814=CARTESIAN_POINT('',(-3.472E1,-1.75E1,6.55E1));
#1815=DIRECTION('',(0.E0,1.E0,0.E0));
#1816=DIRECTION('',(4.E-1,0.E0,9.165151389912E-1));
#1817=AXIS2_PLACEMENT_3D('',#1814,#1815,#1816);
#1819=CARTESIAN_POINT('',(-3.422E1,-1.75E1,6.435435607626E1));
#1820=CARTESIAN_POINT('',(-3.422E1,-1.752480799281E1,6.432541859896E1));
#1821=CARTESIAN_POINT('',(-3.422E1,-1.757522674380E1,6.426695727721E1));
#1822=CARTESIAN_POINT('',(-3.422E1,-1.765322917759E1,6.417742326777E1));
#1823=CARTESIAN_POINT('',(-3.422E1,-1.770672654038E1,6.411653875675E1));
#1824=CARTESIAN_POINT('',(-3.422E1,-1.773384674289E1,6.408578643763E1));
#1826=DIRECTION('',(0.E0,0.E0,1.E0));
#1827=VECTOR('',#1826,2.291287847478E0);
#1828=CARTESIAN_POINT('',(-3.522E1,-1.75E1,6.435435607626E1));
#1829=LINE('',#1828,#1827);
#1830=DIRECTION('',(0.E0,0.E0,1.E0));
#1831=VECTOR('',#1830,2.291287847478E0);
#1832=CARTESIAN_POINT('',(-3.422E1,-1.75E1,6.435435607626E1));
#1833=LINE('',#1832,#1831);
#1834=DIRECTION('',(0.E0,0.E0,1.E0));
#1835=VECTOR('',#1834,2.291287847478E0);
#1836=CARTESIAN_POINT('',(-5.22E0,-1.75E1,6.435435607626E1));
#1837=LINE('',#1836,#1835);
#1838=DIRECTION('',(0.E0,0.E0,1.E0));
#1839=VECTOR('',#1838,2.291287847478E0);
#1840=CARTESIAN_POINT('',(-4.22E0,-1.75E1,6.435435607626E1));
#1841=LINE('',#1840,#1839);
#1842=DIRECTION('',(-1.904585543928E-8,6.701308063378E-7,9.999999999998E-1));
#1843=VECTOR('',#1842,4.898979392073E0);
#1844=CARTESIAN_POINT('',(-5.219999943116E0,-2.300000104465E1,
6.305051052313E1));
#1845=LINE('',#1844,#1843);
#1846=CARTESIAN_POINT('',(-4.72E0,-2.152098012584E1,6.55E1));
#1847=DIRECTION('',(0.E0,1.E0,0.E0));
#1848=DIRECTION('',(-4.000009704420E-1,0.E0,-9.165147154549E-1));
#1849=AXIS2_PLACEMENT_3D('',#1846,#1847,#1848);
#1851=CARTESIAN_POINT('',(-5.220000012977E0,-2.152098025125E1,
6.664564399455E1));
#1852=CARTESIAN_POINT('',(-5.220000012977E0,-2.163230865624E1,
6.664564399027E1));
#1853=CARTESIAN_POINT('',(-5.219999993884E0,-2.185199359308E1,
6.667147372275E1));
#1854=CARTESIAN_POINT('',(-5.220000001941E0,-2.218824401777E1,
6.679831563997E1));
#1855=CARTESIAN_POINT('',(-5.219999998353E0,-2.248435437719E1,
6.700236068439E1));
#1856=CARTESIAN_POINT('',(-5.220000004646E0,-2.272988342726E1,
6.726877003290E1));
#1857=CARTESIAN_POINT('',(-5.219999983064E0,-2.291475462219E1,
6.759946778133E1));
#1858=CARTESIAN_POINT('',(-5.220000036421E0,-2.298011644319E1,
6.782940609814E1));
#1859=CARTESIAN_POINT('',(-5.220000036421E0,-2.299999776169E1,
6.794948991520E1));
#1861=CARTESIAN_POINT('',(-4.72E0,-2.299999629733E1,6.55E1));
#1862=DIRECTION('',(0.E0,-1.E0,0.E0));
#1863=DIRECTION('',(-2.000000010329E-1,0.E0,9.797958969024E-1));
#1864=AXIS2_PLACEMENT_3D('',#1861,#1862,#1863);
#1866=CARTESIAN_POINT('',(-5.219999943116E0,-2.300000104465E1,
6.305051052313E1));
#1867=CARTESIAN_POINT('',(-5.219999943116E0,-2.298016618630E1,
6.317031015430E1));
#1868=CARTESIAN_POINT('',(-5.220000027437E0,-2.291461783614E1,
6.339958426337E1));
#1869=CARTESIAN_POINT('',(-5.219999989296E0,-2.273501393765E1,
6.372380004537E1));
#1870=CARTESIAN_POINT('',(-5.220000015378E0,-2.248806961804E1,
6.399498039758E1));
#1871=CARTESIAN_POINT('',(-5.219999949191E0,-2.218982480870E1,
6.420094464695E1));
#1872=CARTESIAN_POINT('',(-5.220000187859E0,-2.185286580136E1,
6.432838954530E1));
#1873=CARTESIAN_POINT('',(-5.219999595534E0,-2.163256382788E1,
6.435435817487E1));
#1874=CARTESIAN_POINT('',(-5.219999595534E0,-2.152097876962E1,
6.435435828208E1));
#1876=DIRECTION('',(-2.041250585084E-7,9.999999999994E-1,-1.113231230974E-6));
#1877=VECTOR('',#1876,1.981460532443E0);
#1878=CARTESIAN_POINT('',(-5.219999595534E0,-2.152097876962E1,
6.435435828208E1));
#1879=LINE('',#1878,#1877);
#1880=DIRECTION('',(6.549352410390E-9,1.E0,-3.573555205668E-8));
#1881=VECTOR('',#1880,1.981462014074E0);
#1882=CARTESIAN_POINT('',(-5.220000012977E0,-2.152098025125E1,
6.664564399455E1));
#1883=LINE('',#1882,#1881);
#1884=CARTESIAN_POINT('',(-4.72E0,-1.953951823718E1,6.55E1));
#1885=DIRECTION('',(0.E0,-1.E0,0.E0));
#1886=DIRECTION('',(-4.E-1,0.E0,9.165151389912E-1));
#1887=AXIS2_PLACEMENT_3D('',#1884,#1885,#1886);
#1889=CARTESIAN_POINT('',(-5.22E0,-1.930567149429E1,6.408578643763E1));
#1890=CARTESIAN_POINT('',(-5.22E0,-1.933275643368E1,6.411649877096E1));
#1891=CARTESIAN_POINT('',(-5.22E0,-1.938620707915E1,6.417732971415E1));
#1892=CARTESIAN_POINT('',(-5.22E0,-1.946421051653E1,6.426686376349E1));
#1893=CARTESIAN_POINT('',(-5.22E0,-1.951467574169E1,6.432537835304E1));
#1894=CARTESIAN_POINT('',(-5.22E0,-1.953951823718E1,6.435435607626E1));
#1896=CARTESIAN_POINT('',(-4.72E0,-1.930567149429E1,6.55E1));
#1897=DIRECTION('',(0.E0,1.E0,0.E0));
#1898=DIRECTION('',(-3.333333333333E-1,0.E0,-9.428090415821E-1));
#1899=AXIS2_PLACEMENT_3D('',#1896,#1897,#1898);
#1901=CARTESIAN_POINT('',(-5.22E0,-1.953951823718E1,6.664564392374E1));
#1902=CARTESIAN_POINT('',(-5.22E0,-1.951471024437E1,6.667458140104E1));
#1903=CARTESIAN_POINT('',(-5.22E0,-1.946429149338E1,6.673304272279E1));
#1904=CARTESIAN_POINT('',(-5.22E0,-1.938628905959E1,6.682257673223E1));
#1905=CARTESIAN_POINT('',(-5.22E0,-1.933279169680E1,6.688346124325E1));
#1906=CARTESIAN_POINT('',(-5.22E0,-1.930567149429E1,6.691421356237E1));
#1908=CARTESIAN_POINT('',(-4.72E0,-1.930567149429E1,6.55E1));
#1909=DIRECTION('',(0.E0,1.E0,0.E0));
#1910=DIRECTION('',(3.333333333333E-1,0.E0,9.428090415821E-1));
#1911=AXIS2_PLACEMENT_3D('',#1908,#1909,#1910);
#1913=CARTESIAN_POINT('',(-4.22E0,-1.953951823718E1,6.435435607626E1));
#1914=CARTESIAN_POINT('',(-4.22E0,-1.951471024437E1,6.432541859896E1));
#1915=CARTESIAN_POINT('',(-4.22E0,-1.946429149338E1,6.426695727721E1));
#1916=CARTESIAN_POINT('',(-4.22E0,-1.938628905959E1,6.417742326777E1));
#1917=CARTESIAN_POINT('',(-4.22E0,-1.933279169680E1,6.411653875675E1));
#1918=CARTESIAN_POINT('',(-4.22E0,-1.930567149429E1,6.408578643763E1));
#1920=CARTESIAN_POINT('',(-4.72E0,-1.953951823718E1,6.55E1));
#1921=DIRECTION('',(0.E0,-1.E0,0.E0));
#1922=DIRECTION('',(4.E-1,0.E0,-9.165151389912E-1));
#1923=AXIS2_PLACEMENT_3D('',#1920,#1921,#1922);
#1925=CARTESIAN_POINT('',(-4.22E0,-1.930567149429E1,6.691421356237E1));
#1926=CARTESIAN_POINT('',(-4.22E0,-1.933275643368E1,6.688350122904E1));
#1927=CARTESIAN_POINT('',(-4.22E0,-1.938620707915E1,6.682267028585E1));
#1928=CARTESIAN_POINT('',(-4.22E0,-1.946421051653E1,6.673313623651E1));
#1929=CARTESIAN_POINT('',(-4.22E0,-1.951467574169E1,6.667462164696E1));
#1930=CARTESIAN_POINT('',(-4.22E0,-1.953951823718E1,6.664564392374E1));
#1932=DIRECTION('',(0.E0,1.E0,0.E0));
#1933=VECTOR('',#1932,1.571824751399E0);
#1934=CARTESIAN_POINT('',(-5.22E0,-1.930567149429E1,6.408578643763E1));
#1935=LINE('',#1934,#1933);
#1936=CARTESIAN_POINT('',(-4.72E0,-1.773384674289E1,6.55E1));
#1937=DIRECTION('',(0.E0,1.E0,0.E0));
#1938=DIRECTION('',(-3.333333333333E-1,0.E0,-9.428090415821E-1));
#1939=AXIS2_PLACEMENT_3D('',#1936,#1937,#1938);
#1941=DIRECTION('',(0.E0,1.E0,0.E0));
#1942=VECTOR('',#1941,1.571824751399E0);
#1943=CARTESIAN_POINT('',(-5.22E0,-1.930567149429E1,6.691421356237E1));
#1944=LINE('',#1943,#1942);
#1945=CARTESIAN_POINT('',(-4.72E0,-1.773384674289E1,6.55E1));
#1946=DIRECTION('',(0.E0,1.E0,0.E0));
#1947=DIRECTION('',(3.333333333333E-1,0.E0,9.428090415821E-1));
#1948=AXIS2_PLACEMENT_3D('',#1945,#1946,#1947);
#1950=DIRECTION('',(0.E0,1.E0,0.E0));
#1951=VECTOR('',#1950,1.571824751399E0);
#1952=CARTESIAN_POINT('',(-4.22E0,-1.930567149429E1,6.408578643763E1));
#1953=LINE('',#1952,#1951);
#1954=DIRECTION('',(0.E0,1.E0,0.E0));
#1955=VECTOR('',#1954,1.571824751399E0);
#1956=CARTESIAN_POINT('',(-4.22E0,-1.930567149429E1,6.691421356237E1));
#1957=LINE('',#1956,#1955);
#1958=CARTESIAN_POINT('',(-5.22E0,-1.773384674289E1,6.408578643763E1));
#1959=CARTESIAN_POINT('',(-5.22E0,-1.770676180350E1,6.411649877096E1));
#1960=CARTESIAN_POINT('',(-5.22E0,-1.765331115803E1,6.417732971415E1));
#1961=CARTESIAN_POINT('',(-5.22E0,-1.757530772065E1,6.426686376349E1));
#1962=CARTESIAN_POINT('',(-5.22E0,-1.752484249549E1,6.432537835304E1));
#1963=CARTESIAN_POINT('',(-5.22E0,-1.75E1,6.435435607626E1));
#1965=CARTESIAN_POINT('',(-4.72E0,-1.75E1,6.55E1));
#1966=DIRECTION('',(0.E0,1.E0,0.E0));
#1967=DIRECTION('',(-4.E-1,0.E0,-9.165151389912E-1));
#1968=AXIS2_PLACEMENT_3D('',#1965,#1966,#1967);
#1970=CARTESIAN_POINT('',(-5.22E0,-1.75E1,6.664564392374E1));
#1971=CARTESIAN_POINT('',(-5.22E0,-1.752480799281E1,6.667458140104E1));
#1972=CARTESIAN_POINT('',(-5.22E0,-1.757522674380E1,6.673304272279E1));
#1973=CARTESIAN_POINT('',(-5.22E0,-1.765322917759E1,6.682257673223E1));
#1974=CARTESIAN_POINT('',(-5.22E0,-1.770672654038E1,6.688346124325E1));
#1975=CARTESIAN_POINT('',(-5.22E0,-1.773384674289E1,6.691421356237E1));
#1977=CARTESIAN_POINT('',(-4.72E0,-1.75E1,6.55E1));
#1978=DIRECTION('',(0.E0,1.E0,0.E0));
#1979=DIRECTION('',(4.E-1,0.E0,9.165151389912E-1));
#1980=AXIS2_PLACEMENT_3D('',#1977,#1978,#1979);
#1982=CARTESIAN_POINT('',(-4.22E0,-1.75E1,6.435435607626E1));
#1983=CARTESIAN_POINT('',(-4.22E0,-1.752480799281E1,6.432541859896E1));
#1984=CARTESIAN_POINT('',(-4.22E0,-1.757522674380E1,6.426695727721E1));
#1985=CARTESIAN_POINT('',(-4.22E0,-1.765322917759E1,6.417742326777E1));
#1986=CARTESIAN_POINT('',(-4.22E0,-1.770672654038E1,6.411653875675E1));
#1987=CARTESIAN_POINT('',(-4.22E0,-1.773384674289E1,6.408578643763E1));
#1989=CARTESIAN_POINT('',(-4.22E0,-1.773384674289E1,6.691421356237E1));
#1990=CARTESIAN_POINT('',(-4.22E0,-1.770676180350E1,6.688350122904E1));
#1991=CARTESIAN_POINT('',(-4.22E0,-1.765331115803E1,6.682267028585E1));
#1992=CARTESIAN_POINT('',(-4.22E0,-1.757530772065E1,6.673313623651E1));
#1993=CARTESIAN_POINT('',(-4.22E0,-1.752484249549E1,6.667462164696E1));
#1994=CARTESIAN_POINT('',(-4.22E0,-1.75E1,6.664564392374E1));
#1996=DIRECTION('',(0.E0,0.E0,-1.E0));
#1997=VECTOR('',#1996,5.E0);
#1998=CARTESIAN_POINT('',(-4.22E0,-2.3E1,6.8E1));
#1999=LINE('',#1998,#1997);
#2000=CARTESIAN_POINT('',(-4.22E0,-2.15E1,6.435435607626E1));
#2001=CARTESIAN_POINT('',(-4.22E0,-2.161467760351E1,6.435435607626E1));
#2002=CARTESIAN_POINT('',(-4.22E0,-2.183981020363E1,6.432641010044E1));
#2003=CARTESIAN_POINT('',(-4.22E0,-2.217305315937E1,6.419872461156E1));
#2004=CARTESIAN_POINT('',(-4.22E0,-2.247720618634E1,6.398737361046E1));
#2005=CARTESIAN_POINT('',(-4.22E0,-2.272973086265E1,6.370316160810E1));
#2006=CARTESIAN_POINT('',(-4.22E0,-2.290806360220E1,6.336587332497E1));
#2007=CARTESIAN_POINT('',(-4.22E0,-2.296991857695E1,6.312568700115E1));
#2008=CARTESIAN_POINT('',(-4.22E0,-2.298654083778E1,6.3E1));
#2010=DIRECTION('',(0.E0,1.E0,0.E0));
#2011=VECTOR('',#2010,1.345916222251E-2);
#2012=CARTESIAN_POINT('',(-4.22E0,-2.3E1,6.8E1));
#2013=LINE('',#2012,#2011);
#2014=DIRECTION('',(6.599061702472E-14,-1.E0,-1.055849872395E-12));
#2015=VECTOR('',#2014,1.345916222252E-2);
#2016=CARTESIAN_POINT('',(-4.22E0,-2.298654083778E1,6.3E1));
#2017=LINE('',#2016,#2015);
#2018=CARTESIAN_POINT('',(-4.72E0,-2.15E1,6.55E1));
#2019=DIRECTION('',(0.E0,1.E0,0.E0));
#2020=DIRECTION('',(4.E-1,0.E0,9.165151389912E-1));
#2021=AXIS2_PLACEMENT_3D('',#2018,#2019,#2020);
#2023=CARTESIAN_POINT('',(-4.22E0,-2.298654083778E1,6.3E1));
#2024=CARTESIAN_POINT('',(-4.112723869939E0,-2.298937831786E1,6.3E1));
#2025=CARTESIAN_POINT('',(-3.897897383326E0,-2.299597585425E1,6.3E1));
#2026=CARTESIAN_POINT('',(-3.682321564691E0,-2.3E1,6.3E1));
#2027=CARTESIAN_POINT('',(-3.574356076261E0,-2.3E1,6.3E1));
#2029=CARTESIAN_POINT('',(-1.999941354650E0,-2.3E1,6.509530178165E1));
#2030=CARTESIAN_POINT('',(-1.999941354650E0,-2.3E1,6.518400323291E1));
#2031=CARTESIAN_POINT('',(-2.000019366198E0,-2.299968612303E1,
6.536172454181E1));
#2032=CARTESIAN_POINT('',(-2.000020186332E0,-2.299968629460E1,
6.563837235764E1));
#2033=CARTESIAN_POINT('',(-1.999939987760E0,-2.3E1,6.581602777455E1));
#2034=CARTESIAN_POINT('',(-1.999939987760E0,-2.3E1,6.590468901254E1));
#2036=CARTESIAN_POINT('',(-4.22E0,-2.298654083778E1,6.8E1));
#2037=CARTESIAN_POINT('',(-4.22E0,-2.296988701712E1,6.787407436343E1));
#2038=CARTESIAN_POINT('',(-4.22E0,-2.290793918509E1,6.763360356642E1));
#2039=CARTESIAN_POINT('',(-4.22E0,-2.272898679676E1,6.729586097081E1));
#2040=CARTESIAN_POINT('',(-4.22E0,-2.247739785027E1,6.701286858660E1));
#2041=CARTESIAN_POINT('',(-4.22E0,-2.217280601021E1,6.680108417114E1));
#2042=CARTESIAN_POINT('',(-4.22E0,-2.183954352010E1,6.667354649015E1));
#2043=CARTESIAN_POINT('',(-4.22E0,-2.161455567856E1,6.664564392374E1));
#2044=CARTESIAN_POINT('',(-4.22E0,-2.15E1,6.664564392374E1));
#2046=DIRECTION('',(0.E0,1.E0,0.E0));
#2047=VECTOR('',#2046,1.960481762823E0);
#2048=CARTESIAN_POINT('',(-4.22E0,-2.15E1,6.664564392374E1));
#2049=LINE('',#2048,#2047);
#2050=DIRECTION('',(0.E0,1.E0,0.E0));
#2051=VECTOR('',#2050,1.960481762823E0);
#2052=CARTESIAN_POINT('',(-4.22E0,-2.15E1,6.435435607626E1));
#2053=LINE('',#2052,#2051);
#2054=CARTESIAN_POINT('',(-3.574356076261E0,-2.3E1,6.8E1));
#2055=CARTESIAN_POINT('',(-3.682556443045E0,-2.3E1,6.8E1));
#2056=CARTESIAN_POINT('',(-3.898367052135E0,-2.299596154905E1,6.8E1));
#2057=CARTESIAN_POINT('',(-4.112958689149E0,-2.298937210684E1,6.8E1));
#2058=CARTESIAN_POINT('',(-4.22E0,-2.298654083778E1,6.8E1));
#2060=DIRECTION('',(0.E0,1.E0,0.E0));
#2061=VECTOR('',#2060,1.5E1);
#2062=CARTESIAN_POINT('',(-4.72E0,-3.8E1,6.8E1));
#2063=LINE('',#2062,#2061);
#2064=DIRECTION('',(0.E0,1.E0,0.E0));
#2065=VECTOR('',#2064,1.5E1);
#2066=CARTESIAN_POINT('',(-4.72E0,-3.8E1,6.3E1));
#2067=LINE('',#2066,#2065);
#2068=DIRECTION('',(0.E0,1.E0,0.E0));
#2069=VECTOR('',#2068,1.5E1);
#2070=CARTESIAN_POINT('',(-3.472E1,-3.8E1,6.3E1));
#2071=LINE('',#2070,#2069);
#2072=CARTESIAN_POINT('',(-7.91E1,-3.8E1,6.7E1));
#2073=DIRECTION('',(0.E0,0.E0,-1.E0));
#2074=DIRECTION('',(-1.E0,0.E0,0.E0));
#2075=AXIS2_PLACEMENT_3D('',#2072,#2073,#2074);
#2077=DIRECTION('',(0.E0,1.E0,0.E0));
#2078=VECTOR('',#2077,4.E0);
#2079=CARTESIAN_POINT('',(-8.3E1,-3.E1,6.7E1));
#2080=LINE('',#2079,#2078);
#2081=DIRECTION('',(-1.E0,0.E0,0.E0));
#2082=VECTOR('',#2081,1.892893218813E0);
#2083=CARTESIAN_POINT('',(-8.3E1,-2.6E1,6.7E1));
#2084=LINE('',#2083,#2082);
#2085=CARTESIAN_POINT('',(-8.489289321881E1,-2.55E1,6.7E1));
#2086=DIRECTION('',(0.E0,0.E0,-1.E0));
#2087=DIRECTION('',(0.E0,-1.E0,0.E0));
#2088=AXIS2_PLACEMENT_3D('',#2085,#2086,#2087);
#2090=DIRECTION('',(7.071067811865E-1,7.071067811865E-1,0.E0));
#2091=VECTOR('',#2090,2.348528137424E0);
#2092=CARTESIAN_POINT('',(-8.524644660941E1,-2.514644660941E1,6.7E1));
#2093=LINE('',#2092,#2091);
#2094=CARTESIAN_POINT('',(-8.5E1,-2.207157287525E1,6.7E1));
#2095=DIRECTION('',(0.E0,0.E0,1.E0));
#2096=DIRECTION('',(7.071067811865E-1,-7.071067811865E-1,0.E0));
#2097=AXIS2_PLACEMENT_3D('',#2094,#2095,#2096);
#2099=DIRECTION('',(0.E0,1.E0,0.E0));
#2100=VECTOR('',#2099,3.071572875254E0);
#2101=CARTESIAN_POINT('',(-8.3E1,-2.207157287525E1,6.7E1));
#2102=LINE('',#2101,#2100);
#2103=DIRECTION('',(-1.E0,0.E0,0.E0));
#2104=VECTOR('',#2103,5.E0);
#2105=CARTESIAN_POINT('',(-8.3E1,-1.9E1,6.7E1));
#2106=LINE('',#2105,#2104);
#2107=DIRECTION('',(0.E0,0.E0,1.E0));
#2108=VECTOR('',#2107,7.E0);
#2109=CARTESIAN_POINT('',(-8.3E1,-3.E1,6.7E1));
#2110=LINE('',#2109,#2108);
#2111=DIRECTION('',(-1.E0,0.E0,0.E0));
#2112=VECTOR('',#2111,5.E0);
#2113=CARTESIAN_POINT('',(-8.3E1,-1.9E1,7.4E1));
#2114=LINE('',#2113,#2112);
#2115=DIRECTION('',(0.E0,1.E0,0.E0));
#2116=VECTOR('',#2115,3.071572875254E0);
#2117=CARTESIAN_POINT('',(-8.3E1,-2.207157287525E1,7.4E1));
#2118=LINE('',#2117,#2116);
#2119=CARTESIAN_POINT('',(-8.5E1,-2.207157287525E1,7.4E1));
#2120=DIRECTION('',(0.E0,0.E0,1.E0));
#2121=DIRECTION('',(7.071067811865E-1,-7.071067811865E-1,0.E0));
#2122=AXIS2_PLACEMENT_3D('',#2119,#2120,#2121);
#2124=DIRECTION('',(7.071067811865E-1,7.071067811865E-1,0.E0));
#2125=VECTOR('',#2124,2.348528137424E0);
#2126=CARTESIAN_POINT('',(-8.524644660941E1,-2.514644660941E1,7.4E1));
#2127=LINE('',#2126,#2125);
#2128=CARTESIAN_POINT('',(-8.489289321881E1,-2.55E1,7.4E1));
#2129=DIRECTION('',(0.E0,0.E0,-1.E0));
#2130=DIRECTION('',(0.E0,-1.E0,0.E0));
#2131=AXIS2_PLACEMENT_3D('',#2128,#2129,#2130);
#2133=DIRECTION('',(-1.E0,0.E0,0.E0));
#2134=VECTOR('',#2133,1.892893218813E0);
#2135=CARTESIAN_POINT('',(-8.3E1,-2.6E1,7.4E1));
#2136=LINE('',#2135,#2134);
#2137=DIRECTION('',(0.E0,1.E0,0.E0));
#2138=VECTOR('',#2137,4.E0);
#2139=CARTESIAN_POINT('',(-8.3E1,-3.E1,7.4E1));
#2140=LINE('',#2139,#2138);
#2141=CARTESIAN_POINT('',(-7.91E1,-3.8E1,7.4E1));
#2142=DIRECTION('',(0.E0,0.E0,-1.E0));
#2143=DIRECTION('',(-1.E0,0.E0,0.E0));
#2144=AXIS2_PLACEMENT_3D('',#2141,#2142,#2143);
#2146=DIRECTION('',(0.E0,0.E0,1.E0));
#2147=VECTOR('',#2146,7.E0);
#2148=CARTESIAN_POINT('',(-8.3E1,-1.9E1,6.7E1));
#2149=LINE('',#2148,#2147);
#2150=DIRECTION('',(0.E0,0.E0,1.E0));
#2151=VECTOR('',#2150,7.E0);
#2152=CARTESIAN_POINT('',(-8.3E1,-2.207157287525E1,6.7E1));
#2153=LINE('',#2152,#2151);
#2154=DIRECTION('',(0.E0,0.E0,1.E0));
#2155=VECTOR('',#2154,7.E0);
#2156=CARTESIAN_POINT('',(-8.358578643763E1,-2.348578643763E1,6.7E1));
#2157=LINE('',#2156,#2155);
#2158=DIRECTION('',(0.E0,0.E0,1.E0));
#2159=VECTOR('',#2158,7.E0);
#2160=CARTESIAN_POINT('',(-8.524644660941E1,-2.514644660941E1,6.7E1));
#2161=LINE('',#2160,#2159);
#2162=DIRECTION('',(0.E0,0.E0,1.E0));
#2163=VECTOR('',#2162,7.E0);
#2164=CARTESIAN_POINT('',(-8.489289321881E1,-2.6E1,6.7E1));
#2165=LINE('',#2164,#2163);
#2166=DIRECTION('',(0.E0,0.E0,1.E0));
#2167=VECTOR('',#2166,7.E0);
#2168=CARTESIAN_POINT('',(-8.3E1,-2.6E1,6.7E1));
#2169=LINE('',#2168,#2167);
#2170=CARTESIAN_POINT('',(-7.91E1,-3.8E1,1.2E1));
#2171=DIRECTION('',(0.E0,0.E0,-1.E0));
#2172=DIRECTION('',(-1.E0,0.E0,0.E0));
#2173=AXIS2_PLACEMENT_3D('',#2170,#2171,#2172);
#2175=DIRECTION('',(0.E0,1.E0,0.E0));
#2176=VECTOR('',#2175,4.E0);
#2177=CARTESIAN_POINT('',(-8.3E1,-3.E1,1.2E1));
#2178=LINE('',#2177,#2176);
#2179=DIRECTION('',(-1.E0,0.E0,0.E0));
#2180=VECTOR('',#2179,1.892893218813E0);
#2181=CARTESIAN_POINT('',(-8.3E1,-2.6E1,1.2E1));
#2182=LINE('',#2181,#2180);
#2183=CARTESIAN_POINT('',(-8.489289321881E1,-2.55E1,1.2E1));
#2184=DIRECTION('',(0.E0,0.E0,-1.E0));
#2185=DIRECTION('',(0.E0,-1.E0,0.E0));
#2186=AXIS2_PLACEMENT_3D('',#2183,#2184,#2185);
#2188=DIRECTION('',(7.071067811865E-1,7.071067811865E-1,0.E0));
#2189=VECTOR('',#2188,2.348528137424E0);
#2190=CARTESIAN_POINT('',(-8.524644660941E1,-2.514644660941E1,1.2E1));
#2191=LINE('',#2190,#2189);
#2192=CARTESIAN_POINT('',(-8.5E1,-2.207157287525E1,1.2E1));
#2193=DIRECTION('',(0.E0,0.E0,1.E0));
#2194=DIRECTION('',(7.071067811865E-1,-7.071067811865E-1,0.E0));
#2195=AXIS2_PLACEMENT_3D('',#2192,#2193,#2194);
#2197=DIRECTION('',(0.E0,1.E0,0.E0));
#2198=VECTOR('',#2197,3.071572875254E0);
#2199=CARTESIAN_POINT('',(-8.3E1,-2.207157287525E1,1.2E1));
#2200=LINE('',#2199,#2198);
#2201=DIRECTION('',(-1.E0,0.E0,0.E0));
#2202=VECTOR('',#2201,5.E0);
#2203=CARTESIAN_POINT('',(-8.3E1,-1.9E1,1.2E1));
#2204=LINE('',#2203,#2202);
#2205=DIRECTION('',(0.E0,0.E0,1.E0));
#2206=VECTOR('',#2205,7.E0);
#2207=CARTESIAN_POINT('',(-8.3E1,-3.E1,1.2E1));
#2208=LINE('',#2207,#2206);
#2209=DIRECTION('',(-1.E0,0.E0,0.E0));
#2210=VECTOR('',#2209,5.E0);
#2211=CARTESIAN_POINT('',(-8.3E1,-1.9E1,1.9E1));
#2212=LINE('',#2211,#2210);
#2213=DIRECTION('',(0.E0,1.E0,0.E0));
#2214=VECTOR('',#2213,3.071572875254E0);
#2215=CARTESIAN_POINT('',(-8.3E1,-2.207157287525E1,1.9E1));
#2216=LINE('',#2215,#2214);
#2217=CARTESIAN_POINT('',(-8.5E1,-2.207157287525E1,1.9E1));
#2218=DIRECTION('',(0.E0,0.E0,1.E0));
#2219=DIRECTION('',(7.071067811865E-1,-7.071067811865E-1,0.E0));
#2220=AXIS2_PLACEMENT_3D('',#2217,#2218,#2219);
#2222=DIRECTION('',(7.071067811865E-1,7.071067811865E-1,0.E0));
#2223=VECTOR('',#2222,2.348528137424E0);
#2224=CARTESIAN_POINT('',(-8.524644660941E1,-2.514644660941E1,1.9E1));
#2225=LINE('',#2224,#2223);
#2226=CARTESIAN_POINT('',(-8.489289321881E1,-2.55E1,1.9E1));
#2227=DIRECTION('',(0.E0,0.E0,-1.E0));
#2228=DIRECTION('',(0.E0,-1.E0,0.E0));
#2229=AXIS2_PLACEMENT_3D('',#2226,#2227,#2228);
#2231=DIRECTION('',(-1.E0,0.E0,0.E0));
#2232=VECTOR('',#2231,1.892893218813E0);
#2233=CARTESIAN_POINT('',(-8.3E1,-2.6E1,1.9E1));
#2234=LINE('',#2233,#2232);
#2235=DIRECTION('',(0.E0,1.E0,0.E0));
#2236=VECTOR('',#2235,4.E0);
#2237=CARTESIAN_POINT('',(-8.3E1,-3.E1,1.9E1));
#2238=LINE('',#2237,#2236);
#2239=CARTESIAN_POINT('',(-7.91E1,-3.8E1,1.9E1));
#2240=DIRECTION('',(0.E0,0.E0,-1.E0));
#2241=DIRECTION('',(-1.E0,0.E0,0.E0));
#2242=AXIS2_PLACEMENT_3D('',#2239,#2240,#2241);
#2244=DIRECTION('',(0.E0,0.E0,1.E0));
#2245=VECTOR('',#2244,7.E0);
#2246=CARTESIAN_POINT('',(-8.3E1,-1.9E1,1.2E1));
#2247=LINE('',#2246,#2245);
#2248=DIRECTION('',(0.E0,0.E0,1.E0));
#2249=VECTOR('',#2248,7.E0);
#2250=CARTESIAN_POINT('',(-8.3E1,-2.207157287525E1,1.2E1));
#2251=LINE('',#2250,#2249);
#2252=DIRECTION('',(0.E0,0.E0,1.E0));
#2253=VECTOR('',#2252,7.E0);
#2254=CARTESIAN_POINT('',(-8.358578643763E1,-2.348578643763E1,1.2E1));
#2255=LINE('',#2254,#2253);
#2256=DIRECTION('',(0.E0,0.E0,1.E0));
#2257=VECTOR('',#2256,7.E0);
#2258=CARTESIAN_POINT('',(-8.524644660941E1,-2.514644660941E1,1.2E1));
#2259=LINE('',#2258,#2257);
#2260=DIRECTION('',(0.E0,0.E0,1.E0));
#2261=VECTOR('',#2260,7.E0);
#2262=CARTESIAN_POINT('',(-8.489289321881E1,-2.6E1,1.2E1));
#2263=LINE('',#2262,#2261);
#2264=DIRECTION('',(0.E0,0.E0,1.E0));
#2265=VECTOR('',#2264,7.E0);
#2266=CARTESIAN_POINT('',(-8.3E1,-2.6E1,1.2E1));
#2267=LINE('',#2266,#2265);
#2268=DIRECTION('',(0.E0,-1.E0,0.E0));
#2269=VECTOR('',#2268,2.E0);
#2270=CARTESIAN_POINT('',(-1.E1,-3.8E1,1.E1));
#2271=LINE('',#2270,#2269);
#2272=DIRECTION('',(0.E0,-1.E0,0.E0));
#2273=VECTOR('',#2272,2.E0);
#2274=CARTESIAN_POINT('',(-1.E1,-3.8E1,8.E1));
#2275=LINE('',#2274,#2273);
#2276=DIRECTION('',(0.E0,-1.E0,0.E0));
#2277=VECTOR('',#2276,2.E0);
#2278=CARTESIAN_POINT('',(-8.E0,-3.8E1,8.E1));
#2279=LINE('',#2278,#2277);
#2280=DIRECTION('',(0.E0,-1.E0,0.E0));
#2281=VECTOR('',#2280,2.E0);
#2282=CARTESIAN_POINT('',(-8.E0,-3.8E1,1.E1));
#2283=LINE('',#2282,#2281);
#2284=DIRECTION('',(0.E0,-1.E0,0.E0));
#2285=VECTOR('',#2284,2.E0);
#2286=CARTESIAN_POINT('',(-1.42E1,-3.8E1,1.E1));
#2287=LINE('',#2286,#2285);
#2288=DIRECTION('',(0.E0,-1.E0,0.E0));
#2289=VECTOR('',#2288,2.E0);
#2290=CARTESIAN_POINT('',(-1.42E1,-3.8E1,8.E1));
#2291=LINE('',#2290,#2289);
#2292=DIRECTION('',(0.E0,-1.E0,0.E0));
#2293=VECTOR('',#2292,2.E0);
#2294=CARTESIAN_POINT('',(-1.22E1,-3.8E1,8.E1));
#2295=LINE('',#2294,#2293);
#2296=DIRECTION('',(0.E0,-1.E0,0.E0));
#2297=VECTOR('',#2296,2.E0);
#2298=CARTESIAN_POINT('',(-1.22E1,-3.8E1,1.E1));
#2299=LINE('',#2298,#2297);
#2300=DIRECTION('',(0.E0,-1.E0,0.E0));
#2301=VECTOR('',#2300,2.E0);
#2302=CARTESIAN_POINT('',(-1.84E1,-3.8E1,1.E1));
#2303=LINE('',#2302,#2301);
#2304=DIRECTION('',(0.E0,-1.E0,0.E0));
#2305=VECTOR('',#2304,2.E0);
#2306=CARTESIAN_POINT('',(-1.84E1,-3.8E1,8.E1));
#2307=LINE('',#2306,#2305);
#2308=DIRECTION('',(0.E0,-1.E0,0.E0));
#2309=VECTOR('',#2308,2.E0);
#2310=CARTESIAN_POINT('',(-1.64E1,-3.8E1,8.E1));
#2311=LINE('',#2310,#2309);
#2312=DIRECTION('',(0.E0,-1.E0,0.E0));
#2313=VECTOR('',#2312,2.E0);
#2314=CARTESIAN_POINT('',(-1.64E1,-3.8E1,1.E1));
#2315=LINE('',#2314,#2313);
#2316=DIRECTION('',(0.E0,-1.E0,0.E0));
#2317=VECTOR('',#2316,2.E0);
#2318=CARTESIAN_POINT('',(-2.26E1,-3.8E1,1.E1));
#2319=LINE('',#2318,#2317);
#2320=DIRECTION('',(0.E0,-1.E0,0.E0));
#2321=VECTOR('',#2320,2.E0);
#2322=CARTESIAN_POINT('',(-2.26E1,-3.8E1,8.E1));
#2323=LINE('',#2322,#2321);
#2324=DIRECTION('',(0.E0,-1.E0,0.E0));
#2325=VECTOR('',#2324,2.E0);
#2326=CARTESIAN_POINT('',(-2.06E1,-3.8E1,8.E1));
#2327=LINE('',#2326,#2325);
#2328=DIRECTION('',(0.E0,-1.E0,0.E0));
#2329=VECTOR('',#2328,2.E0);
#2330=CARTESIAN_POINT('',(-2.06E1,-3.8E1,1.E1));
#2331=LINE('',#2330,#2329);
#2332=DIRECTION('',(0.E0,-1.E0,0.E0));
#2333=VECTOR('',#2332,2.E0);
#2334=CARTESIAN_POINT('',(-2.68E1,-3.8E1,1.E1));
#2335=LINE('',#2334,#2333);
#2336=DIRECTION('',(0.E0,-1.E0,0.E0));
#2337=VECTOR('',#2336,2.E0);
#2338=CARTESIAN_POINT('',(-2.68E1,-3.8E1,8.E1));
#2339=LINE('',#2338,#2337);
#2340=DIRECTION('',(0.E0,-1.E0,0.E0));
#2341=VECTOR('',#2340,2.E0);
#2342=CARTESIAN_POINT('',(-2.48E1,-3.8E1,8.E1));
#2343=LINE('',#2342,#2341);
#2344=DIRECTION('',(0.E0,-1.E0,0.E0));
#2345=VECTOR('',#2344,2.E0);
#2346=CARTESIAN_POINT('',(-2.48E1,-3.8E1,1.E1));
#2347=LINE('',#2346,#2345);
#2348=DIRECTION('',(0.E0,-1.E0,0.E0));
#2349=VECTOR('',#2348,2.E0);
#2350=CARTESIAN_POINT('',(-3.1E1,-3.8E1,1.E1));
#2351=LINE('',#2350,#2349);
#2352=DIRECTION('',(0.E0,-1.E0,0.E0));
#2353=VECTOR('',#2352,2.E0);
#2354=CARTESIAN_POINT('',(-3.1E1,-3.8E1,8.E1));
#2355=LINE('',#2354,#2353);
#2356=DIRECTION('',(0.E0,-1.E0,0.E0));
#2357=VECTOR('',#2356,2.E0);
#2358=CARTESIAN_POINT('',(-2.9E1,-3.8E1,8.E1));
#2359=LINE('',#2358,#2357);
#2360=DIRECTION('',(0.E0,-1.E0,0.E0));
#2361=VECTOR('',#2360,2.E0);
#2362=CARTESIAN_POINT('',(-2.9E1,-3.8E1,1.E1));
#2363=LINE('',#2362,#2361);
#2364=CARTESIAN_POINT('',(-9.E1,-4.E1,9.E0));
#2365=CARTESIAN_POINT('',(-8.1E1,-4.E1,0.E0));
#2366=VERTEX_POINT('',#2364);
#2367=VERTEX_POINT('',#2365);
#2368=CARTESIAN_POINT('',(-8.1E1,0.E0,0.E0));
#2369=VERTEX_POINT('',#2368);
#2370=CARTESIAN_POINT('',(-9.E1,0.E0,9.E0));
#2371=VERTEX_POINT('',#2370);
#2372=CARTESIAN_POINT('',(-8.1E1,-4.E1,9.E1));
#2373=CARTESIAN_POINT('',(-9.E1,-4.E1,8.1E1));
#2374=VERTEX_POINT('',#2372);
#2375=VERTEX_POINT('',#2373);
#2376=CARTESIAN_POINT('',(-9.E1,0.E0,8.1E1));
#2377=VERTEX_POINT('',#2376);
#2378=CARTESIAN_POINT('',(-8.1E1,0.E0,9.E1));
#2379=VERTEX_POINT('',#2378);
#2380=CARTESIAN_POINT('',(0.E0,-4.E1,8.1E1));
#2381=CARTESIAN_POINT('',(-9.E0,-4.E1,9.E1));
#2382=VERTEX_POINT('',#2380);
#2383=VERTEX_POINT('',#2381);
#2384=CARTESIAN_POINT('',(-9.E0,0.E0,9.E1));
#2385=VERTEX_POINT('',#2384);
#2386=CARTESIAN_POINT('',(0.E0,0.E0,8.1E1));
#2387=VERTEX_POINT('',#2386);
#2388=CARTESIAN_POINT('',(-9.E0,-4.E1,0.E0));
#2389=CARTESIAN_POINT('',(0.E0,-4.E1,9.E0));
#2390=VERTEX_POINT('',#2388);
#2391=VERTEX_POINT('',#2389);
#2392=CARTESIAN_POINT('',(0.E0,0.E0,9.E0));
#2393=VERTEX_POINT('',#2392);
#2394=CARTESIAN_POINT('',(-9.E0,0.E0,0.E0));
#2395=VERTEX_POINT('',#2394);
#2396=CARTESIAN_POINT('',(-8.8E1,-3.8E1,9.E0));
#2397=CARTESIAN_POINT('',(-8.1E1,-3.8E1,2.E0));
#2398=VERTEX_POINT('',#2396);
#2399=VERTEX_POINT('',#2397);
#2400=CARTESIAN_POINT('',(-8.1E1,-3.8E1,8.8E1));
#2401=CARTESIAN_POINT('',(-8.8E1,-3.8E1,8.1E1));
#2402=VERTEX_POINT('',#2400);
#2403=VERTEX_POINT('',#2401);
#2404=CARTESIAN_POINT('',(-2.E0,-3.8E1,8.1E1));
#2405=CARTESIAN_POINT('',(-9.E0,-3.8E1,8.8E1));
#2406=VERTEX_POINT('',#2404);
#2407=VERTEX_POINT('',#2405);
#2408=CARTESIAN_POINT('',(-9.E0,-3.8E1,2.E0));
#2409=CARTESIAN_POINT('',(-2.E0,-3.8E1,9.E0));
#2410=VERTEX_POINT('',#2408);
#2411=VERTEX_POINT('',#2409);
#2412=CARTESIAN_POINT('',(-9.E0,0.E0,2.E0));
#2413=CARTESIAN_POINT('',(-8.1E1,0.E0,2.E0));
#2414=VERTEX_POINT('',#2412);
#2415=VERTEX_POINT('',#2413);
#2416=CARTESIAN_POINT('',(-8.8E1,0.E0,9.E0));
#2417=CARTESIAN_POINT('',(-8.8E1,0.E0,8.1E1));
#2418=VERTEX_POINT('',#2416);
#2419=VERTEX_POINT('',#2417);
#2420=CARTESIAN_POINT('',(-8.1E1,0.E0,8.8E1));
#2421=CARTESIAN_POINT('',(-9.E0,0.E0,8.8E1));
#2422=VERTEX_POINT('',#2420);
#2423=VERTEX_POINT('',#2421);
#2424=CARTESIAN_POINT('',(-2.E0,0.E0,8.1E1));
#2425=CARTESIAN_POINT('',(-2.E0,0.E0,9.E0));
#2426=VERTEX_POINT('',#2424);
#2427=VERTEX_POINT('',#2425);
#2428=CARTESIAN_POINT('',(-8.358578643763E1,-2.348578643763E1,1.2E1));
#2429=CARTESIAN_POINT('',(-8.3E1,-2.207157287525E1,1.2E1));
#2430=VERTEX_POINT('',#2428);
#2431=VERTEX_POINT('',#2429);
#2432=CARTESIAN_POINT('',(-8.3E1,-1.9E1,1.2E1));
#2433=VERTEX_POINT('',#2432);
#2434=CARTESIAN_POINT('',(-8.3E1,-3.E1,1.2E1));
#2435=CARTESIAN_POINT('',(-8.3E1,-2.6E1,1.2E1));
#2436=VERTEX_POINT('',#2434);
#2437=VERTEX_POINT('',#2435);
#2438=CARTESIAN_POINT('',(-8.489289321881E1,-2.6E1,1.2E1));
#2439=VERTEX_POINT('',#2438);
#2440=CARTESIAN_POINT('',(-8.358578643763E1,-2.348578643763E1,1.9E1));
#2441=CARTESIAN_POINT('',(-8.3E1,-2.207157287525E1,1.9E1));
#2442=VERTEX_POINT('',#2440);
#2443=VERTEX_POINT('',#2441);
#2444=CARTESIAN_POINT('',(-8.3E1,-1.9E1,1.9E1));
#2445=VERTEX_POINT('',#2444);
#2446=CARTESIAN_POINT('',(-8.3E1,-3.E1,1.9E1));
#2447=CARTESIAN_POINT('',(-8.3E1,-2.6E1,1.9E1));
#2448=VERTEX_POINT('',#2446);
#2449=VERTEX_POINT('',#2447);
#2450=CARTESIAN_POINT('',(-8.489289321881E1,-2.6E1,1.9E1));
#2451=VERTEX_POINT('',#2450);
#2452=CARTESIAN_POINT('',(-8.8E1,-3.8E1,1.2E1));
#2453=CARTESIAN_POINT('',(-8.8E1,-1.9E1,1.2E1));
#2454=VERTEX_POINT('',#2452);
#2455=VERTEX_POINT('',#2453);
#2456=CARTESIAN_POINT('',(-8.8E1,-3.8E1,1.9E1));
#2457=CARTESIAN_POINT('',(-8.8E1,-1.9E1,1.9E1));
#2458=VERTEX_POINT('',#2456);
#2459=VERTEX_POINT('',#2457);
#2460=CARTESIAN_POINT('',(-8.358578643763E1,-2.348578643763E1,6.7E1));
#2461=CARTESIAN_POINT('',(-8.3E1,-2.207157287525E1,6.7E1));
#2462=VERTEX_POINT('',#2460);
#2463=VERTEX_POINT('',#2461);
#2464=CARTESIAN_POINT('',(-8.3E1,-1.9E1,6.7E1));
#2465=VERTEX_POINT('',#2464);
#2466=CARTESIAN_POINT('',(-8.3E1,-3.E1,6.7E1));
#2467=CARTESIAN_POINT('',(-8.3E1,-2.6E1,6.7E1));
#2468=VERTEX_POINT('',#2466);
#2469=VERTEX_POINT('',#2467);
#2470=CARTESIAN_POINT('',(-8.489289321881E1,-2.6E1,6.7E1));
#2471=VERTEX_POINT('',#2470);
#2472=CARTESIAN_POINT('',(-8.358578643763E1,-2.348578643763E1,7.4E1));
#2473=CARTESIAN_POINT('',(-8.3E1,-2.207157287525E1,7.4E1));
#2474=VERTEX_POINT('',#2472);
#2475=VERTEX_POINT('',#2473);
#2476=CARTESIAN_POINT('',(-8.3E1,-1.9E1,7.4E1));
#2477=VERTEX_POINT('',#2476);
#2478=CARTESIAN_POINT('',(-8.3E1,-3.E1,7.4E1));
#2479=CARTESIAN_POINT('',(-8.3E1,-2.6E1,7.4E1));
#2480=VERTEX_POINT('',#2478);
#2481=VERTEX_POINT('',#2479);
#2482=CARTESIAN_POINT('',(-8.489289321881E1,-2.6E1,7.4E1));
#2483=VERTEX_POINT('',#2482);
#2484=CARTESIAN_POINT('',(-8.8E1,-3.8E1,6.7E1));
#2485=CARTESIAN_POINT('',(-8.8E1,-1.9E1,6.7E1));
#2486=VERTEX_POINT('',#2484);
#2487=VERTEX_POINT('',#2485);
#2488=CARTESIAN_POINT('',(-8.8E1,-3.8E1,7.4E1));
#2489=CARTESIAN_POINT('',(-8.8E1,-1.9E1,7.4E1));
#2490=VERTEX_POINT('',#2488);
#2491=VERTEX_POINT('',#2489);
#2492=CARTESIAN_POINT('',(-4.E0,-1.4E1,1.2E1));
#2493=CARTESIAN_POINT('',(-4.E0,-1.687312818723E1,1.2E1));
#2494=VERTEX_POINT('',#2492);
#2495=VERTEX_POINT('',#2493);
#2496=CARTESIAN_POINT('',(-4.E0,-2.1E1,1.2E1));
#2497=CARTESIAN_POINT('',(-4.E0,-2.6E1,1.2E1));
#2498=VERTEX_POINT('',#2496);
#2499=VERTEX_POINT('',#2497);
#2500=CARTESIAN_POINT('',(-4.E0,-1.4E1,4.7E1));
#2501=CARTESIAN_POINT('',(-4.E0,-1.687312818723E1,4.7E1));
#2502=VERTEX_POINT('',#2500);
#2503=VERTEX_POINT('',#2501);
#2504=CARTESIAN_POINT('',(-4.E0,-2.1E1,4.7E1));
#2505=CARTESIAN_POINT('',(-4.E0,-2.6E1,4.7E1));
#2506=VERTEX_POINT('',#2504);
#2507=VERTEX_POINT('',#2505);
#2508=CARTESIAN_POINT('',(-2.E0,-3.348331477355E1,1.2E1));
#2509=CARTESIAN_POINT('',(-2.E0,-2.1E1,1.2E1));
#2510=VERTEX_POINT('',#2508);
#2511=VERTEX_POINT('',#2509);
#2512=CARTESIAN_POINT('',(-2.E0,-2.032287565553E1,1.2E1));
#2513=CARTESIAN_POINT('',(-2.E0,-1.4E1,1.2E1));
#2514=VERTEX_POINT('',#2512);
#2515=VERTEX_POINT('',#2513);
#2516=CARTESIAN_POINT('',(-2.E0,-3.348331477355E1,4.7E1));
#2517=CARTESIAN_POINT('',(-2.E0,-2.1E1,4.7E1));
#2518=VERTEX_POINT('',#2516);
#2519=VERTEX_POINT('',#2517);
#2520=CARTESIAN_POINT('',(-2.E0,-2.032287565553E1,4.7E1));
#2521=CARTESIAN_POINT('',(-2.E0,-1.4E1,4.7E1));
#2522=VERTEX_POINT('',#2520);
#2523=VERTEX_POINT('',#2521);
#2524=CARTESIAN_POINT('',(-4.05E1,-1.9E1,1.4E1));
#2525=CARTESIAN_POINT('',(-4.15E1,-1.9E1,1.4E1));
#2526=VERTEX_POINT('',#2524);
#2527=VERTEX_POINT('',#2525);
#2528=CARTESIAN_POINT('',(-4.387034607950E1,-2.310555984121E1,1.4E1));
#2529=VERTEX_POINT('',#2528);
#2530=CARTESIAN_POINT('',(-4.379088676820E1,-2.370911323180E1,1.4E1));
#2531=VERTEX_POINT('',#2530);
#2532=CARTESIAN_POINT('',(-4.235355339059E1,-2.6E1,1.4E1));
#2533=CARTESIAN_POINT('',(-4.45E1,-2.6E1,1.4E1));
#2534=VERTEX_POINT('',#2532);
#2535=VERTEX_POINT('',#2533);
#2536=CARTESIAN_POINT('',(-4.45E1,-2.8E1,1.4E1));
#2537=VERTEX_POINT('',#2536);
#2538=CARTESIAN_POINT('',(-4.374676703703E1,-2.875323296297E1,1.4E1));
#2539=VERTEX_POINT('',#2538);
#2540=CARTESIAN_POINT('',(-4.286808738059E1,-3.087455330653E1,1.4E1));
#2541=VERTEX_POINT('',#2540);
#2542=CARTESIAN_POINT('',(-4.286808738059E1,-3.1E1,1.4E1));
#2543=VERTEX_POINT('',#2542);
#2544=CARTESIAN_POINT('',(-4.05E1,-1.9E1,2.1E1));
#2545=CARTESIAN_POINT('',(-4.15E1,-1.9E1,2.1E1));
#2546=VERTEX_POINT('',#2544);
#2547=VERTEX_POINT('',#2545);
#2548=CARTESIAN_POINT('',(-4.387034607950E1,-2.310555984121E1,2.1E1));
#2549=VERTEX_POINT('',#2548);
#2550=CARTESIAN_POINT('',(-4.379088676820E1,-2.370911323180E1,2.1E1));
#2551=VERTEX_POINT('',#2550);
#2552=CARTESIAN_POINT('',(-4.235355339059E1,-2.6E1,2.1E1));
#2553=CARTESIAN_POINT('',(-4.45E1,-2.6E1,2.1E1));
#2554=VERTEX_POINT('',#2552);
#2555=VERTEX_POINT('',#2553);
#2556=CARTESIAN_POINT('',(-4.45E1,-2.8E1,2.1E1));
#2557=VERTEX_POINT('',#2556);
#2558=CARTESIAN_POINT('',(-4.374676703703E1,-2.875323296297E1,2.1E1));
#2559=VERTEX_POINT('',#2558);
#2560=CARTESIAN_POINT('',(-4.286808738059E1,-3.087455330653E1,2.1E1));
#2561=VERTEX_POINT('',#2560);
#2562=CARTESIAN_POINT('',(-4.286808738059E1,-3.1E1,2.1E1));
#2563=VERTEX_POINT('',#2562);
#2564=CARTESIAN_POINT('',(-4.986808738059E1,-3.8E1,1.4E1));
#2565=CARTESIAN_POINT('',(-4.05E1,-3.8E1,1.4E1));
#2566=VERTEX_POINT('',#2564);
#2567=VERTEX_POINT('',#2565);
#2568=CARTESIAN_POINT('',(-4.986808738059E1,-3.8E1,2.1E1));
#2569=CARTESIAN_POINT('',(-4.05E1,-3.8E1,2.1E1));
#2570=VERTEX_POINT('',#2568);
#2571=VERTEX_POINT('',#2569);
#2572=CARTESIAN_POINT('',(-4.05E1,-1.9E1,6.9E1));
#2573=CARTESIAN_POINT('',(-4.15E1,-1.9E1,6.9E1));
#2574=VERTEX_POINT('',#2572);
#2575=VERTEX_POINT('',#2573);
#2576=CARTESIAN_POINT('',(-4.387034607950E1,-2.310555984121E1,6.9E1));
#2577=VERTEX_POINT('',#2576);
#2578=CARTESIAN_POINT('',(-4.379088676820E1,-2.370911323180E1,6.9E1));
#2579=VERTEX_POINT('',#2578);
#2580=CARTESIAN_POINT('',(-4.235355339059E1,-2.6E1,6.9E1));
#2581=CARTESIAN_POINT('',(-4.45E1,-2.6E1,6.9E1));
#2582=VERTEX_POINT('',#2580);
#2583=VERTEX_POINT('',#2581);
#2584=CARTESIAN_POINT('',(-4.45E1,-2.8E1,6.9E1));
#2585=VERTEX_POINT('',#2584);
#2586=CARTESIAN_POINT('',(-4.374676703703E1,-2.875323296297E1,6.9E1));
#2587=VERTEX_POINT('',#2586);
#2588=CARTESIAN_POINT('',(-4.286808738059E1,-3.087455330653E1,6.9E1));
#2589=VERTEX_POINT('',#2588);
#2590=CARTESIAN_POINT('',(-4.286808738059E1,-3.1E1,6.9E1));
#2591=VERTEX_POINT('',#2590);
#2592=CARTESIAN_POINT('',(-4.05E1,-1.9E1,7.6E1));
#2593=CARTESIAN_POINT('',(-4.15E1,-1.9E1,7.6E1));
#2594=VERTEX_POINT('',#2592);
#2595=VERTEX_POINT('',#2593);
#2596=CARTESIAN_POINT('',(-4.387034607950E1,-2.310555984121E1,7.6E1));
#2597=VERTEX_POINT('',#2596);
#2598=CARTESIAN_POINT('',(-4.379088676820E1,-2.370911323180E1,7.6E1));
#2599=VERTEX_POINT('',#2598);
#2600=CARTESIAN_POINT('',(-4.235355339059E1,-2.6E1,7.6E1));
#2601=CARTESIAN_POINT('',(-4.45E1,-2.6E1,7.6E1));
#2602=VERTEX_POINT('',#2600);
#2603=VERTEX_POINT('',#2601);
#2604=CARTESIAN_POINT('',(-4.45E1,-2.8E1,7.6E1));
#2605=VERTEX_POINT('',#2604);
#2606=CARTESIAN_POINT('',(-4.374676703703E1,-2.875323296297E1,7.6E1));
#2607=VERTEX_POINT('',#2606);
#2608=CARTESIAN_POINT('',(-4.286808738059E1,-3.087455330653E1,7.6E1));
#2609=VERTEX_POINT('',#2608);
#2610=CARTESIAN_POINT('',(-4.286808738059E1,-3.1E1,7.6E1));
#2611=VERTEX_POINT('',#2610);
#2612=CARTESIAN_POINT('',(-4.986808738059E1,-3.8E1,6.9E1));
#2613=CARTESIAN_POINT('',(-4.05E1,-3.8E1,6.9E1));
#2614=VERTEX_POINT('',#2612);
#2615=VERTEX_POINT('',#2613);
#2616=CARTESIAN_POINT('',(-4.986808738059E1,-3.8E1,7.6E1));
#2617=CARTESIAN_POINT('',(-4.05E1,-3.8E1,7.6E1));
#2618=VERTEX_POINT('',#2616);
#2619=VERTEX_POINT('',#2617);
#2620=CARTESIAN_POINT('',(-3.526995784031E1,-1.826995784031E1,2.8E1));
#2621=CARTESIAN_POINT('',(-3.519049852901E1,-1.766640444972E1,2.8E1));
#2622=VERTEX_POINT('',#2620);
#2623=VERTEX_POINT('',#2621);
#2624=CARTESIAN_POINT('',(-3.788464839420E1,-1.3E1,2.8E1));
#2625=VERTEX_POINT('',#2624);
#2626=CARTESIAN_POINT('',(-3.888464839420E1,-1.3E1,2.8E1));
#2627=VERTEX_POINT('',#2626);
#2628=CARTESIAN_POINT('',(-3.638464839420E1,-3.3E1,2.8E1));
#2629=CARTESIAN_POINT('',(-3.638464839420E1,-2.612728908132E1,2.8E1));
#2630=VERTEX_POINT('',#2628);
#2631=VERTEX_POINT('',#2629);
#2632=CARTESIAN_POINT('',(-3.550596873776E1,-2.400596873776E1,2.8E1));
#2633=VERTEX_POINT('',#2632);
#2634=CARTESIAN_POINT('',(-3.45E1,-2.3E1,2.8E1));
#2635=VERTEX_POINT('',#2634);
#2636=CARTESIAN_POINT('',(-3.45E1,-2.1E1,2.8E1));
#2637=VERTEX_POINT('',#2636);
#2638=CARTESIAN_POINT('',(-3.679289321881E1,-2.1E1,2.8E1));
#2639=VERTEX_POINT('',#2638);
#2640=CARTESIAN_POINT('',(-3.714644660941E1,-2.014644660941E1,2.8E1));
#2641=VERTEX_POINT('',#2640);
#2642=CARTESIAN_POINT('',(-3.526995784031E1,-1.826995784031E1,3.5E1));
#2643=CARTESIAN_POINT('',(-3.519049852901E1,-1.766640444972E1,3.5E1));
#2644=VERTEX_POINT('',#2642);
#2645=VERTEX_POINT('',#2643);
#2646=CARTESIAN_POINT('',(-3.788464839420E1,-1.3E1,3.5E1));
#2647=VERTEX_POINT('',#2646);
#2648=CARTESIAN_POINT('',(-3.888464839420E1,-1.3E1,3.5E1));
#2649=VERTEX_POINT('',#2648);
#2650=CARTESIAN_POINT('',(-3.638464839420E1,-3.3E1,3.5E1));
#2651=CARTESIAN_POINT('',(-3.638464839420E1,-2.612728908132E1,3.5E1));
#2652=VERTEX_POINT('',#2650);
#2653=VERTEX_POINT('',#2651);
#2654=CARTESIAN_POINT('',(-3.550596873776E1,-2.400596873776E1,3.5E1));
#2655=VERTEX_POINT('',#2654);
#2656=CARTESIAN_POINT('',(-3.45E1,-2.3E1,3.5E1));
#2657=VERTEX_POINT('',#2656);
#2658=CARTESIAN_POINT('',(-3.45E1,-2.1E1,3.5E1));
#2659=VERTEX_POINT('',#2658);
#2660=CARTESIAN_POINT('',(-3.679289321881E1,-2.1E1,3.5E1));
#2661=VERTEX_POINT('',#2660);
#2662=CARTESIAN_POINT('',(-3.714644660941E1,-2.014644660941E1,3.5E1));
#2663=VERTEX_POINT('',#2662);
#2664=CARTESIAN_POINT('',(-3.888464839420E1,-3.8E1,2.8E1));
#2665=CARTESIAN_POINT('',(-3.138464839420E1,-3.8E1,2.8E1));
#2666=VERTEX_POINT('',#2664);
#2667=VERTEX_POINT('',#2665);
#2668=CARTESIAN_POINT('',(-3.888464839420E1,-3.8E1,3.5E1));
#2669=CARTESIAN_POINT('',(-3.138464839420E1,-3.8E1,3.5E1));
#2670=VERTEX_POINT('',#2668);
#2671=VERTEX_POINT('',#2669);
#2672=CARTESIAN_POINT('',(-3.472E1,-3.8E1,6.8E1));
#2673=CARTESIAN_POINT('',(-3.472E1,-3.8E1,6.3E1));
#2674=VERTEX_POINT('',#2672);
#2675=VERTEX_POINT('',#2673);
#2676=CARTESIAN_POINT('',(-2.E0,-3.8E1,6.3E1));
#2677=CARTESIAN_POINT('',(-4.72E0,-3.8E1,6.3E1));
#2678=VERTEX_POINT('',#2676);
#2679=VERTEX_POINT('',#2677);
#2680=CARTESIAN_POINT('',(-4.72E0,-3.8E1,6.8E1));
#2681=VERTEX_POINT('',#2680);
#2682=CARTESIAN_POINT('',(-2.E0,-3.8E1,6.8E1));
#2683=VERTEX_POINT('',#2682);
#2684=CARTESIAN_POINT('',(-2.E0,-2.3E1,6.3E1));
#2685=VERTEX_POINT('',#2684);
#2686=CARTESIAN_POINT('',(-2.E0,-2.3E1,6.8E1));
#2687=VERTEX_POINT('',#2686);
#2688=CARTESIAN_POINT('',(-3.472E1,-2.3E1,6.8E1));
#2689=VERTEX_POINT('',#2688);
#2690=CARTESIAN_POINT('',(-3.472E1,-2.3E1,6.3E1));
#2691=VERTEX_POINT('',#2690);
#2692=CARTESIAN_POINT('',(-4.72E0,-2.3E1,6.3E1));
#2693=VERTEX_POINT('',#2692);
#2694=CARTESIAN_POINT('',(-4.72E0,-2.3E1,6.8E1));
#2695=VERTEX_POINT('',#2694);
#2696=CARTESIAN_POINT('',(-1.E1,-4.E1,1.E1));
#2697=CARTESIAN_POINT('',(-1.E1,-4.E1,8.E1));
#2698=VERTEX_POINT('',#2696);
#2699=VERTEX_POINT('',#2697);
#2700=CARTESIAN_POINT('',(-8.E0,-4.E1,8.E1));
#2701=VERTEX_POINT('',#2700);
#2702=CARTESIAN_POINT('',(-8.E0,-4.E1,1.E1));
#2703=VERTEX_POINT('',#2702);
#2704=CARTESIAN_POINT('',(-1.E1,-3.8E1,1.E1));
#2705=CARTESIAN_POINT('',(-1.E1,-3.8E1,8.E1));
#2706=VERTEX_POINT('',#2704);
#2707=VERTEX_POINT('',#2705);
#2708=CARTESIAN_POINT('',(-8.E0,-3.8E1,8.E1));
#2709=VERTEX_POINT('',#2708);
#2710=CARTESIAN_POINT('',(-8.E0,-3.8E1,1.E1));
#2711=VERTEX_POINT('',#2710);
#2712=CARTESIAN_POINT('',(-1.42E1,-4.E1,1.E1));
#2713=CARTESIAN_POINT('',(-1.42E1,-4.E1,8.E1));
#2714=VERTEX_POINT('',#2712);
#2715=VERTEX_POINT('',#2713);
#2716=CARTESIAN_POINT('',(-1.22E1,-4.E1,8.E1));
#2717=VERTEX_POINT('',#2716);
#2718=CARTESIAN_POINT('',(-1.22E1,-4.E1,1.E1));
#2719=VERTEX_POINT('',#2718);
#2720=CARTESIAN_POINT('',(-1.42E1,-3.8E1,1.E1));
#2721=CARTESIAN_POINT('',(-1.42E1,-3.8E1,8.E1));
#2722=VERTEX_POINT('',#2720);
#2723=VERTEX_POINT('',#2721);
#2724=CARTESIAN_POINT('',(-1.22E1,-3.8E1,8.E1));
#2725=VERTEX_POINT('',#2724);
#2726=CARTESIAN_POINT('',(-1.22E1,-3.8E1,1.E1));
#2727=VERTEX_POINT('',#2726);
#2728=CARTESIAN_POINT('',(-1.84E1,-4.E1,1.E1));
#2729=CARTESIAN_POINT('',(-1.84E1,-4.E1,8.E1));
#2730=VERTEX_POINT('',#2728);
#2731=VERTEX_POINT('',#2729);
#2732=CARTESIAN_POINT('',(-1.64E1,-4.E1,8.E1));
#2733=VERTEX_POINT('',#2732);
#2734=CARTESIAN_POINT('',(-1.64E1,-4.E1,1.E1));
#2735=VERTEX_POINT('',#2734);
#2736=CARTESIAN_POINT('',(-1.84E1,-3.8E1,1.E1));
#2737=CARTESIAN_POINT('',(-1.84E1,-3.8E1,8.E1));
#2738=VERTEX_POINT('',#2736);
#2739=VERTEX_POINT('',#2737);
#2740=CARTESIAN_POINT('',(-1.64E1,-3.8E1,8.E1));
#2741=VERTEX_POINT('',#2740);
#2742=CARTESIAN_POINT('',(-1.64E1,-3.8E1,1.E1));
#2743=VERTEX_POINT('',#2742);
#2744=CARTESIAN_POINT('',(-2.26E1,-4.E1,1.E1));
#2745=CARTESIAN_POINT('',(-2.26E1,-4.E1,8.E1));
#2746=VERTEX_POINT('',#2744);
#2747=VERTEX_POINT('',#2745);
#2748=CARTESIAN_POINT('',(-2.06E1,-4.E1,8.E1));
#2749=VERTEX_POINT('',#2748);
#2750=CARTESIAN_POINT('',(-2.06E1,-4.E1,1.E1));
#2751=VERTEX_POINT('',#2750);
#2752=CARTESIAN_POINT('',(-2.26E1,-3.8E1,1.E1));
#2753=CARTESIAN_POINT('',(-2.26E1,-3.8E1,8.E1));
#2754=VERTEX_POINT('',#2752);
#2755=VERTEX_POINT('',#2753);
#2756=CARTESIAN_POINT('',(-2.06E1,-3.8E1,8.E1));
#2757=VERTEX_POINT('',#2756);
#2758=CARTESIAN_POINT('',(-2.06E1,-3.8E1,1.E1));
#2759=VERTEX_POINT('',#2758);
#2760=CARTESIAN_POINT('',(-2.68E1,-4.E1,1.E1));
#2761=CARTESIAN_POINT('',(-2.68E1,-4.E1,8.E1));
#2762=VERTEX_POINT('',#2760);
#2763=VERTEX_POINT('',#2761);
#2764=CARTESIAN_POINT('',(-2.48E1,-4.E1,8.E1));
#2765=VERTEX_POINT('',#2764);
#2766=CARTESIAN_POINT('',(-2.48E1,-4.E1,1.E1));
#2767=VERTEX_POINT('',#2766);
#2768=CARTESIAN_POINT('',(-2.68E1,-3.8E1,1.E1));
#2769=CARTESIAN_POINT('',(-2.68E1,-3.8E1,8.E1));
#2770=VERTEX_POINT('',#2768);
#2771=VERTEX_POINT('',#2769);
#2772=CARTESIAN_POINT('',(-2.48E1,-3.8E1,8.E1));
#2773=VERTEX_POINT('',#2772);
#2774=CARTESIAN_POINT('',(-2.48E1,-3.8E1,1.E1));
#2775=VERTEX_POINT('',#2774);
#2776=CARTESIAN_POINT('',(-3.1E1,-4.E1,1.E1));
#2777=CARTESIAN_POINT('',(-3.1E1,-4.E1,8.E1));
#2778=VERTEX_POINT('',#2776);
#2779=VERTEX_POINT('',#2777);
#2780=CARTESIAN_POINT('',(-2.9E1,-4.E1,8.E1));
#2781=VERTEX_POINT('',#2780);
#2782=CARTESIAN_POINT('',(-2.9E1,-4.E1,1.E1));
#2783=VERTEX_POINT('',#2782);
#2784=CARTESIAN_POINT('',(-3.1E1,-3.8E1,1.E1));
#2785=CARTESIAN_POINT('',(-3.1E1,-3.8E1,8.E1));
#2786=VERTEX_POINT('',#2784);
#2787=VERTEX_POINT('',#2785);
#2788=CARTESIAN_POINT('',(-2.9E1,-3.8E1,8.E1));
#2789=VERTEX_POINT('',#2788);
#2790=CARTESIAN_POINT('',(-2.9E1,-3.8E1,1.E1));
#2791=VERTEX_POINT('',#2790);
#2792=CARTESIAN_POINT('',(-4.210355339059E1,-2.539644660941E1,1.4E1));
#2793=VERTEX_POINT('',#2792);
#2794=CARTESIAN_POINT('',(-4.210355339059E1,-2.539644660941E1,2.1E1));
#2795=VERTEX_POINT('',#2794);
#2796=CARTESIAN_POINT('',(-4.210355339059E1,-2.539644660941E1,6.9E1));
#2797=VERTEX_POINT('',#2796);
#2798=CARTESIAN_POINT('',(-4.210355339059E1,-2.539644660941E1,7.6E1));
#2799=VERTEX_POINT('',#2798);
#2800=CARTESIAN_POINT('',(-8.524644660941E1,-2.514644660941E1,1.2E1));
#2801=VERTEX_POINT('',#2800);
#2802=CARTESIAN_POINT('',(-8.524644660941E1,-2.514644660941E1,1.9E1));
#2803=VERTEX_POINT('',#2802);
#2804=CARTESIAN_POINT('',(-8.524644660941E1,-2.514644660941E1,6.7E1));
#2805=VERTEX_POINT('',#2804);
#2806=CARTESIAN_POINT('',(-8.524644660941E1,-2.514644660941E1,7.4E1));
#2807=VERTEX_POINT('',#2806);
#2808=CARTESIAN_POINT('',(-3.560660171780E0,-1.793378835901E1,1.2E1));
#2809=VERTEX_POINT('',#2808);
#2810=CARTESIAN_POINT('',(-2.585786437627E0,-1.890866209316E1,1.2E1));
#2811=VERTEX_POINT('',#2810);
#2812=CARTESIAN_POINT('',(-3.560660171780E0,-1.793378835901E1,4.7E1));
#2813=VERTEX_POINT('',#2812);
#2814=CARTESIAN_POINT('',(-2.585786437627E0,-1.890866209316E1,4.7E1));
#2815=VERTEX_POINT('',#2814);
#2816=CARTESIAN_POINT('',(-3.522E1,-1.75E1,6.435435607626E1));
#2817=CARTESIAN_POINT('',(-3.522E1,-1.75E1,6.664564392374E1));
#2818=VERTEX_POINT('',#2816);
#2819=VERTEX_POINT('',#2817);
#2820=CARTESIAN_POINT('',(-3.422E1,-1.75E1,6.435435607626E1));
#2821=CARTESIAN_POINT('',(-3.422E1,-1.75E1,6.664564392374E1));
#2822=VERTEX_POINT('',#2820);
#2823=VERTEX_POINT('',#2821);
#2824=VERTEX_POINT('',#1726);
#2825=VERTEX_POINT('',#1731);
#2826=VERTEX_POINT('',#1745);
#2827=VERTEX_POINT('',#1750);
#2828=CARTESIAN_POINT('',(-3.522E1,-1.773384674289E1,6.408578643763E1));
#2829=VERTEX_POINT('',#2828);
#2830=CARTESIAN_POINT('',(-3.422E1,-1.773384674289E1,6.408578643763E1));
#2831=VERTEX_POINT('',#2830);
#2832=VERTEX_POINT('',#1714);
#2833=VERTEX_POINT('',#1719);
#2834=VERTEX_POINT('',#1738);
#2835=VERTEX_POINT('',#1743);
#2836=CARTESIAN_POINT('',(-3.522E1,-1.773384674289E1,6.691421356237E1));
#2837=VERTEX_POINT('',#2836);
#2838=CARTESIAN_POINT('',(-3.422E1,-1.773384674289E1,6.691421356237E1));
#2839=VERTEX_POINT('',#2838);
#2840=CARTESIAN_POINT('',(-3.422000040447E1,-2.152097876564E1,
6.664564171792E1));
#2841=VERTEX_POINT('',#2840);
#2842=CARTESIAN_POINT('',(-3.421999998702E1,-2.152098025125E1,
6.435435600545E1));
#2843=VERTEX_POINT('',#2842);
#2844=CARTESIAN_POINT('',(-3.521999959553E1,-2.152097876564E1,
6.435435828208E1));
#2845=VERTEX_POINT('',#2844);
#2846=CARTESIAN_POINT('',(-3.522000001298E1,-2.152098025125E1,
6.664564399455E1));
#2847=VERTEX_POINT('',#2846);
#2848=CARTESIAN_POINT('',(-3.422000005688E1,-2.300000104465E1,
6.794948947687E1));
#2849=CARTESIAN_POINT('',(-3.421999996358E1,-2.299999776169E1,
6.305051008480E1));
#2850=VERTEX_POINT('',#2848);
#2851=VERTEX_POINT('',#2849);
#2852=CARTESIAN_POINT('',(-3.521999994312E1,-2.300000104465E1,
6.305051052313E1));
#2853=CARTESIAN_POINT('',(-3.522000003642E1,-2.299999776169E1,
6.794948991520E1));
#2854=VERTEX_POINT('',#2852);
#2855=VERTEX_POINT('',#2853);
#2856=CARTESIAN_POINT('',(-3.375E1,-1.3E1,8.8E1));
#2857=CARTESIAN_POINT('',(-3.575E1,-1.5E1,8.8E1));
#2858=VERTEX_POINT('',#2856);
#2859=VERTEX_POINT('',#2857);
#2860=CARTESIAN_POINT('',(-3.575E1,-2.5E1,8.8E1));
#2861=VERTEX_POINT('',#2860);
#2862=CARTESIAN_POINT('',(-3.375E1,-2.7E1,8.8E1));
#2863=VERTEX_POINT('',#2862);
#2864=CARTESIAN_POINT('',(-3.225E1,-2.7E1,8.8E1));
#2865=VERTEX_POINT('',#2864);
#2866=CARTESIAN_POINT('',(-3.025E1,-2.5E1,8.8E1));
#2867=VERTEX_POINT('',#2866);
#2868=CARTESIAN_POINT('',(-3.025E1,-1.5E1,8.8E1));
#2869=VERTEX_POINT('',#2868);
#2870=CARTESIAN_POINT('',(-3.225E1,-1.3E1,8.8E1));
#2871=VERTEX_POINT('',#2870);
#2872=CARTESIAN_POINT('',(-2.975E1,-2.5E1,9.E1));
#2873=CARTESIAN_POINT('',(-3.225E1,-2.75E1,9.E1));
#2874=VERTEX_POINT('',#2872);
#2875=VERTEX_POINT('',#2873);
#2876=CARTESIAN_POINT('',(-3.025E1,-2.5E1,8.95E1));
#2877=CARTESIAN_POINT('',(-3.225E1,-2.7E1,8.95E1));
#2878=VERTEX_POINT('',#2876);
#2879=VERTEX_POINT('',#2877);
#2880=CARTESIAN_POINT('',(-3.375000001627E1,-2.749999999831E1,
8.999999999831E1));
#2881=VERTEX_POINT('',#2880);
#2882=CARTESIAN_POINT('',(-3.375000000976E1,-2.699999999899E1,
8.949999999899E1));
#2883=VERTEX_POINT('',#2882);
#2884=CARTESIAN_POINT('',(-3.625E1,-2.5E1,9.E1));
#2885=VERTEX_POINT('',#2884);
#2886=CARTESIAN_POINT('',(-3.575E1,-2.5E1,8.95E1));
#2887=VERTEX_POINT('',#2886);
#2888=CARTESIAN_POINT('',(-3.624999999831E1,-1.499999998373E1,
8.999999999831E1));
#2889=VERTEX_POINT('',#2888);
#2890=CARTESIAN_POINT('',(-3.574999999899E1,-1.499999999024E1,
8.949999999899E1));
#2891=VERTEX_POINT('',#2890);
#2892=CARTESIAN_POINT('',(-3.375E1,-1.25E1,9.E1));
#2893=VERTEX_POINT('',#2892);
#2894=CARTESIAN_POINT('',(-3.375E1,-1.3E1,8.95E1));
#2895=VERTEX_POINT('',#2894);
#2896=CARTESIAN_POINT('',(-3.224999998373E1,-1.250000000169E1,
8.999999999831E1));
#2897=VERTEX_POINT('',#2896);
#2898=CARTESIAN_POINT('',(-3.224999999024E1,-1.300000000101E1,
8.949999999899E1));
#2899=VERTEX_POINT('',#2898);
#2900=CARTESIAN_POINT('',(-2.975E1,-1.5E1,9.E1));
#2901=VERTEX_POINT('',#2900);
#2902=CARTESIAN_POINT('',(-3.025E1,-1.5E1,8.95E1));
#2903=VERTEX_POINT('',#2902);
#2904=CARTESIAN_POINT('',(-5.22E0,-1.75E1,6.435435607626E1));
#2905=CARTESIAN_POINT('',(-5.22E0,-1.75E1,6.664564392374E1));
#2906=VERTEX_POINT('',#2904);
#2907=VERTEX_POINT('',#2905);
#2908=CARTESIAN_POINT('',(-4.22E0,-1.75E1,6.435435607626E1));
#2909=CARTESIAN_POINT('',(-4.22E0,-1.75E1,6.664564392374E1));
#2910=VERTEX_POINT('',#2908);
#2911=VERTEX_POINT('',#2909);
#2912=VERTEX_POINT('',#1975);
#2913=VERTEX_POINT('',#1989);
#2914=CARTESIAN_POINT('',(-5.22E0,-1.930567149429E1,6.691421356237E1));
#2915=VERTEX_POINT('',#2914);
#2916=CARTESIAN_POINT('',(-4.22E0,-1.930567149429E1,6.691421356237E1));
#2917=VERTEX_POINT('',#2916);
#2918=VERTEX_POINT('',#1901);
#2919=VERTEX_POINT('',#1930);
#2920=VERTEX_POINT('',#1958);
#2921=VERTEX_POINT('',#1987);
#2922=CARTESIAN_POINT('',(-5.22E0,-1.930567149429E1,6.408578643763E1));
#2923=VERTEX_POINT('',#2922);
#2924=CARTESIAN_POINT('',(-4.22E0,-1.930567149429E1,6.408578643763E1));
#2925=VERTEX_POINT('',#2924);
#2926=VERTEX_POINT('',#1894);
#2927=VERTEX_POINT('',#1913);
#2928=CARTESIAN_POINT('',(-2.E0,-2.3E1,6.509490741799E1));
#2929=CARTESIAN_POINT('',(-3.574356076261E0,-2.3E1,6.3E1));
#2930=VERTEX_POINT('',#2928);
#2931=VERTEX_POINT('',#2929);
#2932=CARTESIAN_POINT('',(-3.574356076261E0,-2.3E1,6.8E1));
#2933=CARTESIAN_POINT('',(-2.E0,-2.3E1,6.590509258201E1));
#2934=VERTEX_POINT('',#2932);
#2935=VERTEX_POINT('',#2933);
#2936=CARTESIAN_POINT('',(-4.22E0,-2.15E1,6.664564392374E1));
#2937=VERTEX_POINT('',#2936);
#2938=CARTESIAN_POINT('',(-4.22E0,-2.15E1,6.435435607626E1));
#2939=VERTEX_POINT('',#2938);
#2940=CARTESIAN_POINT('',(-5.219999595534E0,-2.152097876962E1,
6.435435828208E1));
#2941=VERTEX_POINT('',#2940);
#2942=CARTESIAN_POINT('',(-5.220000012977E0,-2.152098025125E1,
6.664564399455E1));
#2943=VERTEX_POINT('',#2942);
#2944=VERTEX_POINT('',#2036);
#2945=VERTEX_POINT('',#2008);
#2946=CARTESIAN_POINT('',(-4.22E0,-2.3E1,6.8E1));
#2947=CARTESIAN_POINT('',(-4.22E0,-2.3E1,6.3E1));
#2948=VERTEX_POINT('',#2946);
#2949=VERTEX_POINT('',#2947);
#2950=CARTESIAN_POINT('',(-5.219999943116E0,-2.300000104465E1,
6.305051052313E1));
#2951=CARTESIAN_POINT('',(-5.220000036421E0,-2.299999776169E1,
6.794948991520E1));
#2952=VERTEX_POINT('',#2950);
#2953=VERTEX_POINT('',#2951);
#2954=CARTESIAN_POINT('',(-8.1E1,-3.E0,2.E0));
#2955=VERTEX_POINT('',#2954);
#2956=CARTESIAN_POINT('',(-8.8E1,-3.E0,9.E0));
#2957=VERTEX_POINT('',#2956);
#2958=CARTESIAN_POINT('',(-8.8E1,-3.E0,8.1E1));
#2959=VERTEX_POINT('',#2958);
#2960=CARTESIAN_POINT('',(-8.1E1,-3.E0,8.8E1));
#2961=VERTEX_POINT('',#2960);
#2962=CARTESIAN_POINT('',(-9.E0,-3.E0,8.8E1));
#2963=VERTEX_POINT('',#2962);
#2964=CARTESIAN_POINT('',(-2.E0,-3.E0,8.1E1));
#2965=VERTEX_POINT('',#2964);
#2966=CARTESIAN_POINT('',(-2.E0,-3.E0,9.E0));
#2967=VERTEX_POINT('',#2966);
#2968=CARTESIAN_POINT('',(-9.E0,-3.E0,2.E0));
#2969=VERTEX_POINT('',#2968);
#2970=CARTESIAN_POINT('',(-4.E0,-9.E0,9.E0));
#2971=CARTESIAN_POINT('',(-4.E0,-7.289013841019E0,9.E0));
#2972=VERTEX_POINT('',#2970);
#2973=VERTEX_POINT('',#2971);
#2974=CARTESIAN_POINT('',(-9.E0,-9.E0,4.E0));
#2975=CARTESIAN_POINT('',(-9.E0,-7.289013841019E0,4.E0));
#2976=VERTEX_POINT('',#2974);
#2977=VERTEX_POINT('',#2975);
#2978=CARTESIAN_POINT('',(-8.1E1,-9.E0,4.E0));
#2979=CARTESIAN_POINT('',(-8.1E1,-7.289013841019E0,4.E0));
#2980=VERTEX_POINT('',#2978);
#2981=VERTEX_POINT('',#2979);
#2982=CARTESIAN_POINT('',(-8.6E1,-9.E0,9.E0));
#2983=CARTESIAN_POINT('',(-8.6E1,-7.289013841019E0,9.E0));
#2984=VERTEX_POINT('',#2982);
#2985=VERTEX_POINT('',#2983);
#2986=CARTESIAN_POINT('',(-8.6E1,-9.E0,8.1E1));
#2987=CARTESIAN_POINT('',(-8.6E1,-7.289013841019E0,8.1E1));
#2988=VERTEX_POINT('',#2986);
#2989=VERTEX_POINT('',#2987);
#2990=CARTESIAN_POINT('',(-8.1E1,-9.E0,8.6E1));
#2991=CARTESIAN_POINT('',(-8.1E1,-7.289013841019E0,8.6E1));
#2992=VERTEX_POINT('',#2990);
#2993=VERTEX_POINT('',#2991);
#2994=CARTESIAN_POINT('',(-9.E0,-9.E0,8.6E1));
#2995=CARTESIAN_POINT('',(-9.E0,-7.289013841019E0,8.6E1));
#2996=VERTEX_POINT('',#2994);
#2997=VERTEX_POINT('',#2995);
#2998=CARTESIAN_POINT('',(-4.E0,-9.E0,8.1E1));
#2999=CARTESIAN_POINT('',(-4.E0,-7.289013841019E0,8.1E1));
#3000=VERTEX_POINT('',#2998);
#3001=VERTEX_POINT('',#2999);
#3002=CARTESIAN_POINT('',(-9.E0,-1.1E1,2.E0));
#3003=CARTESIAN_POINT('',(-8.1E1,-1.1E1,2.E0));
#3004=VERTEX_POINT('',#3002);
#3005=VERTEX_POINT('',#3003);
#3006=CARTESIAN_POINT('',(-8.8E1,-1.1E1,9.E0));
#3007=CARTESIAN_POINT('',(-8.8E1,-1.1E1,8.1E1));
#3008=VERTEX_POINT('',#3006);
#3009=VERTEX_POINT('',#3007);
#3010=CARTESIAN_POINT('',(-8.1E1,-1.1E1,8.8E1));
#3011=CARTESIAN_POINT('',(-9.E0,-1.1E1,8.8E1));
#3012=VERTEX_POINT('',#3010);
#3013=VERTEX_POINT('',#3011);
#3014=CARTESIAN_POINT('',(-2.E0,-1.1E1,8.1E1));
#3015=CARTESIAN_POINT('',(-2.E0,-1.1E1,9.E0));
#3016=VERTEX_POINT('',#3014);
#3017=VERTEX_POINT('',#3015);
#3018=CARTESIAN_POINT('',(0.E0,0.E0,0.E0));
#3019=DIRECTION('',(0.E0,1.E0,0.E0));
#3020=DIRECTION('',(0.E0,0.E0,1.E0));
#3021=AXIS2_PLACEMENT_3D('',#3018,#3019,#3020);
#3022=PLANE('',#3021);
#3024=ORIENTED_EDGE('',*,*,#3023,.F.);
#3026=ORIENTED_EDGE('',*,*,#3025,.F.);
#3028=ORIENTED_EDGE('',*,*,#3027,.F.);
#3030=ORIENTED_EDGE('',*,*,#3029,.F.);
#3032=ORIENTED_EDGE('',*,*,#3031,.F.);
#3034=ORIENTED_EDGE('',*,*,#3033,.F.);
#3036=ORIENTED_EDGE('',*,*,#3035,.F.);
#3038=ORIENTED_EDGE('',*,*,#3037,.F.);
#3039=EDGE_LOOP('',(#3024,#3026,#3028,#3030,#3032,#3034,#3036,#3038));
#3040=FACE_OUTER_BOUND('',#3039,.F.);
#3042=ORIENTED_EDGE('',*,*,#3041,.T.);
#3044=ORIENTED_EDGE('',*,*,#3043,.F.);
#3046=ORIENTED_EDGE('',*,*,#3045,.T.);
#3048=ORIENTED_EDGE('',*,*,#3047,.F.);
#3050=ORIENTED_EDGE('',*,*,#3049,.T.);
#3052=ORIENTED_EDGE('',*,*,#3051,.F.);
#3054=ORIENTED_EDGE('',*,*,#3053,.T.);
#3056=ORIENTED_EDGE('',*,*,#3055,.F.);
#3057=EDGE_LOOP('',(#3042,#3044,#3046,#3048,#3050,#3052,#3054,#3056));
#3058=FACE_BOUND('',#3057,.F.);
#3059=ADVANCED_FACE('',(#3040,#3058),#3022,.T.);
#3060=CARTESIAN_POINT('',(-8.1E1,5.2144E1,9.E0));
#3061=DIRECTION('',(0.E0,-1.E0,0.E0));
#3062=DIRECTION('',(-1.E0,0.E0,0.E0));
#3063=AXIS2_PLACEMENT_3D('',#3060,#3061,#3062);
#3064=CYLINDRICAL_SURFACE('',#3063,9.E0);
#3066=ORIENTED_EDGE('',*,*,#3065,.T.);
#3068=ORIENTED_EDGE('',*,*,#3067,.F.);
#3069=ORIENTED_EDGE('',*,*,#3023,.T.);
#3071=ORIENTED_EDGE('',*,*,#3070,.T.);
#3072=EDGE_LOOP('',(#3066,#3068,#3069,#3071));
#3073=FACE_OUTER_BOUND('',#3072,.F.);
#3074=ADVANCED_FACE('',(#3073),#3064,.T.);
#3075=CARTESIAN_POINT('',(0.E0,-4.E1,0.E0));
#3076=DIRECTION('',(0.E0,1.E0,0.E0));
#3077=DIRECTION('',(0.E0,0.E0,1.E0));
#3078=AXIS2_PLACEMENT_3D('',#3075,#3076,#3077);
#3079=PLANE('',#3078);
#3080=ORIENTED_EDGE('',*,*,#3065,.F.);
#3082=ORIENTED_EDGE('',*,*,#3081,.T.);
#3084=ORIENTED_EDGE('',*,*,#3083,.F.);
#3086=ORIENTED_EDGE('',*,*,#3085,.T.);
#3088=ORIENTED_EDGE('',*,*,#3087,.F.);
#3090=ORIENTED_EDGE('',*,*,#3089,.T.);
#3092=ORIENTED_EDGE('',*,*,#3091,.F.);
#3094=ORIENTED_EDGE('',*,*,#3093,.T.);
#3095=EDGE_LOOP('',(#3080,#3082,#3084,#3086,#3088,#3090,#3092,#3094));
#3096=FACE_OUTER_BOUND('',#3095,.F.);
#3098=ORIENTED_EDGE('',*,*,#3097,.F.);
#3100=ORIENTED_EDGE('',*,*,#3099,.F.);
#3102=ORIENTED_EDGE('',*,*,#3101,.F.);
#3104=ORIENTED_EDGE('',*,*,#3103,.F.);
#3105=EDGE_LOOP('',(#3098,#3100,#3102,#3104));
#3106=FACE_BOUND('',#3105,.F.);
#3108=ORIENTED_EDGE('',*,*,#3107,.F.);
#3110=ORIENTED_EDGE('',*,*,#3109,.F.);
#3112=ORIENTED_EDGE('',*,*,#3111,.F.);
#3114=ORIENTED_EDGE('',*,*,#3113,.F.);
#3115=EDGE_LOOP('',(#3108,#3110,#3112,#3114));
#3116=FACE_BOUND('',#3115,.F.);
#3118=ORIENTED_EDGE('',*,*,#3117,.F.);
#3120=ORIENTED_EDGE('',*,*,#3119,.F.);
#3122=ORIENTED_EDGE('',*,*,#3121,.F.);
#3124=ORIENTED_EDGE('',*,*,#3123,.F.);
#3125=EDGE_LOOP('',(#3118,#3120,#3122,#3124));
#3126=FACE_BOUND('',#3125,.F.);
#3128=ORIENTED_EDGE('',*,*,#3127,.F.);
#3130=ORIENTED_EDGE('',*,*,#3129,.F.);
#3132=ORIENTED_EDGE('',*,*,#3131,.F.);
#3134=ORIENTED_EDGE('',*,*,#3133,.F.);
#3135=EDGE_LOOP('',(#3128,#3130,#3132,#3134));
#3136=FACE_BOUND('',#3135,.F.);
#3138=ORIENTED_EDGE('',*,*,#3137,.F.);
#3140=ORIENTED_EDGE('',*,*,#3139,.F.);
#3142=ORIENTED_EDGE('',*,*,#3141,.F.);
#3144=ORIENTED_EDGE('',*,*,#3143,.F.);
#3145=EDGE_LOOP('',(#3138,#3140,#3142,#3144));
#3146=FACE_BOUND('',#3145,.F.);
#3148=ORIENTED_EDGE('',*,*,#3147,.F.);
#3150=ORIENTED_EDGE('',*,*,#3149,.F.);
#3152=ORIENTED_EDGE('',*,*,#3151,.F.);
#3154=ORIENTED_EDGE('',*,*,#3153,.F.);
#3155=EDGE_LOOP('',(#3148,#3150,#3152,#3154));
#3156=FACE_BOUND('',#3155,.F.);
#3157=ADVANCED_FACE('',(#3096,#3106,#3116,#3126,#3136,#3146,#3156),#3079,.F.);
#3158=CARTESIAN_POINT('',(-9.E1,0.E0,0.E0));
#3159=DIRECTION('',(-1.E0,0.E0,0.E0));
#3160=DIRECTION('',(0.E0,0.E0,1.E0));
#3161=AXIS2_PLACEMENT_3D('',#3158,#3159,#3160);
#3162=PLANE('',#3161);
#3163=ORIENTED_EDGE('',*,*,#3070,.F.);
#3164=ORIENTED_EDGE('',*,*,#3037,.T.);
#3166=ORIENTED_EDGE('',*,*,#3165,.T.);
#3167=ORIENTED_EDGE('',*,*,#3081,.F.);
#3168=EDGE_LOOP('',(#3163,#3164,#3166,#3167));
#3169=FACE_OUTER_BOUND('',#3168,.F.);
#3170=ADVANCED_FACE('',(#3169),#3162,.T.);
#3171=CARTESIAN_POINT('',(-8.1E1,5.2144E1,8.1E1));
#3172=DIRECTION('',(0.E0,-1.E0,0.E0));
#3173=DIRECTION('',(0.E0,0.E0,1.E0));
#3174=AXIS2_PLACEMENT_3D('',#3171,#3172,#3173);
#3175=CYLINDRICAL_SURFACE('',#3174,9.E0);
#3176=ORIENTED_EDGE('',*,*,#3083,.T.);
#3177=ORIENTED_EDGE('',*,*,#3165,.F.);
#3178=ORIENTED_EDGE('',*,*,#3035,.T.);
#3180=ORIENTED_EDGE('',*,*,#3179,.T.);
#3181=EDGE_LOOP('',(#3176,#3177,#3178,#3180));
#3182=FACE_OUTER_BOUND('',#3181,.F.);
#3183=ADVANCED_FACE('',(#3182),#3175,.T.);
#3184=CARTESIAN_POINT('',(-9.E1,0.E0,9.E1));
#3185=DIRECTION('',(0.E0,0.E0,1.E0));
#3186=DIRECTION('',(1.E0,0.E0,0.E0));
#3187=AXIS2_PLACEMENT_3D('',#3184,#3185,#3186);
#3188=PLANE('',#3187);
#3189=ORIENTED_EDGE('',*,*,#3179,.F.);
#3190=ORIENTED_EDGE('',*,*,#3033,.T.);
#3192=ORIENTED_EDGE('',*,*,#3191,.T.);
#3193=ORIENTED_EDGE('',*,*,#3085,.F.);
#3194=EDGE_LOOP('',(#3189,#3190,#3192,#3193));
#3195=FACE_OUTER_BOUND('',#3194,.F.);
#3197=ORIENTED_EDGE('',*,*,#3196,.F.);
#3199=ORIENTED_EDGE('',*,*,#3198,.F.);
#3201=ORIENTED_EDGE('',*,*,#3200,.F.);
#3203=ORIENTED_EDGE('',*,*,#3202,.F.);
#3205=ORIENTED_EDGE('',*,*,#3204,.F.);
#3207=ORIENTED_EDGE('',*,*,#3206,.F.);
#3209=ORIENTED_EDGE('',*,*,#3208,.F.);
#3211=ORIENTED_EDGE('',*,*,#3210,.F.);
#3212=EDGE_LOOP('',(#3197,#3199,#3201,#3203,#3205,#3207,#3209,#3211));
#3213=FACE_BOUND('',#3212,.F.);
#3214=ADVANCED_FACE('',(#3195,#3213),#3188,.T.);
#3215=CARTESIAN_POINT('',(-9.E0,5.2144E1,8.1E1));
#3216=DIRECTION('',(0.E0,-1.E0,0.E0));
#3217=DIRECTION('',(1.E0,0.E0,0.E0));
#3218=AXIS2_PLACEMENT_3D('',#3215,#3216,#3217);
#3219=CYLINDRICAL_SURFACE('',#3218,9.E0);
#3220=ORIENTED_EDGE('',*,*,#3087,.T.);
#3221=ORIENTED_EDGE('',*,*,#3191,.F.);
#3222=ORIENTED_EDGE('',*,*,#3031,.T.);
#3224=ORIENTED_EDGE('',*,*,#3223,.T.);
#3225=EDGE_LOOP('',(#3220,#3221,#3222,#3224));
#3226=FACE_OUTER_BOUND('',#3225,.F.);
#3227=ADVANCED_FACE('',(#3226),#3219,.T.);
#3228=CARTESIAN_POINT('',(0.E0,0.E0,9.E1));
#3229=DIRECTION('',(1.E0,0.E0,0.E0));
#3230=DIRECTION('',(0.E0,0.E0,-1.E0));
#3231=AXIS2_PLACEMENT_3D('',#3228,#3229,#3230);
#3232=PLANE('',#3231);
#3233=ORIENTED_EDGE('',*,*,#3223,.F.);
#3234=ORIENTED_EDGE('',*,*,#3029,.T.);
#3236=ORIENTED_EDGE('',*,*,#3235,.T.);
#3237=ORIENTED_EDGE('',*,*,#3089,.F.);
#3238=EDGE_LOOP('',(#3233,#3234,#3236,#3237));
#3239=FACE_OUTER_BOUND('',#3238,.F.);
#3240=ADVANCED_FACE('',(#3239),#3232,.T.);
#3241=CARTESIAN_POINT('',(-9.E0,5.2144E1,9.E0));
#3242=DIRECTION('',(0.E0,-1.E0,0.E0));
#3243=DIRECTION('',(0.E0,0.E0,-1.E0));
#3244=AXIS2_PLACEMENT_3D('',#3241,#3242,#3243);
#3245=CYLINDRICAL_SURFACE('',#3244,9.E0);
#3246=ORIENTED_EDGE('',*,*,#3091,.T.);
#3247=ORIENTED_EDGE('',*,*,#3235,.F.);
#3248=ORIENTED_EDGE('',*,*,#3027,.T.);
#3250=ORIENTED_EDGE('',*,*,#3249,.T.);
#3251=EDGE_LOOP('',(#3246,#3247,#3248,#3250));
#3252=FACE_OUTER_BOUND('',#3251,.F.);
#3253=ADVANCED_FACE('',(#3252),#3245,.T.);
#3254=CARTESIAN_POINT('',(0.E0,0.E0,0.E0));
#3255=DIRECTION('',(0.E0,0.E0,-1.E0));
#3256=DIRECTION('',(-1.E0,0.E0,0.E0));
#3257=AXIS2_PLACEMENT_3D('',#3254,#3255,#3256);
#3258=PLANE('',#3257);
#3259=ORIENTED_EDGE('',*,*,#3067,.T.);
#3260=ORIENTED_EDGE('',*,*,#3093,.F.);
#3261=ORIENTED_EDGE('',*,*,#3249,.F.);
#3262=ORIENTED_EDGE('',*,*,#3025,.T.);
#3263=EDGE_LOOP('',(#3259,#3260,#3261,#3262));
#3264=FACE_OUTER_BOUND('',#3263,.F.);
#3265=ADVANCED_FACE('',(#3264),#3258,.T.);
#3266=CARTESIAN_POINT('',(-3.225E1,-2.5E1,8.974999999818E1));
#3267=DIRECTION('',(0.E0,0.E0,1.E0));
#3268=DIRECTION('',(0.E0,-1.E0,0.E0));
#3269=AXIS2_PLACEMENT_3D('',#3266,#3267,#3268);
#3270=CONICAL_SURFACE('',#3269,2.249999998184E0,4.5E1);
#3271=ORIENTED_EDGE('',*,*,#3196,.T.);
#3273=ORIENTED_EDGE('',*,*,#3272,.T.);
#3275=ORIENTED_EDGE('',*,*,#3274,.F.);
#3277=ORIENTED_EDGE('',*,*,#3276,.F.);
#3278=EDGE_LOOP('',(#3271,#3273,#3275,#3277));
#3279=FACE_OUTER_BOUND('',#3278,.F.);
#3280=ADVANCED_FACE('',(#3279),#3270,.F.);
#3281=CARTESIAN_POINT('',(-3.3E1,-2.725E1,8.975E1));
#3282=DIRECTION('',(0.E0,7.071067811865E-1,7.071067811865E-1));
#3283=DIRECTION('',(0.E0,7.071067811865E-1,-7.071067811865E-1));
#3284=AXIS2_PLACEMENT_3D('',#3281,#3282,#3283);
#3285=PLANE('',#3284);
#3286=ORIENTED_EDGE('',*,*,#3210,.T.);
#3288=ORIENTED_EDGE('',*,*,#3287,.T.);
#3290=ORIENTED_EDGE('',*,*,#3289,.F.);
#3291=ORIENTED_EDGE('',*,*,#3272,.F.);
#3292=EDGE_LOOP('',(#3286,#3288,#3290,#3291));
#3293=FACE_OUTER_BOUND('',#3292,.F.);
#3294=ADVANCED_FACE('',(#3293),#3285,.T.);
#3295=CARTESIAN_POINT('',(-3.375E1,-2.5E1,8.974999999818E1));
#3296=DIRECTION('',(0.E0,0.E0,1.E0));
#3297=DIRECTION('',(0.E0,-1.E0,0.E0));
#3298=AXIS2_PLACEMENT_3D('',#3295,#3296,#3297);
#3299=CONICAL_SURFACE('',#3298,2.249999998184E0,4.5E1);
#3300=ORIENTED_EDGE('',*,*,#3208,.T.);
#3302=ORIENTED_EDGE('',*,*,#3301,.T.);
#3304=ORIENTED_EDGE('',*,*,#3303,.F.);
#3305=ORIENTED_EDGE('',*,*,#3287,.F.);
#3306=EDGE_LOOP('',(#3300,#3302,#3304,#3305));
#3307=FACE_OUTER_BOUND('',#3306,.F.);
#3308=ADVANCED_FACE('',(#3307),#3299,.F.);
#3309=CARTESIAN_POINT('',(-3.6E1,-2.E1,8.975E1));
#3310=DIRECTION('',(7.071067811865E-1,0.E0,7.071067811865E-1));
#3311=DIRECTION('',(7.071067811865E-1,0.E0,-7.071067811865E-1));
#3312=AXIS2_PLACEMENT_3D('',#3309,#3310,#3311);
#3313=PLANE('',#3312);
#3314=ORIENTED_EDGE('',*,*,#3206,.T.);
#3316=ORIENTED_EDGE('',*,*,#3315,.T.);
#3318=ORIENTED_EDGE('',*,*,#3317,.F.);
#3319=ORIENTED_EDGE('',*,*,#3301,.F.);
#3320=EDGE_LOOP('',(#3314,#3316,#3318,#3319));
#3321=FACE_OUTER_BOUND('',#3320,.F.);
#3322=ADVANCED_FACE('',(#3321),#3313,.T.);
#3323=CARTESIAN_POINT('',(-3.375E1,-1.5E1,8.974999999818E1));
#3324=DIRECTION('',(0.E0,0.E0,1.E0));
#3325=DIRECTION('',(0.E0,-1.E0,0.E0));
#3326=AXIS2_PLACEMENT_3D('',#3323,#3324,#3325);
#3327=CONICAL_SURFACE('',#3326,2.249999998184E0,4.5E1);
#3328=ORIENTED_EDGE('',*,*,#3204,.T.);
#3330=ORIENTED_EDGE('',*,*,#3329,.T.);
#3332=ORIENTED_EDGE('',*,*,#3331,.F.);
#3333=ORIENTED_EDGE('',*,*,#3315,.F.);
#3334=EDGE_LOOP('',(#3328,#3330,#3332,#3333));
#3335=FACE_OUTER_BOUND('',#3334,.F.);
#3336=ADVANCED_FACE('',(#3335),#3327,.F.);
#3337=CARTESIAN_POINT('',(-3.3E1,-1.275E1,8.975E1));
#3338=DIRECTION('',(0.E0,-7.071067811865E-1,7.071067811865E-1));
#3339=DIRECTION('',(0.E0,-7.071067811865E-1,-7.071067811865E-1));
#3340=AXIS2_PLACEMENT_3D('',#3337,#3338,#3339);
#3341=PLANE('',#3340);
#3342=ORIENTED_EDGE('',*,*,#3202,.T.);
#3344=ORIENTED_EDGE('',*,*,#3343,.T.);
#3346=ORIENTED_EDGE('',*,*,#3345,.F.);
#3347=ORIENTED_EDGE('',*,*,#3329,.F.);
#3348=EDGE_LOOP('',(#3342,#3344,#3346,#3347));
#3349=FACE_OUTER_BOUND('',#3348,.F.);
#3350=ADVANCED_FACE('',(#3349),#3341,.T.);
#3351=CARTESIAN_POINT('',(-3.225E1,-1.5E1,8.974999999818E1));
#3352=DIRECTION('',(0.E0,0.E0,1.E0));
#3353=DIRECTION('',(0.E0,-1.E0,0.E0));
#3354=AXIS2_PLACEMENT_3D('',#3351,#3352,#3353);
#3355=CONICAL_SURFACE('',#3354,2.249999998184E0,4.5E1);
#3356=ORIENTED_EDGE('',*,*,#3200,.T.);
#3358=ORIENTED_EDGE('',*,*,#3357,.T.);
#3360=ORIENTED_EDGE('',*,*,#3359,.F.);
#3361=ORIENTED_EDGE('',*,*,#3343,.F.);
#3362=EDGE_LOOP('',(#3356,#3358,#3360,#3361));
#3363=FACE_OUTER_BOUND('',#3362,.F.);
#3364=ADVANCED_FACE('',(#3363),#3355,.F.);
#3365=CARTESIAN_POINT('',(-3.E1,-2.E1,8.975E1));
#3366=DIRECTION('',(-7.071067811865E-1,0.E0,7.071067811865E-1));
#3367=DIRECTION('',(-7.071067811865E-1,0.E0,-7.071067811865E-1));
#3368=AXIS2_PLACEMENT_3D('',#3365,#3366,#3367);
#3369=PLANE('',#3368);
#3370=ORIENTED_EDGE('',*,*,#3198,.T.);
#3371=ORIENTED_EDGE('',*,*,#3276,.T.);
#3373=ORIENTED_EDGE('',*,*,#3372,.F.);
#3374=ORIENTED_EDGE('',*,*,#3357,.F.);
#3375=EDGE_LOOP('',(#3370,#3371,#3373,#3374));
#3376=FACE_OUTER_BOUND('',#3375,.F.);
#3377=ADVANCED_FACE('',(#3376),#3369,.T.);
#3378=CARTESIAN_POINT('',(-3.025E1,-2.5E1,9.E1));
#3379=DIRECTION('',(1.E0,0.E0,0.E0));
#3380=DIRECTION('',(0.E0,1.E0,0.E0));
#3381=AXIS2_PLACEMENT_3D('',#3378,#3379,#3380);
#3382=PLANE('',#3381);
#3383=ORIENTED_EDGE('',*,*,#3372,.T.);
#3385=ORIENTED_EDGE('',*,*,#3384,.T.);
#3387=ORIENTED_EDGE('',*,*,#3386,.T.);
#3389=ORIENTED_EDGE('',*,*,#3388,.F.);
#3390=EDGE_LOOP('',(#3383,#3385,#3387,#3389));
#3391=FACE_OUTER_BOUND('',#3390,.F.);
#3392=ADVANCED_FACE('',(#3391),#3382,.F.);
#3393=CARTESIAN_POINT('',(-3.225E1,-2.5E1,9.E1));
#3394=DIRECTION('',(0.E0,0.E0,1.E0));
#3395=DIRECTION('',(1.E0,0.E0,0.E0));
#3396=AXIS2_PLACEMENT_3D('',#3393,#3394,#3395);
#3397=CYLINDRICAL_SURFACE('',#3396,2.E0);
#3398=ORIENTED_EDGE('',*,*,#3274,.T.);
#3400=ORIENTED_EDGE('',*,*,#3399,.T.);
#3402=ORIENTED_EDGE('',*,*,#3401,.T.);
#3403=ORIENTED_EDGE('',*,*,#3384,.F.);
#3404=EDGE_LOOP('',(#3398,#3400,#3402,#3403));
#3405=FACE_OUTER_BOUND('',#3404,.F.);
#3406=ADVANCED_FACE('',(#3405),#3397,.F.);
#3407=CARTESIAN_POINT('',(-3.375E1,-2.7E1,9.E1));
#3408=DIRECTION('',(0.E0,-1.E0,0.E0));
#3409=DIRECTION('',(1.E0,0.E0,0.E0));
#3410=AXIS2_PLACEMENT_3D('',#3407,#3408,#3409);
#3411=PLANE('',#3410);
#3412=ORIENTED_EDGE('',*,*,#3289,.T.);
#3414=ORIENTED_EDGE('',*,*,#3413,.T.);
#3416=ORIENTED_EDGE('',*,*,#3415,.T.);
#3417=ORIENTED_EDGE('',*,*,#3399,.F.);
#3418=EDGE_LOOP('',(#3412,#3414,#3416,#3417));
#3419=FACE_OUTER_BOUND('',#3418,.F.);
#3420=ADVANCED_FACE('',(#3419),#3411,.F.);
#3421=CARTESIAN_POINT('',(-3.375E1,-2.5E1,9.E1));
#3422=DIRECTION('',(0.E0,0.E0,1.E0));
#3423=DIRECTION('',(1.E0,0.E0,0.E0));
#3424=AXIS2_PLACEMENT_3D('',#3421,#3422,#3423);
#3425=CYLINDRICAL_SURFACE('',#3424,2.E0);
#3426=ORIENTED_EDGE('',*,*,#3303,.T.);
#3428=ORIENTED_EDGE('',*,*,#3427,.T.);
#3430=ORIENTED_EDGE('',*,*,#3429,.T.);
#3431=ORIENTED_EDGE('',*,*,#3413,.F.);
#3432=EDGE_LOOP('',(#3426,#3428,#3430,#3431));
#3433=FACE_OUTER_BOUND('',#3432,.F.);
#3434=ADVANCED_FACE('',(#3433),#3425,.F.);
#3435=CARTESIAN_POINT('',(-3.575E1,-1.5E1,9.E1));
#3436=DIRECTION('',(-1.E0,0.E0,0.E0));
#3437=DIRECTION('',(0.E0,-1.E0,0.E0));
#3438=AXIS2_PLACEMENT_3D('',#3435,#3436,#3437);
#3439=PLANE('',#3438);
#3440=ORIENTED_EDGE('',*,*,#3317,.T.);
#3442=ORIENTED_EDGE('',*,*,#3441,.T.);
#3444=ORIENTED_EDGE('',*,*,#3443,.T.);
#3445=ORIENTED_EDGE('',*,*,#3427,.F.);
#3446=EDGE_LOOP('',(#3440,#3442,#3444,#3445));
#3447=FACE_OUTER_BOUND('',#3446,.F.);
#3448=ADVANCED_FACE('',(#3447),#3439,.F.);
#3449=CARTESIAN_POINT('',(-3.375E1,-1.5E1,9.E1));
#3450=DIRECTION('',(0.E0,0.E0,1.E0));
#3451=DIRECTION('',(1.E0,0.E0,0.E0));
#3452=AXIS2_PLACEMENT_3D('',#3449,#3450,#3451);
#3453=CYLINDRICAL_SURFACE('',#3452,2.E0);
#3454=ORIENTED_EDGE('',*,*,#3331,.T.);
#3456=ORIENTED_EDGE('',*,*,#3455,.T.);
#3458=ORIENTED_EDGE('',*,*,#3457,.T.);
#3459=ORIENTED_EDGE('',*,*,#3441,.F.);
#3460=EDGE_LOOP('',(#3454,#3456,#3458,#3459));
#3461=FACE_OUTER_BOUND('',#3460,.F.);
#3462=ADVANCED_FACE('',(#3461),#3453,.F.);
#3463=CARTESIAN_POINT('',(-3.225E1,-1.3E1,9.E1));
#3464=DIRECTION('',(0.E0,1.E0,0.E0));
#3465=DIRECTION('',(-1.E0,0.E0,0.E0));
#3466=AXIS2_PLACEMENT_3D('',#3463,#3464,#3465);
#3467=PLANE('',#3466);
#3468=ORIENTED_EDGE('',*,*,#3345,.T.);
#3470=ORIENTED_EDGE('',*,*,#3469,.T.);
#3472=ORIENTED_EDGE('',*,*,#3471,.T.);
#3473=ORIENTED_EDGE('',*,*,#3455,.F.);
#3474=EDGE_LOOP('',(#3468,#3470,#3472,#3473));
#3475=FACE_OUTER_BOUND('',#3474,.F.);
#3476=ADVANCED_FACE('',(#3475),#3467,.F.);
#3477=CARTESIAN_POINT('',(-3.225E1,-1.5E1,9.E1));
#3478=DIRECTION('',(0.E0,0.E0,1.E0));
#3479=DIRECTION('',(1.E0,0.E0,0.E0));
#3480=AXIS2_PLACEMENT_3D('',#3477,#3478,#3479);
#3481=CYLINDRICAL_SURFACE('',#3480,2.E0);
#3482=ORIENTED_EDGE('',*,*,#3359,.T.);
#3483=ORIENTED_EDGE('',*,*,#3388,.T.);
#3485=ORIENTED_EDGE('',*,*,#3484,.T.);
#3486=ORIENTED_EDGE('',*,*,#3469,.F.);
#3487=EDGE_LOOP('',(#3482,#3483,#3485,#3486));
#3488=FACE_OUTER_BOUND('',#3487,.F.);
#3489=ADVANCED_FACE('',(#3488),#3481,.F.);
#3490=CARTESIAN_POINT('',(-9.E1,0.E0,8.8E1));
#3491=DIRECTION('',(0.E0,0.E0,1.E0));
#3492=DIRECTION('',(1.E0,0.E0,0.E0));
#3493=AXIS2_PLACEMENT_3D('',#3490,#3491,#3492);
#3494=PLANE('',#3493);
#3496=ORIENTED_EDGE('',*,*,#3495,.T.);
#3498=ORIENTED_EDGE('',*,*,#3497,.T.);
#3500=ORIENTED_EDGE('',*,*,#3499,.F.);
#3501=ORIENTED_EDGE('',*,*,#3049,.F.);
#3502=EDGE_LOOP('',(#3496,#3498,#3500,#3501));
#3503=FACE_OUTER_BOUND('',#3502,.F.);
#3504=ADVANCED_FACE('',(#3503),#3494,.F.);
#3505=CARTESIAN_POINT('',(-9.E1,0.E0,8.8E1));
#3506=DIRECTION('',(0.E0,0.E0,1.E0));
#3507=DIRECTION('',(1.E0,0.E0,0.E0));
#3508=AXIS2_PLACEMENT_3D('',#3505,#3506,#3507);
#3509=PLANE('',#3508);
#3511=ORIENTED_EDGE('',*,*,#3510,.F.);
#3513=ORIENTED_EDGE('',*,*,#3512,.T.);
#3515=ORIENTED_EDGE('',*,*,#3514,.T.);
#3517=ORIENTED_EDGE('',*,*,#3516,.F.);
#3518=EDGE_LOOP('',(#3511,#3513,#3515,#3517));
#3519=FACE_OUTER_BOUND('',#3518,.F.);
#3520=ORIENTED_EDGE('',*,*,#3457,.F.);
#3521=ORIENTED_EDGE('',*,*,#3471,.F.);
#3522=ORIENTED_EDGE('',*,*,#3484,.F.);
#3523=ORIENTED_EDGE('',*,*,#3386,.F.);
#3524=ORIENTED_EDGE('',*,*,#3401,.F.);
#3525=ORIENTED_EDGE('',*,*,#3415,.F.);
#3526=ORIENTED_EDGE('',*,*,#3429,.F.);
#3527=ORIENTED_EDGE('',*,*,#3443,.F.);
#3528=EDGE_LOOP('',(#3520,#3521,#3522,#3523,#3524,#3525,#3526,#3527));
#3529=FACE_BOUND('',#3528,.F.);
#3530=ADVANCED_FACE('',(#3519,#3529),#3509,.F.);
#3531=CARTESIAN_POINT('',(-8.1E1,5.2144E1,8.1E1));
#3532=DIRECTION('',(0.E0,-1.E0,0.E0));
#3533=DIRECTION('',(0.E0,0.E0,1.E0));
#3534=AXIS2_PLACEMENT_3D('',#3531,#3532,#3533);
#3535=CYLINDRICAL_SURFACE('',#3534,7.E0);
#3537=ORIENTED_EDGE('',*,*,#3536,.T.);
#3539=ORIENTED_EDGE('',*,*,#3538,.F.);
#3540=ORIENTED_EDGE('',*,*,#3495,.F.);
#3541=ORIENTED_EDGE('',*,*,#3047,.T.);
#3542=EDGE_LOOP('',(#3537,#3539,#3540,#3541));
#3543=FACE_OUTER_BOUND('',#3542,.F.);
#3544=ADVANCED_FACE('',(#3543),#3535,.F.);
#3545=CARTESIAN_POINT('',(-8.1E1,5.2144E1,8.1E1));
#3546=DIRECTION('',(0.E0,-1.E0,0.E0));
#3547=DIRECTION('',(0.E0,0.E0,1.E0));
#3548=AXIS2_PLACEMENT_3D('',#3545,#3546,#3547);
#3549=CYLINDRICAL_SURFACE('',#3548,7.E0);
#3551=ORIENTED_EDGE('',*,*,#3550,.T.);
#3553=ORIENTED_EDGE('',*,*,#3552,.T.);
#3555=ORIENTED_EDGE('',*,*,#3554,.F.);
#3556=ORIENTED_EDGE('',*,*,#3512,.F.);
#3557=EDGE_LOOP('',(#3551,#3553,#3555,#3556));
#3558=FACE_OUTER_BOUND('',#3557,.F.);
#3559=ADVANCED_FACE('',(#3558),#3549,.F.);
#3560=CARTESIAN_POINT('',(-8.8E1,0.E0,0.E0));
#3561=DIRECTION('',(-1.E0,0.E0,0.E0));
#3562=DIRECTION('',(0.E0,0.E0,1.E0));
#3563=AXIS2_PLACEMENT_3D('',#3560,#3561,#3562);
#3564=PLANE('',#3563);
#3566=ORIENTED_EDGE('',*,*,#3565,.T.);
#3568=ORIENTED_EDGE('',*,*,#3567,.T.);
#3569=ORIENTED_EDGE('',*,*,#3536,.F.);
#3570=ORIENTED_EDGE('',*,*,#3045,.F.);
#3571=EDGE_LOOP('',(#3566,#3568,#3569,#3570));
#3572=FACE_OUTER_BOUND('',#3571,.F.);
#3573=ADVANCED_FACE('',(#3572),#3564,.F.);
#3574=CARTESIAN_POINT('',(-8.8E1,0.E0,0.E0));
#3575=DIRECTION('',(-1.E0,0.E0,0.E0));
#3576=DIRECTION('',(0.E0,0.E0,1.E0));
#3577=AXIS2_PLACEMENT_3D('',#3574,#3575,#3576);
#3578=PLANE('',#3577);
#3580=ORIENTED_EDGE('',*,*,#3579,.F.);
#3582=ORIENTED_EDGE('',*,*,#3581,.T.);
#3584=ORIENTED_EDGE('',*,*,#3583,.T.);
#3586=ORIENTED_EDGE('',*,*,#3585,.T.);
#3588=ORIENTED_EDGE('',*,*,#3587,.T.);
#3590=ORIENTED_EDGE('',*,*,#3589,.F.);
#3592=ORIENTED_EDGE('',*,*,#3591,.T.);
#3594=ORIENTED_EDGE('',*,*,#3593,.T.);
#3596=ORIENTED_EDGE('',*,*,#3595,.T.);
#3598=ORIENTED_EDGE('',*,*,#3597,.F.);
#3600=ORIENTED_EDGE('',*,*,#3599,.T.);
#3601=ORIENTED_EDGE('',*,*,#3552,.F.);
#3602=EDGE_LOOP('',(#3580,#3582,#3584,#3586,#3588,#3590,#3592,#3594,#3596,#3598,
#3600,#3601));
#3603=FACE_OUTER_BOUND('',#3602,.F.);
#3604=ADVANCED_FACE('',(#3603),#3578,.F.);
#3605=CARTESIAN_POINT('',(-8.1E1,5.2144E1,9.E0));
#3606=DIRECTION('',(0.E0,-1.E0,0.E0));
#3607=DIRECTION('',(-1.E0,0.E0,0.E0));
#3608=AXIS2_PLACEMENT_3D('',#3605,#3606,#3607);
#3609=CYLINDRICAL_SURFACE('',#3608,7.E0);
#3611=ORIENTED_EDGE('',*,*,#3610,.T.);
#3613=ORIENTED_EDGE('',*,*,#3612,.F.);
#3614=ORIENTED_EDGE('',*,*,#3565,.F.);
#3615=ORIENTED_EDGE('',*,*,#3043,.T.);
#3616=EDGE_LOOP('',(#3611,#3613,#3614,#3615));
#3617=FACE_OUTER_BOUND('',#3616,.F.);
#3618=ADVANCED_FACE('',(#3617),#3609,.F.);
#3619=CARTESIAN_POINT('',(-8.1E1,5.2144E1,9.E0));
#3620=DIRECTION('',(0.E0,-1.E0,0.E0));
#3621=DIRECTION('',(-1.E0,0.E0,0.E0));
#3622=AXIS2_PLACEMENT_3D('',#3619,#3620,#3621);
#3623=CYLINDRICAL_SURFACE('',#3622,7.E0);
#3625=ORIENTED_EDGE('',*,*,#3624,.T.);
#3627=ORIENTED_EDGE('',*,*,#3626,.T.);
#3629=ORIENTED_EDGE('',*,*,#3628,.F.);
#3630=ORIENTED_EDGE('',*,*,#3581,.F.);
#3631=EDGE_LOOP('',(#3625,#3627,#3629,#3630));
#3632=FACE_OUTER_BOUND('',#3631,.F.);
#3633=ADVANCED_FACE('',(#3632),#3623,.F.);
#3634=CARTESIAN_POINT('',(0.E0,0.E0,2.E0));
#3635=DIRECTION('',(0.E0,0.E0,-1.E0));
#3636=DIRECTION('',(-1.E0,0.E0,0.E0));
#3637=AXIS2_PLACEMENT_3D('',#3634,#3635,#3636);
#3638=PLANE('',#3637);
#3639=ORIENTED_EDGE('',*,*,#3610,.F.);
#3640=ORIENTED_EDGE('',*,*,#3041,.F.);
#3642=ORIENTED_EDGE('',*,*,#3641,.T.);
#3644=ORIENTED_EDGE('',*,*,#3643,.T.);
#3645=EDGE_LOOP('',(#3639,#3640,#3642,#3644));
#3646=FACE_OUTER_BOUND('',#3645,.F.);
#3647=ADVANCED_FACE('',(#3646),#3638,.F.);
#3648=CARTESIAN_POINT('',(0.E0,0.E0,2.E0));
#3649=DIRECTION('',(0.E0,0.E0,-1.E0));
#3650=DIRECTION('',(-1.E0,0.E0,0.E0));
#3651=AXIS2_PLACEMENT_3D('',#3648,#3649,#3650);
#3652=PLANE('',#3651);
#3654=ORIENTED_EDGE('',*,*,#3653,.F.);
#3656=ORIENTED_EDGE('',*,*,#3655,.T.);
#3658=ORIENTED_EDGE('',*,*,#3657,.T.);
#3659=ORIENTED_EDGE('',*,*,#3626,.F.);
#3660=EDGE_LOOP('',(#3654,#3656,#3658,#3659));
#3661=FACE_OUTER_BOUND('',#3660,.F.);
#3662=ADVANCED_FACE('',(#3661),#3652,.F.);
#3663=CARTESIAN_POINT('',(-9.E0,5.2144E1,9.E0));
#3664=DIRECTION('',(0.E0,-1.E0,0.E0));
#3665=DIRECTION('',(0.E0,0.E0,-1.E0));
#3666=AXIS2_PLACEMENT_3D('',#3663,#3664,#3665);
#3667=CYLINDRICAL_SURFACE('',#3666,7.E0);
#3669=ORIENTED_EDGE('',*,*,#3668,.T.);
#3671=ORIENTED_EDGE('',*,*,#3670,.F.);
#3672=ORIENTED_EDGE('',*,*,#3641,.F.);
#3673=ORIENTED_EDGE('',*,*,#3055,.T.);
#3674=EDGE_LOOP('',(#3669,#3671,#3672,#3673));
#3675=FACE_OUTER_BOUND('',#3674,.F.);
#3676=ADVANCED_FACE('',(#3675),#3667,.F.);
#3677=CARTESIAN_POINT('',(-9.E0,5.2144E1,9.E0));
#3678=DIRECTION('',(0.E0,-1.E0,0.E0));
#3679=DIRECTION('',(0.E0,0.E0,-1.E0));
#3680=AXIS2_PLACEMENT_3D('',#3677,#3678,#3679);
#3681=CYLINDRICAL_SURFACE('',#3680,7.E0);
#3683=ORIENTED_EDGE('',*,*,#3682,.T.);
#3685=ORIENTED_EDGE('',*,*,#3684,.T.);
#3687=ORIENTED_EDGE('',*,*,#3686,.F.);
#3688=ORIENTED_EDGE('',*,*,#3655,.F.);
#3689=EDGE_LOOP('',(#3683,#3685,#3687,#3688));
#3690=FACE_OUTER_BOUND('',#3689,.F.);
#3691=ADVANCED_FACE('',(#3690),#3681,.F.);
#3692=CARTESIAN_POINT('',(-2.E0,0.E0,9.E1));
#3693=DIRECTION('',(1.E0,0.E0,0.E0));
#3694=DIRECTION('',(0.E0,0.E0,-1.E0));
#3695=AXIS2_PLACEMENT_3D('',#3692,#3693,#3694);
#3696=PLANE('',#3695);
#3698=ORIENTED_EDGE('',*,*,#3697,.T.);
#3700=ORIENTED_EDGE('',*,*,#3699,.T.);
#3701=ORIENTED_EDGE('',*,*,#3668,.F.);
#3702=ORIENTED_EDGE('',*,*,#3053,.F.);
#3703=EDGE_LOOP('',(#3698,#3700,#3701,#3702));
#3704=FACE_OUTER_BOUND('',#3703,.F.);
#3705=ADVANCED_FACE('',(#3704),#3696,.F.);
#3706=CARTESIAN_POINT('',(-2.E0,0.E0,9.E1));
#3707=DIRECTION('',(1.E0,0.E0,0.E0));
#3708=DIRECTION('',(0.E0,0.E0,-1.E0));
#3709=AXIS2_PLACEMENT_3D('',#3706,#3707,#3708);
#3710=PLANE('',#3709);
#3712=ORIENTED_EDGE('',*,*,#3711,.F.);
#3714=ORIENTED_EDGE('',*,*,#3713,.T.);
#3716=ORIENTED_EDGE('',*,*,#3715,.T.);
#3718=ORIENTED_EDGE('',*,*,#3717,.T.);
#3720=ORIENTED_EDGE('',*,*,#3719,.F.);
#3722=ORIENTED_EDGE('',*,*,#3721,.F.);
#3724=ORIENTED_EDGE('',*,*,#3723,.F.);
#3726=ORIENTED_EDGE('',*,*,#3725,.F.);
#3728=ORIENTED_EDGE('',*,*,#3727,.T.);
#3729=ORIENTED_EDGE('',*,*,#3684,.F.);
#3730=EDGE_LOOP('',(#3712,#3714,#3716,#3718,#3720,#3722,#3724,#3726,#3728,
#3729));
#3731=FACE_OUTER_BOUND('',#3730,.F.);
#3733=ORIENTED_EDGE('',*,*,#3732,.F.);
#3735=ORIENTED_EDGE('',*,*,#3734,.T.);
#3737=ORIENTED_EDGE('',*,*,#3736,.T.);
#3739=ORIENTED_EDGE('',*,*,#3738,.F.);
#3740=EDGE_LOOP('',(#3733,#3735,#3737,#3739));
#3741=FACE_BOUND('',#3740,.F.);
#3743=ORIENTED_EDGE('',*,*,#3742,.F.);
#3745=ORIENTED_EDGE('',*,*,#3744,.T.);
#3747=ORIENTED_EDGE('',*,*,#3746,.T.);
#3749=ORIENTED_EDGE('',*,*,#3748,.F.);
#3750=EDGE_LOOP('',(#3743,#3745,#3747,#3749));
#3751=FACE_BOUND('',#3750,.F.);
#3752=ADVANCED_FACE('',(#3731,#3741,#3751),#3710,.F.);
#3753=CARTESIAN_POINT('',(0.E0,0.E0,1.2E1));
#3754=DIRECTION('',(0.E0,0.E0,1.E0));
#3755=DIRECTION('',(1.E0,0.E0,0.E0));
#3756=AXIS2_PLACEMENT_3D('',#3753,#3754,#3755);
#3757=PLANE('',#3756);
#3758=ORIENTED_EDGE('',*,*,#3732,.T.);
#3760=ORIENTED_EDGE('',*,*,#3759,.T.);
#3762=ORIENTED_EDGE('',*,*,#3761,.T.);
#3764=ORIENTED_EDGE('',*,*,#3763,.T.);
#3765=EDGE_LOOP('',(#3758,#3760,#3762,#3764));
#3766=FACE_OUTER_BOUND('',#3765,.F.);
#3767=ADVANCED_FACE('',(#3766),#3757,.F.);
#3768=CARTESIAN_POINT('',(0.E0,0.E0,1.2E1));
#3769=DIRECTION('',(0.E0,0.E0,1.E0));
#3770=DIRECTION('',(1.E0,0.E0,0.E0));
#3771=AXIS2_PLACEMENT_3D('',#3768,#3769,#3770);
#3772=PLANE('',#3771);
#3773=ORIENTED_EDGE('',*,*,#3742,.T.);
#3775=ORIENTED_EDGE('',*,*,#3774,.T.);
#3777=ORIENTED_EDGE('',*,*,#3776,.T.);
#3779=ORIENTED_EDGE('',*,*,#3778,.T.);
#3781=ORIENTED_EDGE('',*,*,#3780,.T.);
#3783=ORIENTED_EDGE('',*,*,#3782,.T.);
#3784=EDGE_LOOP('',(#3773,#3775,#3777,#3779,#3781,#3783));
#3785=FACE_OUTER_BOUND('',#3784,.F.);
#3786=ADVANCED_FACE('',(#3785),#3772,.F.);
#3787=CARTESIAN_POINT('',(-2.E0,-2.1E1,1.2E1));
#3788=DIRECTION('',(0.E0,1.E0,0.E0));
#3789=DIRECTION('',(-1.E0,0.E0,0.E0));
#3790=AXIS2_PLACEMENT_3D('',#3787,#3788,#3789);
#3791=PLANE('',#3790);
#3792=ORIENTED_EDGE('',*,*,#3738,.T.);
#3794=ORIENTED_EDGE('',*,*,#3793,.T.);
#3796=ORIENTED_EDGE('',*,*,#3795,.F.);
#3797=ORIENTED_EDGE('',*,*,#3759,.F.);
#3798=EDGE_LOOP('',(#3792,#3794,#3796,#3797));
#3799=FACE_OUTER_BOUND('',#3798,.F.);
#3800=ADVANCED_FACE('',(#3799),#3791,.T.);
#3801=CARTESIAN_POINT('',(0.E0,0.E0,4.7E1));
#3802=DIRECTION('',(0.E0,0.E0,1.E0));
#3803=DIRECTION('',(1.E0,0.E0,0.E0));
#3804=AXIS2_PLACEMENT_3D('',#3801,#3802,#3803);
#3805=PLANE('',#3804);
#3806=ORIENTED_EDGE('',*,*,#3736,.F.);
#3808=ORIENTED_EDGE('',*,*,#3807,.F.);
#3810=ORIENTED_EDGE('',*,*,#3809,.F.);
#3811=ORIENTED_EDGE('',*,*,#3793,.F.);
#3812=EDGE_LOOP('',(#3806,#3808,#3810,#3811));
#3813=FACE_OUTER_BOUND('',#3812,.F.);
#3814=ADVANCED_FACE('',(#3813),#3805,.T.);
#3815=CARTESIAN_POINT('',(0.E0,0.E0,4.7E1));
#3816=DIRECTION('',(0.E0,0.E0,1.E0));
#3817=DIRECTION('',(1.E0,0.E0,0.E0));
#3818=AXIS2_PLACEMENT_3D('',#3815,#3816,#3817);
#3819=PLANE('',#3818);
#3820=ORIENTED_EDGE('',*,*,#3746,.F.);
#3822=ORIENTED_EDGE('',*,*,#3821,.F.);
#3824=ORIENTED_EDGE('',*,*,#3823,.F.);
#3826=ORIENTED_EDGE('',*,*,#3825,.F.);
#3828=ORIENTED_EDGE('',*,*,#3827,.F.);
#3830=ORIENTED_EDGE('',*,*,#3829,.F.);
#3831=EDGE_LOOP('',(#3820,#3822,#3824,#3826,#3828,#3830));
#3832=FACE_OUTER_BOUND('',#3831,.F.);
#3833=ADVANCED_FACE('',(#3832),#3819,.T.);
#3834=CARTESIAN_POINT('',(-1.7E1,-3.348331477355E1,1.2E1));
#3835=DIRECTION('',(0.E0,0.E0,1.E0));
#3836=DIRECTION('',(1.E0,0.E0,0.E0));
#3837=AXIS2_PLACEMENT_3D('',#3834,#3835,#3836);
#3838=CYLINDRICAL_SURFACE('',#3837,1.5E1);
#3839=ORIENTED_EDGE('',*,*,#3734,.F.);
#3840=ORIENTED_EDGE('',*,*,#3763,.F.);
#3842=ORIENTED_EDGE('',*,*,#3841,.T.);
#3843=ORIENTED_EDGE('',*,*,#3807,.T.);
#3844=EDGE_LOOP('',(#3839,#3840,#3842,#3843));
#3845=FACE_OUTER_BOUND('',#3844,.F.);
#3846=ADVANCED_FACE('',(#3845),#3838,.F.);
#3847=CARTESIAN_POINT('',(-4.E0,-2.1E1,1.2E1));
#3848=DIRECTION('',(-1.E0,0.E0,0.E0));
#3849=DIRECTION('',(0.E0,-1.E0,0.E0));
#3850=AXIS2_PLACEMENT_3D('',#3847,#3848,#3849);
#3851=PLANE('',#3850);
#3852=ORIENTED_EDGE('',*,*,#3761,.F.);
#3853=ORIENTED_EDGE('',*,*,#3795,.T.);
#3854=ORIENTED_EDGE('',*,*,#3809,.T.);
#3855=ORIENTED_EDGE('',*,*,#3841,.F.);
#3856=EDGE_LOOP('',(#3852,#3853,#3854,#3855));
#3857=FACE_OUTER_BOUND('',#3856,.F.);
#3858=ADVANCED_FACE('',(#3857),#3851,.T.);
#3859=CARTESIAN_POINT('',(-4.E0,-2.032287565553E1,1.2E1));
#3860=DIRECTION('',(0.E0,0.E0,1.E0));
#3861=DIRECTION('',(1.E0,0.E0,0.E0));
#3862=AXIS2_PLACEMENT_3D('',#3859,#3860,#3861);
#3863=CYLINDRICAL_SURFACE('',#3862,2.E0);
#3864=ORIENTED_EDGE('',*,*,#3744,.F.);
#3865=ORIENTED_EDGE('',*,*,#3782,.F.);
#3867=ORIENTED_EDGE('',*,*,#3866,.T.);
#3868=ORIENTED_EDGE('',*,*,#3821,.T.);
#3869=EDGE_LOOP('',(#3864,#3865,#3867,#3868));
#3870=FACE_OUTER_BOUND('',#3869,.F.);
#3871=ADVANCED_FACE('',(#3870),#3863,.F.);
#3872=CARTESIAN_POINT('',(-3.560660171780E0,-1.793378835901E1,1.2E1));
#3873=DIRECTION('',(-7.071067811865E-1,-7.071067811865E-1,0.E0));
#3874=DIRECTION('',(7.071067811865E-1,-7.071067811865E-1,0.E0));
#3875=AXIS2_PLACEMENT_3D('',#3872,#3873,#3874);
#3876=PLANE('',#3875);
#3877=ORIENTED_EDGE('',*,*,#3780,.F.);
#3879=ORIENTED_EDGE('',*,*,#3878,.T.);
#3880=ORIENTED_EDGE('',*,*,#3823,.T.);
#3881=ORIENTED_EDGE('',*,*,#3866,.F.);
#3882=EDGE_LOOP('',(#3877,#3879,#3880,#3881));
#3883=FACE_OUTER_BOUND('',#3882,.F.);
#3884=ADVANCED_FACE('',(#3883),#3876,.T.);
#3885=CARTESIAN_POINT('',(-2.5E0,-1.687312818723E1,1.2E1));
#3886=DIRECTION('',(0.E0,0.E0,1.E0));
#3887=DIRECTION('',(1.E0,0.E0,0.E0));
#3888=AXIS2_PLACEMENT_3D('',#3885,#3886,#3887);
#3889=CYLINDRICAL_SURFACE('',#3888,1.5E0);
#3890=ORIENTED_EDGE('',*,*,#3778,.F.);
#3892=ORIENTED_EDGE('',*,*,#3891,.T.);
#3893=ORIENTED_EDGE('',*,*,#3825,.T.);
#3894=ORIENTED_EDGE('',*,*,#3878,.F.);
#3895=EDGE_LOOP('',(#3890,#3892,#3893,#3894));
#3896=FACE_OUTER_BOUND('',#3895,.F.);
#3897=ADVANCED_FACE('',(#3896),#3889,.T.);
#3898=CARTESIAN_POINT('',(-4.E0,-1.4E1,1.2E1));
#3899=DIRECTION('',(-1.E0,0.E0,0.E0));
#3900=DIRECTION('',(0.E0,-1.E0,0.E0));
#3901=AXIS2_PLACEMENT_3D('',#3898,#3899,#3900);
#3902=PLANE('',#3901);
#3903=ORIENTED_EDGE('',*,*,#3776,.F.);
#3905=ORIENTED_EDGE('',*,*,#3904,.T.);
#3906=ORIENTED_EDGE('',*,*,#3827,.T.);
#3907=ORIENTED_EDGE('',*,*,#3891,.F.);
#3908=EDGE_LOOP('',(#3903,#3905,#3906,#3907));
#3909=FACE_OUTER_BOUND('',#3908,.F.);
#3910=ADVANCED_FACE('',(#3909),#3902,.T.);
#3911=CARTESIAN_POINT('',(-2.E0,-1.4E1,1.2E1));
#3912=DIRECTION('',(0.E0,1.E0,0.E0));
#3913=DIRECTION('',(-1.E0,0.E0,0.E0));
#3914=AXIS2_PLACEMENT_3D('',#3911,#3912,#3913);
#3915=PLANE('',#3914);
#3916=ORIENTED_EDGE('',*,*,#3748,.T.);
#3917=ORIENTED_EDGE('',*,*,#3829,.T.);
#3918=ORIENTED_EDGE('',*,*,#3904,.F.);
#3919=ORIENTED_EDGE('',*,*,#3774,.F.);
#3920=EDGE_LOOP('',(#3916,#3917,#3918,#3919));
#3921=FACE_OUTER_BOUND('',#3920,.F.);
#3922=ADVANCED_FACE('',(#3921),#3915,.T.);
#3923=CARTESIAN_POINT('',(-9.E0,5.2144E1,8.1E1));
#3924=DIRECTION('',(0.E0,-1.E0,0.E0));
#3925=DIRECTION('',(1.E0,0.E0,0.E0));
#3926=AXIS2_PLACEMENT_3D('',#3923,#3924,#3925);
#3927=CYLINDRICAL_SURFACE('',#3926,7.E0);
#3928=ORIENTED_EDGE('',*,*,#3499,.T.);
#3930=ORIENTED_EDGE('',*,*,#3929,.F.);
#3931=ORIENTED_EDGE('',*,*,#3697,.F.);
#3932=ORIENTED_EDGE('',*,*,#3051,.T.);
#3933=EDGE_LOOP('',(#3928,#3930,#3931,#3932));
#3934=FACE_OUTER_BOUND('',#3933,.F.);
#3935=ADVANCED_FACE('',(#3934),#3927,.F.);
#3936=CARTESIAN_POINT('',(-9.E0,5.2144E1,8.1E1));
#3937=DIRECTION('',(0.E0,-1.E0,0.E0));
#3938=DIRECTION('',(1.E0,0.E0,0.E0));
#3939=AXIS2_PLACEMENT_3D('',#3936,#3937,#3938);
#3940=CYLINDRICAL_SURFACE('',#3939,7.E0);
#3942=ORIENTED_EDGE('',*,*,#3941,.T.);
#3943=ORIENTED_EDGE('',*,*,#3516,.T.);
#3945=ORIENTED_EDGE('',*,*,#3944,.F.);
#3946=ORIENTED_EDGE('',*,*,#3713,.F.);
#3947=EDGE_LOOP('',(#3942,#3943,#3945,#3946));
#3948=FACE_OUTER_BOUND('',#3947,.F.);
#3949=ADVANCED_FACE('',(#3948),#3940,.F.);
#3950=CARTESIAN_POINT('',(-9.E0,-5.144506920510E0,8.1E1));
#3951=DIRECTION('',(0.E0,1.E0,0.E0));
#3952=DIRECTION('',(0.E0,0.E0,-1.E0));
#3953=AXIS2_PLACEMENT_3D('',#3950,#3951,#3952);
#3954=CONICAL_SURFACE('',#3953,6.E0,2.5E1);
#3955=ORIENTED_EDGE('',*,*,#3929,.T.);
#3957=ORIENTED_EDGE('',*,*,#3956,.F.);
#3959=ORIENTED_EDGE('',*,*,#3958,.T.);
#3961=ORIENTED_EDGE('',*,*,#3960,.T.);
#3962=EDGE_LOOP('',(#3955,#3957,#3959,#3961));
#3963=FACE_OUTER_BOUND('',#3962,.F.);
#3964=ADVANCED_FACE('',(#3963),#3954,.F.);
#3965=CARTESIAN_POINT('',(-8.1E1,-7.289013841019E0,8.6E1));
#3966=DIRECTION('',(0.E0,4.226182617407E-1,-9.063077870367E-1));
#3967=DIRECTION('',(0.E0,9.063077870367E-1,4.226182617407E-1));
#3968=AXIS2_PLACEMENT_3D('',#3965,#3966,#3967);
#3969=PLANE('',#3968);
#3970=ORIENTED_EDGE('',*,*,#3497,.F.);
#3972=ORIENTED_EDGE('',*,*,#3971,.F.);
#3974=ORIENTED_EDGE('',*,*,#3973,.T.);
#3975=ORIENTED_EDGE('',*,*,#3956,.T.);
#3976=EDGE_LOOP('',(#3970,#3972,#3974,#3975));
#3977=FACE_OUTER_BOUND('',#3976,.F.);
#3978=ADVANCED_FACE('',(#3977),#3969,.T.);
#3979=CARTESIAN_POINT('',(-8.1E1,-5.144506920510E0,8.1E1));
#3980=DIRECTION('',(0.E0,1.E0,0.E0));
#3981=DIRECTION('',(1.E0,0.E0,0.E0));
#3982=AXIS2_PLACEMENT_3D('',#3979,#3980,#3981);
#3983=CONICAL_SURFACE('',#3982,6.E0,2.5E1);
#3984=ORIENTED_EDGE('',*,*,#3538,.T.);
#3986=ORIENTED_EDGE('',*,*,#3985,.F.);
#3988=ORIENTED_EDGE('',*,*,#3987,.T.);
#3989=ORIENTED_EDGE('',*,*,#3971,.T.);
#3990=EDGE_LOOP('',(#3984,#3986,#3988,#3989));
#3991=FACE_OUTER_BOUND('',#3990,.F.);
#3992=ADVANCED_FACE('',(#3991),#3983,.F.);
#3993=CARTESIAN_POINT('',(-8.6E1,-7.289013841019E0,9.E0));
#3994=DIRECTION('',(9.063077870367E-1,4.226182617407E-1,0.E0));
#3995=DIRECTION('',(-4.226182617407E-1,9.063077870367E-1,0.E0));
#3996=AXIS2_PLACEMENT_3D('',#3993,#3994,#3995);
#3997=PLANE('',#3996);
#3998=ORIENTED_EDGE('',*,*,#3567,.F.);
#4000=ORIENTED_EDGE('',*,*,#3999,.F.);
#4002=ORIENTED_EDGE('',*,*,#4001,.T.);
#4003=ORIENTED_EDGE('',*,*,#3985,.T.);
#4004=EDGE_LOOP('',(#3998,#4000,#4002,#4003));
#4005=FACE_OUTER_BOUND('',#4004,.F.);
#4006=ADVANCED_FACE('',(#4005),#3997,.T.);
#4007=CARTESIAN_POINT('',(-8.1E1,-5.144506920510E0,9.E0));
#4008=DIRECTION('',(0.E0,1.E0,0.E0));
#4009=DIRECTION('',(0.E0,0.E0,1.E0));
#4010=AXIS2_PLACEMENT_3D('',#4007,#4008,#4009);
#4011=CONICAL_SURFACE('',#4010,6.E0,2.5E1);
#4012=ORIENTED_EDGE('',*,*,#3612,.T.);
#4014=ORIENTED_EDGE('',*,*,#4013,.F.);
#4016=ORIENTED_EDGE('',*,*,#4015,.T.);
#4017=ORIENTED_EDGE('',*,*,#3999,.T.);
#4018=EDGE_LOOP('',(#4012,#4014,#4016,#4017));
#4019=FACE_OUTER_BOUND('',#4018,.F.);
#4020=ADVANCED_FACE('',(#4019),#4011,.F.);
#4021=CARTESIAN_POINT('',(-9.E0,-7.289013841019E0,4.E0));
#4022=DIRECTION('',(0.E0,4.226182617407E-1,9.063077870367E-1));
#4023=DIRECTION('',(0.E0,9.063077870367E-1,-4.226182617407E-1));
#4024=AXIS2_PLACEMENT_3D('',#4021,#4022,#4023);
#4025=PLANE('',#4024);
#4026=ORIENTED_EDGE('',*,*,#3643,.F.);
#4028=ORIENTED_EDGE('',*,*,#4027,.F.);
#4030=ORIENTED_EDGE('',*,*,#4029,.T.);
#4031=ORIENTED_EDGE('',*,*,#4013,.T.);
#4032=EDGE_LOOP('',(#4026,#4028,#4030,#4031));
#4033=FACE_OUTER_BOUND('',#4032,.F.);
#4034=ADVANCED_FACE('',(#4033),#4025,.T.);
#4035=CARTESIAN_POINT('',(-9.E0,-5.144506920510E0,9.E0));
#4036=DIRECTION('',(0.E0,1.E0,0.E0));
#4037=DIRECTION('',(-1.E0,0.E0,0.E0));
#4038=AXIS2_PLACEMENT_3D('',#4035,#4036,#4037);
#4039=CONICAL_SURFACE('',#4038,6.E0,2.5E1);
#4040=ORIENTED_EDGE('',*,*,#3670,.T.);
#4042=ORIENTED_EDGE('',*,*,#4041,.F.);
#4044=ORIENTED_EDGE('',*,*,#4043,.T.);
#4045=ORIENTED_EDGE('',*,*,#4027,.T.);
#4046=EDGE_LOOP('',(#4040,#4042,#4044,#4045));
#4047=FACE_OUTER_BOUND('',#4046,.F.);
#4048=ADVANCED_FACE('',(#4047),#4039,.F.);
#4049=CARTESIAN_POINT('',(-4.E0,-7.289013841019E0,8.1E1));
#4050=DIRECTION('',(-9.063077870367E-1,4.226182617407E-1,0.E0));
#4051=DIRECTION('',(4.226182617407E-1,9.063077870367E-1,0.E0));
#4052=AXIS2_PLACEMENT_3D('',#4049,#4050,#4051);
#4053=PLANE('',#4052);
#4054=ORIENTED_EDGE('',*,*,#3699,.F.);
#4055=ORIENTED_EDGE('',*,*,#3960,.F.);
#4057=ORIENTED_EDGE('',*,*,#4056,.T.);
#4058=ORIENTED_EDGE('',*,*,#4041,.T.);
#4059=EDGE_LOOP('',(#4054,#4055,#4057,#4058));
#4060=FACE_OUTER_BOUND('',#4059,.F.);
#4061=ADVANCED_FACE('',(#4060),#4053,.T.);
#4062=CARTESIAN_POINT('',(-4.E0,-9.E0,8.1E1));
#4063=DIRECTION('',(-1.E0,0.E0,0.E0));
#4064=DIRECTION('',(0.E0,1.E0,0.E0));
#4065=AXIS2_PLACEMENT_3D('',#4062,#4063,#4064);
#4066=PLANE('',#4065);
#4068=ORIENTED_EDGE('',*,*,#4067,.F.);
#4070=ORIENTED_EDGE('',*,*,#4069,.T.);
#4072=ORIENTED_EDGE('',*,*,#4071,.T.);
#4073=ORIENTED_EDGE('',*,*,#4056,.F.);
#4074=EDGE_LOOP('',(#4068,#4070,#4072,#4073));
#4075=FACE_OUTER_BOUND('',#4074,.F.);
#4076=ADVANCED_FACE('',(#4075),#4066,.T.);
#4077=CARTESIAN_POINT('',(-9.E0,-1.E0,8.1E1));
#4078=DIRECTION('',(0.E0,1.E0,0.E0));
#4079=DIRECTION('',(0.E0,0.E0,-1.E0));
#4080=AXIS2_PLACEMENT_3D('',#4077,#4078,#4079);
#4081=CYLINDRICAL_SURFACE('',#4080,5.E0);
#4083=ORIENTED_EDGE('',*,*,#4082,.F.);
#4085=ORIENTED_EDGE('',*,*,#4084,.T.);
#4086=ORIENTED_EDGE('',*,*,#4067,.T.);
#4087=ORIENTED_EDGE('',*,*,#3958,.F.);
#4088=EDGE_LOOP('',(#4083,#4085,#4086,#4087));
#4089=FACE_OUTER_BOUND('',#4088,.F.);
#4090=ADVANCED_FACE('',(#4089),#4081,.F.);
#4091=CARTESIAN_POINT('',(-8.1E1,-9.E0,8.6E1));
#4092=DIRECTION('',(0.E0,0.E0,-1.E0));
#4093=DIRECTION('',(0.E0,1.E0,0.E0));
#4094=AXIS2_PLACEMENT_3D('',#4091,#4092,#4093);
#4095=PLANE('',#4094);
#4097=ORIENTED_EDGE('',*,*,#4096,.F.);
#4099=ORIENTED_EDGE('',*,*,#4098,.T.);
#4100=ORIENTED_EDGE('',*,*,#4082,.T.);
#4101=ORIENTED_EDGE('',*,*,#3973,.F.);
#4102=EDGE_LOOP('',(#4097,#4099,#4100,#4101));
#4103=FACE_OUTER_BOUND('',#4102,.F.);
#4104=ADVANCED_FACE('',(#4103),#4095,.T.);
#4105=CARTESIAN_POINT('',(-8.1E1,-1.E0,8.1E1));
#4106=DIRECTION('',(0.E0,1.E0,0.E0));
#4107=DIRECTION('',(1.E0,0.E0,0.E0));
#4108=AXIS2_PLACEMENT_3D('',#4105,#4106,#4107);
#4109=CYLINDRICAL_SURFACE('',#4108,5.E0);
#4111=ORIENTED_EDGE('',*,*,#4110,.F.);
#4113=ORIENTED_EDGE('',*,*,#4112,.T.);
#4114=ORIENTED_EDGE('',*,*,#4096,.T.);
#4115=ORIENTED_EDGE('',*,*,#3987,.F.);
#4116=EDGE_LOOP('',(#4111,#4113,#4114,#4115));
#4117=FACE_OUTER_BOUND('',#4116,.F.);
#4118=ADVANCED_FACE('',(#4117),#4109,.F.);
#4119=CARTESIAN_POINT('',(-8.6E1,-9.E0,9.E0));
#4120=DIRECTION('',(1.E0,0.E0,0.E0));
#4121=DIRECTION('',(0.E0,1.E0,0.E0));
#4122=AXIS2_PLACEMENT_3D('',#4119,#4120,#4121);
#4123=PLANE('',#4122);
#4125=ORIENTED_EDGE('',*,*,#4124,.F.);
#4127=ORIENTED_EDGE('',*,*,#4126,.T.);
#4128=ORIENTED_EDGE('',*,*,#4110,.T.);
#4129=ORIENTED_EDGE('',*,*,#4001,.F.);
#4130=EDGE_LOOP('',(#4125,#4127,#4128,#4129));
#4131=FACE_OUTER_BOUND('',#4130,.F.);
#4132=ADVANCED_FACE('',(#4131),#4123,.T.);
#4133=CARTESIAN_POINT('',(-8.1E1,-1.E0,9.E0));
#4134=DIRECTION('',(0.E0,1.E0,0.E0));
#4135=DIRECTION('',(0.E0,0.E0,1.E0));
#4136=AXIS2_PLACEMENT_3D('',#4133,#4134,#4135);
#4137=CYLINDRICAL_SURFACE('',#4136,5.E0);
#4139=ORIENTED_EDGE('',*,*,#4138,.F.);
#4141=ORIENTED_EDGE('',*,*,#4140,.T.);
#4142=ORIENTED_EDGE('',*,*,#4124,.T.);
#4143=ORIENTED_EDGE('',*,*,#4015,.F.);
#4144=EDGE_LOOP('',(#4139,#4141,#4142,#4143));
#4145=FACE_OUTER_BOUND('',#4144,.F.);
#4146=ADVANCED_FACE('',(#4145),#4137,.F.);
#4147=CARTESIAN_POINT('',(-9.E0,-9.E0,4.E0));
#4148=DIRECTION('',(0.E0,0.E0,1.E0));
#4149=DIRECTION('',(0.E0,1.E0,0.E0));
#4150=AXIS2_PLACEMENT_3D('',#4147,#4148,#4149);
#4151=PLANE('',#4150);
#4153=ORIENTED_EDGE('',*,*,#4152,.F.);
#4155=ORIENTED_EDGE('',*,*,#4154,.T.);
#4156=ORIENTED_EDGE('',*,*,#4138,.T.);
#4157=ORIENTED_EDGE('',*,*,#4029,.F.);
#4158=EDGE_LOOP('',(#4153,#4155,#4156,#4157));
#4159=FACE_OUTER_BOUND('',#4158,.F.);
#4160=ADVANCED_FACE('',(#4159),#4151,.T.);
#4161=CARTESIAN_POINT('',(-9.E0,-1.E0,9.E0));
#4162=DIRECTION('',(0.E0,1.E0,0.E0));
#4163=DIRECTION('',(-1.E0,0.E0,0.E0));
#4164=AXIS2_PLACEMENT_3D('',#4161,#4162,#4163);
#4165=CYLINDRICAL_SURFACE('',#4164,5.E0);
#4166=ORIENTED_EDGE('',*,*,#4071,.F.);
#4168=ORIENTED_EDGE('',*,*,#4167,.T.);
#4169=ORIENTED_EDGE('',*,*,#4152,.T.);
#4170=ORIENTED_EDGE('',*,*,#4043,.F.);
#4171=EDGE_LOOP('',(#4166,#4168,#4169,#4170));
#4172=FACE_OUTER_BOUND('',#4171,.F.);
#4173=ADVANCED_FACE('',(#4172),#4165,.F.);
#4174=CARTESIAN_POINT('',(-9.E0,-1.E1,9.E0));
#4175=DIRECTION('',(0.E0,-1.E0,0.E0));
#4176=DIRECTION('',(1.E0,0.E0,0.E0));
#4177=AXIS2_PLACEMENT_3D('',#4174,#4175,#4176);
#4178=CONICAL_SURFACE('',#4177,6.E0,4.5E1);
#4179=ORIENTED_EDGE('',*,*,#3682,.F.);
#4181=ORIENTED_EDGE('',*,*,#4180,.T.);
#4182=ORIENTED_EDGE('',*,*,#4167,.F.);
#4184=ORIENTED_EDGE('',*,*,#4183,.F.);
#4185=EDGE_LOOP('',(#4179,#4181,#4182,#4184));
#4186=FACE_OUTER_BOUND('',#4185,.F.);
#4187=ADVANCED_FACE('',(#4186),#4178,.F.);
#4188=CARTESIAN_POINT('',(-9.E0,-1.1E1,2.E0));
#4189=DIRECTION('',(0.E0,-7.071067811865E-1,7.071067811865E-1));
#4190=DIRECTION('',(0.E0,7.071067811865E-1,7.071067811865E-1));
#4191=AXIS2_PLACEMENT_3D('',#4188,#4189,#4190);
#4192=PLANE('',#4191);
#4193=ORIENTED_EDGE('',*,*,#3653,.T.);
#4195=ORIENTED_EDGE('',*,*,#4194,.T.);
#4196=ORIENTED_EDGE('',*,*,#4154,.F.);
#4197=ORIENTED_EDGE('',*,*,#4180,.F.);
#4198=EDGE_LOOP('',(#4193,#4195,#4196,#4197));
#4199=FACE_OUTER_BOUND('',#4198,.F.);
#4200=ADVANCED_FACE('',(#4199),#4192,.T.);
#4201=CARTESIAN_POINT('',(-8.1E1,-1.E1,9.E0));
#4202=DIRECTION('',(0.E0,-1.E0,0.E0));
#4203=DIRECTION('',(0.E0,0.E0,-1.E0));
#4204=AXIS2_PLACEMENT_3D('',#4201,#4202,#4203);
#4205=CONICAL_SURFACE('',#4204,6.E0,4.5E1);
#4206=ORIENTED_EDGE('',*,*,#3624,.F.);
#4208=ORIENTED_EDGE('',*,*,#4207,.T.);
#4209=ORIENTED_EDGE('',*,*,#4140,.F.);
#4210=ORIENTED_EDGE('',*,*,#4194,.F.);
#4211=EDGE_LOOP('',(#4206,#4208,#4209,#4210));
#4212=FACE_OUTER_BOUND('',#4211,.F.);
#4213=ADVANCED_FACE('',(#4212),#4205,.F.);
#4214=CARTESIAN_POINT('',(-8.8E1,-1.1E1,9.E0));
#4215=DIRECTION('',(7.071067811865E-1,-7.071067811865E-1,0.E0));
#4216=DIRECTION('',(7.071067811865E-1,7.071067811865E-1,0.E0));
#4217=AXIS2_PLACEMENT_3D('',#4214,#4215,#4216);
#4218=PLANE('',#4217);
#4219=ORIENTED_EDGE('',*,*,#3579,.T.);
#4221=ORIENTED_EDGE('',*,*,#4220,.T.);
#4222=ORIENTED_EDGE('',*,*,#4126,.F.);
#4223=ORIENTED_EDGE('',*,*,#4207,.F.);
#4224=EDGE_LOOP('',(#4219,#4221,#4222,#4223));
#4225=FACE_OUTER_BOUND('',#4224,.F.);
#4226=ADVANCED_FACE('',(#4225),#4218,.T.);
#4227=CARTESIAN_POINT('',(-8.1E1,-1.E1,8.1E1));
#4228=DIRECTION('',(0.E0,-1.E0,0.E0));
#4229=DIRECTION('',(-1.E0,0.E0,0.E0));
#4230=AXIS2_PLACEMENT_3D('',#4227,#4228,#4229);
#4231=CONICAL_SURFACE('',#4230,6.E0,4.5E1);
#4232=ORIENTED_EDGE('',*,*,#3550,.F.);
#4234=ORIENTED_EDGE('',*,*,#4233,.T.);
#4235=ORIENTED_EDGE('',*,*,#4112,.F.);
#4236=ORIENTED_EDGE('',*,*,#4220,.F.);
#4237=EDGE_LOOP('',(#4232,#4234,#4235,#4236));
#4238=FACE_OUTER_BOUND('',#4237,.F.);
#4239=ADVANCED_FACE('',(#4238),#4231,.F.);
#4240=CARTESIAN_POINT('',(-8.1E1,-1.1E1,8.8E1));
#4241=DIRECTION('',(0.E0,-7.071067811865E-1,-7.071067811865E-1));
#4242=DIRECTION('',(0.E0,7.071067811865E-1,-7.071067811865E-1));
#4243=AXIS2_PLACEMENT_3D('',#4240,#4241,#4242);
#4244=PLANE('',#4243);
#4245=ORIENTED_EDGE('',*,*,#3510,.T.);
#4247=ORIENTED_EDGE('',*,*,#4246,.T.);
#4248=ORIENTED_EDGE('',*,*,#4098,.F.);
#4249=ORIENTED_EDGE('',*,*,#4233,.F.);
#4250=EDGE_LOOP('',(#4245,#4247,#4248,#4249));
#4251=FACE_OUTER_BOUND('',#4250,.F.);
#4252=ADVANCED_FACE('',(#4251),#4244,.T.);
#4253=CARTESIAN_POINT('',(-9.E0,-1.E1,8.1E1));
#4254=DIRECTION('',(0.E0,-1.E0,0.E0));
#4255=DIRECTION('',(0.E0,0.E0,1.E0));
#4256=AXIS2_PLACEMENT_3D('',#4253,#4254,#4255);
#4257=CONICAL_SURFACE('',#4256,6.E0,4.5E1);
#4258=ORIENTED_EDGE('',*,*,#3941,.F.);
#4260=ORIENTED_EDGE('',*,*,#4259,.T.);
#4261=ORIENTED_EDGE('',*,*,#4084,.F.);
#4262=ORIENTED_EDGE('',*,*,#4246,.F.);
#4263=EDGE_LOOP('',(#4258,#4260,#4261,#4262));
#4264=FACE_OUTER_BOUND('',#4263,.F.);
#4265=ADVANCED_FACE('',(#4264),#4257,.F.);
#4266=CARTESIAN_POINT('',(-2.E0,-1.1E1,8.1E1));
#4267=DIRECTION('',(-7.071067811865E-1,-7.071067811865E-1,0.E0));
#4268=DIRECTION('',(-7.071067811865E-1,7.071067811865E-1,0.E0));
#4269=AXIS2_PLACEMENT_3D('',#4266,#4267,#4268);
#4270=PLANE('',#4269);
#4271=ORIENTED_EDGE('',*,*,#3711,.T.);
#4272=ORIENTED_EDGE('',*,*,#4183,.T.);
#4273=ORIENTED_EDGE('',*,*,#4069,.F.);
#4274=ORIENTED_EDGE('',*,*,#4259,.F.);
#4275=EDGE_LOOP('',(#4271,#4272,#4273,#4274));
#4276=FACE_OUTER_BOUND('',#4275,.F.);
#4277=ADVANCED_FACE('',(#4276),#4270,.T.);
#4278=CARTESIAN_POINT('',(0.E0,-3.8E1,0.E0));
#4279=DIRECTION('',(0.E0,1.E0,0.E0));
#4280=DIRECTION('',(0.E0,0.E0,1.E0));
#4281=AXIS2_PLACEMENT_3D('',#4278,#4279,#4280);
#4282=PLANE('',#4281);
#4284=ORIENTED_EDGE('',*,*,#4283,.T.);
#4286=ORIENTED_EDGE('',*,*,#4285,.T.);
#4288=ORIENTED_EDGE('',*,*,#4287,.F.);
#4289=ORIENTED_EDGE('',*,*,#3715,.F.);
#4290=ORIENTED_EDGE('',*,*,#3944,.T.);
#4291=ORIENTED_EDGE('',*,*,#3514,.F.);
#4292=ORIENTED_EDGE('',*,*,#3554,.T.);
#4293=ORIENTED_EDGE('',*,*,#3599,.F.);
#4295=ORIENTED_EDGE('',*,*,#4294,.F.);
#4296=ORIENTED_EDGE('',*,*,#3591,.F.);
#4298=ORIENTED_EDGE('',*,*,#4297,.F.);
#4299=ORIENTED_EDGE('',*,*,#3583,.F.);
#4300=ORIENTED_EDGE('',*,*,#3628,.T.);
#4301=ORIENTED_EDGE('',*,*,#3657,.F.);
#4302=ORIENTED_EDGE('',*,*,#3686,.T.);
#4303=ORIENTED_EDGE('',*,*,#3727,.F.);
#4304=EDGE_LOOP('',(#4284,#4286,#4288,#4289,#4290,#4291,#4292,#4293,#4295,#4296,
#4298,#4299,#4300,#4301,#4302,#4303));
#4305=FACE_OUTER_BOUND('',#4304,.F.);
#4307=ORIENTED_EDGE('',*,*,#4306,.F.);
#4309=ORIENTED_EDGE('',*,*,#4308,.T.);
#4311=ORIENTED_EDGE('',*,*,#4310,.T.);
#4313=ORIENTED_EDGE('',*,*,#4312,.F.);
#4314=EDGE_LOOP('',(#4307,#4309,#4311,#4313));
#4315=FACE_BOUND('',#4314,.F.);
#4317=ORIENTED_EDGE('',*,*,#4316,.F.);
#4319=ORIENTED_EDGE('',*,*,#4318,.T.);
#4321=ORIENTED_EDGE('',*,*,#4320,.T.);
#4323=ORIENTED_EDGE('',*,*,#4322,.F.);
#4324=EDGE_LOOP('',(#4317,#4319,#4321,#4323));
#4325=FACE_BOUND('',#4324,.F.);
#4327=ORIENTED_EDGE('',*,*,#4326,.T.);
#4329=ORIENTED_EDGE('',*,*,#4328,.T.);
#4330=EDGE_LOOP('',(#4327,#4329));
#4331=FACE_BOUND('',#4330,.F.);
#4333=ORIENTED_EDGE('',*,*,#4332,.F.);
#4335=ORIENTED_EDGE('',*,*,#4334,.T.);
#4337=ORIENTED_EDGE('',*,*,#4336,.T.);
#4339=ORIENTED_EDGE('',*,*,#4338,.F.);
#4340=EDGE_LOOP('',(#4333,#4335,#4337,#4339));
#4341=FACE_BOUND('',#4340,.F.);
#4343=ORIENTED_EDGE('',*,*,#4342,.T.);
#4345=ORIENTED_EDGE('',*,*,#4344,.T.);
#4347=ORIENTED_EDGE('',*,*,#4346,.T.);
#4349=ORIENTED_EDGE('',*,*,#4348,.T.);
#4350=EDGE_LOOP('',(#4343,#4345,#4347,#4349));
#4351=FACE_BOUND('',#4350,.F.);
#4353=ORIENTED_EDGE('',*,*,#4352,.T.);
#4355=ORIENTED_EDGE('',*,*,#4354,.T.);
#4357=ORIENTED_EDGE('',*,*,#4356,.T.);
#4359=ORIENTED_EDGE('',*,*,#4358,.T.);
#4360=EDGE_LOOP('',(#4353,#4355,#4357,#4359));
#4361=FACE_BOUND('',#4360,.F.);
#4363=ORIENTED_EDGE('',*,*,#4362,.T.);
#4365=ORIENTED_EDGE('',*,*,#4364,.T.);
#4367=ORIENTED_EDGE('',*,*,#4366,.T.);
#4369=ORIENTED_EDGE('',*,*,#4368,.T.);
#4370=EDGE_LOOP('',(#4363,#4365,#4367,#4369));
#4371=FACE_BOUND('',#4370,.F.);
#4373=ORIENTED_EDGE('',*,*,#4372,.T.);
#4375=ORIENTED_EDGE('',*,*,#4374,.T.);
#4377=ORIENTED_EDGE('',*,*,#4376,.T.);
#4379=ORIENTED_EDGE('',*,*,#4378,.T.);
#4380=EDGE_LOOP('',(#4373,#4375,#4377,#4379));
#4381=FACE_BOUND('',#4380,.F.);
#4383=ORIENTED_EDGE('',*,*,#4382,.T.);
#4385=ORIENTED_EDGE('',*,*,#4384,.T.);
#4387=ORIENTED_EDGE('',*,*,#4386,.T.);
#4389=ORIENTED_EDGE('',*,*,#4388,.T.);
#4390=EDGE_LOOP('',(#4383,#4385,#4387,#4389));
#4391=FACE_BOUND('',#4390,.F.);
#4393=ORIENTED_EDGE('',*,*,#4392,.T.);
#4395=ORIENTED_EDGE('',*,*,#4394,.T.);
#4397=ORIENTED_EDGE('',*,*,#4396,.T.);
#4399=ORIENTED_EDGE('',*,*,#4398,.T.);
#4400=EDGE_LOOP('',(#4393,#4395,#4397,#4399));
#4401=FACE_BOUND('',#4400,.F.);
#4402=ADVANCED_FACE('',(#4305,#4315,#4325,#4331,#4341,#4351,#4361,#4371,#4381,
#4391,#4401),#4282,.T.);
#4403=CARTESIAN_POINT('',(0.E0,0.E0,1.4E1));
#4404=DIRECTION('',(0.E0,0.E0,1.E0));
#4405=DIRECTION('',(1.E0,0.E0,0.E0));
#4406=AXIS2_PLACEMENT_3D('',#4403,#4404,#4405);
#4407=PLANE('',#4406);
#4408=ORIENTED_EDGE('',*,*,#4332,.T.);
#4410=ORIENTED_EDGE('',*,*,#4409,.T.);
#4412=ORIENTED_EDGE('',*,*,#4411,.T.);
#4414=ORIENTED_EDGE('',*,*,#4413,.T.);
#4416=ORIENTED_EDGE('',*,*,#4415,.T.);
#4418=ORIENTED_EDGE('',*,*,#4417,.T.);
#4420=ORIENTED_EDGE('',*,*,#4419,.T.);
#4422=ORIENTED_EDGE('',*,*,#4421,.T.);
#4424=ORIENTED_EDGE('',*,*,#4423,.T.);
#4426=ORIENTED_EDGE('',*,*,#4425,.T.);
#4428=ORIENTED_EDGE('',*,*,#4427,.T.);
#4430=ORIENTED_EDGE('',*,*,#4429,.T.);
#4432=ORIENTED_EDGE('',*,*,#4431,.T.);
#4433=EDGE_LOOP('',(#4408,#4410,#4412,#4414,#4416,#4418,#4420,#4422,#4424,#4426,
#4428,#4430,#4432));
#4434=FACE_OUTER_BOUND('',#4433,.F.);
#4435=ADVANCED_FACE('',(#4434),#4407,.F.);
#4436=CARTESIAN_POINT('',(-4.05E1,-3.8E1,1.4E1));
#4437=DIRECTION('',(1.E0,0.E0,0.E0));
#4438=DIRECTION('',(0.E0,1.E0,0.E0));
#4439=AXIS2_PLACEMENT_3D('',#4436,#4437,#4438);
#4440=PLANE('',#4439);
#4441=ORIENTED_EDGE('',*,*,#4338,.T.);
#4443=ORIENTED_EDGE('',*,*,#4442,.T.);
#4445=ORIENTED_EDGE('',*,*,#4444,.F.);
#4446=ORIENTED_EDGE('',*,*,#4409,.F.);
#4447=EDGE_LOOP('',(#4441,#4443,#4445,#4446));
#4448=FACE_OUTER_BOUND('',#4447,.F.);
#4449=ADVANCED_FACE('',(#4448),#4440,.T.);
#4450=CARTESIAN_POINT('',(0.E0,0.E0,2.1E1));
#4451=DIRECTION('',(0.E0,0.E0,1.E0));
#4452=DIRECTION('',(1.E0,0.E0,0.E0));
#4453=AXIS2_PLACEMENT_3D('',#4450,#4451,#4452);
#4454=PLANE('',#4453);
#4455=ORIENTED_EDGE('',*,*,#4336,.F.);
#4457=ORIENTED_EDGE('',*,*,#4456,.F.);
#4459=ORIENTED_EDGE('',*,*,#4458,.F.);
#4461=ORIENTED_EDGE('',*,*,#4460,.F.);
#4463=ORIENTED_EDGE('',*,*,#4462,.F.);
#4465=ORIENTED_EDGE('',*,*,#4464,.F.);
#4467=ORIENTED_EDGE('',*,*,#4466,.F.);
#4469=ORIENTED_EDGE('',*,*,#4468,.F.);
#4471=ORIENTED_EDGE('',*,*,#4470,.F.);
#4473=ORIENTED_EDGE('',*,*,#4472,.F.);
#4475=ORIENTED_EDGE('',*,*,#4474,.F.);
#4477=ORIENTED_EDGE('',*,*,#4476,.F.);
#4478=ORIENTED_EDGE('',*,*,#4442,.F.);
#4479=EDGE_LOOP('',(#4455,#4457,#4459,#4461,#4463,#4465,#4467,#4469,#4471,#4473,
#4475,#4477,#4478));
#4480=FACE_OUTER_BOUND('',#4479,.F.);
#4481=ADVANCED_FACE('',(#4480),#4454,.T.);
#4482=CARTESIAN_POINT('',(-4.986808738059E1,-3.1E1,1.4E1));
#4483=DIRECTION('',(0.E0,0.E0,1.E0));
#4484=DIRECTION('',(1.E0,0.E0,0.E0));
#4485=AXIS2_PLACEMENT_3D('',#4482,#4483,#4484);
#4486=CYLINDRICAL_SURFACE('',#4485,7.E0);
#4487=ORIENTED_EDGE('',*,*,#4334,.F.);
#4488=ORIENTED_EDGE('',*,*,#4431,.F.);
#4490=ORIENTED_EDGE('',*,*,#4489,.T.);
#4491=ORIENTED_EDGE('',*,*,#4456,.T.);
#4492=EDGE_LOOP('',(#4487,#4488,#4490,#4491));
#4493=FACE_OUTER_BOUND('',#4492,.F.);
#4494=ADVANCED_FACE('',(#4493),#4486,.F.);
#4495=CARTESIAN_POINT('',(-4.286808738059E1,-3.087455330653E1,1.4E1));
#4496=DIRECTION('',(-1.E0,0.E0,0.E0));
#4497=DIRECTION('',(0.E0,-1.E0,0.E0));
#4498=AXIS2_PLACEMENT_3D('',#4495,#4496,#4497);
#4499=PLANE('',#4498);
#4500=ORIENTED_EDGE('',*,*,#4429,.F.);
#4502=ORIENTED_EDGE('',*,*,#4501,.T.);
#4503=ORIENTED_EDGE('',*,*,#4458,.T.);
#4504=ORIENTED_EDGE('',*,*,#4489,.F.);
#4505=EDGE_LOOP('',(#4500,#4502,#4503,#4504));
#4506=FACE_OUTER_BOUND('',#4505,.F.);
#4507=ADVANCED_FACE('',(#4506),#4499,.T.);
#4508=CARTESIAN_POINT('',(-4.586808738059E1,-3.087455330653E1,1.4E1));
#4509=DIRECTION('',(0.E0,0.E0,1.E0));
#4510=DIRECTION('',(1.E0,0.E0,0.E0));
#4511=AXIS2_PLACEMENT_3D('',#4508,#4509,#4510);
#4512=CYLINDRICAL_SURFACE('',#4511,3.E0);
#4513=ORIENTED_EDGE('',*,*,#4427,.F.);
#4515=ORIENTED_EDGE('',*,*,#4514,.T.);
#4516=ORIENTED_EDGE('',*,*,#4460,.T.);
#4517=ORIENTED_EDGE('',*,*,#4501,.F.);
#4518=EDGE_LOOP('',(#4513,#4515,#4516,#4517));
#4519=FACE_OUTER_BOUND('',#4518,.F.);
#4520=ADVANCED_FACE('',(#4519),#4512,.F.);
#4521=CARTESIAN_POINT('',(-4.45E1,-2.8E1,1.4E1));
#4522=DIRECTION('',(-7.071067811865E-1,-7.071067811865E-1,0.E0));
#4523=DIRECTION('',(7.071067811865E-1,-7.071067811865E-1,0.E0));
#4524=AXIS2_PLACEMENT_3D('',#4521,#4522,#4523);
#4525=PLANE('',#4524);
#4526=ORIENTED_EDGE('',*,*,#4425,.F.);
#4528=ORIENTED_EDGE('',*,*,#4527,.T.);
#4529=ORIENTED_EDGE('',*,*,#4462,.T.);
#4530=ORIENTED_EDGE('',*,*,#4514,.F.);
#4531=EDGE_LOOP('',(#4526,#4528,#4529,#4530));
#4532=FACE_OUTER_BOUND('',#4531,.F.);
#4533=ADVANCED_FACE('',(#4532),#4525,.T.);
#4534=CARTESIAN_POINT('',(-4.45E1,-2.6E1,1.4E1));
#4535=DIRECTION('',(-1.E0,0.E0,0.E0));
#4536=DIRECTION('',(0.E0,-1.E0,0.E0));
#4537=AXIS2_PLACEMENT_3D('',#4534,#4535,#4536);
#4538=PLANE('',#4537);
#4539=ORIENTED_EDGE('',*,*,#4423,.F.);
#4541=ORIENTED_EDGE('',*,*,#4540,.T.);
#4542=ORIENTED_EDGE('',*,*,#4464,.T.);
#4543=ORIENTED_EDGE('',*,*,#4527,.F.);
#4544=EDGE_LOOP('',(#4539,#4541,#4542,#4543));
#4545=FACE_OUTER_BOUND('',#4544,.F.);
#4546=ADVANCED_FACE('',(#4545),#4538,.T.);
#4547=CARTESIAN_POINT('',(-4.235355339059E1,-2.6E1,1.4E1));
#4548=DIRECTION('',(0.E0,1.E0,0.E0));
#4549=DIRECTION('',(-1.E0,0.E0,0.E0));
#4550=AXIS2_PLACEMENT_3D('',#4547,#4548,#4549);
#4551=PLANE('',#4550);
#4552=ORIENTED_EDGE('',*,*,#4421,.F.);
#4554=ORIENTED_EDGE('',*,*,#4553,.T.);
#4555=ORIENTED_EDGE('',*,*,#4466,.T.);
#4556=ORIENTED_EDGE('',*,*,#4540,.F.);
#4557=EDGE_LOOP('',(#4552,#4554,#4555,#4556));
#4558=FACE_OUTER_BOUND('',#4557,.F.);
#4559=ADVANCED_FACE('',(#4558),#4551,.T.);
#4560=CARTESIAN_POINT('',(-4.235355339059E1,-2.564644660941E1,1.4E1));
#4561=DIRECTION('',(0.E0,0.E0,1.E0));
#4562=DIRECTION('',(1.E0,0.E0,0.E0));
#4563=AXIS2_PLACEMENT_3D('',#4560,#4561,#4562);
#4564=CYLINDRICAL_SURFACE('',#4563,3.535533905933E-1);
#4565=ORIENTED_EDGE('',*,*,#4419,.F.);
#4567=ORIENTED_EDGE('',*,*,#4566,.T.);
#4568=ORIENTED_EDGE('',*,*,#4468,.T.);
#4569=ORIENTED_EDGE('',*,*,#4553,.F.);
#4570=EDGE_LOOP('',(#4565,#4567,#4568,#4569));
#4571=FACE_OUTER_BOUND('',#4570,.F.);
#4572=ADVANCED_FACE('',(#4571),#4564,.F.);
#4573=CARTESIAN_POINT('',(-4.379088676820E1,-2.370911323180E1,1.4E1));
#4574=DIRECTION('',(-7.071067811865E-1,-7.071067811865E-1,0.E0));
#4575=DIRECTION('',(7.071067811865E-1,-7.071067811865E-1,0.E0));
#4576=AXIS2_PLACEMENT_3D('',#4573,#4574,#4575);
#4577=PLANE('',#4576);
#4578=ORIENTED_EDGE('',*,*,#4417,.F.);
#4580=ORIENTED_EDGE('',*,*,#4579,.T.);
#4581=ORIENTED_EDGE('',*,*,#4470,.T.);
#4582=ORIENTED_EDGE('',*,*,#4566,.F.);
#4583=EDGE_LOOP('',(#4578,#4580,#4581,#4582));
#4584=FACE_OUTER_BOUND('',#4583,.F.);
#4585=ADVANCED_FACE('',(#4584),#4577,.T.);
#4586=CARTESIAN_POINT('',(-4.343733337760E1,-2.335555984121E1,1.4E1));
#4587=DIRECTION('',(0.E0,0.E0,1.E0));
#4588=DIRECTION('',(1.E0,0.E0,0.E0));
#4589=AXIS2_PLACEMENT_3D('',#4586,#4587,#4588);
#4590=CYLINDRICAL_SURFACE('',#4589,5.E-1);
#4591=ORIENTED_EDGE('',*,*,#4415,.F.);
#4593=ORIENTED_EDGE('',*,*,#4592,.T.);
#4594=ORIENTED_EDGE('',*,*,#4472,.T.);
#4595=ORIENTED_EDGE('',*,*,#4579,.F.);
#4596=EDGE_LOOP('',(#4591,#4593,#4594,#4595));
#4597=FACE_OUTER_BOUND('',#4596,.F.);
#4598=ADVANCED_FACE('',(#4597),#4590,.T.);
#4599=CARTESIAN_POINT('',(-4.15E1,-1.9E1,1.4E1));
#4600=DIRECTION('',(-8.660254037844E-1,5.E-1,0.E0));
#4601=DIRECTION('',(-5.E-1,-8.660254037844E-1,0.E0));
#4602=AXIS2_PLACEMENT_3D('',#4599,#4600,#4601);
#4603=PLANE('',#4602);
#4604=ORIENTED_EDGE('',*,*,#4413,.F.);
#4606=ORIENTED_EDGE('',*,*,#4605,.T.);
#4607=ORIENTED_EDGE('',*,*,#4474,.T.);
#4608=ORIENTED_EDGE('',*,*,#4592,.F.);
#4609=EDGE_LOOP('',(#4604,#4606,#4607,#4608));
#4610=FACE_OUTER_BOUND('',#4609,.F.);
#4611=ADVANCED_FACE('',(#4610),#4603,.T.);
#4612=CARTESIAN_POINT('',(-4.05E1,-1.9E1,1.4E1));
#4613=DIRECTION('',(0.E0,1.E0,0.E0));
#4614=DIRECTION('',(-1.E0,0.E0,0.E0));
#4615=AXIS2_PLACEMENT_3D('',#4612,#4613,#4614);
#4616=PLANE('',#4615);
#4617=ORIENTED_EDGE('',*,*,#4411,.F.);
#4618=ORIENTED_EDGE('',*,*,#4444,.T.);
#4619=ORIENTED_EDGE('',*,*,#4476,.T.);
#4620=ORIENTED_EDGE('',*,*,#4605,.F.);
#4621=EDGE_LOOP('',(#4617,#4618,#4619,#4620));
#4622=FACE_OUTER_BOUND('',#4621,.F.);
#4623=ADVANCED_FACE('',(#4622),#4616,.T.);
#4624=CARTESIAN_POINT('',(0.E0,0.E0,6.9E1));
#4625=DIRECTION('',(0.E0,0.E0,1.E0));
#4626=DIRECTION('',(1.E0,0.E0,0.E0));
#4627=AXIS2_PLACEMENT_3D('',#4624,#4625,#4626);
#4628=PLANE('',#4627);
#4629=ORIENTED_EDGE('',*,*,#4306,.T.);
#4631=ORIENTED_EDGE('',*,*,#4630,.T.);
#4633=ORIENTED_EDGE('',*,*,#4632,.T.);
#4635=ORIENTED_EDGE('',*,*,#4634,.T.);
#4637=ORIENTED_EDGE('',*,*,#4636,.T.);
#4639=ORIENTED_EDGE('',*,*,#4638,.T.);
#4641=ORIENTED_EDGE('',*,*,#4640,.T.);
#4643=ORIENTED_EDGE('',*,*,#4642,.T.);
#4645=ORIENTED_EDGE('',*,*,#4644,.T.);
#4647=ORIENTED_EDGE('',*,*,#4646,.T.);
#4649=ORIENTED_EDGE('',*,*,#4648,.T.);
#4651=ORIENTED_EDGE('',*,*,#4650,.T.);
#4653=ORIENTED_EDGE('',*,*,#4652,.T.);
#4654=EDGE_LOOP('',(#4629,#4631,#4633,#4635,#4637,#4639,#4641,#4643,#4645,#4647,
#4649,#4651,#4653));
#4655=FACE_OUTER_BOUND('',#4654,.F.);
#4656=ADVANCED_FACE('',(#4655),#4628,.F.);
#4657=CARTESIAN_POINT('',(-4.05E1,-3.8E1,6.9E1));
#4658=DIRECTION('',(1.E0,0.E0,0.E0));
#4659=DIRECTION('',(0.E0,1.E0,0.E0));
#4660=AXIS2_PLACEMENT_3D('',#4657,#4658,#4659);
#4661=PLANE('',#4660);
#4662=ORIENTED_EDGE('',*,*,#4312,.T.);
#4664=ORIENTED_EDGE('',*,*,#4663,.T.);
#4666=ORIENTED_EDGE('',*,*,#4665,.F.);
#4667=ORIENTED_EDGE('',*,*,#4630,.F.);
#4668=EDGE_LOOP('',(#4662,#4664,#4666,#4667));
#4669=FACE_OUTER_BOUND('',#4668,.F.);
#4670=ADVANCED_FACE('',(#4669),#4661,.T.);
#4671=CARTESIAN_POINT('',(0.E0,0.E0,7.6E1));
#4672=DIRECTION('',(0.E0,0.E0,1.E0));
#4673=DIRECTION('',(1.E0,0.E0,0.E0));
#4674=AXIS2_PLACEMENT_3D('',#4671,#4672,#4673);
#4675=PLANE('',#4674);
#4676=ORIENTED_EDGE('',*,*,#4310,.F.);
#4678=ORIENTED_EDGE('',*,*,#4677,.F.);
#4680=ORIENTED_EDGE('',*,*,#4679,.F.);
#4682=ORIENTED_EDGE('',*,*,#4681,.F.);
#4684=ORIENTED_EDGE('',*,*,#4683,.F.);
#4686=ORIENTED_EDGE('',*,*,#4685,.F.);
#4688=ORIENTED_EDGE('',*,*,#4687,.F.);
#4690=ORIENTED_EDGE('',*,*,#4689,.F.);
#4692=ORIENTED_EDGE('',*,*,#4691,.F.);
#4694=ORIENTED_EDGE('',*,*,#4693,.F.);
#4696=ORIENTED_EDGE('',*,*,#4695,.F.);
#4698=ORIENTED_EDGE('',*,*,#4697,.F.);
#4699=ORIENTED_EDGE('',*,*,#4663,.F.);
#4700=EDGE_LOOP('',(#4676,#4678,#4680,#4682,#4684,#4686,#4688,#4690,#4692,#4694,
#4696,#4698,#4699));
#4701=FACE_OUTER_BOUND('',#4700,.F.);
#4702=ADVANCED_FACE('',(#4701),#4675,.T.);
#4703=CARTESIAN_POINT('',(-4.986808738059E1,-3.1E1,6.9E1));
#4704=DIRECTION('',(0.E0,0.E0,1.E0));
#4705=DIRECTION('',(1.E0,0.E0,0.E0));
#4706=AXIS2_PLACEMENT_3D('',#4703,#4704,#4705);
#4707=CYLINDRICAL_SURFACE('',#4706,7.E0);
#4708=ORIENTED_EDGE('',*,*,#4308,.F.);
#4709=ORIENTED_EDGE('',*,*,#4652,.F.);
#4711=ORIENTED_EDGE('',*,*,#4710,.T.);
#4712=ORIENTED_EDGE('',*,*,#4677,.T.);
#4713=EDGE_LOOP('',(#4708,#4709,#4711,#4712));
#4714=FACE_OUTER_BOUND('',#4713,.F.);
#4715=ADVANCED_FACE('',(#4714),#4707,.F.);
#4716=CARTESIAN_POINT('',(-4.286808738059E1,-3.087455330653E1,6.9E1));
#4717=DIRECTION('',(-1.E0,0.E0,0.E0));
#4718=DIRECTION('',(0.E0,-1.E0,0.E0));
#4719=AXIS2_PLACEMENT_3D('',#4716,#4717,#4718);
#4720=PLANE('',#4719);
#4721=ORIENTED_EDGE('',*,*,#4650,.F.);
#4723=ORIENTED_EDGE('',*,*,#4722,.T.);
#4724=ORIENTED_EDGE('',*,*,#4679,.T.);
#4725=ORIENTED_EDGE('',*,*,#4710,.F.);
#4726=EDGE_LOOP('',(#4721,#4723,#4724,#4725));
#4727=FACE_OUTER_BOUND('',#4726,.F.);
#4728=ADVANCED_FACE('',(#4727),#4720,.T.);
#4729=CARTESIAN_POINT('',(-4.586808738059E1,-3.087455330653E1,6.9E1));
#4730=DIRECTION('',(0.E0,0.E0,1.E0));
#4731=DIRECTION('',(1.E0,0.E0,0.E0));
#4732=AXIS2_PLACEMENT_3D('',#4729,#4730,#4731);
#4733=CYLINDRICAL_SURFACE('',#4732,3.E0);
#4734=ORIENTED_EDGE('',*,*,#4648,.F.);
#4736=ORIENTED_EDGE('',*,*,#4735,.T.);
#4737=ORIENTED_EDGE('',*,*,#4681,.T.);
#4738=ORIENTED_EDGE('',*,*,#4722,.F.);
#4739=EDGE_LOOP('',(#4734,#4736,#4737,#4738));
#4740=FACE_OUTER_BOUND('',#4739,.F.);
#4741=ADVANCED_FACE('',(#4740),#4733,.F.);
#4742=CARTESIAN_POINT('',(-4.45E1,-2.8E1,6.9E1));
#4743=DIRECTION('',(-7.071067811865E-1,-7.071067811865E-1,0.E0));
#4744=DIRECTION('',(7.071067811865E-1,-7.071067811865E-1,0.E0));
#4745=AXIS2_PLACEMENT_3D('',#4742,#4743,#4744);
#4746=PLANE('',#4745);
#4747=ORIENTED_EDGE('',*,*,#4646,.F.);
#4749=ORIENTED_EDGE('',*,*,#4748,.T.);
#4750=ORIENTED_EDGE('',*,*,#4683,.T.);
#4751=ORIENTED_EDGE('',*,*,#4735,.F.);
#4752=EDGE_LOOP('',(#4747,#4749,#4750,#4751));
#4753=FACE_OUTER_BOUND('',#4752,.F.);
#4754=ADVANCED_FACE('',(#4753),#4746,.T.);
#4755=CARTESIAN_POINT('',(-4.45E1,-2.6E1,6.9E1));
#4756=DIRECTION('',(-1.E0,0.E0,0.E0));
#4757=DIRECTION('',(0.E0,-1.E0,0.E0));
#4758=AXIS2_PLACEMENT_3D('',#4755,#4756,#4757);
#4759=PLANE('',#4758);
#4760=ORIENTED_EDGE('',*,*,#4644,.F.);
#4762=ORIENTED_EDGE('',*,*,#4761,.T.);
#4763=ORIENTED_EDGE('',*,*,#4685,.T.);
#4764=ORIENTED_EDGE('',*,*,#4748,.F.);
#4765=EDGE_LOOP('',(#4760,#4762,#4763,#4764));
#4766=FACE_OUTER_BOUND('',#4765,.F.);
#4767=ADVANCED_FACE('',(#4766),#4759,.T.);
#4768=CARTESIAN_POINT('',(-4.235355339059E1,-2.6E1,6.9E1));
#4769=DIRECTION('',(0.E0,1.E0,0.E0));
#4770=DIRECTION('',(-1.E0,0.E0,0.E0));
#4771=AXIS2_PLACEMENT_3D('',#4768,#4769,#4770);
#4772=PLANE('',#4771);
#4773=ORIENTED_EDGE('',*,*,#4642,.F.);
#4775=ORIENTED_EDGE('',*,*,#4774,.T.);
#4776=ORIENTED_EDGE('',*,*,#4687,.T.);
#4777=ORIENTED_EDGE('',*,*,#4761,.F.);
#4778=EDGE_LOOP('',(#4773,#4775,#4776,#4777));
#4779=FACE_OUTER_BOUND('',#4778,.F.);
#4780=ADVANCED_FACE('',(#4779),#4772,.T.);
#4781=CARTESIAN_POINT('',(-4.235355339059E1,-2.564644660941E1,6.9E1));
#4782=DIRECTION('',(0.E0,0.E0,1.E0));
#4783=DIRECTION('',(1.E0,0.E0,0.E0));
#4784=AXIS2_PLACEMENT_3D('',#4781,#4782,#4783);
#4785=CYLINDRICAL_SURFACE('',#4784,3.535533905933E-1);
#4786=ORIENTED_EDGE('',*,*,#4640,.F.);
#4788=ORIENTED_EDGE('',*,*,#4787,.T.);
#4789=ORIENTED_EDGE('',*,*,#4689,.T.);
#4790=ORIENTED_EDGE('',*,*,#4774,.F.);
#4791=EDGE_LOOP('',(#4786,#4788,#4789,#4790));
#4792=FACE_OUTER_BOUND('',#4791,.F.);
#4793=ADVANCED_FACE('',(#4792),#4785,.F.);
#4794=CARTESIAN_POINT('',(-4.379088676820E1,-2.370911323180E1,6.9E1));
#4795=DIRECTION('',(-7.071067811865E-1,-7.071067811865E-1,0.E0));
#4796=DIRECTION('',(7.071067811865E-1,-7.071067811865E-1,0.E0));
#4797=AXIS2_PLACEMENT_3D('',#4794,#4795,#4796);
#4798=PLANE('',#4797);
#4799=ORIENTED_EDGE('',*,*,#4638,.F.);
#4801=ORIENTED_EDGE('',*,*,#4800,.T.);
#4802=ORIENTED_EDGE('',*,*,#4691,.T.);
#4803=ORIENTED_EDGE('',*,*,#4787,.F.);
#4804=EDGE_LOOP('',(#4799,#4801,#4802,#4803));
#4805=FACE_OUTER_BOUND('',#4804,.F.);
#4806=ADVANCED_FACE('',(#4805),#4798,.T.);
#4807=CARTESIAN_POINT('',(-4.343733337760E1,-2.335555984121E1,6.9E1));
#4808=DIRECTION('',(0.E0,0.E0,1.E0));
#4809=DIRECTION('',(1.E0,0.E0,0.E0));
#4810=AXIS2_PLACEMENT_3D('',#4807,#4808,#4809);
#4811=CYLINDRICAL_SURFACE('',#4810,5.E-1);
#4812=ORIENTED_EDGE('',*,*,#4636,.F.);
#4814=ORIENTED_EDGE('',*,*,#4813,.T.);
#4815=ORIENTED_EDGE('',*,*,#4693,.T.);
#4816=ORIENTED_EDGE('',*,*,#4800,.F.);
#4817=EDGE_LOOP('',(#4812,#4814,#4815,#4816));
#4818=FACE_OUTER_BOUND('',#4817,.F.);
#4819=ADVANCED_FACE('',(#4818),#4811,.T.);
#4820=CARTESIAN_POINT('',(-4.15E1,-1.9E1,6.9E1));
#4821=DIRECTION('',(-8.660254037844E-1,5.E-1,0.E0));
#4822=DIRECTION('',(-5.E-1,-8.660254037844E-1,0.E0));
#4823=AXIS2_PLACEMENT_3D('',#4820,#4821,#4822);
#4824=PLANE('',#4823);
#4825=ORIENTED_EDGE('',*,*,#4634,.F.);
#4827=ORIENTED_EDGE('',*,*,#4826,.T.);
#4828=ORIENTED_EDGE('',*,*,#4695,.T.);
#4829=ORIENTED_EDGE('',*,*,#4813,.F.);
#4830=EDGE_LOOP('',(#4825,#4827,#4828,#4829));
#4831=FACE_OUTER_BOUND('',#4830,.F.);
#4832=ADVANCED_FACE('',(#4831),#4824,.T.);
#4833=CARTESIAN_POINT('',(-4.05E1,-1.9E1,6.9E1));
#4834=DIRECTION('',(0.E0,1.E0,0.E0));
#4835=DIRECTION('',(-1.E0,0.E0,0.E0));
#4836=AXIS2_PLACEMENT_3D('',#4833,#4834,#4835);
#4837=PLANE('',#4836);
#4838=ORIENTED_EDGE('',*,*,#4632,.F.);
#4839=ORIENTED_EDGE('',*,*,#4665,.T.);
#4840=ORIENTED_EDGE('',*,*,#4697,.T.);
#4841=ORIENTED_EDGE('',*,*,#4826,.F.);
#4842=EDGE_LOOP('',(#4838,#4839,#4840,#4841));
#4843=FACE_OUTER_BOUND('',#4842,.F.);
#4844=ADVANCED_FACE('',(#4843),#4837,.T.);
#4845=CARTESIAN_POINT('',(0.E0,0.E0,2.8E1));
#4846=DIRECTION('',(0.E0,0.E0,1.E0));
#4847=DIRECTION('',(1.E0,0.E0,0.E0));
#4848=AXIS2_PLACEMENT_3D('',#4845,#4846,#4847);
#4849=PLANE('',#4848);
#4850=ORIENTED_EDGE('',*,*,#4316,.T.);
#4852=ORIENTED_EDGE('',*,*,#4851,.T.);
#4854=ORIENTED_EDGE('',*,*,#4853,.T.);
#4856=ORIENTED_EDGE('',*,*,#4855,.T.);
#4858=ORIENTED_EDGE('',*,*,#4857,.T.);
#4860=ORIENTED_EDGE('',*,*,#4859,.T.);
#4862=ORIENTED_EDGE('',*,*,#4861,.T.);
#4864=ORIENTED_EDGE('',*,*,#4863,.T.);
#4866=ORIENTED_EDGE('',*,*,#4865,.T.);
#4868=ORIENTED_EDGE('',*,*,#4867,.T.);
#4870=ORIENTED_EDGE('',*,*,#4869,.T.);
#4872=ORIENTED_EDGE('',*,*,#4871,.T.);
#4874=ORIENTED_EDGE('',*,*,#4873,.T.);
#4875=EDGE_LOOP('',(#4850,#4852,#4854,#4856,#4858,#4860,#4862,#4864,#4866,#4868,
#4870,#4872,#4874));
#4876=FACE_OUTER_BOUND('',#4875,.F.);
#4877=ADVANCED_FACE('',(#4876),#4849,.F.);
#4878=CARTESIAN_POINT('',(-3.138464839420E1,-3.3E1,2.8E1));
#4879=DIRECTION('',(0.E0,0.E0,1.E0));
#4880=DIRECTION('',(1.E0,0.E0,0.E0));
#4881=AXIS2_PLACEMENT_3D('',#4878,#4879,#4880);
#4882=CYLINDRICAL_SURFACE('',#4881,5.E0);
#4883=ORIENTED_EDGE('',*,*,#4322,.T.);
#4885=ORIENTED_EDGE('',*,*,#4884,.T.);
#4887=ORIENTED_EDGE('',*,*,#4886,.F.);
#4888=ORIENTED_EDGE('',*,*,#4851,.F.);
#4889=EDGE_LOOP('',(#4883,#4885,#4887,#4888));
#4890=FACE_OUTER_BOUND('',#4889,.F.);
#4891=ADVANCED_FACE('',(#4890),#4882,.F.);
#4892=CARTESIAN_POINT('',(0.E0,0.E0,3.5E1));
#4893=DIRECTION('',(0.E0,0.E0,1.E0));
#4894=DIRECTION('',(1.E0,0.E0,0.E0));
#4895=AXIS2_PLACEMENT_3D('',#4892,#4893,#4894);
#4896=PLANE('',#4895);
#4897=ORIENTED_EDGE('',*,*,#4320,.F.);
#4899=ORIENTED_EDGE('',*,*,#4898,.F.);
#4901=ORIENTED_EDGE('',*,*,#4900,.F.);
#4903=ORIENTED_EDGE('',*,*,#4902,.F.);
#4905=ORIENTED_EDGE('',*,*,#4904,.F.);
#4907=ORIENTED_EDGE('',*,*,#4906,.F.);
#4909=ORIENTED_EDGE('',*,*,#4908,.F.);
#4911=ORIENTED_EDGE('',*,*,#4910,.F.);
#4913=ORIENTED_EDGE('',*,*,#4912,.F.);
#4915=ORIENTED_EDGE('',*,*,#4914,.F.);
#4917=ORIENTED_EDGE('',*,*,#4916,.F.);
#4919=ORIENTED_EDGE('',*,*,#4918,.F.);
#4920=ORIENTED_EDGE('',*,*,#4884,.F.);
#4921=EDGE_LOOP('',(#4897,#4899,#4901,#4903,#4905,#4907,#4909,#4911,#4913,#4915,
#4917,#4919,#4920));
#4922=FACE_OUTER_BOUND('',#4921,.F.);
#4923=ADVANCED_FACE('',(#4922),#4896,.T.);
#4924=CARTESIAN_POINT('',(-3.888464839420E1,-1.3E1,2.8E1));
#4925=DIRECTION('',(-1.E0,0.E0,0.E0));
#4926=DIRECTION('',(0.E0,-1.E0,0.E0));
#4927=AXIS2_PLACEMENT_3D('',#4924,#4925,#4926);
#4928=PLANE('',#4927);
#4929=ORIENTED_EDGE('',*,*,#4318,.F.);
#4930=ORIENTED_EDGE('',*,*,#4873,.F.);
#4932=ORIENTED_EDGE('',*,*,#4931,.T.);
#4933=ORIENTED_EDGE('',*,*,#4898,.T.);
#4934=EDGE_LOOP('',(#4929,#4930,#4932,#4933));
#4935=FACE_OUTER_BOUND('',#4934,.F.);
#4936=ADVANCED_FACE('',(#4935),#4928,.T.);
#4937=CARTESIAN_POINT('',(-3.788464839420E1,-1.3E1,2.8E1));
#4938=DIRECTION('',(0.E0,1.E0,0.E0));
#4939=DIRECTION('',(-1.E0,0.E0,0.E0));
#4940=AXIS2_PLACEMENT_3D('',#4937,#4938,#4939);
#4941=PLANE('',#4940);
#4942=ORIENTED_EDGE('',*,*,#4871,.F.);
#4944=ORIENTED_EDGE('',*,*,#4943,.T.);
#4945=ORIENTED_EDGE('',*,*,#4900,.T.);
#4946=ORIENTED_EDGE('',*,*,#4931,.F.);
#4947=EDGE_LOOP('',(#4942,#4944,#4945,#4946));
#4948=FACE_OUTER_BOUND('',#4947,.F.);
#4949=ADVANCED_FACE('',(#4948),#4941,.T.);
#4950=CARTESIAN_POINT('',(-3.519049852901E1,-1.766640444972E1,2.8E1));
#4951=DIRECTION('',(8.660254037844E-1,5.E-1,0.E0));
#4952=DIRECTION('',(-5.E-1,8.660254037844E-1,0.E0));
#4953=AXIS2_PLACEMENT_3D('',#4950,#4951,#4952);
#4954=PLANE('',#4953);
#4955=ORIENTED_EDGE('',*,*,#4869,.F.);
#4957=ORIENTED_EDGE('',*,*,#4956,.T.);
#4958=ORIENTED_EDGE('',*,*,#4902,.T.);
#4959=ORIENTED_EDGE('',*,*,#4943,.F.);
#4960=EDGE_LOOP('',(#4955,#4957,#4958,#4959));
#4961=FACE_OUTER_BOUND('',#4960,.F.);
#4962=ADVANCED_FACE('',(#4961),#4954,.T.);
#4963=CARTESIAN_POINT('',(-3.562351123090E1,-1.791640444972E1,2.8E1));
#4964=DIRECTION('',(0.E0,0.E0,1.E0));
#4965=DIRECTION('',(1.E0,0.E0,0.E0));
#4966=AXIS2_PLACEMENT_3D('',#4963,#4964,#4965);
#4967=CYLINDRICAL_SURFACE('',#4966,5.E-1);
#4968=ORIENTED_EDGE('',*,*,#4867,.F.);
#4970=ORIENTED_EDGE('',*,*,#4969,.T.);
#4971=ORIENTED_EDGE('',*,*,#4904,.T.);
#4972=ORIENTED_EDGE('',*,*,#4956,.F.);
#4973=EDGE_LOOP('',(#4968,#4970,#4971,#4972));
#4974=FACE_OUTER_BOUND('',#4973,.F.);
#4975=ADVANCED_FACE('',(#4974),#4967,.T.);
#4976=CARTESIAN_POINT('',(-3.714644660941E1,-2.014644660941E1,2.8E1));
#4977=DIRECTION('',(7.071067811865E-1,-7.071067811865E-1,0.E0));
#4978=DIRECTION('',(7.071067811865E-1,7.071067811865E-1,0.E0));
#4979=AXIS2_PLACEMENT_3D('',#4976,#4977,#4978);
#4980=PLANE('',#4979);
#4981=ORIENTED_EDGE('',*,*,#4865,.F.);
#4983=ORIENTED_EDGE('',*,*,#4982,.T.);
#4984=ORIENTED_EDGE('',*,*,#4906,.T.);
#4985=ORIENTED_EDGE('',*,*,#4969,.F.);
#4986=EDGE_LOOP('',(#4981,#4983,#4984,#4985));
#4987=FACE_OUTER_BOUND('',#4986,.F.);
#4988=ADVANCED_FACE('',(#4987),#4980,.T.);
#4989=CARTESIAN_POINT('',(-3.679289321881E1,-2.05E1,2.8E1));
#4990=DIRECTION('',(0.E0,0.E0,1.E0));
#4991=DIRECTION('',(1.E0,0.E0,0.E0));
#4992=AXIS2_PLACEMENT_3D('',#4989,#4990,#4991);
#4993=CYLINDRICAL_SURFACE('',#4992,5.E-1);
#4994=ORIENTED_EDGE('',*,*,#4863,.F.);
#4996=ORIENTED_EDGE('',*,*,#4995,.T.);
#4997=ORIENTED_EDGE('',*,*,#4908,.T.);
#4998=ORIENTED_EDGE('',*,*,#4982,.F.);
#4999=EDGE_LOOP('',(#4994,#4996,#4997,#4998));
#5000=FACE_OUTER_BOUND('',#4999,.F.);
#5001=ADVANCED_FACE('',(#5000),#4993,.F.);
#5002=CARTESIAN_POINT('',(-3.45E1,-2.1E1,2.8E1));
#5003=DIRECTION('',(0.E0,1.E0,0.E0));
#5004=DIRECTION('',(-1.E0,0.E0,0.E0));
#5005=AXIS2_PLACEMENT_3D('',#5002,#5003,#5004);
#5006=PLANE('',#5005);
#5007=ORIENTED_EDGE('',*,*,#4861,.F.);
#5009=ORIENTED_EDGE('',*,*,#5008,.T.);
#5010=ORIENTED_EDGE('',*,*,#4910,.T.);
#5011=ORIENTED_EDGE('',*,*,#4995,.F.);
#5012=EDGE_LOOP('',(#5007,#5009,#5010,#5011));
#5013=FACE_OUTER_BOUND('',#5012,.F.);
#5014=ADVANCED_FACE('',(#5013),#5006,.T.);
#5015=CARTESIAN_POINT('',(-3.45E1,-2.3E1,2.8E1));
#5016=DIRECTION('',(1.E0,0.E0,0.E0));
#5017=DIRECTION('',(0.E0,1.E0,0.E0));
#5018=AXIS2_PLACEMENT_3D('',#5015,#5016,#5017);
#5019=PLANE('',#5018);
#5020=ORIENTED_EDGE('',*,*,#4859,.F.);
#5022=ORIENTED_EDGE('',*,*,#5021,.T.);
#5023=ORIENTED_EDGE('',*,*,#4912,.T.);
#5024=ORIENTED_EDGE('',*,*,#5008,.F.);
#5025=EDGE_LOOP('',(#5020,#5022,#5023,#5024));
#5026=FACE_OUTER_BOUND('',#5025,.F.);
#5027=ADVANCED_FACE('',(#5026),#5019,.T.);
#5028=CARTESIAN_POINT('',(-3.550596873776E1,-2.400596873776E1,2.8E1));
#5029=DIRECTION('',(7.071067811865E-1,-7.071067811865E-1,0.E0));
#5030=DIRECTION('',(7.071067811865E-1,7.071067811865E-1,0.E0));
#5031=AXIS2_PLACEMENT_3D('',#5028,#5029,#5030);
#5032=PLANE('',#5031);
#5033=ORIENTED_EDGE('',*,*,#4857,.F.);
#5035=ORIENTED_EDGE('',*,*,#5034,.T.);
#5036=ORIENTED_EDGE('',*,*,#4914,.T.);
#5037=ORIENTED_EDGE('',*,*,#5021,.F.);
#5038=EDGE_LOOP('',(#5033,#5035,#5036,#5037));
#5039=FACE_OUTER_BOUND('',#5038,.F.);
#5040=ADVANCED_FACE('',(#5039),#5032,.T.);
#5041=CARTESIAN_POINT('',(-3.338464839420E1,-2.612728908132E1,2.8E1));
#5042=DIRECTION('',(0.E0,0.E0,1.E0));
#5043=DIRECTION('',(1.E0,0.E0,0.E0));
#5044=AXIS2_PLACEMENT_3D('',#5041,#5042,#5043);
#5045=CYLINDRICAL_SURFACE('',#5044,3.E0);
#5046=ORIENTED_EDGE('',*,*,#4855,.F.);
#5048=ORIENTED_EDGE('',*,*,#5047,.T.);
#5049=ORIENTED_EDGE('',*,*,#4916,.T.);
#5050=ORIENTED_EDGE('',*,*,#5034,.F.);
#5051=EDGE_LOOP('',(#5046,#5048,#5049,#5050));
#5052=FACE_OUTER_BOUND('',#5051,.F.);
#5053=ADVANCED_FACE('',(#5052),#5045,.F.);
#5054=CARTESIAN_POINT('',(-3.638464839420E1,-3.3E1,2.8E1));
#5055=DIRECTION('',(1.E0,0.E0,0.E0));
#5056=DIRECTION('',(0.E0,1.E0,0.E0));
#5057=AXIS2_PLACEMENT_3D('',#5054,#5055,#5056);
#5058=PLANE('',#5057);
#5059=ORIENTED_EDGE('',*,*,#4853,.F.);
#5060=ORIENTED_EDGE('',*,*,#4886,.T.);
#5061=ORIENTED_EDGE('',*,*,#4918,.T.);
#5062=ORIENTED_EDGE('',*,*,#5047,.F.);
#5063=EDGE_LOOP('',(#5059,#5060,#5061,#5062));
#5064=FACE_OUTER_BOUND('',#5063,.F.);
#5065=ADVANCED_FACE('',(#5064),#5058,.T.);
#5066=CARTESIAN_POINT('',(-3.472E1,-3.8E1,6.55E1));
#5067=DIRECTION('',(0.E0,1.E0,0.E0));
#5068=DIRECTION('',(0.E0,0.E0,1.E0));
#5069=AXIS2_PLACEMENT_3D('',#5066,#5067,#5068);
#5070=CYLINDRICAL_SURFACE('',#5069,2.5E0);
#5072=ORIENTED_EDGE('',*,*,#5071,.F.);
#5074=ORIENTED_EDGE('',*,*,#5073,.T.);
#5076=ORIENTED_EDGE('',*,*,#5075,.F.);
#5077=ORIENTED_EDGE('',*,*,#4326,.F.);
#5079=ORIENTED_EDGE('',*,*,#5078,.T.);
#5081=ORIENTED_EDGE('',*,*,#5080,.T.);
#5082=EDGE_LOOP('',(#5072,#5074,#5076,#5077,#5079,#5081));
#5083=FACE_OUTER_BOUND('',#5082,.F.);
#5084=ADVANCED_FACE('',(#5083),#5070,.T.);
#5085=CARTESIAN_POINT('',(-3.432039055628E1,-2.301511135114E1,
6.808718678833E1));
#5086=CARTESIAN_POINT('',(-3.428428995189E1,-2.301512334996E1,
6.808161790033E1));
#5087=CARTESIAN_POINT('',(-3.410348184956E1,-2.301520574170E1,
6.804987001376E1));
#5088=CARTESIAN_POINT('',(-3.378306748168E1,-2.301512961130E1,
6.795788663917E1));
#5089=CARTESIAN_POINT('',(-3.338277877283E1,-2.301515723929E1,
6.776515701954E1));
#5090=CARTESIAN_POINT('',(-3.302020174372E1,-2.301514959405E1,
6.750744553473E1));
#5091=CARTESIAN_POINT('',(-3.270633827465E1,-2.301515171217E1,
6.719242131049E1));
#5092=CARTESIAN_POINT('',(-3.244999045546E1,-2.301515114397E1,
6.682897406797E1));
#5093=CARTESIAN_POINT('',(-3.225854180563E1,-2.301515108619E1,
6.642756141705E1));
#5094=CARTESIAN_POINT('',(-3.213746550003E1,-2.301515161412E1,
6.599963720977E1));
#5095=CARTESIAN_POINT('',(-3.209020526209E1,-2.301515106412E1,
6.555740596439E1));
#5096=CARTESIAN_POINT('',(-3.211811396266E1,-2.301515107419E1,
6.511354803950E1));
#5097=CARTESIAN_POINT('',(-3.222041724819E1,-2.301515158840E1,
6.468073057301E1));
#5098=CARTESIAN_POINT('',(-3.239416797207E1,-2.301515105266E1,
6.427133168742E1));
#5099=CARTESIAN_POINT('',(-3.263439239367E1,-2.301515135874E1,
6.389706799665E1));
#5100=CARTESIAN_POINT('',(-3.293426381387E1,-2.301515103561E1,
6.356860794882E1));
#5101=CARTESIAN_POINT('',(-3.328519154113E1,-2.301515189407E1,
6.329536395213E1));
#5102=CARTESIAN_POINT('',(-3.367701094770E1,-2.301514875133E1,
6.308517464404E1));
#5103=CARTESIAN_POINT('',(-3.402867998794E1,-2.301515917690E1,
6.296748206216E1));
#5104=CARTESIAN_POINT('',(-3.424575624632E1,-2.301514278144E1,
6.292437414767E1));
#5105=CARTESIAN_POINT('',(-3.431848649542E1,-2.301506438993E1,
6.291315008179E1));
#5106=CARTESIAN_POINT('',(-3.445293827943E1,-2.293827271108E1,
6.722828550584E1));
#5107=CARTESIAN_POINT('',(-3.442886357717E1,-2.293828425765E1,
6.722457011703E1));
#5108=CARTESIAN_POINT('',(-3.430829375474E1,-2.293836327009E1,
6.720339973596E1));
#5109=CARTESIAN_POINT('',(-3.409405017540E1,-2.293829025708E1,
6.714191736513E1));
#5110=CARTESIAN_POINT('',(-3.382671776594E1,-2.293831676818E1,
6.701318122402E1));
#5111=CARTESIAN_POINT('',(-3.358449001026E1,-2.293830942235E1,
6.684102089809E1));
#5112=CARTESIAN_POINT('',(-3.337482881180E1,-2.293831146023E1,
6.663058110580E1));
#5113=CARTESIAN_POINT('',(-3.320357693181E1,-2.293831091353E1,
6.638778373490E1));
#5114=CARTESIAN_POINT('',(-3.307568711812E1,-2.293831084998E1,
6.611963325975E1));
#5115=CARTESIAN_POINT('',(-3.299480506960E1,-2.293831137946E1,
6.583377112323E1));
#5116=CARTESIAN_POINT('',(-3.296323392173E1,-2.293831082903E1,
6.553834808197E1));
#5117=CARTESIAN_POINT('',(-3.298187744436E1,-2.293831083928E1,
6.524184158205E1));
#5118=CARTESIAN_POINT('',(-3.305021920352E1,-2.293831135320E1,
6.495270638221E1));
#5119=CARTESIAN_POINT('',(-3.316628854742E1,-2.293831081842E1,
6.467922021919E1));
#5120=CARTESIAN_POINT('',(-3.332676182040E1,-2.293831112097E1,
6.442920551007E1));
#5121=CARTESIAN_POINT('',(-3.352708741105E1,-2.293831081101E1,
6.420978143715E1));
#5122=CARTESIAN_POINT('',(-3.376151423715E1,-2.293831162034E1,
6.402725015758E1));
#5123=CARTESIAN_POINT('',(-3.402325516111E1,-2.293830866102E1,
6.388683950032E1));
#5124=CARTESIAN_POINT('',(-3.425818709032E1,-2.293831851633E1,
6.380821599973E1));
#5125=CARTESIAN_POINT('',(-3.440318670738E1,-2.293830299271E1,
6.377942155810E1));
#5126=CARTESIAN_POINT('',(-3.445176471478E1,-2.293822865166E1,
6.377192436264E1));
#5127=CARTESIAN_POINT('',(-3.453899795206E1,-2.227193127863E1,
6.667172673973E1));
#5128=CARTESIAN_POINT('',(-3.452265541647E1,-2.227193890320E1,
6.666920544931E1));
#5129=CARTESIAN_POINT('',(-3.444080589549E1,-2.227198861058E1,
6.665483364553E1));
#5130=CARTESIAN_POINT('',(-3.429565583121E1,-2.227194263142E1,
6.661316837815E1));
#5131=CARTESIAN_POINT('',(-3.411437858247E1,-2.227195945682E1,
6.652588376401E1));
#5132=CARTESIAN_POINT('',(-3.395016532031E1,-2.227195470754E1,
6.640916642954E1));
#5133=CARTESIAN_POINT('',(-3.380801867770E1,-2.227195604957E1,
6.626649352041E1));
#5134=CARTESIAN_POINT('',(-3.369191849800E1,-2.227195568925E1,
6.610188821538E1));
#5135=CARTESIAN_POINT('',(-3.360521236770E1,-2.227195557574E1,
6.592009002217E1));
#5136=CARTESIAN_POINT('',(-3.355037721004E1,-2.227195611865E1,
6.572628458635E1));
#5137=CARTESIAN_POINT('',(-3.352897314667E1,-2.227195556447E1,
6.552599891912E1));
#5138=CARTESIAN_POINT('',(-3.354161289258E1,-2.227195557627E1,
6.532497710055E1));
#5139=CARTESIAN_POINT('',(-3.358794589625E1,-2.227195608775E1,
6.512895476826E1));
#5140=CARTESIAN_POINT('',(-3.366663706870E1,-2.227195556122E1,
6.494353950872E1));
#5141=CARTESIAN_POINT('',(-3.377543362550E1,-2.227195583316E1,
6.477403693599E1));
#5142=CARTESIAN_POINT('',(-3.391124533021E1,-2.227195563739E1,
6.462527741503E1));
#5143=CARTESIAN_POINT('',(-3.407017930394E1,-2.227195602062E1,
6.450152635860E1));
#5144=CARTESIAN_POINT('',(-3.424763255989E1,-2.227195465204E1,
6.440633234595E1));
#5145=CARTESIAN_POINT('',(-3.440690402418E1,-2.227195956204E1,
6.435302933783E1));
#5146=CARTESIAN_POINT('',(-3.450521504691E1,-2.227195159897E1,
6.433350635614E1));
#5147=CARTESIAN_POINT('',(-3.453815304097E1,-2.227191238332E1,
6.432842314029E1));
#5148=CARTESIAN_POINT('',(-3.452869948044E1,-2.140222040369E1,
6.674002668113E1));
#5149=CARTESIAN_POINT('',(-3.451131471907E1,-2.140222290927E1,
6.673734812891E1));
#5150=CARTESIAN_POINT('',(-3.442422977523E1,-2.140223436757E1,
6.672205631611E1));
#5151=CARTESIAN_POINT('',(-3.427105745405E1,-2.140222367309E1,
6.667804058272E1));
#5152=CARTESIAN_POINT('',(-3.407906674820E1,-2.140222785670E1,
6.658564510015E1));
#5153=CARTESIAN_POINT('',(-3.390532514828E1,-2.140222649643E1,
6.646213433387E1));
#5154=CARTESIAN_POINT('',(-3.375488182787E1,-2.140222693023E1,
6.631114102093E1));
#5155=CARTESIAN_POINT('',(-3.363202965189E1,-2.140222681319E1,
6.613695902451E1));
#5156=CARTESIAN_POINT('',(-3.354026681909E1,-2.140222663445E1,
6.594456356363E1));
#5157=CARTESIAN_POINT('',(-3.348223746275E1,-2.140222719490E1,
6.573946419055E1));
#5158=CARTESIAN_POINT('',(-3.345958682849E1,-2.140222663583E1,
6.552751460239E1));
#5159=CARTESIAN_POINT('',(-3.347296328378E1,-2.140222664966E1,
6.531477899811E1));
#5160=CARTESIAN_POINT('',(-3.352199399650E1,-2.140222715793E1,
6.510734283593E1));
#5161=CARTESIAN_POINT('',(-3.360527021071E1,-2.140222664218E1,
6.491112109350E1));
#5162=CARTESIAN_POINT('',(-3.372041024814E1,-2.140222687417E1,
6.473173841962E1));
#5163=CARTESIAN_POINT('',(-3.386412469303E1,-2.140222682745E1,
6.457432314044E1));
#5164=CARTESIAN_POINT('',(-3.403232066709E1,-2.140222665453E1,
6.444335768922E1));
#5165=CARTESIAN_POINT('',(-3.422012031727E1,-2.140222736217E1,
6.434261605046E1));
#5166=CARTESIAN_POINT('',(-3.438865189525E1,-2.140222581755E1,
6.428621215798E1));
#5167=CARTESIAN_POINT('',(-3.449271760455E1,-2.140222772254E1,
6.426554597242E1));
#5168=CARTESIAN_POINT('',(-3.452759093123E1,-2.140223435268E1,
6.426016498588E1));
#5169=(BOUNDED_SURFACE()B_SPLINE_SURFACE(3,3,((#5085,#5086,#5087,#5088,#5089,
#5090,#5091,#5092,#5093,#5094,#5095,#5096,#5097,#5098,#5099,#5100,#5101,#5102,
#5103,#5104,#5105),(#5106,#5107,#5108,#5109,#5110,#5111,#5112,#5113,#5114,#5115,
#5116,#5117,#5118,#5119,#5120,#5121,#5122,#5123,#5124,#5125,#5126),(#5127,#5128,
#5129,#5130,#5131,#5132,#5133,#5134,#5135,#5136,#5137,#5138,#5139,#5140,#5141,
#5142,#5143,#5144,#5145,#5146,#5147),(#5148,#5149,#5150,#5151,#5152,#5153,#5154,
#5155,#5156,#5157,#5158,#5159,#5160,#5161,#5162,#5163,#5164,#5165,#5166,#5167,
#5168)),.UNSPECIFIED.,.F.,.F.,.F.)B_SPLINE_SURFACE_WITH_KNOTS((4,4),(4,1,1,1,1,
1,1,1,1,1,1,1,1,1,1,1,1,1,4),(0.E0,1.E0),(1.769759381665E-1,1.895330810557E-1,
2.400767509128E-1,2.907537469115E-1,3.414048866525E-1,3.920806932958E-1,
4.427256620025E-1,4.933886835425E-1,5.440630720360E-1,5.947036593705E-1,
6.453745578588E-1,6.960450557861E-1,7.466858595697E-1,7.973613316630E-1,
8.480250181136E-1,8.986718580082E-1,9.493479426384E-1,1.E0,1.025315272342E0),
.UNSPECIFIED.)GEOMETRIC_REPRESENTATION_ITEM()RATIONAL_B_SPLINE_SURFACE(((
1.169413769884E0,1.169413769884E0,1.169413769884E0,1.169413769884E0,
1.169413769884E0,1.169413769884E0,1.169413769884E0,1.169413769884E0,
1.169413769884E0,1.169413769884E0,1.169413769884E0,1.169413769884E0,
1.169413769884E0,1.169413769884E0,1.169413769884E0,1.169413769884E0,
1.169413769884E0,1.169413769884E0,1.169413769884E0,1.169413769884E0,
1.169413769884E0),(9.435287433718E-1,9.435287433718E-1,9.435287433718E-1,
9.435287433718E-1,9.435287433718E-1,9.435287433718E-1,9.435287433718E-1,
9.435287433718E-1,9.435287433718E-1,9.435287433718E-1,9.435287433718E-1,
9.435287433718E-1,9.435287433718E-1,9.435287433718E-1,9.435287433718E-1,
9.435287433718E-1,9.435287433718E-1,9.435287433718E-1,9.435287433718E-1,
9.435287433718E-1,9.435287433718E-1),(9.435287433718E-1,9.435287433718E-1,
9.435287433718E-1,9.435287433718E-1,9.435287433718E-1,9.435287433718E-1,
9.435287433718E-1,9.435287433718E-1,9.435287433718E-1,9.435287433718E-1,
9.435287433718E-1,9.435287433718E-1,9.435287433718E-1,9.435287433718E-1,
9.435287433718E-1,9.435287433718E-1,9.435287433718E-1,9.435287433718E-1,
9.435287433718E-1,9.435287433718E-1,9.435287433718E-1),(1.169413769884E0,
1.169413769884E0,1.169413769884E0,1.169413769884E0,1.169413769884E0,
1.169413769884E0,1.169413769884E0,1.169413769884E0,1.169413769884E0,
1.169413769884E0,1.169413769884E0,1.169413769884E0,1.169413769884E0,
1.169413769884E0,1.169413769884E0,1.169413769884E0,1.169413769884E0,
1.169413769884E0,1.169413769884E0,1.169413769884E0,1.169413769884E0)))REPRESENTATION_ITEM('')SURFACE());
#5171=ORIENTED_EDGE('',*,*,#5170,.T.);
#5173=ORIENTED_EDGE('',*,*,#5172,.T.);
#5174=ORIENTED_EDGE('',*,*,#5071,.T.);
#5176=ORIENTED_EDGE('',*,*,#5175,.T.);
#5177=EDGE_LOOP('',(#5171,#5173,#5174,#5176));
#5178=FACE_OUTER_BOUND('',#5177,.F.);
#5179=ADVANCED_FACE('',(#5178),#5169,.F.);
#5180=CARTESIAN_POINT('',(-3.472E1,-2.3E1,6.55E1));
#5181=DIRECTION('',(0.E0,1.E0,0.E0));
#5182=DIRECTION('',(0.E0,0.E0,1.E0));
#5183=AXIS2_PLACEMENT_3D('',#5180,#5181,#5182);
#5184=CYLINDRICAL_SURFACE('',#5183,1.25E0);
#5186=ORIENTED_EDGE('',*,*,#5185,.T.);
#5188=ORIENTED_EDGE('',*,*,#5187,.F.);
#5190=ORIENTED_EDGE('',*,*,#5189,.F.);
#5191=ORIENTED_EDGE('',*,*,#5170,.F.);
#5192=EDGE_LOOP('',(#5186,#5188,#5190,#5191));
#5193=FACE_OUTER_BOUND('',#5192,.F.);
#5194=ADVANCED_FACE('',(#5193),#5184,.T.);
#5195=CARTESIAN_POINT('',(-3.422E1,-1.75E1,6.794948974278E1));
#5196=DIRECTION('',(1.E0,0.E0,0.E0));
#5197=DIRECTION('',(0.E0,0.E0,-1.E0));
#5198=AXIS2_PLACEMENT_3D('',#5195,#5196,#5197);
#5199=PLANE('',#5198);
#5201=ORIENTED_EDGE('',*,*,#5200,.T.);
#5202=ORIENTED_EDGE('',*,*,#5172,.F.);
#5203=ORIENTED_EDGE('',*,*,#5189,.T.);
#5205=ORIENTED_EDGE('',*,*,#5204,.T.);
#5207=ORIENTED_EDGE('',*,*,#5206,.T.);
#5209=ORIENTED_EDGE('',*,*,#5208,.F.);
#5211=ORIENTED_EDGE('',*,*,#5210,.T.);
#5213=ORIENTED_EDGE('',*,*,#5212,.F.);
#5215=ORIENTED_EDGE('',*,*,#5214,.F.);
#5217=ORIENTED_EDGE('',*,*,#5216,.T.);
#5218=ORIENTED_EDGE('',*,*,#5185,.F.);
#5219=ORIENTED_EDGE('',*,*,#5175,.F.);
#5220=EDGE_LOOP('',(#5201,#5202,#5203,#5205,#5207,#5209,#5211,#5213,#5215,#5217,
#5218,#5219));
#5221=FACE_OUTER_BOUND('',#5220,.F.);
#5222=ADVANCED_FACE('',(#5221),#5199,.F.);
#5223=CARTESIAN_POINT('',(0.E0,-2.3E1,0.E0));
#5224=DIRECTION('',(0.E0,1.E0,0.E0));
#5225=DIRECTION('',(0.E0,0.E0,1.E0));
#5226=AXIS2_PLACEMENT_3D('',#5223,#5224,#5225);
#5227=PLANE('',#5226);
#5229=ORIENTED_EDGE('',*,*,#5228,.F.);
#5231=ORIENTED_EDGE('',*,*,#5230,.F.);
#5232=ORIENTED_EDGE('',*,*,#5073,.F.);
#5233=ORIENTED_EDGE('',*,*,#5200,.F.);
#5234=ORIENTED_EDGE('',*,*,#5080,.F.);
#5236=ORIENTED_EDGE('',*,*,#5235,.F.);
#5237=EDGE_LOOP('',(#5229,#5231,#5232,#5233,#5234,#5236));
#5238=FACE_OUTER_BOUND('',#5237,.F.);
#5239=ADVANCED_FACE('',(#5238),#5227,.T.);
#5240=CARTESIAN_POINT('',(0.E0,-2.3E1,0.E0));
#5241=DIRECTION('',(0.E0,1.E0,0.E0));
#5242=DIRECTION('',(0.E0,0.E0,1.E0));
#5243=AXIS2_PLACEMENT_3D('',#5240,#5241,#5242);
#5244=PLANE('',#5243);
#5246=ORIENTED_EDGE('',*,*,#5245,.F.);
#5248=ORIENTED_EDGE('',*,*,#5247,.F.);
#5250=ORIENTED_EDGE('',*,*,#5249,.F.);
#5252=ORIENTED_EDGE('',*,*,#5251,.F.);
#5254=ORIENTED_EDGE('',*,*,#5253,.F.);
#5256=ORIENTED_EDGE('',*,*,#5255,.F.);
#5257=EDGE_LOOP('',(#5246,#5248,#5250,#5252,#5254,#5256));
#5258=FACE_OUTER_BOUND('',#5257,.F.);
#5259=ADVANCED_FACE('',(#5258),#5244,.T.);
#5260=CARTESIAN_POINT('',(0.E0,-2.3E1,0.E0));
#5261=DIRECTION('',(0.E0,1.E0,0.E0));
#5262=DIRECTION('',(0.E0,0.E0,1.E0));
#5263=AXIS2_PLACEMENT_3D('',#5260,#5261,#5262);
#5264=PLANE('',#5263);
#5266=ORIENTED_EDGE('',*,*,#5265,.T.);
#5268=ORIENTED_EDGE('',*,*,#5267,.F.);
#5269=ORIENTED_EDGE('',*,*,#3723,.T.);
#5270=EDGE_LOOP('',(#5266,#5268,#5269));
#5271=FACE_OUTER_BOUND('',#5270,.F.);
#5272=ADVANCED_FACE('',(#5271),#5264,.T.);
#5273=CARTESIAN_POINT('',(0.E0,-2.3E1,0.E0));
#5274=DIRECTION('',(0.E0,1.E0,0.E0));
#5275=DIRECTION('',(0.E0,0.E0,1.E0));
#5276=AXIS2_PLACEMENT_3D('',#5273,#5274,#5275);
#5277=PLANE('',#5276);
#5279=ORIENTED_EDGE('',*,*,#5278,.T.);
#5280=ORIENTED_EDGE('',*,*,#3719,.T.);
#5282=ORIENTED_EDGE('',*,*,#5281,.F.);
#5283=EDGE_LOOP('',(#5279,#5280,#5282));
#5284=FACE_OUTER_BOUND('',#5283,.F.);
#5285=ADVANCED_FACE('',(#5284),#5277,.T.);
#5286=CARTESIAN_POINT('',(-3.522E1,-1.75E1,6.305051025722E1));
#5287=DIRECTION('',(-1.E0,0.E0,0.E0));
#5288=DIRECTION('',(0.E0,0.E0,1.E0));
#5289=AXIS2_PLACEMENT_3D('',#5286,#5287,#5288);
#5290=PLANE('',#5289);
#5291=ORIENTED_EDGE('',*,*,#5228,.T.);
#5293=ORIENTED_EDGE('',*,*,#5292,.F.);
#5295=ORIENTED_EDGE('',*,*,#5294,.T.);
#5297=ORIENTED_EDGE('',*,*,#5296,.T.);
#5299=ORIENTED_EDGE('',*,*,#5298,.T.);
#5301=ORIENTED_EDGE('',*,*,#5300,.F.);
#5303=ORIENTED_EDGE('',*,*,#5302,.F.);
#5305=ORIENTED_EDGE('',*,*,#5304,.F.);
#5307=ORIENTED_EDGE('',*,*,#5306,.F.);
#5309=ORIENTED_EDGE('',*,*,#5308,.T.);
#5311=ORIENTED_EDGE('',*,*,#5310,.F.);
#5313=ORIENTED_EDGE('',*,*,#5312,.F.);
#5314=EDGE_LOOP('',(#5291,#5293,#5295,#5297,#5299,#5301,#5303,#5305,#5307,#5309,
#5311,#5313));
#5315=FACE_OUTER_BOUND('',#5314,.F.);
#5316=ADVANCED_FACE('',(#5315),#5290,.F.);
#5317=CARTESIAN_POINT('',(-3.511960944372E1,-2.301511135114E1,
6.291281321167E1));
#5318=CARTESIAN_POINT('',(-3.515571004797E1,-2.301512334996E1,
6.291838209965E1));
#5319=CARTESIAN_POINT('',(-3.533651815017E1,-2.301520574170E1,
6.295012998618E1));
#5320=CARTESIAN_POINT('',(-3.565693251795E1,-2.301512961130E1,
6.304211336069E1));
#5321=CARTESIAN_POINT('',(-3.605722122686E1,-2.301515723929E1,
6.323484298027E1));
#5322=CARTESIAN_POINT('',(-3.641979825601E1,-2.301514959405E1,
6.349255446505E1));
#5323=CARTESIAN_POINT('',(-3.673366172515E1,-2.301515171217E1,
6.380757868926E1));
#5324=CARTESIAN_POINT('',(-3.699000954439E1,-2.301515114397E1,
6.417102593178E1));
#5325=CARTESIAN_POINT('',(-3.718145819428E1,-2.301515108619E1,
6.457243858271E1));
#5326=CARTESIAN_POINT('',(-3.730253449993E1,-2.301515161412E1,6.500036279E1));
#5327=CARTESIAN_POINT('',(-3.734979473790E1,-2.301515106412E1,
6.544259403540E1));
#5328=CARTESIAN_POINT('',(-3.732188603737E1,-2.301515107419E1,
6.588645196032E1));
#5329=CARTESIAN_POINT('',(-3.721958275186E1,-2.301515158840E1,
6.631926942684E1));
#5330=CARTESIAN_POINT('',(-3.704583202799E1,-2.301515105266E1,
6.672866831247E1));
#5331=CARTESIAN_POINT('',(-3.680560760640E1,-2.301515135874E1,
6.710293200326E1));
#5332=CARTESIAN_POINT('',(-3.650573618619E1,-2.301515103561E1,
6.743139205113E1));
#5333=CARTESIAN_POINT('',(-3.615480845891E1,-2.301515189407E1,
6.770463604784E1));
#5334=CARTESIAN_POINT('',(-3.576298905233E1,-2.301514875133E1,
6.791482535595E1));
#5335=CARTESIAN_POINT('',(-3.541132001207E1,-2.301515917690E1,
6.803251793784E1));
#5336=CARTESIAN_POINT('',(-3.519424375368E1,-2.301514278144E1,
6.807562585233E1));
#5337=CARTESIAN_POINT('',(-3.512151350458E1,-2.301506438993E1,
6.808684991821E1));
#5338=CARTESIAN_POINT('',(-3.498706172057E1,-2.293827271108E1,
6.377171449416E1));
#5339=CARTESIAN_POINT('',(-3.501113642274E1,-2.293828425765E1,
6.377542988295E1));
#5340=CARTESIAN_POINT('',(-3.513170624508E1,-2.293836327009E1,
6.379660026400E1));
#5341=CARTESIAN_POINT('',(-3.534594982435E1,-2.293829025708E1,
6.385808263477E1));
#5342=CARTESIAN_POINT('',(-3.561328223385E1,-2.293831676818E1,
6.398681877585E1));
#5343=CARTESIAN_POINT('',(-3.585550998957E1,-2.293830942235E1,
6.415897910176E1));
#5344=CARTESIAN_POINT('',(-3.606517118807E1,-2.293831146023E1,
6.436941889404E1));
#5345=CARTESIAN_POINT('',(-3.623642306810E1,-2.293831091353E1,
6.461221626493E1));
#5346=CARTESIAN_POINT('',(-3.636431288182E1,-2.293831084998E1,
6.488036674008E1));
#5347=CARTESIAN_POINT('',(-3.644519493037E1,-2.293831137946E1,
6.516622887661E1));
#5348=CARTESIAN_POINT('',(-3.647676607827E1,-2.293831082903E1,
6.546165191789E1));
#5349=CARTESIAN_POINT('',(-3.645812255566E1,-2.293831083928E1,
6.575815841783E1));
#5350=CARTESIAN_POINT('',(-3.638978079652E1,-2.293831135320E1,
6.604729361770E1));
#5351=CARTESIAN_POINT('',(-3.627371145262E1,-2.293831081842E1,
6.632077978074E1));
#5352=CARTESIAN_POINT('',(-3.611323817964E1,-2.293831112097E1,
6.657079448987E1));
#5353=CARTESIAN_POINT('',(-3.591291258899E1,-2.293831081101E1,
6.679021856282E1));
#5354=CARTESIAN_POINT('',(-3.567848576288E1,-2.293831162034E1,
6.697274984241E1));
#5355=CARTESIAN_POINT('',(-3.541674483891E1,-2.293830866102E1,
6.711316049967E1));
#5356=CARTESIAN_POINT('',(-3.518181290969E1,-2.293831851633E1,
6.719178400027E1));
#5357=CARTESIAN_POINT('',(-3.503681329262E1,-2.293830299271E1,
6.722057844190E1));
#5358=CARTESIAN_POINT('',(-3.498823528522E1,-2.293822865166E1,
6.722807563736E1));
#5359=CARTESIAN_POINT('',(-3.490100204794E1,-2.227193127863E1,
6.432827326027E1));
#5360=CARTESIAN_POINT('',(-3.491734458347E1,-2.227193890320E1,
6.433079455068E1));
#5361=CARTESIAN_POINT('',(-3.499919410439E1,-2.227198861058E1,
6.434516635444E1));
#5362=CARTESIAN_POINT('',(-3.514434416862E1,-2.227194263142E1,
6.438683162178E1));
#5363=CARTESIAN_POINT('',(-3.532562141739E1,-2.227195945682E1,
6.447411623590E1));
#5364=CARTESIAN_POINT('',(-3.548983467957E1,-2.227195470754E1,
6.459083357036E1));
#5365=CARTESIAN_POINT('',(-3.563198132220E1,-2.227195604957E1,
6.473350647948E1));
#5366=CARTESIAN_POINT('',(-3.574808150194E1,-2.227195568925E1,
6.489811178450E1));
#5367=CARTESIAN_POINT('',(-3.583478763226E1,-2.227195557574E1,
6.507990997772E1));
#5368=CARTESIAN_POINT('',(-3.588962278994E1,-2.227195611865E1,
6.527371541354E1));
#5369=CARTESIAN_POINT('',(-3.591102685332E1,-2.227195556447E1,
6.547400108079E1));
#5370=CARTESIAN_POINT('',(-3.589838710743E1,-2.227195557627E1,
6.567502289936E1));
#5371=CARTESIAN_POINT('',(-3.585205410377E1,-2.227195608775E1,
6.587104523167E1));
#5372=CARTESIAN_POINT('',(-3.577336293132E1,-2.227195556122E1,
6.605646049123E1));
#5373=CARTESIAN_POINT('',(-3.566456637453E1,-2.227195583316E1,
6.622596306397E1));
#5374=CARTESIAN_POINT('',(-3.552875466982E1,-2.227195563739E1,
6.637472258495E1));
#5375=CARTESIAN_POINT('',(-3.536982069608E1,-2.227195602062E1,
6.649847364139E1));
#5376=CARTESIAN_POINT('',(-3.519236744012E1,-2.227195465204E1,
6.659366765405E1));
#5377=CARTESIAN_POINT('',(-3.503309597582E1,-2.227195956204E1,
6.664697066217E1));
#5378=CARTESIAN_POINT('',(-3.493478495309E1,-2.227195159897E1,
6.666649364386E1));
#5379=CARTESIAN_POINT('',(-3.490184695903E1,-2.227191238332E1,
6.667157685971E1));
#5380=CARTESIAN_POINT('',(-3.491130051956E1,-2.140222040369E1,
6.425997331887E1));
#5381=CARTESIAN_POINT('',(-3.492868528087E1,-2.140222290927E1,
6.426265187108E1));
#5382=CARTESIAN_POINT('',(-3.501577022464E1,-2.140223436757E1,
6.427794368387E1));
#5383=CARTESIAN_POINT('',(-3.516894254577E1,-2.140222367309E1,
6.432195941721E1));
#5384=CARTESIAN_POINT('',(-3.536093325165E1,-2.140222785670E1,
6.441435489976E1));
#5385=CARTESIAN_POINT('',(-3.553467485159E1,-2.140222649643E1,
6.453786566602E1));
#5386=CARTESIAN_POINT('',(-3.568511817203E1,-2.140222693023E1,
6.468885897895E1));
#5387=CARTESIAN_POINT('',(-3.580797034804E1,-2.140222681319E1,
6.486304097537E1));
#5388=CARTESIAN_POINT('',(-3.589973318087E1,-2.140222663445E1,
6.505543643625E1));
#5389=CARTESIAN_POINT('',(-3.595776253722E1,-2.140222719490E1,
6.526053580934E1));
#5390=CARTESIAN_POINT('',(-3.598041317151E1,-2.140222663583E1,
6.547248539751E1));
#5391=CARTESIAN_POINT('',(-3.596703671623E1,-2.140222664966E1,
6.568522100180E1));
#5392=CARTESIAN_POINT('',(-3.591800600352E1,-2.140222715793E1,
6.589265716400E1));
#5393=CARTESIAN_POINT('',(-3.583472978932E1,-2.140222664218E1,
6.608887890645E1));
#5394=CARTESIAN_POINT('',(-3.571958975189E1,-2.140222687417E1,
6.626826158034E1));
#5395=CARTESIAN_POINT('',(-3.557587530700E1,-2.140222682745E1,
6.642567685953E1));
#5396=CARTESIAN_POINT('',(-3.540767933294E1,-2.140222665453E1,
6.655664231077E1));
#5397=CARTESIAN_POINT('',(-3.521987968274E1,-2.140222736217E1,
6.665738394954E1));
#5398=CARTESIAN_POINT('',(-3.505134810475E1,-2.140222581755E1,
6.671378784202E1));
#5399=CARTESIAN_POINT('',(-3.494728239545E1,-2.140222772254E1,
6.673445402758E1));
#5400=CARTESIAN_POINT('',(-3.491240906877E1,-2.140223435268E1,
6.673983501412E1));
#5401=(BOUNDED_SURFACE()B_SPLINE_SURFACE(3,3,((#5317,#5318,#5319,#5320,#5321,
#5322,#5323,#5324,#5325,#5326,#5327,#5328,#5329,#5330,#5331,#5332,#5333,#5334,
#5335,#5336,#5337),(#5338,#5339,#5340,#5341,#5342,#5343,#5344,#5345,#5346,#5347,
#5348,#5349,#5350,#5351,#5352,#5353,#5354,#5355,#5356,#5357,#5358),(#5359,#5360,
#5361,#5362,#5363,#5364,#5365,#5366,#5367,#5368,#5369,#5370,#5371,#5372,#5373,
#5374,#5375,#5376,#5377,#5378,#5379),(#5380,#5381,#5382,#5383,#5384,#5385,#5386,
#5387,#5388,#5389,#5390,#5391,#5392,#5393,#5394,#5395,#5396,#5397,#5398,#5399,
#5400)),.UNSPECIFIED.,.F.,.F.,.F.)B_SPLINE_SURFACE_WITH_KNOTS((4,4),(4,1,1,1,1,
1,1,1,1,1,1,1,1,1,1,1,1,1,4),(0.E0,1.E0),(1.769759382071E-1,1.895330810467E-1,
2.400767509048E-1,2.907537469038E-1,3.414048866455E-1,3.920806932894E-1,
4.427256619968E-1,4.933886835373E-1,5.440630720314E-1,5.947036593665E-1,
6.453745578553E-1,6.960450557832E-1,7.466858595673E-1,7.973613316611E-1,
8.480250181122E-1,8.986718580072E-1,9.493479426378E-1,1.E0,1.025315272341E0),
.UNSPECIFIED.)GEOMETRIC_REPRESENTATION_ITEM()RATIONAL_B_SPLINE_SURFACE(((
1.169413769884E0,1.169413769884E0,1.169413769884E0,1.169413769884E0,
1.169413769884E0,1.169413769884E0,1.169413769884E0,1.169413769884E0,
1.169413769884E0,1.169413769884E0,1.169413769884E0,1.169413769884E0,
1.169413769884E0,1.169413769884E0,1.169413769884E0,1.169413769884E0,
1.169413769884E0,1.169413769884E0,1.169413769884E0,1.169413769884E0,
1.169413769884E0),(9.435287433718E-1,9.435287433718E-1,9.435287433718E-1,
9.435287433718E-1,9.435287433718E-1,9.435287433718E-1,9.435287433718E-1,
9.435287433718E-1,9.435287433718E-1,9.435287433718E-1,9.435287433718E-1,
9.435287433718E-1,9.435287433718E-1,9.435287433718E-1,9.435287433718E-1,
9.435287433718E-1,9.435287433718E-1,9.435287433718E-1,9.435287433718E-1,
9.435287433718E-1,9.435287433718E-1),(9.435287433718E-1,9.435287433718E-1,
9.435287433718E-1,9.435287433718E-1,9.435287433718E-1,9.435287433718E-1,
9.435287433718E-1,9.435287433718E-1,9.435287433718E-1,9.435287433718E-1,
9.435287433718E-1,9.435287433718E-1,9.435287433718E-1,9.435287433718E-1,
9.435287433718E-1,9.435287433718E-1,9.435287433718E-1,9.435287433718E-1,
9.435287433718E-1,9.435287433718E-1,9.435287433718E-1),(1.169413769884E0,
1.169413769884E0,1.169413769884E0,1.169413769884E0,1.169413769884E0,
1.169413769884E0,1.169413769884E0,1.169413769884E0,1.169413769884E0,
1.169413769884E0,1.169413769884E0,1.169413769884E0,1.169413769884E0,
1.169413769884E0,1.169413769884E0,1.169413769884E0,1.169413769884E0,
1.169413769884E0,1.169413769884E0,1.169413769884E0,1.169413769884E0)))REPRESENTATION_ITEM('')SURFACE());
#5403=ORIENTED_EDGE('',*,*,#5402,.T.);
#5404=ORIENTED_EDGE('',*,*,#5292,.T.);
#5406=ORIENTED_EDGE('',*,*,#5405,.T.);
#5407=ORIENTED_EDGE('',*,*,#5312,.T.);
#5408=EDGE_LOOP('',(#5403,#5404,#5406,#5407));
#5409=FACE_OUTER_BOUND('',#5408,.F.);
#5410=ADVANCED_FACE('',(#5409),#5401,.F.);
#5411=CARTESIAN_POINT('',(-3.472E1,-2.3E1,6.55E1));
#5412=DIRECTION('',(0.E0,1.E0,0.E0));
#5413=DIRECTION('',(0.E0,0.E0,1.E0));
#5414=AXIS2_PLACEMENT_3D('',#5411,#5412,#5413);
#5415=CYLINDRICAL_SURFACE('',#5414,1.25E0);
#5416=ORIENTED_EDGE('',*,*,#5310,.T.);
#5418=ORIENTED_EDGE('',*,*,#5417,.F.);
#5419=ORIENTED_EDGE('',*,*,#5294,.F.);
#5420=ORIENTED_EDGE('',*,*,#5402,.F.);
#5421=EDGE_LOOP('',(#5416,#5418,#5419,#5420));
#5422=FACE_OUTER_BOUND('',#5421,.F.);
#5423=ADVANCED_FACE('',(#5422),#5415,.T.);
#5424=CARTESIAN_POINT('',(-3.472E1,-1.940283574714E1,6.55E1));
#5425=DIRECTION('',(0.E0,1.E0,0.E0));
#5426=DIRECTION('',(1.E0,0.E0,0.E0));
#5427=AXIS2_PLACEMENT_3D('',#5424,#5425,#5426);
#5428=CONICAL_SURFACE('',#5427,1.375E0,5.214157597172E1);
#5430=ORIENTED_EDGE('',*,*,#5429,.F.);
#5431=ORIENTED_EDGE('',*,*,#5296,.F.);
#5432=ORIENTED_EDGE('',*,*,#5417,.T.);
#5433=ORIENTED_EDGE('',*,*,#5308,.F.);
#5434=EDGE_LOOP('',(#5430,#5431,#5432,#5433));
#5435=FACE_OUTER_BOUND('',#5434,.F.);
#5436=ADVANCED_FACE('',(#5435),#5428,.T.);
#5437=CARTESIAN_POINT('',(-3.472E1,-1.940283574714E1,6.55E1));
#5438=DIRECTION('',(0.E0,1.E0,0.E0));
#5439=DIRECTION('',(1.E0,0.E0,0.E0));
#5440=AXIS2_PLACEMENT_3D('',#5437,#5438,#5439);
#5441=CONICAL_SURFACE('',#5440,1.375E0,5.214157597172E1);
#5442=ORIENTED_EDGE('',*,*,#5187,.T.);
#5443=ORIENTED_EDGE('',*,*,#5216,.F.);
#5445=ORIENTED_EDGE('',*,*,#5444,.F.);
#5446=ORIENTED_EDGE('',*,*,#5204,.F.);
#5447=EDGE_LOOP('',(#5442,#5443,#5445,#5446));
#5448=FACE_OUTER_BOUND('',#5447,.F.);
#5449=ADVANCED_FACE('',(#5448),#5441,.T.);
#5450=CARTESIAN_POINT('',(-3.472E1,0.E0,6.55E1));
#5451=DIRECTION('',(0.E0,1.E0,0.E0));
#5452=DIRECTION('',(1.E0,0.E0,0.E0));
#5453=AXIS2_PLACEMENT_3D('',#5450,#5451,#5452);
#5454=CYLINDRICAL_SURFACE('',#5453,1.5E0);
#5456=ORIENTED_EDGE('',*,*,#5455,.F.);
#5457=ORIENTED_EDGE('',*,*,#5298,.F.);
#5458=ORIENTED_EDGE('',*,*,#5429,.T.);
#5459=ORIENTED_EDGE('',*,*,#5306,.T.);
#5460=EDGE_LOOP('',(#5456,#5457,#5458,#5459));
#5461=FACE_OUTER_BOUND('',#5460,.F.);
#5462=ADVANCED_FACE('',(#5461),#5454,.T.);
#5463=CARTESIAN_POINT('',(-3.472E1,0.E0,6.55E1));
#5464=DIRECTION('',(0.E0,1.E0,0.E0));
#5465=DIRECTION('',(1.E0,0.E0,0.E0));
#5466=AXIS2_PLACEMENT_3D('',#5463,#5464,#5465);
#5467=CYLINDRICAL_SURFACE('',#5466,1.5E0);
#5468=ORIENTED_EDGE('',*,*,#5444,.T.);
#5469=ORIENTED_EDGE('',*,*,#5214,.T.);
#5471=ORIENTED_EDGE('',*,*,#5470,.F.);
#5472=ORIENTED_EDGE('',*,*,#5206,.F.);
#5473=EDGE_LOOP('',(#5468,#5469,#5471,#5472));
#5474=FACE_OUTER_BOUND('',#5473,.F.);
#5475=ADVANCED_FACE('',(#5474),#5467,.T.);
#5476=CARTESIAN_POINT('',(-3.472E1,-1.761692337144E1,6.55E1));
#5477=DIRECTION('',(0.E0,-1.E0,0.E0));
#5478=DIRECTION('',(-1.E0,0.E0,0.E0));
#5479=AXIS2_PLACEMENT_3D('',#5476,#5477,#5478);
#5480=CONICAL_SURFACE('',#5479,1.375E0,4.691211339862E1);
#5482=ORIENTED_EDGE('',*,*,#5481,.T.);
#5483=ORIENTED_EDGE('',*,*,#5300,.T.);
#5484=ORIENTED_EDGE('',*,*,#5455,.T.);
#5485=ORIENTED_EDGE('',*,*,#5304,.T.);
#5486=EDGE_LOOP('',(#5482,#5483,#5484,#5485));
#5487=FACE_OUTER_BOUND('',#5486,.F.);
#5488=ADVANCED_FACE('',(#5487),#5480,.T.);
#5489=CARTESIAN_POINT('',(-3.472E1,-1.761692337144E1,6.55E1));
#5490=DIRECTION('',(0.E0,-1.E0,0.E0));
#5491=DIRECTION('',(-1.E0,0.E0,0.E0));
#5492=AXIS2_PLACEMENT_3D('',#5489,#5490,#5491);
#5493=CONICAL_SURFACE('',#5492,1.375E0,4.691211339862E1);
#5494=ORIENTED_EDGE('',*,*,#5470,.T.);
#5495=ORIENTED_EDGE('',*,*,#5212,.T.);
#5497=ORIENTED_EDGE('',*,*,#5496,.T.);
#5498=ORIENTED_EDGE('',*,*,#5208,.T.);
#5499=EDGE_LOOP('',(#5494,#5495,#5497,#5498));
#5500=FACE_OUTER_BOUND('',#5499,.F.);
#5501=ADVANCED_FACE('',(#5500),#5493,.T.);
#5502=CARTESIAN_POINT('',(0.E0,-1.75E1,0.E0));
#5503=DIRECTION('',(0.E0,1.E0,0.E0));
#5504=DIRECTION('',(0.E0,0.E0,1.E0));
#5505=AXIS2_PLACEMENT_3D('',#5502,#5503,#5504);
#5506=PLANE('',#5505);
#5507=ORIENTED_EDGE('',*,*,#5302,.T.);
#5508=ORIENTED_EDGE('',*,*,#5481,.F.);
#5509=EDGE_LOOP('',(#5507,#5508));
#5510=FACE_OUTER_BOUND('',#5509,.F.);
#5511=ADVANCED_FACE('',(#5510),#5506,.T.);
#5512=CARTESIAN_POINT('',(0.E0,-1.75E1,0.E0));
#5513=DIRECTION('',(0.E0,1.E0,0.E0));
#5514=DIRECTION('',(0.E0,0.E0,1.E0));
#5515=AXIS2_PLACEMENT_3D('',#5512,#5513,#5514);
#5516=PLANE('',#5515);
#5517=ORIENTED_EDGE('',*,*,#5210,.F.);
#5518=ORIENTED_EDGE('',*,*,#5496,.F.);
#5519=EDGE_LOOP('',(#5517,#5518));
#5520=FACE_OUTER_BOUND('',#5519,.F.);
#5521=ADVANCED_FACE('',(#5520),#5516,.T.);
#5522=CARTESIAN_POINT('',(0.E0,-1.75E1,0.E0));
#5523=DIRECTION('',(0.E0,1.E0,0.E0));
#5524=DIRECTION('',(0.E0,0.E0,1.E0));
#5525=AXIS2_PLACEMENT_3D('',#5522,#5523,#5524);
#5526=PLANE('',#5525);
#5528=ORIENTED_EDGE('',*,*,#5527,.T.);
#5530=ORIENTED_EDGE('',*,*,#5529,.F.);
#5531=EDGE_LOOP('',(#5528,#5530));
#5532=FACE_OUTER_BOUND('',#5531,.F.);
#5533=ADVANCED_FACE('',(#5532),#5526,.T.);
#5534=CARTESIAN_POINT('',(0.E0,-1.75E1,0.E0));
#5535=DIRECTION('',(0.E0,1.E0,0.E0));
#5536=DIRECTION('',(0.E0,0.E0,1.E0));
#5537=AXIS2_PLACEMENT_3D('',#5534,#5535,#5536);
#5538=PLANE('',#5537);
#5540=ORIENTED_EDGE('',*,*,#5539,.F.);
#5542=ORIENTED_EDGE('',*,*,#5541,.F.);
#5543=EDGE_LOOP('',(#5540,#5542));
#5544=FACE_OUTER_BOUND('',#5543,.F.);
#5545=ADVANCED_FACE('',(#5544),#5538,.T.);
#5546=CARTESIAN_POINT('',(-5.22E0,-1.75E1,6.305051025722E1));
#5547=DIRECTION('',(-1.E0,0.E0,0.E0));
#5548=DIRECTION('',(0.E0,0.E0,1.E0));
#5549=AXIS2_PLACEMENT_3D('',#5546,#5547,#5548);
#5550=PLANE('',#5549);
#5551=ORIENTED_EDGE('',*,*,#5245,.T.);
#5553=ORIENTED_EDGE('',*,*,#5552,.F.);
#5555=ORIENTED_EDGE('',*,*,#5554,.T.);
#5557=ORIENTED_EDGE('',*,*,#5556,.T.);
#5559=ORIENTED_EDGE('',*,*,#5558,.T.);
#5561=ORIENTED_EDGE('',*,*,#5560,.F.);
#5562=ORIENTED_EDGE('',*,*,#5527,.F.);
#5564=ORIENTED_EDGE('',*,*,#5563,.F.);
#5566=ORIENTED_EDGE('',*,*,#5565,.F.);
#5568=ORIENTED_EDGE('',*,*,#5567,.T.);
#5570=ORIENTED_EDGE('',*,*,#5569,.F.);
#5572=ORIENTED_EDGE('',*,*,#5571,.F.);
#5573=EDGE_LOOP('',(#5551,#5553,#5555,#5557,#5559,#5561,#5562,#5564,#5566,#5568,
#5570,#5572));
#5574=FACE_OUTER_BOUND('',#5573,.F.);
#5575=ADVANCED_FACE('',(#5574),#5550,.F.);
#5576=CARTESIAN_POINT('',(-5.119609443709E0,-2.301511135114E1,
6.291281321167E1));
#5577=CARTESIAN_POINT('',(-5.155710048378E0,-2.301512334996E1,
6.291838209971E1));
#5578=CARTESIAN_POINT('',(-5.336518150965E0,-2.301520574170E1,
6.295012998636E1));
#5579=CARTESIAN_POINT('',(-5.656932519051E0,-2.301512961130E1,
6.304211336112E1));
#5580=CARTESIAN_POINT('',(-6.057221227804E0,-2.301515723929E1,
6.323484298084E1));
#5581=CARTESIAN_POINT('',(-6.419798256794E0,-2.301514959405E1,
6.349255446572E1));
#5582=CARTESIAN_POINT('',(-6.733661725756E0,-2.301515171217E1,
6.380757868999E1));
#5583=CARTESIAN_POINT('',(-6.990009544826E0,-2.301515114397E1,
6.417102593253E1));
#5584=CARTESIAN_POINT('',(-7.181458194553E0,-2.301515108619E1,
6.457243858345E1));
#5585=CARTESIAN_POINT('',(-7.302534500059E0,-2.301515161412E1,
6.500036279070E1));
#5586=CARTESIAN_POINT('',(-7.349794737914E0,-2.301515106412E1,
6.544259403603E1));
#5587=CARTESIAN_POINT('',(-7.321886037283E0,-2.301515107419E1,
6.588645196086E1));
#5588=CARTESIAN_POINT('',(-7.219582751704E0,-2.301515158840E1,
6.631926942728E1));
#5589=CARTESIAN_POINT('',(-7.045832027802E0,-2.301515105266E1,
6.672866831281E1));
#5590=CARTESIAN_POINT('',(-6.805607606201E0,-2.301515135874E1,
6.710293200351E1));
#5591=CARTESIAN_POINT('',(-6.505736186011E0,-2.301515103561E1,
6.743139205128E1));
#5592=CARTESIAN_POINT('',(-6.154808458779E0,-2.301515189407E1,
6.770463604792E1));
#5593=CARTESIAN_POINT('',(-5.762989052255E0,-2.301514875133E1,
6.791482535598E1));
#5594=CARTESIAN_POINT('',(-5.411320012045E0,-2.301515917690E1,
6.803251793784E1));
#5595=CARTESIAN_POINT('',(-5.194243753683E0,-2.301514278144E1,
6.807562585233E1));
#5596=CARTESIAN_POINT('',(-5.121513504581E0,-2.301506438993E1,
6.808684991821E1));
#5597=CARTESIAN_POINT('',(-4.987061720560E0,-2.293827271108E1,
6.377171449416E1));
#5598=CARTESIAN_POINT('',(-5.011136423015E0,-2.293828425765E1,
6.377542988300E1));
#5599=CARTESIAN_POINT('',(-5.131706245613E0,-2.293836327009E1,
6.379660026412E1));
#5600=CARTESIAN_POINT('',(-5.345949825091E0,-2.293829025708E1,
6.385808263506E1));
#5601=CARTESIAN_POINT('',(-5.613282234482E0,-2.293831676818E1,
6.398681877623E1));
#5602=CARTESIAN_POINT('',(-5.855509990088E0,-2.293830942235E1,
6.415897910220E1));
#5603=CARTESIAN_POINT('',(-6.065171188473E0,-2.293831146023E1,
6.436941889453E1));
#5604=CARTESIAN_POINT('',(-6.236423068385E0,-2.293831091353E1,
6.461221626543E1));
#5605=CARTESIAN_POINT('',(-6.364312881999E0,-2.293831084998E1,
6.488036674057E1));
#5606=CARTESIAN_POINT('',(-6.445194930457E0,-2.293831137946E1,
6.516622887708E1));
#5607=CARTESIAN_POINT('',(-6.476766078278E0,-2.293831082903E1,
6.546165191831E1));
#5608=CARTESIAN_POINT('',(-6.458122555599E0,-2.293831083928E1,
6.575815841820E1));
#5609=CARTESIAN_POINT('',(-6.389780796417E0,-2.293831135320E1,
6.604729361799E1));
#5610=CARTESIAN_POINT('',(-6.273711452493E0,-2.293831081842E1,
6.632077978097E1));
#5611=CARTESIAN_POINT('',(-6.113238179511E0,-2.293831112097E1,
6.657079449004E1));
#5612=CARTESIAN_POINT('',(-5.912912588872E0,-2.293831081101E1,
6.679021856292E1));
#5613=CARTESIAN_POINT('',(-5.678485762791E0,-2.293831162034E1,
6.697274984246E1));
#5614=CARTESIAN_POINT('',(-5.416744838859E0,-2.293830866102E1,
6.711316049969E1));
#5615=CARTESIAN_POINT('',(-5.181812909670E0,-2.293831851633E1,
6.719178400027E1));
#5616=CARTESIAN_POINT('',(-5.036813292623E0,-2.293830299271E1,
6.722057844190E1));
#5617=CARTESIAN_POINT('',(-4.988235285224E0,-2.293822865166E1,
6.722807563736E1));
#5618=CARTESIAN_POINT('',(-4.901002047937E0,-2.227193127863E1,
6.432827326027E1));
#5619=CARTESIAN_POINT('',(-4.917344583651E0,-2.227193890320E1,
6.433079455071E1));
#5620=CARTESIAN_POINT('',(-4.999194104747E0,-2.227198861058E1,
6.434516635452E1));
#5621=CARTESIAN_POINT('',(-5.144344169121E0,-2.227194263142E1,
6.438683162198E1));
#5622=CARTESIAN_POINT('',(-5.325621417820E0,-2.227195945682E1,
6.447411623616E1));
#5623=CARTESIAN_POINT('',(-5.489834679921E0,-2.227195470754E1,
6.459083357066E1));
#5624=CARTESIAN_POINT('',(-5.631981322479E0,-2.227195604957E1,
6.473350647981E1));
#5625=CARTESIAN_POINT('',(-5.748081502135E0,-2.227195568925E1,
6.489811178484E1));
#5626=CARTESIAN_POINT('',(-5.834787632384E0,-2.227195557574E1,
6.507990997805E1));
#5627=CARTESIAN_POINT('',(-5.889622789998E0,-2.227195611865E1,
6.527371541386E1));
#5628=CARTESIAN_POINT('',(-5.911026853328E0,-2.227195556447E1,
6.547400108107E1));
#5629=CARTESIAN_POINT('',(-5.898387107392E0,-2.227195557627E1,
6.567502289961E1));
#5630=CARTESIAN_POINT('',(-5.852054103701E0,-2.227195608775E1,
6.587104523187E1));
#5631=CARTESIAN_POINT('',(-5.773362931238E0,-2.227195556122E1,
6.605646049139E1));
#5632=CARTESIAN_POINT('',(-5.664566374440E0,-2.227195583316E1,
6.622596306408E1));
#5633=CARTESIAN_POINT('',(-5.528754669738E0,-2.227195563739E1,
6.637472258502E1));
#5634=CARTESIAN_POINT('',(-5.369820696021E0,-2.227195602062E1,
6.649847364142E1));
#5635=CARTESIAN_POINT('',(-5.192367440090E0,-2.227195465204E1,
6.659366765406E1));
#5636=CARTESIAN_POINT('',(-5.033095975808E0,-2.227195956204E1,
6.664697066217E1));
#5637=CARTESIAN_POINT('',(-4.934784953095E0,-2.227195159897E1,
6.666649364386E1));
#5638=CARTESIAN_POINT('',(-4.901846959027E0,-2.227191238332E1,
6.667157685971E1));
#5639=CARTESIAN_POINT('',(-4.911300519555E0,-2.140222040369E1,
6.425997331887E1));
#5640=CARTESIAN_POINT('',(-4.928685281064E0,-2.140222290927E1,
6.426265187111E1));
#5641=CARTESIAN_POINT('',(-5.015770225022E0,-2.140223436757E1,
6.427794368395E1));
#5642=CARTESIAN_POINT('',(-5.168942546299E0,-2.140222367309E1,
6.432195941741E1));
#5643=CARTESIAN_POINT('',(-5.360933252105E0,-2.140222785670E1,
6.441435490003E1));
#5644=CARTESIAN_POINT('',(-5.534674851965E0,-2.140222649643E1,
6.453786566634E1));
#5645=CARTESIAN_POINT('',(-5.685118172321E0,-2.140222693023E1,
6.468885897930E1));
#5646=CARTESIAN_POINT('',(-5.807970348247E0,-2.140222681319E1,
6.486304097573E1));
#5647=CARTESIAN_POINT('',(-5.899733180998E0,-2.140222663445E1,
6.505543643661E1));
#5648=CARTESIAN_POINT('',(-5.957762537287E0,-2.140222719490E1,
6.526053580967E1));
#5649=CARTESIAN_POINT('',(-5.980413171510E0,-2.140222663583E1,
6.547248539781E1));
#5650=CARTESIAN_POINT('',(-5.967036716194E0,-2.140222664966E1,
6.568522100206E1));
#5651=CARTESIAN_POINT('',(-5.918006003451E0,-2.140222715793E1,
6.589265716422E1));
#5652=CARTESIAN_POINT('',(-5.834729789232E0,-2.140222664218E1,
6.608887890661E1));
#5653=CARTESIAN_POINT('',(-5.719589751801E0,-2.140222687417E1,
6.626826158046E1));
#5654=CARTESIAN_POINT('',(-5.575875306916E0,-2.140222682745E1,
6.642567685961E1));
#5655=CARTESIAN_POINT('',(-5.407679332872E0,-2.140222665453E1,
6.655664231081E1));
#5656=CARTESIAN_POINT('',(-5.219879682705E0,-2.140222736217E1,
6.665738394955E1));
#5657=CARTESIAN_POINT('',(-5.051348104739E0,-2.140222581755E1,
6.671378784202E1));
#5658=CARTESIAN_POINT('',(-4.947282395448E0,-2.140222772254E1,
6.673445402758E1));
#5659=CARTESIAN_POINT('',(-4.912409068773E0,-2.140223435268E1,
6.673983501412E1));
#5660=(BOUNDED_SURFACE()B_SPLINE_SURFACE(3,3,((#5576,#5577,#5578,#5579,#5580,
#5581,#5582,#5583,#5584,#5585,#5586,#5587,#5588,#5589,#5590,#5591,#5592,#5593,
#5594,#5595,#5596),(#5597,#5598,#5599,#5600,#5601,#5602,#5603,#5604,#5605,#5606,
#5607,#5608,#5609,#5610,#5611,#5612,#5613,#5614,#5615,#5616,#5617),(#5618,#5619,
#5620,#5621,#5622,#5623,#5624,#5625,#5626,#5627,#5628,#5629,#5630,#5631,#5632,
#5633,#5634,#5635,#5636,#5637,#5638),(#5639,#5640,#5641,#5642,#5643,#5644,#5645,
#5646,#5647,#5648,#5649,#5650,#5651,#5652,#5653,#5654,#5655,#5656,#5657,#5658,
#5659)),.UNSPECIFIED.,.F.,.F.,.F.)B_SPLINE_SURFACE_WITH_KNOTS((4,4),(4,1,1,1,1,
1,1,1,1,1,1,1,1,1,1,1,1,1,4),(0.E0,1.E0),(1.769759380885E-1,1.895330810756E-1,
2.400767509308E-1,2.907537469287E-1,3.414048866683E-1,3.920806933105E-1,
4.427256620160E-1,4.933886835548E-1,5.440630720470E-1,5.947036593804E-1,
6.453745578675E-1,6.960450557936E-1,7.466858595759E-1,7.973613316680E-1,
8.480250181173E-1,8.986718580107E-1,9.493479426396E-1,1.E0,1.025315272345E0),
.UNSPECIFIED.)GEOMETRIC_REPRESENTATION_ITEM()RATIONAL_B_SPLINE_SURFACE(((
1.169413769884E0,1.169413769884E0,1.169413769884E0,1.169413769884E0,
1.169413769884E0,1.169413769884E0,1.169413769884E0,1.169413769884E0,
1.169413769884E0,1.169413769884E0,1.169413769884E0,1.169413769884E0,
1.169413769884E0,1.169413769884E0,1.169413769884E0,1.169413769884E0,
1.169413769884E0,1.169413769884E0,1.169413769884E0,1.169413769884E0,
1.169413769884E0),(9.435287433718E-1,9.435287433718E-1,9.435287433718E-1,
9.435287433718E-1,9.435287433718E-1,9.435287433718E-1,9.435287433718E-1,
9.435287433718E-1,9.435287433718E-1,9.435287433718E-1,9.435287433718E-1,
9.435287433718E-1,9.435287433718E-1,9.435287433718E-1,9.435287433718E-1,
9.435287433718E-1,9.435287433718E-1,9.435287433718E-1,9.435287433718E-1,
9.435287433718E-1,9.435287433718E-1),(9.435287433718E-1,9.435287433718E-1,
9.435287433718E-1,9.435287433718E-1,9.435287433718E-1,9.435287433718E-1,
9.435287433718E-1,9.435287433718E-1,9.435287433718E-1,9.435287433718E-1,
9.435287433718E-1,9.435287433718E-1,9.435287433718E-1,9.435287433718E-1,
9.435287433718E-1,9.435287433718E-1,9.435287433718E-1,9.435287433718E-1,
9.435287433718E-1,9.435287433718E-1,9.435287433718E-1),(1.169413769884E0,
1.169413769884E0,1.169413769884E0,1.169413769884E0,1.169413769884E0,
1.169413769884E0,1.169413769884E0,1.169413769884E0,1.169413769884E0,
1.169413769884E0,1.169413769884E0,1.169413769884E0,1.169413769884E0,
1.169413769884E0,1.169413769884E0,1.169413769884E0,1.169413769884E0,
1.169413769884E0,1.169413769884E0,1.169413769884E0,1.169413769884E0)))REPRESENTATION_ITEM('')SURFACE());
#5662=ORIENTED_EDGE('',*,*,#5661,.T.);
#5663=ORIENTED_EDGE('',*,*,#5552,.T.);
#5665=ORIENTED_EDGE('',*,*,#5664,.T.);
#5666=ORIENTED_EDGE('',*,*,#5571,.T.);
#5667=EDGE_LOOP('',(#5662,#5663,#5665,#5666));
#5668=FACE_OUTER_BOUND('',#5667,.F.);
#5669=ADVANCED_FACE('',(#5668),#5660,.F.);
#5670=CARTESIAN_POINT('',(-4.72E0,-2.3E1,6.55E1));
#5671=DIRECTION('',(0.E0,1.E0,0.E0));
#5672=DIRECTION('',(0.E0,0.E0,1.E0));
#5673=AXIS2_PLACEMENT_3D('',#5670,#5671,#5672);
#5674=CYLINDRICAL_SURFACE('',#5673,1.25E0);
#5675=ORIENTED_EDGE('',*,*,#5569,.T.);
#5677=ORIENTED_EDGE('',*,*,#5676,.F.);
#5678=ORIENTED_EDGE('',*,*,#5554,.F.);
#5679=ORIENTED_EDGE('',*,*,#5661,.F.);
#5680=EDGE_LOOP('',(#5675,#5677,#5678,#5679));
#5681=FACE_OUTER_BOUND('',#5680,.F.);
#5682=ADVANCED_FACE('',(#5681),#5674,.T.);
#5683=CARTESIAN_POINT('',(-4.72E0,-1.942259486573E1,6.55E1));
#5684=DIRECTION('',(0.E0,1.E0,0.E0));
#5685=DIRECTION('',(1.E0,0.E0,0.E0));
#5686=AXIS2_PLACEMENT_3D('',#5683,#5684,#5685);
#5687=CONICAL_SURFACE('',#5686,1.375E0,4.691211339862E1);
#5688=ORIENTED_EDGE('',*,*,#5676,.T.);
#5689=ORIENTED_EDGE('',*,*,#5567,.F.);
#5691=ORIENTED_EDGE('',*,*,#5690,.T.);
#5692=ORIENTED_EDGE('',*,*,#5556,.F.);
#5693=EDGE_LOOP('',(#5688,#5689,#5691,#5692));
#5694=FACE_OUTER_BOUND('',#5693,.F.);
#5695=ADVANCED_FACE('',(#5694),#5687,.T.);
#5696=CARTESIAN_POINT('',(-4.72E0,-1.942259486573E1,6.55E1));
#5697=DIRECTION('',(0.E0,1.E0,0.E0));
#5698=DIRECTION('',(1.E0,0.E0,0.E0));
#5699=AXIS2_PLACEMENT_3D('',#5696,#5697,#5698);
#5700=CONICAL_SURFACE('',#5699,1.375E0,4.691211339862E1);
#5702=ORIENTED_EDGE('',*,*,#5701,.T.);
#5704=ORIENTED_EDGE('',*,*,#5703,.F.);
#5706=ORIENTED_EDGE('',*,*,#5705,.T.);
#5708=ORIENTED_EDGE('',*,*,#5707,.F.);
#5709=EDGE_LOOP('',(#5702,#5704,#5706,#5708));
#5710=FACE_OUTER_BOUND('',#5709,.F.);
#5711=ADVANCED_FACE('',(#5710),#5700,.T.);
#5712=CARTESIAN_POINT('',(-4.72E0,0.E0,6.55E1));
#5713=DIRECTION('',(0.E0,1.E0,0.E0));
#5714=DIRECTION('',(1.E0,0.E0,0.E0));
#5715=AXIS2_PLACEMENT_3D('',#5712,#5713,#5714);
#5716=CYLINDRICAL_SURFACE('',#5715,1.5E0);
#5717=ORIENTED_EDGE('',*,*,#5690,.F.);
#5718=ORIENTED_EDGE('',*,*,#5565,.T.);
#5720=ORIENTED_EDGE('',*,*,#5719,.T.);
#5721=ORIENTED_EDGE('',*,*,#5558,.F.);
#5722=EDGE_LOOP('',(#5717,#5718,#5720,#5721));
#5723=FACE_OUTER_BOUND('',#5722,.F.);
#5724=ADVANCED_FACE('',(#5723),#5716,.T.);
#5725=CARTESIAN_POINT('',(-4.72E0,0.E0,6.55E1));
#5726=DIRECTION('',(0.E0,1.E0,0.E0));
#5727=DIRECTION('',(1.E0,0.E0,0.E0));
#5728=AXIS2_PLACEMENT_3D('',#5725,#5726,#5727);
#5729=CYLINDRICAL_SURFACE('',#5728,1.5E0);
#5731=ORIENTED_EDGE('',*,*,#5730,.T.);
#5733=ORIENTED_EDGE('',*,*,#5732,.F.);
#5734=ORIENTED_EDGE('',*,*,#5701,.F.);
#5736=ORIENTED_EDGE('',*,*,#5735,.T.);
#5737=EDGE_LOOP('',(#5731,#5733,#5734,#5736));
#5738=FACE_OUTER_BOUND('',#5737,.F.);
#5739=ADVANCED_FACE('',(#5738),#5729,.T.);
#5740=CARTESIAN_POINT('',(-4.72E0,-1.761692337144E1,6.55E1));
#5741=DIRECTION('',(0.E0,-1.E0,0.E0));
#5742=DIRECTION('',(-1.E0,0.E0,0.E0));
#5743=AXIS2_PLACEMENT_3D('',#5740,#5741,#5742);
#5744=CONICAL_SURFACE('',#5743,1.375E0,4.691211339862E1);
#5745=ORIENTED_EDGE('',*,*,#5719,.F.);
#5746=ORIENTED_EDGE('',*,*,#5563,.T.);
#5747=ORIENTED_EDGE('',*,*,#5529,.T.);
#5748=ORIENTED_EDGE('',*,*,#5560,.T.);
#5749=EDGE_LOOP('',(#5745,#5746,#5747,#5748));
#5750=FACE_OUTER_BOUND('',#5749,.F.);
#5751=ADVANCED_FACE('',(#5750),#5744,.T.);
#5752=CARTESIAN_POINT('',(-4.72E0,-1.761692337144E1,6.55E1));
#5753=DIRECTION('',(0.E0,-1.E0,0.E0));
#5754=DIRECTION('',(-1.E0,0.E0,0.E0));
#5755=AXIS2_PLACEMENT_3D('',#5752,#5753,#5754);
#5756=CONICAL_SURFACE('',#5755,1.375E0,4.691211339862E1);
#5757=ORIENTED_EDGE('',*,*,#5541,.T.);
#5759=ORIENTED_EDGE('',*,*,#5758,.T.);
#5760=ORIENTED_EDGE('',*,*,#5730,.F.);
#5762=ORIENTED_EDGE('',*,*,#5761,.T.);
#5763=EDGE_LOOP('',(#5757,#5759,#5760,#5762));
#5764=FACE_OUTER_BOUND('',#5763,.F.);
#5765=ADVANCED_FACE('',(#5764),#5756,.T.);
#5766=CARTESIAN_POINT('',(-4.22E0,-1.75E1,6.794948974278E1));
#5767=DIRECTION('',(1.E0,0.E0,0.E0));
#5768=DIRECTION('',(0.E0,0.E0,-1.E0));
#5769=AXIS2_PLACEMENT_3D('',#5766,#5767,#5768);
#5770=PLANE('',#5769);
#5771=ORIENTED_EDGE('',*,*,#5251,.T.);
#5773=ORIENTED_EDGE('',*,*,#5772,.F.);
#5775=ORIENTED_EDGE('',*,*,#5774,.F.);
#5777=ORIENTED_EDGE('',*,*,#5776,.T.);
#5778=ORIENTED_EDGE('',*,*,#5703,.T.);
#5779=ORIENTED_EDGE('',*,*,#5732,.T.);
#5780=ORIENTED_EDGE('',*,*,#5758,.F.);
#5781=ORIENTED_EDGE('',*,*,#5539,.T.);
#5782=ORIENTED_EDGE('',*,*,#5761,.F.);
#5783=ORIENTED_EDGE('',*,*,#5735,.F.);
#5784=ORIENTED_EDGE('',*,*,#5707,.T.);
#5786=ORIENTED_EDGE('',*,*,#5785,.F.);
#5788=ORIENTED_EDGE('',*,*,#5787,.F.);
#5790=ORIENTED_EDGE('',*,*,#5789,.F.);
#5791=EDGE_LOOP('',(#5771,#5773,#5775,#5777,#5778,#5779,#5780,#5781,#5782,#5783,
#5784,#5786,#5788,#5790));
#5792=FACE_OUTER_BOUND('',#5791,.F.);
#5793=ADVANCED_FACE('',(#5792),#5770,.F.);
#5794=CARTESIAN_POINT('',(-2.E0,-3.8E1,6.3E1));
#5795=DIRECTION('',(0.E0,0.E0,-1.E0));
#5796=DIRECTION('',(-1.E0,0.E0,0.E0));
#5797=AXIS2_PLACEMENT_3D('',#5794,#5795,#5796);
#5798=PLANE('',#5797);
#5799=ORIENTED_EDGE('',*,*,#5267,.T.);
#5801=ORIENTED_EDGE('',*,*,#5800,.F.);
#5802=ORIENTED_EDGE('',*,*,#5772,.T.);
#5803=ORIENTED_EDGE('',*,*,#5249,.T.);
#5805=ORIENTED_EDGE('',*,*,#5804,.F.);
#5806=ORIENTED_EDGE('',*,*,#4283,.F.);
#5807=ORIENTED_EDGE('',*,*,#3725,.T.);
#5808=EDGE_LOOP('',(#5799,#5801,#5802,#5803,#5805,#5806,#5807));
#5809=FACE_OUTER_BOUND('',#5808,.F.);
#5810=ADVANCED_FACE('',(#5809),#5798,.T.);
#5811=CARTESIAN_POINT('',(-4.72E0,-2.15E1,6.55E1));
#5812=DIRECTION('',(0.E0,1.E0,0.E0));
#5813=DIRECTION('',(-9.999988959614E-1,0.E0,1.485959642857E-3));
#5814=AXIS2_PLACEMENT_3D('',#5811,#5812,#5813);
#5815=TOROIDAL_SURFACE('',#5814,2.75E0,1.5E0);
#5817=ORIENTED_EDGE('',*,*,#5816,.T.);
#5818=ORIENTED_EDGE('',*,*,#5774,.T.);
#5819=ORIENTED_EDGE('',*,*,#5800,.T.);
#5820=ORIENTED_EDGE('',*,*,#5265,.F.);
#5821=ORIENTED_EDGE('',*,*,#3721,.T.);
#5822=ORIENTED_EDGE('',*,*,#5278,.F.);
#5824=ORIENTED_EDGE('',*,*,#5823,.T.);
#5825=ORIENTED_EDGE('',*,*,#5787,.T.);
#5826=EDGE_LOOP('',(#5817,#5818,#5819,#5820,#5821,#5822,#5824,#5825));
#5827=FACE_OUTER_BOUND('',#5826,.F.);
#5828=ADVANCED_FACE('',(#5827),#5815,.F.);
#5829=CARTESIAN_POINT('',(-4.72E0,-2.3E1,6.55E1));
#5830=DIRECTION('',(0.E0,1.E0,0.E0));
#5831=DIRECTION('',(0.E0,0.E0,1.E0));
#5832=AXIS2_PLACEMENT_3D('',#5829,#5830,#5831);
#5833=CYLINDRICAL_SURFACE('',#5832,1.25E0);
#5834=ORIENTED_EDGE('',*,*,#5816,.F.);
#5835=ORIENTED_EDGE('',*,*,#5785,.T.);
#5836=ORIENTED_EDGE('',*,*,#5705,.F.);
#5837=ORIENTED_EDGE('',*,*,#5776,.F.);
#5838=EDGE_LOOP('',(#5834,#5835,#5836,#5837));
#5839=FACE_OUTER_BOUND('',#5838,.F.);
#5840=ADVANCED_FACE('',(#5839),#5833,.T.);
#5841=CARTESIAN_POINT('',(-4.72E0,-3.8E1,6.8E1));
#5842=DIRECTION('',(0.E0,0.E0,1.E0));
#5843=DIRECTION('',(1.E0,0.E0,0.E0));
#5844=AXIS2_PLACEMENT_3D('',#5841,#5842,#5843);
#5845=PLANE('',#5844);
#5846=ORIENTED_EDGE('',*,*,#5253,.T.);
#5847=ORIENTED_EDGE('',*,*,#5789,.T.);
#5848=ORIENTED_EDGE('',*,*,#5823,.F.);
#5849=ORIENTED_EDGE('',*,*,#5281,.T.);
#5850=ORIENTED_EDGE('',*,*,#3717,.F.);
#5851=ORIENTED_EDGE('',*,*,#4287,.T.);
#5853=ORIENTED_EDGE('',*,*,#5852,.T.);
#5854=EDGE_LOOP('',(#5846,#5847,#5848,#5849,#5850,#5851,#5853));
#5855=FACE_OUTER_BOUND('',#5854,.F.);
#5856=ADVANCED_FACE('',(#5855),#5845,.T.);
#5857=CARTESIAN_POINT('',(-4.72E0,-3.8E1,6.55E1));
#5858=DIRECTION('',(0.E0,1.E0,0.E0));
#5859=DIRECTION('',(0.E0,0.E0,1.E0));
#5860=AXIS2_PLACEMENT_3D('',#5857,#5858,#5859);
#5861=CYLINDRICAL_SURFACE('',#5860,2.5E0);
#5862=ORIENTED_EDGE('',*,*,#5664,.F.);
#5863=ORIENTED_EDGE('',*,*,#5255,.T.);
#5864=ORIENTED_EDGE('',*,*,#5852,.F.);
#5865=ORIENTED_EDGE('',*,*,#4285,.F.);
#5866=ORIENTED_EDGE('',*,*,#5804,.T.);
#5867=ORIENTED_EDGE('',*,*,#5247,.T.);
#5868=EDGE_LOOP('',(#5862,#5863,#5864,#5865,#5866,#5867));
#5869=FACE_OUTER_BOUND('',#5868,.F.);
#5870=ADVANCED_FACE('',(#5869),#5861,.T.);
#5871=CARTESIAN_POINT('',(-3.472E1,-3.8E1,6.55E1));
#5872=DIRECTION('',(0.E0,1.E0,0.E0));
#5873=DIRECTION('',(0.E0,0.E0,1.E0));
#5874=AXIS2_PLACEMENT_3D('',#5871,#5872,#5873);
#5875=CYLINDRICAL_SURFACE('',#5874,2.5E0);
#5876=ORIENTED_EDGE('',*,*,#5405,.F.);
#5877=ORIENTED_EDGE('',*,*,#5235,.T.);
#5878=ORIENTED_EDGE('',*,*,#5078,.F.);
#5879=ORIENTED_EDGE('',*,*,#4328,.F.);
#5880=ORIENTED_EDGE('',*,*,#5075,.T.);
#5881=ORIENTED_EDGE('',*,*,#5230,.T.);
#5882=EDGE_LOOP('',(#5876,#5877,#5878,#5879,#5880,#5881));
#5883=FACE_OUTER_BOUND('',#5882,.F.);
#5884=ADVANCED_FACE('',(#5883),#5875,.T.);
#5885=CARTESIAN_POINT('',(-7.91E1,-3.8E1,6.7E1));
#5886=DIRECTION('',(0.E0,0.E0,1.E0));
#5887=DIRECTION('',(1.E0,0.E0,0.E0));
#5888=AXIS2_PLACEMENT_3D('',#5885,#5886,#5887);
#5889=CYLINDRICAL_SURFACE('',#5888,8.9E0);
#5891=ORIENTED_EDGE('',*,*,#5890,.F.);
#5892=ORIENTED_EDGE('',*,*,#4294,.T.);
#5894=ORIENTED_EDGE('',*,*,#5893,.T.);
#5896=ORIENTED_EDGE('',*,*,#5895,.F.);
#5897=EDGE_LOOP('',(#5891,#5892,#5894,#5896));
#5898=FACE_OUTER_BOUND('',#5897,.F.);
#5899=ADVANCED_FACE('',(#5898),#5889,.F.);
#5900=CARTESIAN_POINT('',(0.E0,0.E0,6.7E1));
#5901=DIRECTION('',(0.E0,0.E0,1.E0));
#5902=DIRECTION('',(1.E0,0.E0,0.E0));
#5903=AXIS2_PLACEMENT_3D('',#5900,#5901,#5902);
#5904=PLANE('',#5903);
#5905=ORIENTED_EDGE('',*,*,#3593,.F.);
#5906=ORIENTED_EDGE('',*,*,#5890,.T.);
#5908=ORIENTED_EDGE('',*,*,#5907,.T.);
#5910=ORIENTED_EDGE('',*,*,#5909,.T.);
#5912=ORIENTED_EDGE('',*,*,#5911,.T.);
#5914=ORIENTED_EDGE('',*,*,#5913,.T.);
#5916=ORIENTED_EDGE('',*,*,#5915,.T.);
#5918=ORIENTED_EDGE('',*,*,#5917,.T.);
#5920=ORIENTED_EDGE('',*,*,#5919,.T.);
#5921=EDGE_LOOP('',(#5905,#5906,#5908,#5910,#5912,#5914,#5916,#5918,#5920));
#5922=FACE_OUTER_BOUND('',#5921,.F.);
#5923=ADVANCED_FACE('',(#5922),#5904,.F.);
#5924=CARTESIAN_POINT('',(-8.3E1,-3.E1,6.7E1));
#5925=DIRECTION('',(1.E0,0.E0,0.E0));
#5926=DIRECTION('',(0.E0,1.E0,0.E0));
#5927=AXIS2_PLACEMENT_3D('',#5924,#5925,#5926);
#5928=PLANE('',#5927);
#5929=ORIENTED_EDGE('',*,*,#5907,.F.);
#5930=ORIENTED_EDGE('',*,*,#5895,.T.);
#5932=ORIENTED_EDGE('',*,*,#5931,.T.);
#5934=ORIENTED_EDGE('',*,*,#5933,.F.);
#5935=EDGE_LOOP('',(#5929,#5930,#5932,#5934));
#5936=FACE_OUTER_BOUND('',#5935,.F.);
#5937=ADVANCED_FACE('',(#5936),#5928,.T.);
#5938=CARTESIAN_POINT('',(0.E0,0.E0,7.4E1));
#5939=DIRECTION('',(0.E0,0.E0,1.E0));
#5940=DIRECTION('',(1.E0,0.E0,0.E0));
#5941=AXIS2_PLACEMENT_3D('',#5938,#5939,#5940);
#5942=PLANE('',#5941);
#5943=ORIENTED_EDGE('',*,*,#3597,.T.);
#5945=ORIENTED_EDGE('',*,*,#5944,.F.);
#5947=ORIENTED_EDGE('',*,*,#5946,.F.);
#5949=ORIENTED_EDGE('',*,*,#5948,.F.);
#5951=ORIENTED_EDGE('',*,*,#5950,.F.);
#5953=ORIENTED_EDGE('',*,*,#5952,.F.);
#5955=ORIENTED_EDGE('',*,*,#5954,.F.);
#5956=ORIENTED_EDGE('',*,*,#5931,.F.);
#5957=ORIENTED_EDGE('',*,*,#5893,.F.);
#5958=EDGE_LOOP('',(#5943,#5945,#5947,#5949,#5951,#5953,#5955,#5956,#5957));
#5959=FACE_OUTER_BOUND('',#5958,.F.);
#5960=ADVANCED_FACE('',(#5959),#5942,.T.);
#5961=CARTESIAN_POINT('',(-8.3E1,-1.9E1,6.7E1));
#5962=DIRECTION('',(0.E0,1.E0,0.E0));
#5963=DIRECTION('',(-1.E0,0.E0,0.E0));
#5964=AXIS2_PLACEMENT_3D('',#5961,#5962,#5963);
#5965=PLANE('',#5964);
#5966=ORIENTED_EDGE('',*,*,#3595,.F.);
#5967=ORIENTED_EDGE('',*,*,#5919,.F.);
#5969=ORIENTED_EDGE('',*,*,#5968,.T.);
#5970=ORIENTED_EDGE('',*,*,#5944,.T.);
#5971=EDGE_LOOP('',(#5966,#5967,#5969,#5970));
#5972=FACE_OUTER_BOUND('',#5971,.F.);
#5973=ADVANCED_FACE('',(#5972),#5965,.T.);
#5974=CARTESIAN_POINT('',(-8.3E1,-2.207157287525E1,6.7E1));
#5975=DIRECTION('',(1.E0,0.E0,0.E0));
#5976=DIRECTION('',(0.E0,1.E0,0.E0));
#5977=AXIS2_PLACEMENT_3D('',#5974,#5975,#5976);
#5978=PLANE('',#5977);
#5979=ORIENTED_EDGE('',*,*,#5917,.F.);
#5981=ORIENTED_EDGE('',*,*,#5980,.T.);
#5982=ORIENTED_EDGE('',*,*,#5946,.T.);
#5983=ORIENTED_EDGE('',*,*,#5968,.F.);
#5984=EDGE_LOOP('',(#5979,#5981,#5982,#5983));
#5985=FACE_OUTER_BOUND('',#5984,.F.);
#5986=ADVANCED_FACE('',(#5985),#5978,.T.);
#5987=CARTESIAN_POINT('',(-8.5E1,-2.207157287525E1,6.7E1));
#5988=DIRECTION('',(0.E0,0.E0,1.E0));
#5989=DIRECTION('',(1.E0,0.E0,0.E0));
#5990=AXIS2_PLACEMENT_3D('',#5987,#5988,#5989);
#5991=CYLINDRICAL_SURFACE('',#5990,2.E0);
#5992=ORIENTED_EDGE('',*,*,#5915,.F.);
#5994=ORIENTED_EDGE('',*,*,#5993,.T.);
#5995=ORIENTED_EDGE('',*,*,#5948,.T.);
#5996=ORIENTED_EDGE('',*,*,#5980,.F.);
#5997=EDGE_LOOP('',(#5992,#5994,#5995,#5996));
#5998=FACE_OUTER_BOUND('',#5997,.F.);
#5999=ADVANCED_FACE('',(#5998),#5991,.T.);
#6000=CARTESIAN_POINT('',(-8.524644660941E1,-2.514644660941E1,6.7E1));
#6001=DIRECTION('',(7.071067811865E-1,-7.071067811865E-1,0.E0));
#6002=DIRECTION('',(7.071067811865E-1,7.071067811865E-1,0.E0));
#6003=AXIS2_PLACEMENT_3D('',#6000,#6001,#6002);
#6004=PLANE('',#6003);
#6005=ORIENTED_EDGE('',*,*,#5913,.F.);
#6007=ORIENTED_EDGE('',*,*,#6006,.T.);
#6008=ORIENTED_EDGE('',*,*,#5950,.T.);
#6009=ORIENTED_EDGE('',*,*,#5993,.F.);
#6010=EDGE_LOOP('',(#6005,#6007,#6008,#6009));
#6011=FACE_OUTER_BOUND('',#6010,.F.);
#6012=ADVANCED_FACE('',(#6011),#6004,.T.);
#6013=CARTESIAN_POINT('',(-8.489289321881E1,-2.55E1,6.7E1));
#6014=DIRECTION('',(0.E0,0.E0,1.E0));
#6015=DIRECTION('',(1.E0,0.E0,0.E0));
#6016=AXIS2_PLACEMENT_3D('',#6013,#6014,#6015);
#6017=CYLINDRICAL_SURFACE('',#6016,5.E-1);
#6018=ORIENTED_EDGE('',*,*,#5911,.F.);
#6020=ORIENTED_EDGE('',*,*,#6019,.T.);
#6021=ORIENTED_EDGE('',*,*,#5952,.T.);
#6022=ORIENTED_EDGE('',*,*,#6006,.F.);
#6023=EDGE_LOOP('',(#6018,#6020,#6021,#6022));
#6024=FACE_OUTER_BOUND('',#6023,.F.);
#6025=ADVANCED_FACE('',(#6024),#6017,.F.);
#6026=CARTESIAN_POINT('',(-8.3E1,-2.6E1,6.7E1));
#6027=DIRECTION('',(0.E0,1.E0,0.E0));
#6028=DIRECTION('',(-1.E0,0.E0,0.E0));
#6029=AXIS2_PLACEMENT_3D('',#6026,#6027,#6028);
#6030=PLANE('',#6029);
#6031=ORIENTED_EDGE('',*,*,#5909,.F.);
#6032=ORIENTED_EDGE('',*,*,#5933,.T.);
#6033=ORIENTED_EDGE('',*,*,#5954,.T.);
#6034=ORIENTED_EDGE('',*,*,#6019,.F.);
#6035=EDGE_LOOP('',(#6031,#6032,#6033,#6034));
#6036=FACE_OUTER_BOUND('',#6035,.F.);
#6037=ADVANCED_FACE('',(#6036),#6030,.T.);
#6038=CARTESIAN_POINT('',(-7.91E1,-3.8E1,1.2E1));
#6039=DIRECTION('',(0.E0,0.E0,1.E0));
#6040=DIRECTION('',(1.E0,0.E0,0.E0));
#6041=AXIS2_PLACEMENT_3D('',#6038,#6039,#6040);
#6042=CYLINDRICAL_SURFACE('',#6041,8.9E0);
#6044=ORIENTED_EDGE('',*,*,#6043,.F.);
#6045=ORIENTED_EDGE('',*,*,#4297,.T.);
#6047=ORIENTED_EDGE('',*,*,#6046,.T.);
#6049=ORIENTED_EDGE('',*,*,#6048,.F.);
#6050=EDGE_LOOP('',(#6044,#6045,#6047,#6049));
#6051=FACE_OUTER_BOUND('',#6050,.F.);
#6052=ADVANCED_FACE('',(#6051),#6042,.F.);
#6053=CARTESIAN_POINT('',(0.E0,0.E0,1.2E1));
#6054=DIRECTION('',(0.E0,0.E0,1.E0));
#6055=DIRECTION('',(1.E0,0.E0,0.E0));
#6056=AXIS2_PLACEMENT_3D('',#6053,#6054,#6055);
#6057=PLANE('',#6056);
#6058=ORIENTED_EDGE('',*,*,#3585,.F.);
#6059=ORIENTED_EDGE('',*,*,#6043,.T.);
#6061=ORIENTED_EDGE('',*,*,#6060,.T.);
#6063=ORIENTED_EDGE('',*,*,#6062,.T.);
#6065=ORIENTED_EDGE('',*,*,#6064,.T.);
#6067=ORIENTED_EDGE('',*,*,#6066,.T.);
#6069=ORIENTED_EDGE('',*,*,#6068,.T.);
#6071=ORIENTED_EDGE('',*,*,#6070,.T.);
#6073=ORIENTED_EDGE('',*,*,#6072,.T.);
#6074=EDGE_LOOP('',(#6058,#6059,#6061,#6063,#6065,#6067,#6069,#6071,#6073));
#6075=FACE_OUTER_BOUND('',#6074,.F.);
#6076=ADVANCED_FACE('',(#6075),#6057,.F.);
#6077=CARTESIAN_POINT('',(-8.3E1,-3.E1,1.2E1));
#6078=DIRECTION('',(1.E0,0.E0,0.E0));
#6079=DIRECTION('',(0.E0,1.E0,0.E0));
#6080=AXIS2_PLACEMENT_3D('',#6077,#6078,#6079);
#6081=PLANE('',#6080);
#6082=ORIENTED_EDGE('',*,*,#6060,.F.);
#6083=ORIENTED_EDGE('',*,*,#6048,.T.);
#6085=ORIENTED_EDGE('',*,*,#6084,.T.);
#6087=ORIENTED_EDGE('',*,*,#6086,.F.);
#6088=EDGE_LOOP('',(#6082,#6083,#6085,#6087));
#6089=FACE_OUTER_BOUND('',#6088,.F.);
#6090=ADVANCED_FACE('',(#6089),#6081,.T.);
#6091=CARTESIAN_POINT('',(0.E0,0.E0,1.9E1));
#6092=DIRECTION('',(0.E0,0.E0,1.E0));
#6093=DIRECTION('',(1.E0,0.E0,0.E0));
#6094=AXIS2_PLACEMENT_3D('',#6091,#6092,#6093);
#6095=PLANE('',#6094);
#6096=ORIENTED_EDGE('',*,*,#3589,.T.);
#6098=ORIENTED_EDGE('',*,*,#6097,.F.);
#6100=ORIENTED_EDGE('',*,*,#6099,.F.);
#6102=ORIENTED_EDGE('',*,*,#6101,.F.);
#6104=ORIENTED_EDGE('',*,*,#6103,.F.);
#6106=ORIENTED_EDGE('',*,*,#6105,.F.);
#6108=ORIENTED_EDGE('',*,*,#6107,.F.);
#6109=ORIENTED_EDGE('',*,*,#6084,.F.);
#6110=ORIENTED_EDGE('',*,*,#6046,.F.);
#6111=EDGE_LOOP('',(#6096,#6098,#6100,#6102,#6104,#6106,#6108,#6109,#6110));
#6112=FACE_OUTER_BOUND('',#6111,.F.);
#6113=ADVANCED_FACE('',(#6112),#6095,.T.);
#6114=CARTESIAN_POINT('',(-8.3E1,-1.9E1,1.2E1));
#6115=DIRECTION('',(0.E0,1.E0,0.E0));
#6116=DIRECTION('',(-1.E0,0.E0,0.E0));
#6117=AXIS2_PLACEMENT_3D('',#6114,#6115,#6116);
#6118=PLANE('',#6117);
#6119=ORIENTED_EDGE('',*,*,#3587,.F.);
#6120=ORIENTED_EDGE('',*,*,#6072,.F.);
#6122=ORIENTED_EDGE('',*,*,#6121,.T.);
#6123=ORIENTED_EDGE('',*,*,#6097,.T.);
#6124=EDGE_LOOP('',(#6119,#6120,#6122,#6123));
#6125=FACE_OUTER_BOUND('',#6124,.F.);
#6126=ADVANCED_FACE('',(#6125),#6118,.T.);
#6127=CARTESIAN_POINT('',(-8.3E1,-2.207157287525E1,1.2E1));
#6128=DIRECTION('',(1.E0,0.E0,0.E0));
#6129=DIRECTION('',(0.E0,1.E0,0.E0));
#6130=AXIS2_PLACEMENT_3D('',#6127,#6128,#6129);
#6131=PLANE('',#6130);
#6132=ORIENTED_EDGE('',*,*,#6070,.F.);
#6134=ORIENTED_EDGE('',*,*,#6133,.T.);
#6135=ORIENTED_EDGE('',*,*,#6099,.T.);
#6136=ORIENTED_EDGE('',*,*,#6121,.F.);
#6137=EDGE_LOOP('',(#6132,#6134,#6135,#6136));
#6138=FACE_OUTER_BOUND('',#6137,.F.);
#6139=ADVANCED_FACE('',(#6138),#6131,.T.);
#6140=CARTESIAN_POINT('',(-8.5E1,-2.207157287525E1,1.2E1));
#6141=DIRECTION('',(0.E0,0.E0,1.E0));
#6142=DIRECTION('',(1.E0,0.E0,0.E0));
#6143=AXIS2_PLACEMENT_3D('',#6140,#6141,#6142);
#6144=CYLINDRICAL_SURFACE('',#6143,2.E0);
#6145=ORIENTED_EDGE('',*,*,#6068,.F.);
#6147=ORIENTED_EDGE('',*,*,#6146,.T.);
#6148=ORIENTED_EDGE('',*,*,#6101,.T.);
#6149=ORIENTED_EDGE('',*,*,#6133,.F.);
#6150=EDGE_LOOP('',(#6145,#6147,#6148,#6149));
#6151=FACE_OUTER_BOUND('',#6150,.F.);
#6152=ADVANCED_FACE('',(#6151),#6144,.T.);
#6153=CARTESIAN_POINT('',(-8.524644660941E1,-2.514644660941E1,1.2E1));
#6154=DIRECTION('',(7.071067811865E-1,-7.071067811865E-1,0.E0));
#6155=DIRECTION('',(7.071067811865E-1,7.071067811865E-1,0.E0));
#6156=AXIS2_PLACEMENT_3D('',#6153,#6154,#6155);
#6157=PLANE('',#6156);
#6158=ORIENTED_EDGE('',*,*,#6066,.F.);
#6160=ORIENTED_EDGE('',*,*,#6159,.T.);
#6161=ORIENTED_EDGE('',*,*,#6103,.T.);
#6162=ORIENTED_EDGE('',*,*,#6146,.F.);
#6163=EDGE_LOOP('',(#6158,#6160,#6161,#6162));
#6164=FACE_OUTER_BOUND('',#6163,.F.);
#6165=ADVANCED_FACE('',(#6164),#6157,.T.);
#6166=CARTESIAN_POINT('',(-8.489289321881E1,-2.55E1,1.2E1));
#6167=DIRECTION('',(0.E0,0.E0,1.E0));
#6168=DIRECTION('',(1.E0,0.E0,0.E0));
#6169=AXIS2_PLACEMENT_3D('',#6166,#6167,#6168);
#6170=CYLINDRICAL_SURFACE('',#6169,5.E-1);
#6171=ORIENTED_EDGE('',*,*,#6064,.F.);
#6173=ORIENTED_EDGE('',*,*,#6172,.T.);
#6174=ORIENTED_EDGE('',*,*,#6105,.T.);
#6175=ORIENTED_EDGE('',*,*,#6159,.F.);
#6176=EDGE_LOOP('',(#6171,#6173,#6174,#6175));
#6177=FACE_OUTER_BOUND('',#6176,.F.);
#6178=ADVANCED_FACE('',(#6177),#6170,.F.);
#6179=CARTESIAN_POINT('',(-8.3E1,-2.6E1,1.2E1));
#6180=DIRECTION('',(0.E0,1.E0,0.E0));
#6181=DIRECTION('',(-1.E0,0.E0,0.E0));
#6182=AXIS2_PLACEMENT_3D('',#6179,#6180,#6181);
#6183=PLANE('',#6182);
#6184=ORIENTED_EDGE('',*,*,#6062,.F.);
#6185=ORIENTED_EDGE('',*,*,#6086,.T.);
#6186=ORIENTED_EDGE('',*,*,#6107,.T.);
#6187=ORIENTED_EDGE('',*,*,#6172,.F.);
#6188=EDGE_LOOP('',(#6184,#6185,#6186,#6187));
#6189=FACE_OUTER_BOUND('',#6188,.F.);
#6190=ADVANCED_FACE('',(#6189),#6183,.T.);
#6191=CARTESIAN_POINT('',(-1.E1,-3.8E1,1.E1));
#6192=DIRECTION('',(-1.E0,0.E0,0.E0));
#6193=DIRECTION('',(0.E0,0.E0,1.E0));
#6194=AXIS2_PLACEMENT_3D('',#6191,#6192,#6193);
#6195=PLANE('',#6194);
#6196=ORIENTED_EDGE('',*,*,#3097,.T.);
#6198=ORIENTED_EDGE('',*,*,#6197,.F.);
#6199=ORIENTED_EDGE('',*,*,#4342,.F.);
#6201=ORIENTED_EDGE('',*,*,#6200,.T.);
#6202=EDGE_LOOP('',(#6196,#6198,#6199,#6201));
#6203=FACE_OUTER_BOUND('',#6202,.F.);
#6204=ADVANCED_FACE('',(#6203),#6195,.F.);
#6205=CARTESIAN_POINT('',(-9.E0,-3.8E1,8.E1));
#6206=DIRECTION('',(0.E0,1.E0,0.E0));
#6207=DIRECTION('',(1.E0,0.E0,0.E0));
#6208=AXIS2_PLACEMENT_3D('',#6205,#6206,#6207);
#6209=CYLINDRICAL_SURFACE('',#6208,1.E0);
#6210=ORIENTED_EDGE('',*,*,#3103,.T.);
#6212=ORIENTED_EDGE('',*,*,#6211,.F.);
#6213=ORIENTED_EDGE('',*,*,#4344,.F.);
#6214=ORIENTED_EDGE('',*,*,#6197,.T.);
#6215=EDGE_LOOP('',(#6210,#6212,#6213,#6214));
#6216=FACE_OUTER_BOUND('',#6215,.F.);
#6217=ADVANCED_FACE('',(#6216),#6209,.F.);
#6218=CARTESIAN_POINT('',(-8.E0,-3.8E1,8.E1));
#6219=DIRECTION('',(1.E0,0.E0,0.E0));
#6220=DIRECTION('',(0.E0,0.E0,-1.E0));
#6221=AXIS2_PLACEMENT_3D('',#6218,#6219,#6220);
#6222=PLANE('',#6221);
#6223=ORIENTED_EDGE('',*,*,#3101,.T.);
#6225=ORIENTED_EDGE('',*,*,#6224,.F.);
#6226=ORIENTED_EDGE('',*,*,#4346,.F.);
#6227=ORIENTED_EDGE('',*,*,#6211,.T.);
#6228=EDGE_LOOP('',(#6223,#6225,#6226,#6227));
#6229=FACE_OUTER_BOUND('',#6228,.F.);
#6230=ADVANCED_FACE('',(#6229),#6222,.F.);
#6231=CARTESIAN_POINT('',(-9.E0,-3.8E1,1.E1));
#6232=DIRECTION('',(0.E0,1.E0,0.E0));
#6233=DIRECTION('',(1.E0,0.E0,0.E0));
#6234=AXIS2_PLACEMENT_3D('',#6231,#6232,#6233);
#6235=CYLINDRICAL_SURFACE('',#6234,1.E0);
#6236=ORIENTED_EDGE('',*,*,#3099,.T.);
#6237=ORIENTED_EDGE('',*,*,#6200,.F.);
#6238=ORIENTED_EDGE('',*,*,#4348,.F.);
#6239=ORIENTED_EDGE('',*,*,#6224,.T.);
#6240=EDGE_LOOP('',(#6236,#6237,#6238,#6239));
#6241=FACE_OUTER_BOUND('',#6240,.F.);
#6242=ADVANCED_FACE('',(#6241),#6235,.F.);
#6243=CARTESIAN_POINT('',(-1.42E1,-3.8E1,1.E1));
#6244=DIRECTION('',(-1.E0,0.E0,0.E0));
#6245=DIRECTION('',(0.E0,0.E0,1.E0));
#6246=AXIS2_PLACEMENT_3D('',#6243,#6244,#6245);
#6247=PLANE('',#6246);
#6248=ORIENTED_EDGE('',*,*,#3107,.T.);
#6250=ORIENTED_EDGE('',*,*,#6249,.F.);
#6251=ORIENTED_EDGE('',*,*,#4352,.F.);
#6253=ORIENTED_EDGE('',*,*,#6252,.T.);
#6254=EDGE_LOOP('',(#6248,#6250,#6251,#6253));
#6255=FACE_OUTER_BOUND('',#6254,.F.);
#6256=ADVANCED_FACE('',(#6255),#6247,.F.);
#6257=CARTESIAN_POINT('',(-1.32E1,-3.8E1,8.E1));
#6258=DIRECTION('',(0.E0,1.E0,0.E0));
#6259=DIRECTION('',(1.E0,0.E0,0.E0));
#6260=AXIS2_PLACEMENT_3D('',#6257,#6258,#6259);
#6261=CYLINDRICAL_SURFACE('',#6260,1.E0);
#6262=ORIENTED_EDGE('',*,*,#3113,.T.);
#6264=ORIENTED_EDGE('',*,*,#6263,.F.);
#6265=ORIENTED_EDGE('',*,*,#4354,.F.);
#6266=ORIENTED_EDGE('',*,*,#6249,.T.);
#6267=EDGE_LOOP('',(#6262,#6264,#6265,#6266));
#6268=FACE_OUTER_BOUND('',#6267,.F.);
#6269=ADVANCED_FACE('',(#6268),#6261,.F.);
#6270=CARTESIAN_POINT('',(-1.22E1,-3.8E1,8.E1));
#6271=DIRECTION('',(1.E0,0.E0,0.E0));
#6272=DIRECTION('',(0.E0,0.E0,-1.E0));
#6273=AXIS2_PLACEMENT_3D('',#6270,#6271,#6272);
#6274=PLANE('',#6273);
#6275=ORIENTED_EDGE('',*,*,#3111,.T.);
#6277=ORIENTED_EDGE('',*,*,#6276,.F.);
#6278=ORIENTED_EDGE('',*,*,#4356,.F.);
#6279=ORIENTED_EDGE('',*,*,#6263,.T.);
#6280=EDGE_LOOP('',(#6275,#6277,#6278,#6279));
#6281=FACE_OUTER_BOUND('',#6280,.F.);
#6282=ADVANCED_FACE('',(#6281),#6274,.F.);
#6283=CARTESIAN_POINT('',(-1.32E1,-3.8E1,1.E1));
#6284=DIRECTION('',(0.E0,1.E0,0.E0));
#6285=DIRECTION('',(1.E0,0.E0,0.E0));
#6286=AXIS2_PLACEMENT_3D('',#6283,#6284,#6285);
#6287=CYLINDRICAL_SURFACE('',#6286,1.E0);
#6288=ORIENTED_EDGE('',*,*,#3109,.T.);
#6289=ORIENTED_EDGE('',*,*,#6252,.F.);
#6290=ORIENTED_EDGE('',*,*,#4358,.F.);
#6291=ORIENTED_EDGE('',*,*,#6276,.T.);
#6292=EDGE_LOOP('',(#6288,#6289,#6290,#6291));
#6293=FACE_OUTER_BOUND('',#6292,.F.);
#6294=ADVANCED_FACE('',(#6293),#6287,.F.);
#6295=CARTESIAN_POINT('',(-1.84E1,-3.8E1,1.E1));
#6296=DIRECTION('',(-1.E0,0.E0,0.E0));
#6297=DIRECTION('',(0.E0,0.E0,1.E0));
#6298=AXIS2_PLACEMENT_3D('',#6295,#6296,#6297);
#6299=PLANE('',#6298);
#6300=ORIENTED_EDGE('',*,*,#3117,.T.);
#6302=ORIENTED_EDGE('',*,*,#6301,.F.);
#6303=ORIENTED_EDGE('',*,*,#4362,.F.);
#6305=ORIENTED_EDGE('',*,*,#6304,.T.);
#6306=EDGE_LOOP('',(#6300,#6302,#6303,#6305));
#6307=FACE_OUTER_BOUND('',#6306,.F.);
#6308=ADVANCED_FACE('',(#6307),#6299,.F.);
#6309=CARTESIAN_POINT('',(-1.74E1,-3.8E1,8.E1));
#6310=DIRECTION('',(0.E0,1.E0,0.E0));
#6311=DIRECTION('',(1.E0,0.E0,0.E0));
#6312=AXIS2_PLACEMENT_3D('',#6309,#6310,#6311);
#6313=CYLINDRICAL_SURFACE('',#6312,1.E0);
#6314=ORIENTED_EDGE('',*,*,#3123,.T.);
#6316=ORIENTED_EDGE('',*,*,#6315,.F.);
#6317=ORIENTED_EDGE('',*,*,#4364,.F.);
#6318=ORIENTED_EDGE('',*,*,#6301,.T.);
#6319=EDGE_LOOP('',(#6314,#6316,#6317,#6318));
#6320=FACE_OUTER_BOUND('',#6319,.F.);
#6321=ADVANCED_FACE('',(#6320),#6313,.F.);
#6322=CARTESIAN_POINT('',(-1.64E1,-3.8E1,8.E1));
#6323=DIRECTION('',(1.E0,0.E0,0.E0));
#6324=DIRECTION('',(0.E0,0.E0,-1.E0));
#6325=AXIS2_PLACEMENT_3D('',#6322,#6323,#6324);
#6326=PLANE('',#6325);
#6327=ORIENTED_EDGE('',*,*,#3121,.T.);
#6329=ORIENTED_EDGE('',*,*,#6328,.F.);
#6330=ORIENTED_EDGE('',*,*,#4366,.F.);
#6331=ORIENTED_EDGE('',*,*,#6315,.T.);
#6332=EDGE_LOOP('',(#6327,#6329,#6330,#6331));
#6333=FACE_OUTER_BOUND('',#6332,.F.);
#6334=ADVANCED_FACE('',(#6333),#6326,.F.);
#6335=CARTESIAN_POINT('',(-1.74E1,-3.8E1,1.E1));
#6336=DIRECTION('',(0.E0,1.E0,0.E0));
#6337=DIRECTION('',(1.E0,0.E0,0.E0));
#6338=AXIS2_PLACEMENT_3D('',#6335,#6336,#6337);
#6339=CYLINDRICAL_SURFACE('',#6338,1.E0);
#6340=ORIENTED_EDGE('',*,*,#3119,.T.);
#6341=ORIENTED_EDGE('',*,*,#6304,.F.);
#6342=ORIENTED_EDGE('',*,*,#4368,.F.);
#6343=ORIENTED_EDGE('',*,*,#6328,.T.);
#6344=EDGE_LOOP('',(#6340,#6341,#6342,#6343));
#6345=FACE_OUTER_BOUND('',#6344,.F.);
#6346=ADVANCED_FACE('',(#6345),#6339,.F.);
#6347=CARTESIAN_POINT('',(-2.26E1,-3.8E1,1.E1));
#6348=DIRECTION('',(-1.E0,0.E0,0.E0));
#6349=DIRECTION('',(0.E0,0.E0,1.E0));
#6350=AXIS2_PLACEMENT_3D('',#6347,#6348,#6349);
#6351=PLANE('',#6350);
#6352=ORIENTED_EDGE('',*,*,#3127,.T.);
#6354=ORIENTED_EDGE('',*,*,#6353,.F.);
#6355=ORIENTED_EDGE('',*,*,#4372,.F.);
#6357=ORIENTED_EDGE('',*,*,#6356,.T.);
#6358=EDGE_LOOP('',(#6352,#6354,#6355,#6357));
#6359=FACE_OUTER_BOUND('',#6358,.F.);
#6360=ADVANCED_FACE('',(#6359),#6351,.F.);
#6361=CARTESIAN_POINT('',(-2.16E1,-3.8E1,8.E1));
#6362=DIRECTION('',(0.E0,1.E0,0.E0));
#6363=DIRECTION('',(1.E0,0.E0,0.E0));
#6364=AXIS2_PLACEMENT_3D('',#6361,#6362,#6363);
#6365=CYLINDRICAL_SURFACE('',#6364,1.E0);
#6366=ORIENTED_EDGE('',*,*,#3133,.T.);
#6368=ORIENTED_EDGE('',*,*,#6367,.F.);
#6369=ORIENTED_EDGE('',*,*,#4374,.F.);
#6370=ORIENTED_EDGE('',*,*,#6353,.T.);
#6371=EDGE_LOOP('',(#6366,#6368,#6369,#6370));
#6372=FACE_OUTER_BOUND('',#6371,.F.);
#6373=ADVANCED_FACE('',(#6372),#6365,.F.);
#6374=CARTESIAN_POINT('',(-2.06E1,-3.8E1,8.E1));
#6375=DIRECTION('',(1.E0,0.E0,0.E0));
#6376=DIRECTION('',(0.E0,0.E0,-1.E0));
#6377=AXIS2_PLACEMENT_3D('',#6374,#6375,#6376);
#6378=PLANE('',#6377);
#6379=ORIENTED_EDGE('',*,*,#3131,.T.);
#6381=ORIENTED_EDGE('',*,*,#6380,.F.);
#6382=ORIENTED_EDGE('',*,*,#4376,.F.);
#6383=ORIENTED_EDGE('',*,*,#6367,.T.);
#6384=EDGE_LOOP('',(#6379,#6381,#6382,#6383));
#6385=FACE_OUTER_BOUND('',#6384,.F.);
#6386=ADVANCED_FACE('',(#6385),#6378,.F.);
#6387=CARTESIAN_POINT('',(-2.16E1,-3.8E1,1.E1));
#6388=DIRECTION('',(0.E0,1.E0,0.E0));
#6389=DIRECTION('',(1.E0,0.E0,0.E0));
#6390=AXIS2_PLACEMENT_3D('',#6387,#6388,#6389);
#6391=CYLINDRICAL_SURFACE('',#6390,1.E0);
#6392=ORIENTED_EDGE('',*,*,#3129,.T.);
#6393=ORIENTED_EDGE('',*,*,#6356,.F.);
#6394=ORIENTED_EDGE('',*,*,#4378,.F.);
#6395=ORIENTED_EDGE('',*,*,#6380,.T.);
#6396=EDGE_LOOP('',(#6392,#6393,#6394,#6395));
#6397=FACE_OUTER_BOUND('',#6396,.F.);
#6398=ADVANCED_FACE('',(#6397),#6391,.F.);
#6399=CARTESIAN_POINT('',(-2.68E1,-3.8E1,1.E1));
#6400=DIRECTION('',(-1.E0,0.E0,0.E0));
#6401=DIRECTION('',(0.E0,0.E0,1.E0));
#6402=AXIS2_PLACEMENT_3D('',#6399,#6400,#6401);
#6403=PLANE('',#6402);
#6404=ORIENTED_EDGE('',*,*,#3137,.T.);
#6406=ORIENTED_EDGE('',*,*,#6405,.F.);
#6407=ORIENTED_EDGE('',*,*,#4382,.F.);
#6409=ORIENTED_EDGE('',*,*,#6408,.T.);
#6410=EDGE_LOOP('',(#6404,#6406,#6407,#6409));
#6411=FACE_OUTER_BOUND('',#6410,.F.);
#6412=ADVANCED_FACE('',(#6411),#6403,.F.);
#6413=CARTESIAN_POINT('',(-2.58E1,-3.8E1,8.E1));
#6414=DIRECTION('',(0.E0,1.E0,0.E0));
#6415=DIRECTION('',(1.E0,0.E0,0.E0));
#6416=AXIS2_PLACEMENT_3D('',#6413,#6414,#6415);
#6417=CYLINDRICAL_SURFACE('',#6416,1.E0);
#6418=ORIENTED_EDGE('',*,*,#3143,.T.);
#6420=ORIENTED_EDGE('',*,*,#6419,.F.);
#6421=ORIENTED_EDGE('',*,*,#4384,.F.);
#6422=ORIENTED_EDGE('',*,*,#6405,.T.);
#6423=EDGE_LOOP('',(#6418,#6420,#6421,#6422));
#6424=FACE_OUTER_BOUND('',#6423,.F.);
#6425=ADVANCED_FACE('',(#6424),#6417,.F.);
#6426=CARTESIAN_POINT('',(-2.48E1,-3.8E1,8.E1));
#6427=DIRECTION('',(1.E0,0.E0,0.E0));
#6428=DIRECTION('',(0.E0,0.E0,-1.E0));
#6429=AXIS2_PLACEMENT_3D('',#6426,#6427,#6428);
#6430=PLANE('',#6429);
#6431=ORIENTED_EDGE('',*,*,#3141,.T.);
#6433=ORIENTED_EDGE('',*,*,#6432,.F.);
#6434=ORIENTED_EDGE('',*,*,#4386,.F.);
#6435=ORIENTED_EDGE('',*,*,#6419,.T.);
#6436=EDGE_LOOP('',(#6431,#6433,#6434,#6435));
#6437=FACE_OUTER_BOUND('',#6436,.F.);
#6438=ADVANCED_FACE('',(#6437),#6430,.F.);
#6439=CARTESIAN_POINT('',(-2.58E1,-3.8E1,1.E1));
#6440=DIRECTION('',(0.E0,1.E0,0.E0));
#6441=DIRECTION('',(1.E0,0.E0,0.E0));
#6442=AXIS2_PLACEMENT_3D('',#6439,#6440,#6441);
#6443=CYLINDRICAL_SURFACE('',#6442,1.E0);
#6444=ORIENTED_EDGE('',*,*,#3139,.T.);
#6445=ORIENTED_EDGE('',*,*,#6408,.F.);
#6446=ORIENTED_EDGE('',*,*,#4388,.F.);
#6447=ORIENTED_EDGE('',*,*,#6432,.T.);
#6448=EDGE_LOOP('',(#6444,#6445,#6446,#6447));
#6449=FACE_OUTER_BOUND('',#6448,.F.);
#6450=ADVANCED_FACE('',(#6449),#6443,.F.);
#6451=CARTESIAN_POINT('',(-3.1E1,-3.8E1,1.E1));
#6452=DIRECTION('',(-1.E0,0.E0,0.E0));
#6453=DIRECTION('',(0.E0,0.E0,1.E0));
#6454=AXIS2_PLACEMENT_3D('',#6451,#6452,#6453);
#6455=PLANE('',#6454);
#6456=ORIENTED_EDGE('',*,*,#3147,.T.);
#6458=ORIENTED_EDGE('',*,*,#6457,.F.);
#6459=ORIENTED_EDGE('',*,*,#4392,.F.);
#6461=ORIENTED_EDGE('',*,*,#6460,.T.);
#6462=EDGE_LOOP('',(#6456,#6458,#6459,#6461));
#6463=FACE_OUTER_BOUND('',#6462,.F.);
#6464=ADVANCED_FACE('',(#6463),#6455,.F.);
#6465=CARTESIAN_POINT('',(-3.E1,-3.8E1,8.E1));
#6466=DIRECTION('',(0.E0,1.E0,0.E0));
#6467=DIRECTION('',(1.E0,0.E0,0.E0));
#6468=AXIS2_PLACEMENT_3D('',#6465,#6466,#6467);
#6469=CYLINDRICAL_SURFACE('',#6468,1.E0);
#6470=ORIENTED_EDGE('',*,*,#3153,.T.);
#6472=ORIENTED_EDGE('',*,*,#6471,.F.);
#6473=ORIENTED_EDGE('',*,*,#4394,.F.);
#6474=ORIENTED_EDGE('',*,*,#6457,.T.);
#6475=EDGE_LOOP('',(#6470,#6472,#6473,#6474));
#6476=FACE_OUTER_BOUND('',#6475,.F.);
#6477=ADVANCED_FACE('',(#6476),#6469,.F.);
#6478=CARTESIAN_POINT('',(-2.9E1,-3.8E1,8.E1));
#6479=DIRECTION('',(1.E0,0.E0,0.E0));
#6480=DIRECTION('',(0.E0,0.E0,-1.E0));
#6481=AXIS2_PLACEMENT_3D('',#6478,#6479,#6480);
#6482=PLANE('',#6481);
#6483=ORIENTED_EDGE('',*,*,#3151,.T.);
#6485=ORIENTED_EDGE('',*,*,#6484,.F.);
#6486=ORIENTED_EDGE('',*,*,#4396,.F.);
#6487=ORIENTED_EDGE('',*,*,#6471,.T.);
#6488=EDGE_LOOP('',(#6483,#6485,#6486,#6487));
#6489=FACE_OUTER_BOUND('',#6488,.F.);
#6490=ADVANCED_FACE('',(#6489),#6482,.F.);
#6491=CARTESIAN_POINT('',(-3.E1,-3.8E1,1.E1));
#6492=DIRECTION('',(0.E0,1.E0,0.E0));
#6493=DIRECTION('',(1.E0,0.E0,0.E0));
#6494=AXIS2_PLACEMENT_3D('',#6491,#6492,#6493);
#6495=CYLINDRICAL_SURFACE('',#6494,1.E0);
#6496=ORIENTED_EDGE('',*,*,#3149,.T.);
#6497=ORIENTED_EDGE('',*,*,#6460,.F.);
#6498=ORIENTED_EDGE('',*,*,#4398,.F.);
#6499=ORIENTED_EDGE('',*,*,#6484,.T.);
#6500=EDGE_LOOP('',(#6496,#6497,#6498,#6499));
#6501=FACE_OUTER_BOUND('',#6500,.F.);
#6502=ADVANCED_FACE('',(#6501),#6495,.F.);
#6506=DIMENSIONAL_EXPONENTS(0.E0,0.E0,0.E0,0.E0,0.E0,0.E0,0.E0);
#6508=PLANE_ANGLE_MEASURE_WITH_UNIT(PLANE_ANGLE_MEASURE(1.745329251994E-2),
#6507);
#6509=(CONVERSION_BASED_UNIT('DEGREE',#6508)NAMED_UNIT(*)PLANE_ANGLE_UNIT());
#6511=UNCERTAINTY_MEASURE_WITH_UNIT(LENGTH_MEASURE(9.906E-3),#6505,'closure',
'Maximum model space distance between geometric entities at asserted connectivities');
#6512=(GEOMETRIC_REPRESENTATION_CONTEXT(3)GLOBAL_UNCERTAINTY_ASSIGNED_CONTEXT((
#6511))GLOBAL_UNIT_ASSIGNED_CONTEXT((#6505,#6509,#6510))REPRESENTATION_CONTEXT(
'ID1','3'));
#6514=APPLICATION_CONTEXT(
'CONFIGURATION CONTROLLED 3D DESIGNS OF MECHANICAL PARTS AND ASSEMBLIES');
#6515=APPLICATION_PROTOCOL_DEFINITION('international standard',
'config_control_design',1994,#6514);
#6516=DESIGN_CONTEXT('',#6514,'design');
#6517=MECHANICAL_CONTEXT('',#6514,'mechanical');
#6518=PRODUCT('PRT0001','PRT0001','NOT SPECIFIED',(#6517));
#6519=PRODUCT_DEFINITION_FORMATION_WITH_SPECIFIED_SOURCE('37','LAST_VERSION',
#6518,.MADE.);
#6523=PRODUCT_CATEGORY('part','');
#6524=PRODUCT_RELATED_PRODUCT_CATEGORY('detail','',(#6518));
#6525=PRODUCT_CATEGORY_RELATIONSHIP('','',#6523,#6524);
#6526=SECURITY_CLASSIFICATION_LEVEL('unclassified');
#6527=SECURITY_CLASSIFICATION('','',#6526);
#6528=CC_DESIGN_SECURITY_CLASSIFICATION(#6527,(#6519));
#6529=APPROVAL_STATUS('approved');
#6530=APPROVAL(#6529,'');
#6531=CC_DESIGN_APPROVAL(#6530,(#6527,#6519,#6520));
#6532=CALENDAR_DATE(125,3,7);
#6533=COORDINATED_UNIVERSAL_TIME_OFFSET(3,0,.AHEAD.);
#6534=LOCAL_TIME(2,35,1.1E1,#6533);
#6535=DATE_AND_TIME(#6532,#6534);
#6536=APPROVAL_DATE_TIME(#6535,#6530);
#6537=DATE_TIME_ROLE('creation_date');
#6538=CC_DESIGN_DATE_AND_TIME_ASSIGNMENT(#6535,#6537,(#6520));
#6539=DATE_TIME_ROLE('classification_date');
#6540=CC_DESIGN_DATE_AND_TIME_ASSIGNMENT(#6535,#6539,(#6527));
#6541=PERSON('UNSPECIFIED','UNSPECIFIED',$,$,$,$);
#6542=ORGANIZATION('UNSPECIFIED','UNSPECIFIED','UNSPECIFIED');
#6543=PERSON_AND_ORGANIZATION(#6541,#6542);
#6544=APPROVAL_ROLE('approver');
#6545=APPROVAL_PERSON_ORGANIZATION(#6543,#6530,#6544);
#6546=PERSON_AND_ORGANIZATION_ROLE('creator');
#6547=CC_DESIGN_PERSON_AND_ORGANIZATION_ASSIGNMENT(#6543,#6546,(#6519,#6520));
#6548=PERSON_AND_ORGANIZATION_ROLE('design_supplier');
#6549=CC_DESIGN_PERSON_AND_ORGANIZATION_ASSIGNMENT(#6543,#6548,(#6519));
#6550=PERSON_AND_ORGANIZATION_ROLE('classification_officer');
#6551=CC_DESIGN_PERSON_AND_ORGANIZATION_ASSIGNMENT(#6543,#6550,(#6527));
#6552=PERSON_AND_ORGANIZATION_ROLE('design_owner');
#6553=CC_DESIGN_PERSON_AND_ORGANIZATION_ASSIGNMENT(#6543,#6552,(#6518));
#5=CIRCLE('',#4,9.E0);
#14=CIRCLE('',#13,9.E0);
#23=CIRCLE('',#22,9.E0);
#32=CIRCLE('',#31,9.E0);
#45=CIRCLE('',#44,7.E0);
#54=CIRCLE('',#53,7.E0);
#63=CIRCLE('',#62,7.E0);
#72=CIRCLE('',#71,7.E0);
#77=CIRCLE('',#76,9.E0);
#86=CIRCLE('',#85,9.E0);
#95=CIRCLE('',#94,9.E0);
#104=CIRCLE('',#103,9.E0);
#117=CIRCLE('',#116,1.E0);
#126=CIRCLE('',#125,1.E0);
#135=CIRCLE('',#134,1.E0);
#144=CIRCLE('',#143,1.E0);
#153=CIRCLE('',#152,1.E0);
#162=CIRCLE('',#161,1.E0);
#171=CIRCLE('',#170,1.E0);
#180=CIRCLE('',#179,1.E0);
#189=CIRCLE('',#188,1.E0);
#198=CIRCLE('',#197,1.E0);
#207=CIRCLE('',#206,1.E0);
#216=CIRCLE('',#215,1.E0);
#237=CIRCLE('',#236,2.5E0);
#246=CIRCLE('',#245,2.5E0);
#255=CIRCLE('',#254,2.5E0);
#264=CIRCLE('',#263,2.5E0);
#329=CIRCLE('',#328,2.E0);
#346=CIRCLE('',#345,2.E0);
#363=CIRCLE('',#362,2.E0);
#380=CIRCLE('',#379,2.E0);
#389=CIRCLE('',#388,2.E0);
#398=CIRCLE('',#397,2.E0);
#407=CIRCLE('',#406,2.E0);
#416=CIRCLE('',#415,2.E0);
#449=CIRCLE('',#448,7.E0);
#454=CIRCLE('',#453,7.E0);
#507=CIRCLE('',#506,7.E0);
#512=CIRCLE('',#511,7.E0);
#541=CIRCLE('',#540,7.E0);
#546=CIRCLE('',#545,7.E0);
#631=CIRCLE('',#630,1.5E1);
#644=CIRCLE('',#643,1.5E0);
#653=CIRCLE('',#652,2.E0);
#658=CIRCLE('',#657,1.5E1);
#671=CIRCLE('',#670,2.E0);
#680=CIRCLE('',#679,1.5E0);
#717=CIRCLE('',#716,7.E0);
#722=CIRCLE('',#721,7.E0);
#731=CIRCLE('',#730,5.E0);
#748=CIRCLE('',#747,5.E0);
#765=CIRCLE('',#764,5.E0);
#778=CIRCLE('',#777,5.E0);
#811=CIRCLE('',#810,5.E0);
#828=CIRCLE('',#827,5.E0);
#845=CIRCLE('',#844,5.E0);
#858=CIRCLE('',#857,5.E0);
#943=CIRCLE('',#942,2.5E0);
#948=CIRCLE('',#947,2.5E0);
#957=CIRCLE('',#956,2.5E0);
#970=CIRCLE('',#969,7.E0);
#979=CIRCLE('',#978,7.E0);
#1004=CIRCLE('',#1003,7.E0);
#1013=CIRCLE('',#1012,7.E0);
#1026=CIRCLE('',#1025,1.E0);
#1035=CIRCLE('',#1034,1.E0);
#1044=CIRCLE('',#1043,1.E0);
#1053=CIRCLE('',#1052,1.E0);
#1062=CIRCLE('',#1061,1.E0);
#1071=CIRCLE('',#1070,1.E0);
#1080=CIRCLE('',#1079,1.E0);
#1089=CIRCLE('',#1088,1.E0);
#1098=CIRCLE('',#1097,1.E0);
#1107=CIRCLE('',#1106,1.E0);
#1116=CIRCLE('',#1115,1.E0);
#1125=CIRCLE('',#1124,1.E0);
#1142=CIRCLE('',#1141,5.E-1);
#1151=CIRCLE('',#1150,3.535533905933E-1);
#1168=CIRCLE('',#1167,3.E0);
#1177=CIRCLE('',#1176,7.E0);
#1182=CIRCLE('',#1181,7.E0);
#1191=CIRCLE('',#1190,3.E0);
#1208=CIRCLE('',#1207,3.535533905933E-1);
#1217=CIRCLE('',#1216,5.E-1);
#1290=CIRCLE('',#1289,5.E-1);
#1299=CIRCLE('',#1298,3.535533905933E-1);
#1316=CIRCLE('',#1315,3.E0);
#1325=CIRCLE('',#1324,7.E0);
#1330=CIRCLE('',#1329,7.E0);
#1339=CIRCLE('',#1338,3.E0);
#1356=CIRCLE('',#1355,3.535533905933E-1);
#1365=CIRCLE('',#1364,5.E-1);
#1426=CIRCLE('',#1425,5.E0);
#1435=CIRCLE('',#1434,3.E0);
#1452=CIRCLE('',#1451,5.E-1);
#1461=CIRCLE('',#1460,5.E-1);
#1490=CIRCLE('',#1489,5.E-1);
#1499=CIRCLE('',#1498,5.E-1);
#1516=CIRCLE('',#1515,3.E0);
#1525=CIRCLE('',#1524,5.E0);
#1578=CIRCLE('',#1577,1.25E0);
#1588=B_SPLINE_CURVE_WITH_KNOTS('',3,(#1579,#1580,#1581,#1582,#1583,#1584,#1585,
#1586,#1587),.UNSPECIFIED.,.F.,.F.,(4,1,1,1,1,1,4),(0.E0,1.666666666667E-1,
3.333333333333E-1,5.E-1,6.666666666667E-1,8.333333333333E-1,1.E0),
.UNSPECIFIED.);
#1593=CIRCLE('',#1592,2.5E0);
#1603=B_SPLINE_CURVE_WITH_KNOTS('',3,(#1594,#1595,#1596,#1597,#1598,#1599,#1600,
#1601,#1602),.UNSPECIFIED.,.F.,.F.,(4,1,1,1,1,1,4),(0.E0,1.666666666667E-1,
3.333333333333E-1,5.E-1,6.666666666667E-1,8.333333333333E-1,1.E0),
.UNSPECIFIED.);
#1620=CIRCLE('',#1619,2.5E0);
#1625=CIRCLE('',#1624,2.5E0);
#1630=CIRCLE('',#1629,2.5E0);
#1635=CIRCLE('',#1634,2.5E0);
#1640=CIRCLE('',#1639,2.5E0);
#1653=CIRCLE('',#1652,2.5E0);
#1658=CIRCLE('',#1657,2.75E0);
#1667=CIRCLE('',#1666,2.75E0);
#1680=CIRCLE('',#1679,1.25E0);
#1690=B_SPLINE_CURVE_WITH_KNOTS('',3,(#1681,#1682,#1683,#1684,#1685,#1686,#1687,
#1688,#1689),.UNSPECIFIED.,.F.,.F.,(4,1,1,1,1,1,4),(0.E0,1.666666666667E-1,
3.333333333333E-1,5.E-1,6.666666666667E-1,8.333333333333E-1,1.E0),
.UNSPECIFIED.);
#1695=CIRCLE('',#1694,2.5E0);
#1705=B_SPLINE_CURVE_WITH_KNOTS('',3,(#1696,#1697,#1698,#1699,#1700,#1701,#1702,
#1703,#1704),.UNSPECIFIED.,.F.,.F.,(4,1,1,1,1,1,4),(0.E0,1.666666666667E-1,
3.333333333333E-1,5.E-1,6.666666666667E-1,8.333333333333E-1,1.E0),
.UNSPECIFIED.);
#1720=B_SPLINE_CURVE_WITH_KNOTS('',3,(#1714,#1715,#1716,#1717,#1718,#1719),
.UNSPECIFIED.,.F.,.F.,(4,1,1,4),(0.E0,3.333333333333E-1,6.666666666667E-1,1.E0),
.UNSPECIFIED.);
#1725=CIRCLE('',#1724,1.25E0);
#1732=B_SPLINE_CURVE_WITH_KNOTS('',3,(#1726,#1727,#1728,#1729,#1730,#1731),
.UNSPECIFIED.,.F.,.F.,(4,1,1,4),(0.E0,3.333333333333E-1,6.666666666667E-1,1.E0),
.UNSPECIFIED.);
#1737=CIRCLE('',#1736,1.25E0);
#1744=B_SPLINE_CURVE_WITH_KNOTS('',3,(#1738,#1739,#1740,#1741,#1742,#1743),
.UNSPECIFIED.,.F.,.F.,(4,1,1,4),(0.E0,3.333333333333E-1,6.666666666667E-1,1.E0),
.UNSPECIFIED.);
#1751=B_SPLINE_CURVE_WITH_KNOTS('',3,(#1745,#1746,#1747,#1748,#1749,#1750),
.UNSPECIFIED.,.F.,.F.,(4,1,1,4),(0.E0,3.333333333333E-1,6.666666666667E-1,1.E0),
.UNSPECIFIED.);
#1760=CIRCLE('',#1759,1.5E0);
#1769=CIRCLE('',#1768,1.5E0);
#1782=CIRCLE('',#1781,1.25E0);
#1789=B_SPLINE_CURVE_WITH_KNOTS('',3,(#1783,#1784,#1785,#1786,#1787,#1788),
.UNSPECIFIED.,.F.,.F.,(4,1,1,4),(0.E0,3.333333333333E-1,6.666666666667E-1,1.E0),
.UNSPECIFIED.);
#1794=CIRCLE('',#1793,1.5E0);
#1801=B_SPLINE_CURVE_WITH_KNOTS('',3,(#1795,#1796,#1797,#1798,#1799,#1800),
.UNSPECIFIED.,.F.,.F.,(4,1,1,4),(0.E0,3.333333333333E-1,6.666666666667E-1,1.E0),
.UNSPECIFIED.);
#1806=CIRCLE('',#1805,1.5E0);
#1813=B_SPLINE_CURVE_WITH_KNOTS('',3,(#1807,#1808,#1809,#1810,#1811,#1812),
.UNSPECIFIED.,.F.,.F.,(4,1,1,4),(0.E0,3.333333333333E-1,6.666666666667E-1,1.E0),
.UNSPECIFIED.);
#1818=CIRCLE('',#1817,1.25E0);
#1825=B_SPLINE_CURVE_WITH_KNOTS('',3,(#1819,#1820,#1821,#1822,#1823,#1824),
.UNSPECIFIED.,.F.,.F.,(4,1,1,4),(0.E0,3.333333333333E-1,6.666666666667E-1,1.E0),
.UNSPECIFIED.);
#1850=CIRCLE('',#1849,1.25E0);
#1860=B_SPLINE_CURVE_WITH_KNOTS('',3,(#1851,#1852,#1853,#1854,#1855,#1856,#1857,
#1858,#1859),.UNSPECIFIED.,.F.,.F.,(4,1,1,1,1,1,4),(0.E0,1.666666666667E-1,
3.333333333333E-1,5.E-1,6.666666666667E-1,8.333333333333E-1,1.E0),
.UNSPECIFIED.);
#1865=CIRCLE('',#1864,2.5E0);
#1875=B_SPLINE_CURVE_WITH_KNOTS('',3,(#1866,#1867,#1868,#1869,#1870,#1871,#1872,
#1873,#1874),.UNSPECIFIED.,.F.,.F.,(4,1,1,1,1,1,4),(0.E0,1.666666666667E-1,
3.333333333333E-1,5.E-1,6.666666666667E-1,8.333333333333E-1,1.E0),
.UNSPECIFIED.);
#1888=CIRCLE('',#1887,1.25E0);
#1895=B_SPLINE_CURVE_WITH_KNOTS('',3,(#1889,#1890,#1891,#1892,#1893,#1894),
.UNSPECIFIED.,.F.,.F.,(4,1,1,4),(0.E0,3.333333333333E-1,6.666666666667E-1,1.E0),
.UNSPECIFIED.);
#1900=CIRCLE('',#1899,1.5E0);
#1907=B_SPLINE_CURVE_WITH_KNOTS('',3,(#1901,#1902,#1903,#1904,#1905,#1906),
.UNSPECIFIED.,.F.,.F.,(4,1,1,4),(0.E0,3.333333333333E-1,6.666666666667E-1,1.E0),
.UNSPECIFIED.);
#1912=CIRCLE('',#1911,1.5E0);
#1919=B_SPLINE_CURVE_WITH_KNOTS('',3,(#1913,#1914,#1915,#1916,#1917,#1918),
.UNSPECIFIED.,.F.,.F.,(4,1,1,4),(0.E0,3.333333333333E-1,6.666666666667E-1,1.E0),
.UNSPECIFIED.);
#1924=CIRCLE('',#1923,1.25E0);
#1931=B_SPLINE_CURVE_WITH_KNOTS('',3,(#1925,#1926,#1927,#1928,#1929,#1930),
.UNSPECIFIED.,.F.,.F.,(4,1,1,4),(0.E0,3.333333333333E-1,6.666666666667E-1,1.E0),
.UNSPECIFIED.);
#1940=CIRCLE('',#1939,1.5E0);
#1949=CIRCLE('',#1948,1.5E0);
#1964=B_SPLINE_CURVE_WITH_KNOTS('',3,(#1958,#1959,#1960,#1961,#1962,#1963),
.UNSPECIFIED.,.F.,.F.,(4,1,1,4),(0.E0,3.333333333333E-1,6.666666666667E-1,1.E0),
.UNSPECIFIED.);
#1969=CIRCLE('',#1968,1.25E0);
#1976=B_SPLINE_CURVE_WITH_KNOTS('',3,(#1970,#1971,#1972,#1973,#1974,#1975),
.UNSPECIFIED.,.F.,.F.,(4,1,1,4),(0.E0,3.333333333333E-1,6.666666666667E-1,1.E0),
.UNSPECIFIED.);
#1981=CIRCLE('',#1980,1.25E0);
#1988=B_SPLINE_CURVE_WITH_KNOTS('',3,(#1982,#1983,#1984,#1985,#1986,#1987),
.UNSPECIFIED.,.F.,.F.,(4,1,1,4),(0.E0,3.333333333333E-1,6.666666666667E-1,1.E0),
.UNSPECIFIED.);
#1995=B_SPLINE_CURVE_WITH_KNOTS('',3,(#1989,#1990,#1991,#1992,#1993,#1994),
.UNSPECIFIED.,.F.,.F.,(4,1,1,4),(0.E0,3.333333333333E-1,6.666666666667E-1,1.E0),
.UNSPECIFIED.);
#2009=B_SPLINE_CURVE_WITH_KNOTS('',3,(#2000,#2001,#2002,#2003,#2004,#2005,#2006,
#2007,#2008),.UNSPECIFIED.,.F.,.F.,(4,1,1,1,1,1,4),(0.E0,1.666666666667E-1,
3.333333333333E-1,5.E-1,6.666666666667E-1,8.333333333333E-1,1.E0),
.UNSPECIFIED.);
#2022=CIRCLE('',#2021,1.25E0);
#2028=B_SPLINE_CURVE_WITH_KNOTS('',3,(#2023,#2024,#2025,#2026,#2027),
.UNSPECIFIED.,.F.,.F.,(4,1,4),(0.E0,5.E-1,1.E0),.UNSPECIFIED.);
#2035=B_SPLINE_CURVE_WITH_KNOTS('',3,(#2029,#2030,#2031,#2032,#2033,#2034),
.UNSPECIFIED.,.F.,.F.,(4,1,1,4),(0.E0,3.333333333333E-1,6.666666666667E-1,1.E0),
.UNSPECIFIED.);
#2045=B_SPLINE_CURVE_WITH_KNOTS('',3,(#2036,#2037,#2038,#2039,#2040,#2041,#2042,
#2043,#2044),.UNSPECIFIED.,.F.,.F.,(4,1,1,1,1,1,4),(0.E0,1.666666666667E-1,
3.333333333333E-1,5.E-1,6.666666666667E-1,8.333333333333E-1,1.E0),
.UNSPECIFIED.);
#2059=B_SPLINE_CURVE_WITH_KNOTS('',3,(#2054,#2055,#2056,#2057,#2058),
.UNSPECIFIED.,.F.,.F.,(4,1,4),(0.E0,5.E-1,1.E0),.UNSPECIFIED.);
#2076=CIRCLE('',#2075,8.9E0);
#2089=CIRCLE('',#2088,5.E-1);
#2098=CIRCLE('',#2097,2.E0);
#2123=CIRCLE('',#2122,2.E0);
#2132=CIRCLE('',#2131,5.E-1);
#2145=CIRCLE('',#2144,8.9E0);
#2174=CIRCLE('',#2173,8.9E0);
#2187=CIRCLE('',#2186,5.E-1);
#2196=CIRCLE('',#2195,2.E0);
#2221=CIRCLE('',#2220,2.E0);
#2230=CIRCLE('',#2229,5.E-1);
#2243=CIRCLE('',#2242,8.9E0);
#3023=EDGE_CURVE('',#2369,#2371,#5,.T.);
#3025=EDGE_CURVE('',#2395,#2369,#9,.T.);
#3027=EDGE_CURVE('',#2393,#2395,#14,.T.);
#3029=EDGE_CURVE('',#2387,#2393,#18,.T.);
#3031=EDGE_CURVE('',#2385,#2387,#23,.T.);
#3033=EDGE_CURVE('',#2379,#2385,#27,.T.);
#3035=EDGE_CURVE('',#2377,#2379,#32,.T.);
#3037=EDGE_CURVE('',#2371,#2377,#36,.T.);
#3041=EDGE_CURVE('',#2414,#2415,#40,.T.);
#3043=EDGE_CURVE('',#2418,#2415,#45,.T.);
#3045=EDGE_CURVE('',#2418,#2419,#49,.T.);
#3047=EDGE_CURVE('',#2422,#2419,#54,.T.);
#3049=EDGE_CURVE('',#2422,#2423,#58,.T.);
#3051=EDGE_CURVE('',#2426,#2423,#63,.T.);
#3053=EDGE_CURVE('',#2426,#2427,#67,.T.);
#3055=EDGE_CURVE('',#2414,#2427,#72,.T.);
#3065=EDGE_CURVE('',#2366,#2367,#77,.T.);
#3067=EDGE_CURVE('',#2369,#2367,#280,.T.);
#3070=EDGE_CURVE('',#2371,#2366,#220,.T.);
#3081=EDGE_CURVE('',#2366,#2375,#81,.T.);
#3083=EDGE_CURVE('',#2374,#2375,#86,.T.);
#3085=EDGE_CURVE('',#2374,#2383,#90,.T.);
#3087=EDGE_CURVE('',#2382,#2383,#95,.T.);
#3089=EDGE_CURVE('',#2382,#2391,#99,.T.);
#3091=EDGE_CURVE('',#2390,#2391,#104,.T.);
#3093=EDGE_CURVE('',#2390,#2367,#108,.T.);
#3097=EDGE_CURVE('',#2698,#2699,#112,.T.);
#3099=EDGE_CURVE('',#2703,#2698,#117,.T.);
#3101=EDGE_CURVE('',#2701,#2703,#121,.T.);
#3103=EDGE_CURVE('',#2699,#2701,#126,.T.);
#3107=EDGE_CURVE('',#2714,#2715,#130,.T.);
#3109=EDGE_CURVE('',#2719,#2714,#135,.T.);
#3111=EDGE_CURVE('',#2717,#2719,#139,.T.);
#3113=EDGE_CURVE('',#2715,#2717,#144,.T.);
#3117=EDGE_CURVE('',#2730,#2731,#148,.T.);
#3119=EDGE_CURVE('',#2735,#2730,#153,.T.);
#3121=EDGE_CURVE('',#2733,#2735,#157,.T.);
#3123=EDGE_CURVE('',#2731,#2733,#162,.T.);
#3127=EDGE_CURVE('',#2746,#2747,#166,.T.);
#3129=EDGE_CURVE('',#2751,#2746,#171,.T.);
#3131=EDGE_CURVE('',#2749,#2751,#175,.T.);
#3133=EDGE_CURVE('',#2747,#2749,#180,.T.);
#3137=EDGE_CURVE('',#2762,#2763,#184,.T.);
#3139=EDGE_CURVE('',#2767,#2762,#189,.T.);
#3141=EDGE_CURVE('',#2765,#2767,#193,.T.);
#3143=EDGE_CURVE('',#2763,#2765,#198,.T.);
#3147=EDGE_CURVE('',#2778,#2779,#202,.T.);
#3149=EDGE_CURVE('',#2783,#2778,#207,.T.);
#3151=EDGE_CURVE('',#2781,#2783,#211,.T.);
#3153=EDGE_CURVE('',#2779,#2781,#216,.T.);
#3165=EDGE_CURVE('',#2377,#2375,#224,.T.);
#3179=EDGE_CURVE('',#2379,#2374,#228,.T.);
#3191=EDGE_CURVE('',#2385,#2383,#232,.T.);
#3196=EDGE_CURVE('',#2874,#2875,#237,.T.);
#3198=EDGE_CURVE('',#2901,#2874,#241,.T.);
#3200=EDGE_CURVE('',#2897,#2901,#246,.T.);
#3202=EDGE_CURVE('',#2893,#2897,#250,.T.);
#3204=EDGE_CURVE('',#2889,#2893,#255,.T.);
#3206=EDGE_CURVE('',#2885,#2889,#259,.T.);
#3208=EDGE_CURVE('',#2881,#2885,#264,.T.);
#3210=EDGE_CURVE('',#2875,#2881,#268,.T.);
#3223=EDGE_CURVE('',#2387,#2382,#272,.T.);
#3235=EDGE_CURVE('',#2393,#2391,#276,.T.);
#3249=EDGE_CURVE('',#2395,#2390,#284,.T.);
#3272=EDGE_CURVE('',#2875,#2879,#292,.T.);
#3274=EDGE_CURVE('',#2878,#2879,#329,.T.);
#3276=EDGE_CURVE('',#2874,#2878,#288,.T.);
#3287=EDGE_CURVE('',#2881,#2883,#296,.T.);
#3289=EDGE_CURVE('',#2879,#2883,#337,.T.);
#3301=EDGE_CURVE('',#2885,#2887,#300,.T.);
#3303=EDGE_CURVE('',#2883,#2887,#346,.T.);
#3315=EDGE_CURVE('',#2889,#2891,#304,.T.);
#3317=EDGE_CURVE('',#2887,#2891,#354,.T.);
#3329=EDGE_CURVE('',#2893,#2895,#308,.T.);
#3331=EDGE_CURVE('',#2891,#2895,#363,.T.);
#3343=EDGE_CURVE('',#2897,#2899,#312,.T.);
#3345=EDGE_CURVE('',#2895,#2899,#371,.T.);
#3357=EDGE_CURVE('',#2901,#2903,#316,.T.);
#3359=EDGE_CURVE('',#2899,#2903,#380,.T.);
#3372=EDGE_CURVE('',#2903,#2878,#320,.T.);
#3384=EDGE_CURVE('',#2878,#2867,#324,.T.);
#3386=EDGE_CURVE('',#2867,#2869,#402,.T.);
#3388=EDGE_CURVE('',#2903,#2869,#384,.T.);
#3399=EDGE_CURVE('',#2879,#2865,#333,.T.);
#3401=EDGE_CURVE('',#2865,#2867,#407,.T.);
#3413=EDGE_CURVE('',#2883,#2863,#341,.T.);
#3415=EDGE_CURVE('',#2863,#2865,#411,.T.);
#3427=EDGE_CURVE('',#2887,#2861,#350,.T.);
#3429=EDGE_CURVE('',#2861,#2863,#416,.T.);
#3441=EDGE_CURVE('',#2891,#2859,#358,.T.);
#3443=EDGE_CURVE('',#2859,#2861,#420,.T.);
#3455=EDGE_CURVE('',#2895,#2858,#367,.T.);
#3457=EDGE_CURVE('',#2858,#2859,#389,.T.);
#3469=EDGE_CURVE('',#2899,#2871,#375,.T.);
#3471=EDGE_CURVE('',#2871,#2858,#393,.T.);
#3484=EDGE_CURVE('',#2869,#2871,#398,.T.);
#3495=EDGE_CURVE('',#2422,#2961,#424,.T.);
#3497=EDGE_CURVE('',#2961,#2963,#428,.T.);
#3499=EDGE_CURVE('',#2423,#2963,#432,.T.);
#3510=EDGE_CURVE('',#3012,#3013,#436,.T.);
#3512=EDGE_CURVE('',#3012,#2402,#440,.T.);
#3514=EDGE_CURVE('',#2402,#2407,#974,.T.);
#3516=EDGE_CURVE('',#3013,#2407,#444,.T.);
#3536=EDGE_CURVE('',#2419,#2959,#466,.T.);
#3538=EDGE_CURVE('',#2961,#2959,#449,.T.);
#3550=EDGE_CURVE('',#3012,#3009,#454,.T.);
#3552=EDGE_CURVE('',#3009,#2403,#502,.T.);
#3554=EDGE_CURVE('',#2402,#2403,#979,.T.);
#3565=EDGE_CURVE('',#2418,#2957,#458,.T.);
#3567=EDGE_CURVE('',#2957,#2959,#462,.T.);
#3579=EDGE_CURVE('',#3008,#3009,#470,.T.);
#3581=EDGE_CURVE('',#3008,#2398,#474,.T.);
#3583=EDGE_CURVE('',#2398,#2454,#999,.T.);
#3585=EDGE_CURVE('',#2454,#2455,#478,.T.);
#3587=EDGE_CURVE('',#2455,#2459,#482,.T.);
#3589=EDGE_CURVE('',#2458,#2459,#486,.T.);
#3591=EDGE_CURVE('',#2458,#2486,#991,.T.);
#3593=EDGE_CURVE('',#2486,#2487,#490,.T.);
#3595=EDGE_CURVE('',#2487,#2491,#494,.T.);
#3597=EDGE_CURVE('',#2490,#2491,#498,.T.);
#3599=EDGE_CURVE('',#2490,#2403,#983,.T.);
#3610=EDGE_CURVE('',#2415,#2955,#516,.T.);
#3612=EDGE_CURVE('',#2957,#2955,#507,.T.);
#3624=EDGE_CURVE('',#3008,#3005,#512,.T.);
#3626=EDGE_CURVE('',#3005,#2399,#536,.T.);
#3628=EDGE_CURVE('',#2398,#2399,#1004,.T.);
#3641=EDGE_CURVE('',#2414,#2969,#520,.T.);
#3643=EDGE_CURVE('',#2969,#2955,#524,.T.);
#3653=EDGE_CURVE('',#3004,#3005,#528,.T.);
#3655=EDGE_CURVE('',#3004,#2410,#532,.T.);
#3657=EDGE_CURVE('',#2410,#2399,#1008,.T.);
#3668=EDGE_CURVE('',#2427,#2967,#590,.T.);
#3670=EDGE_CURVE('',#2969,#2967,#541,.T.);
#3682=EDGE_CURVE('',#3004,#3017,#546,.T.);
#3684=EDGE_CURVE('',#3017,#2411,#618,.T.);
#3686=EDGE_CURVE('',#2410,#2411,#1013,.T.);
#3697=EDGE_CURVE('',#2426,#2965,#582,.T.);
#3699=EDGE_CURVE('',#2965,#2967,#586,.T.);
#3711=EDGE_CURVE('',#3016,#3017,#594,.T.);
#3713=EDGE_CURVE('',#3016,#2406,#598,.T.);
#3715=EDGE_CURVE('',#2406,#2683,#965,.T.);
#3717=EDGE_CURVE('',#2683,#2687,#602,.T.);
#3719=EDGE_CURVE('',#2935,#2687,#606,.T.);
#3721=EDGE_CURVE('',#2930,#2935,#2035,.T.);
#3723=EDGE_CURVE('',#2685,#2930,#610,.T.);
#3725=EDGE_CURVE('',#2678,#2685,#614,.T.);
#3727=EDGE_CURVE('',#2678,#2411,#1017,.T.);
#3732=EDGE_CURVE('',#2510,#2511,#550,.T.);
#3734=EDGE_CURVE('',#2510,#2518,#554,.T.);
#3736=EDGE_CURVE('',#2518,#2519,#558,.T.);
#3738=EDGE_CURVE('',#2511,#2519,#562,.T.);
#3742=EDGE_CURVE('',#2514,#2515,#566,.T.);
#3744=EDGE_CURVE('',#2514,#2522,#570,.T.);
#3746=EDGE_CURVE('',#2522,#2523,#574,.T.);
#3748=EDGE_CURVE('',#2515,#2523,#578,.T.);
#3759=EDGE_CURVE('',#2511,#2498,#622,.T.);
#3761=EDGE_CURVE('',#2498,#2499,#626,.T.);
#3763=EDGE_CURVE('',#2499,#2510,#631,.T.);
#3774=EDGE_CURVE('',#2515,#2494,#635,.T.);
#3776=EDGE_CURVE('',#2494,#2495,#639,.T.);
#3778=EDGE_CURVE('',#2495,#2809,#644,.T.);
#3780=EDGE_CURVE('',#2809,#2811,#648,.T.);
#3782=EDGE_CURVE('',#2811,#2514,#653,.T.);
#3793=EDGE_CURVE('',#2519,#2506,#666,.T.);
#3795=EDGE_CURVE('',#2498,#2506,#696,.T.);
#3807=EDGE_CURVE('',#2507,#2518,#658,.T.);
#3809=EDGE_CURVE('',#2506,#2507,#662,.T.);
#3821=EDGE_CURVE('',#2815,#2522,#671,.T.);
#3823=EDGE_CURVE('',#2813,#2815,#675,.T.);
#3825=EDGE_CURVE('',#2503,#2813,#680,.T.);
#3827=EDGE_CURVE('',#2502,#2503,#684,.T.);
#3829=EDGE_CURVE('',#2523,#2502,#688,.T.);
#3841=EDGE_CURVE('',#2499,#2507,#692,.T.);
#3866=EDGE_CURVE('',#2811,#2815,#700,.T.);
#3878=EDGE_CURVE('',#2809,#2813,#704,.T.);
#3891=EDGE_CURVE('',#2495,#2503,#708,.T.);
#3904=EDGE_CURVE('',#2494,#2502,#712,.T.);
#3929=EDGE_CURVE('',#2965,#2963,#717,.T.);
#3941=EDGE_CURVE('',#3016,#3013,#722,.T.);
#3944=EDGE_CURVE('',#2406,#2407,#970,.T.);
#3956=EDGE_CURVE('',#2997,#2963,#726,.T.);
#3958=EDGE_CURVE('',#2997,#3001,#731,.T.);
#3960=EDGE_CURVE('',#3001,#2965,#782,.T.);
#3971=EDGE_CURVE('',#2993,#2961,#735,.T.);
#3973=EDGE_CURVE('',#2993,#2997,#739,.T.);
#3985=EDGE_CURVE('',#2989,#2959,#743,.T.);
#3987=EDGE_CURVE('',#2989,#2993,#748,.T.);
#3999=EDGE_CURVE('',#2985,#2957,#752,.T.);
#4001=EDGE_CURVE('',#2985,#2989,#756,.T.);
#4013=EDGE_CURVE('',#2981,#2955,#760,.T.);
#4015=EDGE_CURVE('',#2981,#2985,#765,.T.);
#4027=EDGE_CURVE('',#2977,#2969,#769,.T.);
#4029=EDGE_CURVE('',#2977,#2981,#773,.T.);
#4041=EDGE_CURVE('',#2973,#2967,#790,.T.);
#4043=EDGE_CURVE('',#2973,#2977,#778,.T.);
#4056=EDGE_CURVE('',#3001,#2973,#786,.T.);
#4067=EDGE_CURVE('',#3000,#3001,#794,.T.);
#4069=EDGE_CURVE('',#3000,#2972,#798,.T.);
#4071=EDGE_CURVE('',#2972,#2973,#802,.T.);
#4082=EDGE_CURVE('',#2996,#2997,#806,.T.);
#4084=EDGE_CURVE('',#2996,#3000,#811,.T.);
#4096=EDGE_CURVE('',#2992,#2993,#815,.T.);
#4098=EDGE_CURVE('',#2992,#2996,#819,.T.);
#4110=EDGE_CURVE('',#2988,#2989,#823,.T.);
#4112=EDGE_CURVE('',#2988,#2992,#828,.T.);
#4124=EDGE_CURVE('',#2984,#2985,#832,.T.);
#4126=EDGE_CURVE('',#2984,#2988,#836,.T.);
#4138=EDGE_CURVE('',#2980,#2981,#840,.T.);
#4140=EDGE_CURVE('',#2980,#2984,#845,.T.);
#4152=EDGE_CURVE('',#2976,#2977,#849,.T.);
#4154=EDGE_CURVE('',#2976,#2980,#853,.T.);
#4167=EDGE_CURVE('',#2972,#2976,#858,.T.);
#4180=EDGE_CURVE('',#3004,#2976,#862,.T.);
#4183=EDGE_CURVE('',#3017,#2972,#886,.T.);
#4194=EDGE_CURVE('',#3005,#2980,#866,.T.);
#4207=EDGE_CURVE('',#3008,#2984,#870,.T.);
#4220=EDGE_CURVE('',#3009,#2988,#874,.T.);
#4233=EDGE_CURVE('',#3012,#2992,#878,.T.);
#4246=EDGE_CURVE('',#3013,#2996,#882,.T.);
#4259=EDGE_CURVE('',#3016,#3000,#890,.T.);
#4283=EDGE_CURVE('',#2678,#2679,#952,.T.);
#4285=EDGE_CURVE('',#2679,#2681,#957,.T.);
#4287=EDGE_CURVE('',#2683,#2681,#961,.T.);
#4294=EDGE_CURVE('',#2486,#2490,#987,.T.);
#4297=EDGE_CURVE('',#2454,#2458,#995,.T.);
#4306=EDGE_CURVE('',#2614,#2615,#910,.T.);
#4308=EDGE_CURVE('',#2614,#2618,#914,.T.);
#4310=EDGE_CURVE('',#2618,#2619,#918,.T.);
#4312=EDGE_CURVE('',#2615,#2619,#922,.T.);
#4316=EDGE_CURVE('',#2666,#2667,#926,.T.);
#4318=EDGE_CURVE('',#2666,#2670,#930,.T.);
#4320=EDGE_CURVE('',#2670,#2671,#934,.T.);
#4322=EDGE_CURVE('',#2667,#2671,#938,.T.);
#4326=EDGE_CURVE('',#2674,#2675,#943,.T.);
#4328=EDGE_CURVE('',#2675,#2674,#948,.T.);
#4332=EDGE_CURVE('',#2566,#2567,#894,.T.);
#4334=EDGE_CURVE('',#2566,#2570,#898,.T.);
#4336=EDGE_CURVE('',#2570,#2571,#902,.T.);
#4338=EDGE_CURVE('',#2567,#2571,#906,.T.);
#4342=EDGE_CURVE('',#2706,#2707,#1021,.T.);
#4344=EDGE_CURVE('',#2707,#2709,#1026,.T.);
#4346=EDGE_CURVE('',#2709,#2711,#1030,.T.);
#4348=EDGE_CURVE('',#2711,#2706,#1035,.T.);
#4352=EDGE_CURVE('',#2722,#2723,#1039,.T.);
#4354=EDGE_CURVE('',#2723,#2725,#1044,.T.);
#4356=EDGE_CURVE('',#2725,#2727,#1048,.T.);
#4358=EDGE_CURVE('',#2727,#2722,#1053,.T.);
#4362=EDGE_CURVE('',#2738,#2739,#1057,.T.);
#4364=EDGE_CURVE('',#2739,#2741,#1062,.T.);
#4366=EDGE_CURVE('',#2741,#2743,#1066,.T.);
#4368=EDGE_CURVE('',#2743,#2738,#1071,.T.);
#4372=EDGE_CURVE('',#2754,#2755,#1075,.T.);
#4374=EDGE_CURVE('',#2755,#2757,#1080,.T.);
#4376=EDGE_CURVE('',#2757,#2759,#1084,.T.);
#4378=EDGE_CURVE('',#2759,#2754,#1089,.T.);
#4382=EDGE_CURVE('',#2770,#2771,#1093,.T.);
#4384=EDGE_CURVE('',#2771,#2773,#1098,.T.);
#4386=EDGE_CURVE('',#2773,#2775,#1102,.T.);
#4388=EDGE_CURVE('',#2775,#2770,#1107,.T.);
#4392=EDGE_CURVE('',#2786,#2787,#1111,.T.);
#4394=EDGE_CURVE('',#2787,#2789,#1116,.T.);
#4396=EDGE_CURVE('',#2789,#2791,#1120,.T.);
#4398=EDGE_CURVE('',#2791,#2786,#1125,.T.);
#4409=EDGE_CURVE('',#2567,#2526,#1129,.T.);
#4411=EDGE_CURVE('',#2526,#2527,#1133,.T.);
#4413=EDGE_CURVE('',#2527,#2529,#1137,.T.);
#4415=EDGE_CURVE('',#2529,#2531,#1142,.T.);
#4417=EDGE_CURVE('',#2531,#2793,#1146,.T.);
#4419=EDGE_CURVE('',#2793,#2534,#1151,.T.);
#4421=EDGE_CURVE('',#2534,#2535,#1155,.T.);
#4423=EDGE_CURVE('',#2535,#2537,#1159,.T.);
#4425=EDGE_CURVE('',#2537,#2539,#1163,.T.);
#4427=EDGE_CURVE('',#2539,#2541,#1168,.T.);
#4429=EDGE_CURVE('',#2541,#2543,#1172,.T.);
#4431=EDGE_CURVE('',#2543,#2566,#1177,.T.);
#4442=EDGE_CURVE('',#2571,#2546,#1229,.T.);
#4444=EDGE_CURVE('',#2526,#2546,#1273,.T.);
#4456=EDGE_CURVE('',#2563,#2570,#1182,.T.);
#4458=EDGE_CURVE('',#2561,#2563,#1186,.T.);
#4460=EDGE_CURVE('',#2559,#2561,#1191,.T.);
#4462=EDGE_CURVE('',#2557,#2559,#1195,.T.);
#4464=EDGE_CURVE('',#2555,#2557,#1199,.T.);
#4466=EDGE_CURVE('',#2554,#2555,#1203,.T.);
#4468=EDGE_CURVE('',#2795,#2554,#1208,.T.);
#4470=EDGE_CURVE('',#2551,#2795,#1212,.T.);
#4472=EDGE_CURVE('',#2549,#2551,#1217,.T.);
#4474=EDGE_CURVE('',#2547,#2549,#1221,.T.);
#4476=EDGE_CURVE('',#2546,#2547,#1225,.T.);
#4489=EDGE_CURVE('',#2543,#2563,#1233,.T.);
#4501=EDGE_CURVE('',#2541,#2561,#1237,.T.);
#4514=EDGE_CURVE('',#2539,#2559,#1241,.T.);
#4527=EDGE_CURVE('',#2537,#2557,#1245,.T.);
#4540=EDGE_CURVE('',#2535,#2555,#1249,.T.);
#4553=EDGE_CURVE('',#2534,#2554,#1253,.T.);
#4566=EDGE_CURVE('',#2793,#2795,#1257,.T.);
#4579=EDGE_CURVE('',#2531,#2551,#1261,.T.);
#4592=EDGE_CURVE('',#2529,#2549,#1265,.T.);
#4605=EDGE_CURVE('',#2527,#2547,#1269,.T.);
#4630=EDGE_CURVE('',#2615,#2574,#1277,.T.);
#4632=EDGE_CURVE('',#2574,#2575,#1281,.T.);
#4634=EDGE_CURVE('',#2575,#2577,#1285,.T.);
#4636=EDGE_CURVE('',#2577,#2579,#1290,.T.);
#4638=EDGE_CURVE('',#2579,#2797,#1294,.T.);
#4640=EDGE_CURVE('',#2797,#2582,#1299,.T.);
#4642=EDGE_CURVE('',#2582,#2583,#1303,.T.);
#4644=EDGE_CURVE('',#2583,#2585,#1307,.T.);
#4646=EDGE_CURVE('',#2585,#2587,#1311,.T.);
#4648=EDGE_CURVE('',#2587,#2589,#1316,.T.);
#4650=EDGE_CURVE('',#2589,#2591,#1320,.T.);
#4652=EDGE_CURVE('',#2591,#2614,#1325,.T.);
#4663=EDGE_CURVE('',#2619,#2594,#1377,.T.);
#4665=EDGE_CURVE('',#2574,#2594,#1421,.T.);
#4677=EDGE_CURVE('',#2611,#2618,#1330,.T.);
#4679=EDGE_CURVE('',#2609,#2611,#1334,.T.);
#4681=EDGE_CURVE('',#2607,#2609,#1339,.T.);
#4683=EDGE_CURVE('',#2605,#2607,#1343,.T.);
#4685=EDGE_CURVE('',#2603,#2605,#1347,.T.);
#4687=EDGE_CURVE('',#2602,#2603,#1351,.T.);
#4689=EDGE_CURVE('',#2799,#2602,#1356,.T.);
#4691=EDGE_CURVE('',#2599,#2799,#1360,.T.);
#4693=EDGE_CURVE('',#2597,#2599,#1365,.T.);
#4695=EDGE_CURVE('',#2595,#2597,#1369,.T.);
#4697=EDGE_CURVE('',#2594,#2595,#1373,.T.);
#4710=EDGE_CURVE('',#2591,#2611,#1381,.T.);
#4722=EDGE_CURVE('',#2589,#2609,#1385,.T.);
#4735=EDGE_CURVE('',#2587,#2607,#1389,.T.);
#4748=EDGE_CURVE('',#2585,#2605,#1393,.T.);
#4761=EDGE_CURVE('',#2583,#2603,#1397,.T.);
#4774=EDGE_CURVE('',#2582,#2602,#1401,.T.);
#4787=EDGE_CURVE('',#2797,#2799,#1405,.T.);
#4800=EDGE_CURVE('',#2579,#2599,#1409,.T.);
#4813=EDGE_CURVE('',#2577,#2597,#1413,.T.);
#4826=EDGE_CURVE('',#2575,#2595,#1417,.T.);
#4851=EDGE_CURVE('',#2667,#2630,#1426,.T.);
#4853=EDGE_CURVE('',#2630,#2631,#1430,.T.);
#4855=EDGE_CURVE('',#2631,#2633,#1435,.T.);
#4857=EDGE_CURVE('',#2633,#2635,#1439,.T.);
#4859=EDGE_CURVE('',#2635,#2637,#1443,.T.);
#4861=EDGE_CURVE('',#2637,#2639,#1447,.T.);
#4863=EDGE_CURVE('',#2639,#2641,#1452,.T.);
#4865=EDGE_CURVE('',#2641,#2622,#1456,.T.);
#4867=EDGE_CURVE('',#2622,#2623,#1461,.T.);
#4869=EDGE_CURVE('',#2623,#2625,#1465,.T.);
#4871=EDGE_CURVE('',#2625,#2627,#1469,.T.);
#4873=EDGE_CURVE('',#2627,#2666,#1473,.T.);
#4884=EDGE_CURVE('',#2671,#2652,#1525,.T.);
#4886=EDGE_CURVE('',#2630,#2652,#1569,.T.);
#4898=EDGE_CURVE('',#2649,#2670,#1477,.T.);
#4900=EDGE_CURVE('',#2647,#2649,#1481,.T.);
#4902=EDGE_CURVE('',#2645,#2647,#1485,.T.);
#4904=EDGE_CURVE('',#2644,#2645,#1490,.T.);
#4906=EDGE_CURVE('',#2663,#2644,#1494,.T.);
#4908=EDGE_CURVE('',#2661,#2663,#1499,.T.);
#4910=EDGE_CURVE('',#2659,#2661,#1503,.T.);
#4912=EDGE_CURVE('',#2657,#2659,#1507,.T.);
#4914=EDGE_CURVE('',#2655,#2657,#1511,.T.);
#4916=EDGE_CURVE('',#2653,#2655,#1516,.T.);
#4918=EDGE_CURVE('',#2652,#2653,#1520,.T.);
#4931=EDGE_CURVE('',#2627,#2649,#1529,.T.);
#4943=EDGE_CURVE('',#2625,#2647,#1533,.T.);
#4956=EDGE_CURVE('',#2623,#2645,#1537,.T.);
#4969=EDGE_CURVE('',#2622,#2644,#1541,.T.);
#4982=EDGE_CURVE('',#2641,#2663,#1545,.T.);
#4995=EDGE_CURVE('',#2639,#2661,#1549,.T.);
#5008=EDGE_CURVE('',#2637,#2659,#1553,.T.);
#5021=EDGE_CURVE('',#2635,#2657,#1557,.T.);
#5034=EDGE_CURVE('',#2633,#2655,#1561,.T.);
#5047=EDGE_CURVE('',#2631,#2653,#1565,.T.);
#5071=EDGE_CURVE('',#2851,#2850,#1593,.T.);
#5073=EDGE_CURVE('',#2851,#2691,#1625,.T.);
#5075=EDGE_CURVE('',#2675,#2691,#2071,.T.);
#5078=EDGE_CURVE('',#2674,#2689,#1573,.T.);
#5080=EDGE_CURVE('',#2689,#2850,#1630,.T.);
#5170=EDGE_CURVE('',#2841,#2843,#1578,.T.);
#5172=EDGE_CURVE('',#2843,#2851,#1588,.T.);
#5175=EDGE_CURVE('',#2850,#2841,#1603,.T.);
#5185=EDGE_CURVE('',#2841,#2835,#1607,.T.);
#5187=EDGE_CURVE('',#2826,#2835,#1737,.T.);
#5189=EDGE_CURVE('',#2843,#2826,#1611,.T.);
#5200=EDGE_CURVE('',#2850,#2851,#1615,.T.);
#5204=EDGE_CURVE('',#2826,#2827,#1751,.T.);
#5206=EDGE_CURVE('',#2827,#2831,#1777,.T.);
#5208=EDGE_CURVE('',#2822,#2831,#1825,.T.);
#5210=EDGE_CURVE('',#2822,#2823,#1833,.T.);
#5212=EDGE_CURVE('',#2839,#2823,#1813,.T.);
#5214=EDGE_CURVE('',#2834,#2839,#1773,.T.);
#5216=EDGE_CURVE('',#2834,#2835,#1744,.T.);
#5228=EDGE_CURVE('',#2854,#2855,#1675,.T.);
#5230=EDGE_CURVE('',#2691,#2854,#1620,.T.);
#5235=EDGE_CURVE('',#2855,#2689,#1635,.T.);
#5245=EDGE_CURVE('',#2952,#2953,#1845,.T.);
#5247=EDGE_CURVE('',#2693,#2952,#1640,.T.);
#5249=EDGE_CURVE('',#2949,#2693,#1644,.T.);
#5251=EDGE_CURVE('',#2948,#2949,#1999,.T.);
#5253=EDGE_CURVE('',#2695,#2948,#1648,.T.);
#5255=EDGE_CURVE('',#2953,#2695,#1653,.T.);
#5265=EDGE_CURVE('',#2930,#2931,#1658,.T.);
#5267=EDGE_CURVE('',#2685,#2931,#1662,.T.);
#5278=EDGE_CURVE('',#2934,#2935,#1667,.T.);
#5281=EDGE_CURVE('',#2934,#2687,#1671,.T.);
#5292=EDGE_CURVE('',#2847,#2855,#1690,.T.);
#5294=EDGE_CURVE('',#2847,#2832,#1713,.T.);
#5296=EDGE_CURVE('',#2832,#2833,#1720,.T.);
#5298=EDGE_CURVE('',#2833,#2837,#1755,.T.);
#5300=EDGE_CURVE('',#2819,#2837,#1789,.T.);
#5302=EDGE_CURVE('',#2818,#2819,#1829,.T.);
#5304=EDGE_CURVE('',#2829,#2818,#1801,.T.);
#5306=EDGE_CURVE('',#2824,#2829,#1764,.T.);
#5308=EDGE_CURVE('',#2824,#2825,#1732,.T.);
#5310=EDGE_CURVE('',#2845,#2825,#1709,.T.);
#5312=EDGE_CURVE('',#2854,#2845,#1705,.T.);
#5402=EDGE_CURVE('',#2845,#2847,#1680,.T.);
#5405=EDGE_CURVE('',#2855,#2854,#1695,.T.);
#5417=EDGE_CURVE('',#2832,#2825,#1725,.T.);
#5429=EDGE_CURVE('',#2833,#2824,#1760,.T.);
#5444=EDGE_CURVE('',#2827,#2834,#1769,.T.);
#5455=EDGE_CURVE('',#2837,#2829,#1794,.T.);
#5470=EDGE_CURVE('',#2831,#2839,#1806,.T.);
#5481=EDGE_CURVE('',#2818,#2819,#1782,.T.);
#5496=EDGE_CURVE('',#2823,#2822,#1818,.T.);
#5527=EDGE_CURVE('',#2906,#2907,#1837,.T.);
#5529=EDGE_CURVE('',#2906,#2907,#1969,.T.);
#5539=EDGE_CURVE('',#2910,#2911,#1841,.T.);
#5541=EDGE_CURVE('',#2911,#2910,#1981,.T.);
#5552=EDGE_CURVE('',#2943,#2953,#1860,.T.);
#5554=EDGE_CURVE('',#2943,#2918,#1883,.T.);
#5556=EDGE_CURVE('',#2918,#2915,#1907,.T.);
#5558=EDGE_CURVE('',#2915,#2912,#1944,.T.);
#5560=EDGE_CURVE('',#2907,#2912,#1976,.T.);
#5563=EDGE_CURVE('',#2920,#2906,#1964,.T.);
#5565=EDGE_CURVE('',#2923,#2920,#1935,.T.);
#5567=EDGE_CURVE('',#2923,#2926,#1895,.T.);
#5569=EDGE_CURVE('',#2941,#2926,#1879,.T.);
#5571=EDGE_CURVE('',#2952,#2941,#1875,.T.);
#5661=EDGE_CURVE('',#2941,#2943,#1850,.T.);
#5664=EDGE_CURVE('',#2953,#2952,#1865,.T.);
#5676=EDGE_CURVE('',#2918,#2926,#1888,.T.);
#5690=EDGE_CURVE('',#2923,#2915,#1900,.T.);
#5701=EDGE_CURVE('',#2917,#2925,#1912,.T.);
#5703=EDGE_CURVE('',#2927,#2925,#1919,.T.);
#5705=EDGE_CURVE('',#2927,#2919,#1924,.T.);
#5707=EDGE_CURVE('',#2917,#2919,#1931,.T.);
#5719=EDGE_CURVE('',#2920,#2912,#1940,.T.);
#5730=EDGE_CURVE('',#2913,#2921,#1949,.T.);
#5732=EDGE_CURVE('',#2925,#2921,#1953,.T.);
#5735=EDGE_CURVE('',#2917,#2913,#1957,.T.);
#5758=EDGE_CURVE('',#2910,#2921,#1988,.T.);
#5761=EDGE_CURVE('',#2913,#2911,#1995,.T.);
#5772=EDGE_CURVE('',#2945,#2949,#2017,.T.);
#5774=EDGE_CURVE('',#2939,#2945,#2009,.T.);
#5776=EDGE_CURVE('',#2939,#2927,#2053,.T.);
#5785=EDGE_CURVE('',#2937,#2919,#2049,.T.);
#5787=EDGE_CURVE('',#2944,#2937,#2045,.T.);
#5789=EDGE_CURVE('',#2948,#2944,#2013,.T.);
#5800=EDGE_CURVE('',#2945,#2931,#2028,.T.);
#5804=EDGE_CURVE('',#2679,#2693,#2067,.T.);
#5816=EDGE_CURVE('',#2937,#2939,#2022,.T.);
#5823=EDGE_CURVE('',#2934,#2944,#2059,.T.);
#5852=EDGE_CURVE('',#2681,#2695,#2063,.T.);
#5890=EDGE_CURVE('',#2486,#2468,#2076,.T.);
#5893=EDGE_CURVE('',#2490,#2480,#2145,.T.);
#5895=EDGE_CURVE('',#2468,#2480,#2110,.T.);
#5907=EDGE_CURVE('',#2468,#2469,#2080,.T.);
#5909=EDGE_CURVE('',#2469,#2471,#2084,.T.);
#5911=EDGE_CURVE('',#2471,#2805,#2089,.T.);
#5913=EDGE_CURVE('',#2805,#2462,#2093,.T.);
#5915=EDGE_CURVE('',#2462,#2463,#2098,.T.);
#5917=EDGE_CURVE('',#2463,#2465,#2102,.T.);
#5919=EDGE_CURVE('',#2465,#2487,#2106,.T.);
#5931=EDGE_CURVE('',#2480,#2481,#2140,.T.);
#5933=EDGE_CURVE('',#2469,#2481,#2169,.T.);
#5944=EDGE_CURVE('',#2477,#2491,#2114,.T.);
#5946=EDGE_CURVE('',#2475,#2477,#2118,.T.);
#5948=EDGE_CURVE('',#2474,#2475,#2123,.T.);
#5950=EDGE_CURVE('',#2807,#2474,#2127,.T.);
#5952=EDGE_CURVE('',#2483,#2807,#2132,.T.);
#5954=EDGE_CURVE('',#2481,#2483,#2136,.T.);
#5968=EDGE_CURVE('',#2465,#2477,#2149,.T.);
#5980=EDGE_CURVE('',#2463,#2475,#2153,.T.);
#5993=EDGE_CURVE('',#2462,#2474,#2157,.T.);
#6006=EDGE_CURVE('',#2805,#2807,#2161,.T.);
#6019=EDGE_CURVE('',#2471,#2483,#2165,.T.);
#6043=EDGE_CURVE('',#2454,#2436,#2174,.T.);
#6046=EDGE_CURVE('',#2458,#2448,#2243,.T.);
#6048=EDGE_CURVE('',#2436,#2448,#2208,.T.);
#6060=EDGE_CURVE('',#2436,#2437,#2178,.T.);
#6062=EDGE_CURVE('',#2437,#2439,#2182,.T.);
#6064=EDGE_CURVE('',#2439,#2801,#2187,.T.);
#6066=EDGE_CURVE('',#2801,#2430,#2191,.T.);
#6068=EDGE_CURVE('',#2430,#2431,#2196,.T.);
#6070=EDGE_CURVE('',#2431,#2433,#2200,.T.);
#6072=EDGE_CURVE('',#2433,#2455,#2204,.T.);
#6084=EDGE_CURVE('',#2448,#2449,#2238,.T.);
#6086=EDGE_CURVE('',#2437,#2449,#2267,.T.);
#6097=EDGE_CURVE('',#2445,#2459,#2212,.T.);
#6099=EDGE_CURVE('',#2443,#2445,#2216,.T.);
#6101=EDGE_CURVE('',#2442,#2443,#2221,.T.);
#6103=EDGE_CURVE('',#2803,#2442,#2225,.T.);
#6105=EDGE_CURVE('',#2451,#2803,#2230,.T.);
#6107=EDGE_CURVE('',#2449,#2451,#2234,.T.);
#6121=EDGE_CURVE('',#2433,#2445,#2247,.T.);
#6133=EDGE_CURVE('',#2431,#2443,#2251,.T.);
#6146=EDGE_CURVE('',#2430,#2442,#2255,.T.);
#6159=EDGE_CURVE('',#2801,#2803,#2259,.T.);
#6172=EDGE_CURVE('',#2439,#2451,#2263,.T.);
#6197=EDGE_CURVE('',#2707,#2699,#2275,.T.);
#6200=EDGE_CURVE('',#2706,#2698,#2271,.T.);
#6211=EDGE_CURVE('',#2709,#2701,#2279,.T.);
#6224=EDGE_CURVE('',#2711,#2703,#2283,.T.);
#6249=EDGE_CURVE('',#2723,#2715,#2291,.T.);
#6252=EDGE_CURVE('',#2722,#2714,#2287,.T.);
#6263=EDGE_CURVE('',#2725,#2717,#2295,.T.);
#6276=EDGE_CURVE('',#2727,#2719,#2299,.T.);
#6301=EDGE_CURVE('',#2739,#2731,#2307,.T.);
#6304=EDGE_CURVE('',#2738,#2730,#2303,.T.);
#6315=EDGE_CURVE('',#2741,#2733,#2311,.T.);
#6328=EDGE_CURVE('',#2743,#2735,#2315,.T.);
#6353=EDGE_CURVE('',#2755,#2747,#2323,.T.);
#6356=EDGE_CURVE('',#2754,#2746,#2319,.T.);
#6367=EDGE_CURVE('',#2757,#2749,#2327,.T.);
#6380=EDGE_CURVE('',#2759,#2751,#2331,.T.);
#6405=EDGE_CURVE('',#2771,#2763,#2339,.T.);
#6408=EDGE_CURVE('',#2770,#2762,#2335,.T.);
#6419=EDGE_CURVE('',#2773,#2765,#2343,.T.);
#6432=EDGE_CURVE('',#2775,#2767,#2347,.T.);
#6457=EDGE_CURVE('',#2787,#2779,#2355,.T.);
#6460=EDGE_CURVE('',#2786,#2778,#2351,.T.);
#6471=EDGE_CURVE('',#2789,#2781,#2359,.T.);
#6484=EDGE_CURVE('',#2791,#2783,#2363,.T.);
#6503=CLOSED_SHELL('',(#3059,#3074,#3157,#3170,#3183,#3214,#3227,#3240,#3253,
#3265,#3280,#3294,#3308,#3322,#3336,#3350,#3364,#3377,#3392,#3406,#3420,#3434,
#3448,#3462,#3476,#3489,#3504,#3530,#3544,#3559,#3573,#3604,#3618,#3633,#3647,
#3662,#3676,#3691,#3705,#3752,#3767,#3786,#3800,#3814,#3833,#3846,#3858,#3871,
#3884,#3897,#3910,#3922,#3935,#3949,#3964,#3978,#3992,#4006,#4020,#4034,#4048,
#4061,#4076,#4090,#4104,#4118,#4132,#4146,#4160,#4173,#4187,#4200,#4213,#4226,
#4239,#4252,#4265,#4277,#4402,#4435,#4449,#4481,#4494,#4507,#4520,#4533,#4546,
#4559,#4572,#4585,#4598,#4611,#4623,#4656,#4670,#4702,#4715,#4728,#4741,#4754,
#4767,#4780,#4793,#4806,#4819,#4832,#4844,#4877,#4891,#4923,#4936,#4949,#4962,
#4975,#4988,#5001,#5014,#5027,#5040,#5053,#5065,#5084,#5179,#5194,#5222,#5239,
#5259,#5272,#5285,#5316,#5410,#5423,#5436,#5449,#5462,#5475,#5488,#5501,#5511,
#5521,#5533,#5545,#5575,#5669,#5682,#5695,#5711,#5724,#5739,#5751,#5765,#5793,
#5810,#5828,#5840,#5856,#5870,#5884,#5899,#5923,#5937,#5960,#5973,#5986,#5999,
#6012,#6025,#6037,#6052,#6076,#6090,#6113,#6126,#6139,#6152,#6165,#6178,#6190,
#6204,#6217,#6230,#6242,#6256,#6269,#6282,#6294,#6308,#6321,#6334,#6346,#6360,
#6373,#6386,#6398,#6412,#6425,#6438,#6450,#6464,#6477,#6490,#6502));
#6504=MANIFOLD_SOLID_BREP('',#6503);
#6505=(LENGTH_UNIT()NAMED_UNIT(*)SI_UNIT(.MILLI.,.METRE.));
#6507=(NAMED_UNIT(*)PLANE_ANGLE_UNIT()SI_UNIT($,.RADIAN.));
#6510=(NAMED_UNIT(*)SI_UNIT($,.STERADIAN.)SOLID_ANGLE_UNIT());
#6513=ADVANCED_BREP_SHAPE_REPRESENTATION('',(#6504),#6512);
#6520=PRODUCT_DEFINITION('design','',#6519,#6516);
#6521=PRODUCT_DEFINITION_SHAPE('','SHAPE FOR PRT0001.',#6520);
#6522=SHAPE_DEFINITION_REPRESENTATION(#6521,#6513);
ENDSEC;
END-ISO-10303-21;
