ISO-10303-21;
HEADER;
FILE_DESCRIPTION((''),'2;1');
FILE_NAME('PRT0001','2025-08-04T03:09:45',('rizz'),(''),
'CREO PARAMETRIC BY PTC INC, 2025102','CREO PARAMETRIC BY PTC INC, 2025102','');
FILE_SCHEMA(('CONFIG_CONTROL_DESIGN'));
ENDSEC;
DATA;
#1=DIRECTION('',(1.E0,0.E0,0.E0));
#2=VECTOR('',#1,3.877501000801E0);
#3=CARTESIAN_POINT('',(-6.595596411847E1,0.E0,8.534733057534E1));
#4=LINE('',#3,#2);
#5=CARTESIAN_POINT('',(-6.207846311767E1,0.E0,8.734733057534E1));
#6=DIRECTION('',(0.E0,1.E0,0.E0));
#7=DIRECTION('',(7.806247499137E-1,0.E0,-6.249999998577E-1));
#8=AXIS2_PLACEMENT_3D('',#5,#6,#7);
#10=CARTESIAN_POINT('',(-5.895596411847E1,0.E0,8.484733057534E1));
#11=DIRECTION('',(0.E0,1.E0,0.E0));
#12=DIRECTION('',(-7.806247496859E-1,0.E0,6.250000001423E-1));
#13=AXIS2_PLACEMENT_3D('',#10,#11,#12);
#15=CARTESIAN_POINT('',(-5.583346511927E1,1.421085471520E-14,8.734733057534E1));
#16=DIRECTION('',(0.E0,1.E0,0.E0));
#17=DIRECTION('',(0.E0,0.E0,-1.E0));
#18=AXIS2_PLACEMENT_3D('',#15,#16,#17);
#20=DIRECTION('',(1.E0,0.E0,0.E0));
#21=VECTOR('',#20,4.683346511927E1);
#22=CARTESIAN_POINT('',(-5.583346511927E1,0.E0,8.534733057534E1));
#23=LINE('',#22,#21);
#24=CARTESIAN_POINT('',(-9.E0,0.E0,8.1E1));
#25=DIRECTION('',(0.E0,1.E0,0.E0));
#26=DIRECTION('',(0.E0,0.E0,1.E0));
#27=AXIS2_PLACEMENT_3D('',#24,#25,#26);
#29=DIRECTION('',(0.E0,0.E0,-1.E0));
#30=VECTOR('',#29,7.2E1);
#31=CARTESIAN_POINT('',(-4.652669424660E0,0.E0,8.1E1));
#32=LINE('',#31,#30);
#33=CARTESIAN_POINT('',(-9.E0,0.E0,9.E0));
#34=DIRECTION('',(0.E0,1.E0,0.E0));
#35=DIRECTION('',(1.E0,0.E0,0.E0));
#36=AXIS2_PLACEMENT_3D('',#33,#34,#35);
#38=DIRECTION('',(-1.E0,0.E0,0.E0));
#39=VECTOR('',#38,4.683346511927E1);
#40=CARTESIAN_POINT('',(-9.E0,0.E0,4.652669424660E0));
#41=LINE('',#40,#39);
#42=CARTESIAN_POINT('',(-5.583346511927E1,0.E0,2.652669424660E0));
#43=DIRECTION('',(0.E0,1.E0,0.E0));
#44=DIRECTION('',(-7.806247497998E-1,0.E0,6.25E-1));
#45=AXIS2_PLACEMENT_3D('',#42,#43,#44);
#47=CARTESIAN_POINT('',(-5.895596411847E1,0.E0,5.152669424660E0));
#48=DIRECTION('',(0.E0,1.E0,0.E0));
#49=DIRECTION('',(7.806247497998E-1,0.E0,-6.25E-1));
#50=AXIS2_PLACEMENT_3D('',#47,#48,#49);
#52=CARTESIAN_POINT('',(-6.207846311767E1,1.421085471520E-14,2.652669424660E0));
#53=DIRECTION('',(0.E0,1.E0,0.E0));
#54=DIRECTION('',(0.E0,0.E0,1.E0));
#55=AXIS2_PLACEMENT_3D('',#52,#53,#54);
#57=DIRECTION('',(-1.E0,0.E0,0.E0));
#58=VECTOR('',#57,3.877501000801E0);
#59=CARTESIAN_POINT('',(-6.207846311767E1,0.E0,4.652669424660E0));
#60=LINE('',#59,#58);
#61=DIRECTION('',(-9.848077530122E-1,0.E0,-1.736481776669E-1));
#62=VECTOR('',#61,1.527611438427E1);
#63=CARTESIAN_POINT('',(-6.595596411847E1,0.E0,4.652669424660E0));
#64=LINE('',#63,#62);
#65=DIRECTION('',(-1.E0,0.E0,0.E0));
#66=VECTOR('',#65,7.2E1);
#67=CARTESIAN_POINT('',(-9.E0,0.E0,0.E0));
#68=LINE('',#67,#66);
#69=CARTESIAN_POINT('',(-9.E0,0.E0,9.E0));
#70=DIRECTION('',(0.E0,1.E0,0.E0));
#71=DIRECTION('',(1.E0,0.E0,0.E0));
#72=AXIS2_PLACEMENT_3D('',#69,#70,#71);
#74=DIRECTION('',(0.E0,0.E0,-1.E0));
#75=VECTOR('',#74,7.2E1);
#76=CARTESIAN_POINT('',(0.E0,0.E0,8.1E1));
#77=LINE('',#76,#75);
#78=CARTESIAN_POINT('',(-9.E0,0.E0,8.1E1));
#79=DIRECTION('',(0.E0,1.E0,0.E0));
#80=DIRECTION('',(0.E0,0.E0,1.E0));
#81=AXIS2_PLACEMENT_3D('',#78,#79,#80);
#83=DIRECTION('',(1.E0,0.E0,0.E0));
#84=VECTOR('',#83,7.2E1);
#85=CARTESIAN_POINT('',(-8.1E1,0.E0,9.E1));
#86=LINE('',#85,#84);
#87=DIRECTION('',(9.848077530122E-1,0.E0,-1.736481776669E-1));
#88=VECTOR('',#87,1.527611438427E1);
#89=CARTESIAN_POINT('',(-8.1E1,0.E0,8.8E1));
#90=LINE('',#89,#88);
#91=DIRECTION('',(1.E0,0.E0,0.E0));
#92=VECTOR('',#91,3.877501000801E0);
#93=CARTESIAN_POINT('',(-6.595596411847E1,-3.E0,8.534733057534E1));
#94=LINE('',#93,#92);
#95=DIRECTION('',(0.E0,-1.E0,0.E0));
#96=VECTOR('',#95,3.E0);
#97=CARTESIAN_POINT('',(-6.207846311767E1,0.E0,8.534733057534E1));
#98=LINE('',#97,#96);
#99=DIRECTION('',(0.E0,1.E0,0.E0));
#100=VECTOR('',#99,3.E0);
#101=CARTESIAN_POINT('',(-6.595596411847E1,-3.E0,8.534733057534E1));
#102=LINE('',#101,#100);
#103=DIRECTION('',(1.E0,0.E0,0.E0));
#104=VECTOR('',#103,4.683346511927E1);
#105=CARTESIAN_POINT('',(-5.583346511927E1,-3.E0,8.534733057534E1));
#106=LINE('',#105,#104);
#107=DIRECTION('',(0.E0,1.E0,0.E0));
#108=VECTOR('',#107,3.E0);
#109=CARTESIAN_POINT('',(-5.583346511927E1,-3.E0,8.534733057534E1));
#110=LINE('',#109,#108);
#111=DIRECTION('',(9.702875252478E-1,1.710878697460E-1,-1.710878697460E-1));
#112=VECTOR('',#111,1.550471946724E1);
#113=CARTESIAN_POINT('',(-8.1E1,-5.652669424660E0,8.8E1));
#114=LINE('',#113,#112);
#115=CARTESIAN_POINT('',(-5.739471461887E1,-3.75E0,8.609733057534E1));
#116=CARTESIAN_POINT('',(-5.721574504364E1,-3.526467072183E0,8.587379764752E1));
#117=CARTESIAN_POINT('',(-5.677960707897E1,-3.174247152240E0,8.552157772758E1));
#118=CARTESIAN_POINT('',(-5.619673368176E1,-3.E0,8.534733057534E1));
#119=CARTESIAN_POINT('',(-5.583346511927E1,-3.E0,8.534733057534E1));
#121=CARTESIAN_POINT('',(-6.051721361807E1,-3.75E0,8.609733057534E1));
#122=CARTESIAN_POINT('',(-6.038710949310E1,-3.9125E0,8.625983057534E1));
#123=CARTESIAN_POINT('',(-6.012690124317E1,-4.143560182267E0,8.649089075761E1));
#124=CARTESIAN_POINT('',(-5.960648474330E1,-4.428320859737E0,8.677565143508E1));
#125=CARTESIAN_POINT('',(-5.895596411847E1,-4.547786093508E0,8.689511666885E1));
#126=CARTESIAN_POINT('',(-5.830544349364E1,-4.428320859737E0,8.677565143508E1));
#127=CARTESIAN_POINT('',(-5.778502699377E1,-4.143560182267E0,8.649089075761E1));
#128=CARTESIAN_POINT('',(-5.752481874384E1,-3.9125E0,8.625983057534E1));
#129=CARTESIAN_POINT('',(-5.739471461887E1,-3.75E0,8.609733057534E1));
#131=CARTESIAN_POINT('',(-6.207846311767E1,-3.E0,8.534733057534E1));
#132=CARTESIAN_POINT('',(-6.171519455518E1,-3.E0,8.534733057534E1));
#133=CARTESIAN_POINT('',(-6.113232115798E1,-3.174247152240E0,8.552157772758E1));
#134=CARTESIAN_POINT('',(-6.069618319330E1,-3.526467072184E0,8.587379764752E1));
#135=CARTESIAN_POINT('',(-6.051721361807E1,-3.75E0,8.609733057534E1));
#137=DIRECTION('',(-2.177343411270E-14,-1.E0,0.E0));
#138=VECTOR('',#137,6.526694246597E-1);
#139=CARTESIAN_POINT('',(-8.1E1,-5.E0,8.8E1));
#140=LINE('',#139,#138);
#141=CARTESIAN_POINT('',(-8.1E1,-1.175266942466E1,8.8E1));
#142=CARTESIAN_POINT('',(-8.129748044633E1,-1.145518897860E1,8.8E1));
#143=CARTESIAN_POINT('',(-8.189123494502E1,-1.086143438753E1,8.796210712857E1));
#144=CARTESIAN_POINT('',(-8.276741136976E1,-9.974434150527E0,8.779267303288E1));
#145=CARTESIAN_POINT('',(-8.333020557908E1,-9.390283714190E0,8.760738559926E1));
#146=CARTESIAN_POINT('',(-8.360461705471E1,-9.1E0,8.749738178025E1));
#148=DIRECTION('',(0.E0,-1.E0,0.E0));
#149=VECTOR('',#148,5.E-1);
#150=CARTESIAN_POINT('',(-8.360461705471E1,-8.6E0,8.749738178025E1));
#151=LINE('',#150,#149);
#152=CARTESIAN_POINT('',(-8.1E1,-8.6E0,8.1E1));
#153=DIRECTION('',(0.E0,-1.E0,0.E0));
#154=DIRECTION('',(0.E0,0.E0,1.E0));
#155=AXIS2_PLACEMENT_3D('',#152,#153,#154);
#157=CARTESIAN_POINT('',(-8.1E1,-8.E0,8.1E1));
#158=DIRECTION('',(0.E0,-1.E0,0.E0));
#159=DIRECTION('',(-4.285714285714E-1,0.E0,9.035079029053E-1));
#160=AXIS2_PLACEMENT_3D('',#157,#158,#159);
#162=DIRECTION('',(0.E0,1.E0,0.E0));
#163=VECTOR('',#162,2.624733057534E1);
#164=CARTESIAN_POINT('',(-8.1E1,-3.8E1,8.8E1));
#165=LINE('',#164,#163);
#166=CARTESIAN_POINT('',(-8.1E1,-9.1E0,8.8E1));
#167=DIRECTION('',(0.E0,1.E0,0.E0));
#168=DIRECTION('',(0.E0,0.E0,-1.E0));
#169=AXIS2_PLACEMENT_3D('',#166,#167,#168);
#171=DIRECTION('',(0.E0,7.071067811865E-1,-7.071067811866E-1));
#172=VECTOR('',#171,3.751441076846E0);
#173=CARTESIAN_POINT('',(-8.1E1,-1.175266942466E1,8.8E1));
#174=LINE('',#173,#172);
#175=DIRECTION('',(0.E0,-7.071067811865E-1,7.071067811865E-1));
#176=VECTOR('',#175,3.751441076846E0);
#177=CARTESIAN_POINT('',(-9.E0,-9.1E0,8.534733057534E1));
#178=LINE('',#177,#176);
#179=DIRECTION('',(-1.E0,0.E0,0.E0));
#180=VECTOR('',#179,7.2E1);
#181=CARTESIAN_POINT('',(-9.E0,-9.1E0,8.534733057534E1));
#182=LINE('',#181,#180);
#183=DIRECTION('',(0.E0,-1.E0,0.E0));
#184=VECTOR('',#183,2.624733057534E1);
#185=CARTESIAN_POINT('',(-9.E0,-1.175266942466E1,8.8E1));
#186=LINE('',#185,#184);
#187=DIRECTION('',(1.E0,0.E0,0.E0));
#188=VECTOR('',#187,7.2E1);
#189=CARTESIAN_POINT('',(-8.1E1,-1.175266942466E1,8.8E1));
#190=LINE('',#189,#188);
#191=DIRECTION('',(-9.848077530122E-1,-1.736481776669E-1,0.E0));
#192=VECTOR('',#191,8.638155724715E0);
#193=CARTESIAN_POINT('',(-7.249307727057E1,-7.1E0,8.8E1));
#194=LINE('',#193,#192);
#195=DIRECTION('',(1.E0,0.E0,0.E0));
#196=VECTOR('',#195,6.349307727057E1);
#197=CARTESIAN_POINT('',(-7.249307727057E1,-7.1E0,8.8E1));
#198=LINE('',#197,#196);
#199=DIRECTION('',(0.E0,-1.E0,0.E0));
#200=VECTOR('',#199,1.447330575340E0);
#201=CARTESIAN_POINT('',(-9.E0,-5.652669424660E0,8.8E1));
#202=LINE('',#201,#200);
#203=DIRECTION('',(1.E0,0.E0,0.E0));
#204=VECTOR('',#203,7.2E1);
#205=CARTESIAN_POINT('',(-8.1E1,-5.652669424660E0,8.8E1));
#206=LINE('',#205,#204);
#207=DIRECTION('',(0.E0,-1.E0,0.E0));
#208=VECTOR('',#207,2.947330575340E0);
#209=CARTESIAN_POINT('',(-8.1E1,-5.652669424660E0,8.8E1));
#210=LINE('',#209,#208);
#211=CARTESIAN_POINT('',(-4.5E1,-1.3E1,8.8E1));
#212=DIRECTION('',(0.E0,0.E0,1.E0));
#213=DIRECTION('',(1.E0,4.973799150321E-14,0.E0));
#214=AXIS2_PLACEMENT_3D('',#211,#212,#213);
#216=DIRECTION('',(0.E0,1.E0,0.E0));
#217=VECTOR('',#216,1.4E1);
#218=CARTESIAN_POINT('',(-4.4E1,-2.7E1,8.8E1));
#219=LINE('',#218,#217);
#220=CARTESIAN_POINT('',(-4.5E1,-2.7E1,8.8E1));
#221=DIRECTION('',(0.E0,0.E0,1.E0));
#222=DIRECTION('',(-1.E0,4.973799150321E-14,0.E0));
#223=AXIS2_PLACEMENT_3D('',#220,#221,#222);
#225=DIRECTION('',(0.E0,-1.E0,0.E0));
#226=VECTOR('',#225,1.4E1);
#227=CARTESIAN_POINT('',(-4.6E1,-1.3E1,8.8E1));
#228=LINE('',#227,#226);
#229=CARTESIAN_POINT('',(-4.9E1,-1.3E1,8.8E1));
#230=DIRECTION('',(0.E0,0.E0,1.E0));
#231=DIRECTION('',(1.E0,4.973799150321E-14,0.E0));
#232=AXIS2_PLACEMENT_3D('',#229,#230,#231);
#234=DIRECTION('',(0.E0,1.E0,0.E0));
#235=VECTOR('',#234,1.4E1);
#236=CARTESIAN_POINT('',(-4.8E1,-2.7E1,8.8E1));
#237=LINE('',#236,#235);
#238=CARTESIAN_POINT('',(-4.9E1,-2.7E1,8.8E1));
#239=DIRECTION('',(0.E0,0.E0,1.E0));
#240=DIRECTION('',(-1.E0,4.973799150321E-14,0.E0));
#241=AXIS2_PLACEMENT_3D('',#238,#239,#240);
#243=DIRECTION('',(0.E0,-1.E0,0.E0));
#244=VECTOR('',#243,1.4E1);
#245=CARTESIAN_POINT('',(-5.E1,-1.3E1,8.8E1));
#246=LINE('',#245,#244);
#247=CARTESIAN_POINT('',(-5.3E1,-1.3E1,8.8E1));
#248=DIRECTION('',(0.E0,0.E0,1.E0));
#249=DIRECTION('',(1.E0,4.973799150321E-14,0.E0));
#250=AXIS2_PLACEMENT_3D('',#247,#248,#249);
#252=DIRECTION('',(0.E0,1.E0,0.E0));
#253=VECTOR('',#252,1.4E1);
#254=CARTESIAN_POINT('',(-5.2E1,-2.7E1,8.8E1));
#255=LINE('',#254,#253);
#256=CARTESIAN_POINT('',(-5.3E1,-2.7E1,8.8E1));
#257=DIRECTION('',(0.E0,0.E0,1.E0));
#258=DIRECTION('',(-1.E0,4.973799150321E-14,0.E0));
#259=AXIS2_PLACEMENT_3D('',#256,#257,#258);
#261=DIRECTION('',(0.E0,-1.E0,0.E0));
#262=VECTOR('',#261,1.4E1);
#263=CARTESIAN_POINT('',(-5.4E1,-1.3E1,8.8E1));
#264=LINE('',#263,#262);
#265=CARTESIAN_POINT('',(-5.7E1,-1.3E1,8.8E1));
#266=DIRECTION('',(0.E0,0.E0,1.E0));
#267=DIRECTION('',(1.E0,4.973799150321E-14,0.E0));
#268=AXIS2_PLACEMENT_3D('',#265,#266,#267);
#270=DIRECTION('',(0.E0,1.E0,0.E0));
#271=VECTOR('',#270,1.4E1);
#272=CARTESIAN_POINT('',(-5.6E1,-2.7E1,8.8E1));
#273=LINE('',#272,#271);
#274=CARTESIAN_POINT('',(-5.7E1,-2.7E1,8.8E1));
#275=DIRECTION('',(0.E0,0.E0,1.E0));
#276=DIRECTION('',(-1.E0,4.973799150321E-14,0.E0));
#277=AXIS2_PLACEMENT_3D('',#274,#275,#276);
#279=DIRECTION('',(0.E0,-1.E0,0.E0));
#280=VECTOR('',#279,1.4E1);
#281=CARTESIAN_POINT('',(-5.8E1,-1.3E1,8.8E1));
#282=LINE('',#281,#280);
#283=CARTESIAN_POINT('',(-6.1E1,-1.3E1,8.8E1));
#284=DIRECTION('',(0.E0,0.E0,1.E0));
#285=DIRECTION('',(1.E0,4.973799150321E-14,0.E0));
#286=AXIS2_PLACEMENT_3D('',#283,#284,#285);
#288=DIRECTION('',(0.E0,1.E0,0.E0));
#289=VECTOR('',#288,1.4E1);
#290=CARTESIAN_POINT('',(-6.E1,-2.7E1,8.8E1));
#291=LINE('',#290,#289);
#292=CARTESIAN_POINT('',(-6.1E1,-2.7E1,8.8E1));
#293=DIRECTION('',(0.E0,0.E0,1.E0));
#294=DIRECTION('',(-1.E0,7.460698725481E-14,0.E0));
#295=AXIS2_PLACEMENT_3D('',#292,#293,#294);
#297=DIRECTION('',(0.E0,-1.E0,0.E0));
#298=VECTOR('',#297,1.4E1);
#299=CARTESIAN_POINT('',(-6.2E1,-1.3E1,8.8E1));
#300=LINE('',#299,#298);
#301=CARTESIAN_POINT('',(-3.475E1,-1.51E1,8.8E1));
#302=DIRECTION('',(0.E0,0.E0,1.E0));
#303=DIRECTION('',(0.E0,1.E0,0.E0));
#304=AXIS2_PLACEMENT_3D('',#301,#302,#303);
#306=DIRECTION('',(-1.E0,0.E0,0.E0));
#307=VECTOR('',#306,1.5E0);
#308=CARTESIAN_POINT('',(-3.325E1,-1.31E1,8.8E1));
#309=LINE('',#308,#307);
#310=CARTESIAN_POINT('',(-3.325E1,-1.51E1,8.8E1));
#311=DIRECTION('',(0.E0,0.E0,1.E0));
#312=DIRECTION('',(1.E0,0.E0,0.E0));
#313=AXIS2_PLACEMENT_3D('',#310,#311,#312);
#315=DIRECTION('',(0.E0,1.E0,0.E0));
#316=VECTOR('',#315,9.8E0);
#317=CARTESIAN_POINT('',(-3.125E1,-2.49E1,8.8E1));
#318=LINE('',#317,#316);
#319=CARTESIAN_POINT('',(-3.325E1,-2.49E1,8.8E1));
#320=DIRECTION('',(0.E0,0.E0,1.E0));
#321=DIRECTION('',(0.E0,-1.E0,0.E0));
#322=AXIS2_PLACEMENT_3D('',#319,#320,#321);
#324=DIRECTION('',(1.E0,0.E0,0.E0));
#325=VECTOR('',#324,1.5E0);
#326=CARTESIAN_POINT('',(-3.475E1,-2.69E1,8.8E1));
#327=LINE('',#326,#325);
#328=CARTESIAN_POINT('',(-3.475E1,-2.49E1,8.8E1));
#329=DIRECTION('',(0.E0,0.E0,1.E0));
#330=DIRECTION('',(-1.E0,0.E0,0.E0));
#331=AXIS2_PLACEMENT_3D('',#328,#329,#330);
#333=DIRECTION('',(0.E0,-1.E0,0.E0));
#334=VECTOR('',#333,9.8E0);
#335=CARTESIAN_POINT('',(-3.675E1,-1.51E1,8.8E1));
#336=LINE('',#335,#334);
#337=DIRECTION('',(1.E0,0.E0,0.E0));
#338=VECTOR('',#337,8.873593128807E-1);
#339=CARTESIAN_POINT('',(-3.188735931288E1,-3.8E1,2.8E1));
#340=LINE('',#339,#338);
#341=CARTESIAN_POINT('',(-3.1E1,-3.8E1,2.9E1));
#342=DIRECTION('',(0.E0,1.E0,0.E0));
#343=DIRECTION('',(0.E0,0.E0,-1.E0));
#344=AXIS2_PLACEMENT_3D('',#341,#342,#343);
#346=DIRECTION('',(3.296133254556E-14,0.E0,1.E0));
#347=VECTOR('',#346,5.389214276895E-1);
#348=CARTESIAN_POINT('',(-3.188735931288E1,-3.8E1,2.8E1));
#349=LINE('',#348,#347);
#350=DIRECTION('',(1.E0,0.E0,2.001846167178E-14));
#351=VECTOR('',#350,8.873593128807E-1);
#352=CARTESIAN_POINT('',(-3.188735931288E1,-3.8E1,3.E1));
#353=LINE('',#352,#351);
#354=DIRECTION('',(-1.977679952734E-14,0.E0,1.E0));
#355=VECTOR('',#354,5.389214276895E-1);
#356=CARTESIAN_POINT('',(-3.188735931288E1,-3.8E1,2.946107857231E1));
#357=LINE('',#356,#355);
#358=CARTESIAN_POINT('',(-3.1E1,-3.8E1,2.9E1));
#359=DIRECTION('',(0.E0,1.E0,0.E0));
#360=DIRECTION('',(-8.873593128807E-1,0.E0,4.610785723105E-1));
#361=AXIS2_PLACEMENT_3D('',#358,#359,#360);
#363=DIRECTION('',(1.E0,0.E0,0.E0));
#364=VECTOR('',#363,8.873593128807E-1);
#365=CARTESIAN_POINT('',(-3.188735931288E1,-3.8E1,3.2E1));
#366=LINE('',#365,#364);
#367=CARTESIAN_POINT('',(-3.1E1,-3.8E1,3.3E1));
#368=DIRECTION('',(0.E0,1.E0,0.E0));
#369=DIRECTION('',(0.E0,0.E0,-1.E0));
#370=AXIS2_PLACEMENT_3D('',#367,#368,#369);
#372=DIRECTION('',(-4.614586556379E-14,0.E0,1.E0));
#373=VECTOR('',#372,5.389214276895E-1);
#374=CARTESIAN_POINT('',(-3.188735931288E1,-3.8E1,3.2E1));
#375=LINE('',#374,#373);
#376=DIRECTION('',(1.E0,0.E0,1.601476933743E-14));
#377=VECTOR('',#376,8.873593128807E-1);
#378=CARTESIAN_POINT('',(-3.188735931288E1,-3.8E1,3.4E1));
#379=LINE('',#378,#377);
#380=DIRECTION('',(1.318453301822E-14,0.E0,1.E0));
#381=VECTOR('',#380,5.389214276895E-1);
#382=CARTESIAN_POINT('',(-3.188735931288E1,-3.8E1,3.346107857231E1));
#383=LINE('',#382,#381);
#384=CARTESIAN_POINT('',(-3.1E1,-3.8E1,3.3E1));
#385=DIRECTION('',(0.E0,1.E0,0.E0));
#386=DIRECTION('',(-8.873593128807E-1,0.E0,4.610785723105E-1));
#387=AXIS2_PLACEMENT_3D('',#384,#385,#386);
#389=DIRECTION('',(1.E0,1.118515544009E-14,2.237031088019E-14));
#390=VECTOR('',#389,1.270510257217E0);
#391=CARTESIAN_POINT('',(-3.227051025722E1,-3.8E1,6.6E1));
#392=LINE('',#391,#390);
#393=CARTESIAN_POINT('',(-3.472E1,-3.8E1,6.55E1));
#394=DIRECTION('',(0.E0,1.E0,0.E0));
#395=DIRECTION('',(9.797958971133E-1,0.E0,2.E-1));
#396=AXIS2_PLACEMENT_3D('',#393,#394,#395);
#398=DIRECTION('',(1.E0,0.E0,0.E0));
#399=VECTOR('',#398,1.72E0);
#400=CARTESIAN_POINT('',(-3.272E1,-3.8E1,6.4E1));
#401=LINE('',#400,#399);
#402=CARTESIAN_POINT('',(-3.1E1,-3.8E1,6.5E1));
#403=DIRECTION('',(0.E0,-1.E0,0.E0));
#404=DIRECTION('',(0.E0,0.E0,1.E0));
#405=AXIS2_PLACEMENT_3D('',#402,#403,#404);
#407=DIRECTION('',(1.E0,0.E0,-1.552665947560E-14));
#408=VECTOR('',#407,1.830510257217E0);
#409=CARTESIAN_POINT('',(-9.E0,-3.8E1,6.6E1));
#410=LINE('',#409,#408);
#411=CARTESIAN_POINT('',(-9.E0,-3.8E1,6.5E1));
#412=DIRECTION('',(0.E0,-1.E0,0.E0));
#413=DIRECTION('',(0.E0,0.E0,-1.E0));
#414=AXIS2_PLACEMENT_3D('',#411,#412,#413);
#416=DIRECTION('',(1.E0,0.E0,0.E0));
#417=VECTOR('',#416,2.28E0);
#418=CARTESIAN_POINT('',(-9.E0,-3.8E1,6.4E1));
#419=LINE('',#418,#417);
#420=CARTESIAN_POINT('',(-4.72E0,-3.8E1,6.55E1));
#421=DIRECTION('',(0.E0,1.E0,0.E0));
#422=DIRECTION('',(-8.E-1,0.E0,-6.E-1));
#423=AXIS2_PLACEMENT_3D('',#420,#421,#422);
#425=DIRECTION('',(1.E0,0.E0,0.E0));
#426=VECTOR('',#425,9.368087380585E0);
#427=CARTESIAN_POINT('',(-4.946808738059E1,-3.8E1,1.4E1));
#428=LINE('',#427,#426);
#429=DIRECTION('',(0.E0,0.E0,1.E0));
#430=VECTOR('',#429,8.E0);
#431=CARTESIAN_POINT('',(-4.946808738059E1,-3.8E1,1.4E1));
#432=LINE('',#431,#430);
#433=DIRECTION('',(1.E0,0.E0,0.E0));
#434=VECTOR('',#433,9.368087380585E0);
#435=CARTESIAN_POINT('',(-4.946808738059E1,-3.8E1,2.2E1));
#436=LINE('',#435,#434);
#437=DIRECTION('',(0.E0,0.E0,1.E0));
#438=VECTOR('',#437,8.E0);
#439=CARTESIAN_POINT('',(-4.01E1,-3.8E1,1.4E1));
#440=LINE('',#439,#438);
#441=DIRECTION('',(1.E0,0.E0,0.E0));
#442=VECTOR('',#441,9.368087380585E0);
#443=CARTESIAN_POINT('',(-4.946808738059E1,-3.8E1,6.9E1));
#444=LINE('',#443,#442);
#445=DIRECTION('',(0.E0,0.E0,1.E0));
#446=VECTOR('',#445,8.E0);
#447=CARTESIAN_POINT('',(-4.946808738059E1,-3.8E1,6.9E1));
#448=LINE('',#447,#446);
#449=DIRECTION('',(1.E0,0.E0,0.E0));
#450=VECTOR('',#449,9.368087380585E0);
#451=CARTESIAN_POINT('',(-4.946808738059E1,-3.8E1,7.7E1));
#452=LINE('',#451,#450);
#453=DIRECTION('',(0.E0,0.E0,1.E0));
#454=VECTOR('',#453,8.E0);
#455=CARTESIAN_POINT('',(-4.01E1,-3.8E1,6.9E1));
#456=LINE('',#455,#454);
#457=DIRECTION('',(1.E0,0.E0,0.E0));
#458=VECTOR('',#457,1.3E1);
#459=CARTESIAN_POINT('',(-8.8E1,-3.8E1,6.2E1));
#460=LINE('',#459,#458);
#461=CARTESIAN_POINT('',(-7.5E1,-3.8E1,6.1E1));
#462=DIRECTION('',(0.E0,1.E0,0.E0));
#463=DIRECTION('',(0.E0,0.E0,1.E0));
#464=AXIS2_PLACEMENT_3D('',#461,#462,#463);
#466=DIRECTION('',(1.E0,0.E0,0.E0));
#467=VECTOR('',#466,1.3E1);
#468=CARTESIAN_POINT('',(-8.8E1,-3.8E1,6.E1));
#469=LINE('',#468,#467);
#470=DIRECTION('',(0.E0,0.E0,1.E0));
#471=VECTOR('',#470,2.E0);
#472=CARTESIAN_POINT('',(-8.8E1,-3.8E1,5.8E1));
#473=LINE('',#472,#471);
#474=DIRECTION('',(1.E0,0.E0,0.E0));
#475=VECTOR('',#474,1.3E1);
#476=CARTESIAN_POINT('',(-8.8E1,-3.8E1,5.8E1));
#477=LINE('',#476,#475);
#478=CARTESIAN_POINT('',(-7.5E1,-3.8E1,5.7E1));
#479=DIRECTION('',(0.E0,1.E0,0.E0));
#480=DIRECTION('',(0.E0,0.E0,1.E0));
#481=AXIS2_PLACEMENT_3D('',#478,#479,#480);
#483=DIRECTION('',(1.E0,0.E0,0.E0));
#484=VECTOR('',#483,1.3E1);
#485=CARTESIAN_POINT('',(-8.8E1,-3.8E1,5.6E1));
#486=LINE('',#485,#484);
#487=DIRECTION('',(0.E0,0.E0,1.E0));
#488=VECTOR('',#487,2.E0);
#489=CARTESIAN_POINT('',(-8.8E1,-3.8E1,5.4E1));
#490=LINE('',#489,#488);
#491=DIRECTION('',(1.E0,0.E0,0.E0));
#492=VECTOR('',#491,1.3E1);
#493=CARTESIAN_POINT('',(-8.8E1,-3.8E1,5.4E1));
#494=LINE('',#493,#492);
#495=CARTESIAN_POINT('',(-7.5E1,-3.8E1,5.3E1));
#496=DIRECTION('',(0.E0,1.E0,0.E0));
#497=DIRECTION('',(0.E0,0.E0,1.E0));
#498=AXIS2_PLACEMENT_3D('',#495,#496,#497);
#500=DIRECTION('',(1.E0,0.E0,0.E0));
#501=VECTOR('',#500,1.3E1);
#502=CARTESIAN_POINT('',(-8.8E1,-3.8E1,5.2E1));
#503=LINE('',#502,#501);
#504=DIRECTION('',(0.E0,0.E0,1.E0));
#505=VECTOR('',#504,2.E0);
#506=CARTESIAN_POINT('',(-8.8E1,-3.8E1,5.E1));
#507=LINE('',#506,#505);
#508=DIRECTION('',(1.E0,0.E0,0.E0));
#509=VECTOR('',#508,1.3E1);
#510=CARTESIAN_POINT('',(-8.8E1,-3.8E1,5.E1));
#511=LINE('',#510,#509);
#512=CARTESIAN_POINT('',(-7.5E1,-3.8E1,4.9E1));
#513=DIRECTION('',(0.E0,1.E0,0.E0));
#514=DIRECTION('',(0.E0,0.E0,1.E0));
#515=AXIS2_PLACEMENT_3D('',#512,#513,#514);
#517=DIRECTION('',(1.E0,0.E0,0.E0));
#518=VECTOR('',#517,1.3E1);
#519=CARTESIAN_POINT('',(-8.8E1,-3.8E1,4.8E1));
#520=LINE('',#519,#518);
#521=DIRECTION('',(0.E0,0.E0,1.E0));
#522=VECTOR('',#521,2.E0);
#523=CARTESIAN_POINT('',(-8.8E1,-3.8E1,4.6E1));
#524=LINE('',#523,#522);
#525=DIRECTION('',(1.E0,0.E0,0.E0));
#526=VECTOR('',#525,1.3E1);
#527=CARTESIAN_POINT('',(-8.8E1,-3.8E1,4.6E1));
#528=LINE('',#527,#526);
#529=CARTESIAN_POINT('',(-7.5E1,-3.8E1,4.5E1));
#530=DIRECTION('',(0.E0,1.E0,0.E0));
#531=DIRECTION('',(0.E0,0.E0,1.E0));
#532=AXIS2_PLACEMENT_3D('',#529,#530,#531);
#534=DIRECTION('',(1.E0,0.E0,0.E0));
#535=VECTOR('',#534,1.3E1);
#536=CARTESIAN_POINT('',(-8.8E1,-3.8E1,4.4E1));
#537=LINE('',#536,#535);
#538=DIRECTION('',(0.E0,0.E0,1.E0));
#539=VECTOR('',#538,2.E0);
#540=CARTESIAN_POINT('',(-8.8E1,-3.8E1,4.2E1));
#541=LINE('',#540,#539);
#542=DIRECTION('',(1.E0,0.E0,0.E0));
#543=VECTOR('',#542,1.3E1);
#544=CARTESIAN_POINT('',(-8.8E1,-3.8E1,4.2E1));
#545=LINE('',#544,#543);
#546=CARTESIAN_POINT('',(-7.5E1,-3.8E1,4.1E1));
#547=DIRECTION('',(0.E0,1.E0,0.E0));
#548=DIRECTION('',(0.E0,0.E0,1.E0));
#549=AXIS2_PLACEMENT_3D('',#546,#547,#548);
#551=DIRECTION('',(1.E0,0.E0,0.E0));
#552=VECTOR('',#551,1.3E1);
#553=CARTESIAN_POINT('',(-8.8E1,-3.8E1,4.E1));
#554=LINE('',#553,#552);
#555=DIRECTION('',(0.E0,0.E0,1.E0));
#556=VECTOR('',#555,2.E0);
#557=CARTESIAN_POINT('',(-8.8E1,-3.8E1,3.8E1));
#558=LINE('',#557,#556);
#559=DIRECTION('',(1.E0,0.E0,0.E0));
#560=VECTOR('',#559,1.3E1);
#561=CARTESIAN_POINT('',(-8.8E1,-3.8E1,3.8E1));
#562=LINE('',#561,#560);
#563=CARTESIAN_POINT('',(-7.5E1,-3.8E1,3.7E1));
#564=DIRECTION('',(0.E0,1.E0,0.E0));
#565=DIRECTION('',(0.E0,0.E0,1.E0));
#566=AXIS2_PLACEMENT_3D('',#563,#564,#565);
#568=DIRECTION('',(1.E0,0.E0,0.E0));
#569=VECTOR('',#568,1.3E1);
#570=CARTESIAN_POINT('',(-8.8E1,-3.8E1,3.6E1));
#571=LINE('',#570,#569);
#572=DIRECTION('',(0.E0,0.E0,1.E0));
#573=VECTOR('',#572,2.E0);
#574=CARTESIAN_POINT('',(-8.8E1,-3.8E1,3.4E1));
#575=LINE('',#574,#573);
#576=DIRECTION('',(1.E0,0.E0,0.E0));
#577=VECTOR('',#576,1.3E1);
#578=CARTESIAN_POINT('',(-8.8E1,-3.8E1,3.4E1));
#579=LINE('',#578,#577);
#580=CARTESIAN_POINT('',(-7.5E1,-3.8E1,3.3E1));
#581=DIRECTION('',(0.E0,1.E0,0.E0));
#582=DIRECTION('',(0.E0,0.E0,1.E0));
#583=AXIS2_PLACEMENT_3D('',#580,#581,#582);
#585=DIRECTION('',(1.E0,0.E0,0.E0));
#586=VECTOR('',#585,1.3E1);
#587=CARTESIAN_POINT('',(-8.8E1,-3.8E1,3.2E1));
#588=LINE('',#587,#586);
#589=DIRECTION('',(0.E0,0.E0,1.E0));
#590=VECTOR('',#589,2.E0);
#591=CARTESIAN_POINT('',(-8.8E1,-3.8E1,3.E1));
#592=LINE('',#591,#590);
#593=DIRECTION('',(1.E0,0.E0,0.E0));
#594=VECTOR('',#593,1.3E1);
#595=CARTESIAN_POINT('',(-8.8E1,-3.8E1,3.E1));
#596=LINE('',#595,#594);
#597=CARTESIAN_POINT('',(-7.5E1,-3.8E1,2.9E1));
#598=DIRECTION('',(0.E0,1.E0,0.E0));
#599=DIRECTION('',(0.E0,0.E0,1.E0));
#600=AXIS2_PLACEMENT_3D('',#597,#598,#599);
#602=DIRECTION('',(1.E0,0.E0,0.E0));
#603=VECTOR('',#602,1.3E1);
#604=CARTESIAN_POINT('',(-8.8E1,-3.8E1,2.8E1));
#605=LINE('',#604,#603);
#606=DIRECTION('',(0.E0,0.E0,1.E0));
#607=VECTOR('',#606,9.E0);
#608=CARTESIAN_POINT('',(-8.8E1,-3.8E1,1.9E1));
#609=LINE('',#608,#607);
#610=DIRECTION('',(0.E0,0.E0,1.E0));
#611=VECTOR('',#610,7.E0);
#612=CARTESIAN_POINT('',(-8.8E1,-3.8E1,1.2E1));
#613=LINE('',#612,#611);
#614=DIRECTION('',(0.E0,0.E0,1.E0));
#615=VECTOR('',#614,3.E0);
#616=CARTESIAN_POINT('',(-8.8E1,-3.8E1,9.E0));
#617=LINE('',#616,#615);
#618=CARTESIAN_POINT('',(-8.1E1,-3.8E1,9.E0));
#619=DIRECTION('',(0.E0,-1.E0,0.E0));
#620=DIRECTION('',(-1.E0,0.E0,0.E0));
#621=AXIS2_PLACEMENT_3D('',#618,#619,#620);
#623=DIRECTION('',(-1.E0,0.E0,0.E0));
#624=VECTOR('',#623,7.2E1);
#625=CARTESIAN_POINT('',(-9.E0,-3.8E1,2.E0));
#626=LINE('',#625,#624);
#627=CARTESIAN_POINT('',(-9.E0,-3.8E1,9.E0));
#628=DIRECTION('',(0.E0,-1.E0,0.E0));
#629=DIRECTION('',(0.E0,0.E0,-1.E0));
#630=AXIS2_PLACEMENT_3D('',#627,#628,#629);
#632=DIRECTION('',(0.E0,0.E0,-1.E0));
#633=VECTOR('',#632,5.4E1);
#634=CARTESIAN_POINT('',(-2.E0,-3.8E1,6.3E1));
#635=LINE('',#634,#633);
#636=DIRECTION('',(-1.E0,0.E0,0.E0));
#637=VECTOR('',#636,2.72E0);
#638=CARTESIAN_POINT('',(-2.E0,-3.8E1,6.3E1));
#639=LINE('',#638,#637);
#640=CARTESIAN_POINT('',(-4.72E0,-3.8E1,6.55E1));
#641=DIRECTION('',(0.E0,1.E0,0.E0));
#642=DIRECTION('',(2.415845301584E-14,0.E0,-1.E0));
#643=AXIS2_PLACEMENT_3D('',#640,#641,#642);
#645=DIRECTION('',(0.E0,0.E0,-1.E0));
#646=VECTOR('',#645,1.352536379819E0);
#647=CARTESIAN_POINT('',(-6.E0,-3.8E1,6.335253637982E1));
#648=LINE('',#647,#646);
#649=DIRECTION('',(1.E0,0.E0,0.E0));
#650=VECTOR('',#649,3.E0);
#651=CARTESIAN_POINT('',(-9.E0,-3.8E1,6.2E1));
#652=LINE('',#651,#650);
#653=CARTESIAN_POINT('',(-9.E0,-3.8E1,6.1E1));
#654=DIRECTION('',(0.E0,-1.E0,0.E0));
#655=DIRECTION('',(0.E0,0.E0,-1.E0));
#656=AXIS2_PLACEMENT_3D('',#653,#654,#655);
#658=DIRECTION('',(1.E0,0.E0,0.E0));
#659=VECTOR('',#658,3.E0);
#660=CARTESIAN_POINT('',(-9.E0,-3.8E1,6.E1));
#661=LINE('',#660,#659);
#662=DIRECTION('',(0.E0,0.E0,-1.E0));
#663=VECTOR('',#662,2.E0);
#664=CARTESIAN_POINT('',(-6.E0,-3.8E1,6.E1));
#665=LINE('',#664,#663);
#666=DIRECTION('',(1.E0,0.E0,0.E0));
#667=VECTOR('',#666,3.E0);
#668=CARTESIAN_POINT('',(-9.E0,-3.8E1,5.8E1));
#669=LINE('',#668,#667);
#670=CARTESIAN_POINT('',(-9.E0,-3.8E1,5.7E1));
#671=DIRECTION('',(0.E0,-1.E0,0.E0));
#672=DIRECTION('',(0.E0,0.E0,-1.E0));
#673=AXIS2_PLACEMENT_3D('',#670,#671,#672);
#675=DIRECTION('',(1.E0,0.E0,0.E0));
#676=VECTOR('',#675,3.E0);
#677=CARTESIAN_POINT('',(-9.E0,-3.8E1,5.6E1));
#678=LINE('',#677,#676);
#679=DIRECTION('',(0.E0,0.E0,-1.E0));
#680=VECTOR('',#679,2.E0);
#681=CARTESIAN_POINT('',(-6.E0,-3.8E1,5.6E1));
#682=LINE('',#681,#680);
#683=DIRECTION('',(1.E0,0.E0,0.E0));
#684=VECTOR('',#683,3.E0);
#685=CARTESIAN_POINT('',(-9.E0,-3.8E1,5.4E1));
#686=LINE('',#685,#684);
#687=CARTESIAN_POINT('',(-9.E0,-3.8E1,5.3E1));
#688=DIRECTION('',(0.E0,-1.E0,0.E0));
#689=DIRECTION('',(0.E0,0.E0,-1.E0));
#690=AXIS2_PLACEMENT_3D('',#687,#688,#689);
#692=DIRECTION('',(1.E0,0.E0,0.E0));
#693=VECTOR('',#692,3.E0);
#694=CARTESIAN_POINT('',(-9.E0,-3.8E1,5.2E1));
#695=LINE('',#694,#693);
#696=DIRECTION('',(0.E0,0.E0,-1.E0));
#697=VECTOR('',#696,2.E0);
#698=CARTESIAN_POINT('',(-6.E0,-3.8E1,5.2E1));
#699=LINE('',#698,#697);
#700=DIRECTION('',(1.E0,0.E0,0.E0));
#701=VECTOR('',#700,3.E0);
#702=CARTESIAN_POINT('',(-9.E0,-3.8E1,5.E1));
#703=LINE('',#702,#701);
#704=CARTESIAN_POINT('',(-9.E0,-3.8E1,4.9E1));
#705=DIRECTION('',(0.E0,-1.E0,0.E0));
#706=DIRECTION('',(0.E0,0.E0,-1.E0));
#707=AXIS2_PLACEMENT_3D('',#704,#705,#706);
#709=DIRECTION('',(1.E0,0.E0,0.E0));
#710=VECTOR('',#709,3.E0);
#711=CARTESIAN_POINT('',(-9.E0,-3.8E1,4.8E1));
#712=LINE('',#711,#710);
#713=DIRECTION('',(0.E0,0.E0,-1.E0));
#714=VECTOR('',#713,2.E0);
#715=CARTESIAN_POINT('',(-6.E0,-3.8E1,4.8E1));
#716=LINE('',#715,#714);
#717=DIRECTION('',(1.E0,0.E0,0.E0));
#718=VECTOR('',#717,3.E0);
#719=CARTESIAN_POINT('',(-9.E0,-3.8E1,4.6E1));
#720=LINE('',#719,#718);
#721=CARTESIAN_POINT('',(-9.E0,-3.8E1,4.5E1));
#722=DIRECTION('',(0.E0,-1.E0,0.E0));
#723=DIRECTION('',(0.E0,0.E0,-1.E0));
#724=AXIS2_PLACEMENT_3D('',#721,#722,#723);
#726=DIRECTION('',(1.E0,0.E0,0.E0));
#727=VECTOR('',#726,3.E0);
#728=CARTESIAN_POINT('',(-9.E0,-3.8E1,4.4E1));
#729=LINE('',#728,#727);
#730=DIRECTION('',(0.E0,0.E0,-1.E0));
#731=VECTOR('',#730,2.E0);
#732=CARTESIAN_POINT('',(-6.E0,-3.8E1,4.4E1));
#733=LINE('',#732,#731);
#734=DIRECTION('',(1.E0,0.E0,0.E0));
#735=VECTOR('',#734,3.E0);
#736=CARTESIAN_POINT('',(-9.E0,-3.8E1,4.2E1));
#737=LINE('',#736,#735);
#738=CARTESIAN_POINT('',(-9.E0,-3.8E1,4.1E1));
#739=DIRECTION('',(0.E0,1.E0,0.E0));
#740=DIRECTION('',(0.E0,0.E0,1.E0));
#741=AXIS2_PLACEMENT_3D('',#738,#739,#740);
#743=DIRECTION('',(1.E0,0.E0,0.E0));
#744=VECTOR('',#743,3.E0);
#745=CARTESIAN_POINT('',(-9.E0,-3.8E1,4.E1));
#746=LINE('',#745,#744);
#747=DIRECTION('',(0.E0,0.E0,-1.E0));
#748=VECTOR('',#747,2.E0);
#749=CARTESIAN_POINT('',(-6.E0,-3.8E1,4.E1));
#750=LINE('',#749,#748);
#751=DIRECTION('',(1.E0,0.E0,0.E0));
#752=VECTOR('',#751,3.E0);
#753=CARTESIAN_POINT('',(-9.E0,-3.8E1,3.8E1));
#754=LINE('',#753,#752);
#755=CARTESIAN_POINT('',(-9.E0,-3.8E1,3.7E1));
#756=DIRECTION('',(0.E0,1.E0,0.E0));
#757=DIRECTION('',(0.E0,0.E0,1.E0));
#758=AXIS2_PLACEMENT_3D('',#755,#756,#757);
#760=DIRECTION('',(1.E0,0.E0,0.E0));
#761=VECTOR('',#760,3.E0);
#762=CARTESIAN_POINT('',(-9.E0,-3.8E1,3.6E1));
#763=LINE('',#762,#761);
#764=DIRECTION('',(0.E0,0.E0,-1.E0));
#765=VECTOR('',#764,2.E0);
#766=CARTESIAN_POINT('',(-6.E0,-3.8E1,3.6E1));
#767=LINE('',#766,#765);
#768=DIRECTION('',(1.E0,0.E0,0.E0));
#769=VECTOR('',#768,3.E0);
#770=CARTESIAN_POINT('',(-9.E0,-3.8E1,3.4E1));
#771=LINE('',#770,#769);
#772=CARTESIAN_POINT('',(-9.E0,-3.8E1,3.3E1));
#773=DIRECTION('',(0.E0,1.E0,0.E0));
#774=DIRECTION('',(0.E0,0.E0,1.E0));
#775=AXIS2_PLACEMENT_3D('',#772,#773,#774);
#777=DIRECTION('',(1.E0,0.E0,0.E0));
#778=VECTOR('',#777,3.E0);
#779=CARTESIAN_POINT('',(-9.E0,-3.8E1,3.2E1));
#780=LINE('',#779,#778);
#781=DIRECTION('',(0.E0,0.E0,-1.E0));
#782=VECTOR('',#781,2.E0);
#783=CARTESIAN_POINT('',(-6.E0,-3.8E1,3.2E1));
#784=LINE('',#783,#782);
#785=DIRECTION('',(1.E0,0.E0,0.E0));
#786=VECTOR('',#785,3.E0);
#787=CARTESIAN_POINT('',(-9.E0,-3.8E1,3.E1));
#788=LINE('',#787,#786);
#789=CARTESIAN_POINT('',(-9.E0,-3.8E1,2.9E1));
#790=DIRECTION('',(0.E0,1.E0,0.E0));
#791=DIRECTION('',(0.E0,0.E0,1.E0));
#792=AXIS2_PLACEMENT_3D('',#789,#790,#791);
#794=DIRECTION('',(1.E0,0.E0,0.E0));
#795=VECTOR('',#794,3.E0);
#796=CARTESIAN_POINT('',(-9.E0,-3.8E1,2.8E1));
#797=LINE('',#796,#795);
#798=DIRECTION('',(0.E0,0.E0,-1.E0));
#799=VECTOR('',#798,2.E0);
#800=CARTESIAN_POINT('',(-6.E0,-3.8E1,2.8E1));
#801=LINE('',#800,#799);
#802=DIRECTION('',(1.E0,0.E0,0.E0));
#803=VECTOR('',#802,3.E0);
#804=CARTESIAN_POINT('',(-9.E0,-3.8E1,2.6E1));
#805=LINE('',#804,#803);
#806=CARTESIAN_POINT('',(-9.E0,-3.8E1,2.5E1));
#807=DIRECTION('',(0.E0,1.E0,0.E0));
#808=DIRECTION('',(0.E0,0.E0,1.E0));
#809=AXIS2_PLACEMENT_3D('',#806,#807,#808);
#811=DIRECTION('',(1.E0,0.E0,0.E0));
#812=VECTOR('',#811,3.E0);
#813=CARTESIAN_POINT('',(-9.E0,-3.8E1,2.4E1));
#814=LINE('',#813,#812);
#815=DIRECTION('',(0.E0,0.E0,-1.E0));
#816=VECTOR('',#815,2.E0);
#817=CARTESIAN_POINT('',(-6.E0,-3.8E1,2.4E1));
#818=LINE('',#817,#816);
#819=DIRECTION('',(1.E0,0.E0,0.E0));
#820=VECTOR('',#819,3.E0);
#821=CARTESIAN_POINT('',(-9.E0,-3.8E1,2.2E1));
#822=LINE('',#821,#820);
#823=CARTESIAN_POINT('',(-9.E0,-3.8E1,2.1E1));
#824=DIRECTION('',(0.E0,1.E0,0.E0));
#825=DIRECTION('',(0.E0,0.E0,1.E0));
#826=AXIS2_PLACEMENT_3D('',#823,#824,#825);
#828=DIRECTION('',(1.E0,0.E0,0.E0));
#829=VECTOR('',#828,3.E0);
#830=CARTESIAN_POINT('',(-9.E0,-3.8E1,2.E1));
#831=LINE('',#830,#829);
#832=DIRECTION('',(0.E0,0.E0,-1.E0));
#833=VECTOR('',#832,2.E0);
#834=CARTESIAN_POINT('',(-6.E0,-3.8E1,2.E1));
#835=LINE('',#834,#833);
#836=DIRECTION('',(1.E0,0.E0,0.E0));
#837=VECTOR('',#836,3.E0);
#838=CARTESIAN_POINT('',(-9.E0,-3.8E1,1.8E1));
#839=LINE('',#838,#837);
#840=CARTESIAN_POINT('',(-9.E0,-3.8E1,1.7E1));
#841=DIRECTION('',(0.E0,1.E0,0.E0));
#842=DIRECTION('',(0.E0,0.E0,1.E0));
#843=AXIS2_PLACEMENT_3D('',#840,#841,#842);
#845=DIRECTION('',(1.E0,0.E0,0.E0));
#846=VECTOR('',#845,3.E0);
#847=CARTESIAN_POINT('',(-9.E0,-3.8E1,1.6E1));
#848=LINE('',#847,#846);
#849=DIRECTION('',(0.E0,0.E0,-1.E0));
#850=VECTOR('',#849,2.E0);
#851=CARTESIAN_POINT('',(-6.E0,-3.8E1,1.6E1));
#852=LINE('',#851,#850);
#853=DIRECTION('',(1.E0,0.E0,0.E0));
#854=VECTOR('',#853,3.E0);
#855=CARTESIAN_POINT('',(-9.E0,-3.8E1,1.4E1));
#856=LINE('',#855,#854);
#857=CARTESIAN_POINT('',(-9.E0,-3.8E1,1.3E1));
#858=DIRECTION('',(0.E0,1.E0,0.E0));
#859=DIRECTION('',(0.E0,0.E0,1.E0));
#860=AXIS2_PLACEMENT_3D('',#857,#858,#859);
#862=DIRECTION('',(1.E0,0.E0,0.E0));
#863=VECTOR('',#862,3.E0);
#864=CARTESIAN_POINT('',(-9.E0,-3.8E1,1.2E1));
#865=LINE('',#864,#863);
#866=DIRECTION('',(0.E0,0.E0,-1.E0));
#867=VECTOR('',#866,2.E0);
#868=CARTESIAN_POINT('',(-6.E0,-3.8E1,1.2E1));
#869=LINE('',#868,#867);
#870=DIRECTION('',(1.E0,0.E0,0.E0));
#871=VECTOR('',#870,3.E0);
#872=CARTESIAN_POINT('',(-9.E0,-3.8E1,1.E1));
#873=LINE('',#872,#871);
#874=CARTESIAN_POINT('',(-9.E0,-3.8E1,9.E0));
#875=DIRECTION('',(0.E0,1.E0,0.E0));
#876=DIRECTION('',(0.E0,0.E0,1.E0));
#877=AXIS2_PLACEMENT_3D('',#874,#875,#876);
#879=DIRECTION('',(1.E0,0.E0,0.E0));
#880=VECTOR('',#879,3.E0);
#881=CARTESIAN_POINT('',(-9.E0,-3.8E1,8.E0));
#882=LINE('',#881,#880);
#883=DIRECTION('',(0.E0,0.E0,-1.E0));
#884=VECTOR('',#883,2.E0);
#885=CARTESIAN_POINT('',(-6.E0,-3.8E1,8.E0));
#886=LINE('',#885,#884);
#887=DIRECTION('',(1.E0,0.E0,0.E0));
#888=VECTOR('',#887,2.8E1);
#889=CARTESIAN_POINT('',(-3.4E1,-3.8E1,6.E0));
#890=LINE('',#889,#888);
#891=DIRECTION('',(0.E0,0.E0,-1.E0));
#892=VECTOR('',#891,2.E0);
#893=CARTESIAN_POINT('',(-3.4E1,-3.8E1,8.E0));
#894=LINE('',#893,#892);
#895=DIRECTION('',(1.E0,0.E0,0.E0));
#896=VECTOR('',#895,3.E0);
#897=CARTESIAN_POINT('',(-3.4E1,-3.8E1,8.E0));
#898=LINE('',#897,#896);
#899=CARTESIAN_POINT('',(-3.1E1,-3.8E1,9.E0));
#900=DIRECTION('',(0.E0,1.E0,0.E0));
#901=DIRECTION('',(0.E0,0.E0,-1.E0));
#902=AXIS2_PLACEMENT_3D('',#899,#900,#901);
#904=DIRECTION('',(1.E0,0.E0,0.E0));
#905=VECTOR('',#904,3.E0);
#906=CARTESIAN_POINT('',(-3.4E1,-3.8E1,1.E1));
#907=LINE('',#906,#905);
#908=DIRECTION('',(0.E0,0.E0,-1.E0));
#909=VECTOR('',#908,2.E0);
#910=CARTESIAN_POINT('',(-3.4E1,-3.8E1,1.2E1));
#911=LINE('',#910,#909);
#912=DIRECTION('',(1.E0,0.E0,0.E0));
#913=VECTOR('',#912,3.E0);
#914=CARTESIAN_POINT('',(-3.4E1,-3.8E1,1.2E1));
#915=LINE('',#914,#913);
#916=CARTESIAN_POINT('',(-3.1E1,-3.8E1,1.3E1));
#917=DIRECTION('',(0.E0,1.E0,0.E0));
#918=DIRECTION('',(0.E0,0.E0,-1.E0));
#919=AXIS2_PLACEMENT_3D('',#916,#917,#918);
#921=DIRECTION('',(1.E0,0.E0,0.E0));
#922=VECTOR('',#921,3.E0);
#923=CARTESIAN_POINT('',(-3.4E1,-3.8E1,1.4E1));
#924=LINE('',#923,#922);
#925=DIRECTION('',(0.E0,0.E0,-1.E0));
#926=VECTOR('',#925,2.E0);
#927=CARTESIAN_POINT('',(-3.4E1,-3.8E1,1.6E1));
#928=LINE('',#927,#926);
#929=DIRECTION('',(1.E0,0.E0,0.E0));
#930=VECTOR('',#929,3.E0);
#931=CARTESIAN_POINT('',(-3.4E1,-3.8E1,1.6E1));
#932=LINE('',#931,#930);
#933=CARTESIAN_POINT('',(-3.1E1,-3.8E1,1.7E1));
#934=DIRECTION('',(0.E0,1.E0,0.E0));
#935=DIRECTION('',(0.E0,0.E0,-1.E0));
#936=AXIS2_PLACEMENT_3D('',#933,#934,#935);
#938=DIRECTION('',(1.E0,0.E0,0.E0));
#939=VECTOR('',#938,3.E0);
#940=CARTESIAN_POINT('',(-3.4E1,-3.8E1,1.8E1));
#941=LINE('',#940,#939);
#942=DIRECTION('',(0.E0,0.E0,-1.E0));
#943=VECTOR('',#942,2.E0);
#944=CARTESIAN_POINT('',(-3.4E1,-3.8E1,2.E1));
#945=LINE('',#944,#943);
#946=DIRECTION('',(1.E0,0.E0,0.E0));
#947=VECTOR('',#946,3.E0);
#948=CARTESIAN_POINT('',(-3.4E1,-3.8E1,2.E1));
#949=LINE('',#948,#947);
#950=CARTESIAN_POINT('',(-3.1E1,-3.8E1,2.1E1));
#951=DIRECTION('',(0.E0,1.E0,0.E0));
#952=DIRECTION('',(0.E0,0.E0,-1.E0));
#953=AXIS2_PLACEMENT_3D('',#950,#951,#952);
#955=DIRECTION('',(1.E0,0.E0,0.E0));
#956=VECTOR('',#955,3.E0);
#957=CARTESIAN_POINT('',(-3.4E1,-3.8E1,2.2E1));
#958=LINE('',#957,#956);
#959=DIRECTION('',(0.E0,0.E0,-1.E0));
#960=VECTOR('',#959,2.E0);
#961=CARTESIAN_POINT('',(-3.4E1,-3.8E1,2.4E1));
#962=LINE('',#961,#960);
#963=DIRECTION('',(1.E0,0.E0,0.E0));
#964=VECTOR('',#963,3.E0);
#965=CARTESIAN_POINT('',(-3.4E1,-3.8E1,2.4E1));
#966=LINE('',#965,#964);
#967=CARTESIAN_POINT('',(-3.1E1,-3.8E1,2.5E1));
#968=DIRECTION('',(0.E0,1.E0,0.E0));
#969=DIRECTION('',(0.E0,0.E0,-1.E0));
#970=AXIS2_PLACEMENT_3D('',#967,#968,#969);
#972=DIRECTION('',(1.E0,0.E0,0.E0));
#973=VECTOR('',#972,3.E0);
#974=CARTESIAN_POINT('',(-3.4E1,-3.8E1,2.6E1));
#975=LINE('',#974,#973);
#976=DIRECTION('',(0.E0,0.E0,-1.E0));
#977=VECTOR('',#976,2.E0);
#978=CARTESIAN_POINT('',(-3.4E1,-3.8E1,2.8E1));
#979=LINE('',#978,#977);
#980=DIRECTION('',(1.E0,0.E0,0.E0));
#981=VECTOR('',#980,5.387359312881E0);
#982=CARTESIAN_POINT('',(-3.938735931288E1,-3.8E1,2.8E1));
#983=LINE('',#982,#981);
#984=DIRECTION('',(0.E0,0.E0,1.E0));
#985=VECTOR('',#984,8.E0);
#986=CARTESIAN_POINT('',(-3.938735931288E1,-3.8E1,2.8E1));
#987=LINE('',#986,#985);
#988=DIRECTION('',(1.E0,0.E0,0.E0));
#989=VECTOR('',#988,5.387359312881E0);
#990=CARTESIAN_POINT('',(-3.938735931288E1,-3.8E1,3.6E1));
#991=LINE('',#990,#989);
#992=DIRECTION('',(1.E0,0.E0,0.E0));
#993=VECTOR('',#992,3.E0);
#994=CARTESIAN_POINT('',(-3.4E1,-3.8E1,3.6E1));
#995=LINE('',#994,#993);
#996=CARTESIAN_POINT('',(-3.1E1,-3.8E1,3.7E1));
#997=DIRECTION('',(0.E0,1.E0,0.E0));
#998=DIRECTION('',(0.E0,0.E0,-1.E0));
#999=AXIS2_PLACEMENT_3D('',#996,#997,#998);
#1001=DIRECTION('',(1.E0,0.E0,0.E0));
#1002=VECTOR('',#1001,3.E0);
#1003=CARTESIAN_POINT('',(-3.4E1,-3.8E1,3.8E1));
#1004=LINE('',#1003,#1002);
#1005=DIRECTION('',(0.E0,0.E0,-1.E0));
#1006=VECTOR('',#1005,2.E0);
#1007=CARTESIAN_POINT('',(-3.4E1,-3.8E1,4.E1));
#1008=LINE('',#1007,#1006);
#1009=DIRECTION('',(1.E0,0.E0,0.E0));
#1010=VECTOR('',#1009,3.E0);
#1011=CARTESIAN_POINT('',(-3.4E1,-3.8E1,4.E1));
#1012=LINE('',#1011,#1010);
#1013=CARTESIAN_POINT('',(-3.1E1,-3.8E1,4.1E1));
#1014=DIRECTION('',(0.E0,1.E0,0.E0));
#1015=DIRECTION('',(0.E0,0.E0,-1.E0));
#1016=AXIS2_PLACEMENT_3D('',#1013,#1014,#1015);
#1018=DIRECTION('',(1.E0,0.E0,0.E0));
#1019=VECTOR('',#1018,3.E0);
#1020=CARTESIAN_POINT('',(-3.4E1,-3.8E1,4.2E1));
#1021=LINE('',#1020,#1019);
#1022=DIRECTION('',(0.E0,0.E0,-1.E0));
#1023=VECTOR('',#1022,2.E0);
#1024=CARTESIAN_POINT('',(-3.4E1,-3.8E1,4.4E1));
#1025=LINE('',#1024,#1023);
#1026=DIRECTION('',(1.E0,0.E0,0.E0));
#1027=VECTOR('',#1026,3.E0);
#1028=CARTESIAN_POINT('',(-3.4E1,-3.8E1,4.4E1));
#1029=LINE('',#1028,#1027);
#1030=CARTESIAN_POINT('',(-3.1E1,-3.8E1,4.5E1));
#1031=DIRECTION('',(0.E0,-1.E0,0.E0));
#1032=DIRECTION('',(0.E0,0.E0,1.E0));
#1033=AXIS2_PLACEMENT_3D('',#1030,#1031,#1032);
#1035=DIRECTION('',(1.E0,0.E0,0.E0));
#1036=VECTOR('',#1035,3.E0);
#1037=CARTESIAN_POINT('',(-3.4E1,-3.8E1,4.6E1));
#1038=LINE('',#1037,#1036);
#1039=DIRECTION('',(0.E0,0.E0,-1.E0));
#1040=VECTOR('',#1039,2.E0);
#1041=CARTESIAN_POINT('',(-3.4E1,-3.8E1,4.8E1));
#1042=LINE('',#1041,#1040);
#1043=DIRECTION('',(1.E0,0.E0,0.E0));
#1044=VECTOR('',#1043,3.E0);
#1045=CARTESIAN_POINT('',(-3.4E1,-3.8E1,4.8E1));
#1046=LINE('',#1045,#1044);
#1047=CARTESIAN_POINT('',(-3.1E1,-3.8E1,4.9E1));
#1048=DIRECTION('',(0.E0,-1.E0,0.E0));
#1049=DIRECTION('',(0.E0,0.E0,1.E0));
#1050=AXIS2_PLACEMENT_3D('',#1047,#1048,#1049);
#1052=DIRECTION('',(1.E0,0.E0,0.E0));
#1053=VECTOR('',#1052,3.E0);
#1054=CARTESIAN_POINT('',(-3.4E1,-3.8E1,5.E1));
#1055=LINE('',#1054,#1053);
#1056=DIRECTION('',(0.E0,0.E0,-1.E0));
#1057=VECTOR('',#1056,2.E0);
#1058=CARTESIAN_POINT('',(-3.4E1,-3.8E1,5.2E1));
#1059=LINE('',#1058,#1057);
#1060=DIRECTION('',(1.E0,0.E0,0.E0));
#1061=VECTOR('',#1060,3.E0);
#1062=CARTESIAN_POINT('',(-3.4E1,-3.8E1,5.2E1));
#1063=LINE('',#1062,#1061);
#1064=CARTESIAN_POINT('',(-3.1E1,-3.8E1,5.3E1));
#1065=DIRECTION('',(0.E0,-1.E0,0.E0));
#1066=DIRECTION('',(0.E0,0.E0,1.E0));
#1067=AXIS2_PLACEMENT_3D('',#1064,#1065,#1066);
#1069=DIRECTION('',(1.E0,0.E0,0.E0));
#1070=VECTOR('',#1069,3.E0);
#1071=CARTESIAN_POINT('',(-3.4E1,-3.8E1,5.4E1));
#1072=LINE('',#1071,#1070);
#1073=DIRECTION('',(0.E0,0.E0,-1.E0));
#1074=VECTOR('',#1073,2.E0);
#1075=CARTESIAN_POINT('',(-3.4E1,-3.8E1,5.6E1));
#1076=LINE('',#1075,#1074);
#1077=DIRECTION('',(1.E0,0.E0,0.E0));
#1078=VECTOR('',#1077,3.E0);
#1079=CARTESIAN_POINT('',(-3.4E1,-3.8E1,5.6E1));
#1080=LINE('',#1079,#1078);
#1081=CARTESIAN_POINT('',(-3.1E1,-3.8E1,5.7E1));
#1082=DIRECTION('',(0.E0,-1.E0,0.E0));
#1083=DIRECTION('',(0.E0,0.E0,1.E0));
#1084=AXIS2_PLACEMENT_3D('',#1081,#1082,#1083);
#1086=DIRECTION('',(1.E0,0.E0,0.E0));
#1087=VECTOR('',#1086,3.E0);
#1088=CARTESIAN_POINT('',(-3.4E1,-3.8E1,5.8E1));
#1089=LINE('',#1088,#1087);
#1090=DIRECTION('',(0.E0,0.E0,-1.E0));
#1091=VECTOR('',#1090,2.E0);
#1092=CARTESIAN_POINT('',(-3.4E1,-3.8E1,6.E1));
#1093=LINE('',#1092,#1091);
#1094=DIRECTION('',(1.E0,0.E0,0.E0));
#1095=VECTOR('',#1094,3.E0);
#1096=CARTESIAN_POINT('',(-3.4E1,-3.8E1,6.E1));
#1097=LINE('',#1096,#1095);
#1098=CARTESIAN_POINT('',(-3.1E1,-3.8E1,6.1E1));
#1099=DIRECTION('',(0.E0,-1.E0,0.E0));
#1100=DIRECTION('',(0.E0,0.E0,1.E0));
#1101=AXIS2_PLACEMENT_3D('',#1098,#1099,#1100);
#1103=DIRECTION('',(1.E0,0.E0,0.E0));
#1104=VECTOR('',#1103,3.E0);
#1105=CARTESIAN_POINT('',(-3.4E1,-3.8E1,6.2E1));
#1106=LINE('',#1105,#1104);
#1107=DIRECTION('',(0.E0,0.E0,-1.E0));
#1108=VECTOR('',#1107,1.105923977815E0);
#1109=CARTESIAN_POINT('',(-3.4E1,-3.8E1,6.310592397782E1));
#1110=LINE('',#1109,#1108);
#1111=CARTESIAN_POINT('',(-3.472E1,-3.8E1,6.55E1));
#1112=DIRECTION('',(0.E0,1.E0,0.E0));
#1113=DIRECTION('',(2.88E-1,0.E0,-9.576304088739E-1));
#1114=AXIS2_PLACEMENT_3D('',#1111,#1112,#1113);
#1116=CARTESIAN_POINT('',(-3.472E1,-3.8E1,6.55E1));
#1117=DIRECTION('',(0.E0,1.E0,0.E0));
#1118=DIRECTION('',(0.E0,0.E0,-1.E0));
#1119=AXIS2_PLACEMENT_3D('',#1116,#1117,#1118);
#1121=CARTESIAN_POINT('',(-3.472E1,-3.8E1,6.55E1));
#1122=DIRECTION('',(0.E0,1.E0,0.E0));
#1123=DIRECTION('',(0.E0,0.E0,1.E0));
#1124=AXIS2_PLACEMENT_3D('',#1121,#1122,#1123);
#1126=DIRECTION('',(0.E0,0.E0,-1.E0));
#1127=VECTOR('',#1126,1.059239778153E-1);
#1128=CARTESIAN_POINT('',(-3.4E1,-3.8E1,6.8E1));
#1129=LINE('',#1128,#1127);
#1130=DIRECTION('',(1.E0,0.E0,0.E0));
#1131=VECTOR('',#1130,3.E0);
#1132=CARTESIAN_POINT('',(-3.4E1,-3.8E1,6.8E1));
#1133=LINE('',#1132,#1131);
#1134=CARTESIAN_POINT('',(-3.1E1,-3.8E1,6.9E1));
#1135=DIRECTION('',(0.E0,-1.E0,0.E0));
#1136=DIRECTION('',(0.E0,0.E0,1.E0));
#1137=AXIS2_PLACEMENT_3D('',#1134,#1135,#1136);
#1139=DIRECTION('',(1.E0,0.E0,0.E0));
#1140=VECTOR('',#1139,3.E0);
#1141=CARTESIAN_POINT('',(-3.4E1,-3.8E1,7.E1));
#1142=LINE('',#1141,#1140);
#1143=DIRECTION('',(0.E0,0.E0,-1.E0));
#1144=VECTOR('',#1143,2.E0);
#1145=CARTESIAN_POINT('',(-3.4E1,-3.8E1,7.2E1));
#1146=LINE('',#1145,#1144);
#1147=DIRECTION('',(1.E0,0.E0,0.E0));
#1148=VECTOR('',#1147,3.E0);
#1149=CARTESIAN_POINT('',(-3.4E1,-3.8E1,7.2E1));
#1150=LINE('',#1149,#1148);
#1151=CARTESIAN_POINT('',(-3.1E1,-3.8E1,7.3E1));
#1152=DIRECTION('',(0.E0,-1.E0,0.E0));
#1153=DIRECTION('',(0.E0,0.E0,1.E0));
#1154=AXIS2_PLACEMENT_3D('',#1151,#1152,#1153);
#1156=DIRECTION('',(1.E0,0.E0,0.E0));
#1157=VECTOR('',#1156,3.E0);
#1158=CARTESIAN_POINT('',(-3.4E1,-3.8E1,7.4E1));
#1159=LINE('',#1158,#1157);
#1160=DIRECTION('',(0.E0,0.E0,-1.E0));
#1161=VECTOR('',#1160,2.E0);
#1162=CARTESIAN_POINT('',(-3.4E1,-3.8E1,7.6E1));
#1163=LINE('',#1162,#1161);
#1164=DIRECTION('',(1.E0,0.E0,0.E0));
#1165=VECTOR('',#1164,3.E0);
#1166=CARTESIAN_POINT('',(-3.4E1,-3.8E1,7.6E1));
#1167=LINE('',#1166,#1165);
#1168=CARTESIAN_POINT('',(-3.1E1,-3.8E1,7.7E1));
#1169=DIRECTION('',(0.E0,-1.E0,0.E0));
#1170=DIRECTION('',(0.E0,0.E0,1.E0));
#1171=AXIS2_PLACEMENT_3D('',#1168,#1169,#1170);
#1173=DIRECTION('',(1.E0,0.E0,0.E0));
#1174=VECTOR('',#1173,3.E0);
#1175=CARTESIAN_POINT('',(-3.4E1,-3.8E1,7.8E1));
#1176=LINE('',#1175,#1174);
#1177=DIRECTION('',(0.E0,0.E0,-1.E0));
#1178=VECTOR('',#1177,2.E0);
#1179=CARTESIAN_POINT('',(-3.4E1,-3.8E1,8.E1));
#1180=LINE('',#1179,#1178);
#1181=DIRECTION('',(1.E0,0.E0,0.E0));
#1182=VECTOR('',#1181,3.E0);
#1183=CARTESIAN_POINT('',(-3.4E1,-3.8E1,8.E1));
#1184=LINE('',#1183,#1182);
#1185=CARTESIAN_POINT('',(-3.1E1,-3.8E1,8.1E1));
#1186=DIRECTION('',(0.E0,-1.E0,0.E0));
#1187=DIRECTION('',(0.E0,0.E0,1.E0));
#1188=AXIS2_PLACEMENT_3D('',#1185,#1186,#1187);
#1190=DIRECTION('',(-1.E0,0.E0,0.E0));
#1191=VECTOR('',#1190,2.2E1);
#1192=CARTESIAN_POINT('',(-9.E0,-3.8E1,8.2E1));
#1193=LINE('',#1192,#1191);
#1194=CARTESIAN_POINT('',(-9.E0,-3.8E1,8.1E1));
#1195=DIRECTION('',(0.E0,-1.E0,0.E0));
#1196=DIRECTION('',(0.E0,0.E0,-1.E0));
#1197=AXIS2_PLACEMENT_3D('',#1194,#1195,#1196);
#1199=DIRECTION('',(1.E0,0.E0,0.E0));
#1200=VECTOR('',#1199,3.E0);
#1201=CARTESIAN_POINT('',(-9.E0,-3.8E1,8.E1));
#1202=LINE('',#1201,#1200);
#1203=DIRECTION('',(0.E0,0.E0,-1.E0));
#1204=VECTOR('',#1203,2.E0);
#1205=CARTESIAN_POINT('',(-6.E0,-3.8E1,8.E1));
#1206=LINE('',#1205,#1204);
#1207=DIRECTION('',(1.E0,0.E0,0.E0));
#1208=VECTOR('',#1207,3.E0);
#1209=CARTESIAN_POINT('',(-9.E0,-3.8E1,7.8E1));
#1210=LINE('',#1209,#1208);
#1211=CARTESIAN_POINT('',(-9.E0,-3.8E1,7.7E1));
#1212=DIRECTION('',(0.E0,-1.E0,0.E0));
#1213=DIRECTION('',(0.E0,0.E0,-1.E0));
#1214=AXIS2_PLACEMENT_3D('',#1211,#1212,#1213);
#1216=DIRECTION('',(1.E0,0.E0,0.E0));
#1217=VECTOR('',#1216,3.E0);
#1218=CARTESIAN_POINT('',(-9.E0,-3.8E1,7.6E1));
#1219=LINE('',#1218,#1217);
#1220=DIRECTION('',(0.E0,0.E0,-1.E0));
#1221=VECTOR('',#1220,2.E0);
#1222=CARTESIAN_POINT('',(-6.E0,-3.8E1,7.6E1));
#1223=LINE('',#1222,#1221);
#1224=DIRECTION('',(1.E0,0.E0,0.E0));
#1225=VECTOR('',#1224,3.E0);
#1226=CARTESIAN_POINT('',(-9.E0,-3.8E1,7.4E1));
#1227=LINE('',#1226,#1225);
#1228=CARTESIAN_POINT('',(-9.E0,-3.8E1,7.3E1));
#1229=DIRECTION('',(0.E0,-1.E0,0.E0));
#1230=DIRECTION('',(0.E0,0.E0,-1.E0));
#1231=AXIS2_PLACEMENT_3D('',#1228,#1229,#1230);
#1233=DIRECTION('',(1.E0,0.E0,0.E0));
#1234=VECTOR('',#1233,3.E0);
#1235=CARTESIAN_POINT('',(-9.E0,-3.8E1,7.2E1));
#1236=LINE('',#1235,#1234);
#1237=DIRECTION('',(0.E0,0.E0,-1.E0));
#1238=VECTOR('',#1237,2.E0);
#1239=CARTESIAN_POINT('',(-6.E0,-3.8E1,7.2E1));
#1240=LINE('',#1239,#1238);
#1241=DIRECTION('',(1.E0,0.E0,0.E0));
#1242=VECTOR('',#1241,3.E0);
#1243=CARTESIAN_POINT('',(-9.E0,-3.8E1,7.E1));
#1244=LINE('',#1243,#1242);
#1245=CARTESIAN_POINT('',(-9.E0,-3.8E1,6.9E1));
#1246=DIRECTION('',(0.E0,-1.E0,0.E0));
#1247=DIRECTION('',(0.E0,0.E0,-1.E0));
#1248=AXIS2_PLACEMENT_3D('',#1245,#1246,#1247);
#1250=DIRECTION('',(1.E0,0.E0,0.E0));
#1251=VECTOR('',#1250,3.E0);
#1252=CARTESIAN_POINT('',(-9.E0,-3.8E1,6.8E1));
#1253=LINE('',#1252,#1251);
#1254=DIRECTION('',(0.E0,0.E0,-1.E0));
#1255=VECTOR('',#1254,3.525363798192E-1);
#1256=CARTESIAN_POINT('',(-6.E0,-3.8E1,6.8E1));
#1257=LINE('',#1256,#1255);
#1258=CARTESIAN_POINT('',(-4.72E0,-3.8E1,6.55E1));
#1259=DIRECTION('',(0.E0,1.E0,0.E0));
#1260=DIRECTION('',(-5.12E-1,0.E0,8.589854480723E-1));
#1261=AXIS2_PLACEMENT_3D('',#1258,#1259,#1260);
#1263=DIRECTION('',(-1.E0,0.E0,0.E0));
#1264=VECTOR('',#1263,2.72E0);
#1265=CARTESIAN_POINT('',(-2.E0,-3.8E1,6.8E1));
#1266=LINE('',#1265,#1264);
#1267=DIRECTION('',(0.E0,0.E0,-1.E0));
#1268=VECTOR('',#1267,1.3E1);
#1269=CARTESIAN_POINT('',(-2.E0,-3.8E1,8.1E1));
#1270=LINE('',#1269,#1268);
#1271=CARTESIAN_POINT('',(-9.E0,-3.8E1,8.1E1));
#1272=DIRECTION('',(0.E0,-1.E0,0.E0));
#1273=DIRECTION('',(1.E0,0.E0,0.E0));
#1274=AXIS2_PLACEMENT_3D('',#1271,#1272,#1273);
#1276=DIRECTION('',(1.E0,0.E0,0.E0));
#1277=VECTOR('',#1276,7.2E1);
#1278=CARTESIAN_POINT('',(-8.1E1,-3.8E1,8.8E1));
#1279=LINE('',#1278,#1277);
#1280=CARTESIAN_POINT('',(-8.1E1,-3.8E1,8.1E1));
#1281=DIRECTION('',(0.E0,-1.E0,0.E0));
#1282=DIRECTION('',(0.E0,0.E0,1.E0));
#1283=AXIS2_PLACEMENT_3D('',#1280,#1281,#1282);
#1285=DIRECTION('',(0.E0,0.E0,1.E0));
#1286=VECTOR('',#1285,7.E0);
#1287=CARTESIAN_POINT('',(-8.8E1,-3.8E1,7.4E1));
#1288=LINE('',#1287,#1286);
#1289=DIRECTION('',(0.E0,0.E0,1.E0));
#1290=VECTOR('',#1289,7.E0);
#1291=CARTESIAN_POINT('',(-8.8E1,-3.8E1,6.7E1));
#1292=LINE('',#1291,#1290);
#1293=DIRECTION('',(0.E0,0.E0,1.E0));
#1294=VECTOR('',#1293,5.E0);
#1295=CARTESIAN_POINT('',(-8.8E1,-3.8E1,6.2E1));
#1296=LINE('',#1295,#1294);
#1297=DIRECTION('',(1.E0,0.E0,0.E0));
#1298=VECTOR('',#1297,2.8E1);
#1299=CARTESIAN_POINT('',(-3.4E1,-3.58E1,3.02E1));
#1300=LINE('',#1299,#1298);
#1301=DIRECTION('',(0.E0,0.E0,1.E0));
#1302=VECTOR('',#1301,1.531749036203E0);
#1303=CARTESIAN_POINT('',(-3.4E1,-3.753174903620E1,3.446825096380E1));
#1304=LINE('',#1303,#1302);
#1305=DIRECTION('',(0.E0,0.E0,1.E0));
#1306=VECTOR('',#1305,4.682509637969E-1);
#1307=CARTESIAN_POINT('',(-3.4E1,-3.753174903620E1,2.8E1));
#1308=LINE('',#1307,#1306);
#1309=CARTESIAN_POINT('',(-3.4E1,-3.753174903620E1,2.846825096380E1));
#1310=CARTESIAN_POINT('',(-3.335678141455E1,-3.783160892330E1,
2.816839107670E1));
#1311=CARTESIAN_POINT('',(-3.265778909712E1,-3.8E1,2.8E1));
#1312=CARTESIAN_POINT('',(-3.188735931288E1,-3.8E1,2.8E1));
#1314=DIRECTION('',(0.E0,0.E0,1.E0));
#1315=VECTOR('',#1314,9.221571446210E-1);
#1316=CARTESIAN_POINT('',(-3.188735931288E1,-3.8E1,2.853892142769E1));
#1317=LINE('',#1316,#1315);
#1318=CARTESIAN_POINT('',(-3.4E1,-3.753174903620E1,3.046825096380E1));
#1319=CARTESIAN_POINT('',(-3.335678141455E1,-3.783160892330E1,
3.016839107670E1));
#1320=CARTESIAN_POINT('',(-3.265778909712E1,-3.8E1,3.E1));
#1321=CARTESIAN_POINT('',(-3.188735931288E1,-3.8E1,3.E1));
#1323=DIRECTION('',(0.E0,0.E0,1.E0));
#1324=VECTOR('',#1323,2.E0);
#1325=CARTESIAN_POINT('',(-3.4E1,-3.753174903620E1,3.046825096380E1));
#1326=LINE('',#1325,#1324);
#1327=CARTESIAN_POINT('',(-3.4E1,-3.753174903620E1,3.246825096380E1));
#1328=CARTESIAN_POINT('',(-3.335678141455E1,-3.783160892330E1,
3.216839107670E1));
#1329=CARTESIAN_POINT('',(-3.265778909712E1,-3.8E1,3.2E1));
#1330=CARTESIAN_POINT('',(-3.188735931288E1,-3.8E1,3.2E1));
#1332=DIRECTION('',(0.E0,0.E0,1.E0));
#1333=VECTOR('',#1332,9.221571446210E-1);
#1334=CARTESIAN_POINT('',(-3.188735931288E1,-3.8E1,3.253892142769E1));
#1335=LINE('',#1334,#1333);
#1336=CARTESIAN_POINT('',(-3.4E1,-3.753174903620E1,3.446825096380E1));
#1337=CARTESIAN_POINT('',(-3.335678141455E1,-3.783160892330E1,
3.416839107670E1));
#1338=CARTESIAN_POINT('',(-3.265778909712E1,-3.8E1,3.4E1));
#1339=CARTESIAN_POINT('',(-3.188735931288E1,-3.8E1,3.4E1));
#1341=DIRECTION('',(0.E0,7.071067811865E-1,7.071067811865E-1));
#1342=VECTOR('',#1341,2.449062973625E0);
#1343=CARTESIAN_POINT('',(-3.4E1,-3.753174903620E1,3.446825096380E1));
#1344=LINE('',#1343,#1342);
#1345=DIRECTION('',(0.E0,7.071067811865E-1,-7.071067811865E-1));
#1346=VECTOR('',#1345,3.394112549695E0);
#1347=CARTESIAN_POINT('',(-3.4E1,-3.58E1,3.62E1));
#1348=LINE('',#1347,#1346);
#1349=DIRECTION('',(0.E0,0.E0,1.E0));
#1350=VECTOR('',#1349,2.E0);
#1351=CARTESIAN_POINT('',(-3.4E1,-3.34E1,3.38E1));
#1352=LINE('',#1351,#1350);
#1353=DIRECTION('',(0.E0,-7.071067811866E-1,7.071067811865E-1));
#1354=VECTOR('',#1353,3.394112549695E0);
#1355=CARTESIAN_POINT('',(-3.4E1,-3.34E1,3.58E1));
#1356=LINE('',#1355,#1354);
#1357=DIRECTION('',(0.E0,-7.071067811865E-1,-7.071067811865E-1));
#1358=VECTOR('',#1357,3.111269837221E0);
#1359=CARTESIAN_POINT('',(-3.4E1,-3.58E1,3.82E1));
#1360=LINE('',#1359,#1358);
#1361=DIRECTION('',(1.E0,0.E0,0.E0));
#1362=VECTOR('',#1361,2.2E1);
#1363=CARTESIAN_POINT('',(-3.1E1,-3.8E1,3.4E1));
#1364=LINE('',#1363,#1362);
#1365=DIRECTION('',(0.E0,1.E0,0.E0));
#1366=VECTOR('',#1365,2.E0);
#1367=CARTESIAN_POINT('',(-3.1E1,-4.E1,3.4E1));
#1368=LINE('',#1367,#1366);
#1369=DIRECTION('',(0.E0,1.E0,0.E0));
#1370=VECTOR('',#1369,2.E0);
#1371=CARTESIAN_POINT('',(-3.1E1,-4.E1,3.2E1));
#1372=LINE('',#1371,#1370);
#1373=CARTESIAN_POINT('',(-3.1E1,-3.8E1,3.3E1));
#1374=DIRECTION('',(0.E0,1.E0,0.E0));
#1375=DIRECTION('',(-8.873593128807E-1,0.E0,-4.610785723105E-1));
#1376=AXIS2_PLACEMENT_3D('',#1373,#1374,#1375);
#1378=DIRECTION('',(1.E0,0.E0,0.E0));
#1379=VECTOR('',#1378,2.2E1);
#1380=CARTESIAN_POINT('',(-3.1E1,-3.8E1,3.2E1));
#1381=LINE('',#1380,#1379);
#1382=DIRECTION('',(0.E0,1.E0,0.E0));
#1383=VECTOR('',#1382,2.E0);
#1384=CARTESIAN_POINT('',(-9.E0,-4.E1,3.2E1));
#1385=LINE('',#1384,#1383);
#1386=DIRECTION('',(1.E0,0.E0,0.E0));
#1387=VECTOR('',#1386,2.8E1);
#1388=CARTESIAN_POINT('',(-3.4E1,-3.58E1,3.42E1));
#1389=LINE('',#1388,#1387);
#1390=DIRECTION('',(0.E0,7.071067811865E-1,7.071067811865E-1));
#1391=VECTOR('',#1390,2.449062973625E0);
#1392=CARTESIAN_POINT('',(-3.4E1,-3.753174903620E1,3.046825096380E1));
#1393=LINE('',#1392,#1391);
#1394=DIRECTION('',(0.E0,7.071067811865E-1,-7.071067811865E-1));
#1395=VECTOR('',#1394,3.394112549695E0);
#1396=CARTESIAN_POINT('',(-3.4E1,-3.58E1,3.22E1));
#1397=LINE('',#1396,#1395);
#1398=DIRECTION('',(0.E0,0.E0,1.E0));
#1399=VECTOR('',#1398,2.E0);
#1400=CARTESIAN_POINT('',(-3.4E1,-3.34E1,2.98E1));
#1401=LINE('',#1400,#1399);
#1402=DIRECTION('',(0.E0,-7.071067811865E-1,7.071067811865E-1));
#1403=VECTOR('',#1402,3.394112549695E0);
#1404=CARTESIAN_POINT('',(-3.4E1,-3.34E1,3.18E1));
#1405=LINE('',#1404,#1403);
#1406=DIRECTION('',(0.E0,-7.071067811865E-1,-7.071067811865E-1));
#1407=VECTOR('',#1406,2.449062973625E0);
#1408=CARTESIAN_POINT('',(-3.4E1,-3.58E1,3.42E1));
#1409=LINE('',#1408,#1407);
#1410=DIRECTION('',(1.E0,0.E0,0.E0));
#1411=VECTOR('',#1410,2.2E1);
#1412=CARTESIAN_POINT('',(-3.1E1,-3.8E1,3.E1));
#1413=LINE('',#1412,#1411);
#1414=DIRECTION('',(0.E0,1.E0,0.E0));
#1415=VECTOR('',#1414,2.E0);
#1416=CARTESIAN_POINT('',(-3.1E1,-4.E1,3.E1));
#1417=LINE('',#1416,#1415);
#1418=DIRECTION('',(0.E0,1.E0,0.E0));
#1419=VECTOR('',#1418,2.E0);
#1420=CARTESIAN_POINT('',(-3.1E1,-4.E1,2.8E1));
#1421=LINE('',#1420,#1419);
#1422=CARTESIAN_POINT('',(-3.1E1,-3.8E1,2.9E1));
#1423=DIRECTION('',(0.E0,1.E0,0.E0));
#1424=DIRECTION('',(-8.873593128807E-1,0.E0,-4.610785723105E-1));
#1425=AXIS2_PLACEMENT_3D('',#1422,#1423,#1424);
#1427=DIRECTION('',(1.E0,0.E0,0.E0));
#1428=VECTOR('',#1427,2.2E1);
#1429=CARTESIAN_POINT('',(-3.1E1,-3.8E1,2.8E1));
#1430=LINE('',#1429,#1428);
#1431=DIRECTION('',(0.E0,1.E0,0.E0));
#1432=VECTOR('',#1431,2.E0);
#1433=CARTESIAN_POINT('',(-9.E0,-4.E1,2.8E1));
#1434=LINE('',#1433,#1432);
#1435=DIRECTION('',(0.E0,1.E0,0.E0));
#1436=VECTOR('',#1435,2.E0);
#1437=CARTESIAN_POINT('',(-9.E0,-4.E1,3.E1));
#1438=LINE('',#1437,#1436);
#1439=CARTESIAN_POINT('',(-9.E0,-4.E1,4.5E1));
#1440=DIRECTION('',(0.E0,-1.E0,0.E0));
#1441=DIRECTION('',(0.E0,0.E0,-1.E0));
#1442=AXIS2_PLACEMENT_3D('',#1439,#1440,#1441);
#1444=DIRECTION('',(-1.E0,0.E0,0.E0));
#1445=VECTOR('',#1444,2.2E1);
#1446=CARTESIAN_POINT('',(-9.E0,-4.E1,4.6E1));
#1447=LINE('',#1446,#1445);
#1448=CARTESIAN_POINT('',(-3.1E1,-4.E1,4.5E1));
#1449=DIRECTION('',(0.E0,-1.E0,0.E0));
#1450=DIRECTION('',(0.E0,0.E0,1.E0));
#1451=AXIS2_PLACEMENT_3D('',#1448,#1449,#1450);
#1453=DIRECTION('',(1.E0,0.E0,0.E0));
#1454=VECTOR('',#1453,2.2E1);
#1455=CARTESIAN_POINT('',(-3.1E1,-4.E1,4.4E1));
#1456=LINE('',#1455,#1454);
#1457=CARTESIAN_POINT('',(-9.E0,-4.E1,4.9E1));
#1458=DIRECTION('',(0.E0,-1.E0,0.E0));
#1459=DIRECTION('',(0.E0,0.E0,-1.E0));
#1460=AXIS2_PLACEMENT_3D('',#1457,#1458,#1459);
#1462=DIRECTION('',(-1.E0,0.E0,0.E0));
#1463=VECTOR('',#1462,2.2E1);
#1464=CARTESIAN_POINT('',(-9.E0,-4.E1,5.E1));
#1465=LINE('',#1464,#1463);
#1466=CARTESIAN_POINT('',(-3.1E1,-4.E1,4.9E1));
#1467=DIRECTION('',(0.E0,-1.E0,0.E0));
#1468=DIRECTION('',(0.E0,0.E0,1.E0));
#1469=AXIS2_PLACEMENT_3D('',#1466,#1467,#1468);
#1471=DIRECTION('',(1.E0,0.E0,0.E0));
#1472=VECTOR('',#1471,2.2E1);
#1473=CARTESIAN_POINT('',(-3.1E1,-4.E1,4.8E1));
#1474=LINE('',#1473,#1472);
#1475=CARTESIAN_POINT('',(-9.E0,-4.E1,5.3E1));
#1476=DIRECTION('',(0.E0,-1.E0,0.E0));
#1477=DIRECTION('',(0.E0,0.E0,-1.E0));
#1478=AXIS2_PLACEMENT_3D('',#1475,#1476,#1477);
#1480=DIRECTION('',(-1.E0,0.E0,0.E0));
#1481=VECTOR('',#1480,2.2E1);
#1482=CARTESIAN_POINT('',(-9.E0,-4.E1,5.4E1));
#1483=LINE('',#1482,#1481);
#1484=CARTESIAN_POINT('',(-3.1E1,-4.E1,5.3E1));
#1485=DIRECTION('',(0.E0,-1.E0,0.E0));
#1486=DIRECTION('',(0.E0,0.E0,1.E0));
#1487=AXIS2_PLACEMENT_3D('',#1484,#1485,#1486);
#1489=DIRECTION('',(1.E0,0.E0,0.E0));
#1490=VECTOR('',#1489,2.2E1);
#1491=CARTESIAN_POINT('',(-3.1E1,-4.E1,5.2E1));
#1492=LINE('',#1491,#1490);
#1493=CARTESIAN_POINT('',(-9.E0,-4.E1,5.7E1));
#1494=DIRECTION('',(0.E0,-1.E0,0.E0));
#1495=DIRECTION('',(0.E0,0.E0,-1.E0));
#1496=AXIS2_PLACEMENT_3D('',#1493,#1494,#1495);
#1498=DIRECTION('',(-1.E0,0.E0,0.E0));
#1499=VECTOR('',#1498,2.2E1);
#1500=CARTESIAN_POINT('',(-9.E0,-4.E1,5.8E1));
#1501=LINE('',#1500,#1499);
#1502=CARTESIAN_POINT('',(-3.1E1,-4.E1,5.7E1));
#1503=DIRECTION('',(0.E0,-1.E0,0.E0));
#1504=DIRECTION('',(0.E0,0.E0,1.E0));
#1505=AXIS2_PLACEMENT_3D('',#1502,#1503,#1504);
#1507=DIRECTION('',(1.E0,0.E0,0.E0));
#1508=VECTOR('',#1507,2.2E1);
#1509=CARTESIAN_POINT('',(-3.1E1,-4.E1,5.6E1));
#1510=LINE('',#1509,#1508);
#1511=CARTESIAN_POINT('',(-9.E0,-4.E1,6.1E1));
#1512=DIRECTION('',(0.E0,-1.E0,0.E0));
#1513=DIRECTION('',(0.E0,0.E0,-1.E0));
#1514=AXIS2_PLACEMENT_3D('',#1511,#1512,#1513);
#1516=DIRECTION('',(-1.E0,0.E0,0.E0));
#1517=VECTOR('',#1516,2.2E1);
#1518=CARTESIAN_POINT('',(-9.E0,-4.E1,6.2E1));
#1519=LINE('',#1518,#1517);
#1520=CARTESIAN_POINT('',(-3.1E1,-4.E1,6.1E1));
#1521=DIRECTION('',(0.E0,-1.E0,0.E0));
#1522=DIRECTION('',(0.E0,0.E0,1.E0));
#1523=AXIS2_PLACEMENT_3D('',#1520,#1521,#1522);
#1525=DIRECTION('',(1.E0,0.E0,0.E0));
#1526=VECTOR('',#1525,2.2E1);
#1527=CARTESIAN_POINT('',(-3.1E1,-4.E1,6.E1));
#1528=LINE('',#1527,#1526);
#1529=CARTESIAN_POINT('',(-9.E0,-4.E1,6.5E1));
#1530=DIRECTION('',(0.E0,-1.E0,0.E0));
#1531=DIRECTION('',(0.E0,0.E0,-1.E0));
#1532=AXIS2_PLACEMENT_3D('',#1529,#1530,#1531);
#1534=DIRECTION('',(-1.E0,0.E0,0.E0));
#1535=VECTOR('',#1534,2.2E1);
#1536=CARTESIAN_POINT('',(-9.E0,-4.E1,6.6E1));
#1537=LINE('',#1536,#1535);
#1538=CARTESIAN_POINT('',(-3.1E1,-4.E1,6.5E1));
#1539=DIRECTION('',(0.E0,-1.E0,0.E0));
#1540=DIRECTION('',(0.E0,0.E0,1.E0));
#1541=AXIS2_PLACEMENT_3D('',#1538,#1539,#1540);
#1543=DIRECTION('',(1.E0,0.E0,0.E0));
#1544=VECTOR('',#1543,2.2E1);
#1545=CARTESIAN_POINT('',(-3.1E1,-4.E1,6.4E1));
#1546=LINE('',#1545,#1544);
#1547=CARTESIAN_POINT('',(-9.E0,-4.E1,6.9E1));
#1548=DIRECTION('',(0.E0,-1.E0,0.E0));
#1549=DIRECTION('',(0.E0,0.E0,-1.E0));
#1550=AXIS2_PLACEMENT_3D('',#1547,#1548,#1549);
#1552=DIRECTION('',(-1.E0,0.E0,0.E0));
#1553=VECTOR('',#1552,2.2E1);
#1554=CARTESIAN_POINT('',(-9.E0,-4.E1,7.E1));
#1555=LINE('',#1554,#1553);
#1556=CARTESIAN_POINT('',(-3.1E1,-4.E1,6.9E1));
#1557=DIRECTION('',(0.E0,-1.E0,0.E0));
#1558=DIRECTION('',(0.E0,0.E0,1.E0));
#1559=AXIS2_PLACEMENT_3D('',#1556,#1557,#1558);
#1561=DIRECTION('',(1.E0,0.E0,0.E0));
#1562=VECTOR('',#1561,2.2E1);
#1563=CARTESIAN_POINT('',(-3.1E1,-4.E1,6.8E1));
#1564=LINE('',#1563,#1562);
#1565=CARTESIAN_POINT('',(-9.E0,-4.E1,7.3E1));
#1566=DIRECTION('',(0.E0,-1.E0,0.E0));
#1567=DIRECTION('',(0.E0,0.E0,-1.E0));
#1568=AXIS2_PLACEMENT_3D('',#1565,#1566,#1567);
#1570=DIRECTION('',(-1.E0,0.E0,0.E0));
#1571=VECTOR('',#1570,2.2E1);
#1572=CARTESIAN_POINT('',(-9.E0,-4.E1,7.4E1));
#1573=LINE('',#1572,#1571);
#1574=CARTESIAN_POINT('',(-3.1E1,-4.E1,7.3E1));
#1575=DIRECTION('',(0.E0,-1.E0,0.E0));
#1576=DIRECTION('',(0.E0,0.E0,1.E0));
#1577=AXIS2_PLACEMENT_3D('',#1574,#1575,#1576);
#1579=DIRECTION('',(1.E0,0.E0,0.E0));
#1580=VECTOR('',#1579,2.2E1);
#1581=CARTESIAN_POINT('',(-3.1E1,-4.E1,7.2E1));
#1582=LINE('',#1581,#1580);
#1583=CARTESIAN_POINT('',(-9.E0,-4.E1,7.7E1));
#1584=DIRECTION('',(0.E0,-1.E0,0.E0));
#1585=DIRECTION('',(0.E0,0.E0,-1.E0));
#1586=AXIS2_PLACEMENT_3D('',#1583,#1584,#1585);
#1588=DIRECTION('',(-1.E0,0.E0,0.E0));
#1589=VECTOR('',#1588,2.2E1);
#1590=CARTESIAN_POINT('',(-9.E0,-4.E1,7.8E1));
#1591=LINE('',#1590,#1589);
#1592=CARTESIAN_POINT('',(-3.1E1,-4.E1,7.7E1));
#1593=DIRECTION('',(0.E0,-1.E0,0.E0));
#1594=DIRECTION('',(0.E0,0.E0,1.E0));
#1595=AXIS2_PLACEMENT_3D('',#1592,#1593,#1594);
#1597=DIRECTION('',(1.E0,0.E0,0.E0));
#1598=VECTOR('',#1597,2.2E1);
#1599=CARTESIAN_POINT('',(-3.1E1,-4.E1,7.6E1));
#1600=LINE('',#1599,#1598);
#1601=CARTESIAN_POINT('',(-9.E0,-4.E1,8.1E1));
#1602=DIRECTION('',(0.E0,-1.E0,0.E0));
#1603=DIRECTION('',(0.E0,0.E0,-1.E0));
#1604=AXIS2_PLACEMENT_3D('',#1601,#1602,#1603);
#1606=DIRECTION('',(-1.E0,0.E0,0.E0));
#1607=VECTOR('',#1606,2.2E1);
#1608=CARTESIAN_POINT('',(-9.E0,-4.E1,8.2E1));
#1609=LINE('',#1608,#1607);
#1610=CARTESIAN_POINT('',(-3.1E1,-4.E1,8.1E1));
#1611=DIRECTION('',(0.E0,-1.E0,0.E0));
#1612=DIRECTION('',(0.E0,0.E0,1.E0));
#1613=AXIS2_PLACEMENT_3D('',#1610,#1611,#1612);
#1615=DIRECTION('',(1.E0,0.E0,0.E0));
#1616=VECTOR('',#1615,2.2E1);
#1617=CARTESIAN_POINT('',(-3.1E1,-4.E1,8.E1));
#1618=LINE('',#1617,#1616);
#1619=CARTESIAN_POINT('',(-9.E0,-4.E1,4.1E1));
#1620=DIRECTION('',(0.E0,1.E0,0.E0));
#1621=DIRECTION('',(0.E0,0.E0,1.E0));
#1622=AXIS2_PLACEMENT_3D('',#1619,#1620,#1621);
#1624=DIRECTION('',(1.E0,0.E0,0.E0));
#1625=VECTOR('',#1624,2.2E1);
#1626=CARTESIAN_POINT('',(-3.1E1,-4.E1,4.2E1));
#1627=LINE('',#1626,#1625);
#1628=CARTESIAN_POINT('',(-3.1E1,-4.E1,4.1E1));
#1629=DIRECTION('',(0.E0,1.E0,0.E0));
#1630=DIRECTION('',(0.E0,0.E0,-1.E0));
#1631=AXIS2_PLACEMENT_3D('',#1628,#1629,#1630);
#1633=DIRECTION('',(-1.E0,0.E0,0.E0));
#1634=VECTOR('',#1633,2.2E1);
#1635=CARTESIAN_POINT('',(-9.E0,-4.E1,4.E1));
#1636=LINE('',#1635,#1634);
#1637=CARTESIAN_POINT('',(-9.E0,-4.E1,3.7E1));
#1638=DIRECTION('',(0.E0,1.E0,0.E0));
#1639=DIRECTION('',(0.E0,0.E0,1.E0));
#1640=AXIS2_PLACEMENT_3D('',#1637,#1638,#1639);
#1642=DIRECTION('',(1.E0,0.E0,0.E0));
#1643=VECTOR('',#1642,2.2E1);
#1644=CARTESIAN_POINT('',(-3.1E1,-4.E1,3.8E1));
#1645=LINE('',#1644,#1643);
#1646=CARTESIAN_POINT('',(-3.1E1,-4.E1,3.7E1));
#1647=DIRECTION('',(0.E0,1.E0,0.E0));
#1648=DIRECTION('',(0.E0,0.E0,-1.E0));
#1649=AXIS2_PLACEMENT_3D('',#1646,#1647,#1648);
#1651=DIRECTION('',(-1.E0,0.E0,0.E0));
#1652=VECTOR('',#1651,2.2E1);
#1653=CARTESIAN_POINT('',(-9.E0,-4.E1,3.6E1));
#1654=LINE('',#1653,#1652);
#1655=CARTESIAN_POINT('',(-9.E0,-4.E1,3.3E1));
#1656=DIRECTION('',(0.E0,1.E0,0.E0));
#1657=DIRECTION('',(0.E0,0.E0,1.E0));
#1658=AXIS2_PLACEMENT_3D('',#1655,#1656,#1657);
#1660=DIRECTION('',(1.E0,0.E0,0.E0));
#1661=VECTOR('',#1660,2.2E1);
#1662=CARTESIAN_POINT('',(-3.1E1,-4.E1,3.4E1));
#1663=LINE('',#1662,#1661);
#1664=CARTESIAN_POINT('',(-3.1E1,-4.E1,3.3E1));
#1665=DIRECTION('',(0.E0,1.E0,0.E0));
#1666=DIRECTION('',(0.E0,0.E0,-1.E0));
#1667=AXIS2_PLACEMENT_3D('',#1664,#1665,#1666);
#1669=DIRECTION('',(-1.E0,0.E0,0.E0));
#1670=VECTOR('',#1669,2.2E1);
#1671=CARTESIAN_POINT('',(-9.E0,-4.E1,3.2E1));
#1672=LINE('',#1671,#1670);
#1673=CARTESIAN_POINT('',(-9.E0,-4.E1,2.9E1));
#1674=DIRECTION('',(0.E0,1.E0,0.E0));
#1675=DIRECTION('',(0.E0,0.E0,1.E0));
#1676=AXIS2_PLACEMENT_3D('',#1673,#1674,#1675);
#1678=DIRECTION('',(1.E0,0.E0,0.E0));
#1679=VECTOR('',#1678,2.2E1);
#1680=CARTESIAN_POINT('',(-3.1E1,-4.E1,3.E1));
#1681=LINE('',#1680,#1679);
#1682=CARTESIAN_POINT('',(-3.1E1,-4.E1,2.9E1));
#1683=DIRECTION('',(0.E0,1.E0,0.E0));
#1684=DIRECTION('',(0.E0,0.E0,-1.E0));
#1685=AXIS2_PLACEMENT_3D('',#1682,#1683,#1684);
#1687=DIRECTION('',(-1.E0,0.E0,0.E0));
#1688=VECTOR('',#1687,2.2E1);
#1689=CARTESIAN_POINT('',(-9.E0,-4.E1,2.8E1));
#1690=LINE('',#1689,#1688);
#1691=CARTESIAN_POINT('',(-9.E0,-4.E1,2.5E1));
#1692=DIRECTION('',(0.E0,1.E0,0.E0));
#1693=DIRECTION('',(0.E0,0.E0,1.E0));
#1694=AXIS2_PLACEMENT_3D('',#1691,#1692,#1693);
#1696=DIRECTION('',(1.E0,0.E0,0.E0));
#1697=VECTOR('',#1696,2.2E1);
#1698=CARTESIAN_POINT('',(-3.1E1,-4.E1,2.6E1));
#1699=LINE('',#1698,#1697);
#1700=CARTESIAN_POINT('',(-3.1E1,-4.E1,2.5E1));
#1701=DIRECTION('',(0.E0,1.E0,0.E0));
#1702=DIRECTION('',(0.E0,0.E0,-1.E0));
#1703=AXIS2_PLACEMENT_3D('',#1700,#1701,#1702);
#1705=DIRECTION('',(-1.E0,0.E0,0.E0));
#1706=VECTOR('',#1705,2.2E1);
#1707=CARTESIAN_POINT('',(-9.E0,-4.E1,2.4E1));
#1708=LINE('',#1707,#1706);
#1709=CARTESIAN_POINT('',(-9.E0,-4.E1,2.1E1));
#1710=DIRECTION('',(0.E0,1.E0,0.E0));
#1711=DIRECTION('',(0.E0,0.E0,1.E0));
#1712=AXIS2_PLACEMENT_3D('',#1709,#1710,#1711);
#1714=DIRECTION('',(1.E0,0.E0,0.E0));
#1715=VECTOR('',#1714,2.2E1);
#1716=CARTESIAN_POINT('',(-3.1E1,-4.E1,2.2E1));
#1717=LINE('',#1716,#1715);
#1718=CARTESIAN_POINT('',(-3.1E1,-4.E1,2.1E1));
#1719=DIRECTION('',(0.E0,1.E0,0.E0));
#1720=DIRECTION('',(0.E0,0.E0,-1.E0));
#1721=AXIS2_PLACEMENT_3D('',#1718,#1719,#1720);
#1723=DIRECTION('',(-1.E0,0.E0,0.E0));
#1724=VECTOR('',#1723,2.2E1);
#1725=CARTESIAN_POINT('',(-9.E0,-4.E1,2.E1));
#1726=LINE('',#1725,#1724);
#1727=CARTESIAN_POINT('',(-9.E0,-4.E1,1.7E1));
#1728=DIRECTION('',(0.E0,1.E0,0.E0));
#1729=DIRECTION('',(0.E0,0.E0,1.E0));
#1730=AXIS2_PLACEMENT_3D('',#1727,#1728,#1729);
#1732=DIRECTION('',(1.E0,0.E0,0.E0));
#1733=VECTOR('',#1732,2.2E1);
#1734=CARTESIAN_POINT('',(-3.1E1,-4.E1,1.8E1));
#1735=LINE('',#1734,#1733);
#1736=CARTESIAN_POINT('',(-3.1E1,-4.E1,1.7E1));
#1737=DIRECTION('',(0.E0,1.E0,0.E0));
#1738=DIRECTION('',(0.E0,0.E0,-1.E0));
#1739=AXIS2_PLACEMENT_3D('',#1736,#1737,#1738);
#1741=DIRECTION('',(-1.E0,0.E0,0.E0));
#1742=VECTOR('',#1741,2.2E1);
#1743=CARTESIAN_POINT('',(-9.E0,-4.E1,1.6E1));
#1744=LINE('',#1743,#1742);
#1745=CARTESIAN_POINT('',(-9.E0,-4.E1,1.3E1));
#1746=DIRECTION('',(0.E0,1.E0,0.E0));
#1747=DIRECTION('',(0.E0,0.E0,1.E0));
#1748=AXIS2_PLACEMENT_3D('',#1745,#1746,#1747);
#1750=DIRECTION('',(1.E0,0.E0,0.E0));
#1751=VECTOR('',#1750,2.2E1);
#1752=CARTESIAN_POINT('',(-3.1E1,-4.E1,1.4E1));
#1753=LINE('',#1752,#1751);
#1754=CARTESIAN_POINT('',(-3.1E1,-4.E1,1.3E1));
#1755=DIRECTION('',(0.E0,1.E0,0.E0));
#1756=DIRECTION('',(0.E0,0.E0,-1.E0));
#1757=AXIS2_PLACEMENT_3D('',#1754,#1755,#1756);
#1759=DIRECTION('',(-1.E0,0.E0,0.E0));
#1760=VECTOR('',#1759,2.2E1);
#1761=CARTESIAN_POINT('',(-9.E0,-4.E1,1.2E1));
#1762=LINE('',#1761,#1760);
#1763=CARTESIAN_POINT('',(-9.E0,-4.E1,9.E0));
#1764=DIRECTION('',(0.E0,1.E0,0.E0));
#1765=DIRECTION('',(0.E0,0.E0,1.E0));
#1766=AXIS2_PLACEMENT_3D('',#1763,#1764,#1765);
#1768=DIRECTION('',(1.E0,0.E0,0.E0));
#1769=VECTOR('',#1768,2.2E1);
#1770=CARTESIAN_POINT('',(-3.1E1,-4.E1,1.E1));
#1771=LINE('',#1770,#1769);
#1772=CARTESIAN_POINT('',(-3.1E1,-4.E1,9.E0));
#1773=DIRECTION('',(0.E0,1.E0,0.E0));
#1774=DIRECTION('',(0.E0,0.E0,-1.E0));
#1775=AXIS2_PLACEMENT_3D('',#1772,#1773,#1774);
#1777=DIRECTION('',(-1.E0,0.E0,0.E0));
#1778=VECTOR('',#1777,2.2E1);
#1779=CARTESIAN_POINT('',(-9.E0,-4.E1,8.E0));
#1780=LINE('',#1779,#1778);
#1781=DIRECTION('',(1.E0,0.E0,0.E0));
#1782=VECTOR('',#1781,1.5E1);
#1783=CARTESIAN_POINT('',(-9.E1,-4.E1,6.E1));
#1784=LINE('',#1783,#1782);
#1785=CARTESIAN_POINT('',(-7.5E1,-4.E1,6.1E1));
#1786=DIRECTION('',(0.E0,-1.E0,0.E0));
#1787=DIRECTION('',(0.E0,0.E0,-1.E0));
#1788=AXIS2_PLACEMENT_3D('',#1785,#1786,#1787);
#1790=DIRECTION('',(1.E0,0.E0,0.E0));
#1791=VECTOR('',#1790,1.5E1);
#1792=CARTESIAN_POINT('',(-9.E1,-4.E1,6.2E1));
#1793=LINE('',#1792,#1791);
#1794=DIRECTION('',(0.E0,0.E0,1.E0));
#1795=VECTOR('',#1794,1.9E1);
#1796=CARTESIAN_POINT('',(-9.E1,-4.E1,6.2E1));
#1797=LINE('',#1796,#1795);
#1798=CARTESIAN_POINT('',(-8.1E1,-4.E1,8.1E1));
#1799=DIRECTION('',(0.E0,-1.E0,0.E0));
#1800=DIRECTION('',(0.E0,0.E0,1.E0));
#1801=AXIS2_PLACEMENT_3D('',#1798,#1799,#1800);
#1803=DIRECTION('',(1.E0,0.E0,0.E0));
#1804=VECTOR('',#1803,7.2E1);
#1805=CARTESIAN_POINT('',(-8.1E1,-4.E1,9.E1));
#1806=LINE('',#1805,#1804);
#1807=CARTESIAN_POINT('',(-9.E0,-4.E1,8.1E1));
#1808=DIRECTION('',(0.E0,-1.E0,0.E0));
#1809=DIRECTION('',(1.E0,0.E0,0.E0));
#1810=AXIS2_PLACEMENT_3D('',#1807,#1808,#1809);
#1812=DIRECTION('',(0.E0,0.E0,-1.E0));
#1813=VECTOR('',#1812,7.2E1);
#1814=CARTESIAN_POINT('',(0.E0,-4.E1,8.1E1));
#1815=LINE('',#1814,#1813);
#1816=CARTESIAN_POINT('',(-9.E0,-4.E1,9.E0));
#1817=DIRECTION('',(0.E0,-1.E0,0.E0));
#1818=DIRECTION('',(0.E0,0.E0,-1.E0));
#1819=AXIS2_PLACEMENT_3D('',#1816,#1817,#1818);
#1821=DIRECTION('',(-1.E0,0.E0,0.E0));
#1822=VECTOR('',#1821,7.2E1);
#1823=CARTESIAN_POINT('',(-9.E0,-4.E1,0.E0));
#1824=LINE('',#1823,#1822);
#1825=CARTESIAN_POINT('',(-8.1E1,-4.E1,9.E0));
#1826=DIRECTION('',(0.E0,-1.E0,0.E0));
#1827=DIRECTION('',(-1.E0,0.E0,0.E0));
#1828=AXIS2_PLACEMENT_3D('',#1825,#1826,#1827);
#1830=DIRECTION('',(0.E0,0.E0,1.E0));
#1831=VECTOR('',#1830,1.9E1);
#1832=CARTESIAN_POINT('',(-9.E1,-4.E1,9.E0));
#1833=LINE('',#1832,#1831);
#1834=DIRECTION('',(1.E0,0.E0,0.E0));
#1835=VECTOR('',#1834,1.5E1);
#1836=CARTESIAN_POINT('',(-9.E1,-4.E1,2.8E1));
#1837=LINE('',#1836,#1835);
#1838=CARTESIAN_POINT('',(-7.5E1,-4.E1,2.9E1));
#1839=DIRECTION('',(0.E0,-1.E0,0.E0));
#1840=DIRECTION('',(0.E0,0.E0,-1.E0));
#1841=AXIS2_PLACEMENT_3D('',#1838,#1839,#1840);
#1843=DIRECTION('',(1.E0,0.E0,0.E0));
#1844=VECTOR('',#1843,1.5E1);
#1845=CARTESIAN_POINT('',(-9.E1,-4.E1,3.E1));
#1846=LINE('',#1845,#1844);
#1847=DIRECTION('',(0.E0,0.E0,1.E0));
#1848=VECTOR('',#1847,2.E0);
#1849=CARTESIAN_POINT('',(-9.E1,-4.E1,3.E1));
#1850=LINE('',#1849,#1848);
#1851=DIRECTION('',(1.E0,0.E0,0.E0));
#1852=VECTOR('',#1851,1.5E1);
#1853=CARTESIAN_POINT('',(-9.E1,-4.E1,3.2E1));
#1854=LINE('',#1853,#1852);
#1855=CARTESIAN_POINT('',(-7.5E1,-4.E1,3.3E1));
#1856=DIRECTION('',(0.E0,-1.E0,0.E0));
#1857=DIRECTION('',(0.E0,0.E0,-1.E0));
#1858=AXIS2_PLACEMENT_3D('',#1855,#1856,#1857);
#1860=DIRECTION('',(1.E0,0.E0,0.E0));
#1861=VECTOR('',#1860,1.5E1);
#1862=CARTESIAN_POINT('',(-9.E1,-4.E1,3.4E1));
#1863=LINE('',#1862,#1861);
#1864=DIRECTION('',(0.E0,0.E0,1.E0));
#1865=VECTOR('',#1864,2.E0);
#1866=CARTESIAN_POINT('',(-9.E1,-4.E1,3.4E1));
#1867=LINE('',#1866,#1865);
#1868=DIRECTION('',(1.E0,0.E0,0.E0));
#1869=VECTOR('',#1868,1.5E1);
#1870=CARTESIAN_POINT('',(-9.E1,-4.E1,3.6E1));
#1871=LINE('',#1870,#1869);
#1872=CARTESIAN_POINT('',(-7.5E1,-4.E1,3.7E1));
#1873=DIRECTION('',(0.E0,-1.E0,0.E0));
#1874=DIRECTION('',(0.E0,0.E0,-1.E0));
#1875=AXIS2_PLACEMENT_3D('',#1872,#1873,#1874);
#1877=DIRECTION('',(1.E0,0.E0,0.E0));
#1878=VECTOR('',#1877,1.5E1);
#1879=CARTESIAN_POINT('',(-9.E1,-4.E1,3.8E1));
#1880=LINE('',#1879,#1878);
#1881=DIRECTION('',(0.E0,0.E0,1.E0));
#1882=VECTOR('',#1881,2.E0);
#1883=CARTESIAN_POINT('',(-9.E1,-4.E1,3.8E1));
#1884=LINE('',#1883,#1882);
#1885=DIRECTION('',(1.E0,0.E0,0.E0));
#1886=VECTOR('',#1885,1.5E1);
#1887=CARTESIAN_POINT('',(-9.E1,-4.E1,4.E1));
#1888=LINE('',#1887,#1886);
#1889=CARTESIAN_POINT('',(-7.5E1,-4.E1,4.1E1));
#1890=DIRECTION('',(0.E0,-1.E0,0.E0));
#1891=DIRECTION('',(0.E0,0.E0,-1.E0));
#1892=AXIS2_PLACEMENT_3D('',#1889,#1890,#1891);
#1894=DIRECTION('',(1.E0,0.E0,0.E0));
#1895=VECTOR('',#1894,1.5E1);
#1896=CARTESIAN_POINT('',(-9.E1,-4.E1,4.2E1));
#1897=LINE('',#1896,#1895);
#1898=DIRECTION('',(0.E0,0.E0,1.E0));
#1899=VECTOR('',#1898,2.E0);
#1900=CARTESIAN_POINT('',(-9.E1,-4.E1,4.2E1));
#1901=LINE('',#1900,#1899);
#1902=DIRECTION('',(1.E0,0.E0,0.E0));
#1903=VECTOR('',#1902,1.5E1);
#1904=CARTESIAN_POINT('',(-9.E1,-4.E1,4.4E1));
#1905=LINE('',#1904,#1903);
#1906=CARTESIAN_POINT('',(-7.5E1,-4.E1,4.5E1));
#1907=DIRECTION('',(0.E0,-1.E0,0.E0));
#1908=DIRECTION('',(0.E0,0.E0,-1.E0));
#1909=AXIS2_PLACEMENT_3D('',#1906,#1907,#1908);
#1911=DIRECTION('',(1.E0,0.E0,0.E0));
#1912=VECTOR('',#1911,1.5E1);
#1913=CARTESIAN_POINT('',(-9.E1,-4.E1,4.6E1));
#1914=LINE('',#1913,#1912);
#1915=DIRECTION('',(0.E0,0.E0,1.E0));
#1916=VECTOR('',#1915,2.E0);
#1917=CARTESIAN_POINT('',(-9.E1,-4.E1,4.6E1));
#1918=LINE('',#1917,#1916);
#1919=DIRECTION('',(1.E0,0.E0,0.E0));
#1920=VECTOR('',#1919,1.5E1);
#1921=CARTESIAN_POINT('',(-9.E1,-4.E1,4.8E1));
#1922=LINE('',#1921,#1920);
#1923=CARTESIAN_POINT('',(-7.5E1,-4.E1,4.9E1));
#1924=DIRECTION('',(0.E0,-1.E0,0.E0));
#1925=DIRECTION('',(0.E0,0.E0,-1.E0));
#1926=AXIS2_PLACEMENT_3D('',#1923,#1924,#1925);
#1928=DIRECTION('',(1.E0,0.E0,0.E0));
#1929=VECTOR('',#1928,1.5E1);
#1930=CARTESIAN_POINT('',(-9.E1,-4.E1,5.E1));
#1931=LINE('',#1930,#1929);
#1932=DIRECTION('',(0.E0,0.E0,1.E0));
#1933=VECTOR('',#1932,2.E0);
#1934=CARTESIAN_POINT('',(-9.E1,-4.E1,5.E1));
#1935=LINE('',#1934,#1933);
#1936=DIRECTION('',(1.E0,0.E0,0.E0));
#1937=VECTOR('',#1936,1.5E1);
#1938=CARTESIAN_POINT('',(-9.E1,-4.E1,5.2E1));
#1939=LINE('',#1938,#1937);
#1940=CARTESIAN_POINT('',(-7.5E1,-4.E1,5.3E1));
#1941=DIRECTION('',(0.E0,-1.E0,0.E0));
#1942=DIRECTION('',(0.E0,0.E0,-1.E0));
#1943=AXIS2_PLACEMENT_3D('',#1940,#1941,#1942);
#1945=DIRECTION('',(1.E0,0.E0,0.E0));
#1946=VECTOR('',#1945,1.5E1);
#1947=CARTESIAN_POINT('',(-9.E1,-4.E1,5.4E1));
#1948=LINE('',#1947,#1946);
#1949=DIRECTION('',(0.E0,0.E0,1.E0));
#1950=VECTOR('',#1949,2.E0);
#1951=CARTESIAN_POINT('',(-9.E1,-4.E1,5.4E1));
#1952=LINE('',#1951,#1950);
#1953=DIRECTION('',(1.E0,0.E0,0.E0));
#1954=VECTOR('',#1953,1.5E1);
#1955=CARTESIAN_POINT('',(-9.E1,-4.E1,5.6E1));
#1956=LINE('',#1955,#1954);
#1957=CARTESIAN_POINT('',(-7.5E1,-4.E1,5.7E1));
#1958=DIRECTION('',(0.E0,-1.E0,0.E0));
#1959=DIRECTION('',(0.E0,0.E0,-1.E0));
#1960=AXIS2_PLACEMENT_3D('',#1957,#1958,#1959);
#1962=DIRECTION('',(1.E0,0.E0,0.E0));
#1963=VECTOR('',#1962,1.5E1);
#1964=CARTESIAN_POINT('',(-9.E1,-4.E1,5.8E1));
#1965=LINE('',#1964,#1963);
#1966=DIRECTION('',(0.E0,0.E0,1.E0));
#1967=VECTOR('',#1966,2.E0);
#1968=CARTESIAN_POINT('',(-9.E1,-4.E1,5.8E1));
#1969=LINE('',#1968,#1967);
#1970=DIRECTION('',(0.E0,1.E0,0.E0));
#1971=VECTOR('',#1970,2.E0);
#1972=CARTESIAN_POINT('',(-9.E0,-4.E1,4.4E1));
#1973=LINE('',#1972,#1971);
#1974=DIRECTION('',(1.E0,0.E0,0.E0));
#1975=VECTOR('',#1974,2.2E1);
#1976=CARTESIAN_POINT('',(-3.1E1,-3.8E1,4.6E1));
#1977=LINE('',#1976,#1975);
#1978=DIRECTION('',(0.E0,1.E0,0.E0));
#1979=VECTOR('',#1978,2.E0);
#1980=CARTESIAN_POINT('',(-9.E0,-4.E1,4.6E1));
#1981=LINE('',#1980,#1979);
#1982=DIRECTION('',(0.E0,-7.071067811865E-1,-7.071067811865E-1));
#1983=VECTOR('',#1982,3.111269837221E0);
#1984=CARTESIAN_POINT('',(-6.E0,-3.58E1,5.02E1));
#1985=LINE('',#1984,#1983);
#1986=DIRECTION('',(0.E0,-7.071067811866E-1,7.071067811865E-1));
#1987=VECTOR('',#1986,3.394112549695E0);
#1988=CARTESIAN_POINT('',(-6.E0,-3.34E1,4.78E1));
#1989=LINE('',#1988,#1987);
#1990=DIRECTION('',(0.E0,0.E0,1.E0));
#1991=VECTOR('',#1990,2.E0);
#1992=CARTESIAN_POINT('',(-6.E0,-3.34E1,4.58E1));
#1993=LINE('',#1992,#1991);
#1994=DIRECTION('',(0.E0,7.071067811865E-1,-7.071067811865E-1));
#1995=VECTOR('',#1994,3.394112549695E0);
#1996=CARTESIAN_POINT('',(-6.E0,-3.58E1,4.82E1));
#1997=LINE('',#1996,#1995);
#1998=DIRECTION('',(0.E0,7.071067811865E-1,7.071067811865E-1));
#1999=VECTOR('',#1998,3.111269837221E0);
#2000=CARTESIAN_POINT('',(-6.E0,-3.8E1,4.6E1));
#2001=LINE('',#2000,#1999);
#2002=DIRECTION('',(1.E0,0.E0,0.E0));
#2003=VECTOR('',#2002,2.8E1);
#2004=CARTESIAN_POINT('',(-3.4E1,-3.58E1,5.02E1));
#2005=LINE('',#2004,#2003);
#2006=DIRECTION('',(0.E0,7.071067811865E-1,7.071067811865E-1));
#2007=VECTOR('',#2006,3.111269837221E0);
#2008=CARTESIAN_POINT('',(-3.4E1,-3.8E1,4.6E1));
#2009=LINE('',#2008,#2007);
#2010=DIRECTION('',(0.E0,7.071067811865E-1,-7.071067811865E-1));
#2011=VECTOR('',#2010,3.394112549695E0);
#2012=CARTESIAN_POINT('',(-3.4E1,-3.58E1,4.82E1));
#2013=LINE('',#2012,#2011);
#2014=DIRECTION('',(0.E0,0.E0,1.E0));
#2015=VECTOR('',#2014,2.E0);
#2016=CARTESIAN_POINT('',(-3.4E1,-3.34E1,4.58E1));
#2017=LINE('',#2016,#2015);
#2018=DIRECTION('',(0.E0,-7.071067811865E-1,7.071067811865E-1));
#2019=VECTOR('',#2018,3.394112549695E0);
#2020=CARTESIAN_POINT('',(-3.4E1,-3.34E1,4.78E1));
#2021=LINE('',#2020,#2019);
#2022=DIRECTION('',(0.E0,-7.071067811865E-1,-7.071067811865E-1));
#2023=VECTOR('',#2022,3.111269837221E0);
#2024=CARTESIAN_POINT('',(-3.4E1,-3.58E1,5.02E1));
#2025=LINE('',#2024,#2023);
#2026=DIRECTION('',(1.E0,0.E0,0.E0));
#2027=VECTOR('',#2026,2.8E1);
#2028=CARTESIAN_POINT('',(-3.4E1,-3.58E1,4.82E1));
#2029=LINE('',#2028,#2027);
#2030=DIRECTION('',(1.E0,0.E0,0.E0));
#2031=VECTOR('',#2030,2.8E1);
#2032=CARTESIAN_POINT('',(-3.4E1,-3.34E1,4.58E1));
#2033=LINE('',#2032,#2031);
#2034=DIRECTION('',(1.E0,0.E0,0.E0));
#2035=VECTOR('',#2034,2.8E1);
#2036=CARTESIAN_POINT('',(-3.4E1,-3.34E1,4.78E1));
#2037=LINE('',#2036,#2035);
#2038=DIRECTION('',(1.E0,0.E0,0.E0));
#2039=VECTOR('',#2038,2.2E1);
#2040=CARTESIAN_POINT('',(-3.1E1,-3.8E1,4.8E1));
#2041=LINE('',#2040,#2039);
#2042=DIRECTION('',(0.E0,1.E0,0.E0));
#2043=VECTOR('',#2042,2.E0);
#2044=CARTESIAN_POINT('',(-3.1E1,-4.E1,4.8E1));
#2045=LINE('',#2044,#2043);
#2046=DIRECTION('',(0.E0,1.E0,0.E0));
#2047=VECTOR('',#2046,2.E0);
#2048=CARTESIAN_POINT('',(-9.E0,-4.E1,4.8E1));
#2049=LINE('',#2048,#2047);
#2050=DIRECTION('',(1.E0,0.E0,0.E0));
#2051=VECTOR('',#2050,2.2E1);
#2052=CARTESIAN_POINT('',(-3.1E1,-3.8E1,5.E1));
#2053=LINE('',#2052,#2051);
#2054=DIRECTION('',(0.E0,1.E0,0.E0));
#2055=VECTOR('',#2054,2.E0);
#2056=CARTESIAN_POINT('',(-9.E0,-4.E1,5.E1));
#2057=LINE('',#2056,#2055);
#2058=DIRECTION('',(0.E0,-7.071067811865E-1,-7.071067811865E-1));
#2059=VECTOR('',#2058,3.111269837221E0);
#2060=CARTESIAN_POINT('',(-6.E0,-3.58E1,5.42E1));
#2061=LINE('',#2060,#2059);
#2062=DIRECTION('',(0.E0,-7.071067811866E-1,7.071067811865E-1));
#2063=VECTOR('',#2062,3.394112549695E0);
#2064=CARTESIAN_POINT('',(-6.E0,-3.34E1,5.18E1));
#2065=LINE('',#2064,#2063);
#2066=DIRECTION('',(0.E0,0.E0,1.E0));
#2067=VECTOR('',#2066,2.E0);
#2068=CARTESIAN_POINT('',(-6.E0,-3.34E1,4.98E1));
#2069=LINE('',#2068,#2067);
#2070=DIRECTION('',(0.E0,7.071067811865E-1,-7.071067811865E-1));
#2071=VECTOR('',#2070,3.394112549695E0);
#2072=CARTESIAN_POINT('',(-6.E0,-3.58E1,5.22E1));
#2073=LINE('',#2072,#2071);
#2074=DIRECTION('',(0.E0,7.071067811865E-1,7.071067811865E-1));
#2075=VECTOR('',#2074,3.111269837221E0);
#2076=CARTESIAN_POINT('',(-6.E0,-3.8E1,5.E1));
#2077=LINE('',#2076,#2075);
#2078=DIRECTION('',(1.E0,0.E0,0.E0));
#2079=VECTOR('',#2078,2.8E1);
#2080=CARTESIAN_POINT('',(-3.4E1,-3.58E1,5.42E1));
#2081=LINE('',#2080,#2079);
#2082=DIRECTION('',(0.E0,7.071067811865E-1,7.071067811865E-1));
#2083=VECTOR('',#2082,3.111269837221E0);
#2084=CARTESIAN_POINT('',(-3.4E1,-3.8E1,5.E1));
#2085=LINE('',#2084,#2083);
#2086=DIRECTION('',(0.E0,7.071067811865E-1,-7.071067811865E-1));
#2087=VECTOR('',#2086,3.394112549695E0);
#2088=CARTESIAN_POINT('',(-3.4E1,-3.58E1,5.22E1));
#2089=LINE('',#2088,#2087);
#2090=DIRECTION('',(0.E0,0.E0,1.E0));
#2091=VECTOR('',#2090,2.E0);
#2092=CARTESIAN_POINT('',(-3.4E1,-3.34E1,4.98E1));
#2093=LINE('',#2092,#2091);
#2094=DIRECTION('',(0.E0,-7.071067811865E-1,7.071067811865E-1));
#2095=VECTOR('',#2094,3.394112549695E0);
#2096=CARTESIAN_POINT('',(-3.4E1,-3.34E1,5.18E1));
#2097=LINE('',#2096,#2095);
#2098=DIRECTION('',(0.E0,-7.071067811865E-1,-7.071067811865E-1));
#2099=VECTOR('',#2098,3.111269837221E0);
#2100=CARTESIAN_POINT('',(-3.4E1,-3.58E1,5.42E1));
#2101=LINE('',#2100,#2099);
#2102=DIRECTION('',(1.E0,0.E0,0.E0));
#2103=VECTOR('',#2102,2.8E1);
#2104=CARTESIAN_POINT('',(-3.4E1,-3.58E1,5.22E1));
#2105=LINE('',#2104,#2103);
#2106=DIRECTION('',(1.E0,0.E0,0.E0));
#2107=VECTOR('',#2106,2.8E1);
#2108=CARTESIAN_POINT('',(-3.4E1,-3.34E1,4.98E1));
#2109=LINE('',#2108,#2107);
#2110=DIRECTION('',(1.E0,0.E0,0.E0));
#2111=VECTOR('',#2110,2.8E1);
#2112=CARTESIAN_POINT('',(-3.4E1,-3.34E1,5.18E1));
#2113=LINE('',#2112,#2111);
#2114=DIRECTION('',(1.E0,0.E0,0.E0));
#2115=VECTOR('',#2114,2.2E1);
#2116=CARTESIAN_POINT('',(-3.1E1,-3.8E1,5.2E1));
#2117=LINE('',#2116,#2115);
#2118=DIRECTION('',(0.E0,1.E0,0.E0));
#2119=VECTOR('',#2118,2.E0);
#2120=CARTESIAN_POINT('',(-3.1E1,-4.E1,5.2E1));
#2121=LINE('',#2120,#2119);
#2122=DIRECTION('',(0.E0,1.E0,0.E0));
#2123=VECTOR('',#2122,2.E0);
#2124=CARTESIAN_POINT('',(-9.E0,-4.E1,5.2E1));
#2125=LINE('',#2124,#2123);
#2126=DIRECTION('',(1.E0,0.E0,0.E0));
#2127=VECTOR('',#2126,2.2E1);
#2128=CARTESIAN_POINT('',(-3.1E1,-3.8E1,5.4E1));
#2129=LINE('',#2128,#2127);
#2130=DIRECTION('',(0.E0,1.E0,0.E0));
#2131=VECTOR('',#2130,2.E0);
#2132=CARTESIAN_POINT('',(-9.E0,-4.E1,5.4E1));
#2133=LINE('',#2132,#2131);
#2134=DIRECTION('',(0.E0,-7.071067811865E-1,-7.071067811865E-1));
#2135=VECTOR('',#2134,3.111269837221E0);
#2136=CARTESIAN_POINT('',(-6.E0,-3.58E1,5.82E1));
#2137=LINE('',#2136,#2135);
#2138=DIRECTION('',(0.E0,-7.071067811866E-1,7.071067811865E-1));
#2139=VECTOR('',#2138,3.394112549695E0);
#2140=CARTESIAN_POINT('',(-6.E0,-3.34E1,5.58E1));
#2141=LINE('',#2140,#2139);
#2142=DIRECTION('',(0.E0,0.E0,1.E0));
#2143=VECTOR('',#2142,2.E0);
#2144=CARTESIAN_POINT('',(-6.E0,-3.34E1,5.38E1));
#2145=LINE('',#2144,#2143);
#2146=DIRECTION('',(0.E0,7.071067811865E-1,-7.071067811865E-1));
#2147=VECTOR('',#2146,3.394112549695E0);
#2148=CARTESIAN_POINT('',(-6.E0,-3.58E1,5.62E1));
#2149=LINE('',#2148,#2147);
#2150=DIRECTION('',(0.E0,7.071067811865E-1,7.071067811865E-1));
#2151=VECTOR('',#2150,3.111269837221E0);
#2152=CARTESIAN_POINT('',(-6.E0,-3.8E1,5.4E1));
#2153=LINE('',#2152,#2151);
#2154=DIRECTION('',(1.E0,0.E0,0.E0));
#2155=VECTOR('',#2154,2.8E1);
#2156=CARTESIAN_POINT('',(-3.4E1,-3.58E1,5.82E1));
#2157=LINE('',#2156,#2155);
#2158=DIRECTION('',(0.E0,7.071067811865E-1,7.071067811865E-1));
#2159=VECTOR('',#2158,3.111269837221E0);
#2160=CARTESIAN_POINT('',(-3.4E1,-3.8E1,5.4E1));
#2161=LINE('',#2160,#2159);
#2162=DIRECTION('',(0.E0,7.071067811865E-1,-7.071067811865E-1));
#2163=VECTOR('',#2162,3.394112549695E0);
#2164=CARTESIAN_POINT('',(-3.4E1,-3.58E1,5.62E1));
#2165=LINE('',#2164,#2163);
#2166=DIRECTION('',(0.E0,0.E0,1.E0));
#2167=VECTOR('',#2166,2.E0);
#2168=CARTESIAN_POINT('',(-3.4E1,-3.34E1,5.38E1));
#2169=LINE('',#2168,#2167);
#2170=DIRECTION('',(0.E0,-7.071067811865E-1,7.071067811865E-1));
#2171=VECTOR('',#2170,3.394112549695E0);
#2172=CARTESIAN_POINT('',(-3.4E1,-3.34E1,5.58E1));
#2173=LINE('',#2172,#2171);
#2174=DIRECTION('',(0.E0,-7.071067811865E-1,-7.071067811865E-1));
#2175=VECTOR('',#2174,3.111269837221E0);
#2176=CARTESIAN_POINT('',(-3.4E1,-3.58E1,5.82E1));
#2177=LINE('',#2176,#2175);
#2178=DIRECTION('',(1.E0,0.E0,0.E0));
#2179=VECTOR('',#2178,2.8E1);
#2180=CARTESIAN_POINT('',(-3.4E1,-3.58E1,5.62E1));
#2181=LINE('',#2180,#2179);
#2182=DIRECTION('',(1.E0,0.E0,0.E0));
#2183=VECTOR('',#2182,2.8E1);
#2184=CARTESIAN_POINT('',(-3.4E1,-3.34E1,5.38E1));
#2185=LINE('',#2184,#2183);
#2186=DIRECTION('',(1.E0,0.E0,0.E0));
#2187=VECTOR('',#2186,2.8E1);
#2188=CARTESIAN_POINT('',(-3.4E1,-3.34E1,5.58E1));
#2189=LINE('',#2188,#2187);
#2190=DIRECTION('',(1.E0,0.E0,0.E0));
#2191=VECTOR('',#2190,2.2E1);
#2192=CARTESIAN_POINT('',(-3.1E1,-3.8E1,5.6E1));
#2193=LINE('',#2192,#2191);
#2194=DIRECTION('',(0.E0,1.E0,0.E0));
#2195=VECTOR('',#2194,2.E0);
#2196=CARTESIAN_POINT('',(-3.1E1,-4.E1,5.6E1));
#2197=LINE('',#2196,#2195);
#2198=DIRECTION('',(0.E0,1.E0,0.E0));
#2199=VECTOR('',#2198,2.E0);
#2200=CARTESIAN_POINT('',(-9.E0,-4.E1,5.6E1));
#2201=LINE('',#2200,#2199);
#2202=DIRECTION('',(1.E0,0.E0,0.E0));
#2203=VECTOR('',#2202,2.2E1);
#2204=CARTESIAN_POINT('',(-3.1E1,-3.8E1,5.8E1));
#2205=LINE('',#2204,#2203);
#2206=DIRECTION('',(0.E0,1.E0,0.E0));
#2207=VECTOR('',#2206,2.E0);
#2208=CARTESIAN_POINT('',(-9.E0,-4.E1,5.8E1));
#2209=LINE('',#2208,#2207);
#2210=DIRECTION('',(0.E0,-7.071067811865E-1,-7.071067811865E-1));
#2211=VECTOR('',#2210,3.111269837221E0);
#2212=CARTESIAN_POINT('',(-6.E0,-3.58E1,6.22E1));
#2213=LINE('',#2212,#2211);
#2214=DIRECTION('',(0.E0,-7.071067811866E-1,7.071067811865E-1));
#2215=VECTOR('',#2214,3.394112549695E0);
#2216=CARTESIAN_POINT('',(-6.E0,-3.34E1,5.98E1));
#2217=LINE('',#2216,#2215);
#2218=DIRECTION('',(0.E0,0.E0,1.E0));
#2219=VECTOR('',#2218,2.E0);
#2220=CARTESIAN_POINT('',(-6.E0,-3.34E1,5.78E1));
#2221=LINE('',#2220,#2219);
#2222=DIRECTION('',(0.E0,7.071067811865E-1,-7.071067811865E-1));
#2223=VECTOR('',#2222,3.394112549695E0);
#2224=CARTESIAN_POINT('',(-6.E0,-3.58E1,6.02E1));
#2225=LINE('',#2224,#2223);
#2226=DIRECTION('',(0.E0,7.071067811865E-1,7.071067811865E-1));
#2227=VECTOR('',#2226,3.111269837221E0);
#2228=CARTESIAN_POINT('',(-6.E0,-3.8E1,5.8E1));
#2229=LINE('',#2228,#2227);
#2230=DIRECTION('',(1.E0,0.E0,0.E0));
#2231=VECTOR('',#2230,2.8E1);
#2232=CARTESIAN_POINT('',(-3.4E1,-3.58E1,6.22E1));
#2233=LINE('',#2232,#2231);
#2234=DIRECTION('',(0.E0,7.071067811865E-1,7.071067811865E-1));
#2235=VECTOR('',#2234,3.111269837221E0);
#2236=CARTESIAN_POINT('',(-3.4E1,-3.8E1,5.8E1));
#2237=LINE('',#2236,#2235);
#2238=DIRECTION('',(0.E0,7.071067811865E-1,-7.071067811865E-1));
#2239=VECTOR('',#2238,3.394112549695E0);
#2240=CARTESIAN_POINT('',(-3.4E1,-3.58E1,6.02E1));
#2241=LINE('',#2240,#2239);
#2242=DIRECTION('',(0.E0,0.E0,1.E0));
#2243=VECTOR('',#2242,2.E0);
#2244=CARTESIAN_POINT('',(-3.4E1,-3.34E1,5.78E1));
#2245=LINE('',#2244,#2243);
#2246=DIRECTION('',(0.E0,-7.071067811865E-1,7.071067811865E-1));
#2247=VECTOR('',#2246,3.394112549695E0);
#2248=CARTESIAN_POINT('',(-3.4E1,-3.34E1,5.98E1));
#2249=LINE('',#2248,#2247);
#2250=DIRECTION('',(0.E0,-7.071067811865E-1,-7.071067811865E-1));
#2251=VECTOR('',#2250,3.111269837221E0);
#2252=CARTESIAN_POINT('',(-3.4E1,-3.58E1,6.22E1));
#2253=LINE('',#2252,#2251);
#2254=DIRECTION('',(1.E0,0.E0,0.E0));
#2255=VECTOR('',#2254,2.8E1);
#2256=CARTESIAN_POINT('',(-3.4E1,-3.58E1,6.02E1));
#2257=LINE('',#2256,#2255);
#2258=DIRECTION('',(1.E0,0.E0,0.E0));
#2259=VECTOR('',#2258,2.8E1);
#2260=CARTESIAN_POINT('',(-3.4E1,-3.34E1,5.78E1));
#2261=LINE('',#2260,#2259);
#2262=DIRECTION('',(1.E0,0.E0,0.E0));
#2263=VECTOR('',#2262,2.8E1);
#2264=CARTESIAN_POINT('',(-3.4E1,-3.34E1,5.98E1));
#2265=LINE('',#2264,#2263);
#2266=DIRECTION('',(1.E0,0.E0,0.E0));
#2267=VECTOR('',#2266,2.2E1);
#2268=CARTESIAN_POINT('',(-3.1E1,-3.8E1,6.E1));
#2269=LINE('',#2268,#2267);
#2270=DIRECTION('',(0.E0,1.E0,0.E0));
#2271=VECTOR('',#2270,2.E0);
#2272=CARTESIAN_POINT('',(-3.1E1,-4.E1,6.E1));
#2273=LINE('',#2272,#2271);
#2274=DIRECTION('',(0.E0,1.E0,0.E0));
#2275=VECTOR('',#2274,2.E0);
#2276=CARTESIAN_POINT('',(-9.E0,-4.E1,6.E1));
#2277=LINE('',#2276,#2275);
#2278=DIRECTION('',(1.E0,0.E0,0.E0));
#2279=VECTOR('',#2278,2.2E1);
#2280=CARTESIAN_POINT('',(-3.1E1,-3.8E1,6.2E1));
#2281=LINE('',#2280,#2279);
#2282=DIRECTION('',(0.E0,1.E0,0.E0));
#2283=VECTOR('',#2282,2.E0);
#2284=CARTESIAN_POINT('',(-9.E0,-4.E1,6.2E1));
#2285=LINE('',#2284,#2283);
#2286=DIRECTION('',(0.E0,7.071067811865E-1,7.071067811865E-1));
#2287=VECTOR('',#2286,1.912775291943E0);
#2288=CARTESIAN_POINT('',(-6.E0,-3.8E1,6.2E1));
#2289=LINE('',#2288,#2287);
#2290=DIRECTION('',(0.E0,0.E0,1.E0));
#2291=VECTOR('',#2290,1.552536379819E0);
#2292=CARTESIAN_POINT('',(-6.E0,-3.34E1,6.18E1));
#2293=LINE('',#2292,#2291);
#2294=DIRECTION('',(0.E0,7.071067811865E-1,-7.071067811865E-1));
#2295=VECTOR('',#2294,2.195618004418E0);
#2296=CARTESIAN_POINT('',(-6.E0,-3.495253637982E1,6.335253637982E1));
#2297=LINE('',#2296,#2295);
#2298=CARTESIAN_POINT('',(-7.169489742783E0,-3.8E1,6.6E1));
#2299=CARTESIAN_POINT('',(-7.103138027845E0,-3.767494430968E1,
6.632505569032E1));
#2300=CARTESIAN_POINT('',(-6.848189340069E0,-3.707283068798E1,
6.692716931202E1));
#2301=CARTESIAN_POINT('',(-6.355125244109E0,-3.656420949418E1,
6.743579050582E1));
#2302=CARTESIAN_POINT('',(-6.E0,-3.635253637982E1,6.764746362018E1));
#2304=CARTESIAN_POINT('',(-6.72E0,-3.8E1,6.4E1));
#2305=CARTESIAN_POINT('',(-6.980306787817E0,-3.765292428291E1,
6.434707571709E1));
#2306=CARTESIAN_POINT('',(-7.260387916217E0,-3.693443771086E1,
6.506556228914E1));
#2307=CARTESIAN_POINT('',(-7.232223214132E0,-3.618476530559E1,
6.581523469441E1));
#2308=CARTESIAN_POINT('',(-7.12E0,-3.58E1,6.62E1));
#2310=CARTESIAN_POINT('',(-6.553030277982E0,-3.34E1,6.38E1));
#2311=CARTESIAN_POINT('',(-6.893255578061E0,-3.376684898611E1,
6.416684898611E1));
#2312=CARTESIAN_POINT('',(-7.251054375965E0,-3.454407529959E1,
6.494407529959E1));
#2313=CARTESIAN_POINT('',(-7.245315824132E0,-3.537034574583E1,
6.577034574583E1));
#2314=CARTESIAN_POINT('',(-7.12E0,-3.58E1,6.62E1));
#2316=CARTESIAN_POINT('',(-4.72E0,-3.34E1,6.55E1));
#2317=DIRECTION('',(0.E0,1.E0,0.E0));
#2318=DIRECTION('',(-5.12E-1,0.E0,-8.589854480723E-1));
#2319=AXIS2_PLACEMENT_3D('',#2316,#2317,#2318);
#2321=DIRECTION('',(0.E0,1.E0,0.E0));
#2322=VECTOR('',#2321,1.552536379819E0);
#2323=CARTESIAN_POINT('',(-6.E0,-3.495253637982E1,6.335253637982E1));
#2324=LINE('',#2323,#2322);
#2325=CARTESIAN_POINT('',(-6.E0,-3.495253637982E1,6.335253637982E1));
#2326=CARTESIAN_POINT('',(-6.385537990304E0,-3.518233707258E1,
6.358233707258E1));
#2327=CARTESIAN_POINT('',(-6.656042656075E0,-3.547250445203E1,
6.387250445203E1));
#2328=CARTESIAN_POINT('',(-6.855415650406E0,-3.58E1,6.42E1));
#2330=CARTESIAN_POINT('',(-6.E0,-3.664746362018E1,6.335253637982E1));
#2331=CARTESIAN_POINT('',(-6.385537990304E0,-3.641766292742E1,
6.358233707258E1));
#2332=CARTESIAN_POINT('',(-6.656042656075E0,-3.612749554797E1,
6.387250445203E1));
#2333=CARTESIAN_POINT('',(-6.855415650406E0,-3.58E1,6.42E1));
#2335=DIRECTION('',(0.E0,1.E0,0.E0));
#2336=VECTOR('',#2335,1.352536379819E0);
#2337=CARTESIAN_POINT('',(-6.E0,-3.8E1,6.335253637982E1));
#2338=LINE('',#2337,#2336);
#2339=DIRECTION('',(0.E0,1.E0,0.E0));
#2340=VECTOR('',#2339,1.5E1);
#2341=CARTESIAN_POINT('',(-4.72E0,-3.8E1,6.3E1));
#2342=LINE('',#2341,#2340);
#2343=DIRECTION('',(0.E0,1.E0,0.E0));
#2344=VECTOR('',#2343,1.647463620181E0);
#2345=CARTESIAN_POINT('',(-6.E0,-3.8E1,6.764746362018E1));
#2346=LINE('',#2345,#2344);
#2347=CARTESIAN_POINT('',(-7.201934729198E0,-3.34E1,6.58E1));
#2348=CARTESIAN_POINT('',(-7.157803160481E0,-3.376510557684E1,
6.616510557684E1));
#2349=CARTESIAN_POINT('',(-6.916882062510E0,-3.443941546625E1,
6.683941546625E1));
#2350=CARTESIAN_POINT('',(-6.396228175244E0,-3.501129102124E1,
6.741129102124E1));
#2351=CARTESIAN_POINT('',(-6.E0,-3.524746362018E1,6.764746362018E1));
#2353=DIRECTION('',(0.E0,1.E0,0.E0));
#2354=VECTOR('',#2353,1.847463620181E0);
#2355=CARTESIAN_POINT('',(-6.E0,-3.524746362018E1,6.764746362018E1));
#2356=LINE('',#2355,#2354);
#2357=CARTESIAN_POINT('',(-4.72E0,-3.34E1,6.55E1));
#2358=DIRECTION('',(0.E0,1.E0,0.E0));
#2359=DIRECTION('',(-9.927738916793E-1,0.E0,1.2E-1));
#2360=AXIS2_PLACEMENT_3D('',#2357,#2358,#2359);
#2362=DIRECTION('',(1.E0,0.E0,0.E0));
#2363=VECTOR('',#2362,2.2E1);
#2364=CARTESIAN_POINT('',(-3.1E1,-3.8E1,6.6E1));
#2365=LINE('',#2364,#2363);
#2366=DIRECTION('',(0.E0,1.E0,0.E0));
#2367=VECTOR('',#2366,2.E0);
#2368=CARTESIAN_POINT('',(-9.E0,-4.E1,6.6E1));
#2369=LINE('',#2368,#2367);
#2370=DIRECTION('',(0.E0,1.E0,0.E0));
#2371=VECTOR('',#2370,2.E0);
#2372=CARTESIAN_POINT('',(-3.1E1,-4.E1,6.6E1));
#2373=LINE('',#2372,#2371);
#2374=DIRECTION('',(1.E0,0.E0,0.E0));
#2375=VECTOR('',#2374,2.2E1);
#2376=CARTESIAN_POINT('',(-3.1E1,-3.8E1,6.4E1));
#2377=LINE('',#2376,#2375);
#2378=DIRECTION('',(0.E0,1.E0,0.E0));
#2379=VECTOR('',#2378,2.E0);
#2380=CARTESIAN_POINT('',(-3.1E1,-4.E1,6.4E1));
#2381=LINE('',#2380,#2379);
#2382=DIRECTION('',(1.E0,0.E0,0.E0));
#2383=VECTOR('',#2382,2.52E1);
#2384=CARTESIAN_POINT('',(-3.232E1,-3.58E1,6.62E1));
#2385=LINE('',#2384,#2383);
#2386=DIRECTION('',(0.E0,1.E0,0.E0));
#2387=VECTOR('',#2386,1.894076022185E0);
#2388=CARTESIAN_POINT('',(-3.4E1,-3.8E1,6.789407602218E1));
#2389=LINE('',#2388,#2387);
#2390=DIRECTION('',(0.E0,1.E0,0.E0));
#2391=VECTOR('',#2390,1.5E1);
#2392=CARTESIAN_POINT('',(-3.472E1,-3.8E1,6.8E1));
#2393=LINE('',#2392,#2391);
#2394=DIRECTION('',(0.E0,1.E0,0.E0));
#2395=VECTOR('',#2394,1.105923977815E0);
#2396=CARTESIAN_POINT('',(-3.4E1,-3.8E1,6.310592397782E1));
#2397=LINE('',#2396,#2395);
#2398=CARTESIAN_POINT('',(-3.258458434959E1,-3.58E1,6.42E1));
#2399=CARTESIAN_POINT('',(-3.273329214366E1,-3.604427150060E1,
6.395572849940E1));
#2400=CARTESIAN_POINT('',(-3.310977903350E1,-3.647665829931E1,
6.352334170069E1));
#2401=CARTESIAN_POINT('',(-3.365390274515E1,-3.678998992751E1,
6.321001007249E1));
#2402=CARTESIAN_POINT('',(-3.4E1,-3.689407602218E1,6.310592397782E1));
#2404=CARTESIAN_POINT('',(-3.258458434959E1,-3.58E1,6.42E1));
#2405=CARTESIAN_POINT('',(-3.273329214366E1,-3.555572849940E1,
6.395572849940E1));
#2406=CARTESIAN_POINT('',(-3.310977903350E1,-3.512334170069E1,
6.352334170069E1));
#2407=CARTESIAN_POINT('',(-3.365390274515E1,-3.481001007249E1,
6.321001007249E1));
#2408=CARTESIAN_POINT('',(-3.4E1,-3.470592397782E1,6.310592397782E1));
#2410=DIRECTION('',(0.E0,1.E0,0.E0));
#2411=VECTOR('',#2410,1.305923977815E0);
#2412=CARTESIAN_POINT('',(-3.4E1,-3.470592397782E1,6.310592397782E1));
#2413=LINE('',#2412,#2411);
#2414=CARTESIAN_POINT('',(-3.472E1,-3.34E1,6.55E1));
#2415=DIRECTION('',(0.E0,1.E0,0.E0));
#2416=DIRECTION('',(7.332121111929E-1,0.E0,-6.8E-1));
#2417=AXIS2_PLACEMENT_3D('',#2414,#2415,#2416);
#2419=CARTESIAN_POINT('',(-3.232E1,-3.58E1,6.62E1));
#2420=CARTESIAN_POINT('',(-3.219468417587E1,-3.537034574583E1,
6.577034574583E1));
#2421=CARTESIAN_POINT('',(-3.218894562403E1,-3.454407529959E1,
6.494407529959E1));
#2422=CARTESIAN_POINT('',(-3.254674442194E1,-3.376684898611E1,
6.416684898611E1));
#2423=CARTESIAN_POINT('',(-3.288696972202E1,-3.34E1,6.38E1));
#2425=CARTESIAN_POINT('',(-3.232E1,-3.58E1,6.62E1));
#2426=CARTESIAN_POINT('',(-3.220777678587E1,-3.618476530559E1,
6.581523469441E1));
#2427=CARTESIAN_POINT('',(-3.217961208378E1,-3.693443771086E1,
6.506556228914E1));
#2428=CARTESIAN_POINT('',(-3.245969321218E1,-3.765292428291E1,
6.434707571709E1));
#2429=CARTESIAN_POINT('',(-3.272E1,-3.8E1,6.4E1));
#2431=CARTESIAN_POINT('',(-3.4E1,-3.610592397782E1,6.789407602218E1));
#2432=CARTESIAN_POINT('',(-3.372038109487E1,-3.619001721873E1,
6.780998278127E1));
#2433=CARTESIAN_POINT('',(-3.327667133632E1,-3.642108274552E1,
6.757891725448E1));
#2434=CARTESIAN_POINT('',(-3.263204597407E1,-3.701536061849E1,
6.698463938151E1));
#2435=CARTESIAN_POINT('',(-3.235732701401E1,-3.757468648946E1,
6.642531351054E1));
#2436=CARTESIAN_POINT('',(-3.227051025722E1,-3.8E1,6.6E1));
#2438=DIRECTION('',(0.E0,1.E0,0.E0));
#2439=VECTOR('',#2438,2.E0);
#2440=CARTESIAN_POINT('',(-3.4E1,-3.549407602218E1,6.789407602218E1));
#2441=LINE('',#2440,#2439);
#2442=CARTESIAN_POINT('',(-3.4E1,-3.549407602218E1,6.789407602218E1));
#2443=CARTESIAN_POINT('',(-3.369284538219E1,-3.540170162690E1,
6.780170162690E1));
#2444=CARTESIAN_POINT('',(-3.322078073452E1,-3.514408398652E1,
6.754408398652E1));
#2445=CARTESIAN_POINT('',(-3.255543502731E1,-3.448603385637E1,
6.688603385637E1));
#2446=CARTESIAN_POINT('',(-3.229491487953E1,-3.387032339417E1,
6.627032339417E1));
#2447=CARTESIAN_POINT('',(-3.223806527080E1,-3.34E1,6.58E1));
#2449=CARTESIAN_POINT('',(-3.472E1,-3.34E1,6.55E1));
#2450=DIRECTION('',(0.E0,1.E0,0.E0));
#2451=DIRECTION('',(3.919183588453E-1,0.E0,9.2E-1));
#2452=AXIS2_PLACEMENT_3D('',#2449,#2450,#2451);
#2454=CARTESIAN_POINT('',(-3.4E1,-3.349407602218E1,6.789407602218E1));
#2455=CARTESIAN_POINT('',(-3.391024774420E1,-3.346708371969E1,
6.786708371969E1));
#2456=CARTESIAN_POINT('',(-3.382374721470E1,-3.343558921660E1,
6.783558921660E1));
#2457=CARTESIAN_POINT('',(-3.374020410289E1,-3.34E1,6.78E1));
#2459=DIRECTION('',(0.E0,7.071067811865E-1,7.071067811865E-1));
#2460=VECTOR('',#2459,4.326418384814E-1);
#2461=CARTESIAN_POINT('',(-3.4E1,-3.610592397782E1,6.789407602218E1));
#2462=LINE('',#2461,#2460);
#2463=DIRECTION('',(0.E0,7.071067811866E-1,-7.071067811865E-1));
#2464=VECTOR('',#2463,4.326418384814E-1);
#2465=CARTESIAN_POINT('',(-3.4E1,-3.58E1,6.82E1));
#2466=LINE('',#2465,#2464);
#2467=DIRECTION('',(0.E0,-7.071067811865E-1,7.071067811865E-1));
#2468=VECTOR('',#2467,3.261068963228E0);
#2469=CARTESIAN_POINT('',(-3.4E1,-3.349407602218E1,6.789407602218E1));
#2470=LINE('',#2469,#2468);
#2471=DIRECTION('',(0.E0,-7.071067811865E-1,-7.071067811865E-1));
#2472=VECTOR('',#2471,3.111269837221E0);
#2473=CARTESIAN_POINT('',(-3.4E1,-3.58E1,7.02E1));
#2474=LINE('',#2473,#2472);
#2475=DIRECTION('',(1.E0,0.E0,0.E0));
#2476=VECTOR('',#2475,2.8E1);
#2477=CARTESIAN_POINT('',(-3.4E1,-3.58E1,6.82E1));
#2478=LINE('',#2477,#2476);
#2479=DIRECTION('',(1.E0,0.E0,0.E0));
#2480=VECTOR('',#2479,2.503613054160E1);
#2481=CARTESIAN_POINT('',(-3.223806527080E1,-3.34E1,6.58E1));
#2482=LINE('',#2481,#2480);
#2483=DIRECTION('',(0.E0,-7.071067811865E-1,-7.071067811865E-1));
#2484=VECTOR('',#2483,3.111269837221E0);
#2485=CARTESIAN_POINT('',(-6.E0,-3.58E1,7.02E1));
#2486=LINE('',#2485,#2484);
#2487=DIRECTION('',(0.E0,-7.071067811866E-1,7.071067811865E-1));
#2488=VECTOR('',#2487,3.394112549695E0);
#2489=CARTESIAN_POINT('',(-6.E0,-3.34E1,6.78E1));
#2490=LINE('',#2489,#2488);
#2491=DIRECTION('',(1.164546347242E-14,0.E0,1.E0));
#2492=VECTOR('',#2491,1.525363798192E-1);
#2493=CARTESIAN_POINT('',(-6.E0,-3.34E1,6.764746362018E1));
#2494=LINE('',#2493,#2492);
#2495=DIRECTION('',(0.E0,7.071067811865E-1,-7.071067811865E-1));
#2496=VECTOR('',#2495,7.814044420448E-1);
#2497=CARTESIAN_POINT('',(-6.E0,-3.58E1,6.82E1));
#2498=LINE('',#2497,#2496);
#2499=DIRECTION('',(0.E0,7.071067811865E-1,7.071067811865E-1));
#2500=VECTOR('',#2499,7.814044420448E-1);
#2501=CARTESIAN_POINT('',(-6.E0,-3.635253637982E1,6.764746362018E1));
#2502=LINE('',#2501,#2500);
#2503=DIRECTION('',(1.E0,0.E0,0.E0));
#2504=VECTOR('',#2503,2.8E1);
#2505=CARTESIAN_POINT('',(-3.4E1,-3.58E1,7.02E1));
#2506=LINE('',#2505,#2504);
#2507=DIRECTION('',(1.E0,0.E0,0.E0));
#2508=VECTOR('',#2507,2.774020410289E1);
#2509=CARTESIAN_POINT('',(-3.374020410289E1,-3.34E1,6.78E1));
#2510=LINE('',#2509,#2508);
#2511=DIRECTION('',(1.E0,0.E0,0.E0));
#2512=VECTOR('',#2511,2.2E1);
#2513=CARTESIAN_POINT('',(-3.1E1,-3.8E1,6.8E1));
#2514=LINE('',#2513,#2512);
#2515=DIRECTION('',(0.E0,1.E0,0.E0));
#2516=VECTOR('',#2515,2.E0);
#2517=CARTESIAN_POINT('',(-3.1E1,-4.E1,6.8E1));
#2518=LINE('',#2517,#2516);
#2519=DIRECTION('',(0.E0,1.E0,0.E0));
#2520=VECTOR('',#2519,2.E0);
#2521=CARTESIAN_POINT('',(-9.E0,-4.E1,6.8E1));
#2522=LINE('',#2521,#2520);
#2523=DIRECTION('',(1.E0,0.E0,0.E0));
#2524=VECTOR('',#2523,2.2E1);
#2525=CARTESIAN_POINT('',(-3.1E1,-3.8E1,7.E1));
#2526=LINE('',#2525,#2524);
#2527=DIRECTION('',(0.E0,1.E0,0.E0));
#2528=VECTOR('',#2527,2.E0);
#2529=CARTESIAN_POINT('',(-9.E0,-4.E1,7.E1));
#2530=LINE('',#2529,#2528);
#2531=DIRECTION('',(0.E0,-7.071067811865E-1,-7.071067811865E-1));
#2532=VECTOR('',#2531,3.111269837221E0);
#2533=CARTESIAN_POINT('',(-6.E0,-3.58E1,7.42E1));
#2534=LINE('',#2533,#2532);
#2535=DIRECTION('',(0.E0,-7.071067811866E-1,7.071067811865E-1));
#2536=VECTOR('',#2535,3.394112549695E0);
#2537=CARTESIAN_POINT('',(-6.E0,-3.34E1,7.18E1));
#2538=LINE('',#2537,#2536);
#2539=DIRECTION('',(0.E0,0.E0,1.E0));
#2540=VECTOR('',#2539,2.E0);
#2541=CARTESIAN_POINT('',(-6.E0,-3.34E1,6.98E1));
#2542=LINE('',#2541,#2540);
#2543=DIRECTION('',(0.E0,7.071067811865E-1,-7.071067811865E-1));
#2544=VECTOR('',#2543,3.394112549695E0);
#2545=CARTESIAN_POINT('',(-6.E0,-3.58E1,7.22E1));
#2546=LINE('',#2545,#2544);
#2547=DIRECTION('',(0.E0,7.071067811865E-1,7.071067811865E-1));
#2548=VECTOR('',#2547,3.111269837221E0);
#2549=CARTESIAN_POINT('',(-6.E0,-3.8E1,7.E1));
#2550=LINE('',#2549,#2548);
#2551=DIRECTION('',(1.E0,0.E0,0.E0));
#2552=VECTOR('',#2551,2.8E1);
#2553=CARTESIAN_POINT('',(-3.4E1,-3.58E1,7.42E1));
#2554=LINE('',#2553,#2552);
#2555=DIRECTION('',(0.E0,7.071067811865E-1,7.071067811865E-1));
#2556=VECTOR('',#2555,3.111269837221E0);
#2557=CARTESIAN_POINT('',(-3.4E1,-3.8E1,7.E1));
#2558=LINE('',#2557,#2556);
#2559=DIRECTION('',(0.E0,7.071067811865E-1,-7.071067811865E-1));
#2560=VECTOR('',#2559,3.394112549695E0);
#2561=CARTESIAN_POINT('',(-3.4E1,-3.58E1,7.22E1));
#2562=LINE('',#2561,#2560);
#2563=DIRECTION('',(0.E0,0.E0,1.E0));
#2564=VECTOR('',#2563,2.E0);
#2565=CARTESIAN_POINT('',(-3.4E1,-3.34E1,6.98E1));
#2566=LINE('',#2565,#2564);
#2567=DIRECTION('',(0.E0,-7.071067811865E-1,7.071067811865E-1));
#2568=VECTOR('',#2567,3.394112549695E0);
#2569=CARTESIAN_POINT('',(-3.4E1,-3.34E1,7.18E1));
#2570=LINE('',#2569,#2568);
#2571=DIRECTION('',(0.E0,-7.071067811865E-1,-7.071067811865E-1));
#2572=VECTOR('',#2571,3.111269837221E0);
#2573=CARTESIAN_POINT('',(-3.4E1,-3.58E1,7.42E1));
#2574=LINE('',#2573,#2572);
#2575=DIRECTION('',(1.E0,0.E0,0.E0));
#2576=VECTOR('',#2575,2.8E1);
#2577=CARTESIAN_POINT('',(-3.4E1,-3.58E1,7.22E1));
#2578=LINE('',#2577,#2576);
#2579=DIRECTION('',(1.E0,0.E0,0.E0));
#2580=VECTOR('',#2579,2.8E1);
#2581=CARTESIAN_POINT('',(-3.4E1,-3.34E1,6.98E1));
#2582=LINE('',#2581,#2580);
#2583=DIRECTION('',(1.E0,0.E0,0.E0));
#2584=VECTOR('',#2583,2.8E1);
#2585=CARTESIAN_POINT('',(-3.4E1,-3.34E1,7.18E1));
#2586=LINE('',#2585,#2584);
#2587=DIRECTION('',(1.E0,0.E0,0.E0));
#2588=VECTOR('',#2587,2.2E1);
#2589=CARTESIAN_POINT('',(-3.1E1,-3.8E1,7.2E1));
#2590=LINE('',#2589,#2588);
#2591=DIRECTION('',(0.E0,1.E0,0.E0));
#2592=VECTOR('',#2591,2.E0);
#2593=CARTESIAN_POINT('',(-3.1E1,-4.E1,7.2E1));
#2594=LINE('',#2593,#2592);
#2595=DIRECTION('',(0.E0,1.E0,0.E0));
#2596=VECTOR('',#2595,2.E0);
#2597=CARTESIAN_POINT('',(-9.E0,-4.E1,7.2E1));
#2598=LINE('',#2597,#2596);
#2599=DIRECTION('',(1.E0,0.E0,0.E0));
#2600=VECTOR('',#2599,2.2E1);
#2601=CARTESIAN_POINT('',(-3.1E1,-3.8E1,7.4E1));
#2602=LINE('',#2601,#2600);
#2603=DIRECTION('',(0.E0,1.E0,0.E0));
#2604=VECTOR('',#2603,2.E0);
#2605=CARTESIAN_POINT('',(-9.E0,-4.E1,7.4E1));
#2606=LINE('',#2605,#2604);
#2607=DIRECTION('',(0.E0,-7.071067811865E-1,-7.071067811865E-1));
#2608=VECTOR('',#2607,3.111269837221E0);
#2609=CARTESIAN_POINT('',(-6.E0,-3.58E1,7.82E1));
#2610=LINE('',#2609,#2608);
#2611=DIRECTION('',(0.E0,-7.071067811866E-1,7.071067811865E-1));
#2612=VECTOR('',#2611,3.394112549695E0);
#2613=CARTESIAN_POINT('',(-6.E0,-3.34E1,7.58E1));
#2614=LINE('',#2613,#2612);
#2615=DIRECTION('',(0.E0,0.E0,1.E0));
#2616=VECTOR('',#2615,2.E0);
#2617=CARTESIAN_POINT('',(-6.E0,-3.34E1,7.38E1));
#2618=LINE('',#2617,#2616);
#2619=DIRECTION('',(0.E0,7.071067811865E-1,-7.071067811865E-1));
#2620=VECTOR('',#2619,3.394112549695E0);
#2621=CARTESIAN_POINT('',(-6.E0,-3.58E1,7.62E1));
#2622=LINE('',#2621,#2620);
#2623=DIRECTION('',(0.E0,7.071067811865E-1,7.071067811865E-1));
#2624=VECTOR('',#2623,3.111269837221E0);
#2625=CARTESIAN_POINT('',(-6.E0,-3.8E1,7.4E1));
#2626=LINE('',#2625,#2624);
#2627=DIRECTION('',(1.E0,0.E0,0.E0));
#2628=VECTOR('',#2627,2.8E1);
#2629=CARTESIAN_POINT('',(-3.4E1,-3.58E1,7.82E1));
#2630=LINE('',#2629,#2628);
#2631=DIRECTION('',(0.E0,7.071067811865E-1,7.071067811865E-1));
#2632=VECTOR('',#2631,3.111269837221E0);
#2633=CARTESIAN_POINT('',(-3.4E1,-3.8E1,7.4E1));
#2634=LINE('',#2633,#2632);
#2635=DIRECTION('',(0.E0,7.071067811865E-1,-7.071067811865E-1));
#2636=VECTOR('',#2635,3.394112549695E0);
#2637=CARTESIAN_POINT('',(-3.4E1,-3.58E1,7.62E1));
#2638=LINE('',#2637,#2636);
#2639=DIRECTION('',(0.E0,0.E0,1.E0));
#2640=VECTOR('',#2639,2.E0);
#2641=CARTESIAN_POINT('',(-3.4E1,-3.34E1,7.38E1));
#2642=LINE('',#2641,#2640);
#2643=DIRECTION('',(0.E0,-7.071067811866E-1,7.071067811865E-1));
#2644=VECTOR('',#2643,3.394112549695E0);
#2645=CARTESIAN_POINT('',(-3.4E1,-3.34E1,7.58E1));
#2646=LINE('',#2645,#2644);
#2647=DIRECTION('',(0.E0,-7.071067811865E-1,-7.071067811865E-1));
#2648=VECTOR('',#2647,3.111269837221E0);
#2649=CARTESIAN_POINT('',(-3.4E1,-3.58E1,7.82E1));
#2650=LINE('',#2649,#2648);
#2651=DIRECTION('',(1.E0,0.E0,0.E0));
#2652=VECTOR('',#2651,2.8E1);
#2653=CARTESIAN_POINT('',(-3.4E1,-3.58E1,7.62E1));
#2654=LINE('',#2653,#2652);
#2655=DIRECTION('',(1.E0,0.E0,0.E0));
#2656=VECTOR('',#2655,2.8E1);
#2657=CARTESIAN_POINT('',(-3.4E1,-3.34E1,7.38E1));
#2658=LINE('',#2657,#2656);
#2659=DIRECTION('',(1.E0,0.E0,0.E0));
#2660=VECTOR('',#2659,2.8E1);
#2661=CARTESIAN_POINT('',(-3.4E1,-3.34E1,7.58E1));
#2662=LINE('',#2661,#2660);
#2663=DIRECTION('',(1.E0,0.E0,0.E0));
#2664=VECTOR('',#2663,2.2E1);
#2665=CARTESIAN_POINT('',(-3.1E1,-3.8E1,7.6E1));
#2666=LINE('',#2665,#2664);
#2667=DIRECTION('',(0.E0,1.E0,0.E0));
#2668=VECTOR('',#2667,2.E0);
#2669=CARTESIAN_POINT('',(-3.1E1,-4.E1,7.6E1));
#2670=LINE('',#2669,#2668);
#2671=DIRECTION('',(0.E0,1.E0,0.E0));
#2672=VECTOR('',#2671,2.E0);
#2673=CARTESIAN_POINT('',(-9.E0,-4.E1,7.6E1));
#2674=LINE('',#2673,#2672);
#2675=DIRECTION('',(1.E0,0.E0,0.E0));
#2676=VECTOR('',#2675,2.2E1);
#2677=CARTESIAN_POINT('',(-3.1E1,-3.8E1,7.8E1));
#2678=LINE('',#2677,#2676);
#2679=DIRECTION('',(0.E0,1.E0,0.E0));
#2680=VECTOR('',#2679,2.E0);
#2681=CARTESIAN_POINT('',(-9.E0,-4.E1,7.8E1));
#2682=LINE('',#2681,#2680);
#2683=DIRECTION('',(0.E0,-7.071067811865E-1,-7.071067811865E-1));
#2684=VECTOR('',#2683,3.111269837221E0);
#2685=CARTESIAN_POINT('',(-6.E0,-3.58E1,8.22E1));
#2686=LINE('',#2685,#2684);
#2687=DIRECTION('',(0.E0,-7.071067811866E-1,7.071067811865E-1));
#2688=VECTOR('',#2687,3.394112549695E0);
#2689=CARTESIAN_POINT('',(-6.E0,-3.34E1,7.98E1));
#2690=LINE('',#2689,#2688);
#2691=DIRECTION('',(0.E0,0.E0,1.E0));
#2692=VECTOR('',#2691,2.E0);
#2693=CARTESIAN_POINT('',(-6.E0,-3.34E1,7.78E1));
#2694=LINE('',#2693,#2692);
#2695=DIRECTION('',(0.E0,7.071067811865E-1,-7.071067811865E-1));
#2696=VECTOR('',#2695,3.394112549695E0);
#2697=CARTESIAN_POINT('',(-6.E0,-3.58E1,8.02E1));
#2698=LINE('',#2697,#2696);
#2699=DIRECTION('',(0.E0,7.071067811865E-1,7.071067811865E-1));
#2700=VECTOR('',#2699,3.111269837221E0);
#2701=CARTESIAN_POINT('',(-6.E0,-3.8E1,7.8E1));
#2702=LINE('',#2701,#2700);
#2703=DIRECTION('',(1.E0,0.E0,0.E0));
#2704=VECTOR('',#2703,2.8E1);
#2705=CARTESIAN_POINT('',(-3.4E1,-3.58E1,8.22E1));
#2706=LINE('',#2705,#2704);
#2707=DIRECTION('',(0.E0,7.071067811866E-1,7.071067811865E-1));
#2708=VECTOR('',#2707,3.111269837221E0);
#2709=CARTESIAN_POINT('',(-3.4E1,-3.8E1,7.8E1));
#2710=LINE('',#2709,#2708);
#2711=DIRECTION('',(0.E0,7.071067811865E-1,-7.071067811865E-1));
#2712=VECTOR('',#2711,3.394112549695E0);
#2713=CARTESIAN_POINT('',(-3.4E1,-3.58E1,8.02E1));
#2714=LINE('',#2713,#2712);
#2715=DIRECTION('',(0.E0,0.E0,1.E0));
#2716=VECTOR('',#2715,2.E0);
#2717=CARTESIAN_POINT('',(-3.4E1,-3.34E1,7.78E1));
#2718=LINE('',#2717,#2716);
#2719=DIRECTION('',(0.E0,-7.071067811866E-1,7.071067811865E-1));
#2720=VECTOR('',#2719,3.394112549695E0);
#2721=CARTESIAN_POINT('',(-3.4E1,-3.34E1,7.98E1));
#2722=LINE('',#2721,#2720);
#2723=DIRECTION('',(0.E0,-7.071067811865E-1,-7.071067811865E-1));
#2724=VECTOR('',#2723,3.111269837221E0);
#2725=CARTESIAN_POINT('',(-3.4E1,-3.58E1,8.22E1));
#2726=LINE('',#2725,#2724);
#2727=DIRECTION('',(1.E0,0.E0,0.E0));
#2728=VECTOR('',#2727,2.8E1);
#2729=CARTESIAN_POINT('',(-3.4E1,-3.58E1,8.02E1));
#2730=LINE('',#2729,#2728);
#2731=DIRECTION('',(1.E0,0.E0,0.E0));
#2732=VECTOR('',#2731,2.8E1);
#2733=CARTESIAN_POINT('',(-3.4E1,-3.34E1,7.78E1));
#2734=LINE('',#2733,#2732);
#2735=DIRECTION('',(1.E0,0.E0,0.E0));
#2736=VECTOR('',#2735,2.8E1);
#2737=CARTESIAN_POINT('',(-3.4E1,-3.34E1,7.98E1));
#2738=LINE('',#2737,#2736);
#2739=DIRECTION('',(1.E0,0.E0,0.E0));
#2740=VECTOR('',#2739,2.2E1);
#2741=CARTESIAN_POINT('',(-3.1E1,-3.8E1,8.E1));
#2742=LINE('',#2741,#2740);
#2743=DIRECTION('',(0.E0,1.E0,0.E0));
#2744=VECTOR('',#2743,2.E0);
#2745=CARTESIAN_POINT('',(-3.1E1,-4.E1,8.E1));
#2746=LINE('',#2745,#2744);
#2747=DIRECTION('',(0.E0,1.E0,0.E0));
#2748=VECTOR('',#2747,2.E0);
#2749=CARTESIAN_POINT('',(-9.E0,-4.E1,8.E1));
#2750=LINE('',#2749,#2748);
#2751=DIRECTION('',(0.E0,1.E0,0.E0));
#2752=VECTOR('',#2751,2.E0);
#2753=CARTESIAN_POINT('',(-9.E0,-4.E1,8.2E1));
#2754=LINE('',#2753,#2752);
#2755=DIRECTION('',(0.E0,1.E0,0.E0));
#2756=VECTOR('',#2755,2.E0);
#2757=CARTESIAN_POINT('',(-3.1E1,-4.E1,8.2E1));
#2758=LINE('',#2757,#2756);
#2759=DIRECTION('',(0.E0,1.E0,0.E0));
#2760=VECTOR('',#2759,2.E0);
#2761=CARTESIAN_POINT('',(-3.1E1,-4.E1,7.8E1));
#2762=LINE('',#2761,#2760);
#2763=DIRECTION('',(0.E0,1.E0,0.E0));
#2764=VECTOR('',#2763,2.E0);
#2765=CARTESIAN_POINT('',(-3.1E1,-4.E1,7.4E1));
#2766=LINE('',#2765,#2764);
#2767=DIRECTION('',(0.E0,1.E0,0.E0));
#2768=VECTOR('',#2767,2.E0);
#2769=CARTESIAN_POINT('',(-3.1E1,-4.E1,7.E1));
#2770=LINE('',#2769,#2768);
#2771=DIRECTION('',(0.E0,1.E0,0.E0));
#2772=VECTOR('',#2771,1.5E1);
#2773=CARTESIAN_POINT('',(-3.472E1,-3.8E1,6.3E1));
#2774=LINE('',#2773,#2772);
#2775=CARTESIAN_POINT('',(-3.472E1,-2.152098012584E1,6.55E1));
#2776=DIRECTION('',(0.E0,1.E0,0.E0));
#2777=DIRECTION('',(-4.000009704414E-1,0.E0,-9.165147154552E-1));
#2778=AXIS2_PLACEMENT_3D('',#2775,#2776,#2777);
#2780=CARTESIAN_POINT('',(-3.522000001298E1,-2.152098025125E1,
6.664564399455E1));
#2781=CARTESIAN_POINT('',(-3.522000001298E1,-2.163230865624E1,
6.664564399027E1));
#2782=CARTESIAN_POINT('',(-3.521999999388E1,-2.185199359308E1,
6.667147372275E1));
#2783=CARTESIAN_POINT('',(-3.522000000194E1,-2.218824401777E1,
6.679831563997E1));
#2784=CARTESIAN_POINT('',(-3.521999999835E1,-2.248435437719E1,
6.700236068439E1));
#2785=CARTESIAN_POINT('',(-3.522000000465E1,-2.272988342726E1,
6.726877003290E1));
#2786=CARTESIAN_POINT('',(-3.521999998306E1,-2.291475462219E1,
6.759946778133E1));
#2787=CARTESIAN_POINT('',(-3.522000003642E1,-2.298011644319E1,
6.782940609814E1));
#2788=CARTESIAN_POINT('',(-3.522000003642E1,-2.299999776169E1,
6.794948991520E1));
#2790=CARTESIAN_POINT('',(-3.472E1,-2.299999629733E1,6.55E1));
#2791=DIRECTION('',(0.E0,-1.E0,0.E0));
#2792=DIRECTION('',(-2.000000010329E-1,0.E0,9.797958969024E-1));
#2793=AXIS2_PLACEMENT_3D('',#2790,#2791,#2792);
#2795=CARTESIAN_POINT('',(-3.521999994312E1,-2.300000104465E1,
6.305051052313E1));
#2796=CARTESIAN_POINT('',(-3.521999994312E1,-2.298011607918E1,
6.317061279391E1));
#2797=CARTESIAN_POINT('',(-3.522000002744E1,-2.291474982597E1,
6.340056351856E1));
#2798=CARTESIAN_POINT('',(-3.521999998930E1,-2.272999953508E1,
6.373106852261E1));
#2799=CARTESIAN_POINT('',(-3.522000001538E1,-2.248451153933E1,
6.399751009878E1));
#2800=CARTESIAN_POINT('',(-3.521999994919E1,-2.218832331596E1,
6.420165402401E1));
#2801=CARTESIAN_POINT('',(-3.522000018786E1,-2.185188708690E1,
6.432856648138E1));
#2802=CARTESIAN_POINT('',(-3.521999959553E1,-2.163225828726E1,
6.435435817516E1));
#2803=CARTESIAN_POINT('',(-3.521999959553E1,-2.152097876564E1,
6.435435828208E1));
#2805=DIRECTION('',(-2.001334607383E-7,9.999999999994E-1,-1.091462354187E-6));
#2806=VECTOR('',#2805,2.020978765640E0);
#2807=CARTESIAN_POINT('',(-3.521999959553E1,-2.152097876564E1,
6.435435828208E1));
#2808=LINE('',#2807,#2806);
#2809=DIRECTION('',(6.421284210494E-9,1.E0,-3.503677926018E-8));
#2810=VECTOR('',#2809,2.020980251251E0);
#2811=CARTESIAN_POINT('',(-3.522000001298E1,-2.152098025125E1,
6.664564399455E1));
#2812=LINE('',#2811,#2810);
#2813=DIRECTION('',(-1.904583368344E-8,6.701302044262E-7,9.999999999998E-1));
#2814=VECTOR('',#2813,4.898979392073E0);
#2815=CARTESIAN_POINT('',(-3.521999994312E1,-2.300000104465E1,
6.305051052313E1));
#2816=LINE('',#2815,#2814);
#2817=CARTESIAN_POINT('',(-3.472E1,-2.3E1,6.55E1));
#2818=DIRECTION('',(0.E0,1.E0,0.E0));
#2819=DIRECTION('',(0.E0,0.E0,-1.E0));
#2820=AXIS2_PLACEMENT_3D('',#2817,#2818,#2819);
#2822=CARTESIAN_POINT('',(-3.472E1,-2.3E1,6.55E1));
#2823=DIRECTION('',(0.E0,1.E0,0.E0));
#2824=DIRECTION('',(2.E-1,0.E0,-9.797958971133E-1));
#2825=AXIS2_PLACEMENT_3D('',#2822,#2823,#2824);
#2827=CARTESIAN_POINT('',(-3.472E1,-2.3E1,6.55E1));
#2828=DIRECTION('',(0.E0,1.E0,0.E0));
#2829=DIRECTION('',(0.E0,0.E0,1.E0));
#2830=AXIS2_PLACEMENT_3D('',#2827,#2828,#2829);
#2832=CARTESIAN_POINT('',(-3.472E1,-2.3E1,6.55E1));
#2833=DIRECTION('',(0.E0,1.E0,0.E0));
#2834=DIRECTION('',(-2.E-1,0.E0,9.797958971133E-1));
#2835=AXIS2_PLACEMENT_3D('',#2832,#2833,#2834);
#2837=CARTESIAN_POINT('',(-4.72E0,-2.3E1,6.55E1));
#2838=DIRECTION('',(0.E0,1.E0,0.E0));
#2839=DIRECTION('',(2.238209617644E-14,0.E0,-1.E0));
#2840=AXIS2_PLACEMENT_3D('',#2837,#2838,#2839);
#2842=DIRECTION('',(-1.E0,0.E0,0.E0));
#2843=VECTOR('',#2842,5.E-1);
#2844=CARTESIAN_POINT('',(-4.22E0,-2.3E1,6.3E1));
#2845=LINE('',#2844,#2843);
#2846=DIRECTION('',(1.E0,0.E0,0.E0));
#2847=VECTOR('',#2846,5.E-1);
#2848=CARTESIAN_POINT('',(-4.72E0,-2.3E1,6.8E1));
#2849=LINE('',#2848,#2847);
#2850=CARTESIAN_POINT('',(-4.72E0,-2.3E1,6.55E1));
#2851=DIRECTION('',(0.E0,1.E0,0.E0));
#2852=DIRECTION('',(-2.E-1,0.E0,9.797958971133E-1));
#2853=AXIS2_PLACEMENT_3D('',#2850,#2851,#2852);
#2855=CARTESIAN_POINT('',(-4.72E0,-2.3E1,6.55E1));
#2856=DIRECTION('',(0.E0,1.E0,0.E0));
#2857=DIRECTION('',(9.890909090909E-1,0.E0,-1.473063934584E-1));
#2858=AXIS2_PLACEMENT_3D('',#2855,#2856,#2857);
#2860=DIRECTION('',(-1.E0,0.E0,0.E0));
#2861=VECTOR('',#2860,1.574356076261E0);
#2862=CARTESIAN_POINT('',(-2.E0,-2.3E1,6.3E1));
#2863=LINE('',#2862,#2861);
#2864=CARTESIAN_POINT('',(-4.72E0,-2.3E1,6.55E1));
#2865=DIRECTION('',(0.E0,1.E0,0.E0));
#2866=DIRECTION('',(4.165977904505E-1,0.E0,9.090909090909E-1));
#2867=AXIS2_PLACEMENT_3D('',#2864,#2865,#2866);
#2869=DIRECTION('',(1.E0,0.E0,0.E0));
#2870=VECTOR('',#2869,1.574356076261E0);
#2871=CARTESIAN_POINT('',(-3.574356076261E0,-2.3E1,6.8E1));
#2872=LINE('',#2871,#2870);
#2873=DIRECTION('',(1.904583513383E-8,6.701301986247E-7,-9.999999999998E-1));
#2874=VECTOR('',#2873,4.898979392073E0);
#2875=CARTESIAN_POINT('',(-3.422000005688E1,-2.300000104465E1,
6.794948947687E1));
#2876=LINE('',#2875,#2874);
#2877=CARTESIAN_POINT('',(-3.472E1,-2.152098012584E1,6.55E1));
#2878=DIRECTION('',(0.E0,1.E0,0.E0));
#2879=DIRECTION('',(4.000009704412E-1,0.E0,9.165147154553E-1));
#2880=AXIS2_PLACEMENT_3D('',#2877,#2878,#2879);
#2882=CARTESIAN_POINT('',(-3.421999998702E1,-2.152098025125E1,
6.435435600545E1));
#2883=CARTESIAN_POINT('',(-3.421999998702E1,-2.163230865624E1,
6.435435600973E1));
#2884=CARTESIAN_POINT('',(-3.422000000612E1,-2.185199359308E1,
6.432852627725E1));
#2885=CARTESIAN_POINT('',(-3.421999999806E1,-2.218824401777E1,
6.420168436003E1));
#2886=CARTESIAN_POINT('',(-3.422000000165E1,-2.248435437719E1,
6.399763931561E1));
#2887=CARTESIAN_POINT('',(-3.421999999535E1,-2.272988342726E1,
6.373122996710E1));
#2888=CARTESIAN_POINT('',(-3.422000001694E1,-2.291475462219E1,
6.340053221867E1));
#2889=CARTESIAN_POINT('',(-3.421999996358E1,-2.298011644319E1,
6.317059390186E1));
#2890=CARTESIAN_POINT('',(-3.421999996358E1,-2.299999776169E1,
6.305051008480E1));
#2892=CARTESIAN_POINT('',(-3.472E1,-2.299999629733E1,6.55E1));
#2893=DIRECTION('',(0.E0,-1.E0,0.E0));
#2894=DIRECTION('',(2.000000010329E-1,0.E0,-9.797958969024E-1));
#2895=AXIS2_PLACEMENT_3D('',#2892,#2893,#2894);
#2897=CARTESIAN_POINT('',(-3.422000005688E1,-2.300000104465E1,
6.794948947687E1));
#2898=CARTESIAN_POINT('',(-3.422000005688E1,-2.298011607918E1,
6.782938720608E1));
#2899=CARTESIAN_POINT('',(-3.421999997256E1,-2.291474982595E1,
6.759943648141E1));
#2900=CARTESIAN_POINT('',(-3.422000001070E1,-2.272999953512E1,
6.726893147744E1));
#2901=CARTESIAN_POINT('',(-3.421999998462E1,-2.248451153935E1,
6.700248990122E1));
#2902=CARTESIAN_POINT('',(-3.422000005081E1,-2.218832331595E1,
6.679834597599E1));
#2903=CARTESIAN_POINT('',(-3.421999981214E1,-2.185188708702E1,
6.667143351865E1));
#2904=CARTESIAN_POINT('',(-3.422000040447E1,-2.163225828732E1,
6.664564182484E1));
#2905=CARTESIAN_POINT('',(-3.422000040447E1,-2.152097876564E1,
6.664564171792E1));
#2907=DIRECTION('',(2.001334818333E-7,9.999999999994E-1,1.091462326061E-6));
#2908=VECTOR('',#2907,2.020978765640E0);
#2909=CARTESIAN_POINT('',(-3.422000040447E1,-2.152097876564E1,
6.664564171792E1));
#2910=LINE('',#2909,#2908);
#2911=DIRECTION('',(-6.421287726327E-9,1.E0,3.503677222852E-8));
#2912=VECTOR('',#2911,2.020980251251E0);
#2913=CARTESIAN_POINT('',(-3.421999998702E1,-2.152098025125E1,
6.435435600545E1));
#2914=LINE('',#2913,#2912);
#2915=CARTESIAN_POINT('',(-3.522E1,-1.95E1,6.664564392374E1));
#2916=CARTESIAN_POINT('',(-3.522E1,-1.947170649688E1,6.668535855886E1));
#2917=CARTESIAN_POINT('',(-3.522E1,-1.941378561990E1,6.676600183763E1));
#2918=CARTESIAN_POINT('',(-3.522E1,-1.932299411407E1,6.689077324147E1));
#2919=CARTESIAN_POINT('',(-3.522E1,-1.926002717331E1,6.697641261981E1));
#2920=CARTESIAN_POINT('',(-3.522E1,-1.922794009200E1,6.701986841536E1));
#2922=CARTESIAN_POINT('',(-3.472E1,-1.95E1,6.55E1));
#2923=DIRECTION('',(0.E0,-1.E0,0.E0));
#2924=DIRECTION('',(-4.E-1,0.E0,9.165151389912E-1));
#2925=AXIS2_PLACEMENT_3D('',#2922,#2923,#2924);
#2927=CARTESIAN_POINT('',(-3.522E1,-1.922794009200E1,6.398013158464E1));
#2928=CARTESIAN_POINT('',(-3.522E1,-1.925995268442E1,6.402348649928E1));
#2929=CARTESIAN_POINT('',(-3.522E1,-1.932282116164E1,6.410899078458E1));
#2930=CARTESIAN_POINT('',(-3.522E1,-1.941361612356E1,6.423376344870E1));
#2931=CARTESIAN_POINT('',(-3.522E1,-1.947163451268E1,6.431454039934E1));
#2932=CARTESIAN_POINT('',(-3.522E1,-1.95E1,6.435435607626E1));
#2934=CARTESIAN_POINT('',(-3.472E1,-1.95E1,6.55E1));
#2935=DIRECTION('',(0.E0,-1.E0,0.E0));
#2936=DIRECTION('',(4.E-1,0.E0,-9.165151389912E-1));
#2937=AXIS2_PLACEMENT_3D('',#2934,#2935,#2936);
#2939=CARTESIAN_POINT('',(-3.422E1,-1.922794009200E1,6.701986841536E1));
#2940=CARTESIAN_POINT('',(-3.422E1,-1.925995268442E1,6.697651350072E1));
#2941=CARTESIAN_POINT('',(-3.422E1,-1.932282116164E1,6.689100921542E1));
#2942=CARTESIAN_POINT('',(-3.422E1,-1.941361612356E1,6.676623655130E1));
#2943=CARTESIAN_POINT('',(-3.422E1,-1.947163451268E1,6.668545960066E1));
#2944=CARTESIAN_POINT('',(-3.422E1,-1.95E1,6.664564392374E1));
#2946=CARTESIAN_POINT('',(-3.422E1,-1.95E1,6.435435607626E1));
#2947=CARTESIAN_POINT('',(-3.422E1,-1.947170649688E1,6.431464144114E1));
#2948=CARTESIAN_POINT('',(-3.422E1,-1.941378561990E1,6.423399816237E1));
#2949=CARTESIAN_POINT('',(-3.422E1,-1.932299411407E1,6.410922675853E1));
#2950=CARTESIAN_POINT('',(-3.422E1,-1.926002717331E1,6.402358738019E1));
#2951=CARTESIAN_POINT('',(-3.422E1,-1.922794009200E1,6.398013158464E1));
#2953=DIRECTION('',(0.E0,1.E0,0.E0));
#2954=VECTOR('',#2953,1.400554651958E0);
#2955=CARTESIAN_POINT('',(-3.522E1,-1.922794009200E1,6.701986841536E1));
#2956=LINE('',#2955,#2954);
#2957=CARTESIAN_POINT('',(-3.472E1,-1.922794009200E1,6.55E1));
#2958=DIRECTION('',(0.E0,-1.E0,0.E0));
#2959=DIRECTION('',(-3.125E-1,0.E0,9.499177595982E-1));
#2960=AXIS2_PLACEMENT_3D('',#2957,#2958,#2959);
#2962=DIRECTION('',(0.E0,1.E0,0.E0));
#2963=VECTOR('',#2962,1.400554651958E0);
#2964=CARTESIAN_POINT('',(-3.522E1,-1.922794009200E1,6.398013158464E1));
#2965=LINE('',#2964,#2963);
#2966=CARTESIAN_POINT('',(-3.472E1,-1.922794009200E1,6.55E1));
#2967=DIRECTION('',(0.E0,-1.E0,0.E0));
#2968=DIRECTION('',(3.125E-1,0.E0,-9.499177595982E-1));
#2969=AXIS2_PLACEMENT_3D('',#2966,#2967,#2968);
#2971=DIRECTION('',(0.E0,1.E0,0.E0));
#2972=VECTOR('',#2971,1.400554651958E0);
#2973=CARTESIAN_POINT('',(-3.422E1,-1.922794009200E1,6.701986841536E1));
#2974=LINE('',#2973,#2972);
#2975=DIRECTION('',(0.E0,1.E0,0.E0));
#2976=VECTOR('',#2975,1.400554651958E0);
#2977=CARTESIAN_POINT('',(-3.422E1,-1.922794009200E1,6.398013158464E1));
#2978=LINE('',#2977,#2976);
#2979=CARTESIAN_POINT('',(-3.472E1,-1.75E1,6.55E1));
#2980=DIRECTION('',(0.E0,1.E0,0.E0));
#2981=DIRECTION('',(-4.E-1,0.E0,-9.165151389912E-1));
#2982=AXIS2_PLACEMENT_3D('',#2979,#2980,#2981);
#2984=CARTESIAN_POINT('',(-3.522E1,-1.75E1,6.664564392374E1));
#2985=CARTESIAN_POINT('',(-3.522E1,-1.753415534821E1,6.668548469688E1));
#2986=CARTESIAN_POINT('',(-3.522E1,-1.760399427148E1,6.676628661862E1));
#2987=CARTESIAN_POINT('',(-3.522E1,-1.771324618876E1,6.689105072226E1));
#2988=CARTESIAN_POINT('',(-3.522E1,-1.778887636512E1,6.697652872919E1));
#2989=CARTESIAN_POINT('',(-3.522E1,-1.782738544004E1,6.701986841536E1));
#2991=CARTESIAN_POINT('',(-3.472E1,-1.782738544004E1,6.55E1));
#2992=DIRECTION('',(0.E0,-1.E0,0.E0));
#2993=DIRECTION('',(-3.125E-1,0.E0,9.499177595982E-1));
#2994=AXIS2_PLACEMENT_3D('',#2991,#2992,#2993);
#2996=CARTESIAN_POINT('',(-3.522E1,-1.782738544004E1,6.398013158464E1));
#2997=CARTESIAN_POINT('',(-3.522E1,-1.778896588675E1,6.402337051950E1));
#2998=CARTESIAN_POINT('',(-3.522E1,-1.771345419128E1,6.410871344846E1));
#2999=CARTESIAN_POINT('',(-3.522E1,-1.760419894760E1,6.423347786052E1));
#3000=CARTESIAN_POINT('',(-3.522E1,-1.753424237619E1,6.431441378865E1));
#3001=CARTESIAN_POINT('',(-3.522E1,-1.75E1,6.435435607626E1));
#3003=CARTESIAN_POINT('',(-3.472E1,-1.782738544004E1,6.55E1));
#3004=DIRECTION('',(0.E0,-1.E0,0.E0));
#3005=DIRECTION('',(3.125E-1,0.E0,-9.499177595982E-1));
#3006=AXIS2_PLACEMENT_3D('',#3003,#3004,#3005);
#3008=CARTESIAN_POINT('',(-3.422E1,-1.782738544004E1,6.701986841536E1));
#3009=CARTESIAN_POINT('',(-3.422E1,-1.778896588675E1,6.697662948050E1));
#3010=CARTESIAN_POINT('',(-3.422E1,-1.771345419128E1,6.689128655154E1));
#3011=CARTESIAN_POINT('',(-3.422E1,-1.760419894760E1,6.676652213948E1));
#3012=CARTESIAN_POINT('',(-3.422E1,-1.753424237619E1,6.668558621135E1));
#3013=CARTESIAN_POINT('',(-3.422E1,-1.75E1,6.664564392374E1));
#3015=CARTESIAN_POINT('',(-3.472E1,-1.75E1,6.55E1));
#3016=DIRECTION('',(0.E0,1.E0,0.E0));
#3017=DIRECTION('',(4.E-1,0.E0,9.165151389912E-1));
#3018=AXIS2_PLACEMENT_3D('',#3015,#3016,#3017);
#3020=CARTESIAN_POINT('',(-3.422E1,-1.75E1,6.435435607626E1));
#3021=CARTESIAN_POINT('',(-3.422E1,-1.753415534821E1,6.431451530312E1));
#3022=CARTESIAN_POINT('',(-3.422E1,-1.760399427148E1,6.423371338138E1));
#3023=CARTESIAN_POINT('',(-3.422E1,-1.771324618876E1,6.410894927774E1));
#3024=CARTESIAN_POINT('',(-3.422E1,-1.778887636512E1,6.402347127081E1));
#3025=CARTESIAN_POINT('',(-3.422E1,-1.782738544004E1,6.398013158464E1));
#3027=DIRECTION('',(0.E0,0.E0,1.E0));
#3028=VECTOR('',#3027,2.291287847478E0);
#3029=CARTESIAN_POINT('',(-3.522E1,-1.75E1,6.435435607626E1));
#3030=LINE('',#3029,#3028);
#3031=DIRECTION('',(0.E0,0.E0,1.E0));
#3032=VECTOR('',#3031,2.291287847478E0);
#3033=CARTESIAN_POINT('',(-3.422E1,-1.75E1,6.435435607626E1));
#3034=LINE('',#3033,#3032);
#3035=DIRECTION('',(0.E0,0.E0,1.E0));
#3036=VECTOR('',#3035,2.291287847478E0);
#3037=CARTESIAN_POINT('',(-5.22E0,-1.75E1,6.435435607626E1));
#3038=LINE('',#3037,#3036);
#3039=DIRECTION('',(0.E0,0.E0,1.E0));
#3040=VECTOR('',#3039,2.291287847478E0);
#3041=CARTESIAN_POINT('',(-4.22E0,-1.75E1,6.435435607626E1));
#3042=LINE('',#3041,#3040);
#3043=DIRECTION('',(-1.904583404603E-8,6.701301899223E-7,9.999999999998E-1));
#3044=VECTOR('',#3043,4.898979392073E0);
#3045=CARTESIAN_POINT('',(-5.219999943116E0,-2.300000104465E1,
6.305051052313E1));
#3046=LINE('',#3045,#3044);
#3047=CARTESIAN_POINT('',(-4.72E0,-2.152098012584E1,6.55E1));
#3048=DIRECTION('',(0.E0,1.E0,0.E0));
#3049=DIRECTION('',(-4.000009704414E-1,0.E0,-9.165147154552E-1));
#3050=AXIS2_PLACEMENT_3D('',#3047,#3048,#3049);
#3052=CARTESIAN_POINT('',(-5.220000012977E0,-2.152098025125E1,
6.664564399455E1));
#3053=CARTESIAN_POINT('',(-5.220000012977E0,-2.163230865624E1,
6.664564399027E1));
#3054=CARTESIAN_POINT('',(-5.219999993884E0,-2.185199359308E1,
6.667147372275E1));
#3055=CARTESIAN_POINT('',(-5.220000001941E0,-2.218824401777E1,
6.679831563997E1));
#3056=CARTESIAN_POINT('',(-5.219999998353E0,-2.248435437719E1,
6.700236068439E1));
#3057=CARTESIAN_POINT('',(-5.220000004646E0,-2.272988342726E1,
6.726877003290E1));
#3058=CARTESIAN_POINT('',(-5.219999983064E0,-2.291475462219E1,
6.759946778133E1));
#3059=CARTESIAN_POINT('',(-5.220000036421E0,-2.298011644319E1,
6.782940609814E1));
#3060=CARTESIAN_POINT('',(-5.220000036421E0,-2.299999776169E1,
6.794948991520E1));
#3062=CARTESIAN_POINT('',(-4.72E0,-2.299999629733E1,6.55E1));
#3063=DIRECTION('',(0.E0,-1.E0,0.E0));
#3064=DIRECTION('',(-2.000000010329E-1,0.E0,9.797958969024E-1));
#3065=AXIS2_PLACEMENT_3D('',#3062,#3063,#3064);
#3067=CARTESIAN_POINT('',(-5.219999943116E0,-2.300000104465E1,
6.305051052313E1));
#3068=CARTESIAN_POINT('',(-5.219999943116E0,-2.298016618628E1,
6.317031015441E1));
#3069=CARTESIAN_POINT('',(-5.220000027437E0,-2.291461783604E1,
6.339958426362E1));
#3070=CARTESIAN_POINT('',(-5.219999989296E0,-2.273501393748E1,
6.372380004558E1));
#3071=CARTESIAN_POINT('',(-5.220000015378E0,-2.248806961808E1,
6.399498039758E1));
#3072=CARTESIAN_POINT('',(-5.219999949191E0,-2.218982480809E1,
6.420094464729E1));
#3073=CARTESIAN_POINT('',(-5.220000187859E0,-2.185286580117E1,
6.432838954529E1));
#3074=CARTESIAN_POINT('',(-5.219999595535E0,-2.163256382779E1,
6.435435817487E1));
#3075=CARTESIAN_POINT('',(-5.219999595535E0,-2.152097876962E1,
6.435435828208E1));
#3077=DIRECTION('',(-2.057664369120E-7,9.999999999993E-1,-1.122182779100E-6));
#3078=VECTOR('',#3077,1.965653237573E0);
#3079=CARTESIAN_POINT('',(-5.219999595535E0,-2.152097876962E1,
6.435435828208E1));
#3080=LINE('',#3079,#3078);
#3081=DIRECTION('',(6.602021538955E-9,1.E0,-3.602293549898E-8));
#3082=VECTOR('',#3081,1.965654719203E0);
#3083=CARTESIAN_POINT('',(-5.220000012977E0,-2.152098025125E1,
6.664564399455E1));
#3084=LINE('',#3083,#3082);
#3085=CARTESIAN_POINT('',(-4.72E0,-1.955532553205E1,6.55E1));
#3086=DIRECTION('',(0.E0,-1.E0,0.E0));
#3087=DIRECTION('',(-4.E-1,0.E0,9.165151389912E-1));
#3088=AXIS2_PLACEMENT_3D('',#3085,#3086,#3087);
#3090=CARTESIAN_POINT('',(-5.22E0,-1.922794009200E1,6.398013158464E1));
#3091=CARTESIAN_POINT('',(-5.22E0,-1.926635964529E1,6.402337051950E1));
#3092=CARTESIAN_POINT('',(-5.22E0,-1.934187134077E1,6.410871344846E1));
#3093=CARTESIAN_POINT('',(-5.22E0,-1.945112658445E1,6.423347786052E1));
#3094=CARTESIAN_POINT('',(-5.22E0,-1.952108315585E1,6.431441378865E1));
#3095=CARTESIAN_POINT('',(-5.22E0,-1.955532553205E1,6.435435607626E1));
#3097=CARTESIAN_POINT('',(-4.72E0,-1.922794009200E1,6.55E1));
#3098=DIRECTION('',(0.E0,1.E0,0.E0));
#3099=DIRECTION('',(-3.125E-1,0.E0,-9.499177595982E-1));
#3100=AXIS2_PLACEMENT_3D('',#3097,#3098,#3099);
#3102=CARTESIAN_POINT('',(-5.22E0,-1.955532553205E1,6.664564392374E1));
#3103=CARTESIAN_POINT('',(-5.22E0,-1.952117018384E1,6.668548469688E1));
#3104=CARTESIAN_POINT('',(-5.22E0,-1.945133126057E1,6.676628661862E1));
#3105=CARTESIAN_POINT('',(-5.22E0,-1.934207934329E1,6.689105072226E1));
#3106=CARTESIAN_POINT('',(-5.22E0,-1.926644916693E1,6.697652872919E1));
#3107=CARTESIAN_POINT('',(-5.22E0,-1.922794009200E1,6.701986841536E1));
#3109=CARTESIAN_POINT('',(-4.72E0,-1.922794009200E1,6.55E1));
#3110=DIRECTION('',(0.E0,1.E0,0.E0));
#3111=DIRECTION('',(3.125E-1,0.E0,9.499177595982E-1));
#3112=AXIS2_PLACEMENT_3D('',#3109,#3110,#3111);
#3114=CARTESIAN_POINT('',(-4.22E0,-1.955532553205E1,6.435435607626E1));
#3115=CARTESIAN_POINT('',(-4.22E0,-1.952117018384E1,6.431451530312E1));
#3116=CARTESIAN_POINT('',(-4.22E0,-1.945133126057E1,6.423371338138E1));
#3117=CARTESIAN_POINT('',(-4.22E0,-1.934207934329E1,6.410894927774E1));
#3118=CARTESIAN_POINT('',(-4.22E0,-1.926644916693E1,6.402347127081E1));
#3119=CARTESIAN_POINT('',(-4.22E0,-1.922794009200E1,6.398013158464E1));
#3121=CARTESIAN_POINT('',(-4.72E0,-1.955532553205E1,6.55E1));
#3122=DIRECTION('',(0.E0,-1.E0,0.E0));
#3123=DIRECTION('',(4.E-1,0.E0,-9.165151389912E-1));
#3124=AXIS2_PLACEMENT_3D('',#3121,#3122,#3123);
#3126=CARTESIAN_POINT('',(-4.22E0,-1.922794009200E1,6.701986841536E1));
#3127=CARTESIAN_POINT('',(-4.22E0,-1.926635964529E1,6.697662948050E1));
#3128=CARTESIAN_POINT('',(-4.22E0,-1.934187134077E1,6.689128655154E1));
#3129=CARTESIAN_POINT('',(-4.22E0,-1.945112658445E1,6.676652213948E1));
#3130=CARTESIAN_POINT('',(-4.22E0,-1.952108315585E1,6.668558621135E1));
#3131=CARTESIAN_POINT('',(-4.22E0,-1.955532553205E1,6.664564392374E1));
#3133=DIRECTION('',(0.E0,1.E0,0.E0));
#3134=VECTOR('',#3133,1.400554651958E0);
#3135=CARTESIAN_POINT('',(-5.22E0,-1.922794009200E1,6.398013158464E1));
#3136=LINE('',#3135,#3134);
#3137=CARTESIAN_POINT('',(-4.72E0,-1.782738544004E1,6.55E1));
#3138=DIRECTION('',(0.E0,1.E0,0.E0));
#3139=DIRECTION('',(-3.125E-1,0.E0,-9.499177595982E-1));
#3140=AXIS2_PLACEMENT_3D('',#3137,#3138,#3139);
#3142=DIRECTION('',(0.E0,1.E0,0.E0));
#3143=VECTOR('',#3142,1.400554651958E0);
#3144=CARTESIAN_POINT('',(-5.22E0,-1.922794009200E1,6.701986841536E1));
#3145=LINE('',#3144,#3143);
#3146=CARTESIAN_POINT('',(-4.72E0,-1.782738544004E1,6.55E1));
#3147=DIRECTION('',(0.E0,1.E0,0.E0));
#3148=DIRECTION('',(3.125E-1,0.E0,9.499177595982E-1));
#3149=AXIS2_PLACEMENT_3D('',#3146,#3147,#3148);
#3151=DIRECTION('',(0.E0,1.E0,0.E0));
#3152=VECTOR('',#3151,1.400554651958E0);
#3153=CARTESIAN_POINT('',(-4.22E0,-1.922794009200E1,6.398013158464E1));
#3154=LINE('',#3153,#3152);
#3155=DIRECTION('',(0.E0,1.E0,0.E0));
#3156=VECTOR('',#3155,1.400554651958E0);
#3157=CARTESIAN_POINT('',(-4.22E0,-1.922794009200E1,6.701986841536E1));
#3158=LINE('',#3157,#3156);
#3159=CARTESIAN_POINT('',(-5.22E0,-1.782738544004E1,6.398013158464E1));
#3160=CARTESIAN_POINT('',(-5.22E0,-1.778896588675E1,6.402337051950E1));
#3161=CARTESIAN_POINT('',(-5.22E0,-1.771345419128E1,6.410871344846E1));
#3162=CARTESIAN_POINT('',(-5.22E0,-1.760419894760E1,6.423347786052E1));
#3163=CARTESIAN_POINT('',(-5.22E0,-1.753424237619E1,6.431441378865E1));
#3164=CARTESIAN_POINT('',(-5.22E0,-1.75E1,6.435435607626E1));
#3166=CARTESIAN_POINT('',(-4.72E0,-1.75E1,6.55E1));
#3167=DIRECTION('',(0.E0,1.E0,0.E0));
#3168=DIRECTION('',(-4.E-1,0.E0,-9.165151389912E-1));
#3169=AXIS2_PLACEMENT_3D('',#3166,#3167,#3168);
#3171=CARTESIAN_POINT('',(-5.22E0,-1.75E1,6.664564392374E1));
#3172=CARTESIAN_POINT('',(-5.22E0,-1.753415534821E1,6.668548469688E1));
#3173=CARTESIAN_POINT('',(-5.22E0,-1.760399427148E1,6.676628661862E1));
#3174=CARTESIAN_POINT('',(-5.22E0,-1.771324618876E1,6.689105072226E1));
#3175=CARTESIAN_POINT('',(-5.22E0,-1.778887636512E1,6.697652872919E1));
#3176=CARTESIAN_POINT('',(-5.22E0,-1.782738544004E1,6.701986841536E1));
#3178=CARTESIAN_POINT('',(-4.72E0,-1.75E1,6.55E1));
#3179=DIRECTION('',(0.E0,1.E0,0.E0));
#3180=DIRECTION('',(4.E-1,0.E0,9.165151389912E-1));
#3181=AXIS2_PLACEMENT_3D('',#3178,#3179,#3180);
#3183=CARTESIAN_POINT('',(-4.22E0,-1.75E1,6.435435607626E1));
#3184=CARTESIAN_POINT('',(-4.22E0,-1.753415534821E1,6.431451530312E1));
#3185=CARTESIAN_POINT('',(-4.22E0,-1.760399427148E1,6.423371338138E1));
#3186=CARTESIAN_POINT('',(-4.22E0,-1.771324618876E1,6.410894927774E1));
#3187=CARTESIAN_POINT('',(-4.22E0,-1.778887636512E1,6.402347127081E1));
#3188=CARTESIAN_POINT('',(-4.22E0,-1.782738544004E1,6.398013158464E1));
#3190=CARTESIAN_POINT('',(-4.22E0,-1.782738544004E1,6.701986841536E1));
#3191=CARTESIAN_POINT('',(-4.22E0,-1.778896588675E1,6.697662948050E1));
#3192=CARTESIAN_POINT('',(-4.22E0,-1.771345419128E1,6.689128655154E1));
#3193=CARTESIAN_POINT('',(-4.22E0,-1.760419894760E1,6.676652213948E1));
#3194=CARTESIAN_POINT('',(-4.22E0,-1.753424237619E1,6.668558621135E1));
#3195=CARTESIAN_POINT('',(-4.22E0,-1.75E1,6.664564392374E1));
#3197=DIRECTION('',(0.E0,0.E0,-1.E0));
#3198=VECTOR('',#3197,5.E0);
#3199=CARTESIAN_POINT('',(-4.22E0,-2.3E1,6.8E1));
#3200=LINE('',#3199,#3198);
#3201=CARTESIAN_POINT('',(-4.22E0,-2.15E1,6.435435607626E1));
#3202=CARTESIAN_POINT('',(-4.22E0,-2.161467760351E1,6.435435607626E1));
#3203=CARTESIAN_POINT('',(-4.22E0,-2.183981020363E1,6.432641010044E1));
#3204=CARTESIAN_POINT('',(-4.22E0,-2.217305315937E1,6.419872461156E1));
#3205=CARTESIAN_POINT('',(-4.22E0,-2.247720618634E1,6.398737361046E1));
#3206=CARTESIAN_POINT('',(-4.22E0,-2.272973086265E1,6.370316160810E1));
#3207=CARTESIAN_POINT('',(-4.22E0,-2.290806360220E1,6.336587332497E1));
#3208=CARTESIAN_POINT('',(-4.22E0,-2.296991857695E1,6.312568700115E1));
#3209=CARTESIAN_POINT('',(-4.22E0,-2.298654083778E1,6.3E1));
#3211=DIRECTION('',(0.E0,1.E0,0.E0));
#3212=VECTOR('',#3211,1.345916222252E-2);
#3213=CARTESIAN_POINT('',(-4.22E0,-2.3E1,6.8E1));
#3214=LINE('',#3213,#3212);
#3215=DIRECTION('',(6.599061702472E-14,-1.E0,1.055849872395E-12));
#3216=VECTOR('',#3215,1.345916222252E-2);
#3217=CARTESIAN_POINT('',(-4.22E0,-2.298654083778E1,6.3E1));
#3218=LINE('',#3217,#3216);
#3219=CARTESIAN_POINT('',(-4.72E0,-2.15E1,6.55E1));
#3220=DIRECTION('',(0.E0,1.E0,0.E0));
#3221=DIRECTION('',(4.E-1,0.E0,9.165151389912E-1));
#3222=AXIS2_PLACEMENT_3D('',#3219,#3220,#3221);
#3224=CARTESIAN_POINT('',(-4.22E0,-2.298654083778E1,6.3E1));
#3225=CARTESIAN_POINT('',(-4.112723871896E0,-2.298937831781E1,6.3E1));
#3226=CARTESIAN_POINT('',(-3.897897387242E0,-2.299597585413E1,6.3E1));
#3227=CARTESIAN_POINT('',(-3.682321566650E0,-2.3E1,6.3E1));
#3228=CARTESIAN_POINT('',(-3.574356076261E0,-2.3E1,6.3E1));
#3230=CARTESIAN_POINT('',(-1.999941354592E0,-2.3E1,6.509530178204E1));
#3231=CARTESIAN_POINT('',(-1.999941354592E0,-2.3E1,6.518400323205E1));
#3232=CARTESIAN_POINT('',(-2.000019366225E0,-2.299968612304E1,
6.536172453873E1));
#3233=CARTESIAN_POINT('',(-2.000020186323E0,-2.299968629460E1,
6.563837235666E1));
#3234=CARTESIAN_POINT('',(-1.999939987762E0,-2.3E1,6.581602777413E1));
#3235=CARTESIAN_POINT('',(-1.999939987762E0,-2.3E1,6.590468901256E1));
#3237=CARTESIAN_POINT('',(-4.22E0,-2.298654083778E1,6.8E1));
#3238=CARTESIAN_POINT('',(-4.22E0,-2.296988701712E1,6.787407436343E1));
#3239=CARTESIAN_POINT('',(-4.22E0,-2.290793918509E1,6.763360356642E1));
#3240=CARTESIAN_POINT('',(-4.22E0,-2.272898679676E1,6.729586097081E1));
#3241=CARTESIAN_POINT('',(-4.22E0,-2.247739785027E1,6.701286858660E1));
#3242=CARTESIAN_POINT('',(-4.22E0,-2.217280601021E1,6.680108417114E1));
#3243=CARTESIAN_POINT('',(-4.22E0,-2.183954352010E1,6.667354649015E1));
#3244=CARTESIAN_POINT('',(-4.22E0,-2.161455567856E1,6.664564392374E1));
#3245=CARTESIAN_POINT('',(-4.22E0,-2.15E1,6.664564392374E1));
#3247=DIRECTION('',(0.E0,1.E0,0.E0));
#3248=VECTOR('',#3247,1.944674467952E0);
#3249=CARTESIAN_POINT('',(-4.22E0,-2.15E1,6.664564392374E1));
#3250=LINE('',#3249,#3248);
#3251=DIRECTION('',(0.E0,1.E0,0.E0));
#3252=VECTOR('',#3251,1.944674467952E0);
#3253=CARTESIAN_POINT('',(-4.22E0,-2.15E1,6.435435607626E1));
#3254=LINE('',#3253,#3252);
#3255=DIRECTION('',(0.E0,0.E0,-1.E0));
#3256=VECTOR('',#3255,7.2E1);
#3257=CARTESIAN_POINT('',(-2.E0,-7.1E0,8.1E1));
#3258=LINE('',#3257,#3256);
#3259=DIRECTION('',(0.E0,-1.E0,0.E0));
#3260=VECTOR('',#3259,1.447330575340E0);
#3261=CARTESIAN_POINT('',(-2.E0,-5.652669424660E0,9.E0));
#3262=LINE('',#3261,#3260);
#3263=DIRECTION('',(0.E0,0.E0,-1.E0));
#3264=VECTOR('',#3263,7.2E1);
#3265=CARTESIAN_POINT('',(-2.E0,-5.652669424660E0,8.1E1));
#3266=LINE('',#3265,#3264);
#3267=DIRECTION('',(0.E0,-1.E0,0.E0));
#3268=VECTOR('',#3267,1.447330575340E0);
#3269=CARTESIAN_POINT('',(-2.E0,-5.652669424660E0,8.1E1));
#3270=LINE('',#3269,#3268);
#3271=DIRECTION('',(0.E0,-1.E0,0.E0));
#3272=VECTOR('',#3271,6.771243444677E-1);
#3273=CARTESIAN_POINT('',(-2.E0,-1.542287565553E1,4.2E1));
#3274=LINE('',#3273,#3272);
#3275=DIRECTION('',(0.E0,0.E0,1.E0));
#3276=VECTOR('',#3275,2.E0);
#3277=CARTESIAN_POINT('',(-2.E0,-1.542287565553E1,4.2E1));
#3278=LINE('',#3277,#3276);
#3279=DIRECTION('',(0.E0,1.E0,0.E0));
#3280=VECTOR('',#3279,6.771243444677E-1);
#3281=CARTESIAN_POINT('',(-2.E0,-1.61E1,4.4E1));
#3282=LINE('',#3281,#3280);
#3283=DIRECTION('',(0.E0,0.E0,1.E0));
#3284=VECTOR('',#3283,2.E0);
#3285=CARTESIAN_POINT('',(-2.E0,-1.61E1,4.2E1));
#3286=LINE('',#3285,#3284);
#3287=DIRECTION('',(0.E0,-1.E0,0.E0));
#3288=VECTOR('',#3287,6.771243444677E-1);
#3289=CARTESIAN_POINT('',(-2.E0,-1.542287565553E1,3.8E1));
#3290=LINE('',#3289,#3288);
#3291=DIRECTION('',(0.E0,0.E0,1.E0));
#3292=VECTOR('',#3291,2.E0);
#3293=CARTESIAN_POINT('',(-2.E0,-1.542287565553E1,3.8E1));
#3294=LINE('',#3293,#3292);
#3295=DIRECTION('',(0.E0,1.E0,0.E0));
#3296=VECTOR('',#3295,6.771243444677E-1);
#3297=CARTESIAN_POINT('',(-2.E0,-1.61E1,4.E1));
#3298=LINE('',#3297,#3296);
#3299=DIRECTION('',(0.E0,0.E0,1.E0));
#3300=VECTOR('',#3299,2.E0);
#3301=CARTESIAN_POINT('',(-2.E0,-1.61E1,3.8E1));
#3302=LINE('',#3301,#3300);
#3303=DIRECTION('',(0.E0,-1.E0,0.E0));
#3304=VECTOR('',#3303,6.771243444677E-1);
#3305=CARTESIAN_POINT('',(-2.E0,-1.542287565553E1,3.4E1));
#3306=LINE('',#3305,#3304);
#3307=DIRECTION('',(0.E0,0.E0,1.E0));
#3308=VECTOR('',#3307,2.E0);
#3309=CARTESIAN_POINT('',(-2.E0,-1.542287565553E1,3.4E1));
#3310=LINE('',#3309,#3308);
#3311=DIRECTION('',(0.E0,1.E0,0.E0));
#3312=VECTOR('',#3311,6.771243444677E-1);
#3313=CARTESIAN_POINT('',(-2.E0,-1.61E1,3.6E1));
#3314=LINE('',#3313,#3312);
#3315=DIRECTION('',(0.E0,0.E0,1.E0));
#3316=VECTOR('',#3315,2.E0);
#3317=CARTESIAN_POINT('',(-2.E0,-1.61E1,3.4E1));
#3318=LINE('',#3317,#3316);
#3319=DIRECTION('',(0.E0,-1.E0,0.E0));
#3320=VECTOR('',#3319,6.771243444677E-1);
#3321=CARTESIAN_POINT('',(-2.E0,-1.542287565553E1,3.E1));
#3322=LINE('',#3321,#3320);
#3323=DIRECTION('',(0.E0,0.E0,1.E0));
#3324=VECTOR('',#3323,2.E0);
#3325=CARTESIAN_POINT('',(-2.E0,-1.542287565553E1,3.E1));
#3326=LINE('',#3325,#3324);
#3327=DIRECTION('',(0.E0,1.E0,0.E0));
#3328=VECTOR('',#3327,6.771243444677E-1);
#3329=CARTESIAN_POINT('',(-2.E0,-1.61E1,3.2E1));
#3330=LINE('',#3329,#3328);
#3331=DIRECTION('',(0.E0,0.E0,1.E0));
#3332=VECTOR('',#3331,2.E0);
#3333=CARTESIAN_POINT('',(-2.E0,-1.61E1,3.E1));
#3334=LINE('',#3333,#3332);
#3335=DIRECTION('',(0.E0,1.E0,0.E0));
#3336=VECTOR('',#3335,6.771243444677E-1);
#3337=CARTESIAN_POINT('',(-2.E0,-1.61E1,2.8E1));
#3338=LINE('',#3337,#3336);
#3339=DIRECTION('',(0.E0,0.E0,1.E0));
#3340=VECTOR('',#3339,1.6E1);
#3341=CARTESIAN_POINT('',(-2.E0,-1.61E1,1.2E1));
#3342=LINE('',#3341,#3340);
#3343=DIRECTION('',(0.E0,1.E0,0.E0));
#3344=VECTOR('',#3343,1.248331477355E1);
#3345=CARTESIAN_POINT('',(-2.E0,-2.858331477355E1,1.2E1));
#3346=LINE('',#3345,#3344);
#3347=DIRECTION('',(0.E0,0.E0,1.E0));
#3348=VECTOR('',#3347,3.5E1);
#3349=CARTESIAN_POINT('',(-2.E0,-2.858331477355E1,1.2E1));
#3350=LINE('',#3349,#3348);
#3351=DIRECTION('',(0.E0,1.E0,0.E0));
#3352=VECTOR('',#3351,1.248331477355E1);
#3353=CARTESIAN_POINT('',(-2.E0,-2.858331477355E1,4.7E1));
#3354=LINE('',#3353,#3352);
#3355=DIRECTION('',(0.E0,0.E0,1.E0));
#3356=VECTOR('',#3355,1.E0);
#3357=CARTESIAN_POINT('',(-2.E0,-1.61E1,4.6E1));
#3358=LINE('',#3357,#3356);
#3359=DIRECTION('',(0.E0,-1.E0,0.E0));
#3360=VECTOR('',#3359,6.771243444677E-1);
#3361=CARTESIAN_POINT('',(-2.E0,-1.542287565553E1,4.6E1));
#3362=LINE('',#3361,#3360);
#3363=DIRECTION('',(0.E0,0.E0,1.E0));
#3364=VECTOR('',#3363,1.E0);
#3365=CARTESIAN_POINT('',(-2.E0,-1.542287565553E1,4.6E1));
#3366=LINE('',#3365,#3364);
#3367=DIRECTION('',(0.E0,1.E0,0.E0));
#3368=VECTOR('',#3367,3.670206230873E0);
#3369=CARTESIAN_POINT('',(-2.E0,-1.542287565553E1,4.7E1));
#3370=LINE('',#3369,#3368);
#3371=DIRECTION('',(0.E0,0.E0,-1.E0));
#3372=VECTOR('',#3371,3.4E1);
#3373=CARTESIAN_POINT('',(-2.E0,-1.175266942466E1,8.1E1));
#3374=LINE('',#3373,#3372);
#3375=DIRECTION('',(0.E0,-1.E0,0.E0));
#3376=VECTOR('',#3375,2.624733057534E1);
#3377=CARTESIAN_POINT('',(-2.E0,-1.175266942466E1,8.1E1));
#3378=LINE('',#3377,#3376);
#3379=DIRECTION('',(0.E0,1.E0,0.E0));
#3380=VECTOR('',#3379,1.5E1);
#3381=CARTESIAN_POINT('',(-2.E0,-3.8E1,6.8E1));
#3382=LINE('',#3381,#3380);
#3383=DIRECTION('',(-2.864120815705E-5,0.E0,9.999999995898E-1));
#3384=VECTOR('',#3383,2.095310988304E0);
#3385=CARTESIAN_POINT('',(-1.999939987762E0,-2.3E1,6.590468901256E1));
#3386=LINE('',#3385,#3384);
#3387=DIRECTION('',(2.798900282649E-5,0.E0,9.999999996083E-1));
#3388=VECTOR('',#3387,2.095301782862E0);
#3389=CARTESIAN_POINT('',(-2.E0,-2.3E1,6.3E1));
#3390=LINE('',#3389,#3388);
#3391=DIRECTION('',(0.E0,1.E0,0.E0));
#3392=VECTOR('',#3391,1.5E1);
#3393=CARTESIAN_POINT('',(-2.E0,-3.8E1,6.3E1));
#3394=LINE('',#3393,#3392);
#3395=DIRECTION('',(0.E0,-1.E0,0.E0));
#3396=VECTOR('',#3395,2.624733057534E1);
#3397=CARTESIAN_POINT('',(-2.E0,-1.175266942466E1,9.E0));
#3398=LINE('',#3397,#3396);
#3399=DIRECTION('',(0.E0,0.E0,-1.E0));
#3400=VECTOR('',#3399,3.E0);
#3401=CARTESIAN_POINT('',(-2.E0,-1.175266942466E1,1.2E1));
#3402=LINE('',#3401,#3400);
#3403=DIRECTION('',(0.E0,1.E0,0.E0));
#3404=VECTOR('',#3403,3.670206230873E0);
#3405=CARTESIAN_POINT('',(-2.E0,-1.542287565553E1,1.2E1));
#3406=LINE('',#3405,#3404);
#3407=DIRECTION('',(0.E0,0.E0,1.E0));
#3408=VECTOR('',#3407,1.6E1);
#3409=CARTESIAN_POINT('',(-2.E0,-1.542287565553E1,1.2E1));
#3410=LINE('',#3409,#3408);
#3411=CARTESIAN_POINT('',(-2.E0,-1.3E1,4.9E1));
#3412=DIRECTION('',(-1.E0,0.E0,0.E0));
#3413=DIRECTION('',(0.E0,0.E0,1.E0));
#3414=AXIS2_PLACEMENT_3D('',#3411,#3412,#3413);
#3416=DIRECTION('',(0.E0,-1.E0,0.E0));
#3417=VECTOR('',#3416,1.4E1);
#3418=CARTESIAN_POINT('',(-2.E0,-1.3E1,4.8E1));
#3419=LINE('',#3418,#3417);
#3420=CARTESIAN_POINT('',(-2.E0,-2.7E1,4.9E1));
#3421=DIRECTION('',(-1.E0,0.E0,0.E0));
#3422=DIRECTION('',(0.E0,0.E0,-1.E0));
#3423=AXIS2_PLACEMENT_3D('',#3420,#3421,#3422);
#3425=DIRECTION('',(0.E0,1.E0,0.E0));
#3426=VECTOR('',#3425,1.4E1);
#3427=CARTESIAN_POINT('',(-2.E0,-2.7E1,5.E1));
#3428=LINE('',#3427,#3426);
#3429=CARTESIAN_POINT('',(-2.E0,-1.3E1,5.3E1));
#3430=DIRECTION('',(-1.E0,0.E0,0.E0));
#3431=DIRECTION('',(0.E0,0.E0,1.E0));
#3432=AXIS2_PLACEMENT_3D('',#3429,#3430,#3431);
#3434=DIRECTION('',(0.E0,-1.E0,0.E0));
#3435=VECTOR('',#3434,1.4E1);
#3436=CARTESIAN_POINT('',(-2.E0,-1.3E1,5.2E1));
#3437=LINE('',#3436,#3435);
#3438=CARTESIAN_POINT('',(-2.E0,-2.7E1,5.3E1));
#3439=DIRECTION('',(-1.E0,0.E0,0.E0));
#3440=DIRECTION('',(0.E0,0.E0,-1.E0));
#3441=AXIS2_PLACEMENT_3D('',#3438,#3439,#3440);
#3443=DIRECTION('',(0.E0,1.E0,0.E0));
#3444=VECTOR('',#3443,1.4E1);
#3445=CARTESIAN_POINT('',(-2.E0,-2.7E1,5.4E1));
#3446=LINE('',#3445,#3444);
#3447=CARTESIAN_POINT('',(-2.E0,-1.3E1,5.7E1));
#3448=DIRECTION('',(-1.E0,0.E0,0.E0));
#3449=DIRECTION('',(0.E0,0.E0,1.E0));
#3450=AXIS2_PLACEMENT_3D('',#3447,#3448,#3449);
#3452=DIRECTION('',(0.E0,-1.E0,0.E0));
#3453=VECTOR('',#3452,1.4E1);
#3454=CARTESIAN_POINT('',(-2.E0,-1.3E1,5.6E1));
#3455=LINE('',#3454,#3453);
#3456=CARTESIAN_POINT('',(-2.E0,-2.7E1,5.7E1));
#3457=DIRECTION('',(-1.E0,0.E0,0.E0));
#3458=DIRECTION('',(0.E0,0.E0,-1.E0));
#3459=AXIS2_PLACEMENT_3D('',#3456,#3457,#3458);
#3461=DIRECTION('',(0.E0,1.E0,0.E0));
#3462=VECTOR('',#3461,1.4E1);
#3463=CARTESIAN_POINT('',(-2.E0,-2.7E1,5.8E1));
#3464=LINE('',#3463,#3462);
#3465=CARTESIAN_POINT('',(-2.E0,-1.3E1,6.1E1));
#3466=DIRECTION('',(-1.E0,0.E0,0.E0));
#3467=DIRECTION('',(0.E0,0.E0,1.E0));
#3468=AXIS2_PLACEMENT_3D('',#3465,#3466,#3467);
#3470=DIRECTION('',(0.E0,-1.E0,0.E0));
#3471=VECTOR('',#3470,1.4E1);
#3472=CARTESIAN_POINT('',(-2.E0,-1.3E1,6.E1));
#3473=LINE('',#3472,#3471);
#3474=CARTESIAN_POINT('',(-2.E0,-2.7E1,6.1E1));
#3475=DIRECTION('',(-1.E0,0.E0,0.E0));
#3476=DIRECTION('',(0.E0,0.E0,-1.E0));
#3477=AXIS2_PLACEMENT_3D('',#3474,#3475,#3476);
#3479=DIRECTION('',(0.E0,1.E0,0.E0));
#3480=VECTOR('',#3479,1.4E1);
#3481=CARTESIAN_POINT('',(-2.E0,-2.7E1,6.2E1));
#3482=LINE('',#3481,#3480);
#3483=DIRECTION('',(0.E0,0.E0,-1.E0));
#3484=VECTOR('',#3483,2.652669424660E0);
#3485=CARTESIAN_POINT('',(-7.249307727057E1,-7.1E0,8.8E1));
#3486=LINE('',#3485,#3484);
#3487=DIRECTION('',(0.E0,0.E0,1.E0));
#3488=VECTOR('',#3487,2.652669424660E0);
#3489=CARTESIAN_POINT('',(-7.249307727057E1,-7.1E0,2.E0));
#3490=LINE('',#3489,#3488);
#3491=DIRECTION('',(0.E0,0.E0,-1.E0));
#3492=VECTOR('',#3491,2.652669424660E0);
#3493=CARTESIAN_POINT('',(-8.1E1,-8.6E0,8.8E1));
#3494=LINE('',#3493,#3492);
#3495=CARTESIAN_POINT('',(-8.1E1,-8.6E0,8.8E1));
#3496=DIRECTION('',(0.E0,1.E0,0.E0));
#3497=DIRECTION('',(0.E0,0.E0,-1.E0));
#3498=AXIS2_PLACEMENT_3D('',#3495,#3496,#3497);
#3500=DIRECTION('',(0.E0,1.E0,0.E0));
#3501=VECTOR('',#3500,5.E-1);
#3502=CARTESIAN_POINT('',(-8.1E1,-9.1E0,8.534733057534E1));
#3503=LINE('',#3502,#3501);
#3504=DIRECTION('',(0.E0,-1.E0,0.E0));
#3505=VECTOR('',#3504,2.E0);
#3506=CARTESIAN_POINT('',(-9.E0,-7.1E0,8.534733057534E1));
#3507=LINE('',#3506,#3505);
#3508=DIRECTION('',(-1.E0,0.E0,0.E0));
#3509=VECTOR('',#3508,6.349307727057E1);
#3510=CARTESIAN_POINT('',(-9.E0,-7.1E0,8.534733057534E1));
#3511=LINE('',#3510,#3509);
#3512=DIRECTION('',(-9.848077530122E-1,-1.736481776669E-1,0.E0));
#3513=VECTOR('',#3512,8.638155724715E0);
#3514=CARTESIAN_POINT('',(-7.249307727057E1,-7.1E0,8.534733057534E1));
#3515=LINE('',#3514,#3513);
#3516=DIRECTION('',(0.E0,-1.E0,0.E0));
#3517=VECTOR('',#3516,2.E0);
#3518=CARTESIAN_POINT('',(-4.652669424660E0,-7.1E0,8.1E1));
#3519=LINE('',#3518,#3517);
#3520=CARTESIAN_POINT('',(-9.E0,-7.1E0,8.1E1));
#3521=DIRECTION('',(0.E0,-1.E0,0.E0));
#3522=DIRECTION('',(1.E0,0.E0,0.E0));
#3523=AXIS2_PLACEMENT_3D('',#3520,#3521,#3522);
#3525=DIRECTION('',(0.E0,-1.E0,0.E0));
#3526=VECTOR('',#3525,2.E0);
#3527=CARTESIAN_POINT('',(-4.652669424660E0,-7.1E0,9.E0));
#3528=LINE('',#3527,#3526);
#3529=DIRECTION('',(0.E0,0.E0,1.E0));
#3530=VECTOR('',#3529,7.2E1);
#3531=CARTESIAN_POINT('',(-4.652669424660E0,-7.1E0,9.E0));
#3532=LINE('',#3531,#3530);
#3533=DIRECTION('',(-1.E0,0.E0,0.E0));
#3534=VECTOR('',#3533,2.E0);
#3535=CARTESIAN_POINT('',(-2.E0,-1.61E1,1.2E1));
#3536=LINE('',#3535,#3534);
#3537=DIRECTION('',(0.E0,-1.E0,0.E0));
#3538=VECTOR('',#3537,5.E0);
#3539=CARTESIAN_POINT('',(-4.E0,-1.61E1,1.2E1));
#3540=LINE('',#3539,#3538);
#3541=CARTESIAN_POINT('',(-1.7E1,-2.858331477355E1,1.2E1));
#3542=DIRECTION('',(0.E0,0.E0,-1.E0));
#3543=DIRECTION('',(8.666666666667E-1,4.988876515699E-1,0.E0));
#3544=AXIS2_PLACEMENT_3D('',#3541,#3542,#3543);
#3546=DIRECTION('',(0.E0,-1.E0,0.E0));
#3547=VECTOR('',#3546,2.841779106126E0);
#3548=CARTESIAN_POINT('',(-4.652669424660E0,-9.1E0,1.2E1));
#3549=LINE('',#3548,#3547);
#3550=DIRECTION('',(7.071067811865E-1,-7.071067811865E-1,0.E0));
#3551=VECTOR('',#3550,2.923013952100E0);
#3552=CARTESIAN_POINT('',(-4.652669424660E0,-1.194177910613E1,1.2E1));
#3553=LINE('',#3552,#3551);
#3554=CARTESIAN_POINT('',(-4.E0,-1.542287565553E1,1.2E1));
#3555=DIRECTION('',(0.E0,0.E0,-1.E0));
#3556=DIRECTION('',(7.071067811865E-1,7.071067811866E-1,0.E0));
#3557=AXIS2_PLACEMENT_3D('',#3554,#3555,#3556);
#3559=DIRECTION('',(-1.E0,0.E0,0.E0));
#3560=VECTOR('',#3559,2.E0);
#3561=CARTESIAN_POINT('',(-2.E0,-1.61E1,4.6E1));
#3562=LINE('',#3561,#3560);
#3563=DIRECTION('',(-1.E0,0.E0,0.E0));
#3564=VECTOR('',#3563,2.E0);
#3565=CARTESIAN_POINT('',(-2.E0,-1.61E1,4.2E1));
#3566=LINE('',#3565,#3564);
#3567=DIRECTION('',(-1.E0,0.E0,0.E0));
#3568=VECTOR('',#3567,2.E0);
#3569=CARTESIAN_POINT('',(-2.E0,-1.61E1,4.4E1));
#3570=LINE('',#3569,#3568);
#3571=DIRECTION('',(-1.E0,0.E0,0.E0));
#3572=VECTOR('',#3571,2.E0);
#3573=CARTESIAN_POINT('',(-2.E0,-1.61E1,3.8E1));
#3574=LINE('',#3573,#3572);
#3575=DIRECTION('',(-1.E0,0.E0,0.E0));
#3576=VECTOR('',#3575,2.E0);
#3577=CARTESIAN_POINT('',(-2.E0,-1.61E1,4.E1));
#3578=LINE('',#3577,#3576);
#3579=DIRECTION('',(-1.E0,0.E0,0.E0));
#3580=VECTOR('',#3579,2.E0);
#3581=CARTESIAN_POINT('',(-2.E0,-1.61E1,3.4E1));
#3582=LINE('',#3581,#3580);
#3583=DIRECTION('',(-1.E0,0.E0,0.E0));
#3584=VECTOR('',#3583,2.E0);
#3585=CARTESIAN_POINT('',(-2.E0,-1.61E1,3.6E1));
#3586=LINE('',#3585,#3584);
#3587=DIRECTION('',(-1.E0,0.E0,0.E0));
#3588=VECTOR('',#3587,2.E0);
#3589=CARTESIAN_POINT('',(-2.E0,-1.61E1,3.E1));
#3590=LINE('',#3589,#3588);
#3591=DIRECTION('',(-1.E0,0.E0,0.E0));
#3592=VECTOR('',#3591,2.E0);
#3593=CARTESIAN_POINT('',(-2.E0,-1.61E1,3.2E1));
#3594=LINE('',#3593,#3592);
#3595=DIRECTION('',(-1.E0,0.E0,0.E0));
#3596=VECTOR('',#3595,2.E0);
#3597=CARTESIAN_POINT('',(-2.E0,-1.61E1,2.8E1));
#3598=LINE('',#3597,#3596);
#3599=DIRECTION('',(-1.E0,0.E0,0.E0));
#3600=VECTOR('',#3599,3.594448530786E0);
#3601=CARTESIAN_POINT('',(0.E0,-1.3E1,4.6E1));
#3602=LINE('',#3601,#3600);
#3603=DIRECTION('',(0.E0,-1.E0,0.E0));
#3604=VECTOR('',#3603,4.E1);
#3605=CARTESIAN_POINT('',(0.E0,0.E0,8.1E1));
#3606=LINE('',#3605,#3604);
#3607=DIRECTION('',(0.E0,-1.E0,0.E0));
#3608=VECTOR('',#3607,4.E1);
#3609=CARTESIAN_POINT('',(0.E0,0.E0,9.E0));
#3610=LINE('',#3609,#3608);
#3611=CARTESIAN_POINT('',(0.E0,-1.3E1,4.5E1));
#3612=DIRECTION('',(1.E0,0.E0,0.E0));
#3613=DIRECTION('',(0.E0,0.E0,-1.E0));
#3614=AXIS2_PLACEMENT_3D('',#3611,#3612,#3613);
#3616=DIRECTION('',(0.E0,-1.E0,0.E0));
#3617=VECTOR('',#3616,1.4E1);
#3618=CARTESIAN_POINT('',(0.E0,-1.3E1,4.6E1));
#3619=LINE('',#3618,#3617);
#3620=CARTESIAN_POINT('',(0.E0,-2.7E1,4.5E1));
#3621=DIRECTION('',(1.E0,0.E0,0.E0));
#3622=DIRECTION('',(0.E0,0.E0,1.E0));
#3623=AXIS2_PLACEMENT_3D('',#3620,#3621,#3622);
#3625=DIRECTION('',(0.E0,1.E0,0.E0));
#3626=VECTOR('',#3625,1.4E1);
#3627=CARTESIAN_POINT('',(0.E0,-2.7E1,4.4E1));
#3628=LINE('',#3627,#3626);
#3629=CARTESIAN_POINT('',(0.E0,-1.3E1,4.1E1));
#3630=DIRECTION('',(1.E0,0.E0,0.E0));
#3631=DIRECTION('',(0.E0,0.E0,-1.E0));
#3632=AXIS2_PLACEMENT_3D('',#3629,#3630,#3631);
#3634=DIRECTION('',(0.E0,-1.E0,0.E0));
#3635=VECTOR('',#3634,1.4E1);
#3636=CARTESIAN_POINT('',(0.E0,-1.3E1,4.2E1));
#3637=LINE('',#3636,#3635);
#3638=CARTESIAN_POINT('',(0.E0,-2.7E1,4.1E1));
#3639=DIRECTION('',(1.E0,0.E0,0.E0));
#3640=DIRECTION('',(0.E0,0.E0,1.E0));
#3641=AXIS2_PLACEMENT_3D('',#3638,#3639,#3640);
#3643=DIRECTION('',(0.E0,1.E0,0.E0));
#3644=VECTOR('',#3643,1.4E1);
#3645=CARTESIAN_POINT('',(0.E0,-2.7E1,4.E1));
#3646=LINE('',#3645,#3644);
#3647=CARTESIAN_POINT('',(0.E0,-1.3E1,3.7E1));
#3648=DIRECTION('',(1.E0,0.E0,0.E0));
#3649=DIRECTION('',(0.E0,0.E0,-1.E0));
#3650=AXIS2_PLACEMENT_3D('',#3647,#3648,#3649);
#3652=DIRECTION('',(0.E0,-1.E0,0.E0));
#3653=VECTOR('',#3652,1.4E1);
#3654=CARTESIAN_POINT('',(0.E0,-1.3E1,3.8E1));
#3655=LINE('',#3654,#3653);
#3656=CARTESIAN_POINT('',(0.E0,-2.7E1,3.7E1));
#3657=DIRECTION('',(1.E0,0.E0,0.E0));
#3658=DIRECTION('',(0.E0,0.E0,1.E0));
#3659=AXIS2_PLACEMENT_3D('',#3656,#3657,#3658);
#3661=DIRECTION('',(0.E0,1.E0,0.E0));
#3662=VECTOR('',#3661,1.4E1);
#3663=CARTESIAN_POINT('',(0.E0,-2.7E1,3.6E1));
#3664=LINE('',#3663,#3662);
#3665=CARTESIAN_POINT('',(0.E0,-1.3E1,3.3E1));
#3666=DIRECTION('',(1.E0,0.E0,0.E0));
#3667=DIRECTION('',(0.E0,0.E0,-1.E0));
#3668=AXIS2_PLACEMENT_3D('',#3665,#3666,#3667);
#3670=DIRECTION('',(0.E0,-1.E0,0.E0));
#3671=VECTOR('',#3670,1.4E1);
#3672=CARTESIAN_POINT('',(0.E0,-1.3E1,3.4E1));
#3673=LINE('',#3672,#3671);
#3674=CARTESIAN_POINT('',(0.E0,-2.7E1,3.3E1));
#3675=DIRECTION('',(1.E0,0.E0,0.E0));
#3676=DIRECTION('',(0.E0,0.E0,1.E0));
#3677=AXIS2_PLACEMENT_3D('',#3674,#3675,#3676);
#3679=DIRECTION('',(0.E0,1.E0,0.E0));
#3680=VECTOR('',#3679,1.4E1);
#3681=CARTESIAN_POINT('',(0.E0,-2.7E1,3.2E1));
#3682=LINE('',#3681,#3680);
#3683=CARTESIAN_POINT('',(0.E0,-1.3E1,2.9E1));
#3684=DIRECTION('',(1.E0,0.E0,0.E0));
#3685=DIRECTION('',(0.E0,0.E0,-1.E0));
#3686=AXIS2_PLACEMENT_3D('',#3683,#3684,#3685);
#3688=DIRECTION('',(0.E0,-1.E0,0.E0));
#3689=VECTOR('',#3688,1.4E1);
#3690=CARTESIAN_POINT('',(0.E0,-1.3E1,3.E1));
#3691=LINE('',#3690,#3689);
#3692=CARTESIAN_POINT('',(0.E0,-2.7E1,2.9E1));
#3693=DIRECTION('',(1.E0,0.E0,0.E0));
#3694=DIRECTION('',(0.E0,0.E0,1.E0));
#3695=AXIS2_PLACEMENT_3D('',#3692,#3693,#3694);
#3697=DIRECTION('',(0.E0,1.E0,0.E0));
#3698=VECTOR('',#3697,1.4E1);
#3699=CARTESIAN_POINT('',(0.E0,-2.7E1,2.8E1));
#3700=LINE('',#3699,#3698);
#3701=CARTESIAN_POINT('',(0.E0,-1.3E1,4.9E1));
#3702=DIRECTION('',(-1.E0,0.E0,0.E0));
#3703=DIRECTION('',(0.E0,0.E0,1.E0));
#3704=AXIS2_PLACEMENT_3D('',#3701,#3702,#3703);
#3706=DIRECTION('',(0.E0,1.E0,0.E0));
#3707=VECTOR('',#3706,1.4E1);
#3708=CARTESIAN_POINT('',(0.E0,-2.7E1,5.E1));
#3709=LINE('',#3708,#3707);
#3710=CARTESIAN_POINT('',(0.E0,-2.7E1,4.9E1));
#3711=DIRECTION('',(-1.E0,0.E0,0.E0));
#3712=DIRECTION('',(0.E0,0.E0,-1.E0));
#3713=AXIS2_PLACEMENT_3D('',#3710,#3711,#3712);
#3715=DIRECTION('',(0.E0,-1.E0,0.E0));
#3716=VECTOR('',#3715,1.4E1);
#3717=CARTESIAN_POINT('',(0.E0,-1.3E1,4.8E1));
#3718=LINE('',#3717,#3716);
#3719=CARTESIAN_POINT('',(0.E0,-1.3E1,5.3E1));
#3720=DIRECTION('',(-1.E0,0.E0,0.E0));
#3721=DIRECTION('',(0.E0,0.E0,1.E0));
#3722=AXIS2_PLACEMENT_3D('',#3719,#3720,#3721);
#3724=DIRECTION('',(0.E0,1.E0,0.E0));
#3725=VECTOR('',#3724,1.4E1);
#3726=CARTESIAN_POINT('',(0.E0,-2.7E1,5.4E1));
#3727=LINE('',#3726,#3725);
#3728=CARTESIAN_POINT('',(0.E0,-2.7E1,5.3E1));
#3729=DIRECTION('',(-1.E0,0.E0,0.E0));
#3730=DIRECTION('',(0.E0,0.E0,-1.E0));
#3731=AXIS2_PLACEMENT_3D('',#3728,#3729,#3730);
#3733=DIRECTION('',(0.E0,-1.E0,0.E0));
#3734=VECTOR('',#3733,1.4E1);
#3735=CARTESIAN_POINT('',(0.E0,-1.3E1,5.2E1));
#3736=LINE('',#3735,#3734);
#3737=CARTESIAN_POINT('',(0.E0,-1.3E1,5.7E1));
#3738=DIRECTION('',(-1.E0,0.E0,0.E0));
#3739=DIRECTION('',(0.E0,0.E0,1.E0));
#3740=AXIS2_PLACEMENT_3D('',#3737,#3738,#3739);
#3742=DIRECTION('',(0.E0,1.E0,0.E0));
#3743=VECTOR('',#3742,1.4E1);
#3744=CARTESIAN_POINT('',(0.E0,-2.7E1,5.8E1));
#3745=LINE('',#3744,#3743);
#3746=CARTESIAN_POINT('',(0.E0,-2.7E1,5.7E1));
#3747=DIRECTION('',(-1.E0,0.E0,0.E0));
#3748=DIRECTION('',(0.E0,0.E0,-1.E0));
#3749=AXIS2_PLACEMENT_3D('',#3746,#3747,#3748);
#3751=DIRECTION('',(0.E0,-1.E0,0.E0));
#3752=VECTOR('',#3751,1.4E1);
#3753=CARTESIAN_POINT('',(0.E0,-1.3E1,5.6E1));
#3754=LINE('',#3753,#3752);
#3755=CARTESIAN_POINT('',(0.E0,-1.3E1,6.1E1));
#3756=DIRECTION('',(-1.E0,0.E0,0.E0));
#3757=DIRECTION('',(0.E0,0.E0,1.E0));
#3758=AXIS2_PLACEMENT_3D('',#3755,#3756,#3757);
#3760=DIRECTION('',(0.E0,1.E0,0.E0));
#3761=VECTOR('',#3760,1.4E1);
#3762=CARTESIAN_POINT('',(0.E0,-2.7E1,6.2E1));
#3763=LINE('',#3762,#3761);
#3764=CARTESIAN_POINT('',(0.E0,-2.7E1,6.1E1));
#3765=DIRECTION('',(-1.E0,0.E0,0.E0));
#3766=DIRECTION('',(0.E0,0.E0,-1.E0));
#3767=AXIS2_PLACEMENT_3D('',#3764,#3765,#3766);
#3769=DIRECTION('',(0.E0,-1.E0,0.E0));
#3770=VECTOR('',#3769,1.4E1);
#3771=CARTESIAN_POINT('',(0.E0,-1.3E1,6.E1));
#3772=LINE('',#3771,#3770);
#3773=DIRECTION('',(0.E0,-1.E0,0.E0));
#3774=VECTOR('',#3773,5.E0);
#3775=CARTESIAN_POINT('',(-8.1E1,0.E0,9.E1));
#3776=LINE('',#3775,#3774);
#3777=DIRECTION('',(0.E0,-1.E0,0.E0));
#3778=VECTOR('',#3777,4.E1);
#3779=CARTESIAN_POINT('',(-9.E0,0.E0,9.E1));
#3780=LINE('',#3779,#3778);
#3781=CARTESIAN_POINT('',(-4.5E1,-1.3E1,9.E1));
#3782=DIRECTION('',(0.E0,0.E0,1.E0));
#3783=DIRECTION('',(1.E0,4.973799150321E-14,0.E0));
#3784=AXIS2_PLACEMENT_3D('',#3781,#3782,#3783);
#3786=DIRECTION('',(0.E0,-1.E0,0.E0));
#3787=VECTOR('',#3786,1.4E1);
#3788=CARTESIAN_POINT('',(-4.6E1,-1.3E1,9.E1));
#3789=LINE('',#3788,#3787);
#3790=CARTESIAN_POINT('',(-4.5E1,-2.7E1,9.E1));
#3791=DIRECTION('',(0.E0,0.E0,1.E0));
#3792=DIRECTION('',(-1.E0,4.973799150321E-14,0.E0));
#3793=AXIS2_PLACEMENT_3D('',#3790,#3791,#3792);
#3795=DIRECTION('',(0.E0,1.E0,0.E0));
#3796=VECTOR('',#3795,1.4E1);
#3797=CARTESIAN_POINT('',(-4.4E1,-2.7E1,9.E1));
#3798=LINE('',#3797,#3796);
#3799=CARTESIAN_POINT('',(-4.9E1,-1.3E1,9.E1));
#3800=DIRECTION('',(0.E0,0.E0,1.E0));
#3801=DIRECTION('',(1.E0,4.973799150321E-14,0.E0));
#3802=AXIS2_PLACEMENT_3D('',#3799,#3800,#3801);
#3804=DIRECTION('',(0.E0,-1.E0,0.E0));
#3805=VECTOR('',#3804,1.4E1);
#3806=CARTESIAN_POINT('',(-5.E1,-1.3E1,9.E1));
#3807=LINE('',#3806,#3805);
#3808=CARTESIAN_POINT('',(-4.9E1,-2.7E1,9.E1));
#3809=DIRECTION('',(0.E0,0.E0,1.E0));
#3810=DIRECTION('',(-1.E0,4.973799150321E-14,0.E0));
#3811=AXIS2_PLACEMENT_3D('',#3808,#3809,#3810);
#3813=DIRECTION('',(0.E0,1.E0,0.E0));
#3814=VECTOR('',#3813,1.4E1);
#3815=CARTESIAN_POINT('',(-4.8E1,-2.7E1,9.E1));
#3816=LINE('',#3815,#3814);
#3817=CARTESIAN_POINT('',(-5.3E1,-1.3E1,9.E1));
#3818=DIRECTION('',(0.E0,0.E0,1.E0));
#3819=DIRECTION('',(1.E0,4.973799150321E-14,0.E0));
#3820=AXIS2_PLACEMENT_3D('',#3817,#3818,#3819);
#3822=DIRECTION('',(0.E0,-1.E0,0.E0));
#3823=VECTOR('',#3822,1.4E1);
#3824=CARTESIAN_POINT('',(-5.4E1,-1.3E1,9.E1));
#3825=LINE('',#3824,#3823);
#3826=CARTESIAN_POINT('',(-5.3E1,-2.7E1,9.E1));
#3827=DIRECTION('',(0.E0,0.E0,1.E0));
#3828=DIRECTION('',(-1.E0,4.973799150321E-14,0.E0));
#3829=AXIS2_PLACEMENT_3D('',#3826,#3827,#3828);
#3831=DIRECTION('',(0.E0,1.E0,0.E0));
#3832=VECTOR('',#3831,1.4E1);
#3833=CARTESIAN_POINT('',(-5.2E1,-2.7E1,9.E1));
#3834=LINE('',#3833,#3832);
#3835=CARTESIAN_POINT('',(-5.7E1,-1.3E1,9.E1));
#3836=DIRECTION('',(0.E0,0.E0,1.E0));
#3837=DIRECTION('',(1.E0,4.973799150321E-14,0.E0));
#3838=AXIS2_PLACEMENT_3D('',#3835,#3836,#3837);
#3840=DIRECTION('',(0.E0,-1.E0,0.E0));
#3841=VECTOR('',#3840,1.4E1);
#3842=CARTESIAN_POINT('',(-5.8E1,-1.3E1,9.E1));
#3843=LINE('',#3842,#3841);
#3844=CARTESIAN_POINT('',(-5.7E1,-2.7E1,9.E1));
#3845=DIRECTION('',(0.E0,0.E0,1.E0));
#3846=DIRECTION('',(-1.E0,4.973799150321E-14,0.E0));
#3847=AXIS2_PLACEMENT_3D('',#3844,#3845,#3846);
#3849=DIRECTION('',(0.E0,1.E0,0.E0));
#3850=VECTOR('',#3849,1.4E1);
#3851=CARTESIAN_POINT('',(-5.6E1,-2.7E1,9.E1));
#3852=LINE('',#3851,#3850);
#3853=CARTESIAN_POINT('',(-6.1E1,-1.3E1,9.E1));
#3854=DIRECTION('',(0.E0,0.E0,1.E0));
#3855=DIRECTION('',(1.E0,4.973799150321E-14,0.E0));
#3856=AXIS2_PLACEMENT_3D('',#3853,#3854,#3855);
#3858=DIRECTION('',(0.E0,-1.E0,0.E0));
#3859=VECTOR('',#3858,1.4E1);
#3860=CARTESIAN_POINT('',(-6.2E1,-1.3E1,9.E1));
#3861=LINE('',#3860,#3859);
#3862=CARTESIAN_POINT('',(-6.1E1,-2.7E1,9.E1));
#3863=DIRECTION('',(0.E0,0.E0,1.E0));
#3864=DIRECTION('',(-1.E0,7.460698725481E-14,0.E0));
#3865=AXIS2_PLACEMENT_3D('',#3862,#3863,#3864);
#3867=DIRECTION('',(0.E0,1.E0,0.E0));
#3868=VECTOR('',#3867,1.4E1);
#3869=CARTESIAN_POINT('',(-6.E1,-2.7E1,9.E1));
#3870=LINE('',#3869,#3868);
#3871=CARTESIAN_POINT('',(-3.325E1,-2.49E1,9.E1));
#3872=DIRECTION('',(0.E0,0.E0,-1.E0));
#3873=DIRECTION('',(1.E0,0.E0,0.E0));
#3874=AXIS2_PLACEMENT_3D('',#3871,#3872,#3873);
#3876=DIRECTION('',(2.932076345534E-12,-1.E0,2.930626258320E-12));
#3877=VECTOR('',#3876,9.800000016339E0);
#3878=CARTESIAN_POINT('',(-3.075000000172E1,-1.509999999993E1,
8.999999999828E1));
#3879=LINE('',#3878,#3877);
#3880=CARTESIAN_POINT('',(-3.325E1,-1.51E1,9.E1));
#3881=DIRECTION('',(0.E0,0.E0,-1.E0));
#3882=DIRECTION('',(0.E0,1.E0,0.E0));
#3883=AXIS2_PLACEMENT_3D('',#3880,#3881,#3882);
#3885=DIRECTION('',(1.E0,1.916096889895E-11,1.914675804439E-11));
#3886=VECTOR('',#3885,1.500000016339E0);
#3887=CARTESIAN_POINT('',(-3.475000000007E1,-1.260000000172E1,
8.999999999828E1));
#3888=LINE('',#3887,#3886);
#3889=CARTESIAN_POINT('',(-3.475E1,-1.51E1,9.E1));
#3890=DIRECTION('',(0.E0,0.E0,-1.E0));
#3891=DIRECTION('',(-1.E0,0.E0,0.E0));
#3892=AXIS2_PLACEMENT_3D('',#3889,#3890,#3891);
#3894=DIRECTION('',(-2.932076345534E-12,1.E0,2.930626258320E-12));
#3895=VECTOR('',#3894,9.800000016339E0);
#3896=CARTESIAN_POINT('',(-3.724999999828E1,-2.490000000007E1,
8.999999999828E1));
#3897=LINE('',#3896,#3895);
#3898=CARTESIAN_POINT('',(-3.475E1,-2.49E1,9.E1));
#3899=DIRECTION('',(0.E0,0.E0,-1.E0));
#3900=DIRECTION('',(0.E0,-1.E0,0.E0));
#3901=AXIS2_PLACEMENT_3D('',#3898,#3899,#3900);
#3903=DIRECTION('',(-1.E0,-1.915623194743E-11,1.914675804439E-11));
#3904=VECTOR('',#3903,1.500000016339E0);
#3905=CARTESIAN_POINT('',(-3.324999999993E1,-2.739999999828E1,
8.999999999828E1));
#3906=LINE('',#3905,#3904);
#3907=CARTESIAN_POINT('',(-8.1E1,-8.E0,8.1E1));
#3908=DIRECTION('',(0.E0,-1.E0,0.E0));
#3909=DIRECTION('',(-3.333333333333E-1,0.E0,9.428090415821E-1));
#3910=AXIS2_PLACEMENT_3D('',#3907,#3908,#3909);
#3912=DIRECTION('',(0.E0,-1.E0,0.E0));
#3913=VECTOR('',#3912,3.5E1);
#3914=CARTESIAN_POINT('',(-8.1E1,-5.E0,9.E1));
#3915=LINE('',#3914,#3913);
#3916=DIRECTION('',(0.E0,0.E0,1.E0));
#3917=VECTOR('',#3916,2.160726053902E0);
#3918=CARTESIAN_POINT('',(-8.4E1,-8.E0,5.147186257614E-1));
#3919=LINE('',#3918,#3917);
#3920=DIRECTION('',(0.E0,0.E0,1.E0));
#3921=VECTOR('',#3920,2.160726053902E0);
#3922=CARTESIAN_POINT('',(-8.4E1,-8.E0,8.732455532034E1));
#3923=LINE('',#3922,#3921);
#3924=CARTESIAN_POINT('',(-8.4E1,-8.E0,5.147186257614E-1));
#3925=CARTESIAN_POINT('',(-8.380843065099E1,-8.E0,4.469886328842E-1));
#3926=CARTESIAN_POINT('',(-8.342450690840E1,-7.962767805701E0,
3.261335258797E-1));
#3927=CARTESIAN_POINT('',(-8.287408502845E1,-7.800974220823E0,
1.914912407860E-1));
#3928=CARTESIAN_POINT('',(-8.234840821756E1,-7.527558113303E0,
9.688101013033E-2));
#3929=CARTESIAN_POINT('',(-8.189260993328E1,-7.161313076339E0,
4.112850237290E-2));
#3930=CARTESIAN_POINT('',(-8.151305416373E1,-6.712953646306E0,
1.249922703342E-2));
#3931=CARTESIAN_POINT('',(-8.121869764974E1,-6.178976486317E0,
1.619842139683E-3));
#3932=CARTESIAN_POINT('',(-8.103877192244E1,-5.594171484669E0,
-1.305361885442E-4));
#3933=CARTESIAN_POINT('',(-8.1E1,-5.197123576250E0,0.E0));
#3934=CARTESIAN_POINT('',(-8.1E1,-5.E0,0.E0));
#3936=CARTESIAN_POINT('',(-8.1E1,-5.E0,2.E0));
#3937=CARTESIAN_POINT('',(-8.1E1,-5.184149719276E0,2.E0));
#3938=CARTESIAN_POINT('',(-8.103298882537E1,-5.560758657020E0,
1.999829251517E0));
#3939=CARTESIAN_POINT('',(-8.120589415547E1,-6.147196394945E0,
2.001827031307E0));
#3940=CARTESIAN_POINT('',(-8.148600658878E1,-6.671752826502E0,
2.014326437149E0));
#3941=CARTESIAN_POINT('',(-8.185451497688E1,-7.122350185743E0,
2.048464956660E0));
#3942=CARTESIAN_POINT('',(-8.228114678327E1,-7.479306917010E0,
2.113119379919E0));
#3943=CARTESIAN_POINT('',(-8.277658153617E1,-7.760894518479E0,
2.221347180416E0));
#3944=CARTESIAN_POINT('',(-8.336967082387E1,-7.955617166987E0,
2.402429614879E0));
#3945=CARTESIAN_POINT('',(-8.378798560237E1,-8.E0,2.574877420677E0));
#3946=CARTESIAN_POINT('',(-8.4E1,-8.E0,2.675444679663E0));
#3948=DIRECTION('',(0.E0,1.E0,0.E0));
#3949=VECTOR('',#3948,3.5E1);
#3950=CARTESIAN_POINT('',(-8.1E1,-4.E1,0.E0));
#3951=LINE('',#3950,#3949);
#3952=CARTESIAN_POINT('',(-8.1E1,-8.E0,9.E0));
#3953=DIRECTION('',(0.E0,-1.E0,0.E0));
#3954=DIRECTION('',(-1.E0,0.E0,0.E0));
#3955=AXIS2_PLACEMENT_3D('',#3952,#3953,#3954);
#3957=DIRECTION('',(0.E0,-1.E0,0.E0));
#3958=VECTOR('',#3957,4.E1);
#3959=CARTESIAN_POINT('',(-9.E0,0.E0,0.E0));
#3960=LINE('',#3959,#3958);
#3961=DIRECTION('',(0.E0,-1.E0,0.E0));
#3962=VECTOR('',#3961,5.E0);
#3963=CARTESIAN_POINT('',(-8.1E1,0.E0,0.E0));
#3964=LINE('',#3963,#3962);
#3965=CARTESIAN_POINT('',(-4.5E1,-1.3E1,0.E0));
#3966=DIRECTION('',(0.E0,0.E0,-1.E0));
#3967=DIRECTION('',(-1.E0,0.E0,0.E0));
#3968=AXIS2_PLACEMENT_3D('',#3965,#3966,#3967);
#3970=DIRECTION('',(0.E0,-1.E0,0.E0));
#3971=VECTOR('',#3970,1.4E1);
#3972=CARTESIAN_POINT('',(-4.4E1,-1.3E1,0.E0));
#3973=LINE('',#3972,#3971);
#3974=CARTESIAN_POINT('',(-4.5E1,-2.7E1,0.E0));
#3975=DIRECTION('',(0.E0,0.E0,-1.E0));
#3976=DIRECTION('',(1.E0,-4.973799150321E-14,0.E0));
#3977=AXIS2_PLACEMENT_3D('',#3974,#3975,#3976);
#3979=DIRECTION('',(0.E0,1.E0,0.E0));
#3980=VECTOR('',#3979,1.4E1);
#3981=CARTESIAN_POINT('',(-4.6E1,-2.7E1,0.E0));
#3982=LINE('',#3981,#3980);
#3983=CARTESIAN_POINT('',(-4.9E1,-1.3E1,0.E0));
#3984=DIRECTION('',(0.E0,0.E0,-1.E0));
#3985=DIRECTION('',(-1.E0,0.E0,0.E0));
#3986=AXIS2_PLACEMENT_3D('',#3983,#3984,#3985);
#3988=DIRECTION('',(0.E0,-1.E0,0.E0));
#3989=VECTOR('',#3988,1.4E1);
#3990=CARTESIAN_POINT('',(-4.8E1,-1.3E1,0.E0));
#3991=LINE('',#3990,#3989);
#3992=CARTESIAN_POINT('',(-4.9E1,-2.7E1,0.E0));
#3993=DIRECTION('',(0.E0,0.E0,-1.E0));
#3994=DIRECTION('',(1.E0,-4.973799150321E-14,0.E0));
#3995=AXIS2_PLACEMENT_3D('',#3992,#3993,#3994);
#3997=DIRECTION('',(0.E0,1.E0,0.E0));
#3998=VECTOR('',#3997,1.4E1);
#3999=CARTESIAN_POINT('',(-5.E1,-2.7E1,0.E0));
#4000=LINE('',#3999,#3998);
#4001=CARTESIAN_POINT('',(-5.3E1,-1.3E1,0.E0));
#4002=DIRECTION('',(0.E0,0.E0,-1.E0));
#4003=DIRECTION('',(-1.E0,0.E0,0.E0));
#4004=AXIS2_PLACEMENT_3D('',#4001,#4002,#4003);
#4006=DIRECTION('',(0.E0,-1.E0,0.E0));
#4007=VECTOR('',#4006,1.4E1);
#4008=CARTESIAN_POINT('',(-5.2E1,-1.3E1,0.E0));
#4009=LINE('',#4008,#4007);
#4010=CARTESIAN_POINT('',(-5.3E1,-2.7E1,0.E0));
#4011=DIRECTION('',(0.E0,0.E0,-1.E0));
#4012=DIRECTION('',(1.E0,-4.973799150321E-14,0.E0));
#4013=AXIS2_PLACEMENT_3D('',#4010,#4011,#4012);
#4015=DIRECTION('',(0.E0,1.E0,0.E0));
#4016=VECTOR('',#4015,1.4E1);
#4017=CARTESIAN_POINT('',(-5.4E1,-2.7E1,0.E0));
#4018=LINE('',#4017,#4016);
#4019=CARTESIAN_POINT('',(-5.7E1,-1.3E1,0.E0));
#4020=DIRECTION('',(0.E0,0.E0,-1.E0));
#4021=DIRECTION('',(-1.E0,0.E0,0.E0));
#4022=AXIS2_PLACEMENT_3D('',#4019,#4020,#4021);
#4024=DIRECTION('',(0.E0,-1.E0,0.E0));
#4025=VECTOR('',#4024,1.4E1);
#4026=CARTESIAN_POINT('',(-5.6E1,-1.3E1,0.E0));
#4027=LINE('',#4026,#4025);
#4028=CARTESIAN_POINT('',(-5.7E1,-2.7E1,0.E0));
#4029=DIRECTION('',(0.E0,0.E0,-1.E0));
#4030=DIRECTION('',(1.E0,-4.973799150321E-14,0.E0));
#4031=AXIS2_PLACEMENT_3D('',#4028,#4029,#4030);
#4033=DIRECTION('',(0.E0,1.E0,0.E0));
#4034=VECTOR('',#4033,1.4E1);
#4035=CARTESIAN_POINT('',(-5.8E1,-2.7E1,0.E0));
#4036=LINE('',#4035,#4034);
#4037=CARTESIAN_POINT('',(-6.1E1,-1.3E1,0.E0));
#4038=DIRECTION('',(0.E0,0.E0,-1.E0));
#4039=DIRECTION('',(-1.E0,0.E0,0.E0));
#4040=AXIS2_PLACEMENT_3D('',#4037,#4038,#4039);
#4042=DIRECTION('',(0.E0,-1.E0,0.E0));
#4043=VECTOR('',#4042,1.4E1);
#4044=CARTESIAN_POINT('',(-6.E1,-1.3E1,0.E0));
#4045=LINE('',#4044,#4043);
#4046=CARTESIAN_POINT('',(-6.1E1,-2.7E1,0.E0));
#4047=DIRECTION('',(0.E0,0.E0,-1.E0));
#4048=DIRECTION('',(1.E0,-4.973799150321E-14,0.E0));
#4049=AXIS2_PLACEMENT_3D('',#4046,#4047,#4048);
#4051=DIRECTION('',(0.E0,1.E0,0.E0));
#4052=VECTOR('',#4051,1.4E1);
#4053=CARTESIAN_POINT('',(-6.2E1,-2.7E1,0.E0));
#4054=LINE('',#4053,#4052);
#4055=CARTESIAN_POINT('',(-4.1E1,-1.3E1,0.E0));
#4056=DIRECTION('',(0.E0,0.E0,1.E0));
#4057=DIRECTION('',(1.E0,0.E0,0.E0));
#4058=AXIS2_PLACEMENT_3D('',#4055,#4056,#4057);
#4060=DIRECTION('',(0.E0,1.E0,0.E0));
#4061=VECTOR('',#4060,1.4E1);
#4062=CARTESIAN_POINT('',(-4.E1,-2.7E1,0.E0));
#4063=LINE('',#4062,#4061);
#4064=CARTESIAN_POINT('',(-4.1E1,-2.7E1,0.E0));
#4065=DIRECTION('',(0.E0,0.E0,1.E0));
#4066=DIRECTION('',(-1.E0,0.E0,0.E0));
#4067=AXIS2_PLACEMENT_3D('',#4064,#4065,#4066);
#4069=DIRECTION('',(0.E0,-1.E0,0.E0));
#4070=VECTOR('',#4069,1.4E1);
#4071=CARTESIAN_POINT('',(-4.2E1,-1.3E1,0.E0));
#4072=LINE('',#4071,#4070);
#4073=CARTESIAN_POINT('',(-3.7E1,-1.3E1,0.E0));
#4074=DIRECTION('',(0.E0,0.E0,1.E0));
#4075=DIRECTION('',(1.E0,0.E0,0.E0));
#4076=AXIS2_PLACEMENT_3D('',#4073,#4074,#4075);
#4078=DIRECTION('',(0.E0,1.E0,0.E0));
#4079=VECTOR('',#4078,1.4E1);
#4080=CARTESIAN_POINT('',(-3.6E1,-2.7E1,0.E0));
#4081=LINE('',#4080,#4079);
#4082=CARTESIAN_POINT('',(-3.7E1,-2.7E1,0.E0));
#4083=DIRECTION('',(0.E0,0.E0,1.E0));
#4084=DIRECTION('',(-1.E0,0.E0,0.E0));
#4085=AXIS2_PLACEMENT_3D('',#4082,#4083,#4084);
#4087=DIRECTION('',(0.E0,-1.E0,0.E0));
#4088=VECTOR('',#4087,1.4E1);
#4089=CARTESIAN_POINT('',(-3.8E1,-1.3E1,0.E0));
#4090=LINE('',#4089,#4088);
#4091=CARTESIAN_POINT('',(-3.3E1,-1.3E1,0.E0));
#4092=DIRECTION('',(0.E0,0.E0,1.E0));
#4093=DIRECTION('',(1.E0,0.E0,0.E0));
#4094=AXIS2_PLACEMENT_3D('',#4091,#4092,#4093);
#4096=DIRECTION('',(0.E0,1.E0,0.E0));
#4097=VECTOR('',#4096,1.4E1);
#4098=CARTESIAN_POINT('',(-3.2E1,-2.7E1,0.E0));
#4099=LINE('',#4098,#4097);
#4100=CARTESIAN_POINT('',(-3.3E1,-2.7E1,0.E0));
#4101=DIRECTION('',(0.E0,0.E0,1.E0));
#4102=DIRECTION('',(-1.E0,0.E0,0.E0));
#4103=AXIS2_PLACEMENT_3D('',#4100,#4101,#4102);
#4105=DIRECTION('',(0.E0,-1.E0,0.E0));
#4106=VECTOR('',#4105,1.4E1);
#4107=CARTESIAN_POINT('',(-3.4E1,-1.3E1,0.E0));
#4108=LINE('',#4107,#4106);
#4109=CARTESIAN_POINT('',(-2.9E1,-1.3E1,0.E0));
#4110=DIRECTION('',(0.E0,0.E0,1.E0));
#4111=DIRECTION('',(1.E0,0.E0,0.E0));
#4112=AXIS2_PLACEMENT_3D('',#4109,#4110,#4111);
#4114=DIRECTION('',(0.E0,1.E0,0.E0));
#4115=VECTOR('',#4114,1.4E1);
#4116=CARTESIAN_POINT('',(-2.8E1,-2.7E1,0.E0));
#4117=LINE('',#4116,#4115);
#4118=CARTESIAN_POINT('',(-2.9E1,-2.7E1,0.E0));
#4119=DIRECTION('',(0.E0,0.E0,1.E0));
#4120=DIRECTION('',(-1.E0,0.E0,0.E0));
#4121=AXIS2_PLACEMENT_3D('',#4118,#4119,#4120);
#4123=DIRECTION('',(0.E0,-1.E0,0.E0));
#4124=VECTOR('',#4123,1.4E1);
#4125=CARTESIAN_POINT('',(-3.E1,-1.3E1,0.E0));
#4126=LINE('',#4125,#4124);
#4127=DIRECTION('',(0.E0,0.E0,1.E0));
#4128=VECTOR('',#4127,2.E0);
#4129=CARTESIAN_POINT('',(-8.1E1,-5.E0,0.E0));
#4130=LINE('',#4129,#4128);
#4131=DIRECTION('',(0.E0,0.E0,1.E0));
#4132=VECTOR('',#4131,2.E0);
#4133=CARTESIAN_POINT('',(-8.1E1,0.E0,0.E0));
#4134=LINE('',#4133,#4132);
#4135=DIRECTION('',(0.E0,-1.E0,0.E0));
#4136=VECTOR('',#4135,5.E0);
#4137=CARTESIAN_POINT('',(-8.1E1,0.E0,2.E0));
#4138=LINE('',#4137,#4136);
#4139=DIRECTION('',(0.E0,0.E0,1.E0));
#4140=VECTOR('',#4139,2.E0);
#4141=CARTESIAN_POINT('',(-8.1E1,-5.E0,8.8E1));
#4142=LINE('',#4141,#4140);
#4143=DIRECTION('',(0.E0,-1.E0,0.E0));
#4144=VECTOR('',#4143,5.E0);
#4145=CARTESIAN_POINT('',(-8.1E1,0.E0,8.8E1));
#4146=LINE('',#4145,#4144);
#4147=DIRECTION('',(0.E0,0.E0,1.E0));
#4148=VECTOR('',#4147,2.E0);
#4149=CARTESIAN_POINT('',(-8.1E1,0.E0,8.8E1));
#4150=LINE('',#4149,#4148);
#4151=DIRECTION('',(0.E0,-1.E0,0.E0));
#4152=VECTOR('',#4151,6.526694246597E-1);
#4153=CARTESIAN_POINT('',(-8.1E1,-5.E0,2.E0));
#4154=LINE('',#4153,#4152);
#4155=CARTESIAN_POINT('',(-8.360461705471E1,-9.1E0,2.502618219752E0));
#4156=CARTESIAN_POINT('',(-8.333022097517E1,-9.390267427582E0,
2.392620572591E0));
#4157=CARTESIAN_POINT('',(-8.276744860452E1,-9.974395945460E0,
2.207337407908E0));
#4158=CARTESIAN_POINT('',(-8.189127434178E1,-1.086139491748E1,
2.037897222191E0));
#4159=CARTESIAN_POINT('',(-8.129749737289E1,-1.145517205204E1,2.E0));
#4160=CARTESIAN_POINT('',(-8.1E1,-1.175266942466E1,2.E0));
#4162=DIRECTION('',(0.E0,-1.E0,0.E0));
#4163=VECTOR('',#4162,2.624733057534E1);
#4164=CARTESIAN_POINT('',(-8.1E1,-1.175266942466E1,2.E0));
#4165=LINE('',#4164,#4163);
#4166=CARTESIAN_POINT('',(-8.1E1,-8.E0,9.E0));
#4167=DIRECTION('',(0.E0,-1.E0,0.E0));
#4168=DIRECTION('',(-1.E0,0.E0,0.E0));
#4169=AXIS2_PLACEMENT_3D('',#4166,#4167,#4168);
#4171=CARTESIAN_POINT('',(-8.1E1,-8.6E0,9.E0));
#4172=DIRECTION('',(0.E0,-1.E0,0.E0));
#4173=DIRECTION('',(-3.720881506732E-1,0.E0,-9.281973971783E-1));
#4174=AXIS2_PLACEMENT_3D('',#4171,#4172,#4173);
#4176=DIRECTION('',(0.E0,-1.E0,0.E0));
#4177=VECTOR('',#4176,5.E-1);
#4178=CARTESIAN_POINT('',(-8.360461705471E1,-8.6E0,2.502618219752E0));
#4179=LINE('',#4178,#4177);
#4180=CARTESIAN_POINT('',(-8.1E1,-9.1E0,2.E0));
#4181=DIRECTION('',(0.E0,-1.E0,0.E0));
#4182=DIRECTION('',(0.E0,0.E0,1.E0));
#4183=AXIS2_PLACEMENT_3D('',#4180,#4181,#4182);
#4185=CARTESIAN_POINT('',(-8.1E1,-8.6E0,2.E0));
#4186=DIRECTION('',(0.E0,-1.E0,0.E0));
#4187=DIRECTION('',(0.E0,0.E0,1.E0));
#4188=AXIS2_PLACEMENT_3D('',#4185,#4186,#4187);
#4190=DIRECTION('',(0.E0,0.E0,1.E0));
#4191=VECTOR('',#4190,2.652669424660E0);
#4192=CARTESIAN_POINT('',(-8.1E1,-8.6E0,2.E0));
#4193=LINE('',#4192,#4191);
#4194=DIRECTION('',(-1.E0,0.E0,0.E0));
#4195=VECTOR('',#4194,7.2E1);
#4196=CARTESIAN_POINT('',(-9.E0,-1.175266942466E1,2.E0));
#4197=LINE('',#4196,#4195);
#4198=DIRECTION('',(0.E0,-1.E0,0.E0));
#4199=VECTOR('',#4198,2.624733057534E1);
#4200=CARTESIAN_POINT('',(-9.E0,-1.175266942466E1,2.E0));
#4201=LINE('',#4200,#4199);
#4202=DIRECTION('',(9.848077530122E-1,1.736481776669E-1,0.E0));
#4203=VECTOR('',#4202,8.638155724715E0);
#4204=CARTESIAN_POINT('',(-8.1E1,-8.6E0,2.E0));
#4205=LINE('',#4204,#4203);
#4206=DIRECTION('',(0.E0,1.E0,0.E0));
#4207=VECTOR('',#4206,2.947330575340E0);
#4208=CARTESIAN_POINT('',(-8.1E1,-8.6E0,2.E0));
#4209=LINE('',#4208,#4207);
#4210=DIRECTION('',(-1.E0,0.E0,0.E0));
#4211=VECTOR('',#4210,7.2E1);
#4212=CARTESIAN_POINT('',(-9.E0,-5.652669424660E0,2.E0));
#4213=LINE('',#4212,#4211);
#4214=DIRECTION('',(0.E0,-1.E0,0.E0));
#4215=VECTOR('',#4214,1.447330575340E0);
#4216=CARTESIAN_POINT('',(-9.E0,-5.652669424660E0,2.E0));
#4217=LINE('',#4216,#4215);
#4218=DIRECTION('',(-1.E0,0.E0,0.E0));
#4219=VECTOR('',#4218,6.349307727057E1);
#4220=CARTESIAN_POINT('',(-9.E0,-7.1E0,2.E0));
#4221=LINE('',#4220,#4219);
#4222=CARTESIAN_POINT('',(-4.5E1,-1.3E1,2.E0));
#4223=DIRECTION('',(0.E0,0.E0,-1.E0));
#4224=DIRECTION('',(-1.E0,0.E0,0.E0));
#4225=AXIS2_PLACEMENT_3D('',#4222,#4223,#4224);
#4227=DIRECTION('',(0.E0,1.E0,0.E0));
#4228=VECTOR('',#4227,1.4E1);
#4229=CARTESIAN_POINT('',(-4.6E1,-2.7E1,2.E0));
#4230=LINE('',#4229,#4228);
#4231=CARTESIAN_POINT('',(-4.5E1,-2.7E1,2.E0));
#4232=DIRECTION('',(0.E0,0.E0,-1.E0));
#4233=DIRECTION('',(1.E0,-4.973799150321E-14,0.E0));
#4234=AXIS2_PLACEMENT_3D('',#4231,#4232,#4233);
#4236=DIRECTION('',(0.E0,-1.E0,0.E0));
#4237=VECTOR('',#4236,1.4E1);
#4238=CARTESIAN_POINT('',(-4.4E1,-1.3E1,2.E0));
#4239=LINE('',#4238,#4237);
#4240=CARTESIAN_POINT('',(-4.9E1,-1.3E1,2.E0));
#4241=DIRECTION('',(0.E0,0.E0,-1.E0));
#4242=DIRECTION('',(-1.E0,0.E0,0.E0));
#4243=AXIS2_PLACEMENT_3D('',#4240,#4241,#4242);
#4245=DIRECTION('',(0.E0,1.E0,0.E0));
#4246=VECTOR('',#4245,1.4E1);
#4247=CARTESIAN_POINT('',(-5.E1,-2.7E1,2.E0));
#4248=LINE('',#4247,#4246);
#4249=CARTESIAN_POINT('',(-4.9E1,-2.7E1,2.E0));
#4250=DIRECTION('',(0.E0,0.E0,-1.E0));
#4251=DIRECTION('',(1.E0,-4.973799150321E-14,0.E0));
#4252=AXIS2_PLACEMENT_3D('',#4249,#4250,#4251);
#4254=DIRECTION('',(0.E0,-1.E0,0.E0));
#4255=VECTOR('',#4254,1.4E1);
#4256=CARTESIAN_POINT('',(-4.8E1,-1.3E1,2.E0));
#4257=LINE('',#4256,#4255);
#4258=CARTESIAN_POINT('',(-5.3E1,-1.3E1,2.E0));
#4259=DIRECTION('',(0.E0,0.E0,-1.E0));
#4260=DIRECTION('',(-1.E0,0.E0,0.E0));
#4261=AXIS2_PLACEMENT_3D('',#4258,#4259,#4260);
#4263=DIRECTION('',(0.E0,1.E0,0.E0));
#4264=VECTOR('',#4263,1.4E1);
#4265=CARTESIAN_POINT('',(-5.4E1,-2.7E1,2.E0));
#4266=LINE('',#4265,#4264);
#4267=CARTESIAN_POINT('',(-5.3E1,-2.7E1,2.E0));
#4268=DIRECTION('',(0.E0,0.E0,-1.E0));
#4269=DIRECTION('',(1.E0,-4.973799150321E-14,0.E0));
#4270=AXIS2_PLACEMENT_3D('',#4267,#4268,#4269);
#4272=DIRECTION('',(0.E0,-1.E0,0.E0));
#4273=VECTOR('',#4272,1.4E1);
#4274=CARTESIAN_POINT('',(-5.2E1,-1.3E1,2.E0));
#4275=LINE('',#4274,#4273);
#4276=CARTESIAN_POINT('',(-5.7E1,-1.3E1,2.E0));
#4277=DIRECTION('',(0.E0,0.E0,-1.E0));
#4278=DIRECTION('',(-1.E0,0.E0,0.E0));
#4279=AXIS2_PLACEMENT_3D('',#4276,#4277,#4278);
#4281=DIRECTION('',(0.E0,1.E0,0.E0));
#4282=VECTOR('',#4281,1.4E1);
#4283=CARTESIAN_POINT('',(-5.8E1,-2.7E1,2.E0));
#4284=LINE('',#4283,#4282);
#4285=CARTESIAN_POINT('',(-5.7E1,-2.7E1,2.E0));
#4286=DIRECTION('',(0.E0,0.E0,-1.E0));
#4287=DIRECTION('',(1.E0,-4.973799150321E-14,0.E0));
#4288=AXIS2_PLACEMENT_3D('',#4285,#4286,#4287);
#4290=DIRECTION('',(0.E0,-1.E0,0.E0));
#4291=VECTOR('',#4290,1.4E1);
#4292=CARTESIAN_POINT('',(-5.6E1,-1.3E1,2.E0));
#4293=LINE('',#4292,#4291);
#4294=CARTESIAN_POINT('',(-6.1E1,-1.3E1,2.E0));
#4295=DIRECTION('',(0.E0,0.E0,-1.E0));
#4296=DIRECTION('',(-1.E0,0.E0,0.E0));
#4297=AXIS2_PLACEMENT_3D('',#4294,#4295,#4296);
#4299=DIRECTION('',(0.E0,1.E0,0.E0));
#4300=VECTOR('',#4299,1.4E1);
#4301=CARTESIAN_POINT('',(-6.2E1,-2.7E1,2.E0));
#4302=LINE('',#4301,#4300);
#4303=CARTESIAN_POINT('',(-6.1E1,-2.7E1,2.E0));
#4304=DIRECTION('',(0.E0,0.E0,-1.E0));
#4305=DIRECTION('',(1.E0,-4.973799150321E-14,0.E0));
#4306=AXIS2_PLACEMENT_3D('',#4303,#4304,#4305);
#4308=DIRECTION('',(0.E0,-1.E0,0.E0));
#4309=VECTOR('',#4308,1.4E1);
#4310=CARTESIAN_POINT('',(-6.E1,-1.3E1,2.E0));
#4311=LINE('',#4310,#4309);
#4312=CARTESIAN_POINT('',(-4.1E1,-1.3E1,2.E0));
#4313=DIRECTION('',(0.E0,0.E0,1.E0));
#4314=DIRECTION('',(1.E0,0.E0,0.E0));
#4315=AXIS2_PLACEMENT_3D('',#4312,#4313,#4314);
#4317=DIRECTION('',(0.E0,-1.E0,0.E0));
#4318=VECTOR('',#4317,1.4E1);
#4319=CARTESIAN_POINT('',(-4.2E1,-1.3E1,2.E0));
#4320=LINE('',#4319,#4318);
#4321=CARTESIAN_POINT('',(-4.1E1,-2.7E1,2.E0));
#4322=DIRECTION('',(0.E0,0.E0,1.E0));
#4323=DIRECTION('',(-1.E0,0.E0,0.E0));
#4324=AXIS2_PLACEMENT_3D('',#4321,#4322,#4323);
#4326=DIRECTION('',(0.E0,1.E0,0.E0));
#4327=VECTOR('',#4326,1.4E1);
#4328=CARTESIAN_POINT('',(-4.E1,-2.7E1,2.E0));
#4329=LINE('',#4328,#4327);
#4330=CARTESIAN_POINT('',(-3.7E1,-1.3E1,2.E0));
#4331=DIRECTION('',(0.E0,0.E0,1.E0));
#4332=DIRECTION('',(1.E0,0.E0,0.E0));
#4333=AXIS2_PLACEMENT_3D('',#4330,#4331,#4332);
#4335=DIRECTION('',(0.E0,-1.E0,0.E0));
#4336=VECTOR('',#4335,1.4E1);
#4337=CARTESIAN_POINT('',(-3.8E1,-1.3E1,2.E0));
#4338=LINE('',#4337,#4336);
#4339=CARTESIAN_POINT('',(-3.7E1,-2.7E1,2.E0));
#4340=DIRECTION('',(0.E0,0.E0,1.E0));
#4341=DIRECTION('',(-1.E0,0.E0,0.E0));
#4342=AXIS2_PLACEMENT_3D('',#4339,#4340,#4341);
#4344=DIRECTION('',(0.E0,1.E0,0.E0));
#4345=VECTOR('',#4344,1.4E1);
#4346=CARTESIAN_POINT('',(-3.6E1,-2.7E1,2.E0));
#4347=LINE('',#4346,#4345);
#4348=CARTESIAN_POINT('',(-3.3E1,-1.3E1,2.E0));
#4349=DIRECTION('',(0.E0,0.E0,1.E0));
#4350=DIRECTION('',(1.E0,0.E0,0.E0));
#4351=AXIS2_PLACEMENT_3D('',#4348,#4349,#4350);
#4353=DIRECTION('',(0.E0,-1.E0,0.E0));
#4354=VECTOR('',#4353,1.4E1);
#4355=CARTESIAN_POINT('',(-3.4E1,-1.3E1,2.E0));
#4356=LINE('',#4355,#4354);
#4357=CARTESIAN_POINT('',(-3.3E1,-2.7E1,2.E0));
#4358=DIRECTION('',(0.E0,0.E0,1.E0));
#4359=DIRECTION('',(-1.E0,0.E0,0.E0));
#4360=AXIS2_PLACEMENT_3D('',#4357,#4358,#4359);
#4362=DIRECTION('',(0.E0,1.E0,0.E0));
#4363=VECTOR('',#4362,1.4E1);
#4364=CARTESIAN_POINT('',(-3.2E1,-2.7E1,2.E0));
#4365=LINE('',#4364,#4363);
#4366=CARTESIAN_POINT('',(-2.9E1,-1.3E1,2.E0));
#4367=DIRECTION('',(0.E0,0.E0,1.E0));
#4368=DIRECTION('',(1.E0,0.E0,0.E0));
#4369=AXIS2_PLACEMENT_3D('',#4366,#4367,#4368);
#4371=DIRECTION('',(0.E0,-1.E0,0.E0));
#4372=VECTOR('',#4371,1.4E1);
#4373=CARTESIAN_POINT('',(-3.E1,-1.3E1,2.E0));
#4374=LINE('',#4373,#4372);
#4375=CARTESIAN_POINT('',(-2.9E1,-2.7E1,2.E0));
#4376=DIRECTION('',(0.E0,0.E0,1.E0));
#4377=DIRECTION('',(-1.E0,0.E0,0.E0));
#4378=AXIS2_PLACEMENT_3D('',#4375,#4376,#4377);
#4380=DIRECTION('',(0.E0,1.E0,0.E0));
#4381=VECTOR('',#4380,1.4E1);
#4382=CARTESIAN_POINT('',(-2.8E1,-2.7E1,2.E0));
#4383=LINE('',#4382,#4381);
#4384=DIRECTION('',(0.E0,7.071067811865E-1,7.071067811865E-1));
#4385=VECTOR('',#4384,3.751441076846E0);
#4386=CARTESIAN_POINT('',(-8.1E1,-1.175266942466E1,2.E0));
#4387=LINE('',#4386,#4385);
#4388=DIRECTION('',(1.E0,0.E0,0.E0));
#4389=VECTOR('',#4388,7.2E1);
#4390=CARTESIAN_POINT('',(-8.1E1,-9.1E0,4.652669424660E0));
#4391=LINE('',#4390,#4389);
#4392=DIRECTION('',(0.E0,1.E0,0.E0));
#4393=VECTOR('',#4392,5.E-1);
#4394=CARTESIAN_POINT('',(-8.1E1,-9.1E0,4.652669424660E0));
#4395=LINE('',#4394,#4393);
#4396=DIRECTION('',(9.848077530122E-1,1.736481776669E-1,0.E0));
#4397=VECTOR('',#4396,8.638155724715E0);
#4398=CARTESIAN_POINT('',(-8.1E1,-8.6E0,4.652669424660E0));
#4399=LINE('',#4398,#4397);
#4400=DIRECTION('',(1.E0,0.E0,0.E0));
#4401=VECTOR('',#4400,6.349307727057E1);
#4402=CARTESIAN_POINT('',(-7.249307727057E1,-7.1E0,4.652669424660E0));
#4403=LINE('',#4402,#4401);
#4404=DIRECTION('',(0.E0,-1.E0,0.E0));
#4405=VECTOR('',#4404,2.E0);
#4406=CARTESIAN_POINT('',(-9.E0,-7.1E0,4.652669424660E0));
#4407=LINE('',#4406,#4405);
#4408=CARTESIAN_POINT('',(-9.E0,-7.1E0,9.E0));
#4409=DIRECTION('',(0.E0,-1.E0,0.E0));
#4410=DIRECTION('',(0.E0,0.E0,-1.E0));
#4411=AXIS2_PLACEMENT_3D('',#4408,#4409,#4410);
#4413=DIRECTION('',(0.E0,-7.071067811865E-1,-7.071067811865E-1));
#4414=VECTOR('',#4413,3.751441076846E0);
#4415=CARTESIAN_POINT('',(-9.E0,-9.1E0,4.652669424660E0));
#4416=LINE('',#4415,#4414);
#4417=CARTESIAN_POINT('',(-9.E0,-9.1E0,9.E0));
#4418=DIRECTION('',(0.E0,-1.E0,0.E0));
#4419=DIRECTION('',(0.E0,0.E0,-1.E0));
#4420=AXIS2_PLACEMENT_3D('',#4417,#4418,#4419);
#4422=CARTESIAN_POINT('',(-9.E0,-7.1E0,9.E0));
#4423=DIRECTION('',(0.E0,-1.E0,0.E0));
#4424=DIRECTION('',(0.E0,0.E0,-1.E0));
#4425=AXIS2_PLACEMENT_3D('',#4422,#4423,#4424);
#4427=CARTESIAN_POINT('',(-9.E0,-5.652669424660E0,9.E0));
#4428=DIRECTION('',(0.E0,-1.E0,0.E0));
#4429=DIRECTION('',(0.E0,0.E0,-1.E0));
#4430=AXIS2_PLACEMENT_3D('',#4427,#4428,#4429);
#4432=CARTESIAN_POINT('',(-9.E0,-1.175266942466E1,9.E0));
#4433=DIRECTION('',(0.E0,-1.E0,0.E0));
#4434=DIRECTION('',(0.E0,0.E0,-1.E0));
#4435=AXIS2_PLACEMENT_3D('',#4432,#4433,#4434);
#4437=DIRECTION('',(-7.071067811865E-1,7.071067811865E-1,0.E0));
#4438=VECTOR('',#4437,3.751441076846E0);
#4439=CARTESIAN_POINT('',(-2.E0,-5.652669424660E0,9.E0));
#4440=LINE('',#4439,#4438);
#4441=DIRECTION('',(-7.071067811865E-1,7.071067811865E-1,0.E0));
#4442=VECTOR('',#4441,3.751441076846E0);
#4443=CARTESIAN_POINT('',(-2.E0,-5.652669424660E0,8.1E1));
#4444=LINE('',#4443,#4442);
#4445=DIRECTION('',(0.E0,7.071067811865E-1,-7.071067811866E-1));
#4446=VECTOR('',#4445,3.751441076846E0);
#4447=CARTESIAN_POINT('',(-9.E0,-5.652669424660E0,8.8E1));
#4448=LINE('',#4447,#4446);
#4449=CARTESIAN_POINT('',(-9.E0,-7.1E0,8.1E1));
#4450=DIRECTION('',(0.E0,-1.E0,0.E0));
#4451=DIRECTION('',(1.E0,0.E0,0.E0));
#4452=AXIS2_PLACEMENT_3D('',#4449,#4450,#4451);
#4454=CARTESIAN_POINT('',(-9.E0,-5.652669424660E0,8.1E1));
#4455=DIRECTION('',(0.E0,-1.E0,0.E0));
#4456=DIRECTION('',(1.E0,0.E0,0.E0));
#4457=AXIS2_PLACEMENT_3D('',#4454,#4455,#4456);
#4459=CARTESIAN_POINT('',(-9.E0,-1.175266942466E1,8.1E1));
#4460=DIRECTION('',(0.E0,-1.E0,0.E0));
#4461=DIRECTION('',(1.E0,0.E0,0.E0));
#4462=AXIS2_PLACEMENT_3D('',#4459,#4460,#4461);
#4464=DIRECTION('',(7.071067811865E-1,-7.071067811865E-1,0.E0));
#4465=VECTOR('',#4464,3.751441076846E0);
#4466=CARTESIAN_POINT('',(-4.652669424660E0,-9.1E0,8.1E1));
#4467=LINE('',#4466,#4465);
#4468=CARTESIAN_POINT('',(-9.E0,-9.1E0,8.1E1));
#4469=DIRECTION('',(0.E0,-1.E0,0.E0));
#4470=DIRECTION('',(1.E0,0.E0,0.E0));
#4471=AXIS2_PLACEMENT_3D('',#4468,#4469,#4470);
#4473=DIRECTION('',(-7.071067811865E-1,7.071067811865E-1,0.E0));
#4474=VECTOR('',#4473,3.751441076846E0);
#4475=CARTESIAN_POINT('',(-2.E0,-1.175266942466E1,1.2E1));
#4476=LINE('',#4475,#4474);
#4477=DIRECTION('',(7.071067811865E-1,-7.071067811865E-1,0.E0));
#4478=VECTOR('',#4477,3.751441076846E0);
#4479=CARTESIAN_POINT('',(-4.652669424660E0,-9.1E0,9.E0));
#4480=LINE('',#4479,#4478);
#4481=DIRECTION('',(0.E0,0.E0,1.E0));
#4482=VECTOR('',#4481,3.E0);
#4483=CARTESIAN_POINT('',(-4.652669424660E0,-9.1E0,9.E0));
#4484=LINE('',#4483,#4482);
#4485=DIRECTION('',(-7.071067811865E-1,7.071067811865E-1,0.E0));
#4486=VECTOR('',#4485,3.751441076846E0);
#4487=CARTESIAN_POINT('',(-2.E0,-1.175266942466E1,4.7E1));
#4488=LINE('',#4487,#4486);
#4489=DIRECTION('',(0.E0,0.E0,1.E0));
#4490=VECTOR('',#4489,3.4E1);
#4491=CARTESIAN_POINT('',(-4.652669424660E0,-9.1E0,4.7E1));
#4492=LINE('',#4491,#4490);
#4493=CARTESIAN_POINT('',(-1.7E1,-2.858331477355E1,4.7E1));
#4494=DIRECTION('',(0.E0,0.E0,-1.E0));
#4495=DIRECTION('',(8.666666666667E-1,4.988876515699E-1,0.E0));
#4496=AXIS2_PLACEMENT_3D('',#4493,#4494,#4495);
#4498=DIRECTION('',(0.E0,-1.E0,0.E0));
#4499=VECTOR('',#4498,5.E0);
#4500=CARTESIAN_POINT('',(-4.E0,-1.61E1,4.7E1));
#4501=LINE('',#4500,#4499);
#4502=DIRECTION('',(-1.E0,0.E0,0.E0));
#4503=VECTOR('',#4502,2.E0);
#4504=CARTESIAN_POINT('',(-2.E0,-1.61E1,4.7E1));
#4505=LINE('',#4504,#4503);
#4506=CARTESIAN_POINT('',(-4.E0,-1.542287565553E1,4.7E1));
#4507=DIRECTION('',(0.E0,0.E0,-1.E0));
#4508=DIRECTION('',(7.071067811865E-1,7.071067811866E-1,0.E0));
#4509=AXIS2_PLACEMENT_3D('',#4506,#4507,#4508);
#4511=DIRECTION('',(7.071067811865E-1,-7.071067811865E-1,0.E0));
#4512=VECTOR('',#4511,2.923013952100E0);
#4513=CARTESIAN_POINT('',(-4.652669424660E0,-1.194177910613E1,4.7E1));
#4514=LINE('',#4513,#4512);
#4515=DIRECTION('',(0.E0,-1.E0,0.E0));
#4516=VECTOR('',#4515,2.841779106126E0);
#4517=CARTESIAN_POINT('',(-4.652669424660E0,-9.1E0,4.7E1));
#4518=LINE('',#4517,#4516);
#4519=CARTESIAN_POINT('',(-1.7E1,-2.858331477355E1,3.E1));
#4520=DIRECTION('',(0.E0,0.E0,1.E0));
#4521=DIRECTION('',(9.944135386757E-1,1.055543182365E-1,0.E0));
#4522=AXIS2_PLACEMENT_3D('',#4519,#4520,#4521);
#4524=DIRECTION('',(0.E0,0.E0,1.E0));
#4525=VECTOR('',#4524,2.E0);
#4526=CARTESIAN_POINT('',(-4.E0,-2.11E1,3.E1));
#4527=LINE('',#4526,#4525);
#4528=CARTESIAN_POINT('',(-1.7E1,-2.858331477355E1,3.2E1));
#4529=DIRECTION('',(0.E0,0.E0,1.E0));
#4530=DIRECTION('',(9.944135386757E-1,1.055543182365E-1,0.E0));
#4531=AXIS2_PLACEMENT_3D('',#4528,#4529,#4530);
#4533=CARTESIAN_POINT('',(-2.083796919864E0,-2.7E1,3.4E1));
#4534=CARTESIAN_POINT('',(-2.074561458593E0,-2.708700608253E1,3.4E1));
#4535=CARTESIAN_POINT('',(-2.058040351458E0,-2.725657518619E1,
3.397862617821E1));
#4536=CARTESIAN_POINT('',(-2.037669461121E0,-2.751189689937E1,
3.387369695648E1));
#4537=CARTESIAN_POINT('',(-2.024205375615E0,-2.772486892133E1,
3.370586846839E1));
#4538=CARTESIAN_POINT('',(-2.016196534807E0,-2.788264984747E1,
3.349345816238E1));
#4539=CARTESIAN_POINT('',(-2.012100162237E0,-2.797988256532E1,
3.325135691625E1));
#4540=CARTESIAN_POINT('',(-2.010838959535E0,-2.801357835286E1,
3.297656444835E1));
#4541=CARTESIAN_POINT('',(-2.012709904259E0,-2.796351958997E1,
3.267683173270E1));
#4542=CARTESIAN_POINT('',(-2.019244431612E0,-2.781652846267E1,
3.239516122662E1));
#4543=CARTESIAN_POINT('',(-2.031846242707E0,-2.759464542952E1,
3.217512467512E1));
#4544=CARTESIAN_POINT('',(-2.053643491808E0,-2.730402752980E1,
3.203032373289E1));
#4545=CARTESIAN_POINT('',(-2.072704983417E0,-2.710449569432E1,3.2E1));
#4546=CARTESIAN_POINT('',(-2.083796919864E0,-2.7E1,3.2E1));
#4548=CARTESIAN_POINT('',(-1.7E1,-2.858331477355E1,3.4E1));
#4549=DIRECTION('',(0.E0,0.E0,1.E0));
#4550=DIRECTION('',(9.944135386757E-1,1.055543182365E-1,0.E0));
#4551=AXIS2_PLACEMENT_3D('',#4548,#4549,#4550);
#4553=DIRECTION('',(0.E0,0.E0,1.E0));
#4554=VECTOR('',#4553,2.E0);
#4555=CARTESIAN_POINT('',(-4.E0,-2.11E1,3.4E1));
#4556=LINE('',#4555,#4554);
#4557=CARTESIAN_POINT('',(-1.7E1,-2.858331477355E1,3.6E1));
#4558=DIRECTION('',(0.E0,0.E0,1.E0));
#4559=DIRECTION('',(9.944135386757E-1,1.055543182365E-1,0.E0));
#4560=AXIS2_PLACEMENT_3D('',#4557,#4558,#4559);
#4562=CARTESIAN_POINT('',(-2.083796919864E0,-2.7E1,3.8E1));
#4563=CARTESIAN_POINT('',(-2.074561458593E0,-2.708700608253E1,3.8E1));
#4564=CARTESIAN_POINT('',(-2.058040351458E0,-2.725657518619E1,
3.797862617821E1));
#4565=CARTESIAN_POINT('',(-2.037669461121E0,-2.751189689937E1,
3.787369695648E1));
#4566=CARTESIAN_POINT('',(-2.024205375615E0,-2.772486892133E1,
3.770586846839E1));
#4567=CARTESIAN_POINT('',(-2.016196534807E0,-2.788264984747E1,
3.749345816238E1));
#4568=CARTESIAN_POINT('',(-2.012100162237E0,-2.797988256532E1,
3.725135691625E1));
#4569=CARTESIAN_POINT('',(-2.010838959535E0,-2.801357835286E1,
3.697656444835E1));
#4570=CARTESIAN_POINT('',(-2.012709904259E0,-2.796351958997E1,
3.667683173270E1));
#4571=CARTESIAN_POINT('',(-2.019244431612E0,-2.781652846267E1,
3.639516122662E1));
#4572=CARTESIAN_POINT('',(-2.031846242707E0,-2.759464542952E1,
3.617512467512E1));
#4573=CARTESIAN_POINT('',(-2.053643491808E0,-2.730402752980E1,
3.603032373289E1));
#4574=CARTESIAN_POINT('',(-2.072704983417E0,-2.710449569432E1,3.6E1));
#4575=CARTESIAN_POINT('',(-2.083796919864E0,-2.7E1,3.6E1));
#4577=CARTESIAN_POINT('',(-1.7E1,-2.858331477355E1,3.8E1));
#4578=DIRECTION('',(0.E0,0.E0,1.E0));
#4579=DIRECTION('',(9.944135386757E-1,1.055543182365E-1,0.E0));
#4580=AXIS2_PLACEMENT_3D('',#4577,#4578,#4579);
#4582=DIRECTION('',(0.E0,0.E0,1.E0));
#4583=VECTOR('',#4582,2.E0);
#4584=CARTESIAN_POINT('',(-4.E0,-2.11E1,3.8E1));
#4585=LINE('',#4584,#4583);
#4586=CARTESIAN_POINT('',(-1.7E1,-2.858331477355E1,4.E1));
#4587=DIRECTION('',(0.E0,0.E0,1.E0));
#4588=DIRECTION('',(9.944135386757E-1,1.055543182365E-1,0.E0));
#4589=AXIS2_PLACEMENT_3D('',#4586,#4587,#4588);
#4591=CARTESIAN_POINT('',(-2.083796919864E0,-2.7E1,4.2E1));
#4592=CARTESIAN_POINT('',(-2.074561458593E0,-2.708700608253E1,4.2E1));
#4593=CARTESIAN_POINT('',(-2.058040351458E0,-2.725657518619E1,
4.197862617821E1));
#4594=CARTESIAN_POINT('',(-2.037669461121E0,-2.751189689937E1,
4.187369695648E1));
#4595=CARTESIAN_POINT('',(-2.024205375615E0,-2.772486892133E1,
4.170586846839E1));
#4596=CARTESIAN_POINT('',(-2.016196534807E0,-2.788264984747E1,
4.149345816238E1));
#4597=CARTESIAN_POINT('',(-2.012100162237E0,-2.797988256532E1,
4.125135691625E1));
#4598=CARTESIAN_POINT('',(-2.010838959535E0,-2.801357835286E1,
4.097656444835E1));
#4599=CARTESIAN_POINT('',(-2.012709904259E0,-2.796351958997E1,
4.067683173270E1));
#4600=CARTESIAN_POINT('',(-2.019244431612E0,-2.781652846267E1,
4.039516122662E1));
#4601=CARTESIAN_POINT('',(-2.031846242707E0,-2.759464542952E1,
4.017512467512E1));
#4602=CARTESIAN_POINT('',(-2.053643491808E0,-2.730402752980E1,
4.003032373289E1));
#4603=CARTESIAN_POINT('',(-2.072704983417E0,-2.710449569432E1,4.E1));
#4604=CARTESIAN_POINT('',(-2.083796919864E0,-2.7E1,4.E1));
#4606=CARTESIAN_POINT('',(-1.7E1,-2.858331477355E1,4.2E1));
#4607=DIRECTION('',(0.E0,0.E0,1.E0));
#4608=DIRECTION('',(9.944135386757E-1,1.055543182365E-1,0.E0));
#4609=AXIS2_PLACEMENT_3D('',#4606,#4607,#4608);
#4611=DIRECTION('',(0.E0,0.E0,1.E0));
#4612=VECTOR('',#4611,2.E0);
#4613=CARTESIAN_POINT('',(-4.E0,-2.11E1,4.2E1));
#4614=LINE('',#4613,#4612);
#4615=CARTESIAN_POINT('',(-1.7E1,-2.858331477355E1,4.4E1));
#4616=DIRECTION('',(0.E0,0.E0,1.E0));
#4617=DIRECTION('',(9.944135386757E-1,1.055543182365E-1,0.E0));
#4618=AXIS2_PLACEMENT_3D('',#4615,#4616,#4617);
#4620=CARTESIAN_POINT('',(-2.083796919864E0,-2.7E1,4.6E1));
#4621=CARTESIAN_POINT('',(-2.074561458593E0,-2.708700608253E1,4.6E1));
#4622=CARTESIAN_POINT('',(-2.058040351458E0,-2.725657518619E1,
4.597862617821E1));
#4623=CARTESIAN_POINT('',(-2.037669461121E0,-2.751189689937E1,
4.587369695648E1));
#4624=CARTESIAN_POINT('',(-2.024205375615E0,-2.772486892133E1,
4.570586846839E1));
#4625=CARTESIAN_POINT('',(-2.016196534807E0,-2.788264984747E1,
4.549345816238E1));
#4626=CARTESIAN_POINT('',(-2.012100162237E0,-2.797988256532E1,
4.525135691625E1));
#4627=CARTESIAN_POINT('',(-2.010838959535E0,-2.801357835286E1,
4.497656444835E1));
#4628=CARTESIAN_POINT('',(-2.012709904259E0,-2.796351958997E1,
4.467683173270E1));
#4629=CARTESIAN_POINT('',(-2.019244431612E0,-2.781652846267E1,
4.439516122662E1));
#4630=CARTESIAN_POINT('',(-2.031846242707E0,-2.759464542952E1,
4.417512467512E1));
#4631=CARTESIAN_POINT('',(-2.053643491808E0,-2.730402752980E1,
4.403032373289E1));
#4632=CARTESIAN_POINT('',(-2.072704983417E0,-2.710449569432E1,4.4E1));
#4633=CARTESIAN_POINT('',(-2.083796919864E0,-2.7E1,4.4E1));
#4635=CARTESIAN_POINT('',(-1.7E1,-2.858331477355E1,4.6E1));
#4636=DIRECTION('',(0.E0,0.E0,1.E0));
#4637=DIRECTION('',(9.944135386757E-1,1.055543182365E-1,0.E0));
#4638=AXIS2_PLACEMENT_3D('',#4635,#4636,#4637);
#4640=DIRECTION('',(0.E0,0.E0,1.E0));
#4641=VECTOR('',#4640,1.E0);
#4642=CARTESIAN_POINT('',(-4.E0,-2.11E1,4.6E1));
#4643=LINE('',#4642,#4641);
#4644=DIRECTION('',(0.E0,0.E0,1.E0));
#4645=VECTOR('',#4644,1.6E1);
#4646=CARTESIAN_POINT('',(-4.E0,-2.11E1,1.2E1));
#4647=LINE('',#4646,#4645);
#4648=CARTESIAN_POINT('',(-1.7E1,-2.858331477355E1,2.8E1));
#4649=DIRECTION('',(0.E0,0.E0,1.E0));
#4650=DIRECTION('',(9.944135386757E-1,1.055543182365E-1,0.E0));
#4651=AXIS2_PLACEMENT_3D('',#4648,#4649,#4650);
#4653=CARTESIAN_POINT('',(-2.083796919864E0,-2.7E1,3.E1));
#4654=CARTESIAN_POINT('',(-2.072506976106E0,-2.710636109552E1,3.E1));
#4655=CARTESIAN_POINT('',(-2.053127719485E0,-2.730944886544E1,
2.996882827209E1));
#4656=CARTESIAN_POINT('',(-2.030896363829E0,-2.760857186643E1,
2.981638725074E1));
#4657=CARTESIAN_POINT('',(-2.018537616609E0,-2.783103462502E1,
2.958444131571E1));
#4658=CARTESIAN_POINT('',(-2.012526365809E0,-2.796833582941E1,
2.930702448063E1));
#4659=CARTESIAN_POINT('',(-2.010751088317E0,-2.801600718162E1,
2.899776295479E1));
#4660=CARTESIAN_POINT('',(-2.012546741201E0,-2.796762289975E1,
2.868965453567E1));
#4661=CARTESIAN_POINT('',(-2.018788504779E0,-2.782598651562E1,
2.840854077331E1));
#4662=CARTESIAN_POINT('',(-2.031023319382E0,-2.760703858628E1,
2.818344871567E1));
#4663=CARTESIAN_POINT('',(-2.053008631752E0,-2.731094353137E1,
2.803167500666E1));
#4664=CARTESIAN_POINT('',(-2.072420663168E0,-2.710717423850E1,2.8E1));
#4665=CARTESIAN_POINT('',(-2.083796919864E0,-2.7E1,2.8E1));
#4667=DIRECTION('',(-1.E0,0.E0,0.E0));
#4668=VECTOR('',#4667,3.594448530786E0);
#4669=CARTESIAN_POINT('',(0.E0,-1.3E1,3.E1));
#4670=LINE('',#4669,#4668);
#4671=DIRECTION('',(-1.E0,0.E0,0.E0));
#4672=VECTOR('',#4671,3.594448530786E0);
#4673=CARTESIAN_POINT('',(0.E0,-1.3E1,2.8E1));
#4674=LINE('',#4673,#4672);
#4675=DIRECTION('',(-1.E0,0.E0,0.E0));
#4676=VECTOR('',#4675,2.083796919864E0);
#4677=CARTESIAN_POINT('',(0.E0,-2.7E1,2.8E1));
#4678=LINE('',#4677,#4676);
#4679=DIRECTION('',(-1.E0,0.E0,0.E0));
#4680=VECTOR('',#4679,2.083796919864E0);
#4681=CARTESIAN_POINT('',(0.E0,-2.7E1,3.E1));
#4682=LINE('',#4681,#4680);
#4683=DIRECTION('',(0.E0,-1.E0,0.E0));
#4684=VECTOR('',#4683,5.E0);
#4685=CARTESIAN_POINT('',(-4.E0,-1.61E1,4.6E1));
#4686=LINE('',#4685,#4684);
#4687=DIRECTION('',(0.E0,0.E0,1.E0));
#4688=VECTOR('',#4687,1.E0);
#4689=CARTESIAN_POINT('',(-4.E0,-1.61E1,4.6E1));
#4690=LINE('',#4689,#4688);
#4691=DIRECTION('',(0.E0,-1.E0,0.E0));
#4692=VECTOR('',#4691,5.E0);
#4693=CARTESIAN_POINT('',(-4.E0,-1.61E1,4.2E1));
#4694=LINE('',#4693,#4692);
#4695=DIRECTION('',(0.E0,0.E0,1.E0));
#4696=VECTOR('',#4695,2.E0);
#4697=CARTESIAN_POINT('',(-4.E0,-1.61E1,4.2E1));
#4698=LINE('',#4697,#4696);
#4699=DIRECTION('',(0.E0,-1.E0,0.E0));
#4700=VECTOR('',#4699,5.E0);
#4701=CARTESIAN_POINT('',(-4.E0,-1.61E1,4.4E1));
#4702=LINE('',#4701,#4700);
#4703=DIRECTION('',(0.E0,-1.E0,0.E0));
#4704=VECTOR('',#4703,5.E0);
#4705=CARTESIAN_POINT('',(-4.E0,-1.61E1,3.8E1));
#4706=LINE('',#4705,#4704);
#4707=DIRECTION('',(0.E0,0.E0,1.E0));
#4708=VECTOR('',#4707,2.E0);
#4709=CARTESIAN_POINT('',(-4.E0,-1.61E1,3.8E1));
#4710=LINE('',#4709,#4708);
#4711=DIRECTION('',(0.E0,-1.E0,0.E0));
#4712=VECTOR('',#4711,5.E0);
#4713=CARTESIAN_POINT('',(-4.E0,-1.61E1,4.E1));
#4714=LINE('',#4713,#4712);
#4715=DIRECTION('',(0.E0,-1.E0,0.E0));
#4716=VECTOR('',#4715,5.E0);
#4717=CARTESIAN_POINT('',(-4.E0,-1.61E1,3.4E1));
#4718=LINE('',#4717,#4716);
#4719=DIRECTION('',(0.E0,0.E0,1.E0));
#4720=VECTOR('',#4719,2.E0);
#4721=CARTESIAN_POINT('',(-4.E0,-1.61E1,3.4E1));
#4722=LINE('',#4721,#4720);
#4723=DIRECTION('',(0.E0,-1.E0,0.E0));
#4724=VECTOR('',#4723,5.E0);
#4725=CARTESIAN_POINT('',(-4.E0,-1.61E1,3.6E1));
#4726=LINE('',#4725,#4724);
#4727=DIRECTION('',(0.E0,-1.E0,0.E0));
#4728=VECTOR('',#4727,5.E0);
#4729=CARTESIAN_POINT('',(-4.E0,-1.61E1,3.E1));
#4730=LINE('',#4729,#4728);
#4731=DIRECTION('',(0.E0,0.E0,1.E0));
#4732=VECTOR('',#4731,2.E0);
#4733=CARTESIAN_POINT('',(-4.E0,-1.61E1,3.E1));
#4734=LINE('',#4733,#4732);
#4735=DIRECTION('',(0.E0,-1.E0,0.E0));
#4736=VECTOR('',#4735,5.E0);
#4737=CARTESIAN_POINT('',(-4.E0,-1.61E1,3.2E1));
#4738=LINE('',#4737,#4736);
#4739=DIRECTION('',(0.E0,-1.E0,0.E0));
#4740=VECTOR('',#4739,5.E0);
#4741=CARTESIAN_POINT('',(-4.E0,-1.61E1,2.8E1));
#4742=LINE('',#4741,#4740);
#4743=DIRECTION('',(0.E0,0.E0,1.E0));
#4744=VECTOR('',#4743,1.6E1);
#4745=CARTESIAN_POINT('',(-4.E0,-1.61E1,1.2E1));
#4746=LINE('',#4745,#4744);
#4747=DIRECTION('',(-1.E0,0.E0,0.E0));
#4748=VECTOR('',#4747,3.594448530786E0);
#4749=CARTESIAN_POINT('',(0.E0,-1.3E1,4.2E1));
#4750=LINE('',#4749,#4748);
#4751=DIRECTION('',(-1.E0,0.E0,0.E0));
#4752=VECTOR('',#4751,3.594448530786E0);
#4753=CARTESIAN_POINT('',(0.E0,-1.3E1,4.E1));
#4754=LINE('',#4753,#4752);
#4755=DIRECTION('',(-1.E0,0.E0,0.E0));
#4756=VECTOR('',#4755,2.083796919864E0);
#4757=CARTESIAN_POINT('',(0.E0,-2.7E1,4.E1));
#4758=LINE('',#4757,#4756);
#4759=DIRECTION('',(-1.E0,0.E0,0.E0));
#4760=VECTOR('',#4759,2.083796919864E0);
#4761=CARTESIAN_POINT('',(0.E0,-2.7E1,4.2E1));
#4762=LINE('',#4761,#4760);
#4763=CARTESIAN_POINT('',(-4.E0,-1.542287565553E1,4.6E1));
#4764=DIRECTION('',(0.E0,0.E0,1.E0));
#4765=DIRECTION('',(1.E0,0.E0,0.E0));
#4766=AXIS2_PLACEMENT_3D('',#4763,#4764,#4765);
#4768=DIRECTION('',(0.E0,0.E0,1.E0));
#4769=VECTOR('',#4768,1.E0);
#4770=CARTESIAN_POINT('',(-2.585786437627E0,-1.400866209316E1,4.6E1));
#4771=LINE('',#4770,#4769);
#4772=CARTESIAN_POINT('',(-4.E0,-1.542287565553E1,4.2E1));
#4773=DIRECTION('',(0.E0,0.E0,1.E0));
#4774=DIRECTION('',(1.E0,0.E0,0.E0));
#4775=AXIS2_PLACEMENT_3D('',#4772,#4773,#4774);
#4777=DIRECTION('',(0.E0,0.E0,1.E0));
#4778=VECTOR('',#4777,2.E0);
#4779=CARTESIAN_POINT('',(-2.585786437627E0,-1.400866209316E1,4.2E1));
#4780=LINE('',#4779,#4778);
#4781=CARTESIAN_POINT('',(-4.E0,-1.542287565553E1,4.4E1));
#4782=DIRECTION('',(0.E0,0.E0,1.E0));
#4783=DIRECTION('',(1.E0,0.E0,0.E0));
#4784=AXIS2_PLACEMENT_3D('',#4781,#4782,#4783);
#4786=CARTESIAN_POINT('',(-4.E0,-1.542287565553E1,3.8E1));
#4787=DIRECTION('',(0.E0,0.E0,1.E0));
#4788=DIRECTION('',(1.E0,0.E0,0.E0));
#4789=AXIS2_PLACEMENT_3D('',#4786,#4787,#4788);
#4791=DIRECTION('',(0.E0,0.E0,1.E0));
#4792=VECTOR('',#4791,2.E0);
#4793=CARTESIAN_POINT('',(-2.585786437627E0,-1.400866209316E1,3.8E1));
#4794=LINE('',#4793,#4792);
#4795=CARTESIAN_POINT('',(-4.E0,-1.542287565553E1,4.E1));
#4796=DIRECTION('',(0.E0,0.E0,1.E0));
#4797=DIRECTION('',(1.E0,0.E0,0.E0));
#4798=AXIS2_PLACEMENT_3D('',#4795,#4796,#4797);
#4800=CARTESIAN_POINT('',(-4.E0,-1.542287565553E1,3.4E1));
#4801=DIRECTION('',(0.E0,0.E0,1.E0));
#4802=DIRECTION('',(1.E0,0.E0,0.E0));
#4803=AXIS2_PLACEMENT_3D('',#4800,#4801,#4802);
#4805=DIRECTION('',(0.E0,0.E0,1.E0));
#4806=VECTOR('',#4805,2.E0);
#4807=CARTESIAN_POINT('',(-2.585786437627E0,-1.400866209316E1,3.4E1));
#4808=LINE('',#4807,#4806);
#4809=CARTESIAN_POINT('',(-4.E0,-1.542287565553E1,3.6E1));
#4810=DIRECTION('',(0.E0,0.E0,1.E0));
#4811=DIRECTION('',(1.E0,0.E0,0.E0));
#4812=AXIS2_PLACEMENT_3D('',#4809,#4810,#4811);
#4814=CARTESIAN_POINT('',(-4.E0,-1.542287565553E1,3.E1));
#4815=DIRECTION('',(0.E0,0.E0,1.E0));
#4816=DIRECTION('',(1.E0,0.E0,0.E0));
#4817=AXIS2_PLACEMENT_3D('',#4814,#4815,#4816);
#4819=DIRECTION('',(0.E0,0.E0,1.E0));
#4820=VECTOR('',#4819,2.E0);
#4821=CARTESIAN_POINT('',(-2.585786437627E0,-1.400866209316E1,3.E1));
#4822=LINE('',#4821,#4820);
#4823=CARTESIAN_POINT('',(-4.E0,-1.542287565553E1,3.2E1));
#4824=DIRECTION('',(0.E0,0.E0,1.E0));
#4825=DIRECTION('',(1.E0,0.E0,0.E0));
#4826=AXIS2_PLACEMENT_3D('',#4823,#4824,#4825);
#4828=CARTESIAN_POINT('',(-4.E0,-1.542287565553E1,2.8E1));
#4829=DIRECTION('',(0.E0,0.E0,1.E0));
#4830=DIRECTION('',(1.E0,0.E0,0.E0));
#4831=AXIS2_PLACEMENT_3D('',#4828,#4829,#4830);
#4833=DIRECTION('',(0.E0,0.E0,1.E0));
#4834=VECTOR('',#4833,1.6E1);
#4835=CARTESIAN_POINT('',(-2.585786437627E0,-1.400866209316E1,1.2E1));
#4836=LINE('',#4835,#4834);
#4837=DIRECTION('',(7.071067811865E-1,-7.071067811865E-1,0.E0));
#4838=VECTOR('',#4837,1.426463611997E0);
#4839=CARTESIAN_POINT('',(-3.594448530786E0,-1.3E1,3.E1));
#4840=LINE('',#4839,#4838);
#4841=CARTESIAN_POINT('',(-3.594448530786E0,-1.3E1,2.8E1));
#4842=CARTESIAN_POINT('',(-3.712299660984E0,-1.288214886980E1,2.8E1));
#4843=CARTESIAN_POINT('',(-3.966895619082E0,-1.262755291170E1,
2.804290819372E1));
#4844=CARTESIAN_POINT('',(-4.322675283825E0,-1.227177324696E1,
2.827109151560E1));
#4845=CARTESIAN_POINT('',(-4.551735117453E0,-1.204271341333E1,
2.863008505676E1));
#4846=CARTESIAN_POINT('',(-4.615805237452E0,-1.197864329333E1,2.9E1));
#4847=CARTESIAN_POINT('',(-4.551735117453E0,-1.204271341333E1,
2.936991494324E1));
#4848=CARTESIAN_POINT('',(-4.322675283825E0,-1.227177324696E1,
2.972890848440E1));
#4849=CARTESIAN_POINT('',(-3.966895619082E0,-1.262755291170E1,
2.995709180628E1));
#4850=CARTESIAN_POINT('',(-3.712299660984E0,-1.288214886980E1,3.E1));
#4851=CARTESIAN_POINT('',(-3.594448530786E0,-1.3E1,3.E1));
#4853=DIRECTION('',(7.071067811865E-1,-7.071067811865E-1,0.E0));
#4854=VECTOR('',#4853,1.426463611997E0);
#4855=CARTESIAN_POINT('',(-3.594448530786E0,-1.3E1,2.8E1));
#4856=LINE('',#4855,#4854);
#4857=DIRECTION('',(0.E0,0.E0,1.E0));
#4858=VECTOR('',#4857,3.5E1);
#4859=CARTESIAN_POINT('',(-4.652669424660E0,-1.194177910613E1,1.2E1));
#4860=LINE('',#4859,#4858);
#4861=DIRECTION('',(7.071067811865E-1,-7.071067811865E-1,0.E0));
#4862=VECTOR('',#4861,1.426463611997E0);
#4863=CARTESIAN_POINT('',(-3.594448530786E0,-1.3E1,4.6E1));
#4864=LINE('',#4863,#4862);
#4865=CARTESIAN_POINT('',(-3.594448530786E0,-1.3E1,4.4E1));
#4866=CARTESIAN_POINT('',(-3.712299660984E0,-1.288214886980E1,4.4E1));
#4867=CARTESIAN_POINT('',(-3.966895619082E0,-1.262755291170E1,
4.404290819372E1));
#4868=CARTESIAN_POINT('',(-4.322675283825E0,-1.227177324696E1,
4.427109151560E1));
#4869=CARTESIAN_POINT('',(-4.551735117453E0,-1.204271341333E1,
4.463008505676E1));
#4870=CARTESIAN_POINT('',(-4.615805237452E0,-1.197864329333E1,4.5E1));
#4871=CARTESIAN_POINT('',(-4.551735117453E0,-1.204271341333E1,
4.536991494324E1));
#4872=CARTESIAN_POINT('',(-4.322675283825E0,-1.227177324696E1,
4.572890848440E1));
#4873=CARTESIAN_POINT('',(-3.966895619082E0,-1.262755291170E1,
4.595709180628E1));
#4874=CARTESIAN_POINT('',(-3.712299660984E0,-1.288214886980E1,4.6E1));
#4875=CARTESIAN_POINT('',(-3.594448530786E0,-1.3E1,4.6E1));
#4877=DIRECTION('',(7.071067811865E-1,-7.071067811865E-1,0.E0));
#4878=VECTOR('',#4877,1.426463611997E0);
#4879=CARTESIAN_POINT('',(-3.594448530786E0,-1.3E1,4.4E1));
#4880=LINE('',#4879,#4878);
#4881=DIRECTION('',(7.071067811865E-1,-7.071067811865E-1,0.E0));
#4882=VECTOR('',#4881,1.426463611997E0);
#4883=CARTESIAN_POINT('',(-3.594448530786E0,-1.3E1,4.2E1));
#4884=LINE('',#4883,#4882);
#4885=CARTESIAN_POINT('',(-3.594448530786E0,-1.3E1,4.E1));
#4886=CARTESIAN_POINT('',(-3.712299660984E0,-1.288214886980E1,4.E1));
#4887=CARTESIAN_POINT('',(-3.966895619082E0,-1.262755291170E1,
4.004290819372E1));
#4888=CARTESIAN_POINT('',(-4.322675283825E0,-1.227177324696E1,
4.027109151560E1));
#4889=CARTESIAN_POINT('',(-4.551735117453E0,-1.204271341333E1,
4.063008505676E1));
#4890=CARTESIAN_POINT('',(-4.615805237452E0,-1.197864329333E1,4.1E1));
#4891=CARTESIAN_POINT('',(-4.551735117453E0,-1.204271341333E1,
4.136991494324E1));
#4892=CARTESIAN_POINT('',(-4.322675283825E0,-1.227177324696E1,
4.172890848440E1));
#4893=CARTESIAN_POINT('',(-3.966895619082E0,-1.262755291170E1,
4.195709180628E1));
#4894=CARTESIAN_POINT('',(-3.712299660984E0,-1.288214886980E1,4.2E1));
#4895=CARTESIAN_POINT('',(-3.594448530786E0,-1.3E1,4.2E1));
#4897=DIRECTION('',(7.071067811865E-1,-7.071067811865E-1,0.E0));
#4898=VECTOR('',#4897,1.426463611997E0);
#4899=CARTESIAN_POINT('',(-3.594448530786E0,-1.3E1,4.E1));
#4900=LINE('',#4899,#4898);
#4901=DIRECTION('',(7.071067811865E-1,-7.071067811865E-1,0.E0));
#4902=VECTOR('',#4901,1.426463611997E0);
#4903=CARTESIAN_POINT('',(-3.594448530786E0,-1.3E1,3.8E1));
#4904=LINE('',#4903,#4902);
#4905=CARTESIAN_POINT('',(-3.594448530786E0,-1.3E1,3.6E1));
#4906=CARTESIAN_POINT('',(-3.712299660984E0,-1.288214886980E1,3.6E1));
#4907=CARTESIAN_POINT('',(-3.966895619082E0,-1.262755291170E1,
3.604290819372E1));
#4908=CARTESIAN_POINT('',(-4.322675283825E0,-1.227177324696E1,
3.627109151560E1));
#4909=CARTESIAN_POINT('',(-4.551735117453E0,-1.204271341333E1,
3.663008505676E1));
#4910=CARTESIAN_POINT('',(-4.615805237452E0,-1.197864329333E1,3.7E1));
#4911=CARTESIAN_POINT('',(-4.551735117453E0,-1.204271341333E1,
3.736991494324E1));
#4912=CARTESIAN_POINT('',(-4.322675283825E0,-1.227177324696E1,
3.772890848440E1));
#4913=CARTESIAN_POINT('',(-3.966895619082E0,-1.262755291170E1,
3.795709180628E1));
#4914=CARTESIAN_POINT('',(-3.712299660984E0,-1.288214886980E1,3.8E1));
#4915=CARTESIAN_POINT('',(-3.594448530786E0,-1.3E1,3.8E1));
#4917=DIRECTION('',(7.071067811865E-1,-7.071067811865E-1,0.E0));
#4918=VECTOR('',#4917,1.426463611997E0);
#4919=CARTESIAN_POINT('',(-3.594448530786E0,-1.3E1,3.6E1));
#4920=LINE('',#4919,#4918);
#4921=DIRECTION('',(7.071067811865E-1,-7.071067811865E-1,0.E0));
#4922=VECTOR('',#4921,1.426463611997E0);
#4923=CARTESIAN_POINT('',(-3.594448530786E0,-1.3E1,3.4E1));
#4924=LINE('',#4923,#4922);
#4925=CARTESIAN_POINT('',(-3.594448530786E0,-1.3E1,3.2E1));
#4926=CARTESIAN_POINT('',(-3.712299660984E0,-1.288214886980E1,3.2E1));
#4927=CARTESIAN_POINT('',(-3.966895619082E0,-1.262755291170E1,
3.204290819372E1));
#4928=CARTESIAN_POINT('',(-4.322675283825E0,-1.227177324696E1,
3.227109151560E1));
#4929=CARTESIAN_POINT('',(-4.551735117453E0,-1.204271341333E1,
3.263008505676E1));
#4930=CARTESIAN_POINT('',(-4.615805237452E0,-1.197864329333E1,3.3E1));
#4931=CARTESIAN_POINT('',(-4.551735117453E0,-1.204271341333E1,
3.336991494324E1));
#4932=CARTESIAN_POINT('',(-4.322675283825E0,-1.227177324696E1,
3.372890848440E1));
#4933=CARTESIAN_POINT('',(-3.966895619082E0,-1.262755291170E1,
3.395709180628E1));
#4934=CARTESIAN_POINT('',(-3.712299660984E0,-1.288214886980E1,3.4E1));
#4935=CARTESIAN_POINT('',(-3.594448530786E0,-1.3E1,3.4E1));
#4937=DIRECTION('',(7.071067811865E-1,-7.071067811865E-1,0.E0));
#4938=VECTOR('',#4937,1.426463611997E0);
#4939=CARTESIAN_POINT('',(-3.594448530786E0,-1.3E1,3.2E1));
#4940=LINE('',#4939,#4938);
#4941=DIRECTION('',(-1.E0,0.E0,0.E0));
#4942=VECTOR('',#4941,3.594448530786E0);
#4943=CARTESIAN_POINT('',(0.E0,-1.3E1,4.4E1));
#4944=LINE('',#4943,#4942);
#4945=DIRECTION('',(-1.E0,0.E0,0.E0));
#4946=VECTOR('',#4945,2.083796919864E0);
#4947=CARTESIAN_POINT('',(0.E0,-2.7E1,4.4E1));
#4948=LINE('',#4947,#4946);
#4949=DIRECTION('',(-1.E0,0.E0,0.E0));
#4950=VECTOR('',#4949,2.083796919864E0);
#4951=CARTESIAN_POINT('',(0.E0,-2.7E1,4.6E1));
#4952=LINE('',#4951,#4950);
#4953=DIRECTION('',(-1.E0,0.E0,0.E0));
#4954=VECTOR('',#4953,3.594448530786E0);
#4955=CARTESIAN_POINT('',(0.E0,-1.3E1,3.8E1));
#4956=LINE('',#4955,#4954);
#4957=DIRECTION('',(-1.E0,0.E0,0.E0));
#4958=VECTOR('',#4957,3.594448530786E0);
#4959=CARTESIAN_POINT('',(0.E0,-1.3E1,3.6E1));
#4960=LINE('',#4959,#4958);
#4961=DIRECTION('',(-1.E0,0.E0,0.E0));
#4962=VECTOR('',#4961,2.083796919864E0);
#4963=CARTESIAN_POINT('',(0.E0,-2.7E1,3.6E1));
#4964=LINE('',#4963,#4962);
#4965=DIRECTION('',(-1.E0,0.E0,0.E0));
#4966=VECTOR('',#4965,2.083796919864E0);
#4967=CARTESIAN_POINT('',(0.E0,-2.7E1,3.8E1));
#4968=LINE('',#4967,#4966);
#4969=DIRECTION('',(-1.E0,0.E0,0.E0));
#4970=VECTOR('',#4969,3.594448530786E0);
#4971=CARTESIAN_POINT('',(0.E0,-1.3E1,3.4E1));
#4972=LINE('',#4971,#4970);
#4973=DIRECTION('',(-1.E0,0.E0,0.E0));
#4974=VECTOR('',#4973,3.594448530786E0);
#4975=CARTESIAN_POINT('',(0.E0,-1.3E1,3.2E1));
#4976=LINE('',#4975,#4974);
#4977=DIRECTION('',(-1.E0,0.E0,0.E0));
#4978=VECTOR('',#4977,2.083796919864E0);
#4979=CARTESIAN_POINT('',(0.E0,-2.7E1,3.2E1));
#4980=LINE('',#4979,#4978);
#4981=DIRECTION('',(-1.E0,0.E0,0.E0));
#4982=VECTOR('',#4981,2.083796919864E0);
#4983=CARTESIAN_POINT('',(0.E0,-2.7E1,3.4E1));
#4984=LINE('',#4983,#4982);
#4985=DIRECTION('',(0.E0,1.E0,0.E0));
#4986=VECTOR('',#4985,3.E0);
#4987=CARTESIAN_POINT('',(-9.E0,-3.E0,8.534733057534E1));
#4988=LINE('',#4987,#4986);
#4989=CARTESIAN_POINT('',(-9.E0,-3.E0,8.1E1));
#4990=DIRECTION('',(0.E0,1.E0,0.E0));
#4991=DIRECTION('',(0.E0,0.E0,1.E0));
#4992=AXIS2_PLACEMENT_3D('',#4989,#4990,#4991);
#4994=DIRECTION('',(0.E0,1.E0,0.E0));
#4995=VECTOR('',#4994,3.E0);
#4996=CARTESIAN_POINT('',(-4.652669424660E0,-3.E0,8.1E1));
#4997=LINE('',#4996,#4995);
#4998=DIRECTION('',(0.E0,0.E0,-1.E0));
#4999=VECTOR('',#4998,7.2E1);
#5000=CARTESIAN_POINT('',(-4.652669424660E0,-3.E0,8.1E1));
#5001=LINE('',#5000,#4999);
#5002=DIRECTION('',(0.E0,1.E0,0.E0));
#5003=VECTOR('',#5002,3.E0);
#5004=CARTESIAN_POINT('',(-4.652669424660E0,-3.E0,9.E0));
#5005=LINE('',#5004,#5003);
#5006=CARTESIAN_POINT('',(-9.E0,-3.E0,9.E0));
#5007=DIRECTION('',(0.E0,1.E0,0.E0));
#5008=DIRECTION('',(1.E0,0.E0,0.E0));
#5009=AXIS2_PLACEMENT_3D('',#5006,#5007,#5008);
#5011=DIRECTION('',(-1.E0,0.E0,0.E0));
#5012=VECTOR('',#5011,4.683346511927E1);
#5013=CARTESIAN_POINT('',(-9.E0,-3.E0,4.652669424660E0));
#5014=LINE('',#5013,#5012);
#5015=DIRECTION('',(0.E0,-1.E0,0.E0));
#5016=VECTOR('',#5015,3.E0);
#5017=CARTESIAN_POINT('',(-5.583346511927E1,0.E0,4.652669424660E0));
#5018=LINE('',#5017,#5016);
#5019=DIRECTION('',(0.E0,1.E0,0.E0));
#5020=VECTOR('',#5019,3.E0);
#5021=CARTESIAN_POINT('',(-9.E0,-3.E0,4.652669424660E0));
#5022=LINE('',#5021,#5020);
#5023=DIRECTION('',(-1.E0,0.E0,0.E0));
#5024=VECTOR('',#5023,3.877501000801E0);
#5025=CARTESIAN_POINT('',(-6.207846311767E1,-3.E0,4.652669424660E0));
#5026=LINE('',#5025,#5024);
#5027=DIRECTION('',(0.E0,1.E0,0.E0));
#5028=VECTOR('',#5027,3.E0);
#5029=CARTESIAN_POINT('',(-6.595596411847E1,-3.E0,4.652669424660E0));
#5030=LINE('',#5029,#5028);
#5031=DIRECTION('',(0.E0,1.E0,0.E0));
#5032=VECTOR('',#5031,3.E0);
#5033=CARTESIAN_POINT('',(-6.207846311767E1,-3.E0,4.652669424660E0));
#5034=LINE('',#5033,#5032);
#5035=DIRECTION('',(0.E0,7.071067811865E-1,7.071067811865E-1));
#5036=VECTOR('',#5035,3.751441076846E0);
#5037=CARTESIAN_POINT('',(-9.E0,-5.652669424660E0,2.E0));
#5038=LINE('',#5037,#5036);
#5039=DIRECTION('',(-9.702875252478E-1,-1.710878697460E-1,-1.710878697460E-1));
#5040=VECTOR('',#5039,1.550471946724E1);
#5041=CARTESIAN_POINT('',(-6.595596411847E1,-3.E0,4.652669424660E0));
#5042=LINE('',#5041,#5040);
#5043=CARTESIAN_POINT('',(-6.051721361807E1,-3.75E0,3.902669424660E0));
#5044=CARTESIAN_POINT('',(-6.069618319330E1,-3.526467072184E0,
4.126202352476E0));
#5045=CARTESIAN_POINT('',(-6.113232115798E1,-3.174247152240E0,
4.478422272419E0));
#5046=CARTESIAN_POINT('',(-6.171519455518E1,-3.E0,4.652669424660E0));
#5047=CARTESIAN_POINT('',(-6.207846311767E1,-3.E0,4.652669424660E0));
#5049=CARTESIAN_POINT('',(-5.739471461887E1,-3.75E0,3.902669424660E0));
#5050=CARTESIAN_POINT('',(-5.752481874384E1,-3.9125E0,3.740169424660E0));
#5051=CARTESIAN_POINT('',(-5.778502699377E1,-4.143560182267E0,
3.509109242393E0));
#5052=CARTESIAN_POINT('',(-5.830544349364E1,-4.428320859737E0,
3.224348564922E0));
#5053=CARTESIAN_POINT('',(-5.895596411847E1,-4.547786093508E0,
3.104883331151E0));
#5054=CARTESIAN_POINT('',(-5.960648474330E1,-4.428320859737E0,
3.224348564922E0));
#5055=CARTESIAN_POINT('',(-6.012690124317E1,-4.143560182267E0,
3.509109242393E0));
#5056=CARTESIAN_POINT('',(-6.038710949310E1,-3.9125E0,3.740169424660E0));
#5057=CARTESIAN_POINT('',(-6.051721361807E1,-3.75E0,3.902669424660E0));
#5059=CARTESIAN_POINT('',(-5.583346511927E1,-3.E0,4.652669424660E0));
#5060=CARTESIAN_POINT('',(-5.619673368176E1,-3.E0,4.652669424660E0));
#5061=CARTESIAN_POINT('',(-5.677960707897E1,-3.174247152240E0,
4.478422272419E0));
#5062=CARTESIAN_POINT('',(-5.721574504364E1,-3.526467072184E0,
4.126202352476E0));
#5063=CARTESIAN_POINT('',(-5.739471461887E1,-3.75E0,3.902669424660E0));
#5065=DIRECTION('',(-1.449507180951E-12,1.E0,1.442638601172E-12));
#5066=VECTOR('',#5065,3.75E0);
#5067=CARTESIAN_POINT('',(-6.051721361807E1,-3.75E0,3.902669424660E0));
#5068=LINE('',#5067,#5066);
#5069=DIRECTION('',(0.E0,-1.E0,0.E0));
#5070=VECTOR('',#5069,3.75E0);
#5071=CARTESIAN_POINT('',(-5.739471461887E1,0.E0,3.902669424660E0));
#5072=LINE('',#5071,#5070);
#5073=DIRECTION('',(0.E0,0.E0,1.E0));
#5074=VECTOR('',#5073,2.E0);
#5075=CARTESIAN_POINT('',(-4.6E1,-1.3E1,0.E0));
#5076=LINE('',#5075,#5074);
#5077=DIRECTION('',(0.E0,0.E0,1.E0));
#5078=VECTOR('',#5077,2.E0);
#5079=CARTESIAN_POINT('',(-4.6E1,-2.7E1,0.E0));
#5080=LINE('',#5079,#5078);
#5081=DIRECTION('',(0.E0,0.E0,1.E0));
#5082=VECTOR('',#5081,2.E0);
#5083=CARTESIAN_POINT('',(-4.4E1,-2.7E1,0.E0));
#5084=LINE('',#5083,#5082);
#5085=DIRECTION('',(0.E0,0.E0,1.E0));
#5086=VECTOR('',#5085,2.E0);
#5087=CARTESIAN_POINT('',(-4.4E1,-1.3E1,0.E0));
#5088=LINE('',#5087,#5086);
#5089=DIRECTION('',(0.E0,0.E0,1.E0));
#5090=VECTOR('',#5089,2.E0);
#5091=CARTESIAN_POINT('',(-5.E1,-1.3E1,0.E0));
#5092=LINE('',#5091,#5090);
#5093=DIRECTION('',(0.E0,0.E0,1.E0));
#5094=VECTOR('',#5093,2.E0);
#5095=CARTESIAN_POINT('',(-5.E1,-2.7E1,0.E0));
#5096=LINE('',#5095,#5094);
#5097=DIRECTION('',(0.E0,0.E0,1.E0));
#5098=VECTOR('',#5097,2.E0);
#5099=CARTESIAN_POINT('',(-4.8E1,-2.7E1,0.E0));
#5100=LINE('',#5099,#5098);
#5101=DIRECTION('',(0.E0,0.E0,1.E0));
#5102=VECTOR('',#5101,2.E0);
#5103=CARTESIAN_POINT('',(-4.8E1,-1.3E1,0.E0));
#5104=LINE('',#5103,#5102);
#5105=DIRECTION('',(0.E0,0.E0,1.E0));
#5106=VECTOR('',#5105,2.E0);
#5107=CARTESIAN_POINT('',(-5.4E1,-1.3E1,0.E0));
#5108=LINE('',#5107,#5106);
#5109=DIRECTION('',(0.E0,0.E0,1.E0));
#5110=VECTOR('',#5109,2.E0);
#5111=CARTESIAN_POINT('',(-5.4E1,-2.7E1,0.E0));
#5112=LINE('',#5111,#5110);
#5113=DIRECTION('',(0.E0,0.E0,1.E0));
#5114=VECTOR('',#5113,2.E0);
#5115=CARTESIAN_POINT('',(-5.2E1,-2.7E1,0.E0));
#5116=LINE('',#5115,#5114);
#5117=DIRECTION('',(0.E0,0.E0,1.E0));
#5118=VECTOR('',#5117,2.E0);
#5119=CARTESIAN_POINT('',(-5.2E1,-1.3E1,0.E0));
#5120=LINE('',#5119,#5118);
#5121=DIRECTION('',(0.E0,0.E0,1.E0));
#5122=VECTOR('',#5121,2.E0);
#5123=CARTESIAN_POINT('',(-5.8E1,-1.3E1,0.E0));
#5124=LINE('',#5123,#5122);
#5125=DIRECTION('',(0.E0,0.E0,1.E0));
#5126=VECTOR('',#5125,2.E0);
#5127=CARTESIAN_POINT('',(-5.8E1,-2.7E1,0.E0));
#5128=LINE('',#5127,#5126);
#5129=DIRECTION('',(0.E0,0.E0,1.E0));
#5130=VECTOR('',#5129,2.E0);
#5131=CARTESIAN_POINT('',(-5.6E1,-2.7E1,0.E0));
#5132=LINE('',#5131,#5130);
#5133=DIRECTION('',(0.E0,0.E0,1.E0));
#5134=VECTOR('',#5133,2.E0);
#5135=CARTESIAN_POINT('',(-5.6E1,-1.3E1,0.E0));
#5136=LINE('',#5135,#5134);
#5137=DIRECTION('',(0.E0,0.E0,1.E0));
#5138=VECTOR('',#5137,2.E0);
#5139=CARTESIAN_POINT('',(-6.2E1,-1.3E1,0.E0));
#5140=LINE('',#5139,#5138);
#5141=DIRECTION('',(0.E0,0.E0,1.E0));
#5142=VECTOR('',#5141,2.E0);
#5143=CARTESIAN_POINT('',(-6.2E1,-2.7E1,0.E0));
#5144=LINE('',#5143,#5142);
#5145=DIRECTION('',(0.E0,0.E0,1.E0));
#5146=VECTOR('',#5145,2.E0);
#5147=CARTESIAN_POINT('',(-6.E1,-2.7E1,0.E0));
#5148=LINE('',#5147,#5146);
#5149=DIRECTION('',(0.E0,0.E0,1.E0));
#5150=VECTOR('',#5149,2.E0);
#5151=CARTESIAN_POINT('',(-6.E1,-1.3E1,0.E0));
#5152=LINE('',#5151,#5150);
#5153=DIRECTION('',(0.E0,0.E0,1.E0));
#5154=VECTOR('',#5153,2.E0);
#5155=CARTESIAN_POINT('',(-4.E1,-1.3E1,0.E0));
#5156=LINE('',#5155,#5154);
#5157=DIRECTION('',(0.E0,0.E0,1.E0));
#5158=VECTOR('',#5157,2.E0);
#5159=CARTESIAN_POINT('',(-4.E1,-2.7E1,0.E0));
#5160=LINE('',#5159,#5158);
#5161=DIRECTION('',(0.E0,0.E0,1.E0));
#5162=VECTOR('',#5161,2.E0);
#5163=CARTESIAN_POINT('',(-4.2E1,-2.7E1,0.E0));
#5164=LINE('',#5163,#5162);
#5165=DIRECTION('',(0.E0,0.E0,1.E0));
#5166=VECTOR('',#5165,2.E0);
#5167=CARTESIAN_POINT('',(-4.2E1,-1.3E1,0.E0));
#5168=LINE('',#5167,#5166);
#5169=DIRECTION('',(0.E0,0.E0,1.E0));
#5170=VECTOR('',#5169,2.E0);
#5171=CARTESIAN_POINT('',(-3.6E1,-1.3E1,0.E0));
#5172=LINE('',#5171,#5170);
#5173=DIRECTION('',(0.E0,0.E0,1.E0));
#5174=VECTOR('',#5173,2.E0);
#5175=CARTESIAN_POINT('',(-3.6E1,-2.7E1,0.E0));
#5176=LINE('',#5175,#5174);
#5177=DIRECTION('',(0.E0,0.E0,1.E0));
#5178=VECTOR('',#5177,2.E0);
#5179=CARTESIAN_POINT('',(-3.8E1,-2.7E1,0.E0));
#5180=LINE('',#5179,#5178);
#5181=DIRECTION('',(0.E0,0.E0,1.E0));
#5182=VECTOR('',#5181,2.E0);
#5183=CARTESIAN_POINT('',(-3.8E1,-1.3E1,0.E0));
#5184=LINE('',#5183,#5182);
#5185=DIRECTION('',(0.E0,0.E0,1.E0));
#5186=VECTOR('',#5185,2.E0);
#5187=CARTESIAN_POINT('',(-3.2E1,-1.3E1,0.E0));
#5188=LINE('',#5187,#5186);
#5189=DIRECTION('',(0.E0,0.E0,1.E0));
#5190=VECTOR('',#5189,2.E0);
#5191=CARTESIAN_POINT('',(-3.2E1,-2.7E1,0.E0));
#5192=LINE('',#5191,#5190);
#5193=DIRECTION('',(0.E0,0.E0,1.E0));
#5194=VECTOR('',#5193,2.E0);
#5195=CARTESIAN_POINT('',(-3.4E1,-2.7E1,0.E0));
#5196=LINE('',#5195,#5194);
#5197=DIRECTION('',(0.E0,0.E0,1.E0));
#5198=VECTOR('',#5197,2.E0);
#5199=CARTESIAN_POINT('',(-3.4E1,-1.3E1,0.E0));
#5200=LINE('',#5199,#5198);
#5201=DIRECTION('',(0.E0,0.E0,1.E0));
#5202=VECTOR('',#5201,2.E0);
#5203=CARTESIAN_POINT('',(-2.8E1,-1.3E1,0.E0));
#5204=LINE('',#5203,#5202);
#5205=DIRECTION('',(0.E0,0.E0,1.E0));
#5206=VECTOR('',#5205,2.E0);
#5207=CARTESIAN_POINT('',(-2.8E1,-2.7E1,0.E0));
#5208=LINE('',#5207,#5206);
#5209=DIRECTION('',(0.E0,0.E0,1.E0));
#5210=VECTOR('',#5209,2.E0);
#5211=CARTESIAN_POINT('',(-3.E1,-2.7E1,0.E0));
#5212=LINE('',#5211,#5210);
#5213=DIRECTION('',(0.E0,0.E0,1.E0));
#5214=VECTOR('',#5213,2.E0);
#5215=CARTESIAN_POINT('',(-3.E1,-1.3E1,0.E0));
#5216=LINE('',#5215,#5214);
#5217=CARTESIAN_POINT('',(-8.8E1,-1.3E1,2.9E1));
#5218=DIRECTION('',(1.E0,0.E0,0.E0));
#5219=DIRECTION('',(0.E0,0.E0,-1.E0));
#5220=AXIS2_PLACEMENT_3D('',#5217,#5218,#5219);
#5222=DIRECTION('',(0.E0,-1.E0,0.E0));
#5223=VECTOR('',#5222,2.5E1);
#5224=CARTESIAN_POINT('',(-8.8E1,-1.3E1,3.E1));
#5225=LINE('',#5224,#5223);
#5226=DIRECTION('',(0.E0,1.E0,0.E0));
#5227=VECTOR('',#5226,2.5E1);
#5228=CARTESIAN_POINT('',(-8.8E1,-3.8E1,3.2E1));
#5229=LINE('',#5228,#5227);
#5230=CARTESIAN_POINT('',(-8.8E1,-1.3E1,3.3E1));
#5231=DIRECTION('',(1.E0,0.E0,0.E0));
#5232=DIRECTION('',(0.E0,0.E0,-1.E0));
#5233=AXIS2_PLACEMENT_3D('',#5230,#5231,#5232);
#5235=DIRECTION('',(0.E0,-1.E0,0.E0));
#5236=VECTOR('',#5235,2.5E1);
#5237=CARTESIAN_POINT('',(-8.8E1,-1.3E1,3.4E1));
#5238=LINE('',#5237,#5236);
#5239=DIRECTION('',(0.E0,1.E0,0.E0));
#5240=VECTOR('',#5239,2.5E1);
#5241=CARTESIAN_POINT('',(-8.8E1,-3.8E1,3.6E1));
#5242=LINE('',#5241,#5240);
#5243=CARTESIAN_POINT('',(-8.8E1,-1.3E1,3.7E1));
#5244=DIRECTION('',(1.E0,0.E0,0.E0));
#5245=DIRECTION('',(0.E0,0.E0,-1.E0));
#5246=AXIS2_PLACEMENT_3D('',#5243,#5244,#5245);
#5248=DIRECTION('',(0.E0,-1.E0,0.E0));
#5249=VECTOR('',#5248,2.5E1);
#5250=CARTESIAN_POINT('',(-8.8E1,-1.3E1,3.8E1));
#5251=LINE('',#5250,#5249);
#5252=DIRECTION('',(0.E0,1.E0,0.E0));
#5253=VECTOR('',#5252,2.5E1);
#5254=CARTESIAN_POINT('',(-8.8E1,-3.8E1,4.E1));
#5255=LINE('',#5254,#5253);
#5256=CARTESIAN_POINT('',(-8.8E1,-1.3E1,4.1E1));
#5257=DIRECTION('',(1.E0,0.E0,0.E0));
#5258=DIRECTION('',(0.E0,0.E0,-1.E0));
#5259=AXIS2_PLACEMENT_3D('',#5256,#5257,#5258);
#5261=DIRECTION('',(0.E0,-1.E0,0.E0));
#5262=VECTOR('',#5261,2.5E1);
#5263=CARTESIAN_POINT('',(-8.8E1,-1.3E1,4.2E1));
#5264=LINE('',#5263,#5262);
#5265=DIRECTION('',(0.E0,-1.E0,0.E0));
#5266=VECTOR('',#5265,2.5E1);
#5267=CARTESIAN_POINT('',(-8.8E1,-1.3E1,4.4E1));
#5268=LINE('',#5267,#5266);
#5269=CARTESIAN_POINT('',(-8.8E1,-1.3E1,4.5E1));
#5270=DIRECTION('',(-1.E0,0.E0,0.E0));
#5271=DIRECTION('',(0.E0,0.E0,1.E0));
#5272=AXIS2_PLACEMENT_3D('',#5269,#5270,#5271);
#5274=DIRECTION('',(0.E0,1.E0,0.E0));
#5275=VECTOR('',#5274,2.5E1);
#5276=CARTESIAN_POINT('',(-8.8E1,-3.8E1,4.6E1));
#5277=LINE('',#5276,#5275);
#5278=DIRECTION('',(0.E0,-1.E0,0.E0));
#5279=VECTOR('',#5278,2.5E1);
#5280=CARTESIAN_POINT('',(-8.8E1,-1.3E1,4.8E1));
#5281=LINE('',#5280,#5279);
#5282=CARTESIAN_POINT('',(-8.8E1,-1.3E1,4.9E1));
#5283=DIRECTION('',(-1.E0,0.E0,0.E0));
#5284=DIRECTION('',(0.E0,0.E0,1.E0));
#5285=AXIS2_PLACEMENT_3D('',#5282,#5283,#5284);
#5287=DIRECTION('',(0.E0,1.E0,0.E0));
#5288=VECTOR('',#5287,2.5E1);
#5289=CARTESIAN_POINT('',(-8.8E1,-3.8E1,5.E1));
#5290=LINE('',#5289,#5288);
#5291=DIRECTION('',(0.E0,-1.E0,0.E0));
#5292=VECTOR('',#5291,2.5E1);
#5293=CARTESIAN_POINT('',(-8.8E1,-1.3E1,5.2E1));
#5294=LINE('',#5293,#5292);
#5295=CARTESIAN_POINT('',(-8.8E1,-1.3E1,5.3E1));
#5296=DIRECTION('',(-1.E0,0.E0,0.E0));
#5297=DIRECTION('',(0.E0,0.E0,1.E0));
#5298=AXIS2_PLACEMENT_3D('',#5295,#5296,#5297);
#5300=DIRECTION('',(0.E0,1.E0,0.E0));
#5301=VECTOR('',#5300,2.5E1);
#5302=CARTESIAN_POINT('',(-8.8E1,-3.8E1,5.4E1));
#5303=LINE('',#5302,#5301);
#5304=DIRECTION('',(0.E0,-1.E0,0.E0));
#5305=VECTOR('',#5304,2.5E1);
#5306=CARTESIAN_POINT('',(-8.8E1,-1.3E1,5.6E1));
#5307=LINE('',#5306,#5305);
#5308=CARTESIAN_POINT('',(-8.8E1,-1.3E1,5.7E1));
#5309=DIRECTION('',(-1.E0,0.E0,0.E0));
#5310=DIRECTION('',(0.E0,0.E0,1.E0));
#5311=AXIS2_PLACEMENT_3D('',#5308,#5309,#5310);
#5313=DIRECTION('',(0.E0,1.E0,0.E0));
#5314=VECTOR('',#5313,2.5E1);
#5315=CARTESIAN_POINT('',(-8.8E1,-3.8E1,5.8E1));
#5316=LINE('',#5315,#5314);
#5317=DIRECTION('',(0.E0,-1.E0,0.E0));
#5318=VECTOR('',#5317,2.5E1);
#5319=CARTESIAN_POINT('',(-8.8E1,-1.3E1,6.E1));
#5320=LINE('',#5319,#5318);
#5321=CARTESIAN_POINT('',(-8.8E1,-1.3E1,6.1E1));
#5322=DIRECTION('',(-1.E0,0.E0,0.E0));
#5323=DIRECTION('',(0.E0,0.E0,1.E0));
#5324=AXIS2_PLACEMENT_3D('',#5321,#5322,#5323);
#5326=DIRECTION('',(0.E0,1.E0,0.E0));
#5327=VECTOR('',#5326,2.5E1);
#5328=CARTESIAN_POINT('',(-8.8E1,-3.8E1,6.2E1));
#5329=LINE('',#5328,#5327);
#5330=DIRECTION('',(0.E0,1.E0,0.E0));
#5331=VECTOR('',#5330,1.9E1);
#5332=CARTESIAN_POINT('',(-8.8E1,-3.8E1,6.7E1));
#5333=LINE('',#5332,#5331);
#5334=DIRECTION('',(0.E0,0.E0,1.E0));
#5335=VECTOR('',#5334,7.E0);
#5336=CARTESIAN_POINT('',(-8.8E1,-1.9E1,6.7E1));
#5337=LINE('',#5336,#5335);
#5338=DIRECTION('',(0.E0,1.E0,0.E0));
#5339=VECTOR('',#5338,1.9E1);
#5340=CARTESIAN_POINT('',(-8.8E1,-3.8E1,7.4E1));
#5341=LINE('',#5340,#5339);
#5342=DIRECTION('',(0.E0,-1.E0,0.E0));
#5343=VECTOR('',#5342,3.E1);
#5344=CARTESIAN_POINT('',(-8.8E1,-8.E0,8.1E1));
#5345=LINE('',#5344,#5343);
#5346=DIRECTION('',(0.E0,0.E0,1.E0));
#5347=VECTOR('',#5346,7.2E1);
#5348=CARTESIAN_POINT('',(-8.8E1,-8.E0,9.E0));
#5349=LINE('',#5348,#5347);
#5350=DIRECTION('',(0.E0,-1.E0,0.E0));
#5351=VECTOR('',#5350,3.E1);
#5352=CARTESIAN_POINT('',(-8.8E1,-8.E0,9.E0));
#5353=LINE('',#5352,#5351);
#5354=DIRECTION('',(0.E0,1.E0,0.E0));
#5355=VECTOR('',#5354,1.9E1);
#5356=CARTESIAN_POINT('',(-8.8E1,-3.8E1,1.2E1));
#5357=LINE('',#5356,#5355);
#5358=DIRECTION('',(0.E0,0.E0,1.E0));
#5359=VECTOR('',#5358,7.E0);
#5360=CARTESIAN_POINT('',(-8.8E1,-1.9E1,1.2E1));
#5361=LINE('',#5360,#5359);
#5362=DIRECTION('',(0.E0,1.E0,0.E0));
#5363=VECTOR('',#5362,1.9E1);
#5364=CARTESIAN_POINT('',(-8.8E1,-3.8E1,1.9E1));
#5365=LINE('',#5364,#5363);
#5366=DIRECTION('',(0.E0,1.E0,0.E0));
#5367=VECTOR('',#5366,2.5E1);
#5368=CARTESIAN_POINT('',(-8.8E1,-3.8E1,2.8E1));
#5369=LINE('',#5368,#5367);
#5370=DIRECTION('',(1.E0,0.E0,0.E0));
#5371=VECTOR('',#5370,2.E0);
#5372=CARTESIAN_POINT('',(-9.E1,-1.3E1,2.8E1));
#5373=LINE('',#5372,#5371);
#5374=DIRECTION('',(0.E0,1.E0,0.E0));
#5375=VECTOR('',#5374,2.E0);
#5376=CARTESIAN_POINT('',(-7.5E1,-4.E1,2.8E1));
#5377=LINE('',#5376,#5375);
#5378=CARTESIAN_POINT('',(-9.E1,-1.3E1,2.9E1));
#5379=DIRECTION('',(1.E0,0.E0,0.E0));
#5380=DIRECTION('',(0.E0,0.E0,-1.E0));
#5381=AXIS2_PLACEMENT_3D('',#5378,#5379,#5380);
#5383=DIRECTION('',(0.E0,1.E0,0.E0));
#5384=VECTOR('',#5383,2.7E1);
#5385=CARTESIAN_POINT('',(-9.E1,-4.E1,2.8E1));
#5386=LINE('',#5385,#5384);
#5387=DIRECTION('',(0.E0,-1.E0,0.E0));
#5388=VECTOR('',#5387,3.2E1);
#5389=CARTESIAN_POINT('',(-9.E1,-8.E0,9.E0));
#5390=LINE('',#5389,#5388);
#5391=DIRECTION('',(0.E0,0.E0,1.E0));
#5392=VECTOR('',#5391,7.2E1);
#5393=CARTESIAN_POINT('',(-9.E1,-8.E0,9.E0));
#5394=LINE('',#5393,#5392);
#5395=DIRECTION('',(0.E0,-1.E0,0.E0));
#5396=VECTOR('',#5395,3.2E1);
#5397=CARTESIAN_POINT('',(-9.E1,-8.E0,8.1E1));
#5398=LINE('',#5397,#5396);
#5399=DIRECTION('',(0.E0,1.E0,0.E0));
#5400=VECTOR('',#5399,2.7E1);
#5401=CARTESIAN_POINT('',(-9.E1,-4.E1,6.2E1));
#5402=LINE('',#5401,#5400);
#5403=CARTESIAN_POINT('',(-9.E1,-1.3E1,6.1E1));
#5404=DIRECTION('',(-1.E0,0.E0,0.E0));
#5405=DIRECTION('',(0.E0,0.E0,1.E0));
#5406=AXIS2_PLACEMENT_3D('',#5403,#5404,#5405);
#5408=DIRECTION('',(0.E0,-1.E0,0.E0));
#5409=VECTOR('',#5408,2.7E1);
#5410=CARTESIAN_POINT('',(-9.E1,-1.3E1,6.E1));
#5411=LINE('',#5410,#5409);
#5412=DIRECTION('',(0.E0,1.E0,0.E0));
#5413=VECTOR('',#5412,2.7E1);
#5414=CARTESIAN_POINT('',(-9.E1,-4.E1,5.8E1));
#5415=LINE('',#5414,#5413);
#5416=CARTESIAN_POINT('',(-9.E1,-1.3E1,5.7E1));
#5417=DIRECTION('',(-1.E0,0.E0,0.E0));
#5418=DIRECTION('',(0.E0,0.E0,1.E0));
#5419=AXIS2_PLACEMENT_3D('',#5416,#5417,#5418);
#5421=DIRECTION('',(0.E0,-1.E0,0.E0));
#5422=VECTOR('',#5421,2.7E1);
#5423=CARTESIAN_POINT('',(-9.E1,-1.3E1,5.6E1));
#5424=LINE('',#5423,#5422);
#5425=DIRECTION('',(0.E0,1.E0,0.E0));
#5426=VECTOR('',#5425,2.7E1);
#5427=CARTESIAN_POINT('',(-9.E1,-4.E1,5.4E1));
#5428=LINE('',#5427,#5426);
#5429=CARTESIAN_POINT('',(-9.E1,-1.3E1,5.3E1));
#5430=DIRECTION('',(-1.E0,0.E0,0.E0));
#5431=DIRECTION('',(0.E0,0.E0,1.E0));
#5432=AXIS2_PLACEMENT_3D('',#5429,#5430,#5431);
#5434=DIRECTION('',(0.E0,-1.E0,0.E0));
#5435=VECTOR('',#5434,2.7E1);
#5436=CARTESIAN_POINT('',(-9.E1,-1.3E1,5.2E1));
#5437=LINE('',#5436,#5435);
#5438=DIRECTION('',(0.E0,1.E0,0.E0));
#5439=VECTOR('',#5438,2.7E1);
#5440=CARTESIAN_POINT('',(-9.E1,-4.E1,5.E1));
#5441=LINE('',#5440,#5439);
#5442=CARTESIAN_POINT('',(-9.E1,-1.3E1,4.9E1));
#5443=DIRECTION('',(-1.E0,0.E0,0.E0));
#5444=DIRECTION('',(0.E0,0.E0,1.E0));
#5445=AXIS2_PLACEMENT_3D('',#5442,#5443,#5444);
#5447=DIRECTION('',(0.E0,-1.E0,0.E0));
#5448=VECTOR('',#5447,2.7E1);
#5449=CARTESIAN_POINT('',(-9.E1,-1.3E1,4.8E1));
#5450=LINE('',#5449,#5448);
#5451=DIRECTION('',(0.E0,1.E0,0.E0));
#5452=VECTOR('',#5451,2.7E1);
#5453=CARTESIAN_POINT('',(-9.E1,-4.E1,4.6E1));
#5454=LINE('',#5453,#5452);
#5455=CARTESIAN_POINT('',(-9.E1,-1.3E1,4.5E1));
#5456=DIRECTION('',(-1.E0,0.E0,0.E0));
#5457=DIRECTION('',(0.E0,0.E0,1.E0));
#5458=AXIS2_PLACEMENT_3D('',#5455,#5456,#5457);
#5460=DIRECTION('',(0.E0,-1.E0,0.E0));
#5461=VECTOR('',#5460,2.7E1);
#5462=CARTESIAN_POINT('',(-9.E1,-1.3E1,4.4E1));
#5463=LINE('',#5462,#5461);
#5464=DIRECTION('',(0.E0,-1.E0,0.E0));
#5465=VECTOR('',#5464,2.7E1);
#5466=CARTESIAN_POINT('',(-9.E1,-1.3E1,4.2E1));
#5467=LINE('',#5466,#5465);
#5468=CARTESIAN_POINT('',(-9.E1,-1.3E1,4.1E1));
#5469=DIRECTION('',(1.E0,0.E0,0.E0));
#5470=DIRECTION('',(0.E0,0.E0,-1.E0));
#5471=AXIS2_PLACEMENT_3D('',#5468,#5469,#5470);
#5473=DIRECTION('',(0.E0,1.E0,0.E0));
#5474=VECTOR('',#5473,2.7E1);
#5475=CARTESIAN_POINT('',(-9.E1,-4.E1,4.E1));
#5476=LINE('',#5475,#5474);
#5477=DIRECTION('',(0.E0,-1.E0,0.E0));
#5478=VECTOR('',#5477,2.7E1);
#5479=CARTESIAN_POINT('',(-9.E1,-1.3E1,3.8E1));
#5480=LINE('',#5479,#5478);
#5481=CARTESIAN_POINT('',(-9.E1,-1.3E1,3.7E1));
#5482=DIRECTION('',(1.E0,0.E0,0.E0));
#5483=DIRECTION('',(0.E0,0.E0,-1.E0));
#5484=AXIS2_PLACEMENT_3D('',#5481,#5482,#5483);
#5486=DIRECTION('',(0.E0,1.E0,0.E0));
#5487=VECTOR('',#5486,2.7E1);
#5488=CARTESIAN_POINT('',(-9.E1,-4.E1,3.6E1));
#5489=LINE('',#5488,#5487);
#5490=DIRECTION('',(0.E0,-1.E0,0.E0));
#5491=VECTOR('',#5490,2.7E1);
#5492=CARTESIAN_POINT('',(-9.E1,-1.3E1,3.4E1));
#5493=LINE('',#5492,#5491);
#5494=CARTESIAN_POINT('',(-9.E1,-1.3E1,3.3E1));
#5495=DIRECTION('',(1.E0,0.E0,0.E0));
#5496=DIRECTION('',(0.E0,0.E0,-1.E0));
#5497=AXIS2_PLACEMENT_3D('',#5494,#5495,#5496);
#5499=DIRECTION('',(0.E0,1.E0,0.E0));
#5500=VECTOR('',#5499,2.7E1);
#5501=CARTESIAN_POINT('',(-9.E1,-4.E1,3.2E1));
#5502=LINE('',#5501,#5500);
#5503=DIRECTION('',(0.E0,-1.E0,0.E0));
#5504=VECTOR('',#5503,2.7E1);
#5505=CARTESIAN_POINT('',(-9.E1,-1.3E1,3.E1));
#5506=LINE('',#5505,#5504);
#5507=DIRECTION('',(0.E0,-1.E0,0.E0));
#5508=VECTOR('',#5507,2.E0);
#5509=CARTESIAN_POINT('',(-7.5E1,-3.8E1,6.2E1));
#5510=LINE('',#5509,#5508);
#5511=DIRECTION('',(0.E0,1.E0,0.E0));
#5512=VECTOR('',#5511,2.E0);
#5513=CARTESIAN_POINT('',(-7.5E1,-4.E1,6.E1));
#5514=LINE('',#5513,#5512);
#5515=DIRECTION('',(1.E0,0.E0,0.E0));
#5516=VECTOR('',#5515,2.E0);
#5517=CARTESIAN_POINT('',(-9.E1,-1.3E1,6.E1));
#5518=LINE('',#5517,#5516);
#5519=DIRECTION('',(1.E0,0.E0,0.E0));
#5520=VECTOR('',#5519,2.E0);
#5521=CARTESIAN_POINT('',(-9.E1,-1.3E1,6.2E1));
#5522=LINE('',#5521,#5520);
#5523=DIRECTION('',(0.E0,-1.E0,0.E0));
#5524=VECTOR('',#5523,2.E0);
#5525=CARTESIAN_POINT('',(-7.5E1,-3.8E1,5.8E1));
#5526=LINE('',#5525,#5524);
#5527=DIRECTION('',(1.E0,0.E0,0.E0));
#5528=VECTOR('',#5527,2.E0);
#5529=CARTESIAN_POINT('',(-9.E1,-1.3E1,5.6E1));
#5530=LINE('',#5529,#5528);
#5531=DIRECTION('',(0.E0,1.E0,0.E0));
#5532=VECTOR('',#5531,2.E0);
#5533=CARTESIAN_POINT('',(-7.5E1,-4.E1,5.6E1));
#5534=LINE('',#5533,#5532);
#5535=DIRECTION('',(1.E0,0.E0,0.E0));
#5536=VECTOR('',#5535,2.E0);
#5537=CARTESIAN_POINT('',(-9.E1,-1.3E1,5.8E1));
#5538=LINE('',#5537,#5536);
#5539=DIRECTION('',(0.E0,-1.E0,0.E0));
#5540=VECTOR('',#5539,2.E0);
#5541=CARTESIAN_POINT('',(-7.5E1,-3.8E1,5.4E1));
#5542=LINE('',#5541,#5540);
#5543=DIRECTION('',(1.E0,0.E0,0.E0));
#5544=VECTOR('',#5543,2.E0);
#5545=CARTESIAN_POINT('',(-9.E1,-1.3E1,5.2E1));
#5546=LINE('',#5545,#5544);
#5547=DIRECTION('',(0.E0,1.E0,0.E0));
#5548=VECTOR('',#5547,2.E0);
#5549=CARTESIAN_POINT('',(-7.5E1,-4.E1,5.2E1));
#5550=LINE('',#5549,#5548);
#5551=DIRECTION('',(1.E0,0.E0,0.E0));
#5552=VECTOR('',#5551,2.E0);
#5553=CARTESIAN_POINT('',(-9.E1,-1.3E1,5.4E1));
#5554=LINE('',#5553,#5552);
#5555=DIRECTION('',(0.E0,-1.E0,0.E0));
#5556=VECTOR('',#5555,2.E0);
#5557=CARTESIAN_POINT('',(-7.5E1,-3.8E1,5.E1));
#5558=LINE('',#5557,#5556);
#5559=DIRECTION('',(1.E0,0.E0,0.E0));
#5560=VECTOR('',#5559,2.E0);
#5561=CARTESIAN_POINT('',(-9.E1,-1.3E1,4.8E1));
#5562=LINE('',#5561,#5560);
#5563=DIRECTION('',(0.E0,1.E0,0.E0));
#5564=VECTOR('',#5563,2.E0);
#5565=CARTESIAN_POINT('',(-7.5E1,-4.E1,4.8E1));
#5566=LINE('',#5565,#5564);
#5567=DIRECTION('',(1.E0,0.E0,0.E0));
#5568=VECTOR('',#5567,2.E0);
#5569=CARTESIAN_POINT('',(-9.E1,-1.3E1,5.E1));
#5570=LINE('',#5569,#5568);
#5571=DIRECTION('',(0.E0,-1.E0,0.E0));
#5572=VECTOR('',#5571,2.E0);
#5573=CARTESIAN_POINT('',(-7.5E1,-3.8E1,4.6E1));
#5574=LINE('',#5573,#5572);
#5575=DIRECTION('',(1.E0,0.E0,0.E0));
#5576=VECTOR('',#5575,2.E0);
#5577=CARTESIAN_POINT('',(-9.E1,-1.3E1,4.4E1));
#5578=LINE('',#5577,#5576);
#5579=DIRECTION('',(0.E0,1.E0,0.E0));
#5580=VECTOR('',#5579,2.E0);
#5581=CARTESIAN_POINT('',(-7.5E1,-4.E1,4.4E1));
#5582=LINE('',#5581,#5580);
#5583=DIRECTION('',(1.E0,0.E0,0.E0));
#5584=VECTOR('',#5583,2.E0);
#5585=CARTESIAN_POINT('',(-9.E1,-1.3E1,4.6E1));
#5586=LINE('',#5585,#5584);
#5587=DIRECTION('',(0.E0,-1.E0,0.E0));
#5588=VECTOR('',#5587,2.E0);
#5589=CARTESIAN_POINT('',(-7.5E1,-3.8E1,4.2E1));
#5590=LINE('',#5589,#5588);
#5591=DIRECTION('',(1.E0,0.E0,0.E0));
#5592=VECTOR('',#5591,2.E0);
#5593=CARTESIAN_POINT('',(-9.E1,-1.3E1,4.2E1));
#5594=LINE('',#5593,#5592);
#5595=DIRECTION('',(0.E0,1.E0,0.E0));
#5596=VECTOR('',#5595,2.E0);
#5597=CARTESIAN_POINT('',(-7.5E1,-4.E1,4.E1));
#5598=LINE('',#5597,#5596);
#5599=DIRECTION('',(1.E0,0.E0,0.E0));
#5600=VECTOR('',#5599,2.E0);
#5601=CARTESIAN_POINT('',(-9.E1,-1.3E1,4.E1));
#5602=LINE('',#5601,#5600);
#5603=DIRECTION('',(0.E0,-1.E0,0.E0));
#5604=VECTOR('',#5603,2.E0);
#5605=CARTESIAN_POINT('',(-7.5E1,-3.8E1,3.8E1));
#5606=LINE('',#5605,#5604);
#5607=DIRECTION('',(1.E0,0.E0,0.E0));
#5608=VECTOR('',#5607,2.E0);
#5609=CARTESIAN_POINT('',(-9.E1,-1.3E1,3.8E1));
#5610=LINE('',#5609,#5608);
#5611=DIRECTION('',(0.E0,1.E0,0.E0));
#5612=VECTOR('',#5611,2.E0);
#5613=CARTESIAN_POINT('',(-7.5E1,-4.E1,3.6E1));
#5614=LINE('',#5613,#5612);
#5615=DIRECTION('',(1.E0,0.E0,0.E0));
#5616=VECTOR('',#5615,2.E0);
#5617=CARTESIAN_POINT('',(-9.E1,-1.3E1,3.6E1));
#5618=LINE('',#5617,#5616);
#5619=DIRECTION('',(0.E0,-1.E0,0.E0));
#5620=VECTOR('',#5619,2.E0);
#5621=CARTESIAN_POINT('',(-7.5E1,-3.8E1,3.4E1));
#5622=LINE('',#5621,#5620);
#5623=DIRECTION('',(1.E0,0.E0,0.E0));
#5624=VECTOR('',#5623,2.E0);
#5625=CARTESIAN_POINT('',(-9.E1,-1.3E1,3.4E1));
#5626=LINE('',#5625,#5624);
#5627=DIRECTION('',(0.E0,1.E0,0.E0));
#5628=VECTOR('',#5627,2.E0);
#5629=CARTESIAN_POINT('',(-7.5E1,-4.E1,3.2E1));
#5630=LINE('',#5629,#5628);
#5631=DIRECTION('',(1.E0,0.E0,0.E0));
#5632=VECTOR('',#5631,2.E0);
#5633=CARTESIAN_POINT('',(-9.E1,-1.3E1,3.2E1));
#5634=LINE('',#5633,#5632);
#5635=DIRECTION('',(0.E0,-1.E0,0.E0));
#5636=VECTOR('',#5635,2.E0);
#5637=CARTESIAN_POINT('',(-7.5E1,-3.8E1,3.E1));
#5638=LINE('',#5637,#5636);
#5639=DIRECTION('',(1.E0,0.E0,0.E0));
#5640=VECTOR('',#5639,2.E0);
#5641=CARTESIAN_POINT('',(-9.E1,-1.3E1,3.E1));
#5642=LINE('',#5641,#5640);
#5643=CARTESIAN_POINT('',(-7.91E1,-3.8E1,6.7E1));
#5644=DIRECTION('',(0.E0,0.E0,-1.E0));
#5645=DIRECTION('',(-1.E0,0.E0,0.E0));
#5646=AXIS2_PLACEMENT_3D('',#5643,#5644,#5645);
#5648=DIRECTION('',(0.E0,1.E0,0.E0));
#5649=VECTOR('',#5648,4.E0);
#5650=CARTESIAN_POINT('',(-8.3E1,-3.E1,6.7E1));
#5651=LINE('',#5650,#5649);
#5652=DIRECTION('',(-1.E0,0.E0,0.E0));
#5653=VECTOR('',#5652,1.892893218813E0);
#5654=CARTESIAN_POINT('',(-8.3E1,-2.6E1,6.7E1));
#5655=LINE('',#5654,#5653);
#5656=CARTESIAN_POINT('',(-8.489289321881E1,-2.55E1,6.7E1));
#5657=DIRECTION('',(0.E0,0.E0,-1.E0));
#5658=DIRECTION('',(0.E0,-1.E0,0.E0));
#5659=AXIS2_PLACEMENT_3D('',#5656,#5657,#5658);
#5661=DIRECTION('',(7.071067811865E-1,7.071067811865E-1,0.E0));
#5662=VECTOR('',#5661,2.348528137424E0);
#5663=CARTESIAN_POINT('',(-8.524644660941E1,-2.514644660941E1,6.7E1));
#5664=LINE('',#5663,#5662);
#5665=CARTESIAN_POINT('',(-8.5E1,-2.207157287525E1,6.7E1));
#5666=DIRECTION('',(0.E0,0.E0,1.E0));
#5667=DIRECTION('',(7.071067811865E-1,-7.071067811865E-1,0.E0));
#5668=AXIS2_PLACEMENT_3D('',#5665,#5666,#5667);
#5670=DIRECTION('',(0.E0,1.E0,0.E0));
#5671=VECTOR('',#5670,3.071572875254E0);
#5672=CARTESIAN_POINT('',(-8.3E1,-2.207157287525E1,6.7E1));
#5673=LINE('',#5672,#5671);
#5674=DIRECTION('',(-1.E0,0.E0,0.E0));
#5675=VECTOR('',#5674,5.E0);
#5676=CARTESIAN_POINT('',(-8.3E1,-1.9E1,6.7E1));
#5677=LINE('',#5676,#5675);
#5678=DIRECTION('',(-1.E0,0.E0,0.E0));
#5679=VECTOR('',#5678,5.E0);
#5680=CARTESIAN_POINT('',(-8.3E1,-1.9E1,7.4E1));
#5681=LINE('',#5680,#5679);
#5682=DIRECTION('',(0.E0,1.E0,0.E0));
#5683=VECTOR('',#5682,3.071572875254E0);
#5684=CARTESIAN_POINT('',(-8.3E1,-2.207157287525E1,7.4E1));
#5685=LINE('',#5684,#5683);
#5686=CARTESIAN_POINT('',(-8.5E1,-2.207157287525E1,7.4E1));
#5687=DIRECTION('',(0.E0,0.E0,1.E0));
#5688=DIRECTION('',(7.071067811865E-1,-7.071067811865E-1,0.E0));
#5689=AXIS2_PLACEMENT_3D('',#5686,#5687,#5688);
#5691=DIRECTION('',(7.071067811865E-1,7.071067811865E-1,0.E0));
#5692=VECTOR('',#5691,2.348528137424E0);
#5693=CARTESIAN_POINT('',(-8.524644660941E1,-2.514644660941E1,7.4E1));
#5694=LINE('',#5693,#5692);
#5695=CARTESIAN_POINT('',(-8.489289321881E1,-2.55E1,7.4E1));
#5696=DIRECTION('',(0.E0,0.E0,-1.E0));
#5697=DIRECTION('',(0.E0,-1.E0,0.E0));
#5698=AXIS2_PLACEMENT_3D('',#5695,#5696,#5697);
#5700=DIRECTION('',(-1.E0,0.E0,0.E0));
#5701=VECTOR('',#5700,1.892893218813E0);
#5702=CARTESIAN_POINT('',(-8.3E1,-2.6E1,7.4E1));
#5703=LINE('',#5702,#5701);
#5704=DIRECTION('',(0.E0,1.E0,0.E0));
#5705=VECTOR('',#5704,4.E0);
#5706=CARTESIAN_POINT('',(-8.3E1,-3.E1,7.4E1));
#5707=LINE('',#5706,#5705);
#5708=CARTESIAN_POINT('',(-7.91E1,-3.8E1,7.4E1));
#5709=DIRECTION('',(0.E0,0.E0,-1.E0));
#5710=DIRECTION('',(-1.E0,0.E0,0.E0));
#5711=AXIS2_PLACEMENT_3D('',#5708,#5709,#5710);
#5713=DIRECTION('',(0.E0,0.E0,1.E0));
#5714=VECTOR('',#5713,7.E0);
#5715=CARTESIAN_POINT('',(-8.3E1,-1.9E1,6.7E1));
#5716=LINE('',#5715,#5714);
#5717=DIRECTION('',(0.E0,0.E0,1.E0));
#5718=VECTOR('',#5717,7.E0);
#5719=CARTESIAN_POINT('',(-8.3E1,-2.207157287525E1,6.7E1));
#5720=LINE('',#5719,#5718);
#5721=DIRECTION('',(0.E0,0.E0,1.E0));
#5722=VECTOR('',#5721,7.E0);
#5723=CARTESIAN_POINT('',(-8.358578643763E1,-2.348578643763E1,6.7E1));
#5724=LINE('',#5723,#5722);
#5725=DIRECTION('',(0.E0,0.E0,1.E0));
#5726=VECTOR('',#5725,7.E0);
#5727=CARTESIAN_POINT('',(-8.524644660941E1,-2.514644660941E1,6.7E1));
#5728=LINE('',#5727,#5726);
#5729=DIRECTION('',(0.E0,0.E0,1.E0));
#5730=VECTOR('',#5729,7.E0);
#5731=CARTESIAN_POINT('',(-8.489289321881E1,-2.6E1,6.7E1));
#5732=LINE('',#5731,#5730);
#5733=DIRECTION('',(0.E0,0.E0,1.E0));
#5734=VECTOR('',#5733,7.E0);
#5735=CARTESIAN_POINT('',(-8.3E1,-2.6E1,6.7E1));
#5736=LINE('',#5735,#5734);
#5737=DIRECTION('',(0.E0,0.E0,1.E0));
#5738=VECTOR('',#5737,7.E0);
#5739=CARTESIAN_POINT('',(-8.3E1,-3.E1,6.7E1));
#5740=LINE('',#5739,#5738);
#5741=CARTESIAN_POINT('',(-7.91E1,-3.8E1,1.2E1));
#5742=DIRECTION('',(0.E0,0.E0,-1.E0));
#5743=DIRECTION('',(-1.E0,0.E0,0.E0));
#5744=AXIS2_PLACEMENT_3D('',#5741,#5742,#5743);
#5746=DIRECTION('',(0.E0,1.E0,0.E0));
#5747=VECTOR('',#5746,4.E0);
#5748=CARTESIAN_POINT('',(-8.3E1,-3.E1,1.2E1));
#5749=LINE('',#5748,#5747);
#5750=DIRECTION('',(-1.E0,0.E0,0.E0));
#5751=VECTOR('',#5750,1.892893218813E0);
#5752=CARTESIAN_POINT('',(-8.3E1,-2.6E1,1.2E1));
#5753=LINE('',#5752,#5751);
#5754=CARTESIAN_POINT('',(-8.489289321881E1,-2.55E1,1.2E1));
#5755=DIRECTION('',(0.E0,0.E0,-1.E0));
#5756=DIRECTION('',(0.E0,-1.E0,0.E0));
#5757=AXIS2_PLACEMENT_3D('',#5754,#5755,#5756);
#5759=DIRECTION('',(7.071067811865E-1,7.071067811865E-1,0.E0));
#5760=VECTOR('',#5759,2.348528137424E0);
#5761=CARTESIAN_POINT('',(-8.524644660941E1,-2.514644660941E1,1.2E1));
#5762=LINE('',#5761,#5760);
#5763=CARTESIAN_POINT('',(-8.5E1,-2.207157287525E1,1.2E1));
#5764=DIRECTION('',(0.E0,0.E0,1.E0));
#5765=DIRECTION('',(7.071067811865E-1,-7.071067811865E-1,0.E0));
#5766=AXIS2_PLACEMENT_3D('',#5763,#5764,#5765);
#5768=DIRECTION('',(0.E0,1.E0,0.E0));
#5769=VECTOR('',#5768,3.071572875254E0);
#5770=CARTESIAN_POINT('',(-8.3E1,-2.207157287525E1,1.2E1));
#5771=LINE('',#5770,#5769);
#5772=DIRECTION('',(-1.E0,0.E0,0.E0));
#5773=VECTOR('',#5772,5.E0);
#5774=CARTESIAN_POINT('',(-8.3E1,-1.9E1,1.2E1));
#5775=LINE('',#5774,#5773);
#5776=DIRECTION('',(-1.E0,0.E0,0.E0));
#5777=VECTOR('',#5776,5.E0);
#5778=CARTESIAN_POINT('',(-8.3E1,-1.9E1,1.9E1));
#5779=LINE('',#5778,#5777);
#5780=DIRECTION('',(0.E0,1.E0,0.E0));
#5781=VECTOR('',#5780,3.071572875254E0);
#5782=CARTESIAN_POINT('',(-8.3E1,-2.207157287525E1,1.9E1));
#5783=LINE('',#5782,#5781);
#5784=CARTESIAN_POINT('',(-8.5E1,-2.207157287525E1,1.9E1));
#5785=DIRECTION('',(0.E0,0.E0,1.E0));
#5786=DIRECTION('',(7.071067811865E-1,-7.071067811865E-1,0.E0));
#5787=AXIS2_PLACEMENT_3D('',#5784,#5785,#5786);
#5789=DIRECTION('',(7.071067811865E-1,7.071067811865E-1,0.E0));
#5790=VECTOR('',#5789,2.348528137424E0);
#5791=CARTESIAN_POINT('',(-8.524644660941E1,-2.514644660941E1,1.9E1));
#5792=LINE('',#5791,#5790);
#5793=CARTESIAN_POINT('',(-8.489289321881E1,-2.55E1,1.9E1));
#5794=DIRECTION('',(0.E0,0.E0,-1.E0));
#5795=DIRECTION('',(0.E0,-1.E0,0.E0));
#5796=AXIS2_PLACEMENT_3D('',#5793,#5794,#5795);
#5798=DIRECTION('',(-1.E0,0.E0,0.E0));
#5799=VECTOR('',#5798,1.892893218813E0);
#5800=CARTESIAN_POINT('',(-8.3E1,-2.6E1,1.9E1));
#5801=LINE('',#5800,#5799);
#5802=DIRECTION('',(0.E0,1.E0,0.E0));
#5803=VECTOR('',#5802,4.E0);
#5804=CARTESIAN_POINT('',(-8.3E1,-3.E1,1.9E1));
#5805=LINE('',#5804,#5803);
#5806=CARTESIAN_POINT('',(-7.91E1,-3.8E1,1.9E1));
#5807=DIRECTION('',(0.E0,0.E0,-1.E0));
#5808=DIRECTION('',(-1.E0,0.E0,0.E0));
#5809=AXIS2_PLACEMENT_3D('',#5806,#5807,#5808);
#5811=DIRECTION('',(0.E0,0.E0,1.E0));
#5812=VECTOR('',#5811,7.E0);
#5813=CARTESIAN_POINT('',(-8.3E1,-1.9E1,1.2E1));
#5814=LINE('',#5813,#5812);
#5815=DIRECTION('',(0.E0,0.E0,1.E0));
#5816=VECTOR('',#5815,7.E0);
#5817=CARTESIAN_POINT('',(-8.3E1,-2.207157287525E1,1.2E1));
#5818=LINE('',#5817,#5816);
#5819=DIRECTION('',(0.E0,0.E0,1.E0));
#5820=VECTOR('',#5819,7.E0);
#5821=CARTESIAN_POINT('',(-8.358578643763E1,-2.348578643763E1,1.2E1));
#5822=LINE('',#5821,#5820);
#5823=DIRECTION('',(0.E0,0.E0,1.E0));
#5824=VECTOR('',#5823,7.E0);
#5825=CARTESIAN_POINT('',(-8.524644660941E1,-2.514644660941E1,1.2E1));
#5826=LINE('',#5825,#5824);
#5827=DIRECTION('',(0.E0,0.E0,1.E0));
#5828=VECTOR('',#5827,7.E0);
#5829=CARTESIAN_POINT('',(-8.489289321881E1,-2.6E1,1.2E1));
#5830=LINE('',#5829,#5828);
#5831=DIRECTION('',(0.E0,0.E0,1.E0));
#5832=VECTOR('',#5831,7.E0);
#5833=CARTESIAN_POINT('',(-8.3E1,-2.6E1,1.2E1));
#5834=LINE('',#5833,#5832);
#5835=DIRECTION('',(0.E0,0.E0,1.E0));
#5836=VECTOR('',#5835,7.E0);
#5837=CARTESIAN_POINT('',(-8.3E1,-3.E1,1.2E1));
#5838=LINE('',#5837,#5836);
#5839=CARTESIAN_POINT('',(-8.4E1,-8.E0,8.732455532034E1));
#5840=CARTESIAN_POINT('',(-8.378799510997E1,-8.E0,8.742511806948E1));
#5841=CARTESIAN_POINT('',(-8.336972064192E1,-7.955610082300E0,
8.759754436008E1));
#5842=CARTESIAN_POINT('',(-8.277693364675E1,-7.761034409352E0,
8.777855559822E1));
#5843=CARTESIAN_POINT('',(-8.228146316858E1,-7.479534340679E0,
8.788682527826E1));
#5844=CARTESIAN_POINT('',(-8.185471510762E1,-7.122558634087E0,
8.795151204676E1));
#5845=CARTESIAN_POINT('',(-8.148614023998E1,-6.671959290096E0,
8.798566529085E1));
#5846=CARTESIAN_POINT('',(-8.120595735544E1,-6.147363757806E0,
8.799817181937E1));
#5847=CARTESIAN_POINT('',(-8.103300187850E1,-5.560858239251E0,
8.800017083878E1));
#5848=CARTESIAN_POINT('',(-8.1E1,-5.184184746845E0,8.8E1));
#5849=CARTESIAN_POINT('',(-8.1E1,-5.E0,8.8E1));
#5851=CARTESIAN_POINT('',(-8.1E1,-5.E0,9.E1));
#5852=CARTESIAN_POINT('',(-8.1E1,-5.197102981206E0,9.E1));
#5853=CARTESIAN_POINT('',(-8.103876433174E1,-5.594109634426E0,
9.000013047256E1));
#5854=CARTESIAN_POINT('',(-8.121864889077E1,-6.178849866362E0,
8.999838087487E1));
#5855=CARTESIAN_POINT('',(-8.151295068593E1,-6.712799568569E0,
8.998750605744E1));
#5856=CARTESIAN_POINT('',(-8.189246261628E1,-7.161168002229E0,
8.995888543610E1));
#5857=CARTESIAN_POINT('',(-8.234824436315E1,-7.527456949059E0,
8.990314454995E1));
#5858=CARTESIAN_POINT('',(-8.287402572897E1,-7.800961161945E0,
8.980852435484E1));
#5859=CARTESIAN_POINT('',(-8.342456009186E1,-7.962780948134E0,
8.967385276148E1));
#5860=CARTESIAN_POINT('',(-8.380845930704E1,-8.E0,8.955300123567E1));
#5861=CARTESIAN_POINT('',(-8.4E1,-8.E0,8.948528137424E1));
#5863=DIRECTION('',(0.E0,0.E0,-1.E0));
#5864=VECTOR('',#5863,2.E0);
#5865=CARTESIAN_POINT('',(-4.4E1,-1.3E1,9.E1));
#5866=LINE('',#5865,#5864);
#5867=DIRECTION('',(0.E0,0.E0,-1.E0));
#5868=VECTOR('',#5867,2.E0);
#5869=CARTESIAN_POINT('',(-4.4E1,-2.7E1,9.E1));
#5870=LINE('',#5869,#5868);
#5871=DIRECTION('',(0.E0,0.E0,-1.E0));
#5872=VECTOR('',#5871,2.E0);
#5873=CARTESIAN_POINT('',(-4.6E1,-2.7E1,9.E1));
#5874=LINE('',#5873,#5872);
#5875=DIRECTION('',(0.E0,0.E0,-1.E0));
#5876=VECTOR('',#5875,2.E0);
#5877=CARTESIAN_POINT('',(-4.6E1,-1.3E1,9.E1));
#5878=LINE('',#5877,#5876);
#5879=DIRECTION('',(0.E0,0.E0,-1.E0));
#5880=VECTOR('',#5879,2.E0);
#5881=CARTESIAN_POINT('',(-4.8E1,-1.3E1,9.E1));
#5882=LINE('',#5881,#5880);
#5883=DIRECTION('',(0.E0,0.E0,-1.E0));
#5884=VECTOR('',#5883,2.E0);
#5885=CARTESIAN_POINT('',(-4.8E1,-2.7E1,9.E1));
#5886=LINE('',#5885,#5884);
#5887=DIRECTION('',(0.E0,0.E0,-1.E0));
#5888=VECTOR('',#5887,2.E0);
#5889=CARTESIAN_POINT('',(-5.E1,-2.7E1,9.E1));
#5890=LINE('',#5889,#5888);
#5891=DIRECTION('',(0.E0,0.E0,-1.E0));
#5892=VECTOR('',#5891,2.E0);
#5893=CARTESIAN_POINT('',(-5.E1,-1.3E1,9.E1));
#5894=LINE('',#5893,#5892);
#5895=DIRECTION('',(0.E0,0.E0,-1.E0));
#5896=VECTOR('',#5895,2.E0);
#5897=CARTESIAN_POINT('',(-5.2E1,-1.3E1,9.E1));
#5898=LINE('',#5897,#5896);
#5899=DIRECTION('',(0.E0,0.E0,-1.E0));
#5900=VECTOR('',#5899,2.E0);
#5901=CARTESIAN_POINT('',(-5.2E1,-2.7E1,9.E1));
#5902=LINE('',#5901,#5900);
#5903=DIRECTION('',(0.E0,0.E0,-1.E0));
#5904=VECTOR('',#5903,2.E0);
#5905=CARTESIAN_POINT('',(-5.4E1,-2.7E1,9.E1));
#5906=LINE('',#5905,#5904);
#5907=DIRECTION('',(0.E0,0.E0,-1.E0));
#5908=VECTOR('',#5907,2.E0);
#5909=CARTESIAN_POINT('',(-5.4E1,-1.3E1,9.E1));
#5910=LINE('',#5909,#5908);
#5911=DIRECTION('',(0.E0,0.E0,-1.E0));
#5912=VECTOR('',#5911,2.E0);
#5913=CARTESIAN_POINT('',(-5.6E1,-1.3E1,9.E1));
#5914=LINE('',#5913,#5912);
#5915=DIRECTION('',(0.E0,0.E0,-1.E0));
#5916=VECTOR('',#5915,2.E0);
#5917=CARTESIAN_POINT('',(-5.6E1,-2.7E1,9.E1));
#5918=LINE('',#5917,#5916);
#5919=DIRECTION('',(0.E0,0.E0,-1.E0));
#5920=VECTOR('',#5919,2.E0);
#5921=CARTESIAN_POINT('',(-5.8E1,-2.7E1,9.E1));
#5922=LINE('',#5921,#5920);
#5923=DIRECTION('',(0.E0,0.E0,-1.E0));
#5924=VECTOR('',#5923,2.E0);
#5925=CARTESIAN_POINT('',(-5.8E1,-1.3E1,9.E1));
#5926=LINE('',#5925,#5924);
#5927=DIRECTION('',(0.E0,0.E0,-1.E0));
#5928=VECTOR('',#5927,2.E0);
#5929=CARTESIAN_POINT('',(-6.E1,-1.3E1,9.E1));
#5930=LINE('',#5929,#5928);
#5931=DIRECTION('',(0.E0,0.E0,-1.E0));
#5932=VECTOR('',#5931,2.E0);
#5933=CARTESIAN_POINT('',(-6.E1,-2.7E1,9.E1));
#5934=LINE('',#5933,#5932);
#5935=DIRECTION('',(0.E0,0.E0,-1.E0));
#5936=VECTOR('',#5935,2.E0);
#5937=CARTESIAN_POINT('',(-6.2E1,-2.7E1,9.E1));
#5938=LINE('',#5937,#5936);
#5939=DIRECTION('',(0.E0,0.E0,-1.E0));
#5940=VECTOR('',#5939,2.E0);
#5941=CARTESIAN_POINT('',(-6.2E1,-1.3E1,9.E1));
#5942=LINE('',#5941,#5940);
#5943=DIRECTION('',(-7.071067811866E-1,9.201982821418E-9,-7.071067811865E-1));
#5944=VECTOR('',#5943,7.071067802297E-1);
#5945=CARTESIAN_POINT('',(-3.075000000169E1,-2.490000001627E1,
8.999999999831E1));
#5946=LINE('',#5945,#5944);
#5947=CARTESIAN_POINT('',(-3.325E1,-2.49E1,8.95E1));
#5948=DIRECTION('',(0.E0,0.E0,-1.E0));
#5949=DIRECTION('',(1.E0,0.E0,0.E0));
#5950=AXIS2_PLACEMENT_3D('',#5947,#5948,#5949);
#5952=DIRECTION('',(-2.883856118856E-11,-6.880990596867E-10,-1.E0));
#5953=VECTOR('',#5952,1.499999998968E0);
#5954=CARTESIAN_POINT('',(-3.324999999996E1,-2.689999999897E1,
8.949999999897E1));
#5955=LINE('',#5954,#5953);
#5956=DIRECTION('',(-1.E0,-1.149658138946E-11,1.149184443792E-11));
#5957=VECTOR('',#5956,1.500000009803E0);
#5958=CARTESIAN_POINT('',(-3.324999999996E1,-2.689999999897E1,
8.949999999897E1));
#5959=LINE('',#5958,#5957);
#5960=DIRECTION('',(6.506785633223E-9,-6.766024782064E-10,-1.E0));
#5961=VECTOR('',#5960,1.499999998985E0);
#5962=CARTESIAN_POINT('',(-3.475000000976E1,-2.689999999899E1,
8.949999999899E1));
#5963=LINE('',#5962,#5961);
#5964=DIRECTION('',(-4.078723391083E-11,7.071067811865E-1,-7.071067811866E-1));
#5965=VECTOR('',#5964,7.071067802134E-1);
#5966=CARTESIAN_POINT('',(-3.324999999993E1,-2.739999999828E1,
8.999999999828E1));
#5967=LINE('',#5966,#5965);
#5968=DIRECTION('',(9.201967748531E-9,7.071067811865E-1,-7.071067811865E-1));
#5969=VECTOR('',#5968,7.071067802297E-1);
#5970=CARTESIAN_POINT('',(-3.475000001627E1,-2.739999999831E1,
8.999999999831E1));
#5971=LINE('',#5970,#5969);
#5972=DIRECTION('',(7.071067811865E-1,4.078220961496E-11,-7.071067811866E-1));
#5973=VECTOR('',#5972,7.071067802134E-1);
#5974=CARTESIAN_POINT('',(-3.724999999828E1,-2.490000000007E1,
8.999999999828E1));
#5975=LINE('',#5974,#5973);
#5976=DIRECTION('',(7.071067811866E-1,-9.201982821418E-9,-7.071067811865E-1));
#5977=VECTOR('',#5976,7.071067802297E-1);
#5978=CARTESIAN_POINT('',(-3.724999999831E1,-1.509999998373E1,
8.999999999831E1));
#5979=LINE('',#5978,#5977);
#5980=DIRECTION('',(4.077718531909E-11,-7.071067811865E-1,-7.071067811866E-1));
#5981=VECTOR('',#5980,7.071067802134E-1);
#5982=CARTESIAN_POINT('',(-3.475000000007E1,-1.260000000172E1,
8.999999999828E1));
#5983=LINE('',#5982,#5981);
#5984=DIRECTION('',(-9.201987845714E-9,-7.071067811866E-1,-7.071067811865E-1));
#5985=VECTOR('',#5984,7.071067802297E-1);
#5986=CARTESIAN_POINT('',(-3.324999998373E1,-1.260000000169E1,
8.999999999831E1));
#5987=LINE('',#5986,#5985);
#5988=DIRECTION('',(-7.071067811865E-1,-4.077969746702E-11,-7.071067811866E-1));
#5989=VECTOR('',#5988,7.071067802134E-1);
#5990=CARTESIAN_POINT('',(-3.075000000172E1,-1.509999999993E1,
8.999999999828E1));
#5991=LINE('',#5990,#5989);
#5992=DIRECTION('',(1.759680834658E-12,-1.E0,1.758955791051E-12));
#5993=VECTOR('',#5992,9.800000009803E0);
#5994=CARTESIAN_POINT('',(-3.125000000103E1,-1.509999999996E1,
8.949999999897E1));
#5995=LINE('',#5994,#5993);
#5996=DIRECTION('',(6.766024782064E-10,6.506783264747E-9,-1.E0));
#5997=VECTOR('',#5996,1.499999998985E0);
#5998=CARTESIAN_POINT('',(-3.125000000101E1,-2.490000000976E1,
8.949999999899E1));
#5999=LINE('',#5998,#5997);
#6000=CARTESIAN_POINT('',(-3.325E1,-1.51E1,8.95E1));
#6001=DIRECTION('',(0.E0,0.E0,-1.E0));
#6002=DIRECTION('',(0.E0,1.E0,0.E0));
#6003=AXIS2_PLACEMENT_3D('',#6000,#6001,#6002);
#6005=DIRECTION('',(6.880990596867E-10,-2.883974542645E-11,-1.E0));
#6006=VECTOR('',#6005,1.499999998968E0);
#6007=CARTESIAN_POINT('',(-3.125000000103E1,-1.509999999996E1,
8.949999999897E1));
#6008=LINE('',#6007,#6006);
#6009=DIRECTION('',(1.E0,1.149539715158E-11,1.149184443792E-11));
#6010=VECTOR('',#6009,1.500000009803E0);
#6011=CARTESIAN_POINT('',(-3.475000000004E1,-1.310000000103E1,
8.949999999897E1));
#6012=LINE('',#6011,#6010);
#6013=DIRECTION('',(-6.506780896271E-9,6.766024782064E-10,-1.E0));
#6014=VECTOR('',#6013,1.499999998985E0);
#6015=CARTESIAN_POINT('',(-3.324999999024E1,-1.310000000101E1,
8.949999999899E1));
#6016=LINE('',#6015,#6014);
#6017=CARTESIAN_POINT('',(-3.475E1,-1.51E1,8.95E1));
#6018=DIRECTION('',(0.E0,0.E0,-1.E0));
#6019=DIRECTION('',(-1.E0,0.E0,0.E0));
#6020=AXIS2_PLACEMENT_3D('',#6017,#6018,#6019);
#6022=DIRECTION('',(2.883856118856E-11,6.880990596867E-10,-1.E0));
#6023=VECTOR('',#6022,1.499999998968E0);
#6024=CARTESIAN_POINT('',(-3.475000000004E1,-1.310000000103E1,
8.949999999897E1));
#6025=LINE('',#6024,#6023);
#6026=DIRECTION('',(-1.759680834658E-12,1.E0,1.758955791051E-12));
#6027=VECTOR('',#6026,9.800000009803E0);
#6028=CARTESIAN_POINT('',(-3.674999999897E1,-2.490000000004E1,
8.949999999897E1));
#6029=LINE('',#6028,#6027);
#6030=DIRECTION('',(-6.766024782064E-10,-6.506783264747E-9,-1.E0));
#6031=VECTOR('',#6030,1.499999998985E0);
#6032=CARTESIAN_POINT('',(-3.674999999899E1,-1.509999999024E1,
8.949999999899E1));
#6033=LINE('',#6032,#6031);
#6034=CARTESIAN_POINT('',(-3.475E1,-2.49E1,8.95E1));
#6035=DIRECTION('',(0.E0,0.E0,-1.E0));
#6036=DIRECTION('',(0.E0,-1.E0,0.E0));
#6037=AXIS2_PLACEMENT_3D('',#6034,#6035,#6036);
#6039=DIRECTION('',(-6.880990596867E-10,2.883856118856E-11,-1.E0));
#6040=VECTOR('',#6039,1.499999998968E0);
#6041=CARTESIAN_POINT('',(-3.674999999897E1,-2.490000000004E1,
8.949999999897E1));
#6042=LINE('',#6041,#6040);
#6043=DIRECTION('',(-1.E0,0.E0,0.E0));
#6044=VECTOR('',#6043,2.E0);
#6045=CARTESIAN_POINT('',(0.E0,-1.3E1,5.E1));
#6046=LINE('',#6045,#6044);
#6047=DIRECTION('',(-1.E0,0.E0,0.E0));
#6048=VECTOR('',#6047,2.E0);
#6049=CARTESIAN_POINT('',(0.E0,-2.7E1,5.E1));
#6050=LINE('',#6049,#6048);
#6051=DIRECTION('',(-1.E0,0.E0,0.E0));
#6052=VECTOR('',#6051,2.E0);
#6053=CARTESIAN_POINT('',(0.E0,-2.7E1,4.8E1));
#6054=LINE('',#6053,#6052);
#6055=DIRECTION('',(-1.E0,0.E0,0.E0));
#6056=VECTOR('',#6055,2.E0);
#6057=CARTESIAN_POINT('',(0.E0,-1.3E1,4.8E1));
#6058=LINE('',#6057,#6056);
#6059=DIRECTION('',(-1.E0,0.E0,0.E0));
#6060=VECTOR('',#6059,2.E0);
#6061=CARTESIAN_POINT('',(0.E0,-1.3E1,5.4E1));
#6062=LINE('',#6061,#6060);
#6063=DIRECTION('',(-1.E0,0.E0,0.E0));
#6064=VECTOR('',#6063,2.E0);
#6065=CARTESIAN_POINT('',(0.E0,-2.7E1,5.4E1));
#6066=LINE('',#6065,#6064);
#6067=DIRECTION('',(-1.E0,0.E0,0.E0));
#6068=VECTOR('',#6067,2.E0);
#6069=CARTESIAN_POINT('',(0.E0,-2.7E1,5.2E1));
#6070=LINE('',#6069,#6068);
#6071=DIRECTION('',(-1.E0,0.E0,0.E0));
#6072=VECTOR('',#6071,2.E0);
#6073=CARTESIAN_POINT('',(0.E0,-1.3E1,5.2E1));
#6074=LINE('',#6073,#6072);
#6075=DIRECTION('',(-1.E0,0.E0,0.E0));
#6076=VECTOR('',#6075,2.E0);
#6077=CARTESIAN_POINT('',(0.E0,-1.3E1,5.8E1));
#6078=LINE('',#6077,#6076);
#6079=DIRECTION('',(-1.E0,0.E0,0.E0));
#6080=VECTOR('',#6079,2.E0);
#6081=CARTESIAN_POINT('',(0.E0,-2.7E1,5.8E1));
#6082=LINE('',#6081,#6080);
#6083=DIRECTION('',(-1.E0,0.E0,0.E0));
#6084=VECTOR('',#6083,2.E0);
#6085=CARTESIAN_POINT('',(0.E0,-2.7E1,5.6E1));
#6086=LINE('',#6085,#6084);
#6087=DIRECTION('',(-1.E0,0.E0,0.E0));
#6088=VECTOR('',#6087,2.E0);
#6089=CARTESIAN_POINT('',(0.E0,-1.3E1,5.6E1));
#6090=LINE('',#6089,#6088);
#6091=DIRECTION('',(-1.E0,0.E0,0.E0));
#6092=VECTOR('',#6091,2.E0);
#6093=CARTESIAN_POINT('',(0.E0,-1.3E1,6.2E1));
#6094=LINE('',#6093,#6092);
#6095=DIRECTION('',(-1.E0,0.E0,0.E0));
#6096=VECTOR('',#6095,2.E0);
#6097=CARTESIAN_POINT('',(0.E0,-2.7E1,6.2E1));
#6098=LINE('',#6097,#6096);
#6099=DIRECTION('',(-1.E0,0.E0,0.E0));
#6100=VECTOR('',#6099,2.E0);
#6101=CARTESIAN_POINT('',(0.E0,-2.7E1,6.E1));
#6102=LINE('',#6101,#6100);
#6103=DIRECTION('',(-1.E0,0.E0,0.E0));
#6104=VECTOR('',#6103,2.E0);
#6105=CARTESIAN_POINT('',(0.E0,-1.3E1,6.E1));
#6106=LINE('',#6105,#6104);
#6107=CARTESIAN_POINT('',(-3.574356076261E0,-2.3E1,6.8E1));
#6108=CARTESIAN_POINT('',(-3.682321566650E0,-2.3E1,6.8E1));
#6109=CARTESIAN_POINT('',(-3.897897387242E0,-2.299597585413E1,6.8E1));
#6110=CARTESIAN_POINT('',(-4.112723871896E0,-2.298937831781E1,6.8E1));
#6111=CARTESIAN_POINT('',(-4.22E0,-2.298654083778E1,6.8E1));
#6113=DIRECTION('',(0.E0,1.E0,0.E0));
#6114=VECTOR('',#6113,1.5E1);
#6115=CARTESIAN_POINT('',(-4.72E0,-3.8E1,6.8E1));
#6116=LINE('',#6115,#6114);
#6117=DIRECTION('',(0.E0,7.071067811865E-1,7.071067811865E-1));
#6118=VECTOR('',#6117,1.564012688380E0);
#6119=CARTESIAN_POINT('',(-3.4E1,-3.8E1,6.2E1));
#6120=LINE('',#6119,#6118);
#6121=DIRECTION('',(0.E0,7.071067811865E-1,-7.071067811865E-1));
#6122=VECTOR('',#6121,1.846855400855E0);
#6123=CARTESIAN_POINT('',(-3.4E1,-3.470592397782E1,6.310592397782E1));
#6124=LINE('',#6123,#6122);
#6125=DIRECTION('',(0.E0,0.E0,1.E0));
#6126=VECTOR('',#6125,1.305923977815E0);
#6127=CARTESIAN_POINT('',(-3.4E1,-3.34E1,6.18E1));
#6128=LINE('',#6127,#6126);
#6129=DIRECTION('',(1.E0,0.E0,0.E0));
#6130=VECTOR('',#6129,2.572916869919E1);
#6131=CARTESIAN_POINT('',(-3.258458434959E1,-3.58E1,6.42E1));
#6132=LINE('',#6131,#6130);
#6133=DIRECTION('',(1.E0,0.E0,0.E0));
#6134=VECTOR('',#6133,2.8E1);
#6135=CARTESIAN_POINT('',(-3.4E1,-3.34E1,6.18E1));
#6136=LINE('',#6135,#6134);
#6137=DIRECTION('',(1.E0,0.E0,0.E0));
#6138=VECTOR('',#6137,2.633393944404E1);
#6139=CARTESIAN_POINT('',(-3.288696972202E1,-3.34E1,6.38E1));
#6140=LINE('',#6139,#6138);
#6141=DIRECTION('',(0.E0,1.E0,0.E0));
#6142=VECTOR('',#6141,2.E0);
#6143=CARTESIAN_POINT('',(-9.E0,-4.E1,6.4E1));
#6144=LINE('',#6143,#6142);
#6145=DIRECTION('',(0.E0,1.E0,0.E0));
#6146=VECTOR('',#6145,2.E0);
#6147=CARTESIAN_POINT('',(-3.1E1,-4.E1,6.2E1));
#6148=LINE('',#6147,#6146);
#6149=DIRECTION('',(0.E0,1.E0,0.E0));
#6150=VECTOR('',#6149,2.E0);
#6151=CARTESIAN_POINT('',(-3.1E1,-4.E1,5.8E1));
#6152=LINE('',#6151,#6150);
#6153=DIRECTION('',(0.E0,1.E0,0.E0));
#6154=VECTOR('',#6153,2.E0);
#6155=CARTESIAN_POINT('',(-3.1E1,-4.E1,5.4E1));
#6156=LINE('',#6155,#6154);
#6157=DIRECTION('',(0.E0,1.E0,0.E0));
#6158=VECTOR('',#6157,2.E0);
#6159=CARTESIAN_POINT('',(-3.1E1,-4.E1,5.E1));
#6160=LINE('',#6159,#6158);
#6161=DIRECTION('',(0.E0,1.E0,0.E0));
#6162=VECTOR('',#6161,2.E0);
#6163=CARTESIAN_POINT('',(-3.1E1,-4.E1,4.6E1));
#6164=LINE('',#6163,#6162);
#6165=DIRECTION('',(1.E0,0.E0,0.E0));
#6166=VECTOR('',#6165,2.2E1);
#6167=CARTESIAN_POINT('',(-3.1E1,-3.8E1,4.4E1));
#6168=LINE('',#6167,#6166);
#6169=DIRECTION('',(0.E0,1.E0,0.E0));
#6170=VECTOR('',#6169,2.E0);
#6171=CARTESIAN_POINT('',(-3.1E1,-4.E1,4.4E1));
#6172=LINE('',#6171,#6170);
#6173=DIRECTION('',(1.E0,0.E0,0.E0));
#6174=VECTOR('',#6173,2.8E1);
#6175=CARTESIAN_POINT('',(-3.4E1,-3.58E1,4.62E1));
#6176=LINE('',#6175,#6174);
#6177=DIRECTION('',(0.E0,7.071067811865E-1,7.071067811865E-1));
#6178=VECTOR('',#6177,3.111269837221E0);
#6179=CARTESIAN_POINT('',(-3.4E1,-3.8E1,4.2E1));
#6180=LINE('',#6179,#6178);
#6181=DIRECTION('',(0.E0,7.071067811865E-1,-7.071067811865E-1));
#6182=VECTOR('',#6181,3.394112549695E0);
#6183=CARTESIAN_POINT('',(-3.4E1,-3.58E1,4.42E1));
#6184=LINE('',#6183,#6182);
#6185=DIRECTION('',(0.E0,0.E0,1.E0));
#6186=VECTOR('',#6185,2.E0);
#6187=CARTESIAN_POINT('',(-3.4E1,-3.34E1,4.18E1));
#6188=LINE('',#6187,#6186);
#6189=DIRECTION('',(0.E0,-7.071067811865E-1,7.071067811865E-1));
#6190=VECTOR('',#6189,3.394112549695E0);
#6191=CARTESIAN_POINT('',(-3.4E1,-3.34E1,4.38E1));
#6192=LINE('',#6191,#6190);
#6193=DIRECTION('',(0.E0,-7.071067811865E-1,-7.071067811865E-1));
#6194=VECTOR('',#6193,3.111269837221E0);
#6195=CARTESIAN_POINT('',(-3.4E1,-3.58E1,4.62E1));
#6196=LINE('',#6195,#6194);
#6197=DIRECTION('',(1.E0,0.E0,0.E0));
#6198=VECTOR('',#6197,2.2E1);
#6199=CARTESIAN_POINT('',(-3.1E1,-3.8E1,4.2E1));
#6200=LINE('',#6199,#6198);
#6201=DIRECTION('',(0.E0,1.E0,0.E0));
#6202=VECTOR('',#6201,2.E0);
#6203=CARTESIAN_POINT('',(-3.1E1,-4.E1,4.2E1));
#6204=LINE('',#6203,#6202);
#6205=DIRECTION('',(0.E0,1.E0,0.E0));
#6206=VECTOR('',#6205,2.E0);
#6207=CARTESIAN_POINT('',(-3.1E1,-4.E1,4.E1));
#6208=LINE('',#6207,#6206);
#6209=DIRECTION('',(1.E0,0.E0,0.E0));
#6210=VECTOR('',#6209,2.2E1);
#6211=CARTESIAN_POINT('',(-3.1E1,-3.8E1,4.E1));
#6212=LINE('',#6211,#6210);
#6213=DIRECTION('',(0.E0,1.E0,0.E0));
#6214=VECTOR('',#6213,2.E0);
#6215=CARTESIAN_POINT('',(-9.E0,-4.E1,4.E1));
#6216=LINE('',#6215,#6214);
#6217=DIRECTION('',(1.E0,0.E0,0.E0));
#6218=VECTOR('',#6217,2.8E1);
#6219=CARTESIAN_POINT('',(-3.4E1,-3.58E1,4.22E1));
#6220=LINE('',#6219,#6218);
#6221=DIRECTION('',(0.E0,7.071067811865E-1,7.071067811865E-1));
#6222=VECTOR('',#6221,3.111269837221E0);
#6223=CARTESIAN_POINT('',(-3.4E1,-3.8E1,3.8E1));
#6224=LINE('',#6223,#6222);
#6225=DIRECTION('',(0.E0,7.071067811865E-1,-7.071067811865E-1));
#6226=VECTOR('',#6225,3.394112549695E0);
#6227=CARTESIAN_POINT('',(-3.4E1,-3.58E1,4.02E1));
#6228=LINE('',#6227,#6226);
#6229=DIRECTION('',(0.E0,0.E0,1.E0));
#6230=VECTOR('',#6229,2.E0);
#6231=CARTESIAN_POINT('',(-3.4E1,-3.34E1,3.78E1));
#6232=LINE('',#6231,#6230);
#6233=DIRECTION('',(0.E0,-7.071067811866E-1,7.071067811865E-1));
#6234=VECTOR('',#6233,3.394112549695E0);
#6235=CARTESIAN_POINT('',(-3.4E1,-3.34E1,3.98E1));
#6236=LINE('',#6235,#6234);
#6237=DIRECTION('',(0.E0,-7.071067811865E-1,-7.071067811865E-1));
#6238=VECTOR('',#6237,3.111269837221E0);
#6239=CARTESIAN_POINT('',(-3.4E1,-3.58E1,4.22E1));
#6240=LINE('',#6239,#6238);
#6241=DIRECTION('',(1.E0,0.E0,0.E0));
#6242=VECTOR('',#6241,2.2E1);
#6243=CARTESIAN_POINT('',(-3.1E1,-3.8E1,3.8E1));
#6244=LINE('',#6243,#6242);
#6245=DIRECTION('',(0.E0,1.E0,0.E0));
#6246=VECTOR('',#6245,2.E0);
#6247=CARTESIAN_POINT('',(-3.1E1,-4.E1,3.8E1));
#6248=LINE('',#6247,#6246);
#6249=DIRECTION('',(0.E0,1.E0,0.E0));
#6250=VECTOR('',#6249,2.E0);
#6251=CARTESIAN_POINT('',(-3.1E1,-4.E1,3.6E1));
#6252=LINE('',#6251,#6250);
#6253=DIRECTION('',(1.E0,0.E0,0.E0));
#6254=VECTOR('',#6253,2.2E1);
#6255=CARTESIAN_POINT('',(-3.1E1,-3.8E1,3.6E1));
#6256=LINE('',#6255,#6254);
#6257=DIRECTION('',(0.E0,1.E0,0.E0));
#6258=VECTOR('',#6257,2.E0);
#6259=CARTESIAN_POINT('',(-9.E0,-4.E1,3.6E1));
#6260=LINE('',#6259,#6258);
#6261=DIRECTION('',(1.E0,0.E0,0.E0));
#6262=VECTOR('',#6261,2.8E1);
#6263=CARTESIAN_POINT('',(-3.4E1,-3.58E1,3.82E1));
#6264=LINE('',#6263,#6262);
#6265=DIRECTION('',(1.E0,0.E0,0.E0));
#6266=VECTOR('',#6265,2.8E1);
#6267=CARTESIAN_POINT('',(-3.4E1,-3.34E1,3.58E1));
#6268=LINE('',#6267,#6266);
#6269=DIRECTION('',(1.E0,0.E0,0.E0));
#6270=VECTOR('',#6269,2.8E1);
#6271=CARTESIAN_POINT('',(-3.4E1,-3.34E1,3.38E1));
#6272=LINE('',#6271,#6270);
#6273=DIRECTION('',(1.E0,0.E0,0.E0));
#6274=VECTOR('',#6273,2.8E1);
#6275=CARTESIAN_POINT('',(-3.4E1,-3.58E1,3.62E1));
#6276=LINE('',#6275,#6274);
#6277=DIRECTION('',(0.E0,-7.071067811865E-1,-7.071067811865E-1));
#6278=VECTOR('',#6277,3.111269837221E0);
#6279=CARTESIAN_POINT('',(-6.E0,-3.58E1,3.82E1));
#6280=LINE('',#6279,#6278);
#6281=DIRECTION('',(0.E0,-7.071067811866E-1,7.071067811865E-1));
#6282=VECTOR('',#6281,3.394112549695E0);
#6283=CARTESIAN_POINT('',(-6.E0,-3.34E1,3.58E1));
#6284=LINE('',#6283,#6282);
#6285=DIRECTION('',(0.E0,0.E0,1.E0));
#6286=VECTOR('',#6285,2.E0);
#6287=CARTESIAN_POINT('',(-6.E0,-3.34E1,3.38E1));
#6288=LINE('',#6287,#6286);
#6289=DIRECTION('',(0.E0,7.071067811865E-1,-7.071067811865E-1));
#6290=VECTOR('',#6289,3.394112549695E0);
#6291=CARTESIAN_POINT('',(-6.E0,-3.58E1,3.62E1));
#6292=LINE('',#6291,#6290);
#6293=DIRECTION('',(0.E0,7.071067811865E-1,7.071067811865E-1));
#6294=VECTOR('',#6293,3.111269837221E0);
#6295=CARTESIAN_POINT('',(-6.E0,-3.8E1,3.4E1));
#6296=LINE('',#6295,#6294);
#6297=DIRECTION('',(0.E0,1.E0,0.E0));
#6298=VECTOR('',#6297,2.E0);
#6299=CARTESIAN_POINT('',(-9.E0,-4.E1,3.8E1));
#6300=LINE('',#6299,#6298);
#6301=DIRECTION('',(0.E0,-7.071067811865E-1,-7.071067811865E-1));
#6302=VECTOR('',#6301,3.111269837221E0);
#6303=CARTESIAN_POINT('',(-6.E0,-3.58E1,4.22E1));
#6304=LINE('',#6303,#6302);
#6305=DIRECTION('',(0.E0,-7.071067811866E-1,7.071067811865E-1));
#6306=VECTOR('',#6305,3.394112549695E0);
#6307=CARTESIAN_POINT('',(-6.E0,-3.34E1,3.98E1));
#6308=LINE('',#6307,#6306);
#6309=DIRECTION('',(0.E0,0.E0,1.E0));
#6310=VECTOR('',#6309,2.E0);
#6311=CARTESIAN_POINT('',(-6.E0,-3.34E1,3.78E1));
#6312=LINE('',#6311,#6310);
#6313=DIRECTION('',(0.E0,7.071067811865E-1,-7.071067811865E-1));
#6314=VECTOR('',#6313,3.394112549695E0);
#6315=CARTESIAN_POINT('',(-6.E0,-3.58E1,4.02E1));
#6316=LINE('',#6315,#6314);
#6317=DIRECTION('',(0.E0,7.071067811865E-1,7.071067811865E-1));
#6318=VECTOR('',#6317,3.111269837221E0);
#6319=CARTESIAN_POINT('',(-6.E0,-3.8E1,3.8E1));
#6320=LINE('',#6319,#6318);
#6321=DIRECTION('',(1.E0,0.E0,0.E0));
#6322=VECTOR('',#6321,2.8E1);
#6323=CARTESIAN_POINT('',(-3.4E1,-3.34E1,3.98E1));
#6324=LINE('',#6323,#6322);
#6325=DIRECTION('',(1.E0,0.E0,0.E0));
#6326=VECTOR('',#6325,2.8E1);
#6327=CARTESIAN_POINT('',(-3.4E1,-3.34E1,3.78E1));
#6328=LINE('',#6327,#6326);
#6329=DIRECTION('',(1.E0,0.E0,0.E0));
#6330=VECTOR('',#6329,2.8E1);
#6331=CARTESIAN_POINT('',(-3.4E1,-3.58E1,4.02E1));
#6332=LINE('',#6331,#6330);
#6333=DIRECTION('',(0.E0,1.E0,0.E0));
#6334=VECTOR('',#6333,2.E0);
#6335=CARTESIAN_POINT('',(-9.E0,-4.E1,4.2E1));
#6336=LINE('',#6335,#6334);
#6337=DIRECTION('',(0.E0,-7.071067811865E-1,-7.071067811865E-1));
#6338=VECTOR('',#6337,3.111269837221E0);
#6339=CARTESIAN_POINT('',(-6.E0,-3.58E1,4.62E1));
#6340=LINE('',#6339,#6338);
#6341=DIRECTION('',(0.E0,-7.071067811866E-1,7.071067811865E-1));
#6342=VECTOR('',#6341,3.394112549695E0);
#6343=CARTESIAN_POINT('',(-6.E0,-3.34E1,4.38E1));
#6344=LINE('',#6343,#6342);
#6345=DIRECTION('',(0.E0,0.E0,1.E0));
#6346=VECTOR('',#6345,2.E0);
#6347=CARTESIAN_POINT('',(-6.E0,-3.34E1,4.18E1));
#6348=LINE('',#6347,#6346);
#6349=DIRECTION('',(0.E0,7.071067811865E-1,-7.071067811865E-1));
#6350=VECTOR('',#6349,3.394112549695E0);
#6351=CARTESIAN_POINT('',(-6.E0,-3.58E1,4.42E1));
#6352=LINE('',#6351,#6350);
#6353=DIRECTION('',(0.E0,7.071067811865E-1,7.071067811865E-1));
#6354=VECTOR('',#6353,3.111269837221E0);
#6355=CARTESIAN_POINT('',(-6.E0,-3.8E1,4.2E1));
#6356=LINE('',#6355,#6354);
#6357=DIRECTION('',(1.E0,0.E0,0.E0));
#6358=VECTOR('',#6357,2.8E1);
#6359=CARTESIAN_POINT('',(-3.4E1,-3.34E1,4.38E1));
#6360=LINE('',#6359,#6358);
#6361=DIRECTION('',(1.E0,0.E0,0.E0));
#6362=VECTOR('',#6361,2.8E1);
#6363=CARTESIAN_POINT('',(-3.4E1,-3.34E1,4.18E1));
#6364=LINE('',#6363,#6362);
#6365=DIRECTION('',(1.E0,0.E0,0.E0));
#6366=VECTOR('',#6365,2.8E1);
#6367=CARTESIAN_POINT('',(-3.4E1,-3.58E1,4.42E1));
#6368=LINE('',#6367,#6366);
#6369=DIRECTION('',(0.E0,1.E0,0.E0));
#6370=VECTOR('',#6369,2.E0);
#6371=CARTESIAN_POINT('',(-9.E0,-4.E1,3.4E1));
#6372=LINE('',#6371,#6370);
#6373=DIRECTION('',(0.E0,1.E0,0.E0));
#6374=VECTOR('',#6373,2.E0);
#6375=CARTESIAN_POINT('',(-9.E0,-4.E1,2.6E1));
#6376=LINE('',#6375,#6374);
#6377=DIRECTION('',(1.E0,0.E0,0.E0));
#6378=VECTOR('',#6377,2.2E1);
#6379=CARTESIAN_POINT('',(-3.1E1,-3.8E1,2.6E1));
#6380=LINE('',#6379,#6378);
#6381=DIRECTION('',(0.E0,1.E0,0.E0));
#6382=VECTOR('',#6381,2.E0);
#6383=CARTESIAN_POINT('',(-3.1E1,-4.E1,2.6E1));
#6384=LINE('',#6383,#6382);
#6385=DIRECTION('',(0.E0,-7.071067811865E-1,-7.071067811865E-1));
#6386=VECTOR('',#6385,3.111269837221E0);
#6387=CARTESIAN_POINT('',(-6.E0,-3.58E1,3.02E1));
#6388=LINE('',#6387,#6386);
#6389=DIRECTION('',(0.E0,-7.071067811866E-1,7.071067811865E-1));
#6390=VECTOR('',#6389,3.394112549695E0);
#6391=CARTESIAN_POINT('',(-6.E0,-3.34E1,2.78E1));
#6392=LINE('',#6391,#6390);
#6393=DIRECTION('',(0.E0,0.E0,1.E0));
#6394=VECTOR('',#6393,2.E0);
#6395=CARTESIAN_POINT('',(-6.E0,-3.34E1,2.58E1));
#6396=LINE('',#6395,#6394);
#6397=DIRECTION('',(0.E0,7.071067811865E-1,-7.071067811865E-1));
#6398=VECTOR('',#6397,3.394112549695E0);
#6399=CARTESIAN_POINT('',(-6.E0,-3.58E1,2.82E1));
#6400=LINE('',#6399,#6398);
#6401=DIRECTION('',(0.E0,7.071067811865E-1,7.071067811865E-1));
#6402=VECTOR('',#6401,3.111269837221E0);
#6403=CARTESIAN_POINT('',(-6.E0,-3.8E1,2.6E1));
#6404=LINE('',#6403,#6402);
#6405=DIRECTION('',(1.E0,0.E0,0.E0));
#6406=VECTOR('',#6405,2.8E1);
#6407=CARTESIAN_POINT('',(-3.4E1,-3.34E1,2.78E1));
#6408=LINE('',#6407,#6406);
#6409=DIRECTION('',(0.E0,7.071067811865E-1,7.071067811865E-1));
#6410=VECTOR('',#6409,3.111269837221E0);
#6411=CARTESIAN_POINT('',(-3.4E1,-3.8E1,2.6E1));
#6412=LINE('',#6411,#6410);
#6413=DIRECTION('',(0.E0,7.071067811865E-1,-7.071067811865E-1));
#6414=VECTOR('',#6413,3.394112549695E0);
#6415=CARTESIAN_POINT('',(-3.4E1,-3.58E1,2.82E1));
#6416=LINE('',#6415,#6414);
#6417=DIRECTION('',(0.E0,0.E0,1.E0));
#6418=VECTOR('',#6417,2.E0);
#6419=CARTESIAN_POINT('',(-3.4E1,-3.34E1,2.58E1));
#6420=LINE('',#6419,#6418);
#6421=DIRECTION('',(0.E0,-7.071067811865E-1,7.071067811865E-1));
#6422=VECTOR('',#6421,3.394112549695E0);
#6423=CARTESIAN_POINT('',(-3.4E1,-3.34E1,2.78E1));
#6424=LINE('',#6423,#6422);
#6425=DIRECTION('',(0.E0,-7.071067811865E-1,-7.071067811865E-1));
#6426=VECTOR('',#6425,2.449062973625E0);
#6427=CARTESIAN_POINT('',(-3.4E1,-3.58E1,3.02E1));
#6428=LINE('',#6427,#6426);
#6429=DIRECTION('',(1.E0,0.E0,0.E0));
#6430=VECTOR('',#6429,2.8E1);
#6431=CARTESIAN_POINT('',(-3.4E1,-3.58E1,2.82E1));
#6432=LINE('',#6431,#6430);
#6433=DIRECTION('',(1.E0,0.E0,0.E0));
#6434=VECTOR('',#6433,2.8E1);
#6435=CARTESIAN_POINT('',(-3.4E1,-3.34E1,2.58E1));
#6436=LINE('',#6435,#6434);
#6437=DIRECTION('',(0.E0,1.E0,0.E0));
#6438=VECTOR('',#6437,4.682509637969E-1);
#6439=CARTESIAN_POINT('',(-3.4E1,-3.8E1,2.8E1));
#6440=LINE('',#6439,#6438);
#6441=CARTESIAN_POINT('',(-3.188735931288E1,-3.3E1,2.8E1));
#6442=DIRECTION('',(0.E0,0.E0,-1.E0));
#6443=DIRECTION('',(-4.225281374239E-1,-9.063498072406E-1,0.E0));
#6444=AXIS2_PLACEMENT_3D('',#6441,#6442,#6443);
#6446=DIRECTION('',(0.E0,1.E0,0.E0));
#6447=VECTOR('',#6446,1.177E1);
#6448=CARTESIAN_POINT('',(-3.688735931288E1,-3.3E1,2.8E1));
#6449=LINE('',#6448,#6447);
#6450=CARTESIAN_POINT('',(-3.388735931288E1,-2.123E1,2.8E1));
#6451=DIRECTION('',(0.E0,0.E0,-1.E0));
#6452=DIRECTION('',(-1.E0,0.E0,0.E0));
#6453=AXIS2_PLACEMENT_3D('',#6450,#6451,#6452);
#6455=DIRECTION('',(7.071067811865E-1,7.071067811866E-1,0.E0));
#6456=VECTOR('',#6455,1.426488450228E0);
#6457=CARTESIAN_POINT('',(-3.600867965644E1,-1.910867965644E1,2.8E1));
#6458=LINE('',#6457,#6456);
#6459=DIRECTION('',(0.E0,1.E0,0.E0));
#6460=VECTOR('',#6459,2.E0);
#6461=CARTESIAN_POINT('',(-3.5E1,-1.81E1,2.8E1));
#6462=LINE('',#6461,#6460);
#6463=DIRECTION('',(-1.E0,0.E0,0.E0));
#6464=VECTOR('',#6463,2.292893218813E0);
#6465=CARTESIAN_POINT('',(-3.5E1,-1.61E1,2.8E1));
#6466=LINE('',#6465,#6464);
#6467=CARTESIAN_POINT('',(-3.729289321881E1,-1.56E1,2.8E1));
#6468=DIRECTION('',(0.E0,0.E0,-1.E0));
#6469=DIRECTION('',(0.E0,-1.E0,0.E0));
#6470=AXIS2_PLACEMENT_3D('',#6467,#6468,#6469);
#6472=DIRECTION('',(7.071067811866E-1,7.071067811865E-1,0.E0));
#6473=VECTOR('',#6472,2.651325323704E0);
#6474=CARTESIAN_POINT('',(-3.764644660941E1,-1.524644660941E1,2.8E1));
#6475=LINE('',#6474,#6473);
#6476=CARTESIAN_POINT('',(-3.612522988448E1,-1.301812310329E1,2.8E1));
#6477=DIRECTION('',(0.E0,0.E0,1.E0));
#6478=DIRECTION('',(7.071067811865E-1,-7.071067811866E-1,0.E0));
#6479=AXIS2_PLACEMENT_3D('',#6476,#6477,#6478);
#6481=DIRECTION('',(-5.E-1,8.660254037844E-1,0.E0));
#6482=VECTOR('',#6481,5.390284260591E0);
#6483=CARTESIAN_POINT('',(-3.569221718259E1,-1.276812310329E1,2.8E1));
#6484=LINE('',#6483,#6482);
#6485=DIRECTION('',(-1.E0,0.E0,0.E0));
#6486=VECTOR('',#6485,1.E0);
#6487=CARTESIAN_POINT('',(-3.838735931288E1,-8.1E0,2.8E1));
#6488=LINE('',#6487,#6486);
#6489=DIRECTION('',(0.E0,-1.E0,0.E0));
#6490=VECTOR('',#6489,2.99E1);
#6491=CARTESIAN_POINT('',(-3.938735931288E1,-8.1E0,2.8E1));
#6492=LINE('',#6491,#6490);
#6493=DIRECTION('',(0.E0,0.E0,1.E0));
#6494=VECTOR('',#6493,8.E0);
#6495=CARTESIAN_POINT('',(-3.688735931288E1,-3.3E1,2.8E1));
#6496=LINE('',#6495,#6494);
#6497=DIRECTION('',(0.E0,1.E0,0.E0));
#6498=VECTOR('',#6497,4.682509637969E-1);
#6499=CARTESIAN_POINT('',(-3.4E1,-3.8E1,3.6E1));
#6500=LINE('',#6499,#6498);
#6501=DIRECTION('',(0.E0,-1.E0,0.E0));
#6502=VECTOR('',#6501,2.99E1);
#6503=CARTESIAN_POINT('',(-3.938735931288E1,-8.1E0,3.6E1));
#6504=LINE('',#6503,#6502);
#6505=DIRECTION('',(-1.E0,0.E0,0.E0));
#6506=VECTOR('',#6505,1.E0);
#6507=CARTESIAN_POINT('',(-3.838735931288E1,-8.1E0,3.6E1));
#6508=LINE('',#6507,#6506);
#6509=DIRECTION('',(-5.E-1,8.660254037844E-1,0.E0));
#6510=VECTOR('',#6509,5.390284260591E0);
#6511=CARTESIAN_POINT('',(-3.569221718259E1,-1.276812310329E1,3.6E1));
#6512=LINE('',#6511,#6510);
#6513=CARTESIAN_POINT('',(-3.612522988448E1,-1.301812310329E1,3.6E1));
#6514=DIRECTION('',(0.E0,0.E0,1.E0));
#6515=DIRECTION('',(7.071067811865E-1,-7.071067811866E-1,0.E0));
#6516=AXIS2_PLACEMENT_3D('',#6513,#6514,#6515);
#6518=DIRECTION('',(7.071067811866E-1,7.071067811865E-1,0.E0));
#6519=VECTOR('',#6518,2.651325323704E0);
#6520=CARTESIAN_POINT('',(-3.764644660941E1,-1.524644660941E1,3.6E1));
#6521=LINE('',#6520,#6519);
#6522=CARTESIAN_POINT('',(-3.729289321881E1,-1.56E1,3.6E1));
#6523=DIRECTION('',(0.E0,0.E0,-1.E0));
#6524=DIRECTION('',(0.E0,-1.E0,0.E0));
#6525=AXIS2_PLACEMENT_3D('',#6522,#6523,#6524);
#6527=DIRECTION('',(-1.E0,0.E0,0.E0));
#6528=VECTOR('',#6527,2.292893218813E0);
#6529=CARTESIAN_POINT('',(-3.5E1,-1.61E1,3.6E1));
#6530=LINE('',#6529,#6528);
#6531=DIRECTION('',(0.E0,1.E0,0.E0));
#6532=VECTOR('',#6531,2.E0);
#6533=CARTESIAN_POINT('',(-3.5E1,-1.81E1,3.6E1));
#6534=LINE('',#6533,#6532);
#6535=DIRECTION('',(7.071067811865E-1,7.071067811866E-1,0.E0));
#6536=VECTOR('',#6535,1.426488450228E0);
#6537=CARTESIAN_POINT('',(-3.600867965644E1,-1.910867965644E1,3.6E1));
#6538=LINE('',#6537,#6536);
#6539=CARTESIAN_POINT('',(-3.388735931288E1,-2.123E1,3.6E1));
#6540=DIRECTION('',(0.E0,0.E0,-1.E0));
#6541=DIRECTION('',(-1.E0,0.E0,0.E0));
#6542=AXIS2_PLACEMENT_3D('',#6539,#6540,#6541);
#6544=DIRECTION('',(0.E0,1.E0,0.E0));
#6545=VECTOR('',#6544,1.177E1);
#6546=CARTESIAN_POINT('',(-3.688735931288E1,-3.3E1,3.6E1));
#6547=LINE('',#6546,#6545);
#6548=CARTESIAN_POINT('',(-3.188735931288E1,-3.3E1,3.6E1));
#6549=DIRECTION('',(0.E0,0.E0,-1.E0));
#6550=DIRECTION('',(-4.225281374239E-1,-9.063498072406E-1,0.E0));
#6551=AXIS2_PLACEMENT_3D('',#6548,#6549,#6550);
#6553=DIRECTION('',(0.E0,0.E0,1.E0));
#6554=VECTOR('',#6553,8.E0);
#6555=CARTESIAN_POINT('',(-3.938735931288E1,-8.1E0,2.8E1));
#6556=LINE('',#6555,#6554);
#6557=DIRECTION('',(0.E0,0.E0,1.E0));
#6558=VECTOR('',#6557,8.E0);
#6559=CARTESIAN_POINT('',(-3.838735931288E1,-8.1E0,2.8E1));
#6560=LINE('',#6559,#6558);
#6561=DIRECTION('',(0.E0,0.E0,1.E0));
#6562=VECTOR('',#6561,8.E0);
#6563=CARTESIAN_POINT('',(-3.569221718259E1,-1.276812310329E1,2.8E1));
#6564=LINE('',#6563,#6562);
#6565=DIRECTION('',(0.E0,0.E0,1.E0));
#6566=VECTOR('',#6565,8.E0);
#6567=CARTESIAN_POINT('',(-3.577167649388E1,-1.337167649388E1,2.8E1));
#6568=LINE('',#6567,#6566);
#6569=DIRECTION('',(0.E0,0.E0,1.E0));
#6570=VECTOR('',#6569,8.E0);
#6571=CARTESIAN_POINT('',(-3.764644660941E1,-1.524644660941E1,2.8E1));
#6572=LINE('',#6571,#6570);
#6573=DIRECTION('',(0.E0,0.E0,1.E0));
#6574=VECTOR('',#6573,8.E0);
#6575=CARTESIAN_POINT('',(-3.729289321881E1,-1.61E1,2.8E1));
#6576=LINE('',#6575,#6574);
#6577=DIRECTION('',(0.E0,0.E0,1.E0));
#6578=VECTOR('',#6577,8.E0);
#6579=CARTESIAN_POINT('',(-3.5E1,-1.61E1,2.8E1));
#6580=LINE('',#6579,#6578);
#6581=DIRECTION('',(0.E0,0.E0,1.E0));
#6582=VECTOR('',#6581,8.E0);
#6583=CARTESIAN_POINT('',(-3.5E1,-1.81E1,2.8E1));
#6584=LINE('',#6583,#6582);
#6585=DIRECTION('',(0.E0,0.E0,1.E0));
#6586=VECTOR('',#6585,8.E0);
#6587=CARTESIAN_POINT('',(-3.600867965644E1,-1.910867965644E1,2.8E1));
#6588=LINE('',#6587,#6586);
#6589=DIRECTION('',(0.E0,0.E0,1.E0));
#6590=VECTOR('',#6589,8.E0);
#6591=CARTESIAN_POINT('',(-3.688735931288E1,-2.123E1,2.8E1));
#6592=LINE('',#6591,#6590);
#6593=DIRECTION('',(0.E0,1.E0,0.E0));
#6594=VECTOR('',#6593,2.E0);
#6595=CARTESIAN_POINT('',(-3.1E1,-4.E1,2.4E1));
#6596=LINE('',#6595,#6594);
#6597=DIRECTION('',(1.E0,0.E0,0.E0));
#6598=VECTOR('',#6597,2.2E1);
#6599=CARTESIAN_POINT('',(-3.1E1,-3.8E1,2.4E1));
#6600=LINE('',#6599,#6598);
#6601=DIRECTION('',(0.E0,1.E0,0.E0));
#6602=VECTOR('',#6601,2.E0);
#6603=CARTESIAN_POINT('',(-9.E0,-4.E1,2.4E1));
#6604=LINE('',#6603,#6602);
#6605=DIRECTION('',(1.E0,0.E0,0.E0));
#6606=VECTOR('',#6605,2.8E1);
#6607=CARTESIAN_POINT('',(-3.4E1,-3.58E1,2.62E1));
#6608=LINE('',#6607,#6606);
#6609=DIRECTION('',(0.E0,7.071067811865E-1,7.071067811865E-1));
#6610=VECTOR('',#6609,3.111269837221E0);
#6611=CARTESIAN_POINT('',(-3.4E1,-3.8E1,2.2E1));
#6612=LINE('',#6611,#6610);
#6613=DIRECTION('',(0.E0,7.071067811865E-1,-7.071067811865E-1));
#6614=VECTOR('',#6613,3.394112549695E0);
#6615=CARTESIAN_POINT('',(-3.4E1,-3.58E1,2.42E1));
#6616=LINE('',#6615,#6614);
#6617=DIRECTION('',(0.E0,0.E0,1.E0));
#6618=VECTOR('',#6617,2.E0);
#6619=CARTESIAN_POINT('',(-3.4E1,-3.34E1,2.18E1));
#6620=LINE('',#6619,#6618);
#6621=DIRECTION('',(0.E0,-7.071067811865E-1,7.071067811865E-1));
#6622=VECTOR('',#6621,3.394112549695E0);
#6623=CARTESIAN_POINT('',(-3.4E1,-3.34E1,2.38E1));
#6624=LINE('',#6623,#6622);
#6625=DIRECTION('',(0.E0,-7.071067811865E-1,-7.071067811865E-1));
#6626=VECTOR('',#6625,3.111269837221E0);
#6627=CARTESIAN_POINT('',(-3.4E1,-3.58E1,2.62E1));
#6628=LINE('',#6627,#6626);
#6629=DIRECTION('',(1.E0,0.E0,0.E0));
#6630=VECTOR('',#6629,2.2E1);
#6631=CARTESIAN_POINT('',(-3.1E1,-3.8E1,2.2E1));
#6632=LINE('',#6631,#6630);
#6633=DIRECTION('',(0.E0,1.E0,0.E0));
#6634=VECTOR('',#6633,2.E0);
#6635=CARTESIAN_POINT('',(-3.1E1,-4.E1,2.2E1));
#6636=LINE('',#6635,#6634);
#6637=DIRECTION('',(0.E0,1.E0,0.E0));
#6638=VECTOR('',#6637,2.E0);
#6639=CARTESIAN_POINT('',(-3.1E1,-4.E1,2.E1));
#6640=LINE('',#6639,#6638);
#6641=DIRECTION('',(1.E0,0.E0,0.E0));
#6642=VECTOR('',#6641,2.2E1);
#6643=CARTESIAN_POINT('',(-3.1E1,-3.8E1,2.E1));
#6644=LINE('',#6643,#6642);
#6645=DIRECTION('',(0.E0,1.E0,0.E0));
#6646=VECTOR('',#6645,2.E0);
#6647=CARTESIAN_POINT('',(-9.E0,-4.E1,2.E1));
#6648=LINE('',#6647,#6646);
#6649=DIRECTION('',(1.E0,0.E0,0.E0));
#6650=VECTOR('',#6649,2.8E1);
#6651=CARTESIAN_POINT('',(-3.4E1,-3.58E1,2.22E1));
#6652=LINE('',#6651,#6650);
#6653=DIRECTION('',(0.E0,7.071067811865E-1,7.071067811865E-1));
#6654=VECTOR('',#6653,3.111269837221E0);
#6655=CARTESIAN_POINT('',(-3.4E1,-3.8E1,1.8E1));
#6656=LINE('',#6655,#6654);
#6657=DIRECTION('',(0.E0,7.071067811865E-1,-7.071067811865E-1));
#6658=VECTOR('',#6657,3.394112549695E0);
#6659=CARTESIAN_POINT('',(-3.4E1,-3.58E1,2.02E1));
#6660=LINE('',#6659,#6658);
#6661=DIRECTION('',(0.E0,0.E0,1.E0));
#6662=VECTOR('',#6661,2.E0);
#6663=CARTESIAN_POINT('',(-3.4E1,-3.34E1,1.78E1));
#6664=LINE('',#6663,#6662);
#6665=DIRECTION('',(0.E0,-7.071067811866E-1,7.071067811865E-1));
#6666=VECTOR('',#6665,3.394112549695E0);
#6667=CARTESIAN_POINT('',(-3.4E1,-3.34E1,1.98E1));
#6668=LINE('',#6667,#6666);
#6669=DIRECTION('',(0.E0,-7.071067811865E-1,-7.071067811865E-1));
#6670=VECTOR('',#6669,3.111269837221E0);
#6671=CARTESIAN_POINT('',(-3.4E1,-3.58E1,2.22E1));
#6672=LINE('',#6671,#6670);
#6673=DIRECTION('',(1.E0,0.E0,0.E0));
#6674=VECTOR('',#6673,2.2E1);
#6675=CARTESIAN_POINT('',(-3.1E1,-3.8E1,1.8E1));
#6676=LINE('',#6675,#6674);
#6677=DIRECTION('',(0.E0,1.E0,0.E0));
#6678=VECTOR('',#6677,2.E0);
#6679=CARTESIAN_POINT('',(-3.1E1,-4.E1,1.8E1));
#6680=LINE('',#6679,#6678);
#6681=DIRECTION('',(0.E0,1.E0,0.E0));
#6682=VECTOR('',#6681,2.E0);
#6683=CARTESIAN_POINT('',(-3.1E1,-4.E1,1.6E1));
#6684=LINE('',#6683,#6682);
#6685=DIRECTION('',(1.E0,0.E0,0.E0));
#6686=VECTOR('',#6685,2.2E1);
#6687=CARTESIAN_POINT('',(-3.1E1,-3.8E1,1.6E1));
#6688=LINE('',#6687,#6686);
#6689=DIRECTION('',(0.E0,1.E0,0.E0));
#6690=VECTOR('',#6689,2.E0);
#6691=CARTESIAN_POINT('',(-9.E0,-4.E1,1.6E1));
#6692=LINE('',#6691,#6690);
#6693=DIRECTION('',(1.E0,0.E0,0.E0));
#6694=VECTOR('',#6693,2.8E1);
#6695=CARTESIAN_POINT('',(-3.4E1,-3.58E1,1.82E1));
#6696=LINE('',#6695,#6694);
#6697=DIRECTION('',(0.E0,7.071067811865E-1,7.071067811865E-1));
#6698=VECTOR('',#6697,3.111269837221E0);
#6699=CARTESIAN_POINT('',(-3.4E1,-3.8E1,1.4E1));
#6700=LINE('',#6699,#6698);
#6701=DIRECTION('',(0.E0,7.071067811865E-1,-7.071067811865E-1));
#6702=VECTOR('',#6701,3.394112549695E0);
#6703=CARTESIAN_POINT('',(-3.4E1,-3.58E1,1.62E1));
#6704=LINE('',#6703,#6702);
#6705=DIRECTION('',(0.E0,0.E0,1.E0));
#6706=VECTOR('',#6705,2.E0);
#6707=CARTESIAN_POINT('',(-3.4E1,-3.34E1,1.38E1));
#6708=LINE('',#6707,#6706);
#6709=DIRECTION('',(0.E0,-7.071067811865E-1,7.071067811865E-1));
#6710=VECTOR('',#6709,3.394112549695E0);
#6711=CARTESIAN_POINT('',(-3.4E1,-3.34E1,1.58E1));
#6712=LINE('',#6711,#6710);
#6713=DIRECTION('',(0.E0,-7.071067811865E-1,-7.071067811865E-1));
#6714=VECTOR('',#6713,3.111269837221E0);
#6715=CARTESIAN_POINT('',(-3.4E1,-3.58E1,1.82E1));
#6716=LINE('',#6715,#6714);
#6717=DIRECTION('',(1.E0,0.E0,0.E0));
#6718=VECTOR('',#6717,2.2E1);
#6719=CARTESIAN_POINT('',(-3.1E1,-3.8E1,1.4E1));
#6720=LINE('',#6719,#6718);
#6721=DIRECTION('',(0.E0,1.E0,0.E0));
#6722=VECTOR('',#6721,2.E0);
#6723=CARTESIAN_POINT('',(-3.1E1,-4.E1,1.4E1));
#6724=LINE('',#6723,#6722);
#6725=DIRECTION('',(0.E0,1.E0,0.E0));
#6726=VECTOR('',#6725,2.E0);
#6727=CARTESIAN_POINT('',(-3.1E1,-4.E1,1.2E1));
#6728=LINE('',#6727,#6726);
#6729=DIRECTION('',(1.E0,0.E0,0.E0));
#6730=VECTOR('',#6729,2.2E1);
#6731=CARTESIAN_POINT('',(-3.1E1,-3.8E1,1.2E1));
#6732=LINE('',#6731,#6730);
#6733=DIRECTION('',(0.E0,1.E0,0.E0));
#6734=VECTOR('',#6733,2.E0);
#6735=CARTESIAN_POINT('',(-9.E0,-4.E1,1.2E1));
#6736=LINE('',#6735,#6734);
#6737=DIRECTION('',(1.E0,0.E0,0.E0));
#6738=VECTOR('',#6737,2.8E1);
#6739=CARTESIAN_POINT('',(-3.4E1,-3.58E1,1.42E1));
#6740=LINE('',#6739,#6738);
#6741=DIRECTION('',(0.E0,7.071067811865E-1,7.071067811865E-1));
#6742=VECTOR('',#6741,3.111269837221E0);
#6743=CARTESIAN_POINT('',(-3.4E1,-3.8E1,1.E1));
#6744=LINE('',#6743,#6742);
#6745=DIRECTION('',(0.E0,7.071067811865E-1,-7.071067811865E-1));
#6746=VECTOR('',#6745,3.394112549695E0);
#6747=CARTESIAN_POINT('',(-3.4E1,-3.58E1,1.22E1));
#6748=LINE('',#6747,#6746);
#6749=DIRECTION('',(0.E0,0.E0,1.E0));
#6750=VECTOR('',#6749,2.E0);
#6751=CARTESIAN_POINT('',(-3.4E1,-3.34E1,9.8E0));
#6752=LINE('',#6751,#6750);
#6753=DIRECTION('',(0.E0,-7.071067811865E-1,7.071067811865E-1));
#6754=VECTOR('',#6753,3.394112549695E0);
#6755=CARTESIAN_POINT('',(-3.4E1,-3.34E1,1.18E1));
#6756=LINE('',#6755,#6754);
#6757=DIRECTION('',(0.E0,-7.071067811865E-1,-7.071067811865E-1));
#6758=VECTOR('',#6757,3.111269837221E0);
#6759=CARTESIAN_POINT('',(-3.4E1,-3.58E1,1.42E1));
#6760=LINE('',#6759,#6758);
#6761=DIRECTION('',(1.E0,0.E0,0.E0));
#6762=VECTOR('',#6761,2.2E1);
#6763=CARTESIAN_POINT('',(-3.1E1,-3.8E1,1.E1));
#6764=LINE('',#6763,#6762);
#6765=DIRECTION('',(0.E0,1.E0,0.E0));
#6766=VECTOR('',#6765,2.E0);
#6767=CARTESIAN_POINT('',(-3.1E1,-4.E1,1.E1));
#6768=LINE('',#6767,#6766);
#6769=DIRECTION('',(0.E0,1.E0,0.E0));
#6770=VECTOR('',#6769,2.E0);
#6771=CARTESIAN_POINT('',(-3.1E1,-4.E1,8.E0));
#6772=LINE('',#6771,#6770);
#6773=DIRECTION('',(1.E0,0.E0,0.E0));
#6774=VECTOR('',#6773,2.2E1);
#6775=CARTESIAN_POINT('',(-3.1E1,-3.8E1,8.E0));
#6776=LINE('',#6775,#6774);
#6777=DIRECTION('',(0.E0,1.E0,0.E0));
#6778=VECTOR('',#6777,2.E0);
#6779=CARTESIAN_POINT('',(-9.E0,-4.E1,8.E0));
#6780=LINE('',#6779,#6778);
#6781=DIRECTION('',(1.E0,0.E0,0.E0));
#6782=VECTOR('',#6781,2.8E1);
#6783=CARTESIAN_POINT('',(-3.4E1,-3.58E1,1.02E1));
#6784=LINE('',#6783,#6782);
#6785=DIRECTION('',(0.E0,7.071067811865E-1,7.071067811865E-1));
#6786=VECTOR('',#6785,3.111269837221E0);
#6787=CARTESIAN_POINT('',(-3.4E1,-3.8E1,6.E0));
#6788=LINE('',#6787,#6786);
#6789=DIRECTION('',(0.E0,7.071067811865E-1,-7.071067811865E-1));
#6790=VECTOR('',#6789,3.394112549695E0);
#6791=CARTESIAN_POINT('',(-3.4E1,-3.58E1,8.2E0));
#6792=LINE('',#6791,#6790);
#6793=DIRECTION('',(0.E0,0.E0,1.E0));
#6794=VECTOR('',#6793,2.E0);
#6795=CARTESIAN_POINT('',(-3.4E1,-3.34E1,5.8E0));
#6796=LINE('',#6795,#6794);
#6797=DIRECTION('',(0.E0,-7.071067811865E-1,7.071067811865E-1));
#6798=VECTOR('',#6797,3.394112549695E0);
#6799=CARTESIAN_POINT('',(-3.4E1,-3.34E1,7.8E0));
#6800=LINE('',#6799,#6798);
#6801=DIRECTION('',(0.E0,-7.071067811865E-1,-7.071067811865E-1));
#6802=VECTOR('',#6801,3.111269837221E0);
#6803=CARTESIAN_POINT('',(-3.4E1,-3.58E1,1.02E1));
#6804=LINE('',#6803,#6802);
#6805=DIRECTION('',(0.E0,-7.071067811865E-1,-7.071067811865E-1));
#6806=VECTOR('',#6805,3.111269837221E0);
#6807=CARTESIAN_POINT('',(-6.E0,-3.58E1,1.02E1));
#6808=LINE('',#6807,#6806);
#6809=DIRECTION('',(0.E0,-7.071067811866E-1,7.071067811865E-1));
#6810=VECTOR('',#6809,3.394112549695E0);
#6811=CARTESIAN_POINT('',(-6.E0,-3.34E1,7.8E0));
#6812=LINE('',#6811,#6810);
#6813=DIRECTION('',(0.E0,0.E0,1.E0));
#6814=VECTOR('',#6813,2.E0);
#6815=CARTESIAN_POINT('',(-6.E0,-3.34E1,5.8E0));
#6816=LINE('',#6815,#6814);
#6817=DIRECTION('',(0.E0,7.071067811865E-1,-7.071067811865E-1));
#6818=VECTOR('',#6817,3.394112549695E0);
#6819=CARTESIAN_POINT('',(-6.E0,-3.58E1,8.2E0));
#6820=LINE('',#6819,#6818);
#6821=DIRECTION('',(0.E0,7.071067811865E-1,7.071067811865E-1));
#6822=VECTOR('',#6821,3.111269837221E0);
#6823=CARTESIAN_POINT('',(-6.E0,-3.8E1,6.E0));
#6824=LINE('',#6823,#6822);
#6825=DIRECTION('',(1.E0,0.E0,0.E0));
#6826=VECTOR('',#6825,2.8E1);
#6827=CARTESIAN_POINT('',(-3.4E1,-3.34E1,7.8E0));
#6828=LINE('',#6827,#6826);
#6829=DIRECTION('',(1.E0,0.E0,0.E0));
#6830=VECTOR('',#6829,2.8E1);
#6831=CARTESIAN_POINT('',(-3.4E1,-3.34E1,5.8E0));
#6832=LINE('',#6831,#6830);
#6833=DIRECTION('',(1.E0,0.E0,0.E0));
#6834=VECTOR('',#6833,2.8E1);
#6835=CARTESIAN_POINT('',(-3.4E1,-3.58E1,8.2E0));
#6836=LINE('',#6835,#6834);
#6837=DIRECTION('',(0.E0,1.E0,0.E0));
#6838=VECTOR('',#6837,2.E0);
#6839=CARTESIAN_POINT('',(-9.E0,-4.E1,1.E1));
#6840=LINE('',#6839,#6838);
#6841=DIRECTION('',(0.E0,-7.071067811865E-1,-7.071067811865E-1));
#6842=VECTOR('',#6841,3.111269837221E0);
#6843=CARTESIAN_POINT('',(-6.E0,-3.58E1,1.42E1));
#6844=LINE('',#6843,#6842);
#6845=DIRECTION('',(0.E0,-7.071067811866E-1,7.071067811865E-1));
#6846=VECTOR('',#6845,3.394112549695E0);
#6847=CARTESIAN_POINT('',(-6.E0,-3.34E1,1.18E1));
#6848=LINE('',#6847,#6846);
#6849=DIRECTION('',(0.E0,0.E0,1.E0));
#6850=VECTOR('',#6849,2.E0);
#6851=CARTESIAN_POINT('',(-6.E0,-3.34E1,9.8E0));
#6852=LINE('',#6851,#6850);
#6853=DIRECTION('',(0.E0,7.071067811865E-1,-7.071067811865E-1));
#6854=VECTOR('',#6853,3.394112549695E0);
#6855=CARTESIAN_POINT('',(-6.E0,-3.58E1,1.22E1));
#6856=LINE('',#6855,#6854);
#6857=DIRECTION('',(0.E0,7.071067811865E-1,7.071067811865E-1));
#6858=VECTOR('',#6857,3.111269837221E0);
#6859=CARTESIAN_POINT('',(-6.E0,-3.8E1,1.E1));
#6860=LINE('',#6859,#6858);
#6861=DIRECTION('',(1.E0,0.E0,0.E0));
#6862=VECTOR('',#6861,2.8E1);
#6863=CARTESIAN_POINT('',(-3.4E1,-3.34E1,1.18E1));
#6864=LINE('',#6863,#6862);
#6865=DIRECTION('',(1.E0,0.E0,0.E0));
#6866=VECTOR('',#6865,2.8E1);
#6867=CARTESIAN_POINT('',(-3.4E1,-3.34E1,9.8E0));
#6868=LINE('',#6867,#6866);
#6869=DIRECTION('',(1.E0,0.E0,0.E0));
#6870=VECTOR('',#6869,2.8E1);
#6871=CARTESIAN_POINT('',(-3.4E1,-3.58E1,1.22E1));
#6872=LINE('',#6871,#6870);
#6873=DIRECTION('',(0.E0,1.E0,0.E0));
#6874=VECTOR('',#6873,2.E0);
#6875=CARTESIAN_POINT('',(-9.E0,-4.E1,1.4E1));
#6876=LINE('',#6875,#6874);
#6877=DIRECTION('',(0.E0,-7.071067811865E-1,-7.071067811865E-1));
#6878=VECTOR('',#6877,3.111269837221E0);
#6879=CARTESIAN_POINT('',(-6.E0,-3.58E1,1.82E1));
#6880=LINE('',#6879,#6878);
#6881=DIRECTION('',(0.E0,-7.071067811866E-1,7.071067811865E-1));
#6882=VECTOR('',#6881,3.394112549695E0);
#6883=CARTESIAN_POINT('',(-6.E0,-3.34E1,1.58E1));
#6884=LINE('',#6883,#6882);
#6885=DIRECTION('',(0.E0,0.E0,1.E0));
#6886=VECTOR('',#6885,2.E0);
#6887=CARTESIAN_POINT('',(-6.E0,-3.34E1,1.38E1));
#6888=LINE('',#6887,#6886);
#6889=DIRECTION('',(0.E0,7.071067811865E-1,-7.071067811865E-1));
#6890=VECTOR('',#6889,3.394112549695E0);
#6891=CARTESIAN_POINT('',(-6.E0,-3.58E1,1.62E1));
#6892=LINE('',#6891,#6890);
#6893=DIRECTION('',(0.E0,7.071067811865E-1,7.071067811865E-1));
#6894=VECTOR('',#6893,3.111269837221E0);
#6895=CARTESIAN_POINT('',(-6.E0,-3.8E1,1.4E1));
#6896=LINE('',#6895,#6894);
#6897=DIRECTION('',(1.E0,0.E0,0.E0));
#6898=VECTOR('',#6897,2.8E1);
#6899=CARTESIAN_POINT('',(-3.4E1,-3.34E1,1.58E1));
#6900=LINE('',#6899,#6898);
#6901=DIRECTION('',(1.E0,0.E0,0.E0));
#6902=VECTOR('',#6901,2.8E1);
#6903=CARTESIAN_POINT('',(-3.4E1,-3.34E1,1.38E1));
#6904=LINE('',#6903,#6902);
#6905=DIRECTION('',(1.E0,0.E0,0.E0));
#6906=VECTOR('',#6905,2.8E1);
#6907=CARTESIAN_POINT('',(-3.4E1,-3.58E1,1.62E1));
#6908=LINE('',#6907,#6906);
#6909=DIRECTION('',(0.E0,1.E0,0.E0));
#6910=VECTOR('',#6909,2.E0);
#6911=CARTESIAN_POINT('',(-9.E0,-4.E1,1.8E1));
#6912=LINE('',#6911,#6910);
#6913=DIRECTION('',(0.E0,-7.071067811865E-1,-7.071067811865E-1));
#6914=VECTOR('',#6913,3.111269837221E0);
#6915=CARTESIAN_POINT('',(-6.E0,-3.58E1,2.22E1));
#6916=LINE('',#6915,#6914);
#6917=DIRECTION('',(0.E0,-7.071067811866E-1,7.071067811865E-1));
#6918=VECTOR('',#6917,3.394112549695E0);
#6919=CARTESIAN_POINT('',(-6.E0,-3.34E1,1.98E1));
#6920=LINE('',#6919,#6918);
#6921=DIRECTION('',(0.E0,0.E0,1.E0));
#6922=VECTOR('',#6921,2.E0);
#6923=CARTESIAN_POINT('',(-6.E0,-3.34E1,1.78E1));
#6924=LINE('',#6923,#6922);
#6925=DIRECTION('',(0.E0,7.071067811865E-1,-7.071067811865E-1));
#6926=VECTOR('',#6925,3.394112549695E0);
#6927=CARTESIAN_POINT('',(-6.E0,-3.58E1,2.02E1));
#6928=LINE('',#6927,#6926);
#6929=DIRECTION('',(0.E0,7.071067811865E-1,7.071067811865E-1));
#6930=VECTOR('',#6929,3.111269837221E0);
#6931=CARTESIAN_POINT('',(-6.E0,-3.8E1,1.8E1));
#6932=LINE('',#6931,#6930);
#6933=DIRECTION('',(1.E0,0.E0,0.E0));
#6934=VECTOR('',#6933,2.8E1);
#6935=CARTESIAN_POINT('',(-3.4E1,-3.34E1,1.98E1));
#6936=LINE('',#6935,#6934);
#6937=DIRECTION('',(1.E0,0.E0,0.E0));
#6938=VECTOR('',#6937,2.8E1);
#6939=CARTESIAN_POINT('',(-3.4E1,-3.34E1,1.78E1));
#6940=LINE('',#6939,#6938);
#6941=DIRECTION('',(1.E0,0.E0,0.E0));
#6942=VECTOR('',#6941,2.8E1);
#6943=CARTESIAN_POINT('',(-3.4E1,-3.58E1,2.02E1));
#6944=LINE('',#6943,#6942);
#6945=DIRECTION('',(0.E0,1.E0,0.E0));
#6946=VECTOR('',#6945,2.E0);
#6947=CARTESIAN_POINT('',(-9.E0,-4.E1,2.2E1));
#6948=LINE('',#6947,#6946);
#6949=DIRECTION('',(0.E0,-7.071067811865E-1,-7.071067811865E-1));
#6950=VECTOR('',#6949,3.111269837221E0);
#6951=CARTESIAN_POINT('',(-6.E0,-3.58E1,2.62E1));
#6952=LINE('',#6951,#6950);
#6953=DIRECTION('',(0.E0,-7.071067811866E-1,7.071067811865E-1));
#6954=VECTOR('',#6953,3.394112549695E0);
#6955=CARTESIAN_POINT('',(-6.E0,-3.34E1,2.38E1));
#6956=LINE('',#6955,#6954);
#6957=DIRECTION('',(0.E0,0.E0,1.E0));
#6958=VECTOR('',#6957,2.E0);
#6959=CARTESIAN_POINT('',(-6.E0,-3.34E1,2.18E1));
#6960=LINE('',#6959,#6958);
#6961=DIRECTION('',(0.E0,7.071067811865E-1,-7.071067811865E-1));
#6962=VECTOR('',#6961,3.394112549695E0);
#6963=CARTESIAN_POINT('',(-6.E0,-3.58E1,2.42E1));
#6964=LINE('',#6963,#6962);
#6965=DIRECTION('',(0.E0,7.071067811865E-1,7.071067811865E-1));
#6966=VECTOR('',#6965,3.111269837221E0);
#6967=CARTESIAN_POINT('',(-6.E0,-3.8E1,2.2E1));
#6968=LINE('',#6967,#6966);
#6969=DIRECTION('',(1.E0,0.E0,0.E0));
#6970=VECTOR('',#6969,2.8E1);
#6971=CARTESIAN_POINT('',(-3.4E1,-3.34E1,2.38E1));
#6972=LINE('',#6971,#6970);
#6973=DIRECTION('',(1.E0,0.E0,0.E0));
#6974=VECTOR('',#6973,2.8E1);
#6975=CARTESIAN_POINT('',(-3.4E1,-3.34E1,2.18E1));
#6976=LINE('',#6975,#6974);
#6977=DIRECTION('',(1.E0,0.E0,0.E0));
#6978=VECTOR('',#6977,2.8E1);
#6979=CARTESIAN_POINT('',(-3.4E1,-3.58E1,2.42E1));
#6980=LINE('',#6979,#6978);
#6981=DIRECTION('',(0.E0,-7.071067811865E-1,-7.071067811865E-1));
#6982=VECTOR('',#6981,3.111269837221E0);
#6983=CARTESIAN_POINT('',(-6.E0,-3.58E1,3.42E1));
#6984=LINE('',#6983,#6982);
#6985=DIRECTION('',(0.E0,-7.071067811866E-1,7.071067811865E-1));
#6986=VECTOR('',#6985,3.394112549695E0);
#6987=CARTESIAN_POINT('',(-6.E0,-3.34E1,3.18E1));
#6988=LINE('',#6987,#6986);
#6989=DIRECTION('',(0.E0,0.E0,1.E0));
#6990=VECTOR('',#6989,2.E0);
#6991=CARTESIAN_POINT('',(-6.E0,-3.34E1,2.98E1));
#6992=LINE('',#6991,#6990);
#6993=DIRECTION('',(0.E0,7.071067811865E-1,-7.071067811865E-1));
#6994=VECTOR('',#6993,3.394112549695E0);
#6995=CARTESIAN_POINT('',(-6.E0,-3.58E1,3.22E1));
#6996=LINE('',#6995,#6994);
#6997=DIRECTION('',(0.E0,7.071067811866E-1,7.071067811865E-1));
#6998=VECTOR('',#6997,3.111269837221E0);
#6999=CARTESIAN_POINT('',(-6.E0,-3.8E1,3.E1));
#7000=LINE('',#6999,#6998);
#7001=DIRECTION('',(1.E0,0.E0,0.E0));
#7002=VECTOR('',#7001,2.8E1);
#7003=CARTESIAN_POINT('',(-3.4E1,-3.34E1,3.18E1));
#7004=LINE('',#7003,#7002);
#7005=DIRECTION('',(1.E0,0.E0,0.E0));
#7006=VECTOR('',#7005,2.8E1);
#7007=CARTESIAN_POINT('',(-3.4E1,-3.34E1,2.98E1));
#7008=LINE('',#7007,#7006);
#7009=DIRECTION('',(1.E0,0.E0,0.E0));
#7010=VECTOR('',#7009,2.8E1);
#7011=CARTESIAN_POINT('',(-3.4E1,-3.58E1,3.22E1));
#7012=LINE('',#7011,#7010);
#7013=DIRECTION('',(0.E0,1.E0,0.E0));
#7014=VECTOR('',#7013,1.9E1);
#7015=CARTESIAN_POINT('',(-4.01E1,-3.8E1,1.4E1));
#7016=LINE('',#7015,#7014);
#7017=DIRECTION('',(-1.E0,0.E0,0.E0));
#7018=VECTOR('',#7017,1.E0);
#7019=CARTESIAN_POINT('',(-4.01E1,-1.9E1,1.4E1));
#7020=LINE('',#7019,#7018);
#7021=DIRECTION('',(-5.E-1,-8.660254037844E-1,0.E0));
#7022=VECTOR('',#7021,4.740692158993E0);
#7023=CARTESIAN_POINT('',(-4.11E1,-1.9E1,1.4E1));
#7024=LINE('',#7023,#7022);
#7025=CARTESIAN_POINT('',(-4.303733337760E1,-2.335555984121E1,1.4E1));
#7026=DIRECTION('',(0.E0,0.E0,1.E0));
#7027=DIRECTION('',(-8.660254037844E-1,5.E-1,0.E0));
#7028=AXIS2_PLACEMENT_3D('',#7025,#7026,#7027);
#7030=DIRECTION('',(7.071067811865E-1,-7.071067811865E-1,0.E0));
#7031=VECTOR('',#7030,2.386249746853E0);
#7032=CARTESIAN_POINT('',(-4.339088676820E1,-2.370911323180E1,1.4E1));
#7033=LINE('',#7032,#7031);
#7034=CARTESIAN_POINT('',(-4.195355339059E1,-2.564644660941E1,1.4E1));
#7035=DIRECTION('',(0.E0,0.E0,-1.E0));
#7036=DIRECTION('',(7.071067811865E-1,7.071067811865E-1,0.E0));
#7037=AXIS2_PLACEMENT_3D('',#7034,#7035,#7036);
#7039=DIRECTION('',(-1.E0,0.E0,0.E0));
#7040=VECTOR('',#7039,2.146446609407E0);
#7041=CARTESIAN_POINT('',(-4.195355339059E1,-2.6E1,1.4E1));
#7042=LINE('',#7041,#7040);
#7043=DIRECTION('',(0.E0,-1.E0,0.E0));
#7044=VECTOR('',#7043,2.E0);
#7045=CARTESIAN_POINT('',(-4.41E1,-2.6E1,1.4E1));
#7046=LINE('',#7045,#7044);
#7047=DIRECTION('',(7.071067811865E-1,-7.071067811866E-1,0.E0));
#7048=VECTOR('',#7047,1.065232271865E0);
#7049=CARTESIAN_POINT('',(-4.41E1,-2.8E1,1.4E1));
#7050=LINE('',#7049,#7048);
#7051=CARTESIAN_POINT('',(-4.546808738059E1,-3.087455330653E1,1.4E1));
#7052=DIRECTION('',(0.E0,0.E0,-1.E0));
#7053=DIRECTION('',(7.071067811865E-1,7.071067811865E-1,0.E0));
#7054=AXIS2_PLACEMENT_3D('',#7051,#7052,#7053);
#7056=DIRECTION('',(0.E0,-1.E0,0.E0));
#7057=VECTOR('',#7056,1.254466934659E-1);
#7058=CARTESIAN_POINT('',(-4.246808738059E1,-3.087455330653E1,1.4E1));
#7059=LINE('',#7058,#7057);
#7060=CARTESIAN_POINT('',(-4.946808738059E1,-3.1E1,1.4E1));
#7061=DIRECTION('',(0.E0,0.E0,-1.E0));
#7062=DIRECTION('',(1.E0,0.E0,0.E0));
#7063=AXIS2_PLACEMENT_3D('',#7060,#7061,#7062);
#7065=CARTESIAN_POINT('',(-4.946808738059E1,-3.1E1,2.2E1));
#7066=DIRECTION('',(0.E0,0.E0,-1.E0));
#7067=DIRECTION('',(1.E0,0.E0,0.E0));
#7068=AXIS2_PLACEMENT_3D('',#7065,#7066,#7067);
#7070=DIRECTION('',(0.E0,-1.E0,0.E0));
#7071=VECTOR('',#7070,1.254466934659E-1);
#7072=CARTESIAN_POINT('',(-4.246808738059E1,-3.087455330653E1,2.2E1));
#7073=LINE('',#7072,#7071);
#7074=CARTESIAN_POINT('',(-4.546808738059E1,-3.087455330653E1,2.2E1));
#7075=DIRECTION('',(0.E0,0.E0,-1.E0));
#7076=DIRECTION('',(7.071067811865E-1,7.071067811865E-1,0.E0));
#7077=AXIS2_PLACEMENT_3D('',#7074,#7075,#7076);
#7079=DIRECTION('',(7.071067811865E-1,-7.071067811865E-1,0.E0));
#7080=VECTOR('',#7079,1.065232271865E0);
#7081=CARTESIAN_POINT('',(-4.41E1,-2.8E1,2.2E1));
#7082=LINE('',#7081,#7080);
#7083=DIRECTION('',(0.E0,-1.E0,0.E0));
#7084=VECTOR('',#7083,2.E0);
#7085=CARTESIAN_POINT('',(-4.41E1,-2.6E1,2.2E1));
#7086=LINE('',#7085,#7084);
#7087=DIRECTION('',(-1.E0,0.E0,0.E0));
#7088=VECTOR('',#7087,2.146446609407E0);
#7089=CARTESIAN_POINT('',(-4.195355339059E1,-2.6E1,2.2E1));
#7090=LINE('',#7089,#7088);
#7091=CARTESIAN_POINT('',(-4.195355339059E1,-2.564644660941E1,2.2E1));
#7092=DIRECTION('',(0.E0,0.E0,-1.E0));
#7093=DIRECTION('',(7.071067811865E-1,7.071067811865E-1,0.E0));
#7094=AXIS2_PLACEMENT_3D('',#7091,#7092,#7093);
#7096=DIRECTION('',(7.071067811865E-1,-7.071067811865E-1,0.E0));
#7097=VECTOR('',#7096,2.386249746853E0);
#7098=CARTESIAN_POINT('',(-4.339088676820E1,-2.370911323180E1,2.2E1));
#7099=LINE('',#7098,#7097);
#7100=CARTESIAN_POINT('',(-4.303733337760E1,-2.335555984121E1,2.2E1));
#7101=DIRECTION('',(0.E0,0.E0,1.E0));
#7102=DIRECTION('',(-8.660254037844E-1,5.E-1,0.E0));
#7103=AXIS2_PLACEMENT_3D('',#7100,#7101,#7102);
#7105=DIRECTION('',(-5.E-1,-8.660254037844E-1,0.E0));
#7106=VECTOR('',#7105,4.740692158993E0);
#7107=CARTESIAN_POINT('',(-4.11E1,-1.9E1,2.2E1));
#7108=LINE('',#7107,#7106);
#7109=DIRECTION('',(-1.E0,0.E0,0.E0));
#7110=VECTOR('',#7109,1.E0);
#7111=CARTESIAN_POINT('',(-4.01E1,-1.9E1,2.2E1));
#7112=LINE('',#7111,#7110);
#7113=DIRECTION('',(0.E0,1.E0,0.E0));
#7114=VECTOR('',#7113,1.9E1);
#7115=CARTESIAN_POINT('',(-4.01E1,-3.8E1,2.2E1));
#7116=LINE('',#7115,#7114);
#7117=DIRECTION('',(0.E0,0.E0,1.E0));
#7118=VECTOR('',#7117,8.E0);
#7119=CARTESIAN_POINT('',(-4.246808738059E1,-3.1E1,1.4E1));
#7120=LINE('',#7119,#7118);
#7121=DIRECTION('',(0.E0,0.E0,1.E0));
#7122=VECTOR('',#7121,8.E0);
#7123=CARTESIAN_POINT('',(-4.246808738059E1,-3.087455330653E1,1.4E1));
#7124=LINE('',#7123,#7122);
#7125=DIRECTION('',(0.E0,0.E0,1.E0));
#7126=VECTOR('',#7125,8.E0);
#7127=CARTESIAN_POINT('',(-4.334676703703E1,-2.875323296297E1,1.4E1));
#7128=LINE('',#7127,#7126);
#7129=DIRECTION('',(0.E0,0.E0,1.E0));
#7130=VECTOR('',#7129,8.E0);
#7131=CARTESIAN_POINT('',(-4.41E1,-2.8E1,1.4E1));
#7132=LINE('',#7131,#7130);
#7133=DIRECTION('',(0.E0,0.E0,1.E0));
#7134=VECTOR('',#7133,8.E0);
#7135=CARTESIAN_POINT('',(-4.41E1,-2.6E1,1.4E1));
#7136=LINE('',#7135,#7134);
#7137=DIRECTION('',(0.E0,0.E0,1.E0));
#7138=VECTOR('',#7137,8.E0);
#7139=CARTESIAN_POINT('',(-4.195355339059E1,-2.6E1,1.4E1));
#7140=LINE('',#7139,#7138);
#7141=DIRECTION('',(0.E0,0.E0,1.E0));
#7142=VECTOR('',#7141,8.E0);
#7143=CARTESIAN_POINT('',(-4.170355339059E1,-2.539644660941E1,1.4E1));
#7144=LINE('',#7143,#7142);
#7145=DIRECTION('',(0.E0,0.E0,1.E0));
#7146=VECTOR('',#7145,8.E0);
#7147=CARTESIAN_POINT('',(-4.339088676820E1,-2.370911323180E1,1.4E1));
#7148=LINE('',#7147,#7146);
#7149=DIRECTION('',(0.E0,0.E0,1.E0));
#7150=VECTOR('',#7149,8.E0);
#7151=CARTESIAN_POINT('',(-4.347034607950E1,-2.310555984121E1,1.4E1));
#7152=LINE('',#7151,#7150);
#7153=DIRECTION('',(0.E0,0.E0,1.E0));
#7154=VECTOR('',#7153,8.E0);
#7155=CARTESIAN_POINT('',(-4.11E1,-1.9E1,1.4E1));
#7156=LINE('',#7155,#7154);
#7157=DIRECTION('',(0.E0,0.E0,1.E0));
#7158=VECTOR('',#7157,8.E0);
#7159=CARTESIAN_POINT('',(-4.01E1,-1.9E1,1.4E1));
#7160=LINE('',#7159,#7158);
#7161=DIRECTION('',(0.E0,1.E0,0.E0));
#7162=VECTOR('',#7161,1.9E1);
#7163=CARTESIAN_POINT('',(-4.01E1,-3.8E1,6.9E1));
#7164=LINE('',#7163,#7162);
#7165=DIRECTION('',(-1.E0,0.E0,0.E0));
#7166=VECTOR('',#7165,1.E0);
#7167=CARTESIAN_POINT('',(-4.01E1,-1.9E1,6.9E1));
#7168=LINE('',#7167,#7166);
#7169=DIRECTION('',(-5.E-1,-8.660254037844E-1,0.E0));
#7170=VECTOR('',#7169,4.740692158993E0);
#7171=CARTESIAN_POINT('',(-4.11E1,-1.9E1,6.9E1));
#7172=LINE('',#7171,#7170);
#7173=CARTESIAN_POINT('',(-4.303733337760E1,-2.335555984121E1,6.9E1));
#7174=DIRECTION('',(0.E0,0.E0,1.E0));
#7175=DIRECTION('',(-8.660254037844E-1,5.E-1,0.E0));
#7176=AXIS2_PLACEMENT_3D('',#7173,#7174,#7175);
#7178=DIRECTION('',(7.071067811865E-1,-7.071067811865E-1,0.E0));
#7179=VECTOR('',#7178,2.386249746853E0);
#7180=CARTESIAN_POINT('',(-4.339088676820E1,-2.370911323180E1,6.9E1));
#7181=LINE('',#7180,#7179);
#7182=CARTESIAN_POINT('',(-4.195355339059E1,-2.564644660941E1,6.9E1));
#7183=DIRECTION('',(0.E0,0.E0,-1.E0));
#7184=DIRECTION('',(7.071067811865E-1,7.071067811865E-1,0.E0));
#7185=AXIS2_PLACEMENT_3D('',#7182,#7183,#7184);
#7187=DIRECTION('',(-1.E0,0.E0,0.E0));
#7188=VECTOR('',#7187,2.146446609407E0);
#7189=CARTESIAN_POINT('',(-4.195355339059E1,-2.6E1,6.9E1));
#7190=LINE('',#7189,#7188);
#7191=DIRECTION('',(0.E0,-1.E0,0.E0));
#7192=VECTOR('',#7191,2.E0);
#7193=CARTESIAN_POINT('',(-4.41E1,-2.6E1,6.9E1));
#7194=LINE('',#7193,#7192);
#7195=DIRECTION('',(7.071067811865E-1,-7.071067811866E-1,0.E0));
#7196=VECTOR('',#7195,1.065232271865E0);
#7197=CARTESIAN_POINT('',(-4.41E1,-2.8E1,6.9E1));
#7198=LINE('',#7197,#7196);
#7199=CARTESIAN_POINT('',(-4.546808738059E1,-3.087455330653E1,6.9E1));
#7200=DIRECTION('',(0.E0,0.E0,-1.E0));
#7201=DIRECTION('',(7.071067811865E-1,7.071067811865E-1,0.E0));
#7202=AXIS2_PLACEMENT_3D('',#7199,#7200,#7201);
#7204=DIRECTION('',(0.E0,-1.E0,0.E0));
#7205=VECTOR('',#7204,1.254466934659E-1);
#7206=CARTESIAN_POINT('',(-4.246808738059E1,-3.087455330653E1,6.9E1));
#7207=LINE('',#7206,#7205);
#7208=CARTESIAN_POINT('',(-4.946808738059E1,-3.1E1,6.9E1));
#7209=DIRECTION('',(0.E0,0.E0,-1.E0));
#7210=DIRECTION('',(1.E0,0.E0,0.E0));
#7211=AXIS2_PLACEMENT_3D('',#7208,#7209,#7210);
#7213=CARTESIAN_POINT('',(-4.946808738059E1,-3.1E1,7.7E1));
#7214=DIRECTION('',(0.E0,0.E0,-1.E0));
#7215=DIRECTION('',(1.E0,0.E0,0.E0));
#7216=AXIS2_PLACEMENT_3D('',#7213,#7214,#7215);
#7218=DIRECTION('',(0.E0,-1.E0,0.E0));
#7219=VECTOR('',#7218,1.254466934659E-1);
#7220=CARTESIAN_POINT('',(-4.246808738059E1,-3.087455330653E1,7.7E1));
#7221=LINE('',#7220,#7219);
#7222=CARTESIAN_POINT('',(-4.546808738059E1,-3.087455330653E1,7.7E1));
#7223=DIRECTION('',(0.E0,0.E0,-1.E0));
#7224=DIRECTION('',(7.071067811865E-1,7.071067811865E-1,0.E0));
#7225=AXIS2_PLACEMENT_3D('',#7222,#7223,#7224);
#7227=DIRECTION('',(7.071067811865E-1,-7.071067811865E-1,0.E0));
#7228=VECTOR('',#7227,1.065232271865E0);
#7229=CARTESIAN_POINT('',(-4.41E1,-2.8E1,7.7E1));
#7230=LINE('',#7229,#7228);
#7231=DIRECTION('',(0.E0,-1.E0,0.E0));
#7232=VECTOR('',#7231,2.E0);
#7233=CARTESIAN_POINT('',(-4.41E1,-2.6E1,7.7E1));
#7234=LINE('',#7233,#7232);
#7235=DIRECTION('',(-1.E0,0.E0,0.E0));
#7236=VECTOR('',#7235,2.146446609407E0);
#7237=CARTESIAN_POINT('',(-4.195355339059E1,-2.6E1,7.7E1));
#7238=LINE('',#7237,#7236);
#7239=CARTESIAN_POINT('',(-4.195355339059E1,-2.564644660941E1,7.7E1));
#7240=DIRECTION('',(0.E0,0.E0,-1.E0));
#7241=DIRECTION('',(7.071067811865E-1,7.071067811865E-1,0.E0));
#7242=AXIS2_PLACEMENT_3D('',#7239,#7240,#7241);
#7244=DIRECTION('',(7.071067811865E-1,-7.071067811865E-1,0.E0));
#7245=VECTOR('',#7244,2.386249746853E0);
#7246=CARTESIAN_POINT('',(-4.339088676820E1,-2.370911323180E1,7.7E1));
#7247=LINE('',#7246,#7245);
#7248=CARTESIAN_POINT('',(-4.303733337760E1,-2.335555984121E1,7.7E1));
#7249=DIRECTION('',(0.E0,0.E0,1.E0));
#7250=DIRECTION('',(-8.660254037844E-1,5.E-1,0.E0));
#7251=AXIS2_PLACEMENT_3D('',#7248,#7249,#7250);
#7253=DIRECTION('',(-5.E-1,-8.660254037844E-1,0.E0));
#7254=VECTOR('',#7253,4.740692158993E0);
#7255=CARTESIAN_POINT('',(-4.11E1,-1.9E1,7.7E1));
#7256=LINE('',#7255,#7254);
#7257=DIRECTION('',(-1.E0,0.E0,0.E0));
#7258=VECTOR('',#7257,1.E0);
#7259=CARTESIAN_POINT('',(-4.01E1,-1.9E1,7.7E1));
#7260=LINE('',#7259,#7258);
#7261=DIRECTION('',(0.E0,1.E0,0.E0));
#7262=VECTOR('',#7261,1.9E1);
#7263=CARTESIAN_POINT('',(-4.01E1,-3.8E1,7.7E1));
#7264=LINE('',#7263,#7262);
#7265=DIRECTION('',(0.E0,0.E0,1.E0));
#7266=VECTOR('',#7265,8.E0);
#7267=CARTESIAN_POINT('',(-4.246808738059E1,-3.1E1,6.9E1));
#7268=LINE('',#7267,#7266);
#7269=DIRECTION('',(0.E0,0.E0,1.E0));
#7270=VECTOR('',#7269,8.E0);
#7271=CARTESIAN_POINT('',(-4.246808738059E1,-3.087455330653E1,6.9E1));
#7272=LINE('',#7271,#7270);
#7273=DIRECTION('',(0.E0,0.E0,1.E0));
#7274=VECTOR('',#7273,8.E0);
#7275=CARTESIAN_POINT('',(-4.334676703703E1,-2.875323296297E1,6.9E1));
#7276=LINE('',#7275,#7274);
#7277=DIRECTION('',(0.E0,0.E0,1.E0));
#7278=VECTOR('',#7277,8.E0);
#7279=CARTESIAN_POINT('',(-4.41E1,-2.8E1,6.9E1));
#7280=LINE('',#7279,#7278);
#7281=DIRECTION('',(0.E0,0.E0,1.E0));
#7282=VECTOR('',#7281,8.E0);
#7283=CARTESIAN_POINT('',(-4.41E1,-2.6E1,6.9E1));
#7284=LINE('',#7283,#7282);
#7285=DIRECTION('',(0.E0,0.E0,1.E0));
#7286=VECTOR('',#7285,8.E0);
#7287=CARTESIAN_POINT('',(-4.195355339059E1,-2.6E1,6.9E1));
#7288=LINE('',#7287,#7286);
#7289=DIRECTION('',(0.E0,0.E0,1.E0));
#7290=VECTOR('',#7289,8.E0);
#7291=CARTESIAN_POINT('',(-4.170355339059E1,-2.539644660941E1,6.9E1));
#7292=LINE('',#7291,#7290);
#7293=DIRECTION('',(0.E0,0.E0,1.E0));
#7294=VECTOR('',#7293,8.E0);
#7295=CARTESIAN_POINT('',(-4.339088676820E1,-2.370911323180E1,6.9E1));
#7296=LINE('',#7295,#7294);
#7297=DIRECTION('',(0.E0,0.E0,1.E0));
#7298=VECTOR('',#7297,8.E0);
#7299=CARTESIAN_POINT('',(-4.347034607950E1,-2.310555984121E1,6.9E1));
#7300=LINE('',#7299,#7298);
#7301=DIRECTION('',(0.E0,0.E0,1.E0));
#7302=VECTOR('',#7301,8.E0);
#7303=CARTESIAN_POINT('',(-4.11E1,-1.9E1,6.9E1));
#7304=LINE('',#7303,#7302);
#7305=DIRECTION('',(0.E0,0.E0,1.E0));
#7306=VECTOR('',#7305,8.E0);
#7307=CARTESIAN_POINT('',(-4.01E1,-1.9E1,6.9E1));
#7308=LINE('',#7307,#7306);
#7309=DIRECTION('',(-2.308032283812E-11,-1.E0,-2.300642639360E-11));
#7310=VECTOR('',#7309,3.75E0);
#7311=CARTESIAN_POINT('',(-6.051721361798E1,0.E0,8.609733057543E1));
#7312=LINE('',#7311,#7310);
#7313=DIRECTION('',(0.E0,1.E0,0.E0));
#7314=VECTOR('',#7313,3.75E0);
#7315=CARTESIAN_POINT('',(-5.739471461887E1,-3.75E0,8.609733057534E1));
#7316=LINE('',#7315,#7314);
#7317=CARTESIAN_POINT('',(-9.E1,-4.E1,9.E0));
#7318=CARTESIAN_POINT('',(-8.1E1,-4.E1,0.E0));
#7319=VERTEX_POINT('',#7317);
#7320=VERTEX_POINT('',#7318);
#7321=CARTESIAN_POINT('',(-8.1E1,-4.E1,9.E1));
#7322=CARTESIAN_POINT('',(-9.E1,-4.E1,8.1E1));
#7323=VERTEX_POINT('',#7321);
#7324=VERTEX_POINT('',#7322);
#7325=CARTESIAN_POINT('',(0.E0,-4.E1,8.1E1));
#7326=CARTESIAN_POINT('',(-9.E0,-4.E1,9.E1));
#7327=VERTEX_POINT('',#7325);
#7328=VERTEX_POINT('',#7326);
#7329=CARTESIAN_POINT('',(-9.E0,0.E0,9.E1));
#7330=VERTEX_POINT('',#7329);
#7331=CARTESIAN_POINT('',(0.E0,0.E0,8.1E1));
#7332=VERTEX_POINT('',#7331);
#7333=CARTESIAN_POINT('',(-9.E0,-4.E1,0.E0));
#7334=CARTESIAN_POINT('',(0.E0,-4.E1,9.E0));
#7335=VERTEX_POINT('',#7333);
#7336=VERTEX_POINT('',#7334);
#7337=CARTESIAN_POINT('',(0.E0,0.E0,9.E0));
#7338=VERTEX_POINT('',#7337);
#7339=CARTESIAN_POINT('',(-9.E0,0.E0,0.E0));
#7340=VERTEX_POINT('',#7339);
#7341=CARTESIAN_POINT('',(-8.8E1,-3.8E1,9.E0));
#7342=CARTESIAN_POINT('',(-8.1E1,-3.8E1,2.E0));
#7343=VERTEX_POINT('',#7341);
#7344=VERTEX_POINT('',#7342);
#7345=CARTESIAN_POINT('',(-8.1E1,-3.8E1,8.8E1));
#7346=CARTESIAN_POINT('',(-8.8E1,-3.8E1,8.1E1));
#7347=VERTEX_POINT('',#7345);
#7348=VERTEX_POINT('',#7346);
#7349=CARTESIAN_POINT('',(-2.E0,-3.8E1,8.1E1));
#7350=CARTESIAN_POINT('',(-9.E0,-3.8E1,8.8E1));
#7351=VERTEX_POINT('',#7349);
#7352=VERTEX_POINT('',#7350);
#7353=CARTESIAN_POINT('',(-9.E0,-3.8E1,2.E0));
#7354=CARTESIAN_POINT('',(-2.E0,-3.8E1,9.E0));
#7355=VERTEX_POINT('',#7353);
#7356=VERTEX_POINT('',#7354);
#7357=CARTESIAN_POINT('',(-8.358578643763E1,-2.348578643763E1,1.2E1));
#7358=CARTESIAN_POINT('',(-8.3E1,-2.207157287525E1,1.2E1));
#7359=VERTEX_POINT('',#7357);
#7360=VERTEX_POINT('',#7358);
#7361=CARTESIAN_POINT('',(-8.3E1,-1.9E1,1.2E1));
#7362=VERTEX_POINT('',#7361);
#7363=CARTESIAN_POINT('',(-8.3E1,-3.E1,1.2E1));
#7364=CARTESIAN_POINT('',(-8.3E1,-2.6E1,1.2E1));
#7365=VERTEX_POINT('',#7363);
#7366=VERTEX_POINT('',#7364);
#7367=CARTESIAN_POINT('',(-8.489289321881E1,-2.6E1,1.2E1));
#7368=VERTEX_POINT('',#7367);
#7369=CARTESIAN_POINT('',(-8.358578643763E1,-2.348578643763E1,1.9E1));
#7370=CARTESIAN_POINT('',(-8.3E1,-2.207157287525E1,1.9E1));
#7371=VERTEX_POINT('',#7369);
#7372=VERTEX_POINT('',#7370);
#7373=CARTESIAN_POINT('',(-8.3E1,-1.9E1,1.9E1));
#7374=VERTEX_POINT('',#7373);
#7375=CARTESIAN_POINT('',(-8.3E1,-3.E1,1.9E1));
#7376=CARTESIAN_POINT('',(-8.3E1,-2.6E1,1.9E1));
#7377=VERTEX_POINT('',#7375);
#7378=VERTEX_POINT('',#7376);
#7379=CARTESIAN_POINT('',(-8.489289321881E1,-2.6E1,1.9E1));
#7380=VERTEX_POINT('',#7379);
#7381=CARTESIAN_POINT('',(-8.8E1,-3.8E1,1.2E1));
#7382=CARTESIAN_POINT('',(-8.8E1,-1.9E1,1.2E1));
#7383=VERTEX_POINT('',#7381);
#7384=VERTEX_POINT('',#7382);
#7385=CARTESIAN_POINT('',(-8.8E1,-3.8E1,1.9E1));
#7386=CARTESIAN_POINT('',(-8.8E1,-1.9E1,1.9E1));
#7387=VERTEX_POINT('',#7385);
#7388=VERTEX_POINT('',#7386);
#7389=CARTESIAN_POINT('',(-8.358578643763E1,-2.348578643763E1,6.7E1));
#7390=CARTESIAN_POINT('',(-8.3E1,-2.207157287525E1,6.7E1));
#7391=VERTEX_POINT('',#7389);
#7392=VERTEX_POINT('',#7390);
#7393=CARTESIAN_POINT('',(-8.3E1,-1.9E1,6.7E1));
#7394=VERTEX_POINT('',#7393);
#7395=CARTESIAN_POINT('',(-8.3E1,-3.E1,6.7E1));
#7396=CARTESIAN_POINT('',(-8.3E1,-2.6E1,6.7E1));
#7397=VERTEX_POINT('',#7395);
#7398=VERTEX_POINT('',#7396);
#7399=CARTESIAN_POINT('',(-8.489289321881E1,-2.6E1,6.7E1));
#7400=VERTEX_POINT('',#7399);
#7401=CARTESIAN_POINT('',(-8.358578643763E1,-2.348578643763E1,7.4E1));
#7402=CARTESIAN_POINT('',(-8.3E1,-2.207157287525E1,7.4E1));
#7403=VERTEX_POINT('',#7401);
#7404=VERTEX_POINT('',#7402);
#7405=CARTESIAN_POINT('',(-8.3E1,-1.9E1,7.4E1));
#7406=VERTEX_POINT('',#7405);
#7407=CARTESIAN_POINT('',(-8.3E1,-3.E1,7.4E1));
#7408=CARTESIAN_POINT('',(-8.3E1,-2.6E1,7.4E1));
#7409=VERTEX_POINT('',#7407);
#7410=VERTEX_POINT('',#7408);
#7411=CARTESIAN_POINT('',(-8.489289321881E1,-2.6E1,7.4E1));
#7412=VERTEX_POINT('',#7411);
#7413=CARTESIAN_POINT('',(-8.8E1,-3.8E1,6.7E1));
#7414=CARTESIAN_POINT('',(-8.8E1,-1.9E1,6.7E1));
#7415=VERTEX_POINT('',#7413);
#7416=VERTEX_POINT('',#7414);
#7417=CARTESIAN_POINT('',(-8.8E1,-3.8E1,7.4E1));
#7418=CARTESIAN_POINT('',(-8.8E1,-1.9E1,7.4E1));
#7419=VERTEX_POINT('',#7417);
#7420=VERTEX_POINT('',#7418);
#7421=CARTESIAN_POINT('',(-4.E0,-1.61E1,1.2E1));
#7422=CARTESIAN_POINT('',(-4.E0,-2.11E1,1.2E1));
#7423=VERTEX_POINT('',#7421);
#7424=VERTEX_POINT('',#7422);
#7425=CARTESIAN_POINT('',(-4.E0,-1.61E1,4.7E1));
#7426=CARTESIAN_POINT('',(-4.E0,-2.11E1,4.7E1));
#7427=VERTEX_POINT('',#7425);
#7428=VERTEX_POINT('',#7426);
#7429=CARTESIAN_POINT('',(-2.E0,-2.858331477355E1,1.2E1));
#7430=CARTESIAN_POINT('',(-2.E0,-1.61E1,1.2E1));
#7431=VERTEX_POINT('',#7429);
#7432=VERTEX_POINT('',#7430);
#7433=CARTESIAN_POINT('',(-2.E0,-1.542287565553E1,1.2E1));
#7434=CARTESIAN_POINT('',(-2.E0,-1.175266942466E1,1.2E1));
#7435=VERTEX_POINT('',#7433);
#7436=VERTEX_POINT('',#7434);
#7437=CARTESIAN_POINT('',(-2.E0,-2.858331477355E1,4.7E1));
#7438=CARTESIAN_POINT('',(-2.E0,-1.61E1,4.7E1));
#7439=VERTEX_POINT('',#7437);
#7440=VERTEX_POINT('',#7438);
#7441=CARTESIAN_POINT('',(-2.E0,-1.542287565553E1,4.7E1));
#7442=CARTESIAN_POINT('',(-2.E0,-1.175266942466E1,4.7E1));
#7443=VERTEX_POINT('',#7441);
#7444=VERTEX_POINT('',#7442);
#7445=CARTESIAN_POINT('',(-4.01E1,-1.9E1,1.4E1));
#7446=CARTESIAN_POINT('',(-4.11E1,-1.9E1,1.4E1));
#7447=VERTEX_POINT('',#7445);
#7448=VERTEX_POINT('',#7446);
#7449=CARTESIAN_POINT('',(-4.347034607950E1,-2.310555984121E1,1.4E1));
#7450=VERTEX_POINT('',#7449);
#7451=CARTESIAN_POINT('',(-4.339088676820E1,-2.370911323180E1,1.4E1));
#7452=VERTEX_POINT('',#7451);
#7453=CARTESIAN_POINT('',(-4.195355339059E1,-2.6E1,1.4E1));
#7454=CARTESIAN_POINT('',(-4.41E1,-2.6E1,1.4E1));
#7455=VERTEX_POINT('',#7453);
#7456=VERTEX_POINT('',#7454);
#7457=CARTESIAN_POINT('',(-4.41E1,-2.8E1,1.4E1));
#7458=VERTEX_POINT('',#7457);
#7459=CARTESIAN_POINT('',(-4.334676703703E1,-2.875323296297E1,1.4E1));
#7460=VERTEX_POINT('',#7459);
#7461=CARTESIAN_POINT('',(-4.246808738059E1,-3.087455330653E1,1.4E1));
#7462=VERTEX_POINT('',#7461);
#7463=CARTESIAN_POINT('',(-4.246808738059E1,-3.1E1,1.4E1));
#7464=VERTEX_POINT('',#7463);
#7465=CARTESIAN_POINT('',(-4.01E1,-1.9E1,2.2E1));
#7466=CARTESIAN_POINT('',(-4.11E1,-1.9E1,2.2E1));
#7467=VERTEX_POINT('',#7465);
#7468=VERTEX_POINT('',#7466);
#7469=CARTESIAN_POINT('',(-4.347034607950E1,-2.310555984121E1,2.2E1));
#7470=VERTEX_POINT('',#7469);
#7471=CARTESIAN_POINT('',(-4.339088676820E1,-2.370911323180E1,2.2E1));
#7472=VERTEX_POINT('',#7471);
#7473=CARTESIAN_POINT('',(-4.195355339059E1,-2.6E1,2.2E1));
#7474=CARTESIAN_POINT('',(-4.41E1,-2.6E1,2.2E1));
#7475=VERTEX_POINT('',#7473);
#7476=VERTEX_POINT('',#7474);
#7477=CARTESIAN_POINT('',(-4.41E1,-2.8E1,2.2E1));
#7478=VERTEX_POINT('',#7477);
#7479=CARTESIAN_POINT('',(-4.334676703703E1,-2.875323296297E1,2.2E1));
#7480=VERTEX_POINT('',#7479);
#7481=CARTESIAN_POINT('',(-4.246808738059E1,-3.087455330653E1,2.2E1));
#7482=VERTEX_POINT('',#7481);
#7483=CARTESIAN_POINT('',(-4.246808738059E1,-3.1E1,2.2E1));
#7484=VERTEX_POINT('',#7483);
#7485=CARTESIAN_POINT('',(-4.946808738059E1,-3.8E1,1.4E1));
#7486=CARTESIAN_POINT('',(-4.01E1,-3.8E1,1.4E1));
#7487=VERTEX_POINT('',#7485);
#7488=VERTEX_POINT('',#7486);
#7489=CARTESIAN_POINT('',(-4.946808738059E1,-3.8E1,2.2E1));
#7490=CARTESIAN_POINT('',(-4.01E1,-3.8E1,2.2E1));
#7491=VERTEX_POINT('',#7489);
#7492=VERTEX_POINT('',#7490);
#7493=CARTESIAN_POINT('',(-4.01E1,-1.9E1,6.9E1));
#7494=CARTESIAN_POINT('',(-4.11E1,-1.9E1,6.9E1));
#7495=VERTEX_POINT('',#7493);
#7496=VERTEX_POINT('',#7494);
#7497=CARTESIAN_POINT('',(-4.347034607950E1,-2.310555984121E1,6.9E1));
#7498=VERTEX_POINT('',#7497);
#7499=CARTESIAN_POINT('',(-4.339088676820E1,-2.370911323180E1,6.9E1));
#7500=VERTEX_POINT('',#7499);
#7501=CARTESIAN_POINT('',(-4.195355339059E1,-2.6E1,6.9E1));
#7502=CARTESIAN_POINT('',(-4.41E1,-2.6E1,6.9E1));
#7503=VERTEX_POINT('',#7501);
#7504=VERTEX_POINT('',#7502);
#7505=CARTESIAN_POINT('',(-4.41E1,-2.8E1,6.9E1));
#7506=VERTEX_POINT('',#7505);
#7507=CARTESIAN_POINT('',(-4.334676703703E1,-2.875323296297E1,6.9E1));
#7508=VERTEX_POINT('',#7507);
#7509=CARTESIAN_POINT('',(-4.246808738059E1,-3.087455330653E1,6.9E1));
#7510=VERTEX_POINT('',#7509);
#7511=CARTESIAN_POINT('',(-4.246808738059E1,-3.1E1,6.9E1));
#7512=VERTEX_POINT('',#7511);
#7513=CARTESIAN_POINT('',(-4.01E1,-1.9E1,7.7E1));
#7514=CARTESIAN_POINT('',(-4.11E1,-1.9E1,7.7E1));
#7515=VERTEX_POINT('',#7513);
#7516=VERTEX_POINT('',#7514);
#7517=CARTESIAN_POINT('',(-4.347034607950E1,-2.310555984121E1,7.7E1));
#7518=VERTEX_POINT('',#7517);
#7519=CARTESIAN_POINT('',(-4.339088676820E1,-2.370911323180E1,7.7E1));
#7520=VERTEX_POINT('',#7519);
#7521=CARTESIAN_POINT('',(-4.195355339059E1,-2.6E1,7.7E1));
#7522=CARTESIAN_POINT('',(-4.41E1,-2.6E1,7.7E1));
#7523=VERTEX_POINT('',#7521);
#7524=VERTEX_POINT('',#7522);
#7525=CARTESIAN_POINT('',(-4.41E1,-2.8E1,7.7E1));
#7526=VERTEX_POINT('',#7525);
#7527=CARTESIAN_POINT('',(-4.334676703703E1,-2.875323296297E1,7.7E1));
#7528=VERTEX_POINT('',#7527);
#7529=CARTESIAN_POINT('',(-4.246808738059E1,-3.087455330653E1,7.7E1));
#7530=VERTEX_POINT('',#7529);
#7531=CARTESIAN_POINT('',(-4.246808738059E1,-3.1E1,7.7E1));
#7532=VERTEX_POINT('',#7531);
#7533=CARTESIAN_POINT('',(-4.946808738059E1,-3.8E1,6.9E1));
#7534=CARTESIAN_POINT('',(-4.01E1,-3.8E1,6.9E1));
#7535=VERTEX_POINT('',#7533);
#7536=VERTEX_POINT('',#7534);
#7537=CARTESIAN_POINT('',(-4.946808738059E1,-3.8E1,7.7E1));
#7538=CARTESIAN_POINT('',(-4.01E1,-3.8E1,7.7E1));
#7539=VERTEX_POINT('',#7537);
#7540=VERTEX_POINT('',#7538);
#7541=CARTESIAN_POINT('',(-3.577167649388E1,-1.337167649388E1,2.8E1));
#7542=CARTESIAN_POINT('',(-3.569221718259E1,-1.276812310329E1,2.8E1));
#7543=VERTEX_POINT('',#7541);
#7544=VERTEX_POINT('',#7542);
#7545=CARTESIAN_POINT('',(-3.838735931288E1,-8.1E0,2.8E1));
#7546=VERTEX_POINT('',#7545);
#7547=CARTESIAN_POINT('',(-3.938735931288E1,-8.1E0,2.8E1));
#7548=VERTEX_POINT('',#7547);
#7549=CARTESIAN_POINT('',(-3.688735931288E1,-3.3E1,2.8E1));
#7550=CARTESIAN_POINT('',(-3.688735931288E1,-2.123E1,2.8E1));
#7551=VERTEX_POINT('',#7549);
#7552=VERTEX_POINT('',#7550);
#7553=CARTESIAN_POINT('',(-3.600867965644E1,-1.910867965644E1,2.8E1));
#7554=VERTEX_POINT('',#7553);
#7555=CARTESIAN_POINT('',(-3.5E1,-1.81E1,2.8E1));
#7556=VERTEX_POINT('',#7555);
#7557=CARTESIAN_POINT('',(-3.5E1,-1.61E1,2.8E1));
#7558=VERTEX_POINT('',#7557);
#7559=CARTESIAN_POINT('',(-3.729289321881E1,-1.61E1,2.8E1));
#7560=VERTEX_POINT('',#7559);
#7561=CARTESIAN_POINT('',(-3.764644660941E1,-1.524644660941E1,2.8E1));
#7562=VERTEX_POINT('',#7561);
#7563=CARTESIAN_POINT('',(-3.577167649388E1,-1.337167649388E1,3.6E1));
#7564=CARTESIAN_POINT('',(-3.569221718259E1,-1.276812310329E1,3.6E1));
#7565=VERTEX_POINT('',#7563);
#7566=VERTEX_POINT('',#7564);
#7567=CARTESIAN_POINT('',(-3.838735931288E1,-8.1E0,3.6E1));
#7568=VERTEX_POINT('',#7567);
#7569=CARTESIAN_POINT('',(-3.938735931288E1,-8.1E0,3.6E1));
#7570=VERTEX_POINT('',#7569);
#7571=CARTESIAN_POINT('',(-3.688735931288E1,-3.3E1,3.6E1));
#7572=CARTESIAN_POINT('',(-3.688735931288E1,-2.123E1,3.6E1));
#7573=VERTEX_POINT('',#7571);
#7574=VERTEX_POINT('',#7572);
#7575=CARTESIAN_POINT('',(-3.600867965644E1,-1.910867965644E1,3.6E1));
#7576=VERTEX_POINT('',#7575);
#7577=CARTESIAN_POINT('',(-3.5E1,-1.81E1,3.6E1));
#7578=VERTEX_POINT('',#7577);
#7579=CARTESIAN_POINT('',(-3.5E1,-1.61E1,3.6E1));
#7580=VERTEX_POINT('',#7579);
#7581=CARTESIAN_POINT('',(-3.729289321881E1,-1.61E1,3.6E1));
#7582=VERTEX_POINT('',#7581);
#7583=CARTESIAN_POINT('',(-3.764644660941E1,-1.524644660941E1,3.6E1));
#7584=VERTEX_POINT('',#7583);
#7585=CARTESIAN_POINT('',(-3.938735931288E1,-3.8E1,2.8E1));
#7586=CARTESIAN_POINT('',(-3.938735931288E1,-3.8E1,3.6E1));
#7587=VERTEX_POINT('',#7585);
#7588=VERTEX_POINT('',#7586);
#7589=CARTESIAN_POINT('',(-3.472E1,-3.8E1,6.3E1));
#7590=CARTESIAN_POINT('',(-3.472E1,-3.8E1,6.8E1));
#7591=VERTEX_POINT('',#7589);
#7592=VERTEX_POINT('',#7590);
#7593=CARTESIAN_POINT('',(-2.E0,-3.8E1,6.3E1));
#7594=CARTESIAN_POINT('',(-4.72E0,-3.8E1,6.3E1));
#7595=VERTEX_POINT('',#7593);
#7596=VERTEX_POINT('',#7594);
#7597=CARTESIAN_POINT('',(-2.E0,-3.8E1,6.8E1));
#7598=CARTESIAN_POINT('',(-4.72E0,-3.8E1,6.8E1));
#7599=VERTEX_POINT('',#7597);
#7600=VERTEX_POINT('',#7598);
#7601=CARTESIAN_POINT('',(-2.E0,-2.3E1,6.3E1));
#7602=VERTEX_POINT('',#7601);
#7603=CARTESIAN_POINT('',(-2.E0,-2.3E1,6.8E1));
#7604=VERTEX_POINT('',#7603);
#7605=CARTESIAN_POINT('',(-3.472E1,-2.3E1,6.8E1));
#7606=VERTEX_POINT('',#7605);
#7607=CARTESIAN_POINT('',(-3.472E1,-2.3E1,6.3E1));
#7608=VERTEX_POINT('',#7607);
#7609=CARTESIAN_POINT('',(-4.72E0,-2.3E1,6.3E1));
#7610=VERTEX_POINT('',#7609);
#7611=CARTESIAN_POINT('',(-4.72E0,-2.3E1,6.8E1));
#7612=VERTEX_POINT('',#7611);
#7613=CARTESIAN_POINT('',(-4.170355339059E1,-2.539644660941E1,1.4E1));
#7614=VERTEX_POINT('',#7613);
#7615=CARTESIAN_POINT('',(-4.170355339059E1,-2.539644660941E1,2.2E1));
#7616=VERTEX_POINT('',#7615);
#7617=CARTESIAN_POINT('',(-4.170355339059E1,-2.539644660941E1,6.9E1));
#7618=VERTEX_POINT('',#7617);
#7619=CARTESIAN_POINT('',(-4.170355339059E1,-2.539644660941E1,7.7E1));
#7620=VERTEX_POINT('',#7619);
#7621=CARTESIAN_POINT('',(-8.524644660941E1,-2.514644660941E1,1.2E1));
#7622=VERTEX_POINT('',#7621);
#7623=CARTESIAN_POINT('',(-8.524644660941E1,-2.514644660941E1,1.9E1));
#7624=VERTEX_POINT('',#7623);
#7625=CARTESIAN_POINT('',(-8.524644660941E1,-2.514644660941E1,6.7E1));
#7626=VERTEX_POINT('',#7625);
#7627=CARTESIAN_POINT('',(-8.524644660941E1,-2.514644660941E1,7.4E1));
#7628=VERTEX_POINT('',#7627);
#7629=CARTESIAN_POINT('',(-4.652669424660E0,-1.194177910613E1,1.2E1));
#7630=CARTESIAN_POINT('',(-2.585786437627E0,-1.400866209316E1,1.2E1));
#7631=VERTEX_POINT('',#7629);
#7632=VERTEX_POINT('',#7630);
#7633=CARTESIAN_POINT('',(-4.652669424660E0,-1.194177910613E1,4.7E1));
#7634=CARTESIAN_POINT('',(-2.585786437627E0,-1.400866209316E1,4.7E1));
#7635=VERTEX_POINT('',#7633);
#7636=VERTEX_POINT('',#7634);
#7637=CARTESIAN_POINT('',(-3.522E1,-1.75E1,6.435435607626E1));
#7638=CARTESIAN_POINT('',(-3.522E1,-1.75E1,6.664564392374E1));
#7639=VERTEX_POINT('',#7637);
#7640=VERTEX_POINT('',#7638);
#7641=CARTESIAN_POINT('',(-3.422E1,-1.75E1,6.435435607626E1));
#7642=CARTESIAN_POINT('',(-3.422E1,-1.75E1,6.664564392374E1));
#7643=VERTEX_POINT('',#7641);
#7644=VERTEX_POINT('',#7642);
#7645=VERTEX_POINT('',#2927);
#7646=VERTEX_POINT('',#2932);
#7647=VERTEX_POINT('',#2946);
#7648=VERTEX_POINT('',#2951);
#7649=CARTESIAN_POINT('',(-3.522E1,-1.782738544004E1,6.398013158464E1));
#7650=VERTEX_POINT('',#7649);
#7651=CARTESIAN_POINT('',(-3.422E1,-1.782738544004E1,6.398013158464E1));
#7652=VERTEX_POINT('',#7651);
#7653=VERTEX_POINT('',#2915);
#7654=VERTEX_POINT('',#2920);
#7655=VERTEX_POINT('',#2939);
#7656=VERTEX_POINT('',#2944);
#7657=CARTESIAN_POINT('',(-3.522E1,-1.782738544004E1,6.701986841536E1));
#7658=VERTEX_POINT('',#7657);
#7659=CARTESIAN_POINT('',(-3.422E1,-1.782738544004E1,6.701986841536E1));
#7660=VERTEX_POINT('',#7659);
#7661=CARTESIAN_POINT('',(-3.422000040447E1,-2.152097876564E1,
6.664564171792E1));
#7662=VERTEX_POINT('',#7661);
#7663=CARTESIAN_POINT('',(-3.421999998702E1,-2.152098025125E1,
6.435435600545E1));
#7664=VERTEX_POINT('',#7663);
#7665=CARTESIAN_POINT('',(-3.521999959553E1,-2.152097876564E1,
6.435435828208E1));
#7666=VERTEX_POINT('',#7665);
#7667=CARTESIAN_POINT('',(-3.522000001298E1,-2.152098025125E1,
6.664564399455E1));
#7668=VERTEX_POINT('',#7667);
#7669=CARTESIAN_POINT('',(-3.422000005688E1,-2.300000104465E1,
6.794948947687E1));
#7670=CARTESIAN_POINT('',(-3.421999996358E1,-2.299999776169E1,
6.305051008480E1));
#7671=VERTEX_POINT('',#7669);
#7672=VERTEX_POINT('',#7670);
#7673=CARTESIAN_POINT('',(-3.521999994312E1,-2.300000104465E1,
6.305051052313E1));
#7674=CARTESIAN_POINT('',(-3.522000003642E1,-2.299999776169E1,
6.794948991520E1));
#7675=VERTEX_POINT('',#7673);
#7676=VERTEX_POINT('',#7674);
#7677=CARTESIAN_POINT('',(-5.22E0,-1.75E1,6.435435607626E1));
#7678=CARTESIAN_POINT('',(-5.22E0,-1.75E1,6.664564392374E1));
#7679=VERTEX_POINT('',#7677);
#7680=VERTEX_POINT('',#7678);
#7681=CARTESIAN_POINT('',(-4.22E0,-1.75E1,6.435435607626E1));
#7682=CARTESIAN_POINT('',(-4.22E0,-1.75E1,6.664564392374E1));
#7683=VERTEX_POINT('',#7681);
#7684=VERTEX_POINT('',#7682);
#7685=VERTEX_POINT('',#3176);
#7686=VERTEX_POINT('',#3190);
#7687=CARTESIAN_POINT('',(-5.22E0,-1.922794009200E1,6.701986841536E1));
#7688=VERTEX_POINT('',#7687);
#7689=CARTESIAN_POINT('',(-4.22E0,-1.922794009200E1,6.701986841536E1));
#7690=VERTEX_POINT('',#7689);
#7691=VERTEX_POINT('',#3102);
#7692=VERTEX_POINT('',#3131);
#7693=VERTEX_POINT('',#3159);
#7694=VERTEX_POINT('',#3188);
#7695=CARTESIAN_POINT('',(-5.22E0,-1.922794009200E1,6.398013158464E1));
#7696=VERTEX_POINT('',#7695);
#7697=CARTESIAN_POINT('',(-4.22E0,-1.922794009200E1,6.398013158464E1));
#7698=VERTEX_POINT('',#7697);
#7699=VERTEX_POINT('',#3095);
#7700=VERTEX_POINT('',#3114);
#7701=CARTESIAN_POINT('',(-2.E0,-2.3E1,6.509490741799E1));
#7702=CARTESIAN_POINT('',(-3.574356076261E0,-2.3E1,6.3E1));
#7703=VERTEX_POINT('',#7701);
#7704=VERTEX_POINT('',#7702);
#7705=CARTESIAN_POINT('',(-3.574356076261E0,-2.3E1,6.8E1));
#7706=CARTESIAN_POINT('',(-2.E0,-2.3E1,6.590509258201E1));
#7707=VERTEX_POINT('',#7705);
#7708=VERTEX_POINT('',#7706);
#7709=CARTESIAN_POINT('',(-4.22E0,-2.15E1,6.664564392374E1));
#7710=VERTEX_POINT('',#7709);
#7711=CARTESIAN_POINT('',(-4.22E0,-2.15E1,6.435435607626E1));
#7712=VERTEX_POINT('',#7711);
#7713=CARTESIAN_POINT('',(-5.219999595535E0,-2.152097876962E1,
6.435435828208E1));
#7714=VERTEX_POINT('',#7713);
#7715=CARTESIAN_POINT('',(-5.220000012977E0,-2.152098025125E1,
6.664564399455E1));
#7716=VERTEX_POINT('',#7715);
#7717=VERTEX_POINT('',#3237);
#7718=VERTEX_POINT('',#3209);
#7719=CARTESIAN_POINT('',(-4.22E0,-2.3E1,6.8E1));
#7720=CARTESIAN_POINT('',(-4.22E0,-2.3E1,6.3E1));
#7721=VERTEX_POINT('',#7719);
#7722=VERTEX_POINT('',#7720);
#7723=CARTESIAN_POINT('',(-5.219999943116E0,-2.300000104465E1,
6.305051052313E1));
#7724=CARTESIAN_POINT('',(-5.220000036421E0,-2.299999776169E1,
6.794948991520E1));
#7725=VERTEX_POINT('',#7723);
#7726=VERTEX_POINT('',#7724);
#7727=CARTESIAN_POINT('',(-9.E0,-3.E0,8.534733057534E1));
#7728=CARTESIAN_POINT('',(-9.E0,0.E0,8.534733057534E1));
#7729=VERTEX_POINT('',#7727);
#7730=VERTEX_POINT('',#7728);
#7731=CARTESIAN_POINT('',(-4.652669424660E0,-3.E0,8.1E1));
#7732=CARTESIAN_POINT('',(-4.652669424660E0,0.E0,8.1E1));
#7733=VERTEX_POINT('',#7731);
#7734=VERTEX_POINT('',#7732);
#7735=CARTESIAN_POINT('',(-4.652669424660E0,-3.E0,9.E0));
#7736=CARTESIAN_POINT('',(-4.652669424660E0,0.E0,9.E0));
#7737=VERTEX_POINT('',#7735);
#7738=VERTEX_POINT('',#7736);
#7739=CARTESIAN_POINT('',(-9.E0,-3.E0,4.652669424660E0));
#7740=CARTESIAN_POINT('',(-9.E0,0.E0,4.652669424660E0));
#7741=VERTEX_POINT('',#7739);
#7742=VERTEX_POINT('',#7740);
#7743=CARTESIAN_POINT('',(-9.E0,-5.652669424660E0,8.8E1));
#7744=VERTEX_POINT('',#7743);
#7745=CARTESIAN_POINT('',(-2.E0,-5.652669424660E0,8.1E1));
#7746=VERTEX_POINT('',#7745);
#7747=CARTESIAN_POINT('',(-2.E0,-5.652669424660E0,9.E0));
#7748=VERTEX_POINT('',#7747);
#7749=CARTESIAN_POINT('',(-9.E0,-5.652669424660E0,2.E0));
#7750=VERTEX_POINT('',#7749);
#7751=CARTESIAN_POINT('',(-9.E1,-8.E0,9.E0));
#7752=VERTEX_POINT('',#7751);
#7753=CARTESIAN_POINT('',(-6.595596411847E1,-3.E0,8.534733057534E1));
#7754=CARTESIAN_POINT('',(-6.207846311767E1,-3.E0,8.534733057534E1));
#7755=VERTEX_POINT('',#7753);
#7756=VERTEX_POINT('',#7754);
#7757=CARTESIAN_POINT('',(-5.583346511927E1,-3.E0,8.534733057534E1));
#7758=VERTEX_POINT('',#7757);
#7759=CARTESIAN_POINT('',(-6.595596411847E1,0.E0,8.534733057534E1));
#7760=CARTESIAN_POINT('',(-6.207846311767E1,0.E0,8.534733057534E1));
#7761=VERTEX_POINT('',#7759);
#7762=VERTEX_POINT('',#7760);
#7763=CARTESIAN_POINT('',(-5.583346511927E1,0.E0,8.534733057534E1));
#7764=VERTEX_POINT('',#7763);
#7765=CARTESIAN_POINT('',(-5.583346511927E1,-3.E0,4.652669424660E0));
#7766=VERTEX_POINT('',#7765);
#7767=CARTESIAN_POINT('',(-6.207846311767E1,-3.E0,4.652669424660E0));
#7768=CARTESIAN_POINT('',(-6.595596411847E1,-3.E0,4.652669424660E0));
#7769=VERTEX_POINT('',#7767);
#7770=VERTEX_POINT('',#7768);
#7771=CARTESIAN_POINT('',(-5.583346511927E1,0.E0,4.652669424660E0));
#7772=VERTEX_POINT('',#7771);
#7773=CARTESIAN_POINT('',(-6.207846311767E1,0.E0,4.652669424660E0));
#7774=CARTESIAN_POINT('',(-6.595596411847E1,0.E0,4.652669424660E0));
#7775=VERTEX_POINT('',#7773);
#7776=VERTEX_POINT('',#7774);
#7777=CARTESIAN_POINT('',(-8.8E1,-8.E0,9.E0));
#7778=VERTEX_POINT('',#7777);
#7779=CARTESIAN_POINT('',(-9.E1,-8.E0,8.1E1));
#7780=VERTEX_POINT('',#7779);
#7781=CARTESIAN_POINT('',(-8.8E1,-8.E0,8.1E1));
#7782=VERTEX_POINT('',#7781);
#7783=CARTESIAN_POINT('',(-8.1E1,0.E0,0.E0));
#7784=VERTEX_POINT('',#7783);
#7785=CARTESIAN_POINT('',(-8.1E1,0.E0,9.E1));
#7786=VERTEX_POINT('',#7785);
#7787=CARTESIAN_POINT('',(-8.1E1,0.E0,2.E0));
#7788=VERTEX_POINT('',#7787);
#7789=CARTESIAN_POINT('',(-8.1E1,0.E0,8.8E1));
#7790=VERTEX_POINT('',#7789);
#7791=CARTESIAN_POINT('',(-6.051721361809E1,1.421085471520E-14,
3.902669424678E0));
#7792=VERTEX_POINT('',#7791);
#7793=CARTESIAN_POINT('',(-6.051721361807E1,-3.75E0,3.902669424660E0));
#7794=VERTEX_POINT('',#7793);
#7795=VERTEX_POINT('',#5063);
#7796=CARTESIAN_POINT('',(-5.739471461887E1,0.E0,3.902669424660E0));
#7797=VERTEX_POINT('',#7796);
#7798=VERTEX_POINT('',#135);
#7799=CARTESIAN_POINT('',(-6.051721361798E1,0.E0,8.609733057543E1));
#7800=VERTEX_POINT('',#7799);
#7801=CARTESIAN_POINT('',(-5.739471461887E1,1.421085471520E-14,
8.609733057534E1));
#7802=VERTEX_POINT('',#7801);
#7803=CARTESIAN_POINT('',(-5.739471461887E1,-3.75E0,8.609733057534E1));
#7804=VERTEX_POINT('',#7803);
#7805=CARTESIAN_POINT('',(-8.4E1,-8.E0,5.147186257614E-1));
#7806=CARTESIAN_POINT('',(-8.4E1,-8.E0,2.675444679663E0));
#7807=VERTEX_POINT('',#7805);
#7808=VERTEX_POINT('',#7806);
#7809=CARTESIAN_POINT('',(-8.1E1,-5.E0,0.E0));
#7810=CARTESIAN_POINT('',(-8.1E1,-5.E0,2.E0));
#7811=VERTEX_POINT('',#7809);
#7812=VERTEX_POINT('',#7810);
#7813=CARTESIAN_POINT('',(-8.1E1,-5.652669424660E0,2.E0));
#7814=VERTEX_POINT('',#7813);
#7815=CARTESIAN_POINT('',(-8.4E1,-8.E0,8.732455532034E1));
#7816=CARTESIAN_POINT('',(-8.4E1,-8.E0,8.948528137424E1));
#7817=VERTEX_POINT('',#7815);
#7818=VERTEX_POINT('',#7816);
#7819=CARTESIAN_POINT('',(-8.1E1,-5.E0,8.8E1));
#7820=CARTESIAN_POINT('',(-8.1E1,-5.E0,9.E1));
#7821=VERTEX_POINT('',#7819);
#7822=VERTEX_POINT('',#7820);
#7823=CARTESIAN_POINT('',(-8.1E1,-5.652669424660E0,8.8E1));
#7824=VERTEX_POINT('',#7823);
#7825=CARTESIAN_POINT('',(-9.E0,-7.1E0,4.652669424660E0));
#7826=CARTESIAN_POINT('',(-9.E0,-9.1E0,4.652669424660E0));
#7827=VERTEX_POINT('',#7825);
#7828=VERTEX_POINT('',#7826);
#7829=CARTESIAN_POINT('',(-4.652669424660E0,-7.1E0,9.E0));
#7830=CARTESIAN_POINT('',(-4.652669424660E0,-9.1E0,9.E0));
#7831=VERTEX_POINT('',#7829);
#7832=VERTEX_POINT('',#7830);
#7833=CARTESIAN_POINT('',(-4.652669424660E0,-7.1E0,8.1E1));
#7834=CARTESIAN_POINT('',(-4.652669424660E0,-9.1E0,8.1E1));
#7835=VERTEX_POINT('',#7833);
#7836=VERTEX_POINT('',#7834);
#7837=CARTESIAN_POINT('',(-9.E0,-7.1E0,8.534733057534E1));
#7838=CARTESIAN_POINT('',(-9.E0,-9.1E0,8.534733057534E1));
#7839=VERTEX_POINT('',#7837);
#7840=VERTEX_POINT('',#7838);
#7841=CARTESIAN_POINT('',(-2.E0,-7.1E0,8.1E1));
#7842=CARTESIAN_POINT('',(-2.E0,-7.1E0,9.E0));
#7843=VERTEX_POINT('',#7841);
#7844=VERTEX_POINT('',#7842);
#7845=CARTESIAN_POINT('',(-9.E0,-7.1E0,8.8E1));
#7846=VERTEX_POINT('',#7845);
#7847=CARTESIAN_POINT('',(-9.E0,-7.1E0,2.E0));
#7848=VERTEX_POINT('',#7847);
#7849=CARTESIAN_POINT('',(-9.E0,-1.175266942466E1,8.8E1));
#7850=VERTEX_POINT('',#7849);
#7851=CARTESIAN_POINT('',(-2.E0,-1.175266942466E1,8.1E1));
#7852=VERTEX_POINT('',#7851);
#7853=CARTESIAN_POINT('',(-2.E0,-1.175266942466E1,9.E0));
#7854=VERTEX_POINT('',#7853);
#7855=CARTESIAN_POINT('',(-9.E0,-1.175266942466E1,2.E0));
#7856=VERTEX_POINT('',#7855);
#7857=CARTESIAN_POINT('',(-7.249307727057E1,-7.1E0,2.E0));
#7858=CARTESIAN_POINT('',(-7.249307727057E1,-7.1E0,4.652669424660E0));
#7859=VERTEX_POINT('',#7857);
#7860=VERTEX_POINT('',#7858);
#7861=VERTEX_POINT('',#4155);
#7862=VERTEX_POINT('',#4160);
#7863=CARTESIAN_POINT('',(-8.360461705471E1,-8.6E0,2.502618219752E0));
#7864=VERTEX_POINT('',#7863);
#7865=CARTESIAN_POINT('',(-8.1E1,-8.6E0,2.E0));
#7866=VERTEX_POINT('',#7865);
#7867=CARTESIAN_POINT('',(-8.1E1,-9.1E0,4.652669424660E0));
#7868=VERTEX_POINT('',#7867);
#7869=CARTESIAN_POINT('',(-8.1E1,-8.6E0,4.652669424660E0));
#7870=VERTEX_POINT('',#7869);
#7871=CARTESIAN_POINT('',(-7.249307727057E1,-7.1E0,8.8E1));
#7872=CARTESIAN_POINT('',(-7.249307727057E1,-7.1E0,8.534733057534E1));
#7873=VERTEX_POINT('',#7871);
#7874=VERTEX_POINT('',#7872);
#7875=VERTEX_POINT('',#141);
#7876=VERTEX_POINT('',#146);
#7877=CARTESIAN_POINT('',(-8.1E1,-8.6E0,8.8E1));
#7878=CARTESIAN_POINT('',(-8.360461705471E1,-8.6E0,8.749738178025E1));
#7879=VERTEX_POINT('',#7877);
#7880=VERTEX_POINT('',#7878);
#7881=CARTESIAN_POINT('',(-8.1E1,-9.1E0,8.534733057534E1));
#7882=VERTEX_POINT('',#7881);
#7883=CARTESIAN_POINT('',(-8.1E1,-8.6E0,8.534733057534E1));
#7884=VERTEX_POINT('',#7883);
#7885=CARTESIAN_POINT('',(-4.652669424660E0,-9.1E0,1.2E1));
#7886=VERTEX_POINT('',#7885);
#7887=CARTESIAN_POINT('',(-4.652669424660E0,-9.1E0,4.7E1));
#7888=VERTEX_POINT('',#7887);
#7889=CARTESIAN_POINT('',(0.E0,-1.3E1,4.4E1));
#7890=CARTESIAN_POINT('',(0.E0,-1.3E1,4.6E1));
#7891=VERTEX_POINT('',#7889);
#7892=VERTEX_POINT('',#7890);
#7893=CARTESIAN_POINT('',(0.E0,-2.7E1,4.6E1));
#7894=VERTEX_POINT('',#7893);
#7895=CARTESIAN_POINT('',(0.E0,-2.7E1,4.4E1));
#7896=VERTEX_POINT('',#7895);
#7897=CARTESIAN_POINT('',(-2.E0,-1.542287565553E1,4.6E1));
#7898=CARTESIAN_POINT('',(-2.E0,-1.61E1,4.6E1));
#7899=VERTEX_POINT('',#7897);
#7900=VERTEX_POINT('',#7898);
#7901=CARTESIAN_POINT('',(-2.E0,-1.61E1,4.4E1));
#7902=CARTESIAN_POINT('',(-2.E0,-1.542287565553E1,4.4E1));
#7903=VERTEX_POINT('',#7901);
#7904=VERTEX_POINT('',#7902);
#7905=CARTESIAN_POINT('',(-4.E0,-1.61E1,4.6E1));
#7906=VERTEX_POINT('',#7905);
#7907=CARTESIAN_POINT('',(-4.E0,-1.61E1,4.4E1));
#7908=VERTEX_POINT('',#7907);
#7909=CARTESIAN_POINT('',(-4.E0,-2.11E1,4.6E1));
#7910=VERTEX_POINT('',#7909);
#7911=CARTESIAN_POINT('',(-4.E0,-2.11E1,4.4E1));
#7912=VERTEX_POINT('',#7911);
#7913=CARTESIAN_POINT('',(-2.083796919864E0,-2.7E1,4.6E1));
#7914=VERTEX_POINT('',#7913);
#7915=CARTESIAN_POINT('',(-2.083796919864E0,-2.7E1,4.4E1));
#7916=VERTEX_POINT('',#7915);
#7917=CARTESIAN_POINT('',(-3.594448530786E0,-1.3E1,4.6E1));
#7918=CARTESIAN_POINT('',(-2.585786437627E0,-1.400866209316E1,4.6E1));
#7919=VERTEX_POINT('',#7917);
#7920=VERTEX_POINT('',#7918);
#7921=CARTESIAN_POINT('',(-3.594448530786E0,-1.3E1,4.4E1));
#7922=CARTESIAN_POINT('',(-2.585786437627E0,-1.400866209316E1,4.4E1));
#7923=VERTEX_POINT('',#7921);
#7924=VERTEX_POINT('',#7922);
#7925=CARTESIAN_POINT('',(0.E0,-1.3E1,4.E1));
#7926=CARTESIAN_POINT('',(0.E0,-1.3E1,4.2E1));
#7927=VERTEX_POINT('',#7925);
#7928=VERTEX_POINT('',#7926);
#7929=CARTESIAN_POINT('',(0.E0,-2.7E1,4.2E1));
#7930=VERTEX_POINT('',#7929);
#7931=CARTESIAN_POINT('',(0.E0,-2.7E1,4.E1));
#7932=VERTEX_POINT('',#7931);
#7933=CARTESIAN_POINT('',(-2.E0,-1.542287565553E1,4.2E1));
#7934=CARTESIAN_POINT('',(-2.E0,-1.61E1,4.2E1));
#7935=VERTEX_POINT('',#7933);
#7936=VERTEX_POINT('',#7934);
#7937=CARTESIAN_POINT('',(-2.E0,-1.61E1,4.E1));
#7938=CARTESIAN_POINT('',(-2.E0,-1.542287565553E1,4.E1));
#7939=VERTEX_POINT('',#7937);
#7940=VERTEX_POINT('',#7938);
#7941=CARTESIAN_POINT('',(-4.E0,-1.61E1,4.2E1));
#7942=VERTEX_POINT('',#7941);
#7943=CARTESIAN_POINT('',(-4.E0,-1.61E1,4.E1));
#7944=VERTEX_POINT('',#7943);
#7945=CARTESIAN_POINT('',(-4.E0,-2.11E1,4.2E1));
#7946=VERTEX_POINT('',#7945);
#7947=CARTESIAN_POINT('',(-4.E0,-2.11E1,4.E1));
#7948=VERTEX_POINT('',#7947);
#7949=CARTESIAN_POINT('',(-2.083796919864E0,-2.7E1,4.2E1));
#7950=VERTEX_POINT('',#7949);
#7951=CARTESIAN_POINT('',(-2.083796919864E0,-2.7E1,4.E1));
#7952=VERTEX_POINT('',#7951);
#7953=CARTESIAN_POINT('',(-3.594448530786E0,-1.3E1,4.2E1));
#7954=CARTESIAN_POINT('',(-2.585786437627E0,-1.400866209316E1,4.2E1));
#7955=VERTEX_POINT('',#7953);
#7956=VERTEX_POINT('',#7954);
#7957=CARTESIAN_POINT('',(-3.594448530786E0,-1.3E1,4.E1));
#7958=CARTESIAN_POINT('',(-2.585786437627E0,-1.400866209316E1,4.E1));
#7959=VERTEX_POINT('',#7957);
#7960=VERTEX_POINT('',#7958);
#7961=CARTESIAN_POINT('',(0.E0,-1.3E1,3.6E1));
#7962=CARTESIAN_POINT('',(0.E0,-1.3E1,3.8E1));
#7963=VERTEX_POINT('',#7961);
#7964=VERTEX_POINT('',#7962);
#7965=CARTESIAN_POINT('',(0.E0,-2.7E1,3.8E1));
#7966=VERTEX_POINT('',#7965);
#7967=CARTESIAN_POINT('',(0.E0,-2.7E1,3.6E1));
#7968=VERTEX_POINT('',#7967);
#7969=CARTESIAN_POINT('',(-2.E0,-1.542287565553E1,3.8E1));
#7970=CARTESIAN_POINT('',(-2.E0,-1.61E1,3.8E1));
#7971=VERTEX_POINT('',#7969);
#7972=VERTEX_POINT('',#7970);
#7973=CARTESIAN_POINT('',(-2.E0,-1.61E1,3.6E1));
#7974=CARTESIAN_POINT('',(-2.E0,-1.542287565553E1,3.6E1));
#7975=VERTEX_POINT('',#7973);
#7976=VERTEX_POINT('',#7974);
#7977=CARTESIAN_POINT('',(-4.E0,-1.61E1,3.8E1));
#7978=VERTEX_POINT('',#7977);
#7979=CARTESIAN_POINT('',(-4.E0,-1.61E1,3.6E1));
#7980=VERTEX_POINT('',#7979);
#7981=CARTESIAN_POINT('',(-4.E0,-2.11E1,3.8E1));
#7982=VERTEX_POINT('',#7981);
#7983=CARTESIAN_POINT('',(-4.E0,-2.11E1,3.6E1));
#7984=VERTEX_POINT('',#7983);
#7985=CARTESIAN_POINT('',(-2.083796919864E0,-2.7E1,3.8E1));
#7986=VERTEX_POINT('',#7985);
#7987=CARTESIAN_POINT('',(-2.083796919864E0,-2.7E1,3.6E1));
#7988=VERTEX_POINT('',#7987);
#7989=CARTESIAN_POINT('',(-3.594448530786E0,-1.3E1,3.8E1));
#7990=CARTESIAN_POINT('',(-2.585786437627E0,-1.400866209316E1,3.8E1));
#7991=VERTEX_POINT('',#7989);
#7992=VERTEX_POINT('',#7990);
#7993=CARTESIAN_POINT('',(-3.594448530786E0,-1.3E1,3.6E1));
#7994=CARTESIAN_POINT('',(-2.585786437627E0,-1.400866209316E1,3.6E1));
#7995=VERTEX_POINT('',#7993);
#7996=VERTEX_POINT('',#7994);
#7997=CARTESIAN_POINT('',(0.E0,-1.3E1,3.2E1));
#7998=CARTESIAN_POINT('',(0.E0,-1.3E1,3.4E1));
#7999=VERTEX_POINT('',#7997);
#8000=VERTEX_POINT('',#7998);
#8001=CARTESIAN_POINT('',(0.E0,-2.7E1,3.4E1));
#8002=VERTEX_POINT('',#8001);
#8003=CARTESIAN_POINT('',(0.E0,-2.7E1,3.2E1));
#8004=VERTEX_POINT('',#8003);
#8005=CARTESIAN_POINT('',(-2.E0,-1.542287565553E1,3.4E1));
#8006=CARTESIAN_POINT('',(-2.E0,-1.61E1,3.4E1));
#8007=VERTEX_POINT('',#8005);
#8008=VERTEX_POINT('',#8006);
#8009=CARTESIAN_POINT('',(-2.E0,-1.61E1,3.2E1));
#8010=CARTESIAN_POINT('',(-2.E0,-1.542287565553E1,3.2E1));
#8011=VERTEX_POINT('',#8009);
#8012=VERTEX_POINT('',#8010);
#8013=CARTESIAN_POINT('',(-4.E0,-1.61E1,3.4E1));
#8014=VERTEX_POINT('',#8013);
#8015=CARTESIAN_POINT('',(-4.E0,-1.61E1,3.2E1));
#8016=VERTEX_POINT('',#8015);
#8017=CARTESIAN_POINT('',(-4.E0,-2.11E1,3.4E1));
#8018=VERTEX_POINT('',#8017);
#8019=CARTESIAN_POINT('',(-4.E0,-2.11E1,3.2E1));
#8020=VERTEX_POINT('',#8019);
#8021=CARTESIAN_POINT('',(-2.083796919864E0,-2.7E1,3.4E1));
#8022=VERTEX_POINT('',#8021);
#8023=CARTESIAN_POINT('',(-2.083796919864E0,-2.7E1,3.2E1));
#8024=VERTEX_POINT('',#8023);
#8025=CARTESIAN_POINT('',(-3.594448530786E0,-1.3E1,3.4E1));
#8026=CARTESIAN_POINT('',(-2.585786437627E0,-1.400866209316E1,3.4E1));
#8027=VERTEX_POINT('',#8025);
#8028=VERTEX_POINT('',#8026);
#8029=CARTESIAN_POINT('',(-3.594448530786E0,-1.3E1,3.2E1));
#8030=CARTESIAN_POINT('',(-2.585786437627E0,-1.400866209316E1,3.2E1));
#8031=VERTEX_POINT('',#8029);
#8032=VERTEX_POINT('',#8030);
#8033=CARTESIAN_POINT('',(0.E0,-1.3E1,2.8E1));
#8034=CARTESIAN_POINT('',(0.E0,-1.3E1,3.E1));
#8035=VERTEX_POINT('',#8033);
#8036=VERTEX_POINT('',#8034);
#8037=CARTESIAN_POINT('',(0.E0,-2.7E1,3.E1));
#8038=VERTEX_POINT('',#8037);
#8039=CARTESIAN_POINT('',(0.E0,-2.7E1,2.8E1));
#8040=VERTEX_POINT('',#8039);
#8041=CARTESIAN_POINT('',(-2.E0,-1.542287565553E1,3.E1));
#8042=CARTESIAN_POINT('',(-2.E0,-1.61E1,3.E1));
#8043=VERTEX_POINT('',#8041);
#8044=VERTEX_POINT('',#8042);
#8045=CARTESIAN_POINT('',(-2.E0,-1.61E1,2.8E1));
#8046=CARTESIAN_POINT('',(-2.E0,-1.542287565553E1,2.8E1));
#8047=VERTEX_POINT('',#8045);
#8048=VERTEX_POINT('',#8046);
#8049=CARTESIAN_POINT('',(-4.E0,-1.61E1,3.E1));
#8050=VERTEX_POINT('',#8049);
#8051=CARTESIAN_POINT('',(-4.E0,-1.61E1,2.8E1));
#8052=VERTEX_POINT('',#8051);
#8053=CARTESIAN_POINT('',(-4.E0,-2.11E1,3.E1));
#8054=VERTEX_POINT('',#8053);
#8055=CARTESIAN_POINT('',(-4.E0,-2.11E1,2.8E1));
#8056=VERTEX_POINT('',#8055);
#8057=CARTESIAN_POINT('',(-2.083796919864E0,-2.7E1,3.E1));
#8058=VERTEX_POINT('',#8057);
#8059=CARTESIAN_POINT('',(-2.083796919864E0,-2.7E1,2.8E1));
#8060=VERTEX_POINT('',#8059);
#8061=CARTESIAN_POINT('',(-3.594448530786E0,-1.3E1,3.E1));
#8062=CARTESIAN_POINT('',(-2.585786437627E0,-1.400866209316E1,3.E1));
#8063=VERTEX_POINT('',#8061);
#8064=VERTEX_POINT('',#8062);
#8065=CARTESIAN_POINT('',(-3.594448530786E0,-1.3E1,2.8E1));
#8066=CARTESIAN_POINT('',(-2.585786437627E0,-1.400866209316E1,2.8E1));
#8067=VERTEX_POINT('',#8065);
#8068=VERTEX_POINT('',#8066);
#8069=CARTESIAN_POINT('',(-9.E1,-1.3E1,4.6E1));
#8070=CARTESIAN_POINT('',(-9.E1,-1.3E1,4.4E1));
#8071=VERTEX_POINT('',#8069);
#8072=VERTEX_POINT('',#8070);
#8073=CARTESIAN_POINT('',(-9.E1,-4.E1,4.4E1));
#8074=VERTEX_POINT('',#8073);
#8075=CARTESIAN_POINT('',(-9.E1,-4.E1,4.6E1));
#8076=VERTEX_POINT('',#8075);
#8077=CARTESIAN_POINT('',(-8.8E1,-1.3E1,4.6E1));
#8078=CARTESIAN_POINT('',(-8.8E1,-1.3E1,4.4E1));
#8079=VERTEX_POINT('',#8077);
#8080=VERTEX_POINT('',#8078);
#8081=CARTESIAN_POINT('',(-8.8E1,-3.8E1,4.4E1));
#8082=VERTEX_POINT('',#8081);
#8083=CARTESIAN_POINT('',(-8.8E1,-3.8E1,4.6E1));
#8084=VERTEX_POINT('',#8083);
#8085=CARTESIAN_POINT('',(-9.E1,-1.3E1,5.E1));
#8086=CARTESIAN_POINT('',(-9.E1,-1.3E1,4.8E1));
#8087=VERTEX_POINT('',#8085);
#8088=VERTEX_POINT('',#8086);
#8089=CARTESIAN_POINT('',(-9.E1,-4.E1,4.8E1));
#8090=VERTEX_POINT('',#8089);
#8091=CARTESIAN_POINT('',(-9.E1,-4.E1,5.E1));
#8092=VERTEX_POINT('',#8091);
#8093=CARTESIAN_POINT('',(-8.8E1,-1.3E1,5.E1));
#8094=CARTESIAN_POINT('',(-8.8E1,-1.3E1,4.8E1));
#8095=VERTEX_POINT('',#8093);
#8096=VERTEX_POINT('',#8094);
#8097=CARTESIAN_POINT('',(-8.8E1,-3.8E1,4.8E1));
#8098=VERTEX_POINT('',#8097);
#8099=CARTESIAN_POINT('',(-8.8E1,-3.8E1,5.E1));
#8100=VERTEX_POINT('',#8099);
#8101=CARTESIAN_POINT('',(-9.E1,-1.3E1,5.4E1));
#8102=CARTESIAN_POINT('',(-9.E1,-1.3E1,5.2E1));
#8103=VERTEX_POINT('',#8101);
#8104=VERTEX_POINT('',#8102);
#8105=CARTESIAN_POINT('',(-9.E1,-4.E1,5.2E1));
#8106=VERTEX_POINT('',#8105);
#8107=CARTESIAN_POINT('',(-9.E1,-4.E1,5.4E1));
#8108=VERTEX_POINT('',#8107);
#8109=CARTESIAN_POINT('',(-8.8E1,-1.3E1,5.4E1));
#8110=CARTESIAN_POINT('',(-8.8E1,-1.3E1,5.2E1));
#8111=VERTEX_POINT('',#8109);
#8112=VERTEX_POINT('',#8110);
#8113=CARTESIAN_POINT('',(-8.8E1,-3.8E1,5.2E1));
#8114=VERTEX_POINT('',#8113);
#8115=CARTESIAN_POINT('',(-8.8E1,-3.8E1,5.4E1));
#8116=VERTEX_POINT('',#8115);
#8117=CARTESIAN_POINT('',(-9.E1,-1.3E1,5.8E1));
#8118=CARTESIAN_POINT('',(-9.E1,-1.3E1,5.6E1));
#8119=VERTEX_POINT('',#8117);
#8120=VERTEX_POINT('',#8118);
#8121=CARTESIAN_POINT('',(-9.E1,-4.E1,5.6E1));
#8122=VERTEX_POINT('',#8121);
#8123=CARTESIAN_POINT('',(-9.E1,-4.E1,5.8E1));
#8124=VERTEX_POINT('',#8123);
#8125=CARTESIAN_POINT('',(-8.8E1,-1.3E1,5.8E1));
#8126=CARTESIAN_POINT('',(-8.8E1,-1.3E1,5.6E1));
#8127=VERTEX_POINT('',#8125);
#8128=VERTEX_POINT('',#8126);
#8129=CARTESIAN_POINT('',(-8.8E1,-3.8E1,5.6E1));
#8130=VERTEX_POINT('',#8129);
#8131=CARTESIAN_POINT('',(-8.8E1,-3.8E1,5.8E1));
#8132=VERTEX_POINT('',#8131);
#8133=CARTESIAN_POINT('',(-9.E1,-1.3E1,6.2E1));
#8134=CARTESIAN_POINT('',(-9.E1,-1.3E1,6.E1));
#8135=VERTEX_POINT('',#8133);
#8136=VERTEX_POINT('',#8134);
#8137=CARTESIAN_POINT('',(-9.E1,-4.E1,6.E1));
#8138=VERTEX_POINT('',#8137);
#8139=CARTESIAN_POINT('',(-9.E1,-4.E1,6.2E1));
#8140=VERTEX_POINT('',#8139);
#8141=CARTESIAN_POINT('',(-8.8E1,-1.3E1,6.2E1));
#8142=CARTESIAN_POINT('',(-8.8E1,-1.3E1,6.E1));
#8143=VERTEX_POINT('',#8141);
#8144=VERTEX_POINT('',#8142);
#8145=CARTESIAN_POINT('',(-8.8E1,-3.8E1,6.E1));
#8146=VERTEX_POINT('',#8145);
#8147=CARTESIAN_POINT('',(-8.8E1,-3.8E1,6.2E1));
#8148=VERTEX_POINT('',#8147);
#8149=CARTESIAN_POINT('',(-4.6E1,-1.3E1,0.E0));
#8150=CARTESIAN_POINT('',(-4.4E1,-1.3E1,0.E0));
#8151=VERTEX_POINT('',#8149);
#8152=VERTEX_POINT('',#8150);
#8153=CARTESIAN_POINT('',(-4.4E1,-2.7E1,0.E0));
#8154=VERTEX_POINT('',#8153);
#8155=CARTESIAN_POINT('',(-4.6E1,-2.7E1,0.E0));
#8156=VERTEX_POINT('',#8155);
#8157=CARTESIAN_POINT('',(-4.6E1,-1.3E1,2.E0));
#8158=CARTESIAN_POINT('',(-4.4E1,-1.3E1,2.E0));
#8159=VERTEX_POINT('',#8157);
#8160=VERTEX_POINT('',#8158);
#8161=CARTESIAN_POINT('',(-4.4E1,-2.7E1,2.E0));
#8162=VERTEX_POINT('',#8161);
#8163=CARTESIAN_POINT('',(-4.6E1,-2.7E1,2.E0));
#8164=VERTEX_POINT('',#8163);
#8165=CARTESIAN_POINT('',(-5.E1,-1.3E1,0.E0));
#8166=CARTESIAN_POINT('',(-4.8E1,-1.3E1,0.E0));
#8167=VERTEX_POINT('',#8165);
#8168=VERTEX_POINT('',#8166);
#8169=CARTESIAN_POINT('',(-4.8E1,-2.7E1,0.E0));
#8170=VERTEX_POINT('',#8169);
#8171=CARTESIAN_POINT('',(-5.E1,-2.7E1,0.E0));
#8172=VERTEX_POINT('',#8171);
#8173=CARTESIAN_POINT('',(-5.E1,-1.3E1,2.E0));
#8174=CARTESIAN_POINT('',(-4.8E1,-1.3E1,2.E0));
#8175=VERTEX_POINT('',#8173);
#8176=VERTEX_POINT('',#8174);
#8177=CARTESIAN_POINT('',(-4.8E1,-2.7E1,2.E0));
#8178=VERTEX_POINT('',#8177);
#8179=CARTESIAN_POINT('',(-5.E1,-2.7E1,2.E0));
#8180=VERTEX_POINT('',#8179);
#8181=CARTESIAN_POINT('',(-5.4E1,-1.3E1,0.E0));
#8182=CARTESIAN_POINT('',(-5.2E1,-1.3E1,0.E0));
#8183=VERTEX_POINT('',#8181);
#8184=VERTEX_POINT('',#8182);
#8185=CARTESIAN_POINT('',(-5.2E1,-2.7E1,0.E0));
#8186=VERTEX_POINT('',#8185);
#8187=CARTESIAN_POINT('',(-5.4E1,-2.7E1,0.E0));
#8188=VERTEX_POINT('',#8187);
#8189=CARTESIAN_POINT('',(-5.4E1,-1.3E1,2.E0));
#8190=CARTESIAN_POINT('',(-5.2E1,-1.3E1,2.E0));
#8191=VERTEX_POINT('',#8189);
#8192=VERTEX_POINT('',#8190);
#8193=CARTESIAN_POINT('',(-5.2E1,-2.7E1,2.E0));
#8194=VERTEX_POINT('',#8193);
#8195=CARTESIAN_POINT('',(-5.4E1,-2.7E1,2.E0));
#8196=VERTEX_POINT('',#8195);
#8197=CARTESIAN_POINT('',(-5.8E1,-1.3E1,0.E0));
#8198=CARTESIAN_POINT('',(-5.6E1,-1.3E1,0.E0));
#8199=VERTEX_POINT('',#8197);
#8200=VERTEX_POINT('',#8198);
#8201=CARTESIAN_POINT('',(-5.6E1,-2.7E1,0.E0));
#8202=VERTEX_POINT('',#8201);
#8203=CARTESIAN_POINT('',(-5.8E1,-2.7E1,0.E0));
#8204=VERTEX_POINT('',#8203);
#8205=CARTESIAN_POINT('',(-5.8E1,-1.3E1,2.E0));
#8206=CARTESIAN_POINT('',(-5.6E1,-1.3E1,2.E0));
#8207=VERTEX_POINT('',#8205);
#8208=VERTEX_POINT('',#8206);
#8209=CARTESIAN_POINT('',(-5.6E1,-2.7E1,2.E0));
#8210=VERTEX_POINT('',#8209);
#8211=CARTESIAN_POINT('',(-5.8E1,-2.7E1,2.E0));
#8212=VERTEX_POINT('',#8211);
#8213=CARTESIAN_POINT('',(-6.2E1,-1.3E1,0.E0));
#8214=CARTESIAN_POINT('',(-6.E1,-1.3E1,0.E0));
#8215=VERTEX_POINT('',#8213);
#8216=VERTEX_POINT('',#8214);
#8217=CARTESIAN_POINT('',(-6.E1,-2.7E1,0.E0));
#8218=VERTEX_POINT('',#8217);
#8219=CARTESIAN_POINT('',(-6.2E1,-2.7E1,0.E0));
#8220=VERTEX_POINT('',#8219);
#8221=CARTESIAN_POINT('',(-6.2E1,-1.3E1,2.E0));
#8222=CARTESIAN_POINT('',(-6.E1,-1.3E1,2.E0));
#8223=VERTEX_POINT('',#8221);
#8224=VERTEX_POINT('',#8222);
#8225=CARTESIAN_POINT('',(-6.E1,-2.7E1,2.E0));
#8226=VERTEX_POINT('',#8225);
#8227=CARTESIAN_POINT('',(-6.2E1,-2.7E1,2.E0));
#8228=VERTEX_POINT('',#8227);
#8229=CARTESIAN_POINT('',(-4.4E1,-1.3E1,9.E1));
#8230=CARTESIAN_POINT('',(-4.6E1,-1.3E1,9.E1));
#8231=VERTEX_POINT('',#8229);
#8232=VERTEX_POINT('',#8230);
#8233=CARTESIAN_POINT('',(-4.6E1,-2.7E1,9.E1));
#8234=VERTEX_POINT('',#8233);
#8235=CARTESIAN_POINT('',(-4.4E1,-2.7E1,9.E1));
#8236=VERTEX_POINT('',#8235);
#8237=CARTESIAN_POINT('',(-4.4E1,-1.3E1,8.8E1));
#8238=CARTESIAN_POINT('',(-4.6E1,-1.3E1,8.8E1));
#8239=VERTEX_POINT('',#8237);
#8240=VERTEX_POINT('',#8238);
#8241=CARTESIAN_POINT('',(-4.6E1,-2.7E1,8.8E1));
#8242=VERTEX_POINT('',#8241);
#8243=CARTESIAN_POINT('',(-4.4E1,-2.7E1,8.8E1));
#8244=VERTEX_POINT('',#8243);
#8245=CARTESIAN_POINT('',(-4.8E1,-1.3E1,9.E1));
#8246=CARTESIAN_POINT('',(-5.E1,-1.3E1,9.E1));
#8247=VERTEX_POINT('',#8245);
#8248=VERTEX_POINT('',#8246);
#8249=CARTESIAN_POINT('',(-5.E1,-2.7E1,9.E1));
#8250=VERTEX_POINT('',#8249);
#8251=CARTESIAN_POINT('',(-4.8E1,-2.7E1,9.E1));
#8252=VERTEX_POINT('',#8251);
#8253=CARTESIAN_POINT('',(-4.8E1,-1.3E1,8.8E1));
#8254=CARTESIAN_POINT('',(-5.E1,-1.3E1,8.8E1));
#8255=VERTEX_POINT('',#8253);
#8256=VERTEX_POINT('',#8254);
#8257=CARTESIAN_POINT('',(-5.E1,-2.7E1,8.8E1));
#8258=VERTEX_POINT('',#8257);
#8259=CARTESIAN_POINT('',(-4.8E1,-2.7E1,8.8E1));
#8260=VERTEX_POINT('',#8259);
#8261=CARTESIAN_POINT('',(-5.2E1,-1.3E1,9.E1));
#8262=CARTESIAN_POINT('',(-5.4E1,-1.3E1,9.E1));
#8263=VERTEX_POINT('',#8261);
#8264=VERTEX_POINT('',#8262);
#8265=CARTESIAN_POINT('',(-5.4E1,-2.7E1,9.E1));
#8266=VERTEX_POINT('',#8265);
#8267=CARTESIAN_POINT('',(-5.2E1,-2.7E1,9.E1));
#8268=VERTEX_POINT('',#8267);
#8269=CARTESIAN_POINT('',(-5.2E1,-1.3E1,8.8E1));
#8270=CARTESIAN_POINT('',(-5.4E1,-1.3E1,8.8E1));
#8271=VERTEX_POINT('',#8269);
#8272=VERTEX_POINT('',#8270);
#8273=CARTESIAN_POINT('',(-5.4E1,-2.7E1,8.8E1));
#8274=VERTEX_POINT('',#8273);
#8275=CARTESIAN_POINT('',(-5.2E1,-2.7E1,8.8E1));
#8276=VERTEX_POINT('',#8275);
#8277=CARTESIAN_POINT('',(-5.6E1,-1.3E1,9.E1));
#8278=CARTESIAN_POINT('',(-5.8E1,-1.3E1,9.E1));
#8279=VERTEX_POINT('',#8277);
#8280=VERTEX_POINT('',#8278);
#8281=CARTESIAN_POINT('',(-5.8E1,-2.7E1,9.E1));
#8282=VERTEX_POINT('',#8281);
#8283=CARTESIAN_POINT('',(-5.6E1,-2.7E1,9.E1));
#8284=VERTEX_POINT('',#8283);
#8285=CARTESIAN_POINT('',(-5.6E1,-1.3E1,8.8E1));
#8286=CARTESIAN_POINT('',(-5.8E1,-1.3E1,8.8E1));
#8287=VERTEX_POINT('',#8285);
#8288=VERTEX_POINT('',#8286);
#8289=CARTESIAN_POINT('',(-5.8E1,-2.7E1,8.8E1));
#8290=VERTEX_POINT('',#8289);
#8291=CARTESIAN_POINT('',(-5.6E1,-2.7E1,8.8E1));
#8292=VERTEX_POINT('',#8291);
#8293=CARTESIAN_POINT('',(-6.E1,-1.3E1,9.E1));
#8294=CARTESIAN_POINT('',(-6.2E1,-1.3E1,9.E1));
#8295=VERTEX_POINT('',#8293);
#8296=VERTEX_POINT('',#8294);
#8297=CARTESIAN_POINT('',(-6.2E1,-2.7E1,9.E1));
#8298=VERTEX_POINT('',#8297);
#8299=CARTESIAN_POINT('',(-6.E1,-2.7E1,9.E1));
#8300=VERTEX_POINT('',#8299);
#8301=CARTESIAN_POINT('',(-6.E1,-1.3E1,8.8E1));
#8302=CARTESIAN_POINT('',(-6.2E1,-1.3E1,8.8E1));
#8303=VERTEX_POINT('',#8301);
#8304=VERTEX_POINT('',#8302);
#8305=CARTESIAN_POINT('',(-6.2E1,-2.7E1,8.8E1));
#8306=VERTEX_POINT('',#8305);
#8307=CARTESIAN_POINT('',(-6.E1,-2.7E1,8.8E1));
#8308=VERTEX_POINT('',#8307);
#8309=CARTESIAN_POINT('',(-3.475E1,-1.31E1,8.8E1));
#8310=CARTESIAN_POINT('',(-3.675E1,-1.51E1,8.8E1));
#8311=VERTEX_POINT('',#8309);
#8312=VERTEX_POINT('',#8310);
#8313=CARTESIAN_POINT('',(-3.675E1,-2.49E1,8.8E1));
#8314=CARTESIAN_POINT('',(-3.475E1,-2.69E1,8.8E1));
#8315=VERTEX_POINT('',#8313);
#8316=VERTEX_POINT('',#8314);
#8317=CARTESIAN_POINT('',(-3.325E1,-2.69E1,8.8E1));
#8318=VERTEX_POINT('',#8317);
#8319=CARTESIAN_POINT('',(-3.125E1,-2.49E1,8.8E1));
#8320=VERTEX_POINT('',#8319);
#8321=CARTESIAN_POINT('',(-3.125E1,-1.51E1,8.8E1));
#8322=VERTEX_POINT('',#8321);
#8323=CARTESIAN_POINT('',(-3.325E1,-1.31E1,8.8E1));
#8324=VERTEX_POINT('',#8323);
#8325=CARTESIAN_POINT('',(-3.125E1,-2.49E1,8.95E1));
#8326=CARTESIAN_POINT('',(-3.325E1,-2.69E1,8.95E1));
#8327=VERTEX_POINT('',#8325);
#8328=VERTEX_POINT('',#8326);
#8329=CARTESIAN_POINT('',(-3.075E1,-2.49E1,9.E1));
#8330=CARTESIAN_POINT('',(-3.325E1,-2.74E1,9.E1));
#8331=VERTEX_POINT('',#8329);
#8332=VERTEX_POINT('',#8330);
#8333=CARTESIAN_POINT('',(-3.075000000172E1,-1.509999999993E1,
8.999999999828E1));
#8334=VERTEX_POINT('',#8333);
#8335=CARTESIAN_POINT('',(-3.125000000103E1,-1.509999999996E1,
8.949999999897E1));
#8336=VERTEX_POINT('',#8335);
#8337=CARTESIAN_POINT('',(-3.325E1,-1.26E1,9.E1));
#8338=VERTEX_POINT('',#8337);
#8339=CARTESIAN_POINT('',(-3.325E1,-1.31E1,8.95E1));
#8340=VERTEX_POINT('',#8339);
#8341=CARTESIAN_POINT('',(-3.475000001627E1,-2.739999999831E1,
8.999999999831E1));
#8342=VERTEX_POINT('',#8341);
#8343=CARTESIAN_POINT('',(-3.475000000976E1,-2.689999999899E1,
8.949999999899E1));
#8344=VERTEX_POINT('',#8343);
#8345=CARTESIAN_POINT('',(-3.725E1,-2.49E1,9.E1));
#8346=VERTEX_POINT('',#8345);
#8347=CARTESIAN_POINT('',(-3.675E1,-2.49E1,8.95E1));
#8348=VERTEX_POINT('',#8347);
#8349=CARTESIAN_POINT('',(-3.724999999831E1,-1.509999998373E1,
8.999999999831E1));
#8350=VERTEX_POINT('',#8349);
#8351=CARTESIAN_POINT('',(-3.674999999899E1,-1.509999999024E1,
8.949999999899E1));
#8352=VERTEX_POINT('',#8351);
#8353=CARTESIAN_POINT('',(-3.475E1,-1.26E1,9.E1));
#8354=VERTEX_POINT('',#8353);
#8355=CARTESIAN_POINT('',(-3.475E1,-1.31E1,8.95E1));
#8356=VERTEX_POINT('',#8355);
#8357=CARTESIAN_POINT('',(-9.E0,-4.E1,4.4E1));
#8358=CARTESIAN_POINT('',(-9.E0,-4.E1,4.6E1));
#8359=VERTEX_POINT('',#8357);
#8360=VERTEX_POINT('',#8358);
#8361=CARTESIAN_POINT('',(-3.1E1,-4.E1,4.6E1));
#8362=VERTEX_POINT('',#8361);
#8363=CARTESIAN_POINT('',(-3.1E1,-4.E1,4.4E1));
#8364=VERTEX_POINT('',#8363);
#8365=CARTESIAN_POINT('',(-9.E0,-4.E1,4.8E1));
#8366=CARTESIAN_POINT('',(-9.E0,-4.E1,5.E1));
#8367=VERTEX_POINT('',#8365);
#8368=VERTEX_POINT('',#8366);
#8369=CARTESIAN_POINT('',(-3.1E1,-4.E1,5.E1));
#8370=VERTEX_POINT('',#8369);
#8371=CARTESIAN_POINT('',(-3.1E1,-4.E1,4.8E1));
#8372=VERTEX_POINT('',#8371);
#8373=CARTESIAN_POINT('',(-9.E0,-4.E1,5.2E1));
#8374=CARTESIAN_POINT('',(-9.E0,-4.E1,5.4E1));
#8375=VERTEX_POINT('',#8373);
#8376=VERTEX_POINT('',#8374);
#8377=CARTESIAN_POINT('',(-3.1E1,-4.E1,5.4E1));
#8378=VERTEX_POINT('',#8377);
#8379=CARTESIAN_POINT('',(-3.1E1,-4.E1,5.2E1));
#8380=VERTEX_POINT('',#8379);
#8381=CARTESIAN_POINT('',(-9.E0,-4.E1,5.6E1));
#8382=CARTESIAN_POINT('',(-9.E0,-4.E1,5.8E1));
#8383=VERTEX_POINT('',#8381);
#8384=VERTEX_POINT('',#8382);
#8385=CARTESIAN_POINT('',(-3.1E1,-4.E1,5.8E1));
#8386=VERTEX_POINT('',#8385);
#8387=CARTESIAN_POINT('',(-3.1E1,-4.E1,5.6E1));
#8388=VERTEX_POINT('',#8387);
#8389=CARTESIAN_POINT('',(-9.E0,-4.E1,6.E1));
#8390=CARTESIAN_POINT('',(-9.E0,-4.E1,6.2E1));
#8391=VERTEX_POINT('',#8389);
#8392=VERTEX_POINT('',#8390);
#8393=CARTESIAN_POINT('',(-3.1E1,-4.E1,6.2E1));
#8394=VERTEX_POINT('',#8393);
#8395=CARTESIAN_POINT('',(-3.1E1,-4.E1,6.E1));
#8396=VERTEX_POINT('',#8395);
#8397=CARTESIAN_POINT('',(-9.E0,-4.E1,6.4E1));
#8398=CARTESIAN_POINT('',(-9.E0,-4.E1,6.6E1));
#8399=VERTEX_POINT('',#8397);
#8400=VERTEX_POINT('',#8398);
#8401=CARTESIAN_POINT('',(-3.1E1,-4.E1,6.6E1));
#8402=VERTEX_POINT('',#8401);
#8403=CARTESIAN_POINT('',(-3.1E1,-4.E1,6.4E1));
#8404=VERTEX_POINT('',#8403);
#8405=CARTESIAN_POINT('',(-9.E0,-4.E1,6.8E1));
#8406=CARTESIAN_POINT('',(-9.E0,-4.E1,7.E1));
#8407=VERTEX_POINT('',#8405);
#8408=VERTEX_POINT('',#8406);
#8409=CARTESIAN_POINT('',(-3.1E1,-4.E1,7.E1));
#8410=VERTEX_POINT('',#8409);
#8411=CARTESIAN_POINT('',(-3.1E1,-4.E1,6.8E1));
#8412=VERTEX_POINT('',#8411);
#8413=CARTESIAN_POINT('',(-9.E0,-4.E1,7.2E1));
#8414=CARTESIAN_POINT('',(-9.E0,-4.E1,7.4E1));
#8415=VERTEX_POINT('',#8413);
#8416=VERTEX_POINT('',#8414);
#8417=CARTESIAN_POINT('',(-3.1E1,-4.E1,7.4E1));
#8418=VERTEX_POINT('',#8417);
#8419=CARTESIAN_POINT('',(-3.1E1,-4.E1,7.2E1));
#8420=VERTEX_POINT('',#8419);
#8421=CARTESIAN_POINT('',(-9.E0,-4.E1,7.6E1));
#8422=CARTESIAN_POINT('',(-9.E0,-4.E1,7.8E1));
#8423=VERTEX_POINT('',#8421);
#8424=VERTEX_POINT('',#8422);
#8425=CARTESIAN_POINT('',(-3.1E1,-4.E1,7.8E1));
#8426=VERTEX_POINT('',#8425);
#8427=CARTESIAN_POINT('',(-3.1E1,-4.E1,7.6E1));
#8428=VERTEX_POINT('',#8427);
#8429=CARTESIAN_POINT('',(-9.E0,-4.E1,8.E1));
#8430=CARTESIAN_POINT('',(-9.E0,-4.E1,8.2E1));
#8431=VERTEX_POINT('',#8429);
#8432=VERTEX_POINT('',#8430);
#8433=CARTESIAN_POINT('',(-3.1E1,-4.E1,8.2E1));
#8434=VERTEX_POINT('',#8433);
#8435=CARTESIAN_POINT('',(-3.1E1,-4.E1,8.E1));
#8436=VERTEX_POINT('',#8435);
#8437=CARTESIAN_POINT('',(-9.E0,-3.8E1,8.2E1));
#8438=CARTESIAN_POINT('',(-3.1E1,-3.8E1,8.2E1));
#8439=VERTEX_POINT('',#8437);
#8440=VERTEX_POINT('',#8438);
#8441=CARTESIAN_POINT('',(-9.E0,-4.E1,4.2E1));
#8442=CARTESIAN_POINT('',(-9.E0,-4.E1,4.E1));
#8443=VERTEX_POINT('',#8441);
#8444=VERTEX_POINT('',#8442);
#8445=CARTESIAN_POINT('',(-3.1E1,-4.E1,4.E1));
#8446=VERTEX_POINT('',#8445);
#8447=CARTESIAN_POINT('',(-3.1E1,-4.E1,4.2E1));
#8448=VERTEX_POINT('',#8447);
#8449=CARTESIAN_POINT('',(-9.E0,-4.E1,3.8E1));
#8450=CARTESIAN_POINT('',(-9.E0,-4.E1,3.6E1));
#8451=VERTEX_POINT('',#8449);
#8452=VERTEX_POINT('',#8450);
#8453=CARTESIAN_POINT('',(-3.1E1,-4.E1,3.6E1));
#8454=VERTEX_POINT('',#8453);
#8455=CARTESIAN_POINT('',(-3.1E1,-4.E1,3.8E1));
#8456=VERTEX_POINT('',#8455);
#8457=CARTESIAN_POINT('',(-9.E0,-4.E1,3.4E1));
#8458=CARTESIAN_POINT('',(-9.E0,-4.E1,3.2E1));
#8459=VERTEX_POINT('',#8457);
#8460=VERTEX_POINT('',#8458);
#8461=CARTESIAN_POINT('',(-3.1E1,-4.E1,3.2E1));
#8462=VERTEX_POINT('',#8461);
#8463=CARTESIAN_POINT('',(-3.1E1,-4.E1,3.4E1));
#8464=VERTEX_POINT('',#8463);
#8465=CARTESIAN_POINT('',(-9.E0,-4.E1,3.E1));
#8466=CARTESIAN_POINT('',(-9.E0,-4.E1,2.8E1));
#8467=VERTEX_POINT('',#8465);
#8468=VERTEX_POINT('',#8466);
#8469=CARTESIAN_POINT('',(-3.1E1,-4.E1,2.8E1));
#8470=VERTEX_POINT('',#8469);
#8471=CARTESIAN_POINT('',(-3.1E1,-4.E1,3.E1));
#8472=VERTEX_POINT('',#8471);
#8473=CARTESIAN_POINT('',(-9.E0,-4.E1,2.6E1));
#8474=CARTESIAN_POINT('',(-9.E0,-4.E1,2.4E1));
#8475=VERTEX_POINT('',#8473);
#8476=VERTEX_POINT('',#8474);
#8477=CARTESIAN_POINT('',(-3.1E1,-4.E1,2.4E1));
#8478=VERTEX_POINT('',#8477);
#8479=CARTESIAN_POINT('',(-3.1E1,-4.E1,2.6E1));
#8480=VERTEX_POINT('',#8479);
#8481=CARTESIAN_POINT('',(-9.E0,-4.E1,2.2E1));
#8482=CARTESIAN_POINT('',(-9.E0,-4.E1,2.E1));
#8483=VERTEX_POINT('',#8481);
#8484=VERTEX_POINT('',#8482);
#8485=CARTESIAN_POINT('',(-3.1E1,-4.E1,2.E1));
#8486=VERTEX_POINT('',#8485);
#8487=CARTESIAN_POINT('',(-3.1E1,-4.E1,2.2E1));
#8488=VERTEX_POINT('',#8487);
#8489=CARTESIAN_POINT('',(-9.E0,-4.E1,1.8E1));
#8490=CARTESIAN_POINT('',(-9.E0,-4.E1,1.6E1));
#8491=VERTEX_POINT('',#8489);
#8492=VERTEX_POINT('',#8490);
#8493=CARTESIAN_POINT('',(-3.1E1,-4.E1,1.6E1));
#8494=VERTEX_POINT('',#8493);
#8495=CARTESIAN_POINT('',(-3.1E1,-4.E1,1.8E1));
#8496=VERTEX_POINT('',#8495);
#8497=CARTESIAN_POINT('',(-9.E0,-4.E1,1.4E1));
#8498=CARTESIAN_POINT('',(-9.E0,-4.E1,1.2E1));
#8499=VERTEX_POINT('',#8497);
#8500=VERTEX_POINT('',#8498);
#8501=CARTESIAN_POINT('',(-3.1E1,-4.E1,1.2E1));
#8502=VERTEX_POINT('',#8501);
#8503=CARTESIAN_POINT('',(-3.1E1,-4.E1,1.4E1));
#8504=VERTEX_POINT('',#8503);
#8505=CARTESIAN_POINT('',(-9.E0,-4.E1,1.E1));
#8506=CARTESIAN_POINT('',(-9.E0,-4.E1,8.E0));
#8507=VERTEX_POINT('',#8505);
#8508=VERTEX_POINT('',#8506);
#8509=CARTESIAN_POINT('',(-3.1E1,-4.E1,8.E0));
#8510=VERTEX_POINT('',#8509);
#8511=CARTESIAN_POINT('',(-3.1E1,-4.E1,1.E1));
#8512=VERTEX_POINT('',#8511);
#8513=CARTESIAN_POINT('',(0.E0,-1.3E1,5.E1));
#8514=CARTESIAN_POINT('',(-2.E0,-1.3E1,5.E1));
#8515=VERTEX_POINT('',#8513);
#8516=VERTEX_POINT('',#8514);
#8517=CARTESIAN_POINT('',(0.E0,-1.3E1,4.8E1));
#8518=CARTESIAN_POINT('',(-2.E0,-1.3E1,4.8E1));
#8519=VERTEX_POINT('',#8517);
#8520=VERTEX_POINT('',#8518);
#8521=CARTESIAN_POINT('',(0.E0,-2.7E1,4.8E1));
#8522=CARTESIAN_POINT('',(-2.E0,-2.7E1,4.8E1));
#8523=VERTEX_POINT('',#8521);
#8524=VERTEX_POINT('',#8522);
#8525=CARTESIAN_POINT('',(0.E0,-2.7E1,5.E1));
#8526=CARTESIAN_POINT('',(-2.E0,-2.7E1,5.E1));
#8527=VERTEX_POINT('',#8525);
#8528=VERTEX_POINT('',#8526);
#8529=CARTESIAN_POINT('',(0.E0,-1.3E1,5.4E1));
#8530=CARTESIAN_POINT('',(-2.E0,-1.3E1,5.4E1));
#8531=VERTEX_POINT('',#8529);
#8532=VERTEX_POINT('',#8530);
#8533=CARTESIAN_POINT('',(0.E0,-1.3E1,5.2E1));
#8534=CARTESIAN_POINT('',(-2.E0,-1.3E1,5.2E1));
#8535=VERTEX_POINT('',#8533);
#8536=VERTEX_POINT('',#8534);
#8537=CARTESIAN_POINT('',(0.E0,-2.7E1,5.2E1));
#8538=CARTESIAN_POINT('',(-2.E0,-2.7E1,5.2E1));
#8539=VERTEX_POINT('',#8537);
#8540=VERTEX_POINT('',#8538);
#8541=CARTESIAN_POINT('',(0.E0,-2.7E1,5.4E1));
#8542=CARTESIAN_POINT('',(-2.E0,-2.7E1,5.4E1));
#8543=VERTEX_POINT('',#8541);
#8544=VERTEX_POINT('',#8542);
#8545=CARTESIAN_POINT('',(0.E0,-1.3E1,5.8E1));
#8546=CARTESIAN_POINT('',(-2.E0,-1.3E1,5.8E1));
#8547=VERTEX_POINT('',#8545);
#8548=VERTEX_POINT('',#8546);
#8549=CARTESIAN_POINT('',(0.E0,-1.3E1,5.6E1));
#8550=CARTESIAN_POINT('',(-2.E0,-1.3E1,5.6E1));
#8551=VERTEX_POINT('',#8549);
#8552=VERTEX_POINT('',#8550);
#8553=CARTESIAN_POINT('',(0.E0,-2.7E1,5.6E1));
#8554=CARTESIAN_POINT('',(-2.E0,-2.7E1,5.6E1));
#8555=VERTEX_POINT('',#8553);
#8556=VERTEX_POINT('',#8554);
#8557=CARTESIAN_POINT('',(0.E0,-2.7E1,5.8E1));
#8558=CARTESIAN_POINT('',(-2.E0,-2.7E1,5.8E1));
#8559=VERTEX_POINT('',#8557);
#8560=VERTEX_POINT('',#8558);
#8561=CARTESIAN_POINT('',(0.E0,-1.3E1,6.2E1));
#8562=CARTESIAN_POINT('',(-2.E0,-1.3E1,6.2E1));
#8563=VERTEX_POINT('',#8561);
#8564=VERTEX_POINT('',#8562);
#8565=CARTESIAN_POINT('',(0.E0,-1.3E1,6.E1));
#8566=CARTESIAN_POINT('',(-2.E0,-1.3E1,6.E1));
#8567=VERTEX_POINT('',#8565);
#8568=VERTEX_POINT('',#8566);
#8569=CARTESIAN_POINT('',(0.E0,-2.7E1,6.E1));
#8570=CARTESIAN_POINT('',(-2.E0,-2.7E1,6.E1));
#8571=VERTEX_POINT('',#8569);
#8572=VERTEX_POINT('',#8570);
#8573=CARTESIAN_POINT('',(0.E0,-2.7E1,6.2E1));
#8574=CARTESIAN_POINT('',(-2.E0,-2.7E1,6.2E1));
#8575=VERTEX_POINT('',#8573);
#8576=VERTEX_POINT('',#8574);
#8577=CARTESIAN_POINT('',(-9.E1,-1.3E1,4.E1));
#8578=CARTESIAN_POINT('',(-8.8E1,-1.3E1,4.E1));
#8579=VERTEX_POINT('',#8577);
#8580=VERTEX_POINT('',#8578);
#8581=CARTESIAN_POINT('',(-9.E1,-1.3E1,4.2E1));
#8582=CARTESIAN_POINT('',(-8.8E1,-1.3E1,4.2E1));
#8583=VERTEX_POINT('',#8581);
#8584=VERTEX_POINT('',#8582);
#8585=CARTESIAN_POINT('',(-9.E1,-1.3E1,3.6E1));
#8586=CARTESIAN_POINT('',(-8.8E1,-1.3E1,3.6E1));
#8587=VERTEX_POINT('',#8585);
#8588=VERTEX_POINT('',#8586);
#8589=CARTESIAN_POINT('',(-9.E1,-1.3E1,3.8E1));
#8590=CARTESIAN_POINT('',(-8.8E1,-1.3E1,3.8E1));
#8591=VERTEX_POINT('',#8589);
#8592=VERTEX_POINT('',#8590);
#8593=CARTESIAN_POINT('',(-9.E1,-1.3E1,3.2E1));
#8594=CARTESIAN_POINT('',(-8.8E1,-1.3E1,3.2E1));
#8595=VERTEX_POINT('',#8593);
#8596=VERTEX_POINT('',#8594);
#8597=CARTESIAN_POINT('',(-9.E1,-1.3E1,3.4E1));
#8598=CARTESIAN_POINT('',(-8.8E1,-1.3E1,3.4E1));
#8599=VERTEX_POINT('',#8597);
#8600=VERTEX_POINT('',#8598);
#8601=CARTESIAN_POINT('',(-9.E1,-1.3E1,2.8E1));
#8602=CARTESIAN_POINT('',(-8.8E1,-1.3E1,2.8E1));
#8603=VERTEX_POINT('',#8601);
#8604=VERTEX_POINT('',#8602);
#8605=CARTESIAN_POINT('',(-9.E1,-1.3E1,3.E1));
#8606=CARTESIAN_POINT('',(-8.8E1,-1.3E1,3.E1));
#8607=VERTEX_POINT('',#8605);
#8608=VERTEX_POINT('',#8606);
#8609=CARTESIAN_POINT('',(-9.E1,-4.E1,4.2E1));
#8610=VERTEX_POINT('',#8609);
#8611=CARTESIAN_POINT('',(-9.E1,-4.E1,4.E1));
#8612=VERTEX_POINT('',#8611);
#8613=CARTESIAN_POINT('',(-8.8E1,-3.8E1,4.2E1));
#8614=VERTEX_POINT('',#8613);
#8615=CARTESIAN_POINT('',(-8.8E1,-3.8E1,4.E1));
#8616=VERTEX_POINT('',#8615);
#8617=CARTESIAN_POINT('',(-9.E1,-4.E1,3.8E1));
#8618=VERTEX_POINT('',#8617);
#8619=CARTESIAN_POINT('',(-9.E1,-4.E1,3.6E1));
#8620=VERTEX_POINT('',#8619);
#8621=CARTESIAN_POINT('',(-8.8E1,-3.8E1,3.8E1));
#8622=VERTEX_POINT('',#8621);
#8623=CARTESIAN_POINT('',(-8.8E1,-3.8E1,3.6E1));
#8624=VERTEX_POINT('',#8623);
#8625=CARTESIAN_POINT('',(-9.E1,-4.E1,3.4E1));
#8626=VERTEX_POINT('',#8625);
#8627=CARTESIAN_POINT('',(-9.E1,-4.E1,3.2E1));
#8628=VERTEX_POINT('',#8627);
#8629=CARTESIAN_POINT('',(-8.8E1,-3.8E1,3.4E1));
#8630=VERTEX_POINT('',#8629);
#8631=CARTESIAN_POINT('',(-8.8E1,-3.8E1,3.2E1));
#8632=VERTEX_POINT('',#8631);
#8633=CARTESIAN_POINT('',(-9.E1,-4.E1,3.E1));
#8634=VERTEX_POINT('',#8633);
#8635=CARTESIAN_POINT('',(-9.E1,-4.E1,2.8E1));
#8636=VERTEX_POINT('',#8635);
#8637=CARTESIAN_POINT('',(-8.8E1,-3.8E1,3.E1));
#8638=VERTEX_POINT('',#8637);
#8639=CARTESIAN_POINT('',(-8.8E1,-3.8E1,2.8E1));
#8640=VERTEX_POINT('',#8639);
#8641=CARTESIAN_POINT('',(-4.E1,-1.3E1,0.E0));
#8642=CARTESIAN_POINT('',(-4.E1,-1.3E1,2.E0));
#8643=VERTEX_POINT('',#8641);
#8644=VERTEX_POINT('',#8642);
#8645=CARTESIAN_POINT('',(-4.2E1,-1.3E1,0.E0));
#8646=CARTESIAN_POINT('',(-4.2E1,-1.3E1,2.E0));
#8647=VERTEX_POINT('',#8645);
#8648=VERTEX_POINT('',#8646);
#8649=CARTESIAN_POINT('',(-4.2E1,-2.7E1,0.E0));
#8650=CARTESIAN_POINT('',(-4.2E1,-2.7E1,2.E0));
#8651=VERTEX_POINT('',#8649);
#8652=VERTEX_POINT('',#8650);
#8653=CARTESIAN_POINT('',(-4.E1,-2.7E1,0.E0));
#8654=CARTESIAN_POINT('',(-4.E1,-2.7E1,2.E0));
#8655=VERTEX_POINT('',#8653);
#8656=VERTEX_POINT('',#8654);
#8657=CARTESIAN_POINT('',(-3.6E1,-1.3E1,0.E0));
#8658=CARTESIAN_POINT('',(-3.6E1,-1.3E1,2.E0));
#8659=VERTEX_POINT('',#8657);
#8660=VERTEX_POINT('',#8658);
#8661=CARTESIAN_POINT('',(-3.8E1,-1.3E1,0.E0));
#8662=CARTESIAN_POINT('',(-3.8E1,-1.3E1,2.E0));
#8663=VERTEX_POINT('',#8661);
#8664=VERTEX_POINT('',#8662);
#8665=CARTESIAN_POINT('',(-3.8E1,-2.7E1,0.E0));
#8666=CARTESIAN_POINT('',(-3.8E1,-2.7E1,2.E0));
#8667=VERTEX_POINT('',#8665);
#8668=VERTEX_POINT('',#8666);
#8669=CARTESIAN_POINT('',(-3.6E1,-2.7E1,0.E0));
#8670=CARTESIAN_POINT('',(-3.6E1,-2.7E1,2.E0));
#8671=VERTEX_POINT('',#8669);
#8672=VERTEX_POINT('',#8670);
#8673=CARTESIAN_POINT('',(-3.2E1,-1.3E1,0.E0));
#8674=CARTESIAN_POINT('',(-3.2E1,-1.3E1,2.E0));
#8675=VERTEX_POINT('',#8673);
#8676=VERTEX_POINT('',#8674);
#8677=CARTESIAN_POINT('',(-3.4E1,-1.3E1,0.E0));
#8678=CARTESIAN_POINT('',(-3.4E1,-1.3E1,2.E0));
#8679=VERTEX_POINT('',#8677);
#8680=VERTEX_POINT('',#8678);
#8681=CARTESIAN_POINT('',(-3.4E1,-2.7E1,0.E0));
#8682=CARTESIAN_POINT('',(-3.4E1,-2.7E1,2.E0));
#8683=VERTEX_POINT('',#8681);
#8684=VERTEX_POINT('',#8682);
#8685=CARTESIAN_POINT('',(-3.2E1,-2.7E1,0.E0));
#8686=CARTESIAN_POINT('',(-3.2E1,-2.7E1,2.E0));
#8687=VERTEX_POINT('',#8685);
#8688=VERTEX_POINT('',#8686);
#8689=CARTESIAN_POINT('',(-2.8E1,-1.3E1,0.E0));
#8690=CARTESIAN_POINT('',(-2.8E1,-1.3E1,2.E0));
#8691=VERTEX_POINT('',#8689);
#8692=VERTEX_POINT('',#8690);
#8693=CARTESIAN_POINT('',(-3.E1,-1.3E1,0.E0));
#8694=CARTESIAN_POINT('',(-3.E1,-1.3E1,2.E0));
#8695=VERTEX_POINT('',#8693);
#8696=VERTEX_POINT('',#8694);
#8697=CARTESIAN_POINT('',(-3.E1,-2.7E1,0.E0));
#8698=CARTESIAN_POINT('',(-3.E1,-2.7E1,2.E0));
#8699=VERTEX_POINT('',#8697);
#8700=VERTEX_POINT('',#8698);
#8701=CARTESIAN_POINT('',(-2.8E1,-2.7E1,0.E0));
#8702=CARTESIAN_POINT('',(-2.8E1,-2.7E1,2.E0));
#8703=VERTEX_POINT('',#8701);
#8704=VERTEX_POINT('',#8702);
#8705=CARTESIAN_POINT('',(-3.4E1,-3.58E1,8.2E0));
#8706=CARTESIAN_POINT('',(-3.4E1,-3.34E1,5.8E0));
#8707=VERTEX_POINT('',#8705);
#8708=VERTEX_POINT('',#8706);
#8709=CARTESIAN_POINT('',(-3.4E1,-3.34E1,7.8E0));
#8710=CARTESIAN_POINT('',(-3.4E1,-3.58E1,1.02E1));
#8711=VERTEX_POINT('',#8709);
#8712=VERTEX_POINT('',#8710);
#8713=CARTESIAN_POINT('',(-6.E0,-3.58E1,8.2E0));
#8714=CARTESIAN_POINT('',(-6.E0,-3.34E1,5.8E0));
#8715=VERTEX_POINT('',#8713);
#8716=VERTEX_POINT('',#8714);
#8717=CARTESIAN_POINT('',(-6.E0,-3.34E1,7.8E0));
#8718=CARTESIAN_POINT('',(-6.E0,-3.58E1,1.02E1));
#8719=VERTEX_POINT('',#8717);
#8720=VERTEX_POINT('',#8718);
#8721=CARTESIAN_POINT('',(-3.4E1,-3.8E1,8.E0));
#8722=CARTESIAN_POINT('',(-3.4E1,-3.8E1,6.E0));
#8723=VERTEX_POINT('',#8721);
#8724=VERTEX_POINT('',#8722);
#8725=CARTESIAN_POINT('',(-6.E0,-3.8E1,6.E0));
#8726=VERTEX_POINT('',#8725);
#8727=CARTESIAN_POINT('',(-3.1E1,-3.8E1,8.E0));
#8728=VERTEX_POINT('',#8727);
#8729=CARTESIAN_POINT('',(-9.E0,-3.8E1,8.E0));
#8730=VERTEX_POINT('',#8729);
#8731=CARTESIAN_POINT('',(-6.E0,-3.8E1,8.E0));
#8732=VERTEX_POINT('',#8731);
#8733=CARTESIAN_POINT('',(-3.4E1,-3.58E1,1.22E1));
#8734=CARTESIAN_POINT('',(-3.4E1,-3.34E1,9.8E0));
#8735=VERTEX_POINT('',#8733);
#8736=VERTEX_POINT('',#8734);
#8737=CARTESIAN_POINT('',(-3.4E1,-3.34E1,1.18E1));
#8738=CARTESIAN_POINT('',(-3.4E1,-3.58E1,1.42E1));
#8739=VERTEX_POINT('',#8737);
#8740=VERTEX_POINT('',#8738);
#8741=CARTESIAN_POINT('',(-6.E0,-3.58E1,1.22E1));
#8742=CARTESIAN_POINT('',(-6.E0,-3.34E1,9.8E0));
#8743=VERTEX_POINT('',#8741);
#8744=VERTEX_POINT('',#8742);
#8745=CARTESIAN_POINT('',(-6.E0,-3.34E1,1.18E1));
#8746=CARTESIAN_POINT('',(-6.E0,-3.58E1,1.42E1));
#8747=VERTEX_POINT('',#8745);
#8748=VERTEX_POINT('',#8746);
#8749=CARTESIAN_POINT('',(-3.4E1,-3.8E1,1.2E1));
#8750=CARTESIAN_POINT('',(-3.4E1,-3.8E1,1.E1));
#8751=VERTEX_POINT('',#8749);
#8752=VERTEX_POINT('',#8750);
#8753=CARTESIAN_POINT('',(-3.1E1,-3.8E1,1.E1));
#8754=VERTEX_POINT('',#8753);
#8755=CARTESIAN_POINT('',(-9.E0,-3.8E1,1.E1));
#8756=VERTEX_POINT('',#8755);
#8757=CARTESIAN_POINT('',(-6.E0,-3.8E1,1.E1));
#8758=VERTEX_POINT('',#8757);
#8759=CARTESIAN_POINT('',(-3.1E1,-3.8E1,1.2E1));
#8760=VERTEX_POINT('',#8759);
#8761=CARTESIAN_POINT('',(-9.E0,-3.8E1,1.2E1));
#8762=VERTEX_POINT('',#8761);
#8763=CARTESIAN_POINT('',(-6.E0,-3.8E1,1.2E1));
#8764=VERTEX_POINT('',#8763);
#8765=CARTESIAN_POINT('',(-3.4E1,-3.58E1,1.62E1));
#8766=CARTESIAN_POINT('',(-3.4E1,-3.34E1,1.38E1));
#8767=VERTEX_POINT('',#8765);
#8768=VERTEX_POINT('',#8766);
#8769=CARTESIAN_POINT('',(-3.4E1,-3.34E1,1.58E1));
#8770=CARTESIAN_POINT('',(-3.4E1,-3.58E1,1.82E1));
#8771=VERTEX_POINT('',#8769);
#8772=VERTEX_POINT('',#8770);
#8773=CARTESIAN_POINT('',(-6.E0,-3.58E1,1.62E1));
#8774=CARTESIAN_POINT('',(-6.E0,-3.34E1,1.38E1));
#8775=VERTEX_POINT('',#8773);
#8776=VERTEX_POINT('',#8774);
#8777=CARTESIAN_POINT('',(-6.E0,-3.34E1,1.58E1));
#8778=CARTESIAN_POINT('',(-6.E0,-3.58E1,1.82E1));
#8779=VERTEX_POINT('',#8777);
#8780=VERTEX_POINT('',#8778);
#8781=CARTESIAN_POINT('',(-3.4E1,-3.8E1,1.6E1));
#8782=CARTESIAN_POINT('',(-3.4E1,-3.8E1,1.4E1));
#8783=VERTEX_POINT('',#8781);
#8784=VERTEX_POINT('',#8782);
#8785=CARTESIAN_POINT('',(-3.1E1,-3.8E1,1.4E1));
#8786=VERTEX_POINT('',#8785);
#8787=CARTESIAN_POINT('',(-9.E0,-3.8E1,1.4E1));
#8788=VERTEX_POINT('',#8787);
#8789=CARTESIAN_POINT('',(-6.E0,-3.8E1,1.4E1));
#8790=VERTEX_POINT('',#8789);
#8791=CARTESIAN_POINT('',(-3.1E1,-3.8E1,1.6E1));
#8792=VERTEX_POINT('',#8791);
#8793=CARTESIAN_POINT('',(-9.E0,-3.8E1,1.6E1));
#8794=VERTEX_POINT('',#8793);
#8795=CARTESIAN_POINT('',(-6.E0,-3.8E1,1.6E1));
#8796=VERTEX_POINT('',#8795);
#8797=CARTESIAN_POINT('',(-3.4E1,-3.58E1,2.02E1));
#8798=CARTESIAN_POINT('',(-3.4E1,-3.34E1,1.78E1));
#8799=VERTEX_POINT('',#8797);
#8800=VERTEX_POINT('',#8798);
#8801=CARTESIAN_POINT('',(-3.4E1,-3.34E1,1.98E1));
#8802=CARTESIAN_POINT('',(-3.4E1,-3.58E1,2.22E1));
#8803=VERTEX_POINT('',#8801);
#8804=VERTEX_POINT('',#8802);
#8805=CARTESIAN_POINT('',(-6.E0,-3.58E1,2.02E1));
#8806=CARTESIAN_POINT('',(-6.E0,-3.34E1,1.78E1));
#8807=VERTEX_POINT('',#8805);
#8808=VERTEX_POINT('',#8806);
#8809=CARTESIAN_POINT('',(-6.E0,-3.34E1,1.98E1));
#8810=CARTESIAN_POINT('',(-6.E0,-3.58E1,2.22E1));
#8811=VERTEX_POINT('',#8809);
#8812=VERTEX_POINT('',#8810);
#8813=CARTESIAN_POINT('',(-3.4E1,-3.8E1,2.E1));
#8814=CARTESIAN_POINT('',(-3.4E1,-3.8E1,1.8E1));
#8815=VERTEX_POINT('',#8813);
#8816=VERTEX_POINT('',#8814);
#8817=CARTESIAN_POINT('',(-3.1E1,-3.8E1,1.8E1));
#8818=VERTEX_POINT('',#8817);
#8819=CARTESIAN_POINT('',(-9.E0,-3.8E1,1.8E1));
#8820=VERTEX_POINT('',#8819);
#8821=CARTESIAN_POINT('',(-6.E0,-3.8E1,1.8E1));
#8822=VERTEX_POINT('',#8821);
#8823=CARTESIAN_POINT('',(-3.1E1,-3.8E1,2.E1));
#8824=VERTEX_POINT('',#8823);
#8825=CARTESIAN_POINT('',(-9.E0,-3.8E1,2.E1));
#8826=VERTEX_POINT('',#8825);
#8827=CARTESIAN_POINT('',(-6.E0,-3.8E1,2.E1));
#8828=VERTEX_POINT('',#8827);
#8829=CARTESIAN_POINT('',(-3.4E1,-3.58E1,2.42E1));
#8830=CARTESIAN_POINT('',(-3.4E1,-3.34E1,2.18E1));
#8831=VERTEX_POINT('',#8829);
#8832=VERTEX_POINT('',#8830);
#8833=CARTESIAN_POINT('',(-3.4E1,-3.34E1,2.38E1));
#8834=CARTESIAN_POINT('',(-3.4E1,-3.58E1,2.62E1));
#8835=VERTEX_POINT('',#8833);
#8836=VERTEX_POINT('',#8834);
#8837=CARTESIAN_POINT('',(-6.E0,-3.58E1,2.42E1));
#8838=CARTESIAN_POINT('',(-6.E0,-3.34E1,2.18E1));
#8839=VERTEX_POINT('',#8837);
#8840=VERTEX_POINT('',#8838);
#8841=CARTESIAN_POINT('',(-6.E0,-3.34E1,2.38E1));
#8842=CARTESIAN_POINT('',(-6.E0,-3.58E1,2.62E1));
#8843=VERTEX_POINT('',#8841);
#8844=VERTEX_POINT('',#8842);
#8845=CARTESIAN_POINT('',(-3.4E1,-3.8E1,2.4E1));
#8846=CARTESIAN_POINT('',(-3.4E1,-3.8E1,2.2E1));
#8847=VERTEX_POINT('',#8845);
#8848=VERTEX_POINT('',#8846);
#8849=CARTESIAN_POINT('',(-3.1E1,-3.8E1,2.2E1));
#8850=VERTEX_POINT('',#8849);
#8851=CARTESIAN_POINT('',(-9.E0,-3.8E1,2.2E1));
#8852=VERTEX_POINT('',#8851);
#8853=CARTESIAN_POINT('',(-6.E0,-3.8E1,2.2E1));
#8854=VERTEX_POINT('',#8853);
#8855=CARTESIAN_POINT('',(-3.1E1,-3.8E1,2.4E1));
#8856=VERTEX_POINT('',#8855);
#8857=CARTESIAN_POINT('',(-9.E0,-3.8E1,2.4E1));
#8858=VERTEX_POINT('',#8857);
#8859=CARTESIAN_POINT('',(-6.E0,-3.8E1,2.4E1));
#8860=VERTEX_POINT('',#8859);
#8861=CARTESIAN_POINT('',(-3.4E1,-3.58E1,2.82E1));
#8862=CARTESIAN_POINT('',(-3.4E1,-3.34E1,2.58E1));
#8863=VERTEX_POINT('',#8861);
#8864=VERTEX_POINT('',#8862);
#8865=CARTESIAN_POINT('',(-3.4E1,-3.34E1,2.78E1));
#8866=CARTESIAN_POINT('',(-3.4E1,-3.58E1,3.02E1));
#8867=VERTEX_POINT('',#8865);
#8868=VERTEX_POINT('',#8866);
#8869=CARTESIAN_POINT('',(-6.E0,-3.58E1,2.82E1));
#8870=CARTESIAN_POINT('',(-6.E0,-3.34E1,2.58E1));
#8871=VERTEX_POINT('',#8869);
#8872=VERTEX_POINT('',#8870);
#8873=CARTESIAN_POINT('',(-6.E0,-3.34E1,2.78E1));
#8874=CARTESIAN_POINT('',(-6.E0,-3.58E1,3.02E1));
#8875=VERTEX_POINT('',#8873);
#8876=VERTEX_POINT('',#8874);
#8877=CARTESIAN_POINT('',(-3.4E1,-3.8E1,2.8E1));
#8878=CARTESIAN_POINT('',(-3.4E1,-3.8E1,2.6E1));
#8879=VERTEX_POINT('',#8877);
#8880=VERTEX_POINT('',#8878);
#8881=CARTESIAN_POINT('',(-3.1E1,-3.8E1,2.6E1));
#8882=VERTEX_POINT('',#8881);
#8883=CARTESIAN_POINT('',(-9.E0,-3.8E1,2.6E1));
#8884=VERTEX_POINT('',#8883);
#8885=CARTESIAN_POINT('',(-6.E0,-3.8E1,2.6E1));
#8886=VERTEX_POINT('',#8885);
#8887=CARTESIAN_POINT('',(-3.188735931288E1,-3.8E1,2.8E1));
#8888=CARTESIAN_POINT('',(-3.1E1,-3.8E1,2.8E1));
#8889=VERTEX_POINT('',#8887);
#8890=VERTEX_POINT('',#8888);
#8891=CARTESIAN_POINT('',(-9.E0,-3.8E1,2.8E1));
#8892=VERTEX_POINT('',#8891);
#8893=CARTESIAN_POINT('',(-6.E0,-3.8E1,2.8E1));
#8894=VERTEX_POINT('',#8893);
#8895=CARTESIAN_POINT('',(-3.188735931288E1,-3.8E1,2.853892142769E1));
#8896=VERTEX_POINT('',#8895);
#8897=CARTESIAN_POINT('',(-3.4E1,-3.753174903620E1,2.846825096380E1));
#8898=VERTEX_POINT('',#8897);
#8899=CARTESIAN_POINT('',(-3.4E1,-3.58E1,3.22E1));
#8900=CARTESIAN_POINT('',(-3.4E1,-3.34E1,2.98E1));
#8901=VERTEX_POINT('',#8899);
#8902=VERTEX_POINT('',#8900);
#8903=CARTESIAN_POINT('',(-3.4E1,-3.34E1,3.18E1));
#8904=CARTESIAN_POINT('',(-3.4E1,-3.58E1,3.42E1));
#8905=VERTEX_POINT('',#8903);
#8906=VERTEX_POINT('',#8904);
#8907=CARTESIAN_POINT('',(-6.E0,-3.58E1,3.22E1));
#8908=CARTESIAN_POINT('',(-6.E0,-3.34E1,2.98E1));
#8909=VERTEX_POINT('',#8907);
#8910=VERTEX_POINT('',#8908);
#8911=CARTESIAN_POINT('',(-6.E0,-3.34E1,3.18E1));
#8912=CARTESIAN_POINT('',(-6.E0,-3.58E1,3.42E1));
#8913=VERTEX_POINT('',#8911);
#8914=VERTEX_POINT('',#8912);
#8915=CARTESIAN_POINT('',(-3.188735931288E1,-3.8E1,3.E1));
#8916=CARTESIAN_POINT('',(-3.1E1,-3.8E1,3.E1));
#8917=VERTEX_POINT('',#8915);
#8918=VERTEX_POINT('',#8916);
#8919=CARTESIAN_POINT('',(-9.E0,-3.8E1,3.E1));
#8920=VERTEX_POINT('',#8919);
#8921=CARTESIAN_POINT('',(-6.E0,-3.8E1,3.E1));
#8922=VERTEX_POINT('',#8921);
#8923=CARTESIAN_POINT('',(-3.188735931288E1,-3.8E1,3.2E1));
#8924=CARTESIAN_POINT('',(-3.1E1,-3.8E1,3.2E1));
#8925=VERTEX_POINT('',#8923);
#8926=VERTEX_POINT('',#8924);
#8927=CARTESIAN_POINT('',(-9.E0,-3.8E1,3.2E1));
#8928=VERTEX_POINT('',#8927);
#8929=CARTESIAN_POINT('',(-6.E0,-3.8E1,3.2E1));
#8930=VERTEX_POINT('',#8929);
#8931=CARTESIAN_POINT('',(-3.188735931288E1,-3.8E1,3.253892142769E1));
#8932=VERTEX_POINT('',#8931);
#8933=CARTESIAN_POINT('',(-3.4E1,-3.753174903620E1,3.046825096380E1));
#8934=VERTEX_POINT('',#8933);
#8935=CARTESIAN_POINT('',(-3.4E1,-3.753174903620E1,3.246825096380E1));
#8936=VERTEX_POINT('',#8935);
#8937=CARTESIAN_POINT('',(-3.4E1,-3.58E1,3.62E1));
#8938=CARTESIAN_POINT('',(-3.4E1,-3.34E1,3.38E1));
#8939=VERTEX_POINT('',#8937);
#8940=VERTEX_POINT('',#8938);
#8941=CARTESIAN_POINT('',(-3.4E1,-3.34E1,3.58E1));
#8942=CARTESIAN_POINT('',(-3.4E1,-3.58E1,3.82E1));
#8943=VERTEX_POINT('',#8941);
#8944=VERTEX_POINT('',#8942);
#8945=CARTESIAN_POINT('',(-6.E0,-3.58E1,3.62E1));
#8946=CARTESIAN_POINT('',(-6.E0,-3.34E1,3.38E1));
#8947=VERTEX_POINT('',#8945);
#8948=VERTEX_POINT('',#8946);
#8949=CARTESIAN_POINT('',(-6.E0,-3.34E1,3.58E1));
#8950=CARTESIAN_POINT('',(-6.E0,-3.58E1,3.82E1));
#8951=VERTEX_POINT('',#8949);
#8952=VERTEX_POINT('',#8950);
#8953=CARTESIAN_POINT('',(-3.188735931288E1,-3.8E1,3.4E1));
#8954=CARTESIAN_POINT('',(-3.1E1,-3.8E1,3.4E1));
#8955=VERTEX_POINT('',#8953);
#8956=VERTEX_POINT('',#8954);
#8957=CARTESIAN_POINT('',(-9.E0,-3.8E1,3.4E1));
#8958=VERTEX_POINT('',#8957);
#8959=CARTESIAN_POINT('',(-6.E0,-3.8E1,3.4E1));
#8960=VERTEX_POINT('',#8959);
#8961=CARTESIAN_POINT('',(-3.4E1,-3.8E1,3.6E1));
#8962=CARTESIAN_POINT('',(-3.1E1,-3.8E1,3.6E1));
#8963=VERTEX_POINT('',#8961);
#8964=VERTEX_POINT('',#8962);
#8965=CARTESIAN_POINT('',(-9.E0,-3.8E1,3.6E1));
#8966=VERTEX_POINT('',#8965);
#8967=CARTESIAN_POINT('',(-6.E0,-3.8E1,3.6E1));
#8968=VERTEX_POINT('',#8967);
#8969=CARTESIAN_POINT('',(-3.4E1,-3.753174903620E1,3.446825096380E1));
#8970=VERTEX_POINT('',#8969);
#8971=CARTESIAN_POINT('',(-3.4E1,-3.58E1,4.02E1));
#8972=CARTESIAN_POINT('',(-3.4E1,-3.34E1,3.78E1));
#8973=VERTEX_POINT('',#8971);
#8974=VERTEX_POINT('',#8972);
#8975=CARTESIAN_POINT('',(-3.4E1,-3.34E1,3.98E1));
#8976=CARTESIAN_POINT('',(-3.4E1,-3.58E1,4.22E1));
#8977=VERTEX_POINT('',#8975);
#8978=VERTEX_POINT('',#8976);
#8979=CARTESIAN_POINT('',(-6.E0,-3.58E1,4.02E1));
#8980=CARTESIAN_POINT('',(-6.E0,-3.34E1,3.78E1));
#8981=VERTEX_POINT('',#8979);
#8982=VERTEX_POINT('',#8980);
#8983=CARTESIAN_POINT('',(-6.E0,-3.34E1,3.98E1));
#8984=CARTESIAN_POINT('',(-6.E0,-3.58E1,4.22E1));
#8985=VERTEX_POINT('',#8983);
#8986=VERTEX_POINT('',#8984);
#8987=CARTESIAN_POINT('',(-3.4E1,-3.8E1,4.E1));
#8988=CARTESIAN_POINT('',(-3.4E1,-3.8E1,3.8E1));
#8989=VERTEX_POINT('',#8987);
#8990=VERTEX_POINT('',#8988);
#8991=CARTESIAN_POINT('',(-3.1E1,-3.8E1,3.8E1));
#8992=VERTEX_POINT('',#8991);
#8993=CARTESIAN_POINT('',(-9.E0,-3.8E1,3.8E1));
#8994=VERTEX_POINT('',#8993);
#8995=CARTESIAN_POINT('',(-6.E0,-3.8E1,3.8E1));
#8996=VERTEX_POINT('',#8995);
#8997=CARTESIAN_POINT('',(-3.1E1,-3.8E1,4.E1));
#8998=VERTEX_POINT('',#8997);
#8999=CARTESIAN_POINT('',(-9.E0,-3.8E1,4.E1));
#9000=VERTEX_POINT('',#8999);
#9001=CARTESIAN_POINT('',(-6.E0,-3.8E1,4.E1));
#9002=VERTEX_POINT('',#9001);
#9003=CARTESIAN_POINT('',(-3.4E1,-3.58E1,4.42E1));
#9004=CARTESIAN_POINT('',(-3.4E1,-3.34E1,4.18E1));
#9005=VERTEX_POINT('',#9003);
#9006=VERTEX_POINT('',#9004);
#9007=CARTESIAN_POINT('',(-3.4E1,-3.34E1,4.38E1));
#9008=CARTESIAN_POINT('',(-3.4E1,-3.58E1,4.62E1));
#9009=VERTEX_POINT('',#9007);
#9010=VERTEX_POINT('',#9008);
#9011=CARTESIAN_POINT('',(-6.E0,-3.58E1,4.42E1));
#9012=CARTESIAN_POINT('',(-6.E0,-3.34E1,4.18E1));
#9013=VERTEX_POINT('',#9011);
#9014=VERTEX_POINT('',#9012);
#9015=CARTESIAN_POINT('',(-6.E0,-3.34E1,4.38E1));
#9016=CARTESIAN_POINT('',(-6.E0,-3.58E1,4.62E1));
#9017=VERTEX_POINT('',#9015);
#9018=VERTEX_POINT('',#9016);
#9019=CARTESIAN_POINT('',(-3.4E1,-3.8E1,4.4E1));
#9020=CARTESIAN_POINT('',(-3.4E1,-3.8E1,4.2E1));
#9021=VERTEX_POINT('',#9019);
#9022=VERTEX_POINT('',#9020);
#9023=CARTESIAN_POINT('',(-3.1E1,-3.8E1,4.2E1));
#9024=VERTEX_POINT('',#9023);
#9025=CARTESIAN_POINT('',(-9.E0,-3.8E1,4.2E1));
#9026=VERTEX_POINT('',#9025);
#9027=CARTESIAN_POINT('',(-6.E0,-3.8E1,4.2E1));
#9028=VERTEX_POINT('',#9027);
#9029=CARTESIAN_POINT('',(-3.1E1,-3.8E1,4.4E1));
#9030=VERTEX_POINT('',#9029);
#9031=CARTESIAN_POINT('',(-9.E0,-3.8E1,4.4E1));
#9032=VERTEX_POINT('',#9031);
#9033=CARTESIAN_POINT('',(-6.E0,-3.8E1,4.4E1));
#9034=VERTEX_POINT('',#9033);
#9035=CARTESIAN_POINT('',(-3.4E1,-3.58E1,4.82E1));
#9036=CARTESIAN_POINT('',(-3.4E1,-3.34E1,4.58E1));
#9037=VERTEX_POINT('',#9035);
#9038=VERTEX_POINT('',#9036);
#9039=CARTESIAN_POINT('',(-3.4E1,-3.34E1,4.78E1));
#9040=CARTESIAN_POINT('',(-3.4E1,-3.58E1,5.02E1));
#9041=VERTEX_POINT('',#9039);
#9042=VERTEX_POINT('',#9040);
#9043=CARTESIAN_POINT('',(-6.E0,-3.58E1,4.82E1));
#9044=CARTESIAN_POINT('',(-6.E0,-3.34E1,4.58E1));
#9045=VERTEX_POINT('',#9043);
#9046=VERTEX_POINT('',#9044);
#9047=CARTESIAN_POINT('',(-6.E0,-3.34E1,4.78E1));
#9048=CARTESIAN_POINT('',(-6.E0,-3.58E1,5.02E1));
#9049=VERTEX_POINT('',#9047);
#9050=VERTEX_POINT('',#9048);
#9051=CARTESIAN_POINT('',(-3.4E1,-3.8E1,4.8E1));
#9052=CARTESIAN_POINT('',(-3.4E1,-3.8E1,4.6E1));
#9053=VERTEX_POINT('',#9051);
#9054=VERTEX_POINT('',#9052);
#9055=CARTESIAN_POINT('',(-3.1E1,-3.8E1,4.6E1));
#9056=VERTEX_POINT('',#9055);
#9057=CARTESIAN_POINT('',(-9.E0,-3.8E1,4.6E1));
#9058=VERTEX_POINT('',#9057);
#9059=CARTESIAN_POINT('',(-6.E0,-3.8E1,4.6E1));
#9060=VERTEX_POINT('',#9059);
#9061=CARTESIAN_POINT('',(-3.1E1,-3.8E1,4.8E1));
#9062=VERTEX_POINT('',#9061);
#9063=CARTESIAN_POINT('',(-9.E0,-3.8E1,4.8E1));
#9064=VERTEX_POINT('',#9063);
#9065=CARTESIAN_POINT('',(-6.E0,-3.8E1,4.8E1));
#9066=VERTEX_POINT('',#9065);
#9067=CARTESIAN_POINT('',(-3.4E1,-3.58E1,5.22E1));
#9068=CARTESIAN_POINT('',(-3.4E1,-3.34E1,4.98E1));
#9069=VERTEX_POINT('',#9067);
#9070=VERTEX_POINT('',#9068);
#9071=CARTESIAN_POINT('',(-3.4E1,-3.34E1,5.18E1));
#9072=CARTESIAN_POINT('',(-3.4E1,-3.58E1,5.42E1));
#9073=VERTEX_POINT('',#9071);
#9074=VERTEX_POINT('',#9072);
#9075=CARTESIAN_POINT('',(-6.E0,-3.58E1,5.22E1));
#9076=CARTESIAN_POINT('',(-6.E0,-3.34E1,4.98E1));
#9077=VERTEX_POINT('',#9075);
#9078=VERTEX_POINT('',#9076);
#9079=CARTESIAN_POINT('',(-6.E0,-3.34E1,5.18E1));
#9080=CARTESIAN_POINT('',(-6.E0,-3.58E1,5.42E1));
#9081=VERTEX_POINT('',#9079);
#9082=VERTEX_POINT('',#9080);
#9083=CARTESIAN_POINT('',(-3.4E1,-3.8E1,5.2E1));
#9084=CARTESIAN_POINT('',(-3.4E1,-3.8E1,5.E1));
#9085=VERTEX_POINT('',#9083);
#9086=VERTEX_POINT('',#9084);
#9087=CARTESIAN_POINT('',(-3.1E1,-3.8E1,5.E1));
#9088=VERTEX_POINT('',#9087);
#9089=CARTESIAN_POINT('',(-9.E0,-3.8E1,5.E1));
#9090=VERTEX_POINT('',#9089);
#9091=CARTESIAN_POINT('',(-6.E0,-3.8E1,5.E1));
#9092=VERTEX_POINT('',#9091);
#9093=CARTESIAN_POINT('',(-3.1E1,-3.8E1,5.2E1));
#9094=VERTEX_POINT('',#9093);
#9095=CARTESIAN_POINT('',(-9.E0,-3.8E1,5.2E1));
#9096=VERTEX_POINT('',#9095);
#9097=CARTESIAN_POINT('',(-6.E0,-3.8E1,5.2E1));
#9098=VERTEX_POINT('',#9097);
#9099=CARTESIAN_POINT('',(-3.4E1,-3.58E1,5.62E1));
#9100=CARTESIAN_POINT('',(-3.4E1,-3.34E1,5.38E1));
#9101=VERTEX_POINT('',#9099);
#9102=VERTEX_POINT('',#9100);
#9103=CARTESIAN_POINT('',(-3.4E1,-3.34E1,5.58E1));
#9104=CARTESIAN_POINT('',(-3.4E1,-3.58E1,5.82E1));
#9105=VERTEX_POINT('',#9103);
#9106=VERTEX_POINT('',#9104);
#9107=CARTESIAN_POINT('',(-6.E0,-3.58E1,5.62E1));
#9108=CARTESIAN_POINT('',(-6.E0,-3.34E1,5.38E1));
#9109=VERTEX_POINT('',#9107);
#9110=VERTEX_POINT('',#9108);
#9111=CARTESIAN_POINT('',(-6.E0,-3.34E1,5.58E1));
#9112=CARTESIAN_POINT('',(-6.E0,-3.58E1,5.82E1));
#9113=VERTEX_POINT('',#9111);
#9114=VERTEX_POINT('',#9112);
#9115=CARTESIAN_POINT('',(-3.4E1,-3.8E1,5.6E1));
#9116=CARTESIAN_POINT('',(-3.4E1,-3.8E1,5.4E1));
#9117=VERTEX_POINT('',#9115);
#9118=VERTEX_POINT('',#9116);
#9119=CARTESIAN_POINT('',(-3.1E1,-3.8E1,5.4E1));
#9120=VERTEX_POINT('',#9119);
#9121=CARTESIAN_POINT('',(-9.E0,-3.8E1,5.4E1));
#9122=VERTEX_POINT('',#9121);
#9123=CARTESIAN_POINT('',(-6.E0,-3.8E1,5.4E1));
#9124=VERTEX_POINT('',#9123);
#9125=CARTESIAN_POINT('',(-3.1E1,-3.8E1,5.6E1));
#9126=VERTEX_POINT('',#9125);
#9127=CARTESIAN_POINT('',(-9.E0,-3.8E1,5.6E1));
#9128=VERTEX_POINT('',#9127);
#9129=CARTESIAN_POINT('',(-6.E0,-3.8E1,5.6E1));
#9130=VERTEX_POINT('',#9129);
#9131=CARTESIAN_POINT('',(-3.4E1,-3.58E1,6.02E1));
#9132=CARTESIAN_POINT('',(-3.4E1,-3.34E1,5.78E1));
#9133=VERTEX_POINT('',#9131);
#9134=VERTEX_POINT('',#9132);
#9135=CARTESIAN_POINT('',(-3.4E1,-3.34E1,5.98E1));
#9136=CARTESIAN_POINT('',(-3.4E1,-3.58E1,6.22E1));
#9137=VERTEX_POINT('',#9135);
#9138=VERTEX_POINT('',#9136);
#9139=CARTESIAN_POINT('',(-6.E0,-3.58E1,6.02E1));
#9140=CARTESIAN_POINT('',(-6.E0,-3.34E1,5.78E1));
#9141=VERTEX_POINT('',#9139);
#9142=VERTEX_POINT('',#9140);
#9143=CARTESIAN_POINT('',(-6.E0,-3.34E1,5.98E1));
#9144=CARTESIAN_POINT('',(-6.E0,-3.58E1,6.22E1));
#9145=VERTEX_POINT('',#9143);
#9146=VERTEX_POINT('',#9144);
#9147=CARTESIAN_POINT('',(-3.4E1,-3.8E1,6.E1));
#9148=CARTESIAN_POINT('',(-3.4E1,-3.8E1,5.8E1));
#9149=VERTEX_POINT('',#9147);
#9150=VERTEX_POINT('',#9148);
#9151=CARTESIAN_POINT('',(-3.1E1,-3.8E1,5.8E1));
#9152=VERTEX_POINT('',#9151);
#9153=CARTESIAN_POINT('',(-9.E0,-3.8E1,5.8E1));
#9154=VERTEX_POINT('',#9153);
#9155=CARTESIAN_POINT('',(-6.E0,-3.8E1,5.8E1));
#9156=VERTEX_POINT('',#9155);
#9157=CARTESIAN_POINT('',(-3.1E1,-3.8E1,6.E1));
#9158=VERTEX_POINT('',#9157);
#9159=CARTESIAN_POINT('',(-9.E0,-3.8E1,6.E1));
#9160=VERTEX_POINT('',#9159);
#9161=CARTESIAN_POINT('',(-6.E0,-3.8E1,6.E1));
#9162=VERTEX_POINT('',#9161);
#9163=CARTESIAN_POINT('',(-3.4E1,-3.8E1,6.310592397782E1));
#9164=CARTESIAN_POINT('',(-3.4E1,-3.8E1,6.2E1));
#9165=VERTEX_POINT('',#9163);
#9166=VERTEX_POINT('',#9164);
#9167=CARTESIAN_POINT('',(-3.1E1,-3.8E1,6.2E1));
#9168=VERTEX_POINT('',#9167);
#9169=CARTESIAN_POINT('',(-9.E0,-3.8E1,6.2E1));
#9170=VERTEX_POINT('',#9169);
#9171=CARTESIAN_POINT('',(-6.E0,-3.8E1,6.2E1));
#9172=VERTEX_POINT('',#9171);
#9173=CARTESIAN_POINT('',(-3.272E1,-3.8E1,6.4E1));
#9174=CARTESIAN_POINT('',(-3.1E1,-3.8E1,6.4E1));
#9175=VERTEX_POINT('',#9173);
#9176=VERTEX_POINT('',#9174);
#9177=CARTESIAN_POINT('',(-9.E0,-3.8E1,6.4E1));
#9178=VERTEX_POINT('',#9177);
#9179=CARTESIAN_POINT('',(-6.72E0,-3.8E1,6.4E1));
#9180=VERTEX_POINT('',#9179);
#9181=CARTESIAN_POINT('',(-6.E0,-3.8E1,6.335253637982E1));
#9182=VERTEX_POINT('',#9181);
#9183=VERTEX_POINT('',#2330);
#9184=VERTEX_POINT('',#2333);
#9185=VERTEX_POINT('',#2325);
#9186=VERTEX_POINT('',#2310);
#9187=VERTEX_POINT('',#2314);
#9188=CARTESIAN_POINT('',(-6.E0,-3.34E1,6.335253637982E1));
#9189=VERTEX_POINT('',#9188);
#9190=CARTESIAN_POINT('',(-3.4E1,-3.689407602218E1,6.310592397782E1));
#9191=VERTEX_POINT('',#9190);
#9192=CARTESIAN_POINT('',(-6.E0,-3.34E1,6.18E1));
#9193=VERTEX_POINT('',#9192);
#9194=CARTESIAN_POINT('',(-3.258458434959E1,-3.58E1,6.42E1));
#9195=VERTEX_POINT('',#9194);
#9196=CARTESIAN_POINT('',(-3.232E1,-3.58E1,6.62E1));
#9197=VERTEX_POINT('',#9196);
#9198=CARTESIAN_POINT('',(-6.E0,-3.34E1,6.78E1));
#9199=CARTESIAN_POINT('',(-6.E0,-3.58E1,7.02E1));
#9200=VERTEX_POINT('',#9198);
#9201=VERTEX_POINT('',#9199);
#9202=CARTESIAN_POINT('',(-3.4E1,-3.58E1,6.82E1));
#9203=CARTESIAN_POINT('',(-6.E0,-3.58E1,6.82E1));
#9204=VERTEX_POINT('',#9202);
#9205=VERTEX_POINT('',#9203);
#9206=CARTESIAN_POINT('',(-3.4E1,-3.58E1,7.02E1));
#9207=VERTEX_POINT('',#9206);
#9208=CARTESIAN_POINT('',(-3.4E1,-3.8E1,6.8E1));
#9209=CARTESIAN_POINT('',(-3.4E1,-3.8E1,6.789407602218E1));
#9210=VERTEX_POINT('',#9208);
#9211=VERTEX_POINT('',#9209);
#9212=CARTESIAN_POINT('',(-3.227051025722E1,-3.8E1,6.6E1));
#9213=CARTESIAN_POINT('',(-3.1E1,-3.8E1,6.6E1));
#9214=VERTEX_POINT('',#9212);
#9215=VERTEX_POINT('',#9213);
#9216=CARTESIAN_POINT('',(-9.E0,-3.8E1,6.6E1));
#9217=VERTEX_POINT('',#9216);
#9218=CARTESIAN_POINT('',(-7.169489742783E0,-3.8E1,6.6E1));
#9219=VERTEX_POINT('',#9218);
#9220=CARTESIAN_POINT('',(-3.1E1,-3.8E1,6.8E1));
#9221=VERTEX_POINT('',#9220);
#9222=CARTESIAN_POINT('',(-9.E0,-3.8E1,6.8E1));
#9223=VERTEX_POINT('',#9222);
#9224=CARTESIAN_POINT('',(-6.E0,-3.8E1,6.8E1));
#9225=VERTEX_POINT('',#9224);
#9226=CARTESIAN_POINT('',(-6.E0,-3.8E1,6.764746362018E1));
#9227=VERTEX_POINT('',#9226);
#9228=VERTEX_POINT('',#2302);
#9229=VERTEX_POINT('',#2347);
#9230=VERTEX_POINT('',#2351);
#9231=CARTESIAN_POINT('',(-6.E0,-3.34E1,6.764746362018E1));
#9232=VERTEX_POINT('',#9231);
#9233=CARTESIAN_POINT('',(-3.4E1,-3.610592397782E1,6.789407602218E1));
#9234=VERTEX_POINT('',#9233);
#9235=CARTESIAN_POINT('',(-3.4E1,-3.58E1,7.22E1));
#9236=CARTESIAN_POINT('',(-3.4E1,-3.34E1,6.98E1));
#9237=VERTEX_POINT('',#9235);
#9238=VERTEX_POINT('',#9236);
#9239=CARTESIAN_POINT('',(-3.4E1,-3.34E1,7.18E1));
#9240=CARTESIAN_POINT('',(-3.4E1,-3.58E1,7.42E1));
#9241=VERTEX_POINT('',#9239);
#9242=VERTEX_POINT('',#9240);
#9243=CARTESIAN_POINT('',(-6.E0,-3.58E1,7.22E1));
#9244=CARTESIAN_POINT('',(-6.E0,-3.34E1,6.98E1));
#9245=VERTEX_POINT('',#9243);
#9246=VERTEX_POINT('',#9244);
#9247=CARTESIAN_POINT('',(-6.E0,-3.34E1,7.18E1));
#9248=CARTESIAN_POINT('',(-6.E0,-3.58E1,7.42E1));
#9249=VERTEX_POINT('',#9247);
#9250=VERTEX_POINT('',#9248);
#9251=CARTESIAN_POINT('',(-3.4E1,-3.8E1,7.2E1));
#9252=CARTESIAN_POINT('',(-3.4E1,-3.8E1,7.E1));
#9253=VERTEX_POINT('',#9251);
#9254=VERTEX_POINT('',#9252);
#9255=CARTESIAN_POINT('',(-3.1E1,-3.8E1,7.E1));
#9256=VERTEX_POINT('',#9255);
#9257=CARTESIAN_POINT('',(-9.E0,-3.8E1,7.E1));
#9258=VERTEX_POINT('',#9257);
#9259=CARTESIAN_POINT('',(-6.E0,-3.8E1,7.E1));
#9260=VERTEX_POINT('',#9259);
#9261=CARTESIAN_POINT('',(-3.1E1,-3.8E1,7.2E1));
#9262=VERTEX_POINT('',#9261);
#9263=CARTESIAN_POINT('',(-9.E0,-3.8E1,7.2E1));
#9264=VERTEX_POINT('',#9263);
#9265=CARTESIAN_POINT('',(-6.E0,-3.8E1,7.2E1));
#9266=VERTEX_POINT('',#9265);
#9267=CARTESIAN_POINT('',(-3.4E1,-3.58E1,7.62E1));
#9268=CARTESIAN_POINT('',(-3.4E1,-3.34E1,7.38E1));
#9269=VERTEX_POINT('',#9267);
#9270=VERTEX_POINT('',#9268);
#9271=CARTESIAN_POINT('',(-3.4E1,-3.34E1,7.58E1));
#9272=CARTESIAN_POINT('',(-3.4E1,-3.58E1,7.82E1));
#9273=VERTEX_POINT('',#9271);
#9274=VERTEX_POINT('',#9272);
#9275=CARTESIAN_POINT('',(-6.E0,-3.58E1,7.62E1));
#9276=CARTESIAN_POINT('',(-6.E0,-3.34E1,7.38E1));
#9277=VERTEX_POINT('',#9275);
#9278=VERTEX_POINT('',#9276);
#9279=CARTESIAN_POINT('',(-6.E0,-3.34E1,7.58E1));
#9280=CARTESIAN_POINT('',(-6.E0,-3.58E1,7.82E1));
#9281=VERTEX_POINT('',#9279);
#9282=VERTEX_POINT('',#9280);
#9283=CARTESIAN_POINT('',(-3.4E1,-3.8E1,7.6E1));
#9284=CARTESIAN_POINT('',(-3.4E1,-3.8E1,7.4E1));
#9285=VERTEX_POINT('',#9283);
#9286=VERTEX_POINT('',#9284);
#9287=CARTESIAN_POINT('',(-3.1E1,-3.8E1,7.4E1));
#9288=VERTEX_POINT('',#9287);
#9289=CARTESIAN_POINT('',(-9.E0,-3.8E1,7.4E1));
#9290=VERTEX_POINT('',#9289);
#9291=CARTESIAN_POINT('',(-6.E0,-3.8E1,7.4E1));
#9292=VERTEX_POINT('',#9291);
#9293=CARTESIAN_POINT('',(-3.1E1,-3.8E1,7.6E1));
#9294=VERTEX_POINT('',#9293);
#9295=CARTESIAN_POINT('',(-9.E0,-3.8E1,7.6E1));
#9296=VERTEX_POINT('',#9295);
#9297=CARTESIAN_POINT('',(-6.E0,-3.8E1,7.6E1));
#9298=VERTEX_POINT('',#9297);
#9299=CARTESIAN_POINT('',(-3.4E1,-3.58E1,8.02E1));
#9300=CARTESIAN_POINT('',(-3.4E1,-3.34E1,7.78E1));
#9301=VERTEX_POINT('',#9299);
#9302=VERTEX_POINT('',#9300);
#9303=CARTESIAN_POINT('',(-3.4E1,-3.34E1,7.98E1));
#9304=CARTESIAN_POINT('',(-3.4E1,-3.58E1,8.22E1));
#9305=VERTEX_POINT('',#9303);
#9306=VERTEX_POINT('',#9304);
#9307=CARTESIAN_POINT('',(-6.E0,-3.58E1,8.02E1));
#9308=CARTESIAN_POINT('',(-6.E0,-3.34E1,7.78E1));
#9309=VERTEX_POINT('',#9307);
#9310=VERTEX_POINT('',#9308);
#9311=CARTESIAN_POINT('',(-6.E0,-3.34E1,7.98E1));
#9312=CARTESIAN_POINT('',(-6.E0,-3.58E1,8.22E1));
#9313=VERTEX_POINT('',#9311);
#9314=VERTEX_POINT('',#9312);
#9315=CARTESIAN_POINT('',(-3.4E1,-3.8E1,8.E1));
#9316=CARTESIAN_POINT('',(-3.4E1,-3.8E1,7.8E1));
#9317=VERTEX_POINT('',#9315);
#9318=VERTEX_POINT('',#9316);
#9319=CARTESIAN_POINT('',(-3.1E1,-3.8E1,7.8E1));
#9320=VERTEX_POINT('',#9319);
#9321=CARTESIAN_POINT('',(-9.E0,-3.8E1,7.8E1));
#9322=VERTEX_POINT('',#9321);
#9323=CARTESIAN_POINT('',(-6.E0,-3.8E1,7.8E1));
#9324=VERTEX_POINT('',#9323);
#9325=CARTESIAN_POINT('',(-3.1E1,-3.8E1,8.E1));
#9326=VERTEX_POINT('',#9325);
#9327=CARTESIAN_POINT('',(-9.E0,-3.8E1,8.E1));
#9328=VERTEX_POINT('',#9327);
#9329=CARTESIAN_POINT('',(-6.E0,-3.8E1,8.E1));
#9330=VERTEX_POINT('',#9329);
#9331=CARTESIAN_POINT('',(-3.4E1,-3.34E1,6.18E1));
#9332=VERTEX_POINT('',#9331);
#9333=CARTESIAN_POINT('',(-3.288696972202E1,-3.34E1,6.38E1));
#9334=VERTEX_POINT('',#9333);
#9335=CARTESIAN_POINT('',(-3.223806527080E1,-3.34E1,6.58E1));
#9336=VERTEX_POINT('',#9335);
#9337=CARTESIAN_POINT('',(-3.188735931288E1,-3.8E1,3.346107857231E1));
#9338=VERTEX_POINT('',#9337);
#9339=CARTESIAN_POINT('',(-3.188735931288E1,-3.8E1,2.946107857231E1));
#9340=VERTEX_POINT('',#9339);
#9341=CARTESIAN_POINT('',(-3.4E1,-3.753174903620E1,2.8E1));
#9342=VERTEX_POINT('',#9341);
#9343=CARTESIAN_POINT('',(-3.4E1,-3.753174903620E1,3.6E1));
#9344=VERTEX_POINT('',#9343);
#9345=CARTESIAN_POINT('',(-3.4E1,-3.470592397782E1,6.310592397782E1));
#9346=CARTESIAN_POINT('',(-3.4E1,-3.34E1,6.310592397782E1));
#9347=VERTEX_POINT('',#9345);
#9348=VERTEX_POINT('',#9346);
#9349=CARTESIAN_POINT('',(-3.4E1,-3.549407602218E1,6.789407602218E1));
#9350=CARTESIAN_POINT('',(-3.4E1,-3.349407602218E1,6.789407602218E1));
#9351=VERTEX_POINT('',#9349);
#9352=VERTEX_POINT('',#9350);
#9353=VERTEX_POINT('',#2457);
#9354=CARTESIAN_POINT('',(-7.5E1,-4.E1,4.4E1));
#9355=VERTEX_POINT('',#9354);
#9356=CARTESIAN_POINT('',(-7.5E1,-4.E1,4.6E1));
#9357=VERTEX_POINT('',#9356);
#9358=CARTESIAN_POINT('',(-7.5E1,-4.E1,4.8E1));
#9359=VERTEX_POINT('',#9358);
#9360=CARTESIAN_POINT('',(-7.5E1,-4.E1,5.E1));
#9361=VERTEX_POINT('',#9360);
#9362=CARTESIAN_POINT('',(-7.5E1,-4.E1,5.4E1));
#9363=VERTEX_POINT('',#9362);
#9364=CARTESIAN_POINT('',(-7.5E1,-4.E1,5.6E1));
#9365=VERTEX_POINT('',#9364);
#9366=CARTESIAN_POINT('',(-7.5E1,-4.E1,5.8E1));
#9367=VERTEX_POINT('',#9366);
#9368=CARTESIAN_POINT('',(-7.5E1,-4.E1,6.2E1));
#9369=VERTEX_POINT('',#9368);
#9370=CARTESIAN_POINT('',(-7.5E1,-4.E1,4.2E1));
#9371=VERTEX_POINT('',#9370);
#9372=CARTESIAN_POINT('',(-7.5E1,-4.E1,4.E1));
#9373=VERTEX_POINT('',#9372);
#9374=CARTESIAN_POINT('',(-7.5E1,-4.E1,3.6E1));
#9375=VERTEX_POINT('',#9374);
#9376=CARTESIAN_POINT('',(-7.5E1,-4.E1,3.4E1));
#9377=VERTEX_POINT('',#9376);
#9378=CARTESIAN_POINT('',(-7.5E1,-4.E1,3.2E1));
#9379=VERTEX_POINT('',#9378);
#9380=CARTESIAN_POINT('',(-7.5E1,-4.E1,3.E1));
#9381=VERTEX_POINT('',#9380);
#9382=CARTESIAN_POINT('',(-7.5E1,-4.E1,2.8E1));
#9383=VERTEX_POINT('',#9382);
#9384=CARTESIAN_POINT('',(-7.5E1,-4.E1,3.8E1));
#9385=VERTEX_POINT('',#9384);
#9386=CARTESIAN_POINT('',(-7.5E1,-4.E1,5.2E1));
#9387=VERTEX_POINT('',#9386);
#9388=CARTESIAN_POINT('',(-7.5E1,-3.8E1,5.4E1));
#9389=VERTEX_POINT('',#9388);
#9390=CARTESIAN_POINT('',(-7.5E1,-3.8E1,5.2E1));
#9391=VERTEX_POINT('',#9390);
#9392=CARTESIAN_POINT('',(-7.5E1,-3.8E1,6.2E1));
#9393=VERTEX_POINT('',#9392);
#9394=CARTESIAN_POINT('',(-7.5E1,-3.8E1,5.6E1));
#9395=VERTEX_POINT('',#9394);
#9396=CARTESIAN_POINT('',(-7.5E1,-3.8E1,5.8E1));
#9397=VERTEX_POINT('',#9396);
#9398=CARTESIAN_POINT('',(-7.5E1,-3.8E1,4.8E1));
#9399=VERTEX_POINT('',#9398);
#9400=CARTESIAN_POINT('',(-7.5E1,-3.8E1,5.E1));
#9401=VERTEX_POINT('',#9400);
#9402=CARTESIAN_POINT('',(-7.5E1,-3.8E1,4.4E1));
#9403=VERTEX_POINT('',#9402);
#9404=CARTESIAN_POINT('',(-7.5E1,-3.8E1,4.6E1));
#9405=VERTEX_POINT('',#9404);
#9406=CARTESIAN_POINT('',(-7.5E1,-3.8E1,3.6E1));
#9407=VERTEX_POINT('',#9406);
#9408=CARTESIAN_POINT('',(-7.5E1,-3.8E1,3.8E1));
#9409=VERTEX_POINT('',#9408);
#9410=CARTESIAN_POINT('',(-7.5E1,-3.8E1,4.E1));
#9411=VERTEX_POINT('',#9410);
#9412=CARTESIAN_POINT('',(-7.5E1,-3.8E1,4.2E1));
#9413=VERTEX_POINT('',#9412);
#9414=CARTESIAN_POINT('',(-7.5E1,-3.8E1,3.2E1));
#9415=VERTEX_POINT('',#9414);
#9416=CARTESIAN_POINT('',(-7.5E1,-3.8E1,3.4E1));
#9417=VERTEX_POINT('',#9416);
#9418=CARTESIAN_POINT('',(-7.5E1,-3.8E1,2.8E1));
#9419=VERTEX_POINT('',#9418);
#9420=CARTESIAN_POINT('',(-7.5E1,-3.8E1,3.E1));
#9421=VERTEX_POINT('',#9420);
#9422=CARTESIAN_POINT('',(-7.5E1,-4.E1,6.E1));
#9423=CARTESIAN_POINT('',(-7.5E1,-3.8E1,6.E1));
#9424=VERTEX_POINT('',#9422);
#9425=VERTEX_POINT('',#9423);
#9426=CARTESIAN_POINT('',(0.E0,0.E0,0.E0));
#9427=DIRECTION('',(0.E0,1.E0,0.E0));
#9428=DIRECTION('',(0.E0,0.E0,1.E0));
#9429=AXIS2_PLACEMENT_3D('',#9426,#9427,#9428);
#9430=PLANE('',#9429);
#9432=ORIENTED_EDGE('',*,*,#9431,.T.);
#9434=ORIENTED_EDGE('',*,*,#9433,.F.);
#9436=ORIENTED_EDGE('',*,*,#9435,.T.);
#9438=ORIENTED_EDGE('',*,*,#9437,.F.);
#9440=ORIENTED_EDGE('',*,*,#9439,.T.);
#9442=ORIENTED_EDGE('',*,*,#9441,.T.);
#9444=ORIENTED_EDGE('',*,*,#9443,.T.);
#9446=ORIENTED_EDGE('',*,*,#9445,.T.);
#9448=ORIENTED_EDGE('',*,*,#9447,.T.);
#9450=ORIENTED_EDGE('',*,*,#9449,.F.);
#9452=ORIENTED_EDGE('',*,*,#9451,.T.);
#9454=ORIENTED_EDGE('',*,*,#9453,.F.);
#9456=ORIENTED_EDGE('',*,*,#9455,.T.);
#9458=ORIENTED_EDGE('',*,*,#9457,.T.);
#9460=ORIENTED_EDGE('',*,*,#9459,.F.);
#9462=ORIENTED_EDGE('',*,*,#9461,.F.);
#9464=ORIENTED_EDGE('',*,*,#9463,.F.);
#9466=ORIENTED_EDGE('',*,*,#9465,.F.);
#9468=ORIENTED_EDGE('',*,*,#9467,.F.);
#9470=ORIENTED_EDGE('',*,*,#9469,.F.);
#9472=ORIENTED_EDGE('',*,*,#9471,.F.);
#9474=ORIENTED_EDGE('',*,*,#9473,.T.);
#9475=EDGE_LOOP('',(#9432,#9434,#9436,#9438,#9440,#9442,#9444,#9446,#9448,#9450,
#9452,#9454,#9456,#9458,#9460,#9462,#9464,#9466,#9468,#9470,#9472,#9474));
#9476=FACE_OUTER_BOUND('',#9475,.F.);
#9477=ADVANCED_FACE('',(#9476),#9430,.T.);
#9478=CARTESIAN_POINT('',(-8.1E1,-3.E0,8.534733057534E1));
#9479=DIRECTION('',(0.E0,0.E0,-1.E0));
#9480=DIRECTION('',(0.E0,1.E0,0.E0));
#9481=AXIS2_PLACEMENT_3D('',#9478,#9479,#9480);
#9482=PLANE('',#9481);
#9484=ORIENTED_EDGE('',*,*,#9483,.T.);
#9486=ORIENTED_EDGE('',*,*,#9485,.F.);
#9487=ORIENTED_EDGE('',*,*,#9431,.F.);
#9489=ORIENTED_EDGE('',*,*,#9488,.F.);
#9490=EDGE_LOOP('',(#9484,#9486,#9487,#9489));
#9491=FACE_OUTER_BOUND('',#9490,.F.);
#9492=ADVANCED_FACE('',(#9491),#9482,.T.);
#9493=CARTESIAN_POINT('',(-8.1E1,-3.E0,8.534733057534E1));
#9494=DIRECTION('',(0.E0,0.E0,-1.E0));
#9495=DIRECTION('',(0.E0,1.E0,0.E0));
#9496=AXIS2_PLACEMENT_3D('',#9493,#9494,#9495);
#9497=PLANE('',#9496);
#9499=ORIENTED_EDGE('',*,*,#9498,.T.);
#9501=ORIENTED_EDGE('',*,*,#9500,.T.);
#9502=ORIENTED_EDGE('',*,*,#9439,.F.);
#9504=ORIENTED_EDGE('',*,*,#9503,.F.);
#9505=EDGE_LOOP('',(#9499,#9501,#9502,#9504));
#9506=FACE_OUTER_BOUND('',#9505,.F.);
#9507=ADVANCED_FACE('',(#9506),#9497,.T.);
#9508=CARTESIAN_POINT('',(-8.1E1,-5.652669424660E0,8.8E1));
#9509=DIRECTION('',(0.E0,-7.071067811865E-1,-7.071067811865E-1));
#9510=DIRECTION('',(0.E0,7.071067811865E-1,-7.071067811865E-1));
#9511=AXIS2_PLACEMENT_3D('',#9508,#9509,#9510);
#9512=PLANE('',#9511);
#9513=ORIENTED_EDGE('',*,*,#9483,.F.);
#9515=ORIENTED_EDGE('',*,*,#9514,.F.);
#9517=ORIENTED_EDGE('',*,*,#9516,.T.);
#9519=ORIENTED_EDGE('',*,*,#9518,.T.);
#9520=ORIENTED_EDGE('',*,*,#9498,.F.);
#9522=ORIENTED_EDGE('',*,*,#9521,.F.);
#9524=ORIENTED_EDGE('',*,*,#9523,.F.);
#9526=ORIENTED_EDGE('',*,*,#9525,.F.);
#9527=EDGE_LOOP('',(#9513,#9515,#9517,#9519,#9520,#9522,#9524,#9526));
#9528=FACE_OUTER_BOUND('',#9527,.F.);
#9529=ADVANCED_FACE('',(#9528),#9512,.T.);
#9530=CARTESIAN_POINT('',(-8.1E1,0.E0,8.8E1));
#9531=DIRECTION('',(1.736481776669E-1,0.E0,9.848077530122E-1));
#9532=DIRECTION('',(9.848077530122E-1,0.E0,-1.736481776669E-1));
#9533=AXIS2_PLACEMENT_3D('',#9530,#9531,#9532);
#9534=PLANE('',#9533);
#9536=ORIENTED_EDGE('',*,*,#9535,.T.);
#9537=ORIENTED_EDGE('',*,*,#9514,.T.);
#9538=ORIENTED_EDGE('',*,*,#9488,.T.);
#9539=ORIENTED_EDGE('',*,*,#9473,.F.);
#9541=ORIENTED_EDGE('',*,*,#9540,.T.);
#9542=EDGE_LOOP('',(#9536,#9537,#9538,#9539,#9541));
#9543=FACE_OUTER_BOUND('',#9542,.F.);
#9544=ADVANCED_FACE('',(#9543),#9534,.F.);
#9545=CARTESIAN_POINT('',(-8.1E1,5.2144E1,8.1E1));
#9546=DIRECTION('',(0.E0,-1.E0,0.E0));
#9547=DIRECTION('',(0.E0,0.E0,1.E0));
#9548=AXIS2_PLACEMENT_3D('',#9545,#9546,#9547);
#9549=CYLINDRICAL_SURFACE('',#9548,7.E0);
#9551=ORIENTED_EDGE('',*,*,#9550,.T.);
#9553=ORIENTED_EDGE('',*,*,#9552,.F.);
#9555=ORIENTED_EDGE('',*,*,#9554,.F.);
#9557=ORIENTED_EDGE('',*,*,#9556,.F.);
#9558=ORIENTED_EDGE('',*,*,#9535,.F.);
#9560=ORIENTED_EDGE('',*,*,#9559,.F.);
#9562=ORIENTED_EDGE('',*,*,#9561,.T.);
#9564=ORIENTED_EDGE('',*,*,#9563,.T.);
#9566=ORIENTED_EDGE('',*,*,#9565,.F.);
#9568=ORIENTED_EDGE('',*,*,#9567,.T.);
#9569=EDGE_LOOP('',(#9551,#9553,#9555,#9557,#9558,#9560,#9562,#9564,#9566,
#9568));
#9570=FACE_OUTER_BOUND('',#9569,.F.);
#9571=ADVANCED_FACE('',(#9570),#9549,.F.);
#9572=CARTESIAN_POINT('',(-8.1E1,-1.038430543251E1,8.8E1));
#9573=DIRECTION('',(0.E0,1.E0,0.E0));
#9574=DIRECTION('',(0.E0,0.E0,1.E0));
#9575=AXIS2_PLACEMENT_3D('',#9572,#9573,#9574);
#9576=CONICAL_SURFACE('',#9575,1.368363992148E0,4.5E1);
#9577=ORIENTED_EDGE('',*,*,#9550,.F.);
#9579=ORIENTED_EDGE('',*,*,#9578,.T.);
#9581=ORIENTED_EDGE('',*,*,#9580,.T.);
#9582=EDGE_LOOP('',(#9577,#9579,#9581));
#9583=FACE_OUTER_BOUND('',#9582,.F.);
#9584=ADVANCED_FACE('',(#9583),#9576,.T.);
#9585=CARTESIAN_POINT('',(-9.E0,-9.1E0,8.534733057534E1));
#9586=DIRECTION('',(0.E0,-7.071067811865E-1,-7.071067811865E-1));
#9587=DIRECTION('',(0.E0,-7.071067811865E-1,7.071067811865E-1));
#9588=AXIS2_PLACEMENT_3D('',#9585,#9586,#9587);
#9589=PLANE('',#9588);
#9590=ORIENTED_EDGE('',*,*,#9578,.F.);
#9592=ORIENTED_EDGE('',*,*,#9591,.T.);
#9594=ORIENTED_EDGE('',*,*,#9593,.F.);
#9596=ORIENTED_EDGE('',*,*,#9595,.T.);
#9597=EDGE_LOOP('',(#9590,#9592,#9594,#9596));
#9598=FACE_OUTER_BOUND('',#9597,.F.);
#9599=ADVANCED_FACE('',(#9598),#9589,.T.);
#9600=CARTESIAN_POINT('',(-9.E1,0.E0,8.8E1));
#9601=DIRECTION('',(0.E0,0.E0,1.E0));
#9602=DIRECTION('',(1.E0,0.E0,0.E0));
#9603=AXIS2_PLACEMENT_3D('',#9600,#9601,#9602);
#9604=PLANE('',#9603);
#9605=ORIENTED_EDGE('',*,*,#9567,.F.);
#9607=ORIENTED_EDGE('',*,*,#9606,.T.);
#9609=ORIENTED_EDGE('',*,*,#9608,.F.);
#9610=ORIENTED_EDGE('',*,*,#9591,.F.);
#9611=EDGE_LOOP('',(#9605,#9607,#9609,#9610));
#9612=FACE_OUTER_BOUND('',#9611,.F.);
#9614=ORIENTED_EDGE('',*,*,#9613,.F.);
#9616=ORIENTED_EDGE('',*,*,#9615,.F.);
#9618=ORIENTED_EDGE('',*,*,#9617,.F.);
#9620=ORIENTED_EDGE('',*,*,#9619,.F.);
#9621=EDGE_LOOP('',(#9614,#9616,#9618,#9620));
#9622=FACE_BOUND('',#9621,.F.);
#9624=ORIENTED_EDGE('',*,*,#9623,.F.);
#9626=ORIENTED_EDGE('',*,*,#9625,.F.);
#9628=ORIENTED_EDGE('',*,*,#9627,.F.);
#9630=ORIENTED_EDGE('',*,*,#9629,.F.);
#9631=EDGE_LOOP('',(#9624,#9626,#9628,#9630));
#9632=FACE_BOUND('',#9631,.F.);
#9634=ORIENTED_EDGE('',*,*,#9633,.F.);
#9636=ORIENTED_EDGE('',*,*,#9635,.F.);
#9638=ORIENTED_EDGE('',*,*,#9637,.F.);
#9640=ORIENTED_EDGE('',*,*,#9639,.F.);
#9641=EDGE_LOOP('',(#9634,#9636,#9638,#9640));
#9642=FACE_BOUND('',#9641,.F.);
#9644=ORIENTED_EDGE('',*,*,#9643,.F.);
#9646=ORIENTED_EDGE('',*,*,#9645,.F.);
#9648=ORIENTED_EDGE('',*,*,#9647,.F.);
#9650=ORIENTED_EDGE('',*,*,#9649,.F.);
#9651=EDGE_LOOP('',(#9644,#9646,#9648,#9650));
#9652=FACE_BOUND('',#9651,.F.);
#9654=ORIENTED_EDGE('',*,*,#9653,.F.);
#9656=ORIENTED_EDGE('',*,*,#9655,.F.);
#9658=ORIENTED_EDGE('',*,*,#9657,.F.);
#9660=ORIENTED_EDGE('',*,*,#9659,.F.);
#9661=EDGE_LOOP('',(#9654,#9656,#9658,#9660));
#9662=FACE_BOUND('',#9661,.F.);
#9664=ORIENTED_EDGE('',*,*,#9663,.F.);
#9666=ORIENTED_EDGE('',*,*,#9665,.F.);
#9668=ORIENTED_EDGE('',*,*,#9667,.F.);
#9670=ORIENTED_EDGE('',*,*,#9669,.F.);
#9672=ORIENTED_EDGE('',*,*,#9671,.F.);
#9674=ORIENTED_EDGE('',*,*,#9673,.F.);
#9676=ORIENTED_EDGE('',*,*,#9675,.F.);
#9678=ORIENTED_EDGE('',*,*,#9677,.F.);
#9679=EDGE_LOOP('',(#9664,#9666,#9668,#9670,#9672,#9674,#9676,#9678));
#9680=FACE_BOUND('',#9679,.F.);
#9681=ADVANCED_FACE('',(#9612,#9622,#9632,#9642,#9652,#9662,#9680),#9604,.F.);
#9682=CARTESIAN_POINT('',(-9.E1,0.E0,8.8E1));
#9683=DIRECTION('',(0.E0,0.E0,1.E0));
#9684=DIRECTION('',(1.E0,0.E0,0.E0));
#9685=AXIS2_PLACEMENT_3D('',#9682,#9683,#9684);
#9686=PLANE('',#9685);
#9688=ORIENTED_EDGE('',*,*,#9687,.F.);
#9690=ORIENTED_EDGE('',*,*,#9689,.T.);
#9692=ORIENTED_EDGE('',*,*,#9691,.F.);
#9693=ORIENTED_EDGE('',*,*,#9516,.F.);
#9694=ORIENTED_EDGE('',*,*,#9556,.T.);
#9695=EDGE_LOOP('',(#9688,#9690,#9692,#9693,#9694));
#9696=FACE_OUTER_BOUND('',#9695,.F.);
#9697=ADVANCED_FACE('',(#9696),#9686,.F.);
#9698=CARTESIAN_POINT('',(0.E0,-3.8E1,0.E0));
#9699=DIRECTION('',(0.E0,1.E0,0.E0));
#9700=DIRECTION('',(0.E0,0.E0,1.E0));
#9701=AXIS2_PLACEMENT_3D('',#9698,#9699,#9700);
#9702=PLANE('',#9701);
#9704=ORIENTED_EDGE('',*,*,#9703,.T.);
#9706=ORIENTED_EDGE('',*,*,#9705,.T.);
#9708=ORIENTED_EDGE('',*,*,#9707,.F.);
#9709=EDGE_LOOP('',(#9704,#9706,#9708));
#9710=FACE_OUTER_BOUND('',#9709,.F.);
#9711=ADVANCED_FACE('',(#9710),#9702,.T.);
#9712=CARTESIAN_POINT('',(0.E0,-3.8E1,0.E0));
#9713=DIRECTION('',(0.E0,1.E0,0.E0));
#9714=DIRECTION('',(0.E0,0.E0,1.E0));
#9715=AXIS2_PLACEMENT_3D('',#9712,#9713,#9714);
#9716=PLANE('',#9715);
#9718=ORIENTED_EDGE('',*,*,#9717,.F.);
#9720=ORIENTED_EDGE('',*,*,#9719,.F.);
#9722=ORIENTED_EDGE('',*,*,#9721,.T.);
#9723=EDGE_LOOP('',(#9718,#9720,#9722));
#9724=FACE_OUTER_BOUND('',#9723,.F.);
#9725=ADVANCED_FACE('',(#9724),#9716,.T.);
#9726=CARTESIAN_POINT('',(0.E0,-3.8E1,0.E0));
#9727=DIRECTION('',(0.E0,1.E0,0.E0));
#9728=DIRECTION('',(0.E0,0.E0,1.E0));
#9729=AXIS2_PLACEMENT_3D('',#9726,#9727,#9728);
#9730=PLANE('',#9729);
#9732=ORIENTED_EDGE('',*,*,#9731,.T.);
#9734=ORIENTED_EDGE('',*,*,#9733,.T.);
#9736=ORIENTED_EDGE('',*,*,#9735,.F.);
#9737=EDGE_LOOP('',(#9732,#9734,#9736));
#9738=FACE_OUTER_BOUND('',#9737,.F.);
#9739=ADVANCED_FACE('',(#9738),#9730,.T.);
#9740=CARTESIAN_POINT('',(0.E0,-3.8E1,0.E0));
#9741=DIRECTION('',(0.E0,1.E0,0.E0));
#9742=DIRECTION('',(0.E0,0.E0,1.E0));
#9743=AXIS2_PLACEMENT_3D('',#9740,#9741,#9742);
#9744=PLANE('',#9743);
#9746=ORIENTED_EDGE('',*,*,#9745,.F.);
#9748=ORIENTED_EDGE('',*,*,#9747,.F.);
#9750=ORIENTED_EDGE('',*,*,#9749,.T.);
#9751=EDGE_LOOP('',(#9746,#9748,#9750));
#9752=FACE_OUTER_BOUND('',#9751,.F.);
#9753=ADVANCED_FACE('',(#9752),#9744,.T.);
#9754=CARTESIAN_POINT('',(0.E0,-3.8E1,0.E0));
#9755=DIRECTION('',(0.E0,1.E0,0.E0));
#9756=DIRECTION('',(0.E0,0.E0,1.E0));
#9757=AXIS2_PLACEMENT_3D('',#9754,#9755,#9756);
#9758=PLANE('',#9757);
#9760=ORIENTED_EDGE('',*,*,#9759,.F.);
#9762=ORIENTED_EDGE('',*,*,#9761,.T.);
#9764=ORIENTED_EDGE('',*,*,#9763,.T.);
#9766=ORIENTED_EDGE('',*,*,#9765,.F.);
#9767=EDGE_LOOP('',(#9760,#9762,#9764,#9766));
#9768=FACE_OUTER_BOUND('',#9767,.F.);
#9769=ADVANCED_FACE('',(#9768),#9758,.T.);
#9770=CARTESIAN_POINT('',(0.E0,-3.8E1,0.E0));
#9771=DIRECTION('',(0.E0,1.E0,0.E0));
#9772=DIRECTION('',(0.E0,0.E0,1.E0));
#9773=AXIS2_PLACEMENT_3D('',#9770,#9771,#9772);
#9774=PLANE('',#9773);
#9776=ORIENTED_EDGE('',*,*,#9775,.F.);
#9778=ORIENTED_EDGE('',*,*,#9777,.F.);
#9780=ORIENTED_EDGE('',*,*,#9779,.T.);
#9782=ORIENTED_EDGE('',*,*,#9781,.T.);
#9783=EDGE_LOOP('',(#9776,#9778,#9780,#9782));
#9784=FACE_OUTER_BOUND('',#9783,.F.);
#9785=ADVANCED_FACE('',(#9784),#9774,.T.);
#9786=CARTESIAN_POINT('',(0.E0,-3.8E1,0.E0));
#9787=DIRECTION('',(0.E0,1.E0,0.E0));
#9788=DIRECTION('',(0.E0,0.E0,1.E0));
#9789=AXIS2_PLACEMENT_3D('',#9786,#9787,#9788);
#9790=PLANE('',#9789);
#9792=ORIENTED_EDGE('',*,*,#9791,.T.);
#9794=ORIENTED_EDGE('',*,*,#9793,.T.);
#9796=ORIENTED_EDGE('',*,*,#9795,.F.);
#9798=ORIENTED_EDGE('',*,*,#9797,.F.);
#9800=ORIENTED_EDGE('',*,*,#9799,.T.);
#9802=ORIENTED_EDGE('',*,*,#9801,.T.);
#9804=ORIENTED_EDGE('',*,*,#9803,.F.);
#9806=ORIENTED_EDGE('',*,*,#9805,.F.);
#9808=ORIENTED_EDGE('',*,*,#9807,.T.);
#9810=ORIENTED_EDGE('',*,*,#9809,.T.);
#9812=ORIENTED_EDGE('',*,*,#9811,.F.);
#9814=ORIENTED_EDGE('',*,*,#9813,.F.);
#9816=ORIENTED_EDGE('',*,*,#9815,.T.);
#9818=ORIENTED_EDGE('',*,*,#9817,.T.);
#9820=ORIENTED_EDGE('',*,*,#9819,.F.);
#9822=ORIENTED_EDGE('',*,*,#9821,.F.);
#9824=ORIENTED_EDGE('',*,*,#9823,.T.);
#9826=ORIENTED_EDGE('',*,*,#9825,.T.);
#9828=ORIENTED_EDGE('',*,*,#9827,.F.);
#9830=ORIENTED_EDGE('',*,*,#9829,.F.);
#9832=ORIENTED_EDGE('',*,*,#9831,.T.);
#9834=ORIENTED_EDGE('',*,*,#9833,.T.);
#9836=ORIENTED_EDGE('',*,*,#9835,.F.);
#9838=ORIENTED_EDGE('',*,*,#9837,.F.);
#9840=ORIENTED_EDGE('',*,*,#9839,.T.);
#9842=ORIENTED_EDGE('',*,*,#9841,.T.);
#9844=ORIENTED_EDGE('',*,*,#9843,.F.);
#9846=ORIENTED_EDGE('',*,*,#9845,.F.);
#9848=ORIENTED_EDGE('',*,*,#9847,.T.);
#9850=ORIENTED_EDGE('',*,*,#9849,.T.);
#9852=ORIENTED_EDGE('',*,*,#9851,.F.);
#9854=ORIENTED_EDGE('',*,*,#9853,.F.);
#9856=ORIENTED_EDGE('',*,*,#9855,.T.);
#9858=ORIENTED_EDGE('',*,*,#9857,.T.);
#9860=ORIENTED_EDGE('',*,*,#9859,.F.);
#9862=ORIENTED_EDGE('',*,*,#9861,.F.);
#9864=ORIENTED_EDGE('',*,*,#9863,.F.);
#9866=ORIENTED_EDGE('',*,*,#9865,.F.);
#9868=ORIENTED_EDGE('',*,*,#9867,.T.);
#9870=ORIENTED_EDGE('',*,*,#9869,.F.);
#9872=ORIENTED_EDGE('',*,*,#9871,.T.);
#9874=ORIENTED_EDGE('',*,*,#9873,.F.);
#9876=ORIENTED_EDGE('',*,*,#9875,.T.);
#9878=ORIENTED_EDGE('',*,*,#9877,.T.);
#9880=ORIENTED_EDGE('',*,*,#9879,.T.);
#9882=ORIENTED_EDGE('',*,*,#9881,.F.);
#9884=ORIENTED_EDGE('',*,*,#9883,.F.);
#9886=ORIENTED_EDGE('',*,*,#9885,.T.);
#9888=ORIENTED_EDGE('',*,*,#9887,.T.);
#9890=ORIENTED_EDGE('',*,*,#9889,.F.);
#9892=ORIENTED_EDGE('',*,*,#9891,.F.);
#9894=ORIENTED_EDGE('',*,*,#9893,.T.);
#9896=ORIENTED_EDGE('',*,*,#9895,.T.);
#9898=ORIENTED_EDGE('',*,*,#9897,.F.);
#9900=ORIENTED_EDGE('',*,*,#9899,.F.);
#9902=ORIENTED_EDGE('',*,*,#9901,.T.);
#9904=ORIENTED_EDGE('',*,*,#9903,.T.);
#9906=ORIENTED_EDGE('',*,*,#9905,.F.);
#9908=ORIENTED_EDGE('',*,*,#9907,.F.);
#9910=ORIENTED_EDGE('',*,*,#9909,.T.);
#9912=ORIENTED_EDGE('',*,*,#9911,.T.);
#9914=ORIENTED_EDGE('',*,*,#9913,.F.);
#9916=ORIENTED_EDGE('',*,*,#9915,.F.);
#9918=ORIENTED_EDGE('',*,*,#9917,.T.);
#9920=ORIENTED_EDGE('',*,*,#9919,.T.);
#9922=ORIENTED_EDGE('',*,*,#9921,.F.);
#9924=ORIENTED_EDGE('',*,*,#9923,.T.);
#9926=ORIENTED_EDGE('',*,*,#9925,.T.);
#9928=ORIENTED_EDGE('',*,*,#9927,.T.);
#9930=ORIENTED_EDGE('',*,*,#9929,.F.);
#9932=ORIENTED_EDGE('',*,*,#9931,.T.);
#9934=ORIENTED_EDGE('',*,*,#9933,.T.);
#9936=ORIENTED_EDGE('',*,*,#9935,.T.);
#9938=ORIENTED_EDGE('',*,*,#9937,.F.);
#9940=ORIENTED_EDGE('',*,*,#9939,.T.);
#9942=ORIENTED_EDGE('',*,*,#9941,.T.);
#9944=ORIENTED_EDGE('',*,*,#9943,.T.);
#9946=ORIENTED_EDGE('',*,*,#9945,.F.);
#9948=ORIENTED_EDGE('',*,*,#9947,.T.);
#9950=ORIENTED_EDGE('',*,*,#9949,.T.);
#9952=ORIENTED_EDGE('',*,*,#9951,.T.);
#9954=ORIENTED_EDGE('',*,*,#9953,.F.);
#9956=ORIENTED_EDGE('',*,*,#9955,.T.);
#9958=ORIENTED_EDGE('',*,*,#9957,.T.);
#9960=ORIENTED_EDGE('',*,*,#9959,.T.);
#9962=ORIENTED_EDGE('',*,*,#9961,.F.);
#9964=ORIENTED_EDGE('',*,*,#9963,.T.);
#9966=ORIENTED_EDGE('',*,*,#9965,.T.);
#9968=ORIENTED_EDGE('',*,*,#9967,.T.);
#9970=ORIENTED_EDGE('',*,*,#9969,.F.);
#9972=ORIENTED_EDGE('',*,*,#9971,.T.);
#9974=ORIENTED_EDGE('',*,*,#9973,.T.);
#9976=ORIENTED_EDGE('',*,*,#9975,.T.);
#9978=ORIENTED_EDGE('',*,*,#9977,.F.);
#9980=ORIENTED_EDGE('',*,*,#9979,.T.);
#9982=ORIENTED_EDGE('',*,*,#9981,.T.);
#9984=ORIENTED_EDGE('',*,*,#9983,.T.);
#9986=ORIENTED_EDGE('',*,*,#9985,.F.);
#9988=ORIENTED_EDGE('',*,*,#9987,.T.);
#9990=ORIENTED_EDGE('',*,*,#9989,.T.);
#9992=ORIENTED_EDGE('',*,*,#9991,.T.);
#9994=ORIENTED_EDGE('',*,*,#9993,.F.);
#9996=ORIENTED_EDGE('',*,*,#9995,.F.);
#9998=ORIENTED_EDGE('',*,*,#9997,.T.);
#10000=ORIENTED_EDGE('',*,*,#9999,.T.);
#10002=ORIENTED_EDGE('',*,*,#10001,.F.);
#10004=ORIENTED_EDGE('',*,*,#10003,.F.);
#10006=ORIENTED_EDGE('',*,*,#10005,.T.);
#10008=ORIENTED_EDGE('',*,*,#10007,.T.);
#10010=ORIENTED_EDGE('',*,*,#10009,.F.);
#10012=ORIENTED_EDGE('',*,*,#10011,.F.);
#10014=ORIENTED_EDGE('',*,*,#10013,.T.);
#10016=ORIENTED_EDGE('',*,*,#10015,.T.);
#10018=ORIENTED_EDGE('',*,*,#10017,.F.);
#10020=ORIENTED_EDGE('',*,*,#10019,.F.);
#10022=ORIENTED_EDGE('',*,*,#10021,.T.);
#10024=ORIENTED_EDGE('',*,*,#10023,.T.);
#10026=ORIENTED_EDGE('',*,*,#10025,.F.);
#10028=ORIENTED_EDGE('',*,*,#10027,.F.);
#10030=ORIENTED_EDGE('',*,*,#10029,.T.);
#10032=ORIENTED_EDGE('',*,*,#10031,.T.);
#10034=ORIENTED_EDGE('',*,*,#10033,.F.);
#10036=ORIENTED_EDGE('',*,*,#10035,.F.);
#10038=ORIENTED_EDGE('',*,*,#10037,.F.);
#10040=ORIENTED_EDGE('',*,*,#10039,.T.);
#10042=ORIENTED_EDGE('',*,*,#10041,.T.);
#10044=ORIENTED_EDGE('',*,*,#10043,.T.);
#10046=ORIENTED_EDGE('',*,*,#10045,.T.);
#10048=ORIENTED_EDGE('',*,*,#10047,.F.);
#10050=ORIENTED_EDGE('',*,*,#10049,.F.);
#10052=ORIENTED_EDGE('',*,*,#10051,.T.);
#10054=ORIENTED_EDGE('',*,*,#10053,.T.);
#10056=ORIENTED_EDGE('',*,*,#10055,.F.);
#10058=ORIENTED_EDGE('',*,*,#10057,.F.);
#10060=ORIENTED_EDGE('',*,*,#10059,.T.);
#10062=ORIENTED_EDGE('',*,*,#10061,.F.);
#10064=ORIENTED_EDGE('',*,*,#10063,.F.);
#10066=ORIENTED_EDGE('',*,*,#10065,.F.);
#10068=ORIENTED_EDGE('',*,*,#10067,.T.);
#10070=ORIENTED_EDGE('',*,*,#10069,.F.);
#10072=ORIENTED_EDGE('',*,*,#10071,.F.);
#10074=ORIENTED_EDGE('',*,*,#10073,.F.);
#10076=ORIENTED_EDGE('',*,*,#10075,.T.);
#10078=ORIENTED_EDGE('',*,*,#10077,.F.);
#10080=ORIENTED_EDGE('',*,*,#10079,.F.);
#10082=ORIENTED_EDGE('',*,*,#10081,.F.);
#10084=ORIENTED_EDGE('',*,*,#10083,.T.);
#10086=ORIENTED_EDGE('',*,*,#10085,.F.);
#10088=ORIENTED_EDGE('',*,*,#10087,.F.);
#10090=ORIENTED_EDGE('',*,*,#10089,.F.);
#10092=ORIENTED_EDGE('',*,*,#10091,.T.);
#10094=ORIENTED_EDGE('',*,*,#10093,.F.);
#10096=ORIENTED_EDGE('',*,*,#10095,.F.);
#10098=ORIENTED_EDGE('',*,*,#10097,.F.);
#10100=ORIENTED_EDGE('',*,*,#10099,.T.);
#10102=ORIENTED_EDGE('',*,*,#10101,.T.);
#10104=ORIENTED_EDGE('',*,*,#10103,.T.);
#10106=ORIENTED_EDGE('',*,*,#10105,.F.);
#10108=ORIENTED_EDGE('',*,*,#10107,.T.);
#10110=ORIENTED_EDGE('',*,*,#10109,.F.);
#10112=ORIENTED_EDGE('',*,*,#10111,.F.);
#10114=ORIENTED_EDGE('',*,*,#10113,.F.);
#10116=ORIENTED_EDGE('',*,*,#10115,.T.);
#10118=ORIENTED_EDGE('',*,*,#10117,.F.);
#10120=ORIENTED_EDGE('',*,*,#10119,.F.);
#10122=ORIENTED_EDGE('',*,*,#10121,.F.);
#10124=ORIENTED_EDGE('',*,*,#10123,.T.);
#10126=ORIENTED_EDGE('',*,*,#10125,.F.);
#10128=ORIENTED_EDGE('',*,*,#10127,.F.);
#10130=ORIENTED_EDGE('',*,*,#10129,.F.);
#10132=ORIENTED_EDGE('',*,*,#10131,.T.);
#10134=ORIENTED_EDGE('',*,*,#10133,.F.);
#10136=ORIENTED_EDGE('',*,*,#10135,.F.);
#10138=ORIENTED_EDGE('',*,*,#10137,.F.);
#10140=ORIENTED_EDGE('',*,*,#10139,.T.);
#10142=ORIENTED_EDGE('',*,*,#10141,.T.);
#10144=ORIENTED_EDGE('',*,*,#10143,.F.);
#10146=ORIENTED_EDGE('',*,*,#10145,.F.);
#10148=ORIENTED_EDGE('',*,*,#10147,.T.);
#10150=ORIENTED_EDGE('',*,*,#10149,.T.);
#10152=ORIENTED_EDGE('',*,*,#10151,.F.);
#10154=ORIENTED_EDGE('',*,*,#10153,.F.);
#10156=ORIENTED_EDGE('',*,*,#10155,.T.);
#10158=ORIENTED_EDGE('',*,*,#10157,.T.);
#10160=ORIENTED_EDGE('',*,*,#10159,.F.);
#10162=ORIENTED_EDGE('',*,*,#10161,.F.);
#10164=ORIENTED_EDGE('',*,*,#10163,.T.);
#10166=ORIENTED_EDGE('',*,*,#10165,.T.);
#10168=ORIENTED_EDGE('',*,*,#10167,.T.);
#10170=ORIENTED_EDGE('',*,*,#10169,.F.);
#10172=ORIENTED_EDGE('',*,*,#10171,.F.);
#10174=ORIENTED_EDGE('',*,*,#10173,.T.);
#10175=ORIENTED_EDGE('',*,*,#9606,.F.);
#10176=ORIENTED_EDGE('',*,*,#9565,.T.);
#10178=ORIENTED_EDGE('',*,*,#10177,.F.);
#10180=ORIENTED_EDGE('',*,*,#10179,.F.);
#10182=ORIENTED_EDGE('',*,*,#10181,.F.);
#10183=EDGE_LOOP('',(#9792,#9794,#9796,#9798,#9800,#9802,#9804,#9806,#9808,
#9810,#9812,#9814,#9816,#9818,#9820,#9822,#9824,#9826,#9828,#9830,#9832,#9834,
#9836,#9838,#9840,#9842,#9844,#9846,#9848,#9850,#9852,#9854,#9856,#9858,#9860,
#9862,#9864,#9866,#9868,#9870,#9872,#9874,#9876,#9878,#9880,#9882,#9884,#9886,
#9888,#9890,#9892,#9894,#9896,#9898,#9900,#9902,#9904,#9906,#9908,#9910,#9912,
#9914,#9916,#9918,#9920,#9922,#9924,#9926,#9928,#9930,#9932,#9934,#9936,#9938,
#9940,#9942,#9944,#9946,#9948,#9950,#9952,#9954,#9956,#9958,#9960,#9962,#9964,
#9966,#9968,#9970,#9972,#9974,#9976,#9978,#9980,#9982,#9984,#9986,#9988,#9990,
#9992,#9994,#9996,#9998,#10000,#10002,#10004,#10006,#10008,#10010,#10012,#10014,
#10016,#10018,#10020,#10022,#10024,#10026,#10028,#10030,#10032,#10034,#10036,
#10038,#10040,#10042,#10044,#10046,#10048,#10050,#10052,#10054,#10056,#10058,
#10060,#10062,#10064,#10066,#10068,#10070,#10072,#10074,#10076,#10078,#10080,
#10082,#10084,#10086,#10088,#10090,#10092,#10094,#10096,#10098,#10100,#10102,
#10104,#10106,#10108,#10110,#10112,#10114,#10116,#10118,#10120,#10122,#10124,
#10126,#10128,#10130,#10132,#10134,#10136,#10138,#10140,#10142,#10144,#10146,
#10148,#10150,#10152,#10154,#10156,#10158,#10160,#10162,#10164,#10166,#10168,
#10170,#10172,#10174,#10175,#10176,#10178,#10180,#10182));
#10184=FACE_OUTER_BOUND('',#10183,.F.);
#10186=ORIENTED_EDGE('',*,*,#10185,.F.);
#10188=ORIENTED_EDGE('',*,*,#10187,.T.);
#10190=ORIENTED_EDGE('',*,*,#10189,.T.);
#10192=ORIENTED_EDGE('',*,*,#10191,.F.);
#10193=EDGE_LOOP('',(#10186,#10188,#10190,#10192));
#10194=FACE_BOUND('',#10193,.F.);
#10196=ORIENTED_EDGE('',*,*,#10195,.F.);
#10198=ORIENTED_EDGE('',*,*,#10197,.T.);
#10200=ORIENTED_EDGE('',*,*,#10199,.T.);
#10202=ORIENTED_EDGE('',*,*,#10201,.F.);
#10203=EDGE_LOOP('',(#10196,#10198,#10200,#10202));
#10204=FACE_BOUND('',#10203,.F.);
#10205=ADVANCED_FACE('',(#10184,#10194,#10204),#9790,.T.);
#10206=CARTESIAN_POINT('',(-3.4E1,-3.58E1,3.02E1));
#10207=DIRECTION('',(0.E0,-7.071067811865E-1,7.071067811865E-1));
#10208=DIRECTION('',(0.E0,-7.071067811865E-1,-7.071067811865E-1));
#10209=AXIS2_PLACEMENT_3D('',#10206,#10207,#10208);
#10210=PLANE('',#10209);
#10211=ORIENTED_EDGE('',*,*,#9703,.F.);
#10213=ORIENTED_EDGE('',*,*,#10212,.F.);
#10215=ORIENTED_EDGE('',*,*,#10214,.F.);
#10217=ORIENTED_EDGE('',*,*,#10216,.T.);
#10219=ORIENTED_EDGE('',*,*,#10218,.T.);
#10220=ORIENTED_EDGE('',*,*,#9949,.F.);
#10222=ORIENTED_EDGE('',*,*,#10221,.F.);
#10223=EDGE_LOOP('',(#10211,#10213,#10215,#10217,#10219,#10220,#10222));
#10224=FACE_OUTER_BOUND('',#10223,.F.);
#10225=ADVANCED_FACE('',(#10224),#10210,.T.);
#10226=CARTESIAN_POINT('',(-3.188735931288E1,-3.3E1,2.8E1));
#10227=DIRECTION('',(0.E0,0.E0,1.E0));
#10228=DIRECTION('',(1.E0,0.E0,0.E0));
#10229=AXIS2_PLACEMENT_3D('',#10226,#10227,#10228);
#10230=CYLINDRICAL_SURFACE('',#10229,5.E0);
#10232=ORIENTED_EDGE('',*,*,#10231,.T.);
#10234=ORIENTED_EDGE('',*,*,#10233,.T.);
#10236=ORIENTED_EDGE('',*,*,#10235,.F.);
#10238=ORIENTED_EDGE('',*,*,#10237,.F.);
#10240=ORIENTED_EDGE('',*,*,#10239,.T.);
#10241=ORIENTED_EDGE('',*,*,#10212,.T.);
#10242=ORIENTED_EDGE('',*,*,#9707,.T.);
#10244=ORIENTED_EDGE('',*,*,#10243,.T.);
#10245=ORIENTED_EDGE('',*,*,#9719,.T.);
#10247=ORIENTED_EDGE('',*,*,#10246,.F.);
#10249=ORIENTED_EDGE('',*,*,#10248,.T.);
#10251=ORIENTED_EDGE('',*,*,#10250,.T.);
#10252=ORIENTED_EDGE('',*,*,#9735,.T.);
#10254=ORIENTED_EDGE('',*,*,#10253,.T.);
#10255=ORIENTED_EDGE('',*,*,#9747,.T.);
#10257=ORIENTED_EDGE('',*,*,#10256,.F.);
#10258=EDGE_LOOP('',(#10232,#10234,#10236,#10238,#10240,#10241,#10242,#10244,
#10245,#10247,#10249,#10251,#10252,#10254,#10255,#10257));
#10259=FACE_OUTER_BOUND('',#10258,.F.);
#10260=ADVANCED_FACE('',(#10259),#10230,.F.);
#10261=CARTESIAN_POINT('',(-3.4E1,0.E0,2.8E1));
#10262=DIRECTION('',(1.E0,0.E0,0.E0));
#10263=DIRECTION('',(0.E0,-1.E0,0.E0));
#10264=AXIS2_PLACEMENT_3D('',#10261,#10262,#10263);
#10265=PLANE('',#10264);
#10267=ORIENTED_EDGE('',*,*,#10266,.T.);
#10269=ORIENTED_EDGE('',*,*,#10268,.T.);
#10271=ORIENTED_EDGE('',*,*,#10270,.T.);
#10273=ORIENTED_EDGE('',*,*,#10272,.T.);
#10275=ORIENTED_EDGE('',*,*,#10274,.T.);
#10277=ORIENTED_EDGE('',*,*,#10276,.T.);
#10278=ORIENTED_EDGE('',*,*,#10231,.F.);
#10279=EDGE_LOOP('',(#10267,#10269,#10271,#10273,#10275,#10277,#10278));
#10280=FACE_OUTER_BOUND('',#10279,.F.);
#10281=ADVANCED_FACE('',(#10280),#10265,.F.);
#10282=CARTESIAN_POINT('',(-3.4E1,-3.8E1,3.4E1));
#10283=DIRECTION('',(0.E0,7.071067811865E-1,-7.071067811865E-1));
#10284=DIRECTION('',(0.E0,7.071067811865E-1,7.071067811865E-1));
#10285=AXIS2_PLACEMENT_3D('',#10282,#10283,#10284);
#10286=PLANE('',#10285);
#10287=ORIENTED_EDGE('',*,*,#9745,.T.);
#10289=ORIENTED_EDGE('',*,*,#10288,.T.);
#10290=ORIENTED_EDGE('',*,*,#9937,.T.);
#10292=ORIENTED_EDGE('',*,*,#10291,.T.);
#10294=ORIENTED_EDGE('',*,*,#10293,.F.);
#10295=ORIENTED_EDGE('',*,*,#10266,.F.);
#10296=ORIENTED_EDGE('',*,*,#10256,.T.);
#10297=EDGE_LOOP('',(#10287,#10289,#10290,#10292,#10294,#10295,#10296));
#10298=FACE_OUTER_BOUND('',#10297,.F.);
#10299=ADVANCED_FACE('',(#10298),#10286,.T.);
#10300=CARTESIAN_POINT('',(-3.1E1,-4.E1,3.4E1));
#10301=DIRECTION('',(0.E0,0.E0,-1.E0));
#10302=DIRECTION('',(1.E0,0.E0,0.E0));
#10303=AXIS2_PLACEMENT_3D('',#10300,#10301,#10302);
#10304=PLANE('',#10303);
#10305=ORIENTED_EDGE('',*,*,#10288,.F.);
#10307=ORIENTED_EDGE('',*,*,#10306,.F.);
#10309=ORIENTED_EDGE('',*,*,#10308,.T.);
#10311=ORIENTED_EDGE('',*,*,#10310,.T.);
#10312=EDGE_LOOP('',(#10305,#10307,#10309,#10311));
#10313=FACE_OUTER_BOUND('',#10312,.F.);
#10314=ADVANCED_FACE('',(#10313),#10304,.T.);
#10315=CARTESIAN_POINT('',(-3.1E1,-4.E1,3.3E1));
#10316=DIRECTION('',(0.E0,1.E0,0.E0));
#10317=DIRECTION('',(0.E0,0.E0,1.E0));
#10318=AXIS2_PLACEMENT_3D('',#10315,#10316,#10317);
#10319=CYLINDRICAL_SURFACE('',#10318,1.E0);
#10320=ORIENTED_EDGE('',*,*,#10306,.T.);
#10321=ORIENTED_EDGE('',*,*,#9749,.F.);
#10323=ORIENTED_EDGE('',*,*,#10322,.F.);
#10324=ORIENTED_EDGE('',*,*,#9733,.F.);
#10326=ORIENTED_EDGE('',*,*,#10325,.F.);
#10328=ORIENTED_EDGE('',*,*,#10327,.T.);
#10329=EDGE_LOOP('',(#10320,#10321,#10323,#10324,#10326,#10328));
#10330=FACE_OUTER_BOUND('',#10329,.F.);
#10331=ADVANCED_FACE('',(#10330),#10319,.F.);
#10332=CARTESIAN_POINT('',(0.E0,-3.8E1,7.8E1));
#10333=DIRECTION('',(0.E0,-1.E0,0.E0));
#10334=DIRECTION('',(0.E0,0.E0,-1.E0));
#10335=AXIS2_PLACEMENT_3D('',#10332,#10333,#10334);
#10336=PLANE('',#10335);
#10337=ORIENTED_EDGE('',*,*,#10253,.F.);
#10338=ORIENTED_EDGE('',*,*,#10322,.T.);
#10339=EDGE_LOOP('',(#10337,#10338));
#10340=FACE_OUTER_BOUND('',#10339,.F.);
#10341=ADVANCED_FACE('',(#10340),#10336,.T.);
#10342=CARTESIAN_POINT('',(-9.E0,-4.E1,3.2E1));
#10343=DIRECTION('',(0.E0,0.E0,1.E0));
#10344=DIRECTION('',(-1.E0,0.E0,0.E0));
#10345=AXIS2_PLACEMENT_3D('',#10342,#10343,#10344);
#10346=PLANE('',#10345);
#10348=ORIENTED_EDGE('',*,*,#10347,.T.);
#10350=ORIENTED_EDGE('',*,*,#10349,.F.);
#10352=ORIENTED_EDGE('',*,*,#10351,.T.);
#10353=ORIENTED_EDGE('',*,*,#10325,.T.);
#10354=EDGE_LOOP('',(#10348,#10350,#10352,#10353));
#10355=FACE_OUTER_BOUND('',#10354,.F.);
#10356=ADVANCED_FACE('',(#10355),#10346,.T.);
#10357=CARTESIAN_POINT('',(-3.4E1,-3.58E1,3.42E1));
#10358=DIRECTION('',(0.E0,-7.071067811865E-1,7.071067811865E-1));
#10359=DIRECTION('',(0.E0,-7.071067811865E-1,-7.071067811865E-1));
#10360=AXIS2_PLACEMENT_3D('',#10357,#10358,#10359);
#10361=PLANE('',#10360);
#10362=ORIENTED_EDGE('',*,*,#9731,.F.);
#10363=ORIENTED_EDGE('',*,*,#10250,.F.);
#10365=ORIENTED_EDGE('',*,*,#10364,.F.);
#10367=ORIENTED_EDGE('',*,*,#10366,.T.);
#10369=ORIENTED_EDGE('',*,*,#10368,.T.);
#10370=ORIENTED_EDGE('',*,*,#9941,.F.);
#10371=ORIENTED_EDGE('',*,*,#10347,.F.);
#10372=EDGE_LOOP('',(#10362,#10363,#10365,#10367,#10369,#10370,#10371));
#10373=FACE_OUTER_BOUND('',#10372,.F.);
#10374=ADVANCED_FACE('',(#10373),#10361,.T.);
#10375=CARTESIAN_POINT('',(-3.4E1,0.E0,2.4E1));
#10376=DIRECTION('',(1.E0,0.E0,0.E0));
#10377=DIRECTION('',(0.E0,-1.E0,0.E0));
#10378=AXIS2_PLACEMENT_3D('',#10375,#10376,#10377);
#10379=PLANE('',#10378);
#10381=ORIENTED_EDGE('',*,*,#10380,.T.);
#10383=ORIENTED_EDGE('',*,*,#10382,.T.);
#10385=ORIENTED_EDGE('',*,*,#10384,.T.);
#10387=ORIENTED_EDGE('',*,*,#10386,.T.);
#10388=ORIENTED_EDGE('',*,*,#10364,.T.);
#10389=ORIENTED_EDGE('',*,*,#10248,.F.);
#10390=EDGE_LOOP('',(#10381,#10383,#10385,#10387,#10388,#10389));
#10391=FACE_OUTER_BOUND('',#10390,.F.);
#10392=ADVANCED_FACE('',(#10391),#10379,.F.);
#10393=CARTESIAN_POINT('',(-3.4E1,-3.8E1,3.E1));
#10394=DIRECTION('',(0.E0,7.071067811865E-1,-7.071067811865E-1));
#10395=DIRECTION('',(0.E0,7.071067811865E-1,7.071067811865E-1));
#10396=AXIS2_PLACEMENT_3D('',#10393,#10394,#10395);
#10397=PLANE('',#10396);
#10398=ORIENTED_EDGE('',*,*,#9717,.T.);
#10400=ORIENTED_EDGE('',*,*,#10399,.T.);
#10401=ORIENTED_EDGE('',*,*,#9945,.T.);
#10403=ORIENTED_EDGE('',*,*,#10402,.T.);
#10405=ORIENTED_EDGE('',*,*,#10404,.F.);
#10406=ORIENTED_EDGE('',*,*,#10380,.F.);
#10407=ORIENTED_EDGE('',*,*,#10246,.T.);
#10408=EDGE_LOOP('',(#10398,#10400,#10401,#10403,#10405,#10406,#10407));
#10409=FACE_OUTER_BOUND('',#10408,.F.);
#10410=ADVANCED_FACE('',(#10409),#10397,.T.);
#10411=CARTESIAN_POINT('',(-3.1E1,-4.E1,3.E1));
#10412=DIRECTION('',(0.E0,0.E0,-1.E0));
#10413=DIRECTION('',(1.E0,0.E0,0.E0));
#10414=AXIS2_PLACEMENT_3D('',#10411,#10412,#10413);
#10415=PLANE('',#10414);
#10416=ORIENTED_EDGE('',*,*,#10399,.F.);
#10418=ORIENTED_EDGE('',*,*,#10417,.F.);
#10420=ORIENTED_EDGE('',*,*,#10419,.T.);
#10422=ORIENTED_EDGE('',*,*,#10421,.T.);
#10423=EDGE_LOOP('',(#10416,#10418,#10420,#10422));
#10424=FACE_OUTER_BOUND('',#10423,.F.);
#10425=ADVANCED_FACE('',(#10424),#10415,.T.);
#10426=CARTESIAN_POINT('',(-3.1E1,-4.E1,2.9E1));
#10427=DIRECTION('',(0.E0,1.E0,0.E0));
#10428=DIRECTION('',(0.E0,0.E0,1.E0));
#10429=AXIS2_PLACEMENT_3D('',#10426,#10427,#10428);
#10430=CYLINDRICAL_SURFACE('',#10429,1.E0);
#10431=ORIENTED_EDGE('',*,*,#10417,.T.);
#10432=ORIENTED_EDGE('',*,*,#9721,.F.);
#10434=ORIENTED_EDGE('',*,*,#10433,.F.);
#10435=ORIENTED_EDGE('',*,*,#9705,.F.);
#10437=ORIENTED_EDGE('',*,*,#10436,.F.);
#10439=ORIENTED_EDGE('',*,*,#10438,.T.);
#10440=EDGE_LOOP('',(#10431,#10432,#10434,#10435,#10437,#10439));
#10441=FACE_OUTER_BOUND('',#10440,.F.);
#10442=ADVANCED_FACE('',(#10441),#10430,.F.);
#10443=CARTESIAN_POINT('',(0.E0,-3.8E1,7.4E1));
#10444=DIRECTION('',(0.E0,-1.E0,0.E0));
#10445=DIRECTION('',(0.E0,0.E0,-1.E0));
#10446=AXIS2_PLACEMENT_3D('',#10443,#10444,#10445);
#10447=PLANE('',#10446);
#10448=ORIENTED_EDGE('',*,*,#10243,.F.);
#10449=ORIENTED_EDGE('',*,*,#10433,.T.);
#10450=EDGE_LOOP('',(#10448,#10449));
#10451=FACE_OUTER_BOUND('',#10450,.F.);
#10452=ADVANCED_FACE('',(#10451),#10447,.T.);
#10453=CARTESIAN_POINT('',(-9.E0,-4.E1,2.8E1));
#10454=DIRECTION('',(0.E0,0.E0,1.E0));
#10455=DIRECTION('',(-1.E0,0.E0,0.E0));
#10456=AXIS2_PLACEMENT_3D('',#10453,#10454,#10455);
#10457=PLANE('',#10456);
#10458=ORIENTED_EDGE('',*,*,#10221,.T.);
#10460=ORIENTED_EDGE('',*,*,#10459,.F.);
#10462=ORIENTED_EDGE('',*,*,#10461,.T.);
#10463=ORIENTED_EDGE('',*,*,#10436,.T.);
#10464=EDGE_LOOP('',(#10458,#10460,#10462,#10463));
#10465=FACE_OUTER_BOUND('',#10464,.F.);
#10466=ADVANCED_FACE('',(#10465),#10457,.T.);
#10467=CARTESIAN_POINT('',(-9.E0,-4.E1,2.9E1));
#10468=DIRECTION('',(0.E0,1.E0,0.E0));
#10469=DIRECTION('',(0.E0,0.E0,1.E0));
#10470=AXIS2_PLACEMENT_3D('',#10467,#10468,#10469);
#10471=CYLINDRICAL_SURFACE('',#10470,1.E0);
#10472=ORIENTED_EDGE('',*,*,#10421,.F.);
#10474=ORIENTED_EDGE('',*,*,#10473,.T.);
#10475=ORIENTED_EDGE('',*,*,#10459,.T.);
#10476=ORIENTED_EDGE('',*,*,#9947,.F.);
#10477=EDGE_LOOP('',(#10472,#10474,#10475,#10476));
#10478=FACE_OUTER_BOUND('',#10477,.F.);
#10479=ADVANCED_FACE('',(#10478),#10471,.F.);
#10480=CARTESIAN_POINT('',(0.E0,-4.E1,0.E0));
#10481=DIRECTION('',(0.E0,1.E0,0.E0));
#10482=DIRECTION('',(0.E0,0.E0,1.E0));
#10483=AXIS2_PLACEMENT_3D('',#10480,#10481,#10482);
#10484=PLANE('',#10483);
#10486=ORIENTED_EDGE('',*,*,#10485,.T.);
#10488=ORIENTED_EDGE('',*,*,#10487,.T.);
#10490=ORIENTED_EDGE('',*,*,#10489,.F.);
#10492=ORIENTED_EDGE('',*,*,#10491,.T.);
#10494=ORIENTED_EDGE('',*,*,#10493,.F.);
#10496=ORIENTED_EDGE('',*,*,#10495,.T.);
#10498=ORIENTED_EDGE('',*,*,#10497,.F.);
#10500=ORIENTED_EDGE('',*,*,#10499,.T.);
#10502=ORIENTED_EDGE('',*,*,#10501,.F.);
#10504=ORIENTED_EDGE('',*,*,#10503,.T.);
#10506=ORIENTED_EDGE('',*,*,#10505,.F.);
#10508=ORIENTED_EDGE('',*,*,#10507,.T.);
#10510=ORIENTED_EDGE('',*,*,#10509,.T.);
#10512=ORIENTED_EDGE('',*,*,#10511,.T.);
#10514=ORIENTED_EDGE('',*,*,#10513,.F.);
#10516=ORIENTED_EDGE('',*,*,#10515,.T.);
#10518=ORIENTED_EDGE('',*,*,#10517,.T.);
#10520=ORIENTED_EDGE('',*,*,#10519,.T.);
#10522=ORIENTED_EDGE('',*,*,#10521,.F.);
#10524=ORIENTED_EDGE('',*,*,#10523,.T.);
#10526=ORIENTED_EDGE('',*,*,#10525,.T.);
#10528=ORIENTED_EDGE('',*,*,#10527,.T.);
#10530=ORIENTED_EDGE('',*,*,#10529,.F.);
#10532=ORIENTED_EDGE('',*,*,#10531,.T.);
#10534=ORIENTED_EDGE('',*,*,#10533,.T.);
#10536=ORIENTED_EDGE('',*,*,#10535,.T.);
#10538=ORIENTED_EDGE('',*,*,#10537,.F.);
#10540=ORIENTED_EDGE('',*,*,#10539,.T.);
#10542=ORIENTED_EDGE('',*,*,#10541,.T.);
#10544=ORIENTED_EDGE('',*,*,#10543,.T.);
#10546=ORIENTED_EDGE('',*,*,#10545,.F.);
#10548=ORIENTED_EDGE('',*,*,#10547,.T.);
#10550=ORIENTED_EDGE('',*,*,#10549,.T.);
#10552=ORIENTED_EDGE('',*,*,#10551,.T.);
#10554=ORIENTED_EDGE('',*,*,#10553,.F.);
#10556=ORIENTED_EDGE('',*,*,#10555,.T.);
#10558=ORIENTED_EDGE('',*,*,#10557,.T.);
#10560=ORIENTED_EDGE('',*,*,#10559,.T.);
#10562=ORIENTED_EDGE('',*,*,#10561,.F.);
#10564=ORIENTED_EDGE('',*,*,#10563,.T.);
#10566=ORIENTED_EDGE('',*,*,#10565,.T.);
#10568=ORIENTED_EDGE('',*,*,#10567,.T.);
#10570=ORIENTED_EDGE('',*,*,#10569,.F.);
#10572=ORIENTED_EDGE('',*,*,#10571,.T.);
#10573=EDGE_LOOP('',(#10486,#10488,#10490,#10492,#10494,#10496,#10498,#10500,
#10502,#10504,#10506,#10508,#10510,#10512,#10514,#10516,#10518,#10520,#10522,
#10524,#10526,#10528,#10530,#10532,#10534,#10536,#10538,#10540,#10542,#10544,
#10546,#10548,#10550,#10552,#10554,#10556,#10558,#10560,#10562,#10564,#10566,
#10568,#10570,#10572));
#10574=FACE_OUTER_BOUND('',#10573,.F.);
#10576=ORIENTED_EDGE('',*,*,#10575,.T.);
#10578=ORIENTED_EDGE('',*,*,#10577,.T.);
#10580=ORIENTED_EDGE('',*,*,#10579,.T.);
#10582=ORIENTED_EDGE('',*,*,#10581,.T.);
#10583=EDGE_LOOP('',(#10576,#10578,#10580,#10582));
#10584=FACE_BOUND('',#10583,.F.);
#10586=ORIENTED_EDGE('',*,*,#10585,.T.);
#10588=ORIENTED_EDGE('',*,*,#10587,.T.);
#10590=ORIENTED_EDGE('',*,*,#10589,.T.);
#10592=ORIENTED_EDGE('',*,*,#10591,.T.);
#10593=EDGE_LOOP('',(#10586,#10588,#10590,#10592));
#10594=FACE_BOUND('',#10593,.F.);
#10596=ORIENTED_EDGE('',*,*,#10595,.T.);
#10598=ORIENTED_EDGE('',*,*,#10597,.T.);
#10600=ORIENTED_EDGE('',*,*,#10599,.T.);
#10602=ORIENTED_EDGE('',*,*,#10601,.T.);
#10603=EDGE_LOOP('',(#10596,#10598,#10600,#10602));
#10604=FACE_BOUND('',#10603,.F.);
#10606=ORIENTED_EDGE('',*,*,#10605,.T.);
#10608=ORIENTED_EDGE('',*,*,#10607,.T.);
#10610=ORIENTED_EDGE('',*,*,#10609,.T.);
#10612=ORIENTED_EDGE('',*,*,#10611,.T.);
#10613=EDGE_LOOP('',(#10606,#10608,#10610,#10612));
#10614=FACE_BOUND('',#10613,.F.);
#10616=ORIENTED_EDGE('',*,*,#10615,.T.);
#10618=ORIENTED_EDGE('',*,*,#10617,.T.);
#10620=ORIENTED_EDGE('',*,*,#10619,.T.);
#10622=ORIENTED_EDGE('',*,*,#10621,.T.);
#10623=EDGE_LOOP('',(#10616,#10618,#10620,#10622));
#10624=FACE_BOUND('',#10623,.F.);
#10626=ORIENTED_EDGE('',*,*,#10625,.T.);
#10628=ORIENTED_EDGE('',*,*,#10627,.T.);
#10630=ORIENTED_EDGE('',*,*,#10629,.T.);
#10632=ORIENTED_EDGE('',*,*,#10631,.T.);
#10633=EDGE_LOOP('',(#10626,#10628,#10630,#10632));
#10634=FACE_BOUND('',#10633,.F.);
#10636=ORIENTED_EDGE('',*,*,#10635,.T.);
#10638=ORIENTED_EDGE('',*,*,#10637,.T.);
#10640=ORIENTED_EDGE('',*,*,#10639,.T.);
#10642=ORIENTED_EDGE('',*,*,#10641,.T.);
#10643=EDGE_LOOP('',(#10636,#10638,#10640,#10642));
#10644=FACE_BOUND('',#10643,.F.);
#10646=ORIENTED_EDGE('',*,*,#10645,.T.);
#10648=ORIENTED_EDGE('',*,*,#10647,.T.);
#10650=ORIENTED_EDGE('',*,*,#10649,.T.);
#10652=ORIENTED_EDGE('',*,*,#10651,.T.);
#10653=EDGE_LOOP('',(#10646,#10648,#10650,#10652));
#10654=FACE_BOUND('',#10653,.F.);
#10656=ORIENTED_EDGE('',*,*,#10655,.T.);
#10658=ORIENTED_EDGE('',*,*,#10657,.T.);
#10660=ORIENTED_EDGE('',*,*,#10659,.T.);
#10662=ORIENTED_EDGE('',*,*,#10661,.T.);
#10663=EDGE_LOOP('',(#10656,#10658,#10660,#10662));
#10664=FACE_BOUND('',#10663,.F.);
#10666=ORIENTED_EDGE('',*,*,#10665,.F.);
#10668=ORIENTED_EDGE('',*,*,#10667,.F.);
#10670=ORIENTED_EDGE('',*,*,#10669,.F.);
#10672=ORIENTED_EDGE('',*,*,#10671,.F.);
#10673=EDGE_LOOP('',(#10666,#10668,#10670,#10672));
#10674=FACE_BOUND('',#10673,.F.);
#10676=ORIENTED_EDGE('',*,*,#10675,.F.);
#10678=ORIENTED_EDGE('',*,*,#10677,.F.);
#10680=ORIENTED_EDGE('',*,*,#10679,.F.);
#10682=ORIENTED_EDGE('',*,*,#10681,.F.);
#10683=EDGE_LOOP('',(#10676,#10678,#10680,#10682));
#10684=FACE_BOUND('',#10683,.F.);
#10686=ORIENTED_EDGE('',*,*,#10685,.F.);
#10687=ORIENTED_EDGE('',*,*,#10308,.F.);
#10688=ORIENTED_EDGE('',*,*,#10327,.F.);
#10689=ORIENTED_EDGE('',*,*,#10351,.F.);
#10690=EDGE_LOOP('',(#10686,#10687,#10688,#10689));
#10691=FACE_BOUND('',#10690,.F.);
#10692=ORIENTED_EDGE('',*,*,#10473,.F.);
#10693=ORIENTED_EDGE('',*,*,#10419,.F.);
#10694=ORIENTED_EDGE('',*,*,#10438,.F.);
#10695=ORIENTED_EDGE('',*,*,#10461,.F.);
#10696=EDGE_LOOP('',(#10692,#10693,#10694,#10695));
#10697=FACE_BOUND('',#10696,.F.);
#10699=ORIENTED_EDGE('',*,*,#10698,.F.);
#10701=ORIENTED_EDGE('',*,*,#10700,.F.);
#10703=ORIENTED_EDGE('',*,*,#10702,.F.);
#10705=ORIENTED_EDGE('',*,*,#10704,.F.);
#10706=EDGE_LOOP('',(#10699,#10701,#10703,#10705));
#10707=FACE_BOUND('',#10706,.F.);
#10709=ORIENTED_EDGE('',*,*,#10708,.F.);
#10711=ORIENTED_EDGE('',*,*,#10710,.F.);
#10713=ORIENTED_EDGE('',*,*,#10712,.F.);
#10715=ORIENTED_EDGE('',*,*,#10714,.F.);
#10716=EDGE_LOOP('',(#10709,#10711,#10713,#10715));
#10717=FACE_BOUND('',#10716,.F.);
#10719=ORIENTED_EDGE('',*,*,#10718,.F.);
#10721=ORIENTED_EDGE('',*,*,#10720,.F.);
#10723=ORIENTED_EDGE('',*,*,#10722,.F.);
#10725=ORIENTED_EDGE('',*,*,#10724,.F.);
#10726=EDGE_LOOP('',(#10719,#10721,#10723,#10725));
#10727=FACE_BOUND('',#10726,.F.);
#10729=ORIENTED_EDGE('',*,*,#10728,.F.);
#10731=ORIENTED_EDGE('',*,*,#10730,.F.);
#10733=ORIENTED_EDGE('',*,*,#10732,.F.);
#10735=ORIENTED_EDGE('',*,*,#10734,.F.);
#10736=EDGE_LOOP('',(#10729,#10731,#10733,#10735));
#10737=FACE_BOUND('',#10736,.F.);
#10739=ORIENTED_EDGE('',*,*,#10738,.F.);
#10741=ORIENTED_EDGE('',*,*,#10740,.F.);
#10743=ORIENTED_EDGE('',*,*,#10742,.F.);
#10745=ORIENTED_EDGE('',*,*,#10744,.F.);
#10746=EDGE_LOOP('',(#10739,#10741,#10743,#10745));
#10747=FACE_BOUND('',#10746,.F.);
#10749=ORIENTED_EDGE('',*,*,#10748,.T.);
#10751=ORIENTED_EDGE('',*,*,#10750,.T.);
#10753=ORIENTED_EDGE('',*,*,#10752,.T.);
#10755=ORIENTED_EDGE('',*,*,#10754,.T.);
#10756=EDGE_LOOP('',(#10749,#10751,#10753,#10755));
#10757=FACE_BOUND('',#10756,.F.);
#10758=ADVANCED_FACE('',(#10574,#10584,#10594,#10604,#10614,#10624,#10634,
#10644,#10654,#10664,#10674,#10684,#10691,#10697,#10707,#10717,#10727,#10737,
#10747,#10757),#10484,.F.);
#10759=CARTESIAN_POINT('',(-9.E0,-4.E1,4.5E1));
#10760=DIRECTION('',(0.E0,-1.E0,0.E0));
#10761=DIRECTION('',(0.E0,0.E0,-1.E0));
#10762=AXIS2_PLACEMENT_3D('',#10759,#10760,#10761);
#10763=CYLINDRICAL_SURFACE('',#10762,1.E0);
#10765=ORIENTED_EDGE('',*,*,#10764,.F.);
#10766=ORIENTED_EDGE('',*,*,#10748,.F.);
#10768=ORIENTED_EDGE('',*,*,#10767,.T.);
#10769=ORIENTED_EDGE('',*,*,#9915,.T.);
#10770=EDGE_LOOP('',(#10765,#10766,#10768,#10769));
#10771=FACE_OUTER_BOUND('',#10770,.F.);
#10772=ADVANCED_FACE('',(#10771),#10763,.F.);
#10773=CARTESIAN_POINT('',(-9.E0,-4.E1,4.6E1));
#10774=DIRECTION('',(0.E0,0.E0,1.E0));
#10775=DIRECTION('',(-1.E0,0.E0,0.E0));
#10776=AXIS2_PLACEMENT_3D('',#10773,#10774,#10775);
#10777=PLANE('',#10776);
#10779=ORIENTED_EDGE('',*,*,#10778,.F.);
#10781=ORIENTED_EDGE('',*,*,#10780,.F.);
#10782=ORIENTED_EDGE('',*,*,#10750,.F.);
#10783=ORIENTED_EDGE('',*,*,#10764,.T.);
#10784=EDGE_LOOP('',(#10779,#10781,#10782,#10783));
#10785=FACE_OUTER_BOUND('',#10784,.F.);
#10786=ADVANCED_FACE('',(#10785),#10777,.F.);
#10787=CARTESIAN_POINT('',(-3.4E1,-3.8E1,4.6E1));
#10788=DIRECTION('',(0.E0,7.071067811865E-1,-7.071067811865E-1));
#10789=DIRECTION('',(0.E0,7.071067811865E-1,7.071067811865E-1));
#10790=AXIS2_PLACEMENT_3D('',#10787,#10788,#10789);
#10791=PLANE('',#10790);
#10792=ORIENTED_EDGE('',*,*,#10063,.T.);
#10793=ORIENTED_EDGE('',*,*,#10778,.T.);
#10794=ORIENTED_EDGE('',*,*,#9913,.T.);
#10796=ORIENTED_EDGE('',*,*,#10795,.T.);
#10798=ORIENTED_EDGE('',*,*,#10797,.F.);
#10800=ORIENTED_EDGE('',*,*,#10799,.F.);
#10801=EDGE_LOOP('',(#10792,#10793,#10794,#10796,#10798,#10800));
#10802=FACE_OUTER_BOUND('',#10801,.F.);
#10803=ADVANCED_FACE('',(#10802),#10791,.T.);
#10804=CARTESIAN_POINT('',(-6.E0,-4.E1,4.9E1));
#10805=DIRECTION('',(-1.E0,0.E0,0.E0));
#10806=DIRECTION('',(0.E0,0.E0,-1.E0));
#10807=AXIS2_PLACEMENT_3D('',#10804,#10805,#10806);
#10808=PLANE('',#10807);
#10809=ORIENTED_EDGE('',*,*,#9911,.F.);
#10811=ORIENTED_EDGE('',*,*,#10810,.F.);
#10813=ORIENTED_EDGE('',*,*,#10812,.F.);
#10815=ORIENTED_EDGE('',*,*,#10814,.F.);
#10817=ORIENTED_EDGE('',*,*,#10816,.F.);
#10818=ORIENTED_EDGE('',*,*,#10795,.F.);
#10819=EDGE_LOOP('',(#10809,#10811,#10813,#10815,#10817,#10818));
#10820=FACE_OUTER_BOUND('',#10819,.F.);
#10821=ADVANCED_FACE('',(#10820),#10808,.F.);
#10822=CARTESIAN_POINT('',(-3.4E1,-3.58E1,5.02E1));
#10823=DIRECTION('',(0.E0,-7.071067811865E-1,7.071067811865E-1));
#10824=DIRECTION('',(0.E0,-7.071067811865E-1,-7.071067811865E-1));
#10825=AXIS2_PLACEMENT_3D('',#10822,#10823,#10824);
#10826=PLANE('',#10825);
#10827=ORIENTED_EDGE('',*,*,#10067,.F.);
#10829=ORIENTED_EDGE('',*,*,#10828,.F.);
#10831=ORIENTED_EDGE('',*,*,#10830,.T.);
#10832=ORIENTED_EDGE('',*,*,#10810,.T.);
#10833=ORIENTED_EDGE('',*,*,#9909,.F.);
#10835=ORIENTED_EDGE('',*,*,#10834,.F.);
#10836=EDGE_LOOP('',(#10827,#10829,#10831,#10832,#10833,#10835));
#10837=FACE_OUTER_BOUND('',#10836,.F.);
#10838=ADVANCED_FACE('',(#10837),#10826,.T.);
#10839=CARTESIAN_POINT('',(-3.4E1,0.E0,4.E1));
#10840=DIRECTION('',(1.E0,0.E0,0.E0));
#10841=DIRECTION('',(0.E0,-1.E0,0.E0));
#10842=AXIS2_PLACEMENT_3D('',#10839,#10840,#10841);
#10843=PLANE('',#10842);
#10844=ORIENTED_EDGE('',*,*,#10065,.T.);
#10845=ORIENTED_EDGE('',*,*,#10799,.T.);
#10847=ORIENTED_EDGE('',*,*,#10846,.T.);
#10849=ORIENTED_EDGE('',*,*,#10848,.T.);
#10851=ORIENTED_EDGE('',*,*,#10850,.T.);
#10852=ORIENTED_EDGE('',*,*,#10828,.T.);
#10853=EDGE_LOOP('',(#10844,#10845,#10847,#10849,#10851,#10852));
#10854=FACE_OUTER_BOUND('',#10853,.F.);
#10855=ADVANCED_FACE('',(#10854),#10843,.F.);
#10856=CARTESIAN_POINT('',(-3.4E1,-3.58E1,4.82E1));
#10857=DIRECTION('',(0.E0,-7.071067811865E-1,-7.071067811865E-1));
#10858=DIRECTION('',(0.E0,7.071067811865E-1,-7.071067811865E-1));
#10859=AXIS2_PLACEMENT_3D('',#10856,#10857,#10858);
#10860=PLANE('',#10859);
#10861=ORIENTED_EDGE('',*,*,#10846,.F.);
#10862=ORIENTED_EDGE('',*,*,#10797,.T.);
#10863=ORIENTED_EDGE('',*,*,#10816,.T.);
#10865=ORIENTED_EDGE('',*,*,#10864,.F.);
#10866=EDGE_LOOP('',(#10861,#10862,#10863,#10865));
#10867=FACE_OUTER_BOUND('',#10866,.F.);
#10868=ADVANCED_FACE('',(#10867),#10860,.T.);
#10869=CARTESIAN_POINT('',(-3.4E1,-3.34E1,4.58E1));
#10870=DIRECTION('',(0.E0,1.E0,0.E0));
#10871=DIRECTION('',(0.E0,0.E0,1.E0));
#10872=AXIS2_PLACEMENT_3D('',#10869,#10870,#10871);
#10873=PLANE('',#10872);
#10874=ORIENTED_EDGE('',*,*,#10848,.F.);
#10875=ORIENTED_EDGE('',*,*,#10864,.T.);
#10876=ORIENTED_EDGE('',*,*,#10814,.T.);
#10878=ORIENTED_EDGE('',*,*,#10877,.F.);
#10879=EDGE_LOOP('',(#10874,#10875,#10876,#10878));
#10880=FACE_OUTER_BOUND('',#10879,.F.);
#10881=ADVANCED_FACE('',(#10880),#10873,.T.);
#10882=CARTESIAN_POINT('',(-3.4E1,-3.34E1,4.78E1));
#10883=DIRECTION('',(0.E0,7.071067811865E-1,7.071067811865E-1));
#10884=DIRECTION('',(0.E0,-7.071067811865E-1,7.071067811865E-1));
#10885=AXIS2_PLACEMENT_3D('',#10882,#10883,#10884);
#10886=PLANE('',#10885);
#10887=ORIENTED_EDGE('',*,*,#10850,.F.);
#10888=ORIENTED_EDGE('',*,*,#10877,.T.);
#10889=ORIENTED_EDGE('',*,*,#10812,.T.);
#10890=ORIENTED_EDGE('',*,*,#10830,.F.);
#10891=EDGE_LOOP('',(#10887,#10888,#10889,#10890));
#10892=FACE_OUTER_BOUND('',#10891,.F.);
#10893=ADVANCED_FACE('',(#10892),#10886,.T.);
#10894=CARTESIAN_POINT('',(-3.1E1,-4.E1,4.8E1));
#10895=DIRECTION('',(0.E0,0.E0,-1.E0));
#10896=DIRECTION('',(1.E0,0.E0,0.E0));
#10897=AXIS2_PLACEMENT_3D('',#10894,#10895,#10896);
#10898=PLANE('',#10897);
#10899=ORIENTED_EDGE('',*,*,#10834,.T.);
#10901=ORIENTED_EDGE('',*,*,#10900,.F.);
#10902=ORIENTED_EDGE('',*,*,#10581,.F.);
#10904=ORIENTED_EDGE('',*,*,#10903,.T.);
#10905=EDGE_LOOP('',(#10899,#10901,#10902,#10904));
#10906=FACE_OUTER_BOUND('',#10905,.F.);
#10907=ADVANCED_FACE('',(#10906),#10898,.F.);
#10908=CARTESIAN_POINT('',(-9.E0,-4.E1,4.9E1));
#10909=DIRECTION('',(0.E0,-1.E0,0.E0));
#10910=DIRECTION('',(0.E0,0.E0,-1.E0));
#10911=AXIS2_PLACEMENT_3D('',#10908,#10909,#10910);
#10912=CYLINDRICAL_SURFACE('',#10911,1.E0);
#10914=ORIENTED_EDGE('',*,*,#10913,.F.);
#10915=ORIENTED_EDGE('',*,*,#10575,.F.);
#10916=ORIENTED_EDGE('',*,*,#10900,.T.);
#10917=ORIENTED_EDGE('',*,*,#9907,.T.);
#10918=EDGE_LOOP('',(#10914,#10915,#10916,#10917));
#10919=FACE_OUTER_BOUND('',#10918,.F.);
#10920=ADVANCED_FACE('',(#10919),#10912,.F.);
#10921=CARTESIAN_POINT('',(-9.E0,-4.E1,5.E1));
#10922=DIRECTION('',(0.E0,0.E0,1.E0));
#10923=DIRECTION('',(-1.E0,0.E0,0.E0));
#10924=AXIS2_PLACEMENT_3D('',#10921,#10922,#10923);
#10925=PLANE('',#10924);
#10927=ORIENTED_EDGE('',*,*,#10926,.F.);
#10929=ORIENTED_EDGE('',*,*,#10928,.F.);
#10930=ORIENTED_EDGE('',*,*,#10577,.F.);
#10931=ORIENTED_EDGE('',*,*,#10913,.T.);
#10932=EDGE_LOOP('',(#10927,#10929,#10930,#10931));
#10933=FACE_OUTER_BOUND('',#10932,.F.);
#10934=ADVANCED_FACE('',(#10933),#10925,.F.);
#10935=CARTESIAN_POINT('',(-3.4E1,-3.8E1,5.E1));
#10936=DIRECTION('',(0.E0,7.071067811865E-1,-7.071067811865E-1));
#10937=DIRECTION('',(0.E0,7.071067811865E-1,7.071067811865E-1));
#10938=AXIS2_PLACEMENT_3D('',#10935,#10936,#10937);
#10939=PLANE('',#10938);
#10940=ORIENTED_EDGE('',*,*,#10071,.T.);
#10941=ORIENTED_EDGE('',*,*,#10926,.T.);
#10942=ORIENTED_EDGE('',*,*,#9905,.T.);
#10944=ORIENTED_EDGE('',*,*,#10943,.T.);
#10946=ORIENTED_EDGE('',*,*,#10945,.F.);
#10948=ORIENTED_EDGE('',*,*,#10947,.F.);
#10949=EDGE_LOOP('',(#10940,#10941,#10942,#10944,#10946,#10948));
#10950=FACE_OUTER_BOUND('',#10949,.F.);
#10951=ADVANCED_FACE('',(#10950),#10939,.T.);
#10952=CARTESIAN_POINT('',(-6.E0,-4.E1,5.3E1));
#10953=DIRECTION('',(-1.E0,0.E0,0.E0));
#10954=DIRECTION('',(0.E0,0.E0,-1.E0));
#10955=AXIS2_PLACEMENT_3D('',#10952,#10953,#10954);
#10956=PLANE('',#10955);
#10957=ORIENTED_EDGE('',*,*,#9903,.F.);
#10959=ORIENTED_EDGE('',*,*,#10958,.F.);
#10961=ORIENTED_EDGE('',*,*,#10960,.F.);
#10963=ORIENTED_EDGE('',*,*,#10962,.F.);
#10965=ORIENTED_EDGE('',*,*,#10964,.F.);
#10966=ORIENTED_EDGE('',*,*,#10943,.F.);
#10967=EDGE_LOOP('',(#10957,#10959,#10961,#10963,#10965,#10966));
#10968=FACE_OUTER_BOUND('',#10967,.F.);
#10969=ADVANCED_FACE('',(#10968),#10956,.F.);
#10970=CARTESIAN_POINT('',(-3.4E1,-3.58E1,5.42E1));
#10971=DIRECTION('',(0.E0,-7.071067811865E-1,7.071067811865E-1));
#10972=DIRECTION('',(0.E0,-7.071067811865E-1,-7.071067811865E-1));
#10973=AXIS2_PLACEMENT_3D('',#10970,#10971,#10972);
#10974=PLANE('',#10973);
#10975=ORIENTED_EDGE('',*,*,#10075,.F.);
#10977=ORIENTED_EDGE('',*,*,#10976,.F.);
#10979=ORIENTED_EDGE('',*,*,#10978,.T.);
#10980=ORIENTED_EDGE('',*,*,#10958,.T.);
#10981=ORIENTED_EDGE('',*,*,#9901,.F.);
#10983=ORIENTED_EDGE('',*,*,#10982,.F.);
#10984=EDGE_LOOP('',(#10975,#10977,#10979,#10980,#10981,#10983));
#10985=FACE_OUTER_BOUND('',#10984,.F.);
#10986=ADVANCED_FACE('',(#10985),#10974,.T.);
#10987=CARTESIAN_POINT('',(-3.4E1,0.E0,4.4E1));
#10988=DIRECTION('',(1.E0,0.E0,0.E0));
#10989=DIRECTION('',(0.E0,-1.E0,0.E0));
#10990=AXIS2_PLACEMENT_3D('',#10987,#10988,#10989);
#10991=PLANE('',#10990);
#10992=ORIENTED_EDGE('',*,*,#10073,.T.);
#10993=ORIENTED_EDGE('',*,*,#10947,.T.);
#10995=ORIENTED_EDGE('',*,*,#10994,.T.);
#10997=ORIENTED_EDGE('',*,*,#10996,.T.);
#10999=ORIENTED_EDGE('',*,*,#10998,.T.);
#11000=ORIENTED_EDGE('',*,*,#10976,.T.);
#11001=EDGE_LOOP('',(#10992,#10993,#10995,#10997,#10999,#11000));
#11002=FACE_OUTER_BOUND('',#11001,.F.);
#11003=ADVANCED_FACE('',(#11002),#10991,.F.);
#11004=CARTESIAN_POINT('',(-3.4E1,-3.58E1,5.22E1));
#11005=DIRECTION('',(0.E0,-7.071067811865E-1,-7.071067811865E-1));
#11006=DIRECTION('',(0.E0,7.071067811865E-1,-7.071067811865E-1));
#11007=AXIS2_PLACEMENT_3D('',#11004,#11005,#11006);
#11008=PLANE('',#11007);
#11009=ORIENTED_EDGE('',*,*,#10994,.F.);
#11010=ORIENTED_EDGE('',*,*,#10945,.T.);
#11011=ORIENTED_EDGE('',*,*,#10964,.T.);
#11013=ORIENTED_EDGE('',*,*,#11012,.F.);
#11014=EDGE_LOOP('',(#11009,#11010,#11011,#11013));
#11015=FACE_OUTER_BOUND('',#11014,.F.);
#11016=ADVANCED_FACE('',(#11015),#11008,.T.);
#11017=CARTESIAN_POINT('',(-3.4E1,-3.34E1,4.98E1));
#11018=DIRECTION('',(0.E0,1.E0,0.E0));
#11019=DIRECTION('',(0.E0,0.E0,1.E0));
#11020=AXIS2_PLACEMENT_3D('',#11017,#11018,#11019);
#11021=PLANE('',#11020);
#11022=ORIENTED_EDGE('',*,*,#10996,.F.);
#11023=ORIENTED_EDGE('',*,*,#11012,.T.);
#11024=ORIENTED_EDGE('',*,*,#10962,.T.);
#11026=ORIENTED_EDGE('',*,*,#11025,.F.);
#11027=EDGE_LOOP('',(#11022,#11023,#11024,#11026));
#11028=FACE_OUTER_BOUND('',#11027,.F.);
#11029=ADVANCED_FACE('',(#11028),#11021,.T.);
#11030=CARTESIAN_POINT('',(-3.4E1,-3.34E1,5.18E1));
#11031=DIRECTION('',(0.E0,7.071067811865E-1,7.071067811865E-1));
#11032=DIRECTION('',(0.E0,-7.071067811865E-1,7.071067811865E-1));
#11033=AXIS2_PLACEMENT_3D('',#11030,#11031,#11032);
#11034=PLANE('',#11033);
#11035=ORIENTED_EDGE('',*,*,#10998,.F.);
#11036=ORIENTED_EDGE('',*,*,#11025,.T.);
#11037=ORIENTED_EDGE('',*,*,#10960,.T.);
#11038=ORIENTED_EDGE('',*,*,#10978,.F.);
#11039=EDGE_LOOP('',(#11035,#11036,#11037,#11038));
#11040=FACE_OUTER_BOUND('',#11039,.F.);
#11041=ADVANCED_FACE('',(#11040),#11034,.T.);
#11042=CARTESIAN_POINT('',(-3.1E1,-4.E1,5.2E1));
#11043=DIRECTION('',(0.E0,0.E0,-1.E0));
#11044=DIRECTION('',(1.E0,0.E0,0.E0));
#11045=AXIS2_PLACEMENT_3D('',#11042,#11043,#11044);
#11046=PLANE('',#11045);
#11047=ORIENTED_EDGE('',*,*,#10982,.T.);
#11049=ORIENTED_EDGE('',*,*,#11048,.F.);
#11050=ORIENTED_EDGE('',*,*,#10591,.F.);
#11052=ORIENTED_EDGE('',*,*,#11051,.T.);
#11053=EDGE_LOOP('',(#11047,#11049,#11050,#11052));
#11054=FACE_OUTER_BOUND('',#11053,.F.);
#11055=ADVANCED_FACE('',(#11054),#11046,.F.);
#11056=CARTESIAN_POINT('',(-9.E0,-4.E1,5.3E1));
#11057=DIRECTION('',(0.E0,-1.E0,0.E0));
#11058=DIRECTION('',(0.E0,0.E0,-1.E0));
#11059=AXIS2_PLACEMENT_3D('',#11056,#11057,#11058);
#11060=CYLINDRICAL_SURFACE('',#11059,1.E0);
#11062=ORIENTED_EDGE('',*,*,#11061,.F.);
#11063=ORIENTED_EDGE('',*,*,#10585,.F.);
#11064=ORIENTED_EDGE('',*,*,#11048,.T.);
#11065=ORIENTED_EDGE('',*,*,#9899,.T.);
#11066=EDGE_LOOP('',(#11062,#11063,#11064,#11065));
#11067=FACE_OUTER_BOUND('',#11066,.F.);
#11068=ADVANCED_FACE('',(#11067),#11060,.F.);
#11069=CARTESIAN_POINT('',(-9.E0,-4.E1,5.4E1));
#11070=DIRECTION('',(0.E0,0.E0,1.E0));
#11071=DIRECTION('',(-1.E0,0.E0,0.E0));
#11072=AXIS2_PLACEMENT_3D('',#11069,#11070,#11071);
#11073=PLANE('',#11072);
#11075=ORIENTED_EDGE('',*,*,#11074,.F.);
#11077=ORIENTED_EDGE('',*,*,#11076,.F.);
#11078=ORIENTED_EDGE('',*,*,#10587,.F.);
#11079=ORIENTED_EDGE('',*,*,#11061,.T.);
#11080=EDGE_LOOP('',(#11075,#11077,#11078,#11079));
#11081=FACE_OUTER_BOUND('',#11080,.F.);
#11082=ADVANCED_FACE('',(#11081),#11073,.F.);
#11083=CARTESIAN_POINT('',(-3.4E1,-3.8E1,5.4E1));
#11084=DIRECTION('',(0.E0,7.071067811865E-1,-7.071067811865E-1));
#11085=DIRECTION('',(0.E0,7.071067811865E-1,7.071067811865E-1));
#11086=AXIS2_PLACEMENT_3D('',#11083,#11084,#11085);
#11087=PLANE('',#11086);
#11088=ORIENTED_EDGE('',*,*,#10079,.T.);
#11089=ORIENTED_EDGE('',*,*,#11074,.T.);
#11090=ORIENTED_EDGE('',*,*,#9897,.T.);
#11092=ORIENTED_EDGE('',*,*,#11091,.T.);
#11094=ORIENTED_EDGE('',*,*,#11093,.F.);
#11096=ORIENTED_EDGE('',*,*,#11095,.F.);
#11097=EDGE_LOOP('',(#11088,#11089,#11090,#11092,#11094,#11096));
#11098=FACE_OUTER_BOUND('',#11097,.F.);
#11099=ADVANCED_FACE('',(#11098),#11087,.T.);
#11100=CARTESIAN_POINT('',(-6.E0,-4.E1,5.7E1));
#11101=DIRECTION('',(-1.E0,0.E0,0.E0));
#11102=DIRECTION('',(0.E0,0.E0,-1.E0));
#11103=AXIS2_PLACEMENT_3D('',#11100,#11101,#11102);
#11104=PLANE('',#11103);
#11105=ORIENTED_EDGE('',*,*,#9895,.F.);
#11107=ORIENTED_EDGE('',*,*,#11106,.F.);
#11109=ORIENTED_EDGE('',*,*,#11108,.F.);
#11111=ORIENTED_EDGE('',*,*,#11110,.F.);
#11113=ORIENTED_EDGE('',*,*,#11112,.F.);
#11114=ORIENTED_EDGE('',*,*,#11091,.F.);
#11115=EDGE_LOOP('',(#11105,#11107,#11109,#11111,#11113,#11114));
#11116=FACE_OUTER_BOUND('',#11115,.F.);
#11117=ADVANCED_FACE('',(#11116),#11104,.F.);
#11118=CARTESIAN_POINT('',(-3.4E1,-3.58E1,5.82E1));
#11119=DIRECTION('',(0.E0,-7.071067811865E-1,7.071067811865E-1));
#11120=DIRECTION('',(0.E0,-7.071067811865E-1,-7.071067811865E-1));
#11121=AXIS2_PLACEMENT_3D('',#11118,#11119,#11120);
#11122=PLANE('',#11121);
#11123=ORIENTED_EDGE('',*,*,#10083,.F.);
#11125=ORIENTED_EDGE('',*,*,#11124,.F.);
#11127=ORIENTED_EDGE('',*,*,#11126,.T.);
#11128=ORIENTED_EDGE('',*,*,#11106,.T.);
#11129=ORIENTED_EDGE('',*,*,#9893,.F.);
#11131=ORIENTED_EDGE('',*,*,#11130,.F.);
#11132=EDGE_LOOP('',(#11123,#11125,#11127,#11128,#11129,#11131));
#11133=FACE_OUTER_BOUND('',#11132,.F.);
#11134=ADVANCED_FACE('',(#11133),#11122,.T.);
#11135=CARTESIAN_POINT('',(-3.4E1,0.E0,4.8E1));
#11136=DIRECTION('',(1.E0,0.E0,0.E0));
#11137=DIRECTION('',(0.E0,-1.E0,0.E0));
#11138=AXIS2_PLACEMENT_3D('',#11135,#11136,#11137);
#11139=PLANE('',#11138);
#11140=ORIENTED_EDGE('',*,*,#10081,.T.);
#11141=ORIENTED_EDGE('',*,*,#11095,.T.);
#11143=ORIENTED_EDGE('',*,*,#11142,.T.);
#11145=ORIENTED_EDGE('',*,*,#11144,.T.);
#11147=ORIENTED_EDGE('',*,*,#11146,.T.);
#11148=ORIENTED_EDGE('',*,*,#11124,.T.);
#11149=EDGE_LOOP('',(#11140,#11141,#11143,#11145,#11147,#11148));
#11150=FACE_OUTER_BOUND('',#11149,.F.);
#11151=ADVANCED_FACE('',(#11150),#11139,.F.);
#11152=CARTESIAN_POINT('',(-3.4E1,-3.58E1,5.62E1));
#11153=DIRECTION('',(0.E0,-7.071067811865E-1,-7.071067811865E-1));
#11154=DIRECTION('',(0.E0,7.071067811865E-1,-7.071067811865E-1));
#11155=AXIS2_PLACEMENT_3D('',#11152,#11153,#11154);
#11156=PLANE('',#11155);
#11157=ORIENTED_EDGE('',*,*,#11142,.F.);
#11158=ORIENTED_EDGE('',*,*,#11093,.T.);
#11159=ORIENTED_EDGE('',*,*,#11112,.T.);
#11161=ORIENTED_EDGE('',*,*,#11160,.F.);
#11162=EDGE_LOOP('',(#11157,#11158,#11159,#11161));
#11163=FACE_OUTER_BOUND('',#11162,.F.);
#11164=ADVANCED_FACE('',(#11163),#11156,.T.);
#11165=CARTESIAN_POINT('',(-3.4E1,-3.34E1,5.38E1));
#11166=DIRECTION('',(0.E0,1.E0,0.E0));
#11167=DIRECTION('',(0.E0,0.E0,1.E0));
#11168=AXIS2_PLACEMENT_3D('',#11165,#11166,#11167);
#11169=PLANE('',#11168);
#11170=ORIENTED_EDGE('',*,*,#11144,.F.);
#11171=ORIENTED_EDGE('',*,*,#11160,.T.);
#11172=ORIENTED_EDGE('',*,*,#11110,.T.);
#11174=ORIENTED_EDGE('',*,*,#11173,.F.);
#11175=EDGE_LOOP('',(#11170,#11171,#11172,#11174));
#11176=FACE_OUTER_BOUND('',#11175,.F.);
#11177=ADVANCED_FACE('',(#11176),#11169,.T.);
#11178=CARTESIAN_POINT('',(-3.4E1,-3.34E1,5.58E1));
#11179=DIRECTION('',(0.E0,7.071067811865E-1,7.071067811865E-1));
#11180=DIRECTION('',(0.E0,-7.071067811865E-1,7.071067811865E-1));
#11181=AXIS2_PLACEMENT_3D('',#11178,#11179,#11180);
#11182=PLANE('',#11181);
#11183=ORIENTED_EDGE('',*,*,#11146,.F.);
#11184=ORIENTED_EDGE('',*,*,#11173,.T.);
#11185=ORIENTED_EDGE('',*,*,#11108,.T.);
#11186=ORIENTED_EDGE('',*,*,#11126,.F.);
#11187=EDGE_LOOP('',(#11183,#11184,#11185,#11186));
#11188=FACE_OUTER_BOUND('',#11187,.F.);
#11189=ADVANCED_FACE('',(#11188),#11182,.T.);
#11190=CARTESIAN_POINT('',(-3.1E1,-4.E1,5.6E1));
#11191=DIRECTION('',(0.E0,0.E0,-1.E0));
#11192=DIRECTION('',(1.E0,0.E0,0.E0));
#11193=AXIS2_PLACEMENT_3D('',#11190,#11191,#11192);
#11194=PLANE('',#11193);
#11195=ORIENTED_EDGE('',*,*,#11130,.T.);
#11197=ORIENTED_EDGE('',*,*,#11196,.F.);
#11198=ORIENTED_EDGE('',*,*,#10601,.F.);
#11200=ORIENTED_EDGE('',*,*,#11199,.T.);
#11201=EDGE_LOOP('',(#11195,#11197,#11198,#11200));
#11202=FACE_OUTER_BOUND('',#11201,.F.);
#11203=ADVANCED_FACE('',(#11202),#11194,.F.);
#11204=CARTESIAN_POINT('',(-9.E0,-4.E1,5.7E1));
#11205=DIRECTION('',(0.E0,-1.E0,0.E0));
#11206=DIRECTION('',(0.E0,0.E0,-1.E0));
#11207=AXIS2_PLACEMENT_3D('',#11204,#11205,#11206);
#11208=CYLINDRICAL_SURFACE('',#11207,1.E0);
#11210=ORIENTED_EDGE('',*,*,#11209,.F.);
#11211=ORIENTED_EDGE('',*,*,#10595,.F.);
#11212=ORIENTED_EDGE('',*,*,#11196,.T.);
#11213=ORIENTED_EDGE('',*,*,#9891,.T.);
#11214=EDGE_LOOP('',(#11210,#11211,#11212,#11213));
#11215=FACE_OUTER_BOUND('',#11214,.F.);
#11216=ADVANCED_FACE('',(#11215),#11208,.F.);
#11217=CARTESIAN_POINT('',(-9.E0,-4.E1,5.8E1));
#11218=DIRECTION('',(0.E0,0.E0,1.E0));
#11219=DIRECTION('',(-1.E0,0.E0,0.E0));
#11220=AXIS2_PLACEMENT_3D('',#11217,#11218,#11219);
#11221=PLANE('',#11220);
#11223=ORIENTED_EDGE('',*,*,#11222,.F.);
#11225=ORIENTED_EDGE('',*,*,#11224,.F.);
#11226=ORIENTED_EDGE('',*,*,#10597,.F.);
#11227=ORIENTED_EDGE('',*,*,#11209,.T.);
#11228=EDGE_LOOP('',(#11223,#11225,#11226,#11227));
#11229=FACE_OUTER_BOUND('',#11228,.F.);
#11230=ADVANCED_FACE('',(#11229),#11221,.F.);
#11231=CARTESIAN_POINT('',(-3.4E1,-3.8E1,5.8E1));
#11232=DIRECTION('',(0.E0,7.071067811865E-1,-7.071067811865E-1));
#11233=DIRECTION('',(0.E0,7.071067811865E-1,7.071067811865E-1));
#11234=AXIS2_PLACEMENT_3D('',#11231,#11232,#11233);
#11235=PLANE('',#11234);
#11236=ORIENTED_EDGE('',*,*,#10087,.T.);
#11237=ORIENTED_EDGE('',*,*,#11222,.T.);
#11238=ORIENTED_EDGE('',*,*,#9889,.T.);
#11240=ORIENTED_EDGE('',*,*,#11239,.T.);
#11242=ORIENTED_EDGE('',*,*,#11241,.F.);
#11244=ORIENTED_EDGE('',*,*,#11243,.F.);
#11245=EDGE_LOOP('',(#11236,#11237,#11238,#11240,#11242,#11244));
#11246=FACE_OUTER_BOUND('',#11245,.F.);
#11247=ADVANCED_FACE('',(#11246),#11235,.T.);
#11248=CARTESIAN_POINT('',(-6.E0,-4.E1,6.1E1));
#11249=DIRECTION('',(-1.E0,0.E0,0.E0));
#11250=DIRECTION('',(0.E0,0.E0,-1.E0));
#11251=AXIS2_PLACEMENT_3D('',#11248,#11249,#11250);
#11252=PLANE('',#11251);
#11253=ORIENTED_EDGE('',*,*,#9887,.F.);
#11255=ORIENTED_EDGE('',*,*,#11254,.F.);
#11257=ORIENTED_EDGE('',*,*,#11256,.F.);
#11259=ORIENTED_EDGE('',*,*,#11258,.F.);
#11261=ORIENTED_EDGE('',*,*,#11260,.F.);
#11262=ORIENTED_EDGE('',*,*,#11239,.F.);
#11263=EDGE_LOOP('',(#11253,#11255,#11257,#11259,#11261,#11262));
#11264=FACE_OUTER_BOUND('',#11263,.F.);
#11265=ADVANCED_FACE('',(#11264),#11252,.F.);
#11266=CARTESIAN_POINT('',(-3.4E1,-3.58E1,6.22E1));
#11267=DIRECTION('',(0.E0,-7.071067811865E-1,7.071067811865E-1));
#11268=DIRECTION('',(0.E0,-7.071067811865E-1,-7.071067811865E-1));
#11269=AXIS2_PLACEMENT_3D('',#11266,#11267,#11268);
#11270=PLANE('',#11269);
#11271=ORIENTED_EDGE('',*,*,#10091,.F.);
#11273=ORIENTED_EDGE('',*,*,#11272,.F.);
#11275=ORIENTED_EDGE('',*,*,#11274,.T.);
#11276=ORIENTED_EDGE('',*,*,#11254,.T.);
#11277=ORIENTED_EDGE('',*,*,#9885,.F.);
#11279=ORIENTED_EDGE('',*,*,#11278,.F.);
#11280=EDGE_LOOP('',(#11271,#11273,#11275,#11276,#11277,#11279));
#11281=FACE_OUTER_BOUND('',#11280,.F.);
#11282=ADVANCED_FACE('',(#11281),#11270,.T.);
#11283=CARTESIAN_POINT('',(-3.4E1,0.E0,5.2E1));
#11284=DIRECTION('',(1.E0,0.E0,0.E0));
#11285=DIRECTION('',(0.E0,-1.E0,0.E0));
#11286=AXIS2_PLACEMENT_3D('',#11283,#11284,#11285);
#11287=PLANE('',#11286);
#11288=ORIENTED_EDGE('',*,*,#10089,.T.);
#11289=ORIENTED_EDGE('',*,*,#11243,.T.);
#11291=ORIENTED_EDGE('',*,*,#11290,.T.);
#11293=ORIENTED_EDGE('',*,*,#11292,.T.);
#11295=ORIENTED_EDGE('',*,*,#11294,.T.);
#11296=ORIENTED_EDGE('',*,*,#11272,.T.);
#11297=EDGE_LOOP('',(#11288,#11289,#11291,#11293,#11295,#11296));
#11298=FACE_OUTER_BOUND('',#11297,.F.);
#11299=ADVANCED_FACE('',(#11298),#11287,.F.);
#11300=CARTESIAN_POINT('',(-3.4E1,-3.58E1,6.02E1));
#11301=DIRECTION('',(0.E0,-7.071067811865E-1,-7.071067811865E-1));
#11302=DIRECTION('',(0.E0,7.071067811865E-1,-7.071067811865E-1));
#11303=AXIS2_PLACEMENT_3D('',#11300,#11301,#11302);
#11304=PLANE('',#11303);
#11305=ORIENTED_EDGE('',*,*,#11290,.F.);
#11306=ORIENTED_EDGE('',*,*,#11241,.T.);
#11307=ORIENTED_EDGE('',*,*,#11260,.T.);
#11309=ORIENTED_EDGE('',*,*,#11308,.F.);
#11310=EDGE_LOOP('',(#11305,#11306,#11307,#11309));
#11311=FACE_OUTER_BOUND('',#11310,.F.);
#11312=ADVANCED_FACE('',(#11311),#11304,.T.);
#11313=CARTESIAN_POINT('',(-3.4E1,-3.34E1,5.78E1));
#11314=DIRECTION('',(0.E0,1.E0,0.E0));
#11315=DIRECTION('',(0.E0,0.E0,1.E0));
#11316=AXIS2_PLACEMENT_3D('',#11313,#11314,#11315);
#11317=PLANE('',#11316);
#11318=ORIENTED_EDGE('',*,*,#11292,.F.);
#11319=ORIENTED_EDGE('',*,*,#11308,.T.);
#11320=ORIENTED_EDGE('',*,*,#11258,.T.);
#11322=ORIENTED_EDGE('',*,*,#11321,.F.);
#11323=EDGE_LOOP('',(#11318,#11319,#11320,#11322));
#11324=FACE_OUTER_BOUND('',#11323,.F.);
#11325=ADVANCED_FACE('',(#11324),#11317,.T.);
#11326=CARTESIAN_POINT('',(-3.4E1,-3.34E1,5.98E1));
#11327=DIRECTION('',(0.E0,7.071067811865E-1,7.071067811865E-1));
#11328=DIRECTION('',(0.E0,-7.071067811865E-1,7.071067811865E-1));
#11329=AXIS2_PLACEMENT_3D('',#11326,#11327,#11328);
#11330=PLANE('',#11329);
#11331=ORIENTED_EDGE('',*,*,#11294,.F.);
#11332=ORIENTED_EDGE('',*,*,#11321,.T.);
#11333=ORIENTED_EDGE('',*,*,#11256,.T.);
#11334=ORIENTED_EDGE('',*,*,#11274,.F.);
#11335=EDGE_LOOP('',(#11331,#11332,#11333,#11334));
#11336=FACE_OUTER_BOUND('',#11335,.F.);
#11337=ADVANCED_FACE('',(#11336),#11330,.T.);
#11338=CARTESIAN_POINT('',(-3.1E1,-4.E1,6.E1));
#11339=DIRECTION('',(0.E0,0.E0,-1.E0));
#11340=DIRECTION('',(1.E0,0.E0,0.E0));
#11341=AXIS2_PLACEMENT_3D('',#11338,#11339,#11340);
#11342=PLANE('',#11341);
#11343=ORIENTED_EDGE('',*,*,#11278,.T.);
#11345=ORIENTED_EDGE('',*,*,#11344,.F.);
#11346=ORIENTED_EDGE('',*,*,#10611,.F.);
#11348=ORIENTED_EDGE('',*,*,#11347,.T.);
#11349=EDGE_LOOP('',(#11343,#11345,#11346,#11348));
#11350=FACE_OUTER_BOUND('',#11349,.F.);
#11351=ADVANCED_FACE('',(#11350),#11342,.F.);
#11352=CARTESIAN_POINT('',(-9.E0,-4.E1,6.1E1));
#11353=DIRECTION('',(0.E0,-1.E0,0.E0));
#11354=DIRECTION('',(0.E0,0.E0,-1.E0));
#11355=AXIS2_PLACEMENT_3D('',#11352,#11353,#11354);
#11356=CYLINDRICAL_SURFACE('',#11355,1.E0);
#11358=ORIENTED_EDGE('',*,*,#11357,.F.);
#11359=ORIENTED_EDGE('',*,*,#10605,.F.);
#11360=ORIENTED_EDGE('',*,*,#11344,.T.);
#11361=ORIENTED_EDGE('',*,*,#9883,.T.);
#11362=EDGE_LOOP('',(#11358,#11359,#11360,#11361));
#11363=FACE_OUTER_BOUND('',#11362,.F.);
#11364=ADVANCED_FACE('',(#11363),#11356,.F.);
#11365=CARTESIAN_POINT('',(-9.E0,-4.E1,6.2E1));
#11366=DIRECTION('',(0.E0,0.E0,1.E0));
#11367=DIRECTION('',(-1.E0,0.E0,0.E0));
#11368=AXIS2_PLACEMENT_3D('',#11365,#11366,#11367);
#11369=PLANE('',#11368);
#11371=ORIENTED_EDGE('',*,*,#11370,.F.);
#11373=ORIENTED_EDGE('',*,*,#11372,.F.);
#11374=ORIENTED_EDGE('',*,*,#10607,.F.);
#11375=ORIENTED_EDGE('',*,*,#11357,.T.);
#11376=EDGE_LOOP('',(#11371,#11373,#11374,#11375));
#11377=FACE_OUTER_BOUND('',#11376,.F.);
#11378=ADVANCED_FACE('',(#11377),#11369,.F.);
#11379=CARTESIAN_POINT('',(-3.4E1,-3.8E1,6.2E1));
#11380=DIRECTION('',(0.E0,7.071067811865E-1,-7.071067811865E-1));
#11381=DIRECTION('',(0.E0,7.071067811865E-1,7.071067811865E-1));
#11382=AXIS2_PLACEMENT_3D('',#11379,#11380,#11381);
#11383=PLANE('',#11382);
#11384=ORIENTED_EDGE('',*,*,#10095,.T.);
#11385=ORIENTED_EDGE('',*,*,#11370,.T.);
#11386=ORIENTED_EDGE('',*,*,#9881,.T.);
#11388=ORIENTED_EDGE('',*,*,#11387,.T.);
#11390=ORIENTED_EDGE('',*,*,#11389,.T.);
#11392=ORIENTED_EDGE('',*,*,#11391,.F.);
#11394=ORIENTED_EDGE('',*,*,#11393,.T.);
#11396=ORIENTED_EDGE('',*,*,#11395,.F.);
#11397=EDGE_LOOP('',(#11384,#11385,#11386,#11388,#11390,#11392,#11394,#11396));
#11398=FACE_OUTER_BOUND('',#11397,.F.);
#11399=ADVANCED_FACE('',(#11398),#11383,.T.);
#11400=CARTESIAN_POINT('',(-6.E0,-4.E1,6.5E1));
#11401=DIRECTION('',(-1.E0,0.E0,0.E0));
#11402=DIRECTION('',(0.E0,0.E0,-1.E0));
#11403=AXIS2_PLACEMENT_3D('',#11400,#11401,#11402);
#11404=PLANE('',#11403);
#11405=ORIENTED_EDGE('',*,*,#9879,.F.);
#11407=ORIENTED_EDGE('',*,*,#11406,.T.);
#11408=ORIENTED_EDGE('',*,*,#11387,.F.);
#11409=EDGE_LOOP('',(#11405,#11407,#11408));
#11410=FACE_OUTER_BOUND('',#11409,.F.);
#11411=ADVANCED_FACE('',(#11410),#11404,.F.);
#11412=CARTESIAN_POINT('',(-6.E0,-4.E1,6.5E1));
#11413=DIRECTION('',(-1.E0,0.E0,0.E0));
#11414=DIRECTION('',(0.E0,0.E0,-1.E0));
#11415=AXIS2_PLACEMENT_3D('',#11412,#11413,#11414);
#11416=PLANE('',#11415);
#11418=ORIENTED_EDGE('',*,*,#11417,.T.);
#11420=ORIENTED_EDGE('',*,*,#11419,.F.);
#11422=ORIENTED_EDGE('',*,*,#11421,.F.);
#11423=EDGE_LOOP('',(#11418,#11420,#11422));
#11424=FACE_OUTER_BOUND('',#11423,.F.);
#11425=ADVANCED_FACE('',(#11424),#11416,.F.);
#11426=CARTESIAN_POINT('',(-4.72E0,-3.8E1,6.55E1));
#11427=DIRECTION('',(0.E0,1.E0,0.E0));
#11428=DIRECTION('',(0.E0,0.E0,1.E0));
#11429=AXIS2_PLACEMENT_3D('',#11426,#11427,#11428);
#11430=CYLINDRICAL_SURFACE('',#11429,2.5E0);
#11432=ORIENTED_EDGE('',*,*,#11431,.F.);
#11433=ORIENTED_EDGE('',*,*,#9781,.F.);
#11435=ORIENTED_EDGE('',*,*,#11434,.T.);
#11437=ORIENTED_EDGE('',*,*,#11436,.F.);
#11439=ORIENTED_EDGE('',*,*,#11438,.F.);
#11440=ORIENTED_EDGE('',*,*,#11417,.F.);
#11442=ORIENTED_EDGE('',*,*,#11441,.T.);
#11443=ORIENTED_EDGE('',*,*,#11389,.F.);
#11444=ORIENTED_EDGE('',*,*,#11406,.F.);
#11445=ORIENTED_EDGE('',*,*,#9877,.F.);
#11447=ORIENTED_EDGE('',*,*,#11446,.T.);
#11449=ORIENTED_EDGE('',*,*,#11448,.T.);
#11451=ORIENTED_EDGE('',*,*,#11450,.F.);
#11453=ORIENTED_EDGE('',*,*,#11452,.T.);
#11455=ORIENTED_EDGE('',*,*,#11454,.F.);
#11456=ORIENTED_EDGE('',*,*,#10167,.F.);
#11458=ORIENTED_EDGE('',*,*,#11457,.T.);
#11459=EDGE_LOOP('',(#11432,#11433,#11435,#11437,#11439,#11440,#11442,#11443,
#11444,#11445,#11447,#11449,#11451,#11453,#11455,#11456,#11458));
#11460=FACE_OUTER_BOUND('',#11459,.F.);
#11462=ORIENTED_EDGE('',*,*,#11461,.T.);
#11464=ORIENTED_EDGE('',*,*,#11463,.T.);
#11466=ORIENTED_EDGE('',*,*,#11465,.F.);
#11467=EDGE_LOOP('',(#11462,#11464,#11466));
#11468=FACE_BOUND('',#11467,.F.);
#11469=ADVANCED_FACE('',(#11460,#11468),#11430,.T.);
#11470=CARTESIAN_POINT('',(-3.4E1,-3.8E1,6.6E1));
#11471=DIRECTION('',(0.E0,7.071067811865E-1,-7.071067811865E-1));
#11472=DIRECTION('',(0.E0,7.071067811865E-1,7.071067811865E-1));
#11473=AXIS2_PLACEMENT_3D('',#11470,#11471,#11472);
#11474=PLANE('',#11473);
#11475=ORIENTED_EDGE('',*,*,#9759,.T.);
#11477=ORIENTED_EDGE('',*,*,#11476,.T.);
#11478=ORIENTED_EDGE('',*,*,#9775,.T.);
#11479=ORIENTED_EDGE('',*,*,#11431,.T.);
#11481=ORIENTED_EDGE('',*,*,#11480,.T.);
#11483=ORIENTED_EDGE('',*,*,#11482,.F.);
#11485=ORIENTED_EDGE('',*,*,#11484,.F.);
#11487=ORIENTED_EDGE('',*,*,#11486,.T.);
#11488=EDGE_LOOP('',(#11475,#11477,#11478,#11479,#11481,#11483,#11485,#11487));
#11489=FACE_OUTER_BOUND('',#11488,.F.);
#11490=ADVANCED_FACE('',(#11489),#11474,.T.);
#11491=CARTESIAN_POINT('',(-9.E0,-4.E1,6.6E1));
#11492=DIRECTION('',(0.E0,0.E0,1.E0));
#11493=DIRECTION('',(-1.E0,0.E0,0.E0));
#11494=AXIS2_PLACEMENT_3D('',#11491,#11492,#11493);
#11495=PLANE('',#11494);
#11496=ORIENTED_EDGE('',*,*,#11476,.F.);
#11498=ORIENTED_EDGE('',*,*,#11497,.F.);
#11499=ORIENTED_EDGE('',*,*,#10617,.F.);
#11501=ORIENTED_EDGE('',*,*,#11500,.T.);
#11502=EDGE_LOOP('',(#11496,#11498,#11499,#11501));
#11503=FACE_OUTER_BOUND('',#11502,.F.);
#11504=ADVANCED_FACE('',(#11503),#11495,.F.);
#11505=CARTESIAN_POINT('',(-3.1E1,-4.E1,6.5E1));
#11506=DIRECTION('',(0.E0,-1.E0,0.E0));
#11507=DIRECTION('',(0.E0,0.E0,-1.E0));
#11508=AXIS2_PLACEMENT_3D('',#11505,#11506,#11507);
#11509=CYLINDRICAL_SURFACE('',#11508,1.E0);
#11510=ORIENTED_EDGE('',*,*,#11497,.T.);
#11511=ORIENTED_EDGE('',*,*,#9765,.T.);
#11513=ORIENTED_EDGE('',*,*,#11512,.F.);
#11514=ORIENTED_EDGE('',*,*,#10619,.F.);
#11515=EDGE_LOOP('',(#11510,#11511,#11513,#11514));
#11516=FACE_OUTER_BOUND('',#11515,.F.);
#11517=ADVANCED_FACE('',(#11516),#11509,.F.);
#11518=CARTESIAN_POINT('',(-3.1E1,-4.E1,6.4E1));
#11519=DIRECTION('',(0.E0,0.E0,-1.E0));
#11520=DIRECTION('',(1.E0,0.E0,0.E0));
#11521=AXIS2_PLACEMENT_3D('',#11518,#11519,#11520);
#11522=PLANE('',#11521);
#11524=ORIENTED_EDGE('',*,*,#11523,.T.);
#11526=ORIENTED_EDGE('',*,*,#11525,.F.);
#11527=ORIENTED_EDGE('',*,*,#10621,.F.);
#11528=ORIENTED_EDGE('',*,*,#11512,.T.);
#11529=EDGE_LOOP('',(#11524,#11526,#11527,#11528));
#11530=FACE_OUTER_BOUND('',#11529,.F.);
#11531=ADVANCED_FACE('',(#11530),#11522,.F.);
#11532=CARTESIAN_POINT('',(-3.4E1,-3.58E1,6.62E1));
#11533=DIRECTION('',(0.E0,-7.071067811865E-1,7.071067811865E-1));
#11534=DIRECTION('',(0.E0,-7.071067811865E-1,-7.071067811865E-1));
#11535=AXIS2_PLACEMENT_3D('',#11532,#11533,#11534);
#11536=PLANE('',#11535);
#11537=ORIENTED_EDGE('',*,*,#9763,.F.);
#11539=ORIENTED_EDGE('',*,*,#11538,.F.);
#11541=ORIENTED_EDGE('',*,*,#11540,.T.);
#11542=ORIENTED_EDGE('',*,*,#11434,.F.);
#11543=ORIENTED_EDGE('',*,*,#9779,.F.);
#11544=ORIENTED_EDGE('',*,*,#11523,.F.);
#11545=EDGE_LOOP('',(#11537,#11539,#11541,#11542,#11543,#11544));
#11546=FACE_OUTER_BOUND('',#11545,.F.);
#11547=ADVANCED_FACE('',(#11546),#11536,.T.);
#11548=CARTESIAN_POINT('',(-3.472E1,-3.8E1,6.55E1));
#11549=DIRECTION('',(0.E0,1.E0,0.E0));
#11550=DIRECTION('',(0.E0,0.E0,1.E0));
#11551=AXIS2_PLACEMENT_3D('',#11548,#11549,#11550);
#11552=CYLINDRICAL_SURFACE('',#11551,2.5E0);
#11554=ORIENTED_EDGE('',*,*,#11553,.F.);
#11555=ORIENTED_EDGE('',*,*,#10103,.F.);
#11557=ORIENTED_EDGE('',*,*,#11556,.T.);
#11559=ORIENTED_EDGE('',*,*,#11558,.T.);
#11561=ORIENTED_EDGE('',*,*,#11560,.F.);
#11563=ORIENTED_EDGE('',*,*,#11562,.T.);
#11565=ORIENTED_EDGE('',*,*,#11564,.F.);
#11566=ORIENTED_EDGE('',*,*,#10099,.F.);
#11568=ORIENTED_EDGE('',*,*,#11567,.T.);
#11569=ORIENTED_EDGE('',*,*,#11393,.F.);
#11571=ORIENTED_EDGE('',*,*,#11570,.T.);
#11573=ORIENTED_EDGE('',*,*,#11572,.T.);
#11575=ORIENTED_EDGE('',*,*,#11574,.F.);
#11577=ORIENTED_EDGE('',*,*,#11576,.F.);
#11578=ORIENTED_EDGE('',*,*,#11538,.T.);
#11579=ORIENTED_EDGE('',*,*,#9761,.F.);
#11580=ORIENTED_EDGE('',*,*,#11486,.F.);
#11581=EDGE_LOOP('',(#11554,#11555,#11557,#11559,#11561,#11563,#11565,#11566,
#11568,#11569,#11571,#11573,#11575,#11577,#11578,#11579,#11580));
#11582=FACE_OUTER_BOUND('',#11581,.F.);
#11584=ORIENTED_EDGE('',*,*,#11583,.F.);
#11586=ORIENTED_EDGE('',*,*,#11585,.T.);
#11588=ORIENTED_EDGE('',*,*,#11587,.F.);
#11590=ORIENTED_EDGE('',*,*,#11589,.F.);
#11591=EDGE_LOOP('',(#11584,#11586,#11588,#11590));
#11592=FACE_BOUND('',#11591,.F.);
#11593=ADVANCED_FACE('',(#11582,#11592),#11552,.T.);
#11594=CARTESIAN_POINT('',(-3.4E1,0.E0,6.E1));
#11595=DIRECTION('',(1.E0,0.E0,0.E0));
#11596=DIRECTION('',(0.E0,-1.E0,0.E0));
#11597=AXIS2_PLACEMENT_3D('',#11594,#11595,#11596);
#11598=PLANE('',#11597);
#11599=ORIENTED_EDGE('',*,*,#10105,.T.);
#11600=ORIENTED_EDGE('',*,*,#11553,.T.);
#11601=ORIENTED_EDGE('',*,*,#11484,.T.);
#11603=ORIENTED_EDGE('',*,*,#11602,.T.);
#11604=ORIENTED_EDGE('',*,*,#11583,.T.);
#11606=ORIENTED_EDGE('',*,*,#11605,.T.);
#11608=ORIENTED_EDGE('',*,*,#11607,.T.);
#11609=EDGE_LOOP('',(#11599,#11600,#11601,#11603,#11604,#11606,#11608));
#11610=FACE_OUTER_BOUND('',#11609,.F.);
#11611=ADVANCED_FACE('',(#11610),#11598,.F.);
#11612=CARTESIAN_POINT('',(-3.4E1,-3.58E1,6.82E1));
#11613=DIRECTION('',(0.E0,-7.071067811865E-1,-7.071067811865E-1));
#11614=DIRECTION('',(0.E0,7.071067811865E-1,-7.071067811865E-1));
#11615=AXIS2_PLACEMENT_3D('',#11612,#11613,#11614);
#11616=PLANE('',#11615);
#11617=ORIENTED_EDGE('',*,*,#11461,.F.);
#11619=ORIENTED_EDGE('',*,*,#11618,.F.);
#11620=ORIENTED_EDGE('',*,*,#11585,.F.);
#11621=ORIENTED_EDGE('',*,*,#11602,.F.);
#11622=ORIENTED_EDGE('',*,*,#11482,.T.);
#11624=ORIENTED_EDGE('',*,*,#11623,.T.);
#11625=EDGE_LOOP('',(#11617,#11619,#11620,#11621,#11622,#11624));
#11626=FACE_OUTER_BOUND('',#11625,.F.);
#11627=ADVANCED_FACE('',(#11626),#11616,.T.);
#11628=CARTESIAN_POINT('',(-3.4E1,-3.34E1,6.58E1));
#11629=DIRECTION('',(0.E0,1.E0,0.E0));
#11630=DIRECTION('',(0.E0,0.E0,1.E0));
#11631=AXIS2_PLACEMENT_3D('',#11628,#11629,#11630);
#11632=PLANE('',#11631);
#11633=ORIENTED_EDGE('',*,*,#11465,.T.);
#11635=ORIENTED_EDGE('',*,*,#11634,.T.);
#11637=ORIENTED_EDGE('',*,*,#11636,.F.);
#11638=ORIENTED_EDGE('',*,*,#11587,.T.);
#11639=ORIENTED_EDGE('',*,*,#11618,.T.);
#11640=EDGE_LOOP('',(#11633,#11635,#11637,#11638,#11639));
#11641=FACE_OUTER_BOUND('',#11640,.F.);
#11642=ADVANCED_FACE('',(#11641),#11632,.T.);
#11643=CARTESIAN_POINT('',(-6.E0,-4.E1,6.9E1));
#11644=DIRECTION('',(-1.E0,0.E0,0.E0));
#11645=DIRECTION('',(0.E0,0.E0,-1.E0));
#11646=AXIS2_PLACEMENT_3D('',#11643,#11644,#11645);
#11647=PLANE('',#11646);
#11648=ORIENTED_EDGE('',*,*,#10165,.F.);
#11650=ORIENTED_EDGE('',*,*,#11649,.F.);
#11652=ORIENTED_EDGE('',*,*,#11651,.F.);
#11653=ORIENTED_EDGE('',*,*,#11634,.F.);
#11654=ORIENTED_EDGE('',*,*,#11463,.F.);
#11655=ORIENTED_EDGE('',*,*,#11623,.F.);
#11656=ORIENTED_EDGE('',*,*,#11480,.F.);
#11657=ORIENTED_EDGE('',*,*,#11457,.F.);
#11658=EDGE_LOOP('',(#11648,#11650,#11652,#11653,#11654,#11655,#11656,#11657));
#11659=FACE_OUTER_BOUND('',#11658,.F.);
#11660=ADVANCED_FACE('',(#11659),#11647,.F.);
#11661=CARTESIAN_POINT('',(-3.4E1,-3.58E1,7.02E1));
#11662=DIRECTION('',(0.E0,-7.071067811865E-1,7.071067811865E-1));
#11663=DIRECTION('',(0.E0,-7.071067811865E-1,-7.071067811865E-1));
#11664=AXIS2_PLACEMENT_3D('',#11661,#11662,#11663);
#11665=PLANE('',#11664);
#11666=ORIENTED_EDGE('',*,*,#10107,.F.);
#11667=ORIENTED_EDGE('',*,*,#11607,.F.);
#11669=ORIENTED_EDGE('',*,*,#11668,.T.);
#11670=ORIENTED_EDGE('',*,*,#11649,.T.);
#11671=ORIENTED_EDGE('',*,*,#10163,.F.);
#11673=ORIENTED_EDGE('',*,*,#11672,.F.);
#11674=EDGE_LOOP('',(#11666,#11667,#11669,#11670,#11671,#11673));
#11675=FACE_OUTER_BOUND('',#11674,.F.);
#11676=ADVANCED_FACE('',(#11675),#11665,.T.);
#11677=CARTESIAN_POINT('',(-3.4E1,-3.34E1,6.78E1));
#11678=DIRECTION('',(0.E0,7.071067811865E-1,7.071067811865E-1));
#11679=DIRECTION('',(0.E0,-7.071067811865E-1,7.071067811865E-1));
#11680=AXIS2_PLACEMENT_3D('',#11677,#11678,#11679);
#11681=PLANE('',#11680);
#11682=ORIENTED_EDGE('',*,*,#11589,.T.);
#11683=ORIENTED_EDGE('',*,*,#11636,.T.);
#11684=ORIENTED_EDGE('',*,*,#11651,.T.);
#11685=ORIENTED_EDGE('',*,*,#11668,.F.);
#11686=ORIENTED_EDGE('',*,*,#11605,.F.);
#11687=EDGE_LOOP('',(#11682,#11683,#11684,#11685,#11686));
#11688=FACE_OUTER_BOUND('',#11687,.F.);
#11689=ADVANCED_FACE('',(#11688),#11681,.T.);
#11690=CARTESIAN_POINT('',(-3.1E1,-4.E1,6.8E1));
#11691=DIRECTION('',(0.E0,0.E0,-1.E0));
#11692=DIRECTION('',(1.E0,0.E0,0.E0));
#11693=AXIS2_PLACEMENT_3D('',#11690,#11691,#11692);
#11694=PLANE('',#11693);
#11695=ORIENTED_EDGE('',*,*,#11672,.T.);
#11697=ORIENTED_EDGE('',*,*,#11696,.F.);
#11698=ORIENTED_EDGE('',*,*,#10631,.F.);
#11700=ORIENTED_EDGE('',*,*,#11699,.T.);
#11701=EDGE_LOOP('',(#11695,#11697,#11698,#11700));
#11702=FACE_OUTER_BOUND('',#11701,.F.);
#11703=ADVANCED_FACE('',(#11702),#11694,.F.);
#11704=CARTESIAN_POINT('',(-9.E0,-4.E1,6.9E1));
#11705=DIRECTION('',(0.E0,-1.E0,0.E0));
#11706=DIRECTION('',(0.E0,0.E0,-1.E0));
#11707=AXIS2_PLACEMENT_3D('',#11704,#11705,#11706);
#11708=CYLINDRICAL_SURFACE('',#11707,1.E0);
#11710=ORIENTED_EDGE('',*,*,#11709,.F.);
#11711=ORIENTED_EDGE('',*,*,#10625,.F.);
#11712=ORIENTED_EDGE('',*,*,#11696,.T.);
#11713=ORIENTED_EDGE('',*,*,#10161,.T.);
#11714=EDGE_LOOP('',(#11710,#11711,#11712,#11713));
#11715=FACE_OUTER_BOUND('',#11714,.F.);
#11716=ADVANCED_FACE('',(#11715),#11708,.F.);
#11717=CARTESIAN_POINT('',(-9.E0,-4.E1,7.E1));
#11718=DIRECTION('',(0.E0,0.E0,1.E0));
#11719=DIRECTION('',(-1.E0,0.E0,0.E0));
#11720=AXIS2_PLACEMENT_3D('',#11717,#11718,#11719);
#11721=PLANE('',#11720);
#11723=ORIENTED_EDGE('',*,*,#11722,.F.);
#11725=ORIENTED_EDGE('',*,*,#11724,.F.);
#11726=ORIENTED_EDGE('',*,*,#10627,.F.);
#11727=ORIENTED_EDGE('',*,*,#11709,.T.);
#11728=EDGE_LOOP('',(#11723,#11725,#11726,#11727));
#11729=FACE_OUTER_BOUND('',#11728,.F.);
#11730=ADVANCED_FACE('',(#11729),#11721,.F.);
#11731=CARTESIAN_POINT('',(-3.4E1,-3.8E1,7.E1));
#11732=DIRECTION('',(0.E0,7.071067811865E-1,-7.071067811865E-1));
#11733=DIRECTION('',(0.E0,7.071067811865E-1,7.071067811865E-1));
#11734=AXIS2_PLACEMENT_3D('',#11731,#11732,#11733);
#11735=PLANE('',#11734);
#11736=ORIENTED_EDGE('',*,*,#10111,.T.);
#11737=ORIENTED_EDGE('',*,*,#11722,.T.);
#11738=ORIENTED_EDGE('',*,*,#10159,.T.);
#11740=ORIENTED_EDGE('',*,*,#11739,.T.);
#11742=ORIENTED_EDGE('',*,*,#11741,.F.);
#11744=ORIENTED_EDGE('',*,*,#11743,.F.);
#11745=EDGE_LOOP('',(#11736,#11737,#11738,#11740,#11742,#11744));
#11746=FACE_OUTER_BOUND('',#11745,.F.);
#11747=ADVANCED_FACE('',(#11746),#11735,.T.);
#11748=CARTESIAN_POINT('',(-6.E0,-4.E1,7.3E1));
#11749=DIRECTION('',(-1.E0,0.E0,0.E0));
#11750=DIRECTION('',(0.E0,0.E0,-1.E0));
#11751=AXIS2_PLACEMENT_3D('',#11748,#11749,#11750);
#11752=PLANE('',#11751);
#11753=ORIENTED_EDGE('',*,*,#10157,.F.);
#11755=ORIENTED_EDGE('',*,*,#11754,.F.);
#11757=ORIENTED_EDGE('',*,*,#11756,.F.);
#11759=ORIENTED_EDGE('',*,*,#11758,.F.);
#11761=ORIENTED_EDGE('',*,*,#11760,.F.);
#11762=ORIENTED_EDGE('',*,*,#11739,.F.);
#11763=EDGE_LOOP('',(#11753,#11755,#11757,#11759,#11761,#11762));
#11764=FACE_OUTER_BOUND('',#11763,.F.);
#11765=ADVANCED_FACE('',(#11764),#11752,.F.);
#11766=CARTESIAN_POINT('',(-3.4E1,-3.58E1,7.42E1));
#11767=DIRECTION('',(0.E0,-7.071067811865E-1,7.071067811865E-1));
#11768=DIRECTION('',(0.E0,-7.071067811865E-1,-7.071067811865E-1));
#11769=AXIS2_PLACEMENT_3D('',#11766,#11767,#11768);
#11770=PLANE('',#11769);
#11771=ORIENTED_EDGE('',*,*,#10115,.F.);
#11773=ORIENTED_EDGE('',*,*,#11772,.F.);
#11775=ORIENTED_EDGE('',*,*,#11774,.T.);
#11776=ORIENTED_EDGE('',*,*,#11754,.T.);
#11777=ORIENTED_EDGE('',*,*,#10155,.F.);
#11779=ORIENTED_EDGE('',*,*,#11778,.F.);
#11780=EDGE_LOOP('',(#11771,#11773,#11775,#11776,#11777,#11779));
#11781=FACE_OUTER_BOUND('',#11780,.F.);
#11782=ADVANCED_FACE('',(#11781),#11770,.T.);
#11783=CARTESIAN_POINT('',(-3.4E1,0.E0,6.4E1));
#11784=DIRECTION('',(1.E0,0.E0,0.E0));
#11785=DIRECTION('',(0.E0,-1.E0,0.E0));
#11786=AXIS2_PLACEMENT_3D('',#11783,#11784,#11785);
#11787=PLANE('',#11786);
#11788=ORIENTED_EDGE('',*,*,#10113,.T.);
#11789=ORIENTED_EDGE('',*,*,#11743,.T.);
#11791=ORIENTED_EDGE('',*,*,#11790,.T.);
#11793=ORIENTED_EDGE('',*,*,#11792,.T.);
#11795=ORIENTED_EDGE('',*,*,#11794,.T.);
#11796=ORIENTED_EDGE('',*,*,#11772,.T.);
#11797=EDGE_LOOP('',(#11788,#11789,#11791,#11793,#11795,#11796));
#11798=FACE_OUTER_BOUND('',#11797,.F.);
#11799=ADVANCED_FACE('',(#11798),#11787,.F.);
#11800=CARTESIAN_POINT('',(-3.4E1,-3.58E1,7.22E1));
#11801=DIRECTION('',(0.E0,-7.071067811865E-1,-7.071067811865E-1));
#11802=DIRECTION('',(0.E0,7.071067811865E-1,-7.071067811865E-1));
#11803=AXIS2_PLACEMENT_3D('',#11800,#11801,#11802);
#11804=PLANE('',#11803);
#11805=ORIENTED_EDGE('',*,*,#11790,.F.);
#11806=ORIENTED_EDGE('',*,*,#11741,.T.);
#11807=ORIENTED_EDGE('',*,*,#11760,.T.);
#11809=ORIENTED_EDGE('',*,*,#11808,.F.);
#11810=EDGE_LOOP('',(#11805,#11806,#11807,#11809));
#11811=FACE_OUTER_BOUND('',#11810,.F.);
#11812=ADVANCED_FACE('',(#11811),#11804,.T.);
#11813=CARTESIAN_POINT('',(-3.4E1,-3.34E1,6.98E1));
#11814=DIRECTION('',(0.E0,1.E0,0.E0));
#11815=DIRECTION('',(0.E0,0.E0,1.E0));
#11816=AXIS2_PLACEMENT_3D('',#11813,#11814,#11815);
#11817=PLANE('',#11816);
#11818=ORIENTED_EDGE('',*,*,#11792,.F.);
#11819=ORIENTED_EDGE('',*,*,#11808,.T.);
#11820=ORIENTED_EDGE('',*,*,#11758,.T.);
#11822=ORIENTED_EDGE('',*,*,#11821,.F.);
#11823=EDGE_LOOP('',(#11818,#11819,#11820,#11822));
#11824=FACE_OUTER_BOUND('',#11823,.F.);
#11825=ADVANCED_FACE('',(#11824),#11817,.T.);
#11826=CARTESIAN_POINT('',(-3.4E1,-3.34E1,7.18E1));
#11827=DIRECTION('',(0.E0,7.071067811865E-1,7.071067811865E-1));
#11828=DIRECTION('',(0.E0,-7.071067811865E-1,7.071067811865E-1));
#11829=AXIS2_PLACEMENT_3D('',#11826,#11827,#11828);
#11830=PLANE('',#11829);
#11831=ORIENTED_EDGE('',*,*,#11794,.F.);
#11832=ORIENTED_EDGE('',*,*,#11821,.T.);
#11833=ORIENTED_EDGE('',*,*,#11756,.T.);
#11834=ORIENTED_EDGE('',*,*,#11774,.F.);
#11835=EDGE_LOOP('',(#11831,#11832,#11833,#11834));
#11836=FACE_OUTER_BOUND('',#11835,.F.);
#11837=ADVANCED_FACE('',(#11836),#11830,.T.);
#11838=CARTESIAN_POINT('',(-3.1E1,-4.E1,7.2E1));
#11839=DIRECTION('',(0.E0,0.E0,-1.E0));
#11840=DIRECTION('',(1.E0,0.E0,0.E0));
#11841=AXIS2_PLACEMENT_3D('',#11838,#11839,#11840);
#11842=PLANE('',#11841);
#11843=ORIENTED_EDGE('',*,*,#11778,.T.);
#11845=ORIENTED_EDGE('',*,*,#11844,.F.);
#11846=ORIENTED_EDGE('',*,*,#10641,.F.);
#11848=ORIENTED_EDGE('',*,*,#11847,.T.);
#11849=EDGE_LOOP('',(#11843,#11845,#11846,#11848));
#11850=FACE_OUTER_BOUND('',#11849,.F.);
#11851=ADVANCED_FACE('',(#11850),#11842,.F.);
#11852=CARTESIAN_POINT('',(-9.E0,-4.E1,7.3E1));
#11853=DIRECTION('',(0.E0,-1.E0,0.E0));
#11854=DIRECTION('',(0.E0,0.E0,-1.E0));
#11855=AXIS2_PLACEMENT_3D('',#11852,#11853,#11854);
#11856=CYLINDRICAL_SURFACE('',#11855,1.E0);
#11858=ORIENTED_EDGE('',*,*,#11857,.F.);
#11859=ORIENTED_EDGE('',*,*,#10635,.F.);
#11860=ORIENTED_EDGE('',*,*,#11844,.T.);
#11861=ORIENTED_EDGE('',*,*,#10153,.T.);
#11862=EDGE_LOOP('',(#11858,#11859,#11860,#11861));
#11863=FACE_OUTER_BOUND('',#11862,.F.);
#11864=ADVANCED_FACE('',(#11863),#11856,.F.);
#11865=CARTESIAN_POINT('',(-9.E0,-4.E1,7.4E1));
#11866=DIRECTION('',(0.E0,0.E0,1.E0));
#11867=DIRECTION('',(-1.E0,0.E0,0.E0));
#11868=AXIS2_PLACEMENT_3D('',#11865,#11866,#11867);
#11869=PLANE('',#11868);
#11871=ORIENTED_EDGE('',*,*,#11870,.F.);
#11873=ORIENTED_EDGE('',*,*,#11872,.F.);
#11874=ORIENTED_EDGE('',*,*,#10637,.F.);
#11875=ORIENTED_EDGE('',*,*,#11857,.T.);
#11876=EDGE_LOOP('',(#11871,#11873,#11874,#11875));
#11877=FACE_OUTER_BOUND('',#11876,.F.);
#11878=ADVANCED_FACE('',(#11877),#11869,.F.);
#11879=CARTESIAN_POINT('',(-3.4E1,-3.8E1,7.4E1));
#11880=DIRECTION('',(0.E0,7.071067811865E-1,-7.071067811865E-1));
#11881=DIRECTION('',(0.E0,7.071067811865E-1,7.071067811865E-1));
#11882=AXIS2_PLACEMENT_3D('',#11879,#11880,#11881);
#11883=PLANE('',#11882);
#11884=ORIENTED_EDGE('',*,*,#10119,.T.);
#11885=ORIENTED_EDGE('',*,*,#11870,.T.);
#11886=ORIENTED_EDGE('',*,*,#10151,.T.);
#11888=ORIENTED_EDGE('',*,*,#11887,.T.);
#11890=ORIENTED_EDGE('',*,*,#11889,.F.);
#11892=ORIENTED_EDGE('',*,*,#11891,.F.);
#11893=EDGE_LOOP('',(#11884,#11885,#11886,#11888,#11890,#11892));
#11894=FACE_OUTER_BOUND('',#11893,.F.);
#11895=ADVANCED_FACE('',(#11894),#11883,.T.);
#11896=CARTESIAN_POINT('',(-6.E0,-4.E1,7.7E1));
#11897=DIRECTION('',(-1.E0,0.E0,0.E0));
#11898=DIRECTION('',(0.E0,0.E0,-1.E0));
#11899=AXIS2_PLACEMENT_3D('',#11896,#11897,#11898);
#11900=PLANE('',#11899);
#11901=ORIENTED_EDGE('',*,*,#10149,.F.);
#11903=ORIENTED_EDGE('',*,*,#11902,.F.);
#11905=ORIENTED_EDGE('',*,*,#11904,.F.);
#11907=ORIENTED_EDGE('',*,*,#11906,.F.);
#11909=ORIENTED_EDGE('',*,*,#11908,.F.);
#11910=ORIENTED_EDGE('',*,*,#11887,.F.);
#11911=EDGE_LOOP('',(#11901,#11903,#11905,#11907,#11909,#11910));
#11912=FACE_OUTER_BOUND('',#11911,.F.);
#11913=ADVANCED_FACE('',(#11912),#11900,.F.);
#11914=CARTESIAN_POINT('',(-3.4E1,-3.58E1,7.82E1));
#11915=DIRECTION('',(0.E0,-7.071067811865E-1,7.071067811865E-1));
#11916=DIRECTION('',(0.E0,-7.071067811865E-1,-7.071067811865E-1));
#11917=AXIS2_PLACEMENT_3D('',#11914,#11915,#11916);
#11918=PLANE('',#11917);
#11919=ORIENTED_EDGE('',*,*,#10123,.F.);
#11921=ORIENTED_EDGE('',*,*,#11920,.F.);
#11923=ORIENTED_EDGE('',*,*,#11922,.T.);
#11924=ORIENTED_EDGE('',*,*,#11902,.T.);
#11925=ORIENTED_EDGE('',*,*,#10147,.F.);
#11927=ORIENTED_EDGE('',*,*,#11926,.F.);
#11928=EDGE_LOOP('',(#11919,#11921,#11923,#11924,#11925,#11927));
#11929=FACE_OUTER_BOUND('',#11928,.F.);
#11930=ADVANCED_FACE('',(#11929),#11918,.T.);
#11931=CARTESIAN_POINT('',(-3.4E1,0.E0,6.8E1));
#11932=DIRECTION('',(1.E0,0.E0,0.E0));
#11933=DIRECTION('',(0.E0,-1.E0,0.E0));
#11934=AXIS2_PLACEMENT_3D('',#11931,#11932,#11933);
#11935=PLANE('',#11934);
#11936=ORIENTED_EDGE('',*,*,#10121,.T.);
#11937=ORIENTED_EDGE('',*,*,#11891,.T.);
#11939=ORIENTED_EDGE('',*,*,#11938,.T.);
#11941=ORIENTED_EDGE('',*,*,#11940,.T.);
#11943=ORIENTED_EDGE('',*,*,#11942,.T.);
#11944=ORIENTED_EDGE('',*,*,#11920,.T.);
#11945=EDGE_LOOP('',(#11936,#11937,#11939,#11941,#11943,#11944));
#11946=FACE_OUTER_BOUND('',#11945,.F.);
#11947=ADVANCED_FACE('',(#11946),#11935,.F.);
#11948=CARTESIAN_POINT('',(-3.4E1,-3.58E1,7.62E1));
#11949=DIRECTION('',(0.E0,-7.071067811865E-1,-7.071067811865E-1));
#11950=DIRECTION('',(0.E0,7.071067811865E-1,-7.071067811865E-1));
#11951=AXIS2_PLACEMENT_3D('',#11948,#11949,#11950);
#11952=PLANE('',#11951);
#11953=ORIENTED_EDGE('',*,*,#11938,.F.);
#11954=ORIENTED_EDGE('',*,*,#11889,.T.);
#11955=ORIENTED_EDGE('',*,*,#11908,.T.);
#11957=ORIENTED_EDGE('',*,*,#11956,.F.);
#11958=EDGE_LOOP('',(#11953,#11954,#11955,#11957));
#11959=FACE_OUTER_BOUND('',#11958,.F.);
#11960=ADVANCED_FACE('',(#11959),#11952,.T.);
#11961=CARTESIAN_POINT('',(-3.4E1,-3.34E1,7.38E1));
#11962=DIRECTION('',(0.E0,1.E0,0.E0));
#11963=DIRECTION('',(0.E0,0.E0,1.E0));
#11964=AXIS2_PLACEMENT_3D('',#11961,#11962,#11963);
#11965=PLANE('',#11964);
#11966=ORIENTED_EDGE('',*,*,#11940,.F.);
#11967=ORIENTED_EDGE('',*,*,#11956,.T.);
#11968=ORIENTED_EDGE('',*,*,#11906,.T.);
#11970=ORIENTED_EDGE('',*,*,#11969,.F.);
#11971=EDGE_LOOP('',(#11966,#11967,#11968,#11970));
#11972=FACE_OUTER_BOUND('',#11971,.F.);
#11973=ADVANCED_FACE('',(#11972),#11965,.T.);
#11974=CARTESIAN_POINT('',(-3.4E1,-3.34E1,7.58E1));
#11975=DIRECTION('',(0.E0,7.071067811865E-1,7.071067811865E-1));
#11976=DIRECTION('',(0.E0,-7.071067811865E-1,7.071067811865E-1));
#11977=AXIS2_PLACEMENT_3D('',#11974,#11975,#11976);
#11978=PLANE('',#11977);
#11979=ORIENTED_EDGE('',*,*,#11942,.F.);
#11980=ORIENTED_EDGE('',*,*,#11969,.T.);
#11981=ORIENTED_EDGE('',*,*,#11904,.T.);
#11982=ORIENTED_EDGE('',*,*,#11922,.F.);
#11983=EDGE_LOOP('',(#11979,#11980,#11981,#11982));
#11984=FACE_OUTER_BOUND('',#11983,.F.);
#11985=ADVANCED_FACE('',(#11984),#11978,.T.);
#11986=CARTESIAN_POINT('',(-3.1E1,-4.E1,7.6E1));
#11987=DIRECTION('',(0.E0,0.E0,-1.E0));
#11988=DIRECTION('',(1.E0,0.E0,0.E0));
#11989=AXIS2_PLACEMENT_3D('',#11986,#11987,#11988);
#11990=PLANE('',#11989);
#11991=ORIENTED_EDGE('',*,*,#11926,.T.);
#11993=ORIENTED_EDGE('',*,*,#11992,.F.);
#11994=ORIENTED_EDGE('',*,*,#10651,.F.);
#11996=ORIENTED_EDGE('',*,*,#11995,.T.);
#11997=EDGE_LOOP('',(#11991,#11993,#11994,#11996));
#11998=FACE_OUTER_BOUND('',#11997,.F.);
#11999=ADVANCED_FACE('',(#11998),#11990,.F.);
#12000=CARTESIAN_POINT('',(-9.E0,-4.E1,7.7E1));
#12001=DIRECTION('',(0.E0,-1.E0,0.E0));
#12002=DIRECTION('',(0.E0,0.E0,-1.E0));
#12003=AXIS2_PLACEMENT_3D('',#12000,#12001,#12002);
#12004=CYLINDRICAL_SURFACE('',#12003,1.E0);
#12006=ORIENTED_EDGE('',*,*,#12005,.F.);
#12007=ORIENTED_EDGE('',*,*,#10645,.F.);
#12008=ORIENTED_EDGE('',*,*,#11992,.T.);
#12009=ORIENTED_EDGE('',*,*,#10145,.T.);
#12010=EDGE_LOOP('',(#12006,#12007,#12008,#12009));
#12011=FACE_OUTER_BOUND('',#12010,.F.);
#12012=ADVANCED_FACE('',(#12011),#12004,.F.);
#12013=CARTESIAN_POINT('',(-9.E0,-4.E1,7.8E1));
#12014=DIRECTION('',(0.E0,0.E0,1.E0));
#12015=DIRECTION('',(-1.E0,0.E0,0.E0));
#12016=AXIS2_PLACEMENT_3D('',#12013,#12014,#12015);
#12017=PLANE('',#12016);
#12019=ORIENTED_EDGE('',*,*,#12018,.F.);
#12021=ORIENTED_EDGE('',*,*,#12020,.F.);
#12022=ORIENTED_EDGE('',*,*,#10647,.F.);
#12023=ORIENTED_EDGE('',*,*,#12005,.T.);
#12024=EDGE_LOOP('',(#12019,#12021,#12022,#12023));
#12025=FACE_OUTER_BOUND('',#12024,.F.);
#12026=ADVANCED_FACE('',(#12025),#12017,.F.);
#12027=CARTESIAN_POINT('',(-3.4E1,-3.8E1,7.8E1));
#12028=DIRECTION('',(0.E0,7.071067811865E-1,-7.071067811865E-1));
#12029=DIRECTION('',(0.E0,7.071067811865E-1,7.071067811865E-1));
#12030=AXIS2_PLACEMENT_3D('',#12027,#12028,#12029);
#12031=PLANE('',#12030);
#12032=ORIENTED_EDGE('',*,*,#10127,.T.);
#12033=ORIENTED_EDGE('',*,*,#12018,.T.);
#12034=ORIENTED_EDGE('',*,*,#10143,.T.);
#12036=ORIENTED_EDGE('',*,*,#12035,.T.);
#12038=ORIENTED_EDGE('',*,*,#12037,.F.);
#12040=ORIENTED_EDGE('',*,*,#12039,.F.);
#12041=EDGE_LOOP('',(#12032,#12033,#12034,#12036,#12038,#12040));
#12042=FACE_OUTER_BOUND('',#12041,.F.);
#12043=ADVANCED_FACE('',(#12042),#12031,.T.);
#12044=CARTESIAN_POINT('',(-6.E0,-4.E1,8.1E1));
#12045=DIRECTION('',(-1.E0,0.E0,0.E0));
#12046=DIRECTION('',(0.E0,0.E0,-1.E0));
#12047=AXIS2_PLACEMENT_3D('',#12044,#12045,#12046);
#12048=PLANE('',#12047);
#12049=ORIENTED_EDGE('',*,*,#10141,.F.);
#12051=ORIENTED_EDGE('',*,*,#12050,.F.);
#12053=ORIENTED_EDGE('',*,*,#12052,.F.);
#12055=ORIENTED_EDGE('',*,*,#12054,.F.);
#12057=ORIENTED_EDGE('',*,*,#12056,.F.);
#12058=ORIENTED_EDGE('',*,*,#12035,.F.);
#12059=EDGE_LOOP('',(#12049,#12051,#12053,#12055,#12057,#12058));
#12060=FACE_OUTER_BOUND('',#12059,.F.);
#12061=ADVANCED_FACE('',(#12060),#12048,.F.);
#12062=CARTESIAN_POINT('',(-3.4E1,-3.58E1,8.22E1));
#12063=DIRECTION('',(0.E0,-7.071067811865E-1,7.071067811865E-1));
#12064=DIRECTION('',(0.E0,-7.071067811865E-1,-7.071067811865E-1));
#12065=AXIS2_PLACEMENT_3D('',#12062,#12063,#12064);
#12066=PLANE('',#12065);
#12067=ORIENTED_EDGE('',*,*,#10131,.F.);
#12069=ORIENTED_EDGE('',*,*,#12068,.F.);
#12071=ORIENTED_EDGE('',*,*,#12070,.T.);
#12072=ORIENTED_EDGE('',*,*,#12050,.T.);
#12073=ORIENTED_EDGE('',*,*,#10139,.F.);
#12075=ORIENTED_EDGE('',*,*,#12074,.F.);
#12076=EDGE_LOOP('',(#12067,#12069,#12071,#12072,#12073,#12075));
#12077=FACE_OUTER_BOUND('',#12076,.F.);
#12078=ADVANCED_FACE('',(#12077),#12066,.T.);
#12079=CARTESIAN_POINT('',(-3.4E1,0.E0,7.2E1));
#12080=DIRECTION('',(1.E0,0.E0,0.E0));
#12081=DIRECTION('',(0.E0,-1.E0,0.E0));
#12082=AXIS2_PLACEMENT_3D('',#12079,#12080,#12081);
#12083=PLANE('',#12082);
#12084=ORIENTED_EDGE('',*,*,#10129,.T.);
#12085=ORIENTED_EDGE('',*,*,#12039,.T.);
#12087=ORIENTED_EDGE('',*,*,#12086,.T.);
#12089=ORIENTED_EDGE('',*,*,#12088,.T.);
#12091=ORIENTED_EDGE('',*,*,#12090,.T.);
#12092=ORIENTED_EDGE('',*,*,#12068,.T.);
#12093=EDGE_LOOP('',(#12084,#12085,#12087,#12089,#12091,#12092));
#12094=FACE_OUTER_BOUND('',#12093,.F.);
#12095=ADVANCED_FACE('',(#12094),#12083,.F.);
#12096=CARTESIAN_POINT('',(-3.4E1,-3.58E1,8.02E1));
#12097=DIRECTION('',(0.E0,-7.071067811865E-1,-7.071067811865E-1));
#12098=DIRECTION('',(0.E0,7.071067811865E-1,-7.071067811865E-1));
#12099=AXIS2_PLACEMENT_3D('',#12096,#12097,#12098);
#12100=PLANE('',#12099);
#12101=ORIENTED_EDGE('',*,*,#12086,.F.);
#12102=ORIENTED_EDGE('',*,*,#12037,.T.);
#12103=ORIENTED_EDGE('',*,*,#12056,.T.);
#12105=ORIENTED_EDGE('',*,*,#12104,.F.);
#12106=EDGE_LOOP('',(#12101,#12102,#12103,#12105));
#12107=FACE_OUTER_BOUND('',#12106,.F.);
#12108=ADVANCED_FACE('',(#12107),#12100,.T.);
#12109=CARTESIAN_POINT('',(-3.4E1,-3.34E1,7.78E1));
#12110=DIRECTION('',(0.E0,1.E0,0.E0));
#12111=DIRECTION('',(0.E0,0.E0,1.E0));
#12112=AXIS2_PLACEMENT_3D('',#12109,#12110,#12111);
#12113=PLANE('',#12112);
#12114=ORIENTED_EDGE('',*,*,#12088,.F.);
#12115=ORIENTED_EDGE('',*,*,#12104,.T.);
#12116=ORIENTED_EDGE('',*,*,#12054,.T.);
#12118=ORIENTED_EDGE('',*,*,#12117,.F.);
#12119=EDGE_LOOP('',(#12114,#12115,#12116,#12118));
#12120=FACE_OUTER_BOUND('',#12119,.F.);
#12121=ADVANCED_FACE('',(#12120),#12113,.T.);
#12122=CARTESIAN_POINT('',(-3.4E1,-3.34E1,7.98E1));
#12123=DIRECTION('',(0.E0,7.071067811865E-1,7.071067811865E-1));
#12124=DIRECTION('',(0.E0,-7.071067811865E-1,7.071067811865E-1));
#12125=AXIS2_PLACEMENT_3D('',#12122,#12123,#12124);
#12126=PLANE('',#12125);
#12127=ORIENTED_EDGE('',*,*,#12090,.F.);
#12128=ORIENTED_EDGE('',*,*,#12117,.T.);
#12129=ORIENTED_EDGE('',*,*,#12052,.T.);
#12130=ORIENTED_EDGE('',*,*,#12070,.F.);
#12131=EDGE_LOOP('',(#12127,#12128,#12129,#12130));
#12132=FACE_OUTER_BOUND('',#12131,.F.);
#12133=ADVANCED_FACE('',(#12132),#12126,.T.);
#12134=CARTESIAN_POINT('',(-3.1E1,-4.E1,8.E1));
#12135=DIRECTION('',(0.E0,0.E0,-1.E0));
#12136=DIRECTION('',(1.E0,0.E0,0.E0));
#12137=AXIS2_PLACEMENT_3D('',#12134,#12135,#12136);
#12138=PLANE('',#12137);
#12139=ORIENTED_EDGE('',*,*,#12074,.T.);
#12141=ORIENTED_EDGE('',*,*,#12140,.F.);
#12142=ORIENTED_EDGE('',*,*,#10661,.F.);
#12144=ORIENTED_EDGE('',*,*,#12143,.T.);
#12145=EDGE_LOOP('',(#12139,#12141,#12142,#12144));
#12146=FACE_OUTER_BOUND('',#12145,.F.);
#12147=ADVANCED_FACE('',(#12146),#12138,.F.);
#12148=CARTESIAN_POINT('',(-9.E0,-4.E1,8.1E1));
#12149=DIRECTION('',(0.E0,-1.E0,0.E0));
#12150=DIRECTION('',(0.E0,0.E0,-1.E0));
#12151=AXIS2_PLACEMENT_3D('',#12148,#12149,#12150);
#12152=CYLINDRICAL_SURFACE('',#12151,1.E0);
#12153=ORIENTED_EDGE('',*,*,#10137,.T.);
#12155=ORIENTED_EDGE('',*,*,#12154,.F.);
#12156=ORIENTED_EDGE('',*,*,#10655,.F.);
#12157=ORIENTED_EDGE('',*,*,#12140,.T.);
#12158=EDGE_LOOP('',(#12153,#12155,#12156,#12157));
#12159=FACE_OUTER_BOUND('',#12158,.F.);
#12160=ADVANCED_FACE('',(#12159),#12152,.F.);
#12161=CARTESIAN_POINT('',(-9.E0,-4.E1,8.2E1));
#12162=DIRECTION('',(0.E0,0.E0,1.E0));
#12163=DIRECTION('',(-1.E0,0.E0,0.E0));
#12164=AXIS2_PLACEMENT_3D('',#12161,#12162,#12163);
#12165=PLANE('',#12164);
#12166=ORIENTED_EDGE('',*,*,#10657,.F.);
#12167=ORIENTED_EDGE('',*,*,#12154,.T.);
#12168=ORIENTED_EDGE('',*,*,#10135,.T.);
#12170=ORIENTED_EDGE('',*,*,#12169,.F.);
#12171=EDGE_LOOP('',(#12166,#12167,#12168,#12170));
#12172=FACE_OUTER_BOUND('',#12171,.F.);
#12173=ADVANCED_FACE('',(#12172),#12165,.F.);
#12174=CARTESIAN_POINT('',(-3.1E1,-4.E1,8.1E1));
#12175=DIRECTION('',(0.E0,-1.E0,0.E0));
#12176=DIRECTION('',(0.E0,0.E0,-1.E0));
#12177=AXIS2_PLACEMENT_3D('',#12174,#12175,#12176);
#12178=CYLINDRICAL_SURFACE('',#12177,1.E0);
#12179=ORIENTED_EDGE('',*,*,#10133,.T.);
#12180=ORIENTED_EDGE('',*,*,#12143,.F.);
#12181=ORIENTED_EDGE('',*,*,#10659,.F.);
#12182=ORIENTED_EDGE('',*,*,#12169,.T.);
#12183=EDGE_LOOP('',(#12179,#12180,#12181,#12182));
#12184=FACE_OUTER_BOUND('',#12183,.F.);
#12185=ADVANCED_FACE('',(#12184),#12178,.F.);
#12186=CARTESIAN_POINT('',(-3.1E1,-4.E1,7.7E1));
#12187=DIRECTION('',(0.E0,-1.E0,0.E0));
#12188=DIRECTION('',(0.E0,0.E0,-1.E0));
#12189=AXIS2_PLACEMENT_3D('',#12186,#12187,#12188);
#12190=CYLINDRICAL_SURFACE('',#12189,1.E0);
#12191=ORIENTED_EDGE('',*,*,#12020,.T.);
#12192=ORIENTED_EDGE('',*,*,#10125,.T.);
#12193=ORIENTED_EDGE('',*,*,#11995,.F.);
#12194=ORIENTED_EDGE('',*,*,#10649,.F.);
#12195=EDGE_LOOP('',(#12191,#12192,#12193,#12194));
#12196=FACE_OUTER_BOUND('',#12195,.F.);
#12197=ADVANCED_FACE('',(#12196),#12190,.F.);
#12198=CARTESIAN_POINT('',(-3.1E1,-4.E1,7.3E1));
#12199=DIRECTION('',(0.E0,-1.E0,0.E0));
#12200=DIRECTION('',(0.E0,0.E0,-1.E0));
#12201=AXIS2_PLACEMENT_3D('',#12198,#12199,#12200);
#12202=CYLINDRICAL_SURFACE('',#12201,1.E0);
#12203=ORIENTED_EDGE('',*,*,#11872,.T.);
#12204=ORIENTED_EDGE('',*,*,#10117,.T.);
#12205=ORIENTED_EDGE('',*,*,#11847,.F.);
#12206=ORIENTED_EDGE('',*,*,#10639,.F.);
#12207=EDGE_LOOP('',(#12203,#12204,#12205,#12206));
#12208=FACE_OUTER_BOUND('',#12207,.F.);
#12209=ADVANCED_FACE('',(#12208),#12202,.F.);
#12210=CARTESIAN_POINT('',(-3.1E1,-4.E1,6.9E1));
#12211=DIRECTION('',(0.E0,-1.E0,0.E0));
#12212=DIRECTION('',(0.E0,0.E0,-1.E0));
#12213=AXIS2_PLACEMENT_3D('',#12210,#12211,#12212);
#12214=CYLINDRICAL_SURFACE('',#12213,1.E0);
#12215=ORIENTED_EDGE('',*,*,#11724,.T.);
#12216=ORIENTED_EDGE('',*,*,#10109,.T.);
#12217=ORIENTED_EDGE('',*,*,#11699,.F.);
#12218=ORIENTED_EDGE('',*,*,#10629,.F.);
#12219=EDGE_LOOP('',(#12215,#12216,#12217,#12218));
#12220=FACE_OUTER_BOUND('',#12219,.F.);
#12221=ADVANCED_FACE('',(#12220),#12214,.F.);
#12222=CARTESIAN_POINT('',(-3.472E1,-3.8E1,6.55E1));
#12223=DIRECTION('',(0.E0,1.E0,0.E0));
#12224=DIRECTION('',(0.E0,0.E0,1.E0));
#12225=AXIS2_PLACEMENT_3D('',#12222,#12223,#12224);
#12226=CYLINDRICAL_SURFACE('',#12225,2.5E0);
#12228=ORIENTED_EDGE('',*,*,#12227,.F.);
#12230=ORIENTED_EDGE('',*,*,#12229,.T.);
#12231=ORIENTED_EDGE('',*,*,#11556,.F.);
#12232=ORIENTED_EDGE('',*,*,#10101,.F.);
#12233=ORIENTED_EDGE('',*,*,#11564,.T.);
#12235=ORIENTED_EDGE('',*,*,#12234,.T.);
#12236=EDGE_LOOP('',(#12228,#12230,#12231,#12232,#12233,#12235));
#12237=FACE_OUTER_BOUND('',#12236,.F.);
#12238=ADVANCED_FACE('',(#12237),#12226,.T.);
#12239=CARTESIAN_POINT('',(-3.511960944364E1,-2.301511135113E1,
6.291281321165E1));
#12240=CARTESIAN_POINT('',(-3.515571006331E1,-2.301512334995E1,
6.291838210202E1));
#12241=CARTESIAN_POINT('',(-3.533651817992E1,-2.301520574169E1,
6.295012999278E1));
#12242=CARTESIAN_POINT('',(-3.565693255919E1,-2.301512961130E1,
6.304211337659E1));
#12243=CARTESIAN_POINT('',(-3.605722126246E1,-2.301515723929E1,
6.323484300150E1));
#12244=CARTESIAN_POINT('',(-3.641979828523E1,-2.301514959405E1,
6.349255449002E1));
#12245=CARTESIAN_POINT('',(-3.673366174785E1,-2.301515171217E1,
6.380757871654E1));
#12246=CARTESIAN_POINT('',(-3.699000956067E1,-2.301515114397E1,
6.417102595994E1));
#12247=CARTESIAN_POINT('',(-3.718145820454E1,-2.301515108619E1,
6.457243861044E1));
#12248=CARTESIAN_POINT('',(-3.730253450481E1,-2.301515161412E1,
6.500036281617E1));
#12249=CARTESIAN_POINT('',(-3.734979473825E1,-2.301515106412E1,
6.544259405906E1));
#12250=CARTESIAN_POINT('',(-3.732188603416E1,-2.301515107419E1,
6.588645198076E1));
#12251=CARTESIAN_POINT('',(-3.721958274616E1,-2.301515158840E1,
6.631926944365E1));
#12252=CARTESIAN_POINT('',(-3.704583202093E1,-2.301515105266E1,
6.672866832546E1));
#12253=CARTESIAN_POINT('',(-3.680560759905E1,-2.301515135874E1,
6.710293201254E1));
#12254=CARTESIAN_POINT('',(-3.650573617955E1,-2.301515103561E1,
6.743139205702E1));
#12255=CARTESIAN_POINT('',(-3.615480845386E1,-2.301515189407E1,
6.770463605092E1));
#12256=CARTESIAN_POINT('',(-3.576298904954E1,-2.301514875133E1,
6.791482535696E1));
#12257=CARTESIAN_POINT('',(-3.541132001111E1,-2.301515917690E1,
6.803251793802E1));
#12258=CARTESIAN_POINT('',(-3.519424375368E1,-2.301514278144E1,
6.807562585232E1));
#12259=CARTESIAN_POINT('',(-3.512151350458E1,-2.301506438993E1,
6.808684991821E1));
#12260=CARTESIAN_POINT('',(-3.498706172051E1,-2.293827271107E1,
6.377171449415E1));
#12261=CARTESIAN_POINT('',(-3.501113643299E1,-2.293828425763E1,
6.377542988454E1));
#12262=CARTESIAN_POINT('',(-3.513170626501E1,-2.293836327008E1,
6.379660026841E1));
#12263=CARTESIAN_POINT('',(-3.534594985188E1,-2.293829025708E1,
6.385808264538E1));
#12264=CARTESIAN_POINT('',(-3.561328225764E1,-2.293831676817E1,
6.398681879003E1));
#12265=CARTESIAN_POINT('',(-3.585551000908E1,-2.293830942235E1,
6.415897911843E1));
#12266=CARTESIAN_POINT('',(-3.606517120323E1,-2.293831146023E1,
6.436941891226E1));
#12267=CARTESIAN_POINT('',(-3.623642307897E1,-2.293831091352E1,
6.461221628374E1));
#12268=CARTESIAN_POINT('',(-3.636431288867E1,-2.293831084998E1,
6.488036675861E1));
#12269=CARTESIAN_POINT('',(-3.644519493363E1,-2.293831137946E1,
6.516622889409E1));
#12270=CARTESIAN_POINT('',(-3.647676607850E1,-2.293831082903E1,
6.546165193369E1));
#12271=CARTESIAN_POINT('',(-3.645812255351E1,-2.293831083928E1,
6.575815843149E1));
#12272=CARTESIAN_POINT('',(-3.638978079272E1,-2.293831135320E1,
6.604729362893E1));
#12273=CARTESIAN_POINT('',(-3.627371144790E1,-2.293831081841E1,
6.632077978942E1));
#12274=CARTESIAN_POINT('',(-3.611323817474E1,-2.293831112096E1,
6.657079449607E1));
#12275=CARTESIAN_POINT('',(-3.591291258456E1,-2.293831081101E1,
6.679021856676E1));
#12276=CARTESIAN_POINT('',(-3.567848575951E1,-2.293831162033E1,
6.697274984446E1));
#12277=CARTESIAN_POINT('',(-3.541674483705E1,-2.293830866102E1,
6.711316050035E1));
#12278=CARTESIAN_POINT('',(-3.518181290905E1,-2.293831851632E1,
6.719178400039E1));
#12279=CARTESIAN_POINT('',(-3.503681329262E1,-2.293830299271E1,
6.722057844190E1));
#12280=CARTESIAN_POINT('',(-3.498823528522E1,-2.293822865165E1,
6.722807563736E1));
#12281=CARTESIAN_POINT('',(-3.490100204790E1,-2.227193127861E1,
6.432827326026E1));
#12282=CARTESIAN_POINT('',(-3.491734459041E1,-2.227193890319E1,
6.433079455175E1));
#12283=CARTESIAN_POINT('',(-3.499919411787E1,-2.227198861058E1,
6.434516635743E1));
#12284=CARTESIAN_POINT('',(-3.514434418730E1,-2.227194263141E1,
6.438683162898E1));
#12285=CARTESIAN_POINT('',(-3.532562143352E1,-2.227195945682E1,
6.447411624551E1));
#12286=CARTESIAN_POINT('',(-3.548983469280E1,-2.227195470754E1,
6.459083358166E1));
#12287=CARTESIAN_POINT('',(-3.563198133249E1,-2.227195604957E1,
6.473350649183E1));
#12288=CARTESIAN_POINT('',(-3.574808150931E1,-2.227195568925E1,
6.489811179725E1));
#12289=CARTESIAN_POINT('',(-3.583478763691E1,-2.227195557573E1,
6.507990999027E1));
#12290=CARTESIAN_POINT('',(-3.588962279215E1,-2.227195611865E1,
6.527371542539E1));
#12291=CARTESIAN_POINT('',(-3.591102685348E1,-2.227195556447E1,
6.547400109150E1));
#12292=CARTESIAN_POINT('',(-3.589838710598E1,-2.227195557627E1,
6.567502290862E1));
#12293=CARTESIAN_POINT('',(-3.585205410119E1,-2.227195608774E1,
6.587104523928E1));
#12294=CARTESIAN_POINT('',(-3.577336292813E1,-2.227195556122E1,
6.605646049712E1));
#12295=CARTESIAN_POINT('',(-3.566456637120E1,-2.227195583315E1,
6.622596306817E1));
#12296=CARTESIAN_POINT('',(-3.552875466682E1,-2.227195563739E1,
6.637472258762E1));
#12297=CARTESIAN_POINT('',(-3.536982069380E1,-2.227195602062E1,
6.649847364279E1));
#12298=CARTESIAN_POINT('',(-3.519236743886E1,-2.227195465203E1,
6.659366765451E1));
#12299=CARTESIAN_POINT('',(-3.503309597538E1,-2.227195956204E1,
6.664697066225E1));
#12300=CARTESIAN_POINT('',(-3.493478495309E1,-2.227195159897E1,
6.666649364386E1));
#12301=CARTESIAN_POINT('',(-3.490184695903E1,-2.227191238332E1,
6.667157685971E1));
#12302=CARTESIAN_POINT('',(-3.491130051952E1,-2.140222040367E1,
6.425997331886E1));
#12303=CARTESIAN_POINT('',(-3.492868528821E1,-2.140222290926E1,
6.426265187221E1));
#12304=CARTESIAN_POINT('',(-3.501577023880E1,-2.140223436759E1,
6.427794368701E1));
#12305=CARTESIAN_POINT('',(-3.516894256559E1,-2.140222367308E1,
6.432195942484E1));
#12306=CARTESIAN_POINT('',(-3.536093326870E1,-2.140222785670E1,
6.441435490992E1));
#12307=CARTESIAN_POINT('',(-3.553467486560E1,-2.140222649643E1,
6.453786567799E1));
#12308=CARTESIAN_POINT('',(-3.568511818291E1,-2.140222693023E1,
6.468885899202E1));
#12309=CARTESIAN_POINT('',(-3.580797035585E1,-2.140222681319E1,
6.486304098887E1));
#12310=CARTESIAN_POINT('',(-3.589973318579E1,-2.140222663445E1,
6.505543644954E1));
#12311=CARTESIAN_POINT('',(-3.595776253957E1,-2.140222719490E1,
6.526053582187E1));
#12312=CARTESIAN_POINT('',(-3.598041317167E1,-2.140222663583E1,
6.547248540885E1));
#12313=CARTESIAN_POINT('',(-3.596703671470E1,-2.140222664966E1,
6.568522101161E1));
#12314=CARTESIAN_POINT('',(-3.591800600080E1,-2.140222715793E1,
6.589265717206E1));
#12315=CARTESIAN_POINT('',(-3.583472978594E1,-2.140222664218E1,
6.608887891268E1));
#12316=CARTESIAN_POINT('',(-3.571958974838E1,-2.140222687417E1,
6.626826158479E1));
#12317=CARTESIAN_POINT('',(-3.557587530382E1,-2.140222682745E1,
6.642567686236E1));
#12318=CARTESIAN_POINT('',(-3.540767933052E1,-2.140222665453E1,
6.655664231225E1));
#12319=CARTESIAN_POINT('',(-3.521987968141E1,-2.140222736217E1,
6.665738395003E1));
#12320=CARTESIAN_POINT('',(-3.505134810429E1,-2.140222581755E1,
6.671378784211E1));
#12321=CARTESIAN_POINT('',(-3.494728239545E1,-2.140222772254E1,
6.673445402758E1));
#12322=CARTESIAN_POINT('',(-3.491240906877E1,-2.140223435268E1,
6.673983501412E1));
#12323=(BOUNDED_SURFACE()B_SPLINE_SURFACE(3,3,((#12239,#12240,#12241,#12242,
#12243,#12244,#12245,#12246,#12247,#12248,#12249,#12250,#12251,#12252,#12253,
#12254,#12255,#12256,#12257,#12258,#12259),(#12260,#12261,#12262,#12263,#12264,
#12265,#12266,#12267,#12268,#12269,#12270,#12271,#12272,#12273,#12274,#12275,
#12276,#12277,#12278,#12279,#12280),(#12281,#12282,#12283,#12284,#12285,#12286,
#12287,#12288,#12289,#12290,#12291,#12292,#12293,#12294,#12295,#12296,#12297,
#12298,#12299,#12300,#12301),(#12302,#12303,#12304,#12305,#12306,#12307,#12308,
#12309,#12310,#12311,#12312,#12313,#12314,#12315,#12316,#12317,#12318,#12319,
#12320,#12321,#12322)),.UNSPECIFIED.,.F.,.F.,.F.)B_SPLINE_SURFACE_WITH_KNOTS((4,
4),(4,1,1,1,1,1,1,1,1,1,1,1,1,1,1,1,1,1,4),(0.E0,1.E0),(1.769759382220E-1,
1.895330864128E-1,2.400767559888E-1,2.907537516310E-1,3.414048910419E-1,
3.920806973454E-1,4.427256657126E-1,4.933886869189E-1,5.440630750737E-1,
5.947036620690E-1,6.453745602221E-1,6.960450578111E-1,7.466858612569E-1,
7.973613330136E-1,8.480250191258E-1,8.986718586832E-1,9.493479429760E-1,1.E0,
1.025315272340E0),.UNSPECIFIED.)GEOMETRIC_REPRESENTATION_ITEM()RATIONAL_B_SPLINE_SURFACE(((1.169413769883E0,1.169413769883E0,1.169413769883E0,1.169413769883E0,
1.169413769883E0,1.169413769883E0,1.169413769883E0,1.169413769883E0,
1.169413769883E0,1.169413769883E0,1.169413769883E0,1.169413769883E0,
1.169413769883E0,1.169413769883E0,1.169413769883E0,1.169413769883E0,
1.169413769883E0,1.169413769883E0,1.169413769883E0,1.169413769883E0,
1.169413769883E0),(9.435287433722E-1,9.435287433722E-1,9.435287433722E-1,
9.435287433722E-1,9.435287433722E-1,9.435287433722E-1,9.435287433722E-1,
9.435287433722E-1,9.435287433722E-1,9.435287433722E-1,9.435287433722E-1,
9.435287433722E-1,9.435287433722E-1,9.435287433722E-1,9.435287433722E-1,
9.435287433722E-1,9.435287433722E-1,9.435287433722E-1,9.435287433722E-1,
9.435287433722E-1,9.435287433722E-1),(9.435287433722E-1,9.435287433722E-1,
9.435287433722E-1,9.435287433722E-1,9.435287433722E-1,9.435287433722E-1,
9.435287433722E-1,9.435287433722E-1,9.435287433722E-1,9.435287433722E-1,
9.435287433722E-1,9.435287433722E-1,9.435287433722E-1,9.435287433722E-1,
9.435287433722E-1,9.435287433722E-1,9.435287433722E-1,9.435287433722E-1,
9.435287433722E-1,9.435287433722E-1,9.435287433722E-1),(1.169413769883E0,
1.169413769883E0,1.169413769883E0,1.169413769883E0,1.169413769883E0,
1.169413769883E0,1.169413769883E0,1.169413769883E0,1.169413769883E0,
1.169413769883E0,1.169413769883E0,1.169413769883E0,1.169413769883E0,
1.169413769883E0,1.169413769883E0,1.169413769883E0,1.169413769883E0,
1.169413769883E0,1.169413769883E0,1.169413769883E0,1.169413769883E0)))REPRESENTATION_ITEM('')SURFACE());
#12325=ORIENTED_EDGE('',*,*,#12324,.T.);
#12327=ORIENTED_EDGE('',*,*,#12326,.T.);
#12328=ORIENTED_EDGE('',*,*,#12227,.T.);
#12330=ORIENTED_EDGE('',*,*,#12329,.T.);
#12331=EDGE_LOOP('',(#12325,#12327,#12328,#12330));
#12332=FACE_OUTER_BOUND('',#12331,.F.);
#12333=ADVANCED_FACE('',(#12332),#12323,.F.);
#12334=CARTESIAN_POINT('',(-3.472E1,-2.3E1,6.55E1));
#12335=DIRECTION('',(0.E0,1.E0,0.E0));
#12336=DIRECTION('',(0.E0,0.E0,1.E0));
#12337=AXIS2_PLACEMENT_3D('',#12334,#12335,#12336);
#12338=CYLINDRICAL_SURFACE('',#12337,1.25E0);
#12340=ORIENTED_EDGE('',*,*,#12339,.T.);
#12342=ORIENTED_EDGE('',*,*,#12341,.F.);
#12344=ORIENTED_EDGE('',*,*,#12343,.F.);
#12345=ORIENTED_EDGE('',*,*,#12324,.F.);
#12346=EDGE_LOOP('',(#12340,#12342,#12344,#12345));
#12347=FACE_OUTER_BOUND('',#12346,.F.);
#12348=ADVANCED_FACE('',(#12347),#12338,.T.);
#12349=CARTESIAN_POINT('',(-3.522E1,-1.75E1,6.305051025722E1));
#12350=DIRECTION('',(-1.E0,0.E0,0.E0));
#12351=DIRECTION('',(0.E0,0.E0,1.E0));
#12352=AXIS2_PLACEMENT_3D('',#12349,#12350,#12351);
#12353=PLANE('',#12352);
#12355=ORIENTED_EDGE('',*,*,#12354,.T.);
#12356=ORIENTED_EDGE('',*,*,#12326,.F.);
#12357=ORIENTED_EDGE('',*,*,#12343,.T.);
#12359=ORIENTED_EDGE('',*,*,#12358,.T.);
#12361=ORIENTED_EDGE('',*,*,#12360,.T.);
#12363=ORIENTED_EDGE('',*,*,#12362,.F.);
#12365=ORIENTED_EDGE('',*,*,#12364,.F.);
#12367=ORIENTED_EDGE('',*,*,#12366,.F.);
#12369=ORIENTED_EDGE('',*,*,#12368,.F.);
#12371=ORIENTED_EDGE('',*,*,#12370,.T.);
#12372=ORIENTED_EDGE('',*,*,#12339,.F.);
#12373=ORIENTED_EDGE('',*,*,#12329,.F.);
#12374=EDGE_LOOP('',(#12355,#12356,#12357,#12359,#12361,#12363,#12365,#12367,
#12369,#12371,#12372,#12373));
#12375=FACE_OUTER_BOUND('',#12374,.F.);
#12376=ADVANCED_FACE('',(#12375),#12353,.F.);
#12377=CARTESIAN_POINT('',(0.E0,-2.3E1,0.E0));
#12378=DIRECTION('',(0.E0,1.E0,0.E0));
#12379=DIRECTION('',(0.E0,0.E0,1.E0));
#12380=AXIS2_PLACEMENT_3D('',#12377,#12378,#12379);
#12381=PLANE('',#12380);
#12382=ORIENTED_EDGE('',*,*,#12354,.F.);
#12383=ORIENTED_EDGE('',*,*,#12234,.F.);
#12384=ORIENTED_EDGE('',*,*,#11562,.F.);
#12386=ORIENTED_EDGE('',*,*,#12385,.F.);
#12387=ORIENTED_EDGE('',*,*,#11558,.F.);
#12388=ORIENTED_EDGE('',*,*,#12229,.F.);
#12389=EDGE_LOOP('',(#12382,#12383,#12384,#12386,#12387,#12388));
#12390=FACE_OUTER_BOUND('',#12389,.F.);
#12391=ADVANCED_FACE('',(#12390),#12381,.T.);
#12392=CARTESIAN_POINT('',(0.E0,-2.3E1,0.E0));
#12393=DIRECTION('',(0.E0,1.E0,0.E0));
#12394=DIRECTION('',(0.E0,0.E0,1.E0));
#12395=AXIS2_PLACEMENT_3D('',#12392,#12393,#12394);
#12396=PLANE('',#12395);
#12398=ORIENTED_EDGE('',*,*,#12397,.F.);
#12399=ORIENTED_EDGE('',*,*,#11448,.F.);
#12401=ORIENTED_EDGE('',*,*,#12400,.F.);
#12403=ORIENTED_EDGE('',*,*,#12402,.F.);
#12405=ORIENTED_EDGE('',*,*,#12404,.F.);
#12406=ORIENTED_EDGE('',*,*,#11452,.F.);
#12407=EDGE_LOOP('',(#12398,#12399,#12401,#12403,#12405,#12406));
#12408=FACE_OUTER_BOUND('',#12407,.F.);
#12409=ADVANCED_FACE('',(#12408),#12396,.T.);
#12410=CARTESIAN_POINT('',(0.E0,-2.3E1,0.E0));
#12411=DIRECTION('',(0.E0,1.E0,0.E0));
#12412=DIRECTION('',(0.E0,0.E0,1.E0));
#12413=AXIS2_PLACEMENT_3D('',#12410,#12411,#12412);
#12414=PLANE('',#12413);
#12416=ORIENTED_EDGE('',*,*,#12415,.T.);
#12418=ORIENTED_EDGE('',*,*,#12417,.F.);
#12420=ORIENTED_EDGE('',*,*,#12419,.T.);
#12421=EDGE_LOOP('',(#12416,#12418,#12420));
#12422=FACE_OUTER_BOUND('',#12421,.F.);
#12423=ADVANCED_FACE('',(#12422),#12414,.T.);
#12424=CARTESIAN_POINT('',(0.E0,-2.3E1,0.E0));
#12425=DIRECTION('',(0.E0,1.E0,0.E0));
#12426=DIRECTION('',(0.E0,0.E0,1.E0));
#12427=AXIS2_PLACEMENT_3D('',#12424,#12425,#12426);
#12428=PLANE('',#12427);
#12430=ORIENTED_EDGE('',*,*,#12429,.T.);
#12432=ORIENTED_EDGE('',*,*,#12431,.T.);
#12434=ORIENTED_EDGE('',*,*,#12433,.F.);
#12435=EDGE_LOOP('',(#12430,#12432,#12434));
#12436=FACE_OUTER_BOUND('',#12435,.F.);
#12437=ADVANCED_FACE('',(#12436),#12428,.T.);
#12438=CARTESIAN_POINT('',(-3.422E1,-1.75E1,6.794948974278E1));
#12439=DIRECTION('',(1.E0,0.E0,0.E0));
#12440=DIRECTION('',(0.E0,0.E0,-1.E0));
#12441=AXIS2_PLACEMENT_3D('',#12438,#12439,#12440);
#12442=PLANE('',#12441);
#12443=ORIENTED_EDGE('',*,*,#12385,.T.);
#12445=ORIENTED_EDGE('',*,*,#12444,.F.);
#12447=ORIENTED_EDGE('',*,*,#12446,.T.);
#12449=ORIENTED_EDGE('',*,*,#12448,.T.);
#12451=ORIENTED_EDGE('',*,*,#12450,.T.);
#12453=ORIENTED_EDGE('',*,*,#12452,.F.);
#12455=ORIENTED_EDGE('',*,*,#12454,.T.);
#12457=ORIENTED_EDGE('',*,*,#12456,.F.);
#12459=ORIENTED_EDGE('',*,*,#12458,.F.);
#12461=ORIENTED_EDGE('',*,*,#12460,.T.);
#12463=ORIENTED_EDGE('',*,*,#12462,.F.);
#12465=ORIENTED_EDGE('',*,*,#12464,.F.);
#12466=EDGE_LOOP('',(#12443,#12445,#12447,#12449,#12451,#12453,#12455,#12457,
#12459,#12461,#12463,#12465));
#12467=FACE_OUTER_BOUND('',#12466,.F.);
#12468=ADVANCED_FACE('',(#12467),#12442,.F.);
#12469=CARTESIAN_POINT('',(-3.432039055637E1,-2.301511135113E1,
6.808718678835E1));
#12470=CARTESIAN_POINT('',(-3.428428993658E1,-2.301512334995E1,
6.808161789797E1));
#12471=CARTESIAN_POINT('',(-3.410348181986E1,-2.301520574169E1,
6.804987000717E1));
#12472=CARTESIAN_POINT('',(-3.378306744050E1,-2.301512961130E1,
6.795788662330E1));
#12473=CARTESIAN_POINT('',(-3.338277873728E1,-2.301515723929E1,
6.776515699835E1));
#12474=CARTESIAN_POINT('',(-3.302020171455E1,-2.301514959405E1,
6.750744550980E1));
#12475=CARTESIAN_POINT('',(-3.270633825198E1,-2.301515171217E1,
6.719242128326E1));
#12476=CARTESIAN_POINT('',(-3.244999043921E1,-2.301515114397E1,
6.682897403985E1));
#12477=CARTESIAN_POINT('',(-3.225854179538E1,-2.301515108619E1,
6.642756138936E1));
#12478=CARTESIAN_POINT('',(-3.213746549515E1,-2.301515161412E1,
6.599963718364E1));
#12479=CARTESIAN_POINT('',(-3.209020526175E1,-2.301515106412E1,
6.555740594077E1));
#12480=CARTESIAN_POINT('',(-3.211811396587E1,-2.301515107419E1,
6.511354801909E1));
#12481=CARTESIAN_POINT('',(-3.222041725388E1,-2.301515158840E1,
6.468073055623E1));
#12482=CARTESIAN_POINT('',(-3.239416797912E1,-2.301515105266E1,
6.427133167444E1));
#12483=CARTESIAN_POINT('',(-3.263439240100E1,-2.301515135874E1,
6.389706798740E1));
#12484=CARTESIAN_POINT('',(-3.293426382049E1,-2.301515103561E1,
6.356860794294E1));
#12485=CARTESIAN_POINT('',(-3.328519154618E1,-2.301515189407E1,
6.329536394906E1));
#12486=CARTESIAN_POINT('',(-3.367701095048E1,-2.301514875133E1,
6.308517464303E1));
#12487=CARTESIAN_POINT('',(-3.402867998890E1,-2.301515917690E1,
6.296748206198E1));
#12488=CARTESIAN_POINT('',(-3.424575624632E1,-2.301514278144E1,
6.292437414768E1));
#12489=CARTESIAN_POINT('',(-3.431848649542E1,-2.301506438993E1,
6.291315008179E1));
#12490=CARTESIAN_POINT('',(-3.445293827949E1,-2.293827271107E1,
6.722828550585E1));
#12491=CARTESIAN_POINT('',(-3.442886356693E1,-2.293828425763E1,
6.722457011545E1));
#12492=CARTESIAN_POINT('',(-3.430829373484E1,-2.293836327008E1,
6.720339973155E1));
#12493=CARTESIAN_POINT('',(-3.409405014792E1,-2.293829025708E1,
6.714191735454E1));
#12494=CARTESIAN_POINT('',(-3.382671774218E1,-2.293831676817E1,
6.701318120986E1));
#12495=CARTESIAN_POINT('',(-3.358448999077E1,-2.293830942235E1,
6.684102088144E1));
#12496=CARTESIAN_POINT('',(-3.337482879665E1,-2.293831146023E1,
6.663058108760E1));
#12497=CARTESIAN_POINT('',(-3.320357692095E1,-2.293831091352E1,
6.638778371612E1));
#12498=CARTESIAN_POINT('',(-3.307568711127E1,-2.293831084998E1,
6.611963324126E1));
#12499=CARTESIAN_POINT('',(-3.299480506634E1,-2.293831137946E1,
6.583377110578E1));
#12500=CARTESIAN_POINT('',(-3.296323392150E1,-2.293831082903E1,
6.553834806619E1));
#12501=CARTESIAN_POINT('',(-3.298187744650E1,-2.293831083928E1,
6.524184156841E1));
#12502=CARTESIAN_POINT('',(-3.305021920731E1,-2.293831135320E1,
6.495270637099E1));
#12503=CARTESIAN_POINT('',(-3.316628855213E1,-2.293831081841E1,
6.467922021052E1));
#12504=CARTESIAN_POINT('',(-3.332676182530E1,-2.293831112096E1,
6.442920550389E1));
#12505=CARTESIAN_POINT('',(-3.352708741547E1,-2.293831081101E1,
6.420978143321E1));
#12506=CARTESIAN_POINT('',(-3.376151424052E1,-2.293831162033E1,
6.402725015552E1));
#12507=CARTESIAN_POINT('',(-3.402325516297E1,-2.293830866102E1,
6.388683949964E1));
#12508=CARTESIAN_POINT('',(-3.425818709096E1,-2.293831851632E1,
6.380821599961E1));
#12509=CARTESIAN_POINT('',(-3.440318670738E1,-2.293830299271E1,
6.377942155810E1));
#12510=CARTESIAN_POINT('',(-3.445176471478E1,-2.293822865165E1,
6.377192436264E1));
#12511=CARTESIAN_POINT('',(-3.453899795210E1,-2.227193127861E1,
6.667172673974E1));
#12512=CARTESIAN_POINT('',(-3.452265540953E1,-2.227193890319E1,
6.666920544824E1));
#12513=CARTESIAN_POINT('',(-3.444080588203E1,-2.227198861058E1,
6.665483364255E1));
#12514=CARTESIAN_POINT('',(-3.429565581257E1,-2.227194263141E1,
6.661316837097E1));
#12515=CARTESIAN_POINT('',(-3.411437856636E1,-2.227195945682E1,
6.652588375442E1));
#12516=CARTESIAN_POINT('',(-3.395016530710E1,-2.227195470754E1,
6.640916641826E1));
#12517=CARTESIAN_POINT('',(-3.380801866744E1,-2.227195604957E1,
6.626649350808E1));
#12518=CARTESIAN_POINT('',(-3.369191849063E1,-2.227195568925E1,
6.610188820266E1));
#12519=CARTESIAN_POINT('',(-3.360521236305E1,-2.227195557573E1,
6.592009000963E1));
#12520=CARTESIAN_POINT('',(-3.355037720783E1,-2.227195611865E1,
6.572628457452E1));
#12521=CARTESIAN_POINT('',(-3.352897314652E1,-2.227195556447E1,
6.552599890842E1));
#12522=CARTESIAN_POINT('',(-3.354161289403E1,-2.227195557627E1,
6.532497709131E1));
#12523=CARTESIAN_POINT('',(-3.358794589882E1,-2.227195608774E1,
6.512895476066E1));
#12524=CARTESIAN_POINT('',(-3.366663707189E1,-2.227195556122E1,
6.494353950284E1));
#12525=CARTESIAN_POINT('',(-3.377543362882E1,-2.227195583315E1,
6.477403693180E1));
#12526=CARTESIAN_POINT('',(-3.391124533321E1,-2.227195563739E1,
6.462527741236E1));
#12527=CARTESIAN_POINT('',(-3.407017930622E1,-2.227195602062E1,
6.450152635720E1));
#12528=CARTESIAN_POINT('',(-3.424763256115E1,-2.227195465203E1,
6.440633234549E1));
#12529=CARTESIAN_POINT('',(-3.440690402462E1,-2.227195956204E1,
6.435302933775E1));
#12530=CARTESIAN_POINT('',(-3.450521504691E1,-2.227195159897E1,
6.433350635614E1));
#12531=CARTESIAN_POINT('',(-3.453815304097E1,-2.227191238332E1,
6.432842314029E1));
#12532=CARTESIAN_POINT('',(-3.452869948048E1,-2.140222040367E1,
6.674002668114E1));
#12533=CARTESIAN_POINT('',(-3.451131471173E1,-2.140222290926E1,
6.673734812778E1));
#12534=CARTESIAN_POINT('',(-3.442422976110E1,-2.140223436759E1,
6.672205631297E1));
#12535=CARTESIAN_POINT('',(-3.427105743426E1,-2.140222367308E1,
6.667804057511E1));
#12536=CARTESIAN_POINT('',(-3.407906673117E1,-2.140222785670E1,6.658564509E1));
#12537=CARTESIAN_POINT('',(-3.390532513430E1,-2.140222649643E1,
6.646213432192E1));
#12538=CARTESIAN_POINT('',(-3.375488181701E1,-2.140222693023E1,
6.631114100788E1));
#12539=CARTESIAN_POINT('',(-3.363202964409E1,-2.140222681319E1,
6.613695901103E1));
#12540=CARTESIAN_POINT('',(-3.354026681417E1,-2.140222663445E1,
6.594456355036E1));
#12541=CARTESIAN_POINT('',(-3.348223746041E1,-2.140222719490E1,
6.573946417803E1));
#12542=CARTESIAN_POINT('',(-3.345958682833E1,-2.140222663583E1,
6.552751459107E1));
#12543=CARTESIAN_POINT('',(-3.347296328531E1,-2.140222664966E1,
6.531477898832E1));
#12544=CARTESIAN_POINT('',(-3.352199399922E1,-2.140222715793E1,
6.510734282788E1));
#12545=CARTESIAN_POINT('',(-3.360527021408E1,-2.140222664218E1,
6.491112108728E1));
#12546=CARTESIAN_POINT('',(-3.372041025165E1,-2.140222687417E1,
6.473173841518E1));
#12547=CARTESIAN_POINT('',(-3.386412469620E1,-2.140222682745E1,
6.457432313762E1));
#12548=CARTESIAN_POINT('',(-3.403232066950E1,-2.140222665453E1,
6.444335768774E1));
#12549=CARTESIAN_POINT('',(-3.422012031860E1,-2.140222736217E1,
6.434261604997E1));
#12550=CARTESIAN_POINT('',(-3.438865189571E1,-2.140222581755E1,
6.428621215789E1));
#12551=CARTESIAN_POINT('',(-3.449271760455E1,-2.140222772254E1,
6.426554597242E1));
#12552=CARTESIAN_POINT('',(-3.452759093123E1,-2.140223435268E1,
6.426016498588E1));
#12553=(BOUNDED_SURFACE()B_SPLINE_SURFACE(3,3,((#12469,#12470,#12471,#12472,
#12473,#12474,#12475,#12476,#12477,#12478,#12479,#12480,#12481,#12482,#12483,
#12484,#12485,#12486,#12487,#12488,#12489),(#12490,#12491,#12492,#12493,#12494,
#12495,#12496,#12497,#12498,#12499,#12500,#12501,#12502,#12503,#12504,#12505,
#12506,#12507,#12508,#12509,#12510),(#12511,#12512,#12513,#12514,#12515,#12516,
#12517,#12518,#12519,#12520,#12521,#12522,#12523,#12524,#12525,#12526,#12527,
#12528,#12529,#12530,#12531),(#12532,#12533,#12534,#12535,#12536,#12537,#12538,
#12539,#12540,#12541,#12542,#12543,#12544,#12545,#12546,#12547,#12548,#12549,
#12550,#12551,#12552)),.UNSPECIFIED.,.F.,.F.,.F.)B_SPLINE_SURFACE_WITH_KNOTS((4,
4),(4,1,1,1,1,1,1,1,1,1,1,1,1,1,1,1,1,1,4),(0.E0,1.E0),(1.769759381910E-1,
1.895330864225E-1,2.400767559975E-1,2.907537516394E-1,3.414048910497E-1,
3.920806973526E-1,4.427256657192E-1,4.933886869249E-1,5.440630750791E-1,
5.947036620738E-1,6.453745602262E-1,6.960450578146E-1,7.466858612599E-1,
7.973613330160E-1,8.480250191276E-1,8.986718586844E-1,9.493479429766E-1,1.E0,
1.025315272341E0),.UNSPECIFIED.)GEOMETRIC_REPRESENTATION_ITEM()RATIONAL_B_SPLINE_SURFACE(((1.169413769883E0,1.169413769883E0,1.169413769883E0,1.169413769883E0,
1.169413769883E0,1.169413769883E0,1.169413769883E0,1.169413769883E0,
1.169413769883E0,1.169413769883E0,1.169413769883E0,1.169413769883E0,
1.169413769883E0,1.169413769883E0,1.169413769883E0,1.169413769883E0,
1.169413769883E0,1.169413769883E0,1.169413769883E0,1.169413769883E0,
1.169413769883E0),(9.435287433722E-1,9.435287433722E-1,9.435287433722E-1,
9.435287433722E-1,9.435287433722E-1,9.435287433722E-1,9.435287433722E-1,
9.435287433722E-1,9.435287433722E-1,9.435287433722E-1,9.435287433722E-1,
9.435287433722E-1,9.435287433722E-1,9.435287433722E-1,9.435287433722E-1,
9.435287433722E-1,9.435287433722E-1,9.435287433722E-1,9.435287433722E-1,
9.435287433722E-1,9.435287433722E-1),(9.435287433722E-1,9.435287433722E-1,
9.435287433722E-1,9.435287433722E-1,9.435287433722E-1,9.435287433722E-1,
9.435287433722E-1,9.435287433722E-1,9.435287433722E-1,9.435287433722E-1,
9.435287433722E-1,9.435287433722E-1,9.435287433722E-1,9.435287433722E-1,
9.435287433722E-1,9.435287433722E-1,9.435287433722E-1,9.435287433722E-1,
9.435287433722E-1,9.435287433722E-1,9.435287433722E-1),(1.169413769883E0,
1.169413769883E0,1.169413769883E0,1.169413769883E0,1.169413769883E0,
1.169413769883E0,1.169413769883E0,1.169413769883E0,1.169413769883E0,
1.169413769883E0,1.169413769883E0,1.169413769883E0,1.169413769883E0,
1.169413769883E0,1.169413769883E0,1.169413769883E0,1.169413769883E0,
1.169413769883E0,1.169413769883E0,1.169413769883E0,1.169413769883E0)))REPRESENTATION_ITEM('')SURFACE());
#12555=ORIENTED_EDGE('',*,*,#12554,.T.);
#12556=ORIENTED_EDGE('',*,*,#12444,.T.);
#12557=ORIENTED_EDGE('',*,*,#11560,.T.);
#12558=ORIENTED_EDGE('',*,*,#12464,.T.);
#12559=EDGE_LOOP('',(#12555,#12556,#12557,#12558));
#12560=FACE_OUTER_BOUND('',#12559,.F.);
#12561=ADVANCED_FACE('',(#12560),#12553,.F.);
#12562=CARTESIAN_POINT('',(-3.472E1,-2.3E1,6.55E1));
#12563=DIRECTION('',(0.E0,1.E0,0.E0));
#12564=DIRECTION('',(0.E0,0.E0,1.E0));
#12565=AXIS2_PLACEMENT_3D('',#12562,#12563,#12564);
#12566=CYLINDRICAL_SURFACE('',#12565,1.25E0);
#12567=ORIENTED_EDGE('',*,*,#12462,.T.);
#12569=ORIENTED_EDGE('',*,*,#12568,.F.);
#12570=ORIENTED_EDGE('',*,*,#12446,.F.);
#12571=ORIENTED_EDGE('',*,*,#12554,.F.);
#12572=EDGE_LOOP('',(#12567,#12569,#12570,#12571));
#12573=FACE_OUTER_BOUND('',#12572,.F.);
#12574=ADVANCED_FACE('',(#12573),#12566,.T.);
#12575=CARTESIAN_POINT('',(-3.472E1,-1.936397004600E1,6.55E1));
#12576=DIRECTION('',(0.E0,1.E0,0.E0));
#12577=DIRECTION('',(1.E0,0.E0,0.E0));
#12578=AXIS2_PLACEMENT_3D('',#12575,#12576,#12577);
#12579=CONICAL_SURFACE('',#12578,1.425E0,5.214157597172E1);
#12581=ORIENTED_EDGE('',*,*,#12580,.F.);
#12582=ORIENTED_EDGE('',*,*,#12358,.F.);
#12583=ORIENTED_EDGE('',*,*,#12341,.T.);
#12584=ORIENTED_EDGE('',*,*,#12370,.F.);
#12585=EDGE_LOOP('',(#12581,#12582,#12583,#12584));
#12586=FACE_OUTER_BOUND('',#12585,.F.);
#12587=ADVANCED_FACE('',(#12586),#12579,.T.);
#12588=CARTESIAN_POINT('',(-3.472E1,-1.936397004600E1,6.55E1));
#12589=DIRECTION('',(0.E0,1.E0,0.E0));
#12590=DIRECTION('',(1.E0,0.E0,0.E0));
#12591=AXIS2_PLACEMENT_3D('',#12588,#12589,#12590);
#12592=CONICAL_SURFACE('',#12591,1.425E0,5.214157597172E1);
#12593=ORIENTED_EDGE('',*,*,#12568,.T.);
#12594=ORIENTED_EDGE('',*,*,#12460,.F.);
#12596=ORIENTED_EDGE('',*,*,#12595,.F.);
#12597=ORIENTED_EDGE('',*,*,#12448,.F.);
#12598=EDGE_LOOP('',(#12593,#12594,#12596,#12597));
#12599=FACE_OUTER_BOUND('',#12598,.F.);
#12600=ADVANCED_FACE('',(#12599),#12592,.T.);
#12601=CARTESIAN_POINT('',(-3.472E1,0.E0,6.55E1));
#12602=DIRECTION('',(0.E0,1.E0,0.E0));
#12603=DIRECTION('',(1.E0,0.E0,0.E0));
#12604=AXIS2_PLACEMENT_3D('',#12601,#12602,#12603);
#12605=CYLINDRICAL_SURFACE('',#12604,1.6E0);
#12607=ORIENTED_EDGE('',*,*,#12606,.F.);
#12608=ORIENTED_EDGE('',*,*,#12360,.F.);
#12609=ORIENTED_EDGE('',*,*,#12580,.T.);
#12610=ORIENTED_EDGE('',*,*,#12368,.T.);
#12611=EDGE_LOOP('',(#12607,#12608,#12609,#12610));
#12612=FACE_OUTER_BOUND('',#12611,.F.);
#12613=ADVANCED_FACE('',(#12612),#12605,.T.);
#12614=CARTESIAN_POINT('',(-3.472E1,0.E0,6.55E1));
#12615=DIRECTION('',(0.E0,1.E0,0.E0));
#12616=DIRECTION('',(1.E0,0.E0,0.E0));
#12617=AXIS2_PLACEMENT_3D('',#12614,#12615,#12616);
#12618=CYLINDRICAL_SURFACE('',#12617,1.6E0);
#12619=ORIENTED_EDGE('',*,*,#12595,.T.);
#12620=ORIENTED_EDGE('',*,*,#12458,.T.);
#12622=ORIENTED_EDGE('',*,*,#12621,.F.);
#12623=ORIENTED_EDGE('',*,*,#12450,.F.);
#12624=EDGE_LOOP('',(#12619,#12620,#12622,#12623));
#12625=FACE_OUTER_BOUND('',#12624,.F.);
#12626=ADVANCED_FACE('',(#12625),#12618,.T.);
#12627=CARTESIAN_POINT('',(-3.472E1,-1.766369272002E1,6.55E1));
#12628=DIRECTION('',(0.E0,-1.E0,0.E0));
#12629=DIRECTION('',(-1.E0,0.E0,0.E0));
#12630=AXIS2_PLACEMENT_3D('',#12627,#12628,#12629);
#12631=CONICAL_SURFACE('',#12630,1.425E0,4.691211339862E1);
#12633=ORIENTED_EDGE('',*,*,#12632,.T.);
#12634=ORIENTED_EDGE('',*,*,#12362,.T.);
#12635=ORIENTED_EDGE('',*,*,#12606,.T.);
#12636=ORIENTED_EDGE('',*,*,#12366,.T.);
#12637=EDGE_LOOP('',(#12633,#12634,#12635,#12636));
#12638=FACE_OUTER_BOUND('',#12637,.F.);
#12639=ADVANCED_FACE('',(#12638),#12631,.T.);
#12640=CARTESIAN_POINT('',(-3.472E1,-1.766369272002E1,6.55E1));
#12641=DIRECTION('',(0.E0,-1.E0,0.E0));
#12642=DIRECTION('',(-1.E0,0.E0,0.E0));
#12643=AXIS2_PLACEMENT_3D('',#12640,#12641,#12642);
#12644=CONICAL_SURFACE('',#12643,1.425E0,4.691211339862E1);
#12645=ORIENTED_EDGE('',*,*,#12621,.T.);
#12646=ORIENTED_EDGE('',*,*,#12456,.T.);
#12648=ORIENTED_EDGE('',*,*,#12647,.T.);
#12649=ORIENTED_EDGE('',*,*,#12452,.T.);
#12650=EDGE_LOOP('',(#12645,#12646,#12648,#12649));
#12651=FACE_OUTER_BOUND('',#12650,.F.);
#12652=ADVANCED_FACE('',(#12651),#12644,.T.);
#12653=CARTESIAN_POINT('',(0.E0,-1.75E1,0.E0));
#12654=DIRECTION('',(0.E0,1.E0,0.E0));
#12655=DIRECTION('',(0.E0,0.E0,1.E0));
#12656=AXIS2_PLACEMENT_3D('',#12653,#12654,#12655);
#12657=PLANE('',#12656);
#12658=ORIENTED_EDGE('',*,*,#12364,.T.);
#12659=ORIENTED_EDGE('',*,*,#12632,.F.);
#12660=EDGE_LOOP('',(#12658,#12659));
#12661=FACE_OUTER_BOUND('',#12660,.F.);
#12662=ADVANCED_FACE('',(#12661),#12657,.T.);
#12663=CARTESIAN_POINT('',(0.E0,-1.75E1,0.E0));
#12664=DIRECTION('',(0.E0,1.E0,0.E0));
#12665=DIRECTION('',(0.E0,0.E0,1.E0));
#12666=AXIS2_PLACEMENT_3D('',#12663,#12664,#12665);
#12667=PLANE('',#12666);
#12668=ORIENTED_EDGE('',*,*,#12454,.F.);
#12669=ORIENTED_EDGE('',*,*,#12647,.F.);
#12670=EDGE_LOOP('',(#12668,#12669));
#12671=FACE_OUTER_BOUND('',#12670,.F.);
#12672=ADVANCED_FACE('',(#12671),#12667,.T.);
#12673=CARTESIAN_POINT('',(0.E0,-1.75E1,0.E0));
#12674=DIRECTION('',(0.E0,1.E0,0.E0));
#12675=DIRECTION('',(0.E0,0.E0,1.E0));
#12676=AXIS2_PLACEMENT_3D('',#12673,#12674,#12675);
#12677=PLANE('',#12676);
#12679=ORIENTED_EDGE('',*,*,#12678,.T.);
#12681=ORIENTED_EDGE('',*,*,#12680,.F.);
#12682=EDGE_LOOP('',(#12679,#12681));
#12683=FACE_OUTER_BOUND('',#12682,.F.);
#12684=ADVANCED_FACE('',(#12683),#12677,.T.);
#12685=CARTESIAN_POINT('',(0.E0,-1.75E1,0.E0));
#12686=DIRECTION('',(0.E0,1.E0,0.E0));
#12687=DIRECTION('',(0.E0,0.E0,1.E0));
#12688=AXIS2_PLACEMENT_3D('',#12685,#12686,#12687);
#12689=PLANE('',#12688);
#12691=ORIENTED_EDGE('',*,*,#12690,.F.);
#12693=ORIENTED_EDGE('',*,*,#12692,.F.);
#12694=EDGE_LOOP('',(#12691,#12693));
#12695=FACE_OUTER_BOUND('',#12694,.F.);
#12696=ADVANCED_FACE('',(#12695),#12689,.T.);
#12697=CARTESIAN_POINT('',(-5.22E0,-1.75E1,6.305051025722E1));
#12698=DIRECTION('',(-1.E0,0.E0,0.E0));
#12699=DIRECTION('',(0.E0,0.E0,1.E0));
#12700=AXIS2_PLACEMENT_3D('',#12697,#12698,#12699);
#12701=PLANE('',#12700);
#12702=ORIENTED_EDGE('',*,*,#12397,.T.);
#12704=ORIENTED_EDGE('',*,*,#12703,.F.);
#12706=ORIENTED_EDGE('',*,*,#12705,.T.);
#12708=ORIENTED_EDGE('',*,*,#12707,.T.);
#12710=ORIENTED_EDGE('',*,*,#12709,.T.);
#12712=ORIENTED_EDGE('',*,*,#12711,.F.);
#12713=ORIENTED_EDGE('',*,*,#12678,.F.);
#12715=ORIENTED_EDGE('',*,*,#12714,.F.);
#12717=ORIENTED_EDGE('',*,*,#12716,.F.);
#12719=ORIENTED_EDGE('',*,*,#12718,.T.);
#12721=ORIENTED_EDGE('',*,*,#12720,.F.);
#12723=ORIENTED_EDGE('',*,*,#12722,.F.);
#12724=EDGE_LOOP('',(#12702,#12704,#12706,#12708,#12710,#12712,#12713,#12715,
#12717,#12719,#12721,#12723));
#12725=FACE_OUTER_BOUND('',#12724,.F.);
#12726=ADVANCED_FACE('',(#12725),#12701,.F.);
#12727=CARTESIAN_POINT('',(-5.119609443626E0,-2.301511135113E1,
6.291281321165E1));
#12728=CARTESIAN_POINT('',(-5.155710063630E0,-2.301512334995E1,
6.291838210207E1));
#12729=CARTESIAN_POINT('',(-5.336518180544E0,-2.301520574169E1,
6.295012999292E1));
#12730=CARTESIAN_POINT('',(-5.656932560058E0,-2.301512961130E1,
6.304211337692E1));
#12731=CARTESIAN_POINT('',(-6.057221263207E0,-2.301515723929E1,
6.323484300194E1));
#12732=CARTESIAN_POINT('',(-6.419798285843E0,-2.301514959405E1,
6.349255449054E1));
#12733=CARTESIAN_POINT('',(-6.733661748324E0,-2.301515171217E1,
6.380757871711E1));
#12734=CARTESIAN_POINT('',(-6.990009561014E0,-2.301515114397E1,
6.417102596053E1));
#12735=CARTESIAN_POINT('',(-7.181458204760E0,-2.301515108619E1,
6.457243861102E1));
#12736=CARTESIAN_POINT('',(-7.302534504915E0,-2.301515161412E1,
6.500036281672E1));
#12737=CARTESIAN_POINT('',(-7.349794738253E0,-2.301515106412E1,
6.544259405955E1));
#12738=CARTESIAN_POINT('',(-7.321886034089E0,-2.301515107419E1,
6.588645198119E1));
#12739=CARTESIAN_POINT('',(-7.219582746043E0,-2.301515158840E1,
6.631926944400E1));
#12740=CARTESIAN_POINT('',(-7.045832020782E0,-2.301515105266E1,
6.672866832573E1));
#12741=CARTESIAN_POINT('',(-6.805607598896E0,-2.301515135874E1,
6.710293201273E1));
#12742=CARTESIAN_POINT('',(-6.505736179416E0,-2.301515103561E1,
6.743139205714E1));
#12743=CARTESIAN_POINT('',(-6.154808453756E0,-2.301515189407E1,
6.770463605099E1));
#12744=CARTESIAN_POINT('',(-5.762989049485E0,-2.301514875133E1,
6.791482535698E1));
#12745=CARTESIAN_POINT('',(-5.411320011090E0,-2.301515917690E1,
6.803251793803E1));
#12746=CARTESIAN_POINT('',(-5.194243753682E0,-2.301514278144E1,
6.807562585232E1));
#12747=CARTESIAN_POINT('',(-5.121513504580E0,-2.301506438993E1,
6.808684991821E1));
#12748=CARTESIAN_POINT('',(-4.987061720506E0,-2.293827271107E1,
6.377171449414E1));
#12749=CARTESIAN_POINT('',(-5.011136433207E0,-2.293828425763E1,
6.377542988457E1));
#12750=CARTESIAN_POINT('',(-5.131706265427E0,-2.293836327008E1,
6.379660026851E1));
#12751=CARTESIAN_POINT('',(-5.345949852457E0,-2.293829025708E1,
6.385808264561E1));
#12752=CARTESIAN_POINT('',(-5.613282258142E0,-2.293831676817E1,
6.398681879033E1));
#12753=CARTESIAN_POINT('',(-5.855510009493E0,-2.293830942235E1,
6.415897911878E1));
#12754=CARTESIAN_POINT('',(-6.065171203551E0,-2.293831146023E1,
6.436941891264E1));
#12755=CARTESIAN_POINT('',(-6.236423079200E0,-2.293831091352E1,
6.461221628413E1));
#12756=CARTESIAN_POINT('',(-6.364312888818E0,-2.293831084998E1,
6.488036675899E1));
#12757=CARTESIAN_POINT('',(-6.445194933702E0,-2.293831137946E1,
6.516622889446E1));
#12758=CARTESIAN_POINT('',(-6.476766078506E0,-2.293831082903E1,
6.546165193402E1));
#12759=CARTESIAN_POINT('',(-6.458122553466E0,-2.293831083928E1,
6.575815843178E1));
#12760=CARTESIAN_POINT('',(-6.389780792636E0,-2.293831135320E1,
6.604729362916E1));
#12761=CARTESIAN_POINT('',(-6.273711447804E0,-2.293831081841E1,
6.632077978960E1));
#12762=CARTESIAN_POINT('',(-6.113238174633E0,-2.293831112096E1,
6.657079449620E1));
#12763=CARTESIAN_POINT('',(-5.912912584468E0,-2.293831081101E1,
6.679021856684E1));
#12764=CARTESIAN_POINT('',(-5.678485759436E0,-2.293831162033E1,
6.697274984451E1));
#12765=CARTESIAN_POINT('',(-5.416744837009E0,-2.293830866102E1,
6.711316050037E1));
#12766=CARTESIAN_POINT('',(-5.181812909032E0,-2.293831851632E1,
6.719178400039E1));
#12767=CARTESIAN_POINT('',(-5.036813292622E0,-2.293830299271E1,
6.722057844190E1));
#12768=CARTESIAN_POINT('',(-4.988235285224E0,-2.293822865165E1,
6.722807563736E1));
#12769=CARTESIAN_POINT('',(-4.901002047900E0,-2.227193127861E1,
6.432827326026E1));
#12770=CARTESIAN_POINT('',(-4.917344590559E0,-2.227193890319E1,
6.433079455177E1));
#12771=CARTESIAN_POINT('',(-4.999194118153E0,-2.227198861058E1,
6.434516635749E1));
#12772=CARTESIAN_POINT('',(-5.144344187689E0,-2.227194263141E1,
6.438683162913E1));
#12773=CARTESIAN_POINT('',(-5.325621433857E0,-2.227195945682E1,
6.447411624571E1));
#12774=CARTESIAN_POINT('',(-5.489834693079E0,-2.227195470754E1,
6.459083358190E1));
#12775=CARTESIAN_POINT('',(-5.631981332702E0,-2.227195604957E1,
6.473350649209E1));
#12776=CARTESIAN_POINT('',(-5.748081509469E0,-2.227195568925E1,
6.489811179752E1));
#12777=CARTESIAN_POINT('',(-5.834787637010E0,-2.227195557573E1,
6.507990999054E1));
#12778=CARTESIAN_POINT('',(-5.889622792201E0,-2.227195611865E1,
6.527371542564E1));
#12779=CARTESIAN_POINT('',(-5.911026853486E0,-2.227195556447E1,
6.547400109172E1));
#12780=CARTESIAN_POINT('',(-5.898387105949E0,-2.227195557627E1,
6.567502290882E1));
#12781=CARTESIAN_POINT('',(-5.852054101140E0,-2.227195608774E1,
6.587104523944E1));
#12782=CARTESIAN_POINT('',(-5.773362928062E0,-2.227195556122E1,
6.605646049724E1));
#12783=CARTESIAN_POINT('',(-5.664566371135E0,-2.227195583315E1,
6.622596306826E1));
#12784=CARTESIAN_POINT('',(-5.528754666754E0,-2.227195563739E1,
6.637472258768E1));
#12785=CARTESIAN_POINT('',(-5.369820693748E0,-2.227195602062E1,
6.649847364281E1));
#12786=CARTESIAN_POINT('',(-5.192367438836E0,-2.227195465203E1,
6.659366765452E1));
#12787=CARTESIAN_POINT('',(-5.033095975376E0,-2.227195956204E1,
6.664697066225E1));
#12788=CARTESIAN_POINT('',(-4.934784953095E0,-2.227195159897E1,
6.666649364386E1));
#12789=CARTESIAN_POINT('',(-4.901846959027E0,-2.227191238332E1,
6.667157685971E1));
#12790=CARTESIAN_POINT('',(-4.911300519514E0,-2.140222040367E1,
6.425997331886E1));
#12791=CARTESIAN_POINT('',(-4.928685288368E0,-2.140222290926E1,
6.426265187224E1));
#12792=CARTESIAN_POINT('',(-5.015770239092E0,-2.140223436760E1,
6.427794368707E1));
#12793=CARTESIAN_POINT('',(-5.168942566010E0,-2.140222367308E1,
6.432195942500E1));
#12794=CARTESIAN_POINT('',(-5.360933269056E0,-2.140222785670E1,
6.441435491013E1));
#12795=CARTESIAN_POINT('',(-5.534674865894E0,-2.140222649643E1,
6.453786567824E1));
#12796=CARTESIAN_POINT('',(-5.685118183140E0,-2.140222693023E1,
6.468885899230E1));
#12797=CARTESIAN_POINT('',(-5.807970356011E0,-2.140222681319E1,
6.486304098915E1));
#12798=CARTESIAN_POINT('',(-5.899733185892E0,-2.140222663445E1,
6.505543644982E1));
#12799=CARTESIAN_POINT('',(-5.957762539618E0,-2.140222719490E1,
6.526053582214E1));
#12800=CARTESIAN_POINT('',(-5.980413171677E0,-2.140222663583E1,
6.547248540908E1));
#12801=CARTESIAN_POINT('',(-5.967036714666E0,-2.140222664966E1,
6.568522101181E1));
#12802=CARTESIAN_POINT('',(-5.918006000743E0,-2.140222715793E1,
6.589265717222E1));
#12803=CARTESIAN_POINT('',(-5.834729785870E0,-2.140222664218E1,
6.608887891281E1));
#12804=CARTESIAN_POINT('',(-5.719589748303E0,-2.140222687417E1,
6.626826158488E1));
#12805=CARTESIAN_POINT('',(-5.575875303757E0,-2.140222682745E1,
6.642567686242E1));
#12806=CARTESIAN_POINT('',(-5.407679330467E0,-2.140222665453E1,
6.655664231228E1));
#12807=CARTESIAN_POINT('',(-5.219879681379E0,-2.140222736217E1,
6.665738395004E1));
#12808=CARTESIAN_POINT('',(-5.051348104282E0,-2.140222581755E1,
6.671378784211E1));
#12809=CARTESIAN_POINT('',(-4.947282395448E0,-2.140222772254E1,
6.673445402758E1));
#12810=CARTESIAN_POINT('',(-4.912409068773E0,-2.140223435268E1,
6.673983501412E1));
#12811=(BOUNDED_SURFACE()B_SPLINE_SURFACE(3,3,((#12727,#12728,#12729,#12730,
#12731,#12732,#12733,#12734,#12735,#12736,#12737,#12738,#12739,#12740,#12741,
#12742,#12743,#12744,#12745,#12746,#12747),(#12748,#12749,#12750,#12751,#12752,
#12753,#12754,#12755,#12756,#12757,#12758,#12759,#12760,#12761,#12762,#12763,
#12764,#12765,#12766,#12767,#12768),(#12769,#12770,#12771,#12772,#12773,#12774,
#12775,#12776,#12777,#12778,#12779,#12780,#12781,#12782,#12783,#12784,#12785,
#12786,#12787,#12788,#12789),(#12790,#12791,#12792,#12793,#12794,#12795,#12796,
#12797,#12798,#12799,#12800,#12801,#12802,#12803,#12804,#12805,#12806,#12807,
#12808,#12809,#12810)),.UNSPECIFIED.,.F.,.F.,.F.)B_SPLINE_SURFACE_WITH_KNOTS((4,
4),(4,1,1,1,1,1,1,1,1,1,1,1,1,1,1,1,1,1,4),(0.E0,1.E0),(1.769759381283E-1,
1.895330864348E-1,2.400767560085E-1,2.907537516500E-1,3.414048910594E-1,
3.920806973617E-1,4.427256657274E-1,4.933886869324E-1,5.440630750858E-1,
5.947036620798E-1,6.453745602316E-1,6.960450578192E-1,7.466858612636E-1,
7.973613330189E-1,8.480250191298E-1,8.986718586859E-1,9.493479429774E-1,1.E0,
1.025315272343E0),.UNSPECIFIED.)GEOMETRIC_REPRESENTATION_ITEM()RATIONAL_B_SPLINE_SURFACE(((1.169413769883E0,1.169413769883E0,1.169413769883E0,1.169413769883E0,
1.169413769883E0,1.169413769883E0,1.169413769883E0,1.169413769883E0,
1.169413769883E0,1.169413769883E0,1.169413769883E0,1.169413769883E0,
1.169413769883E0,1.169413769883E0,1.169413769883E0,1.169413769883E0,
1.169413769883E0,1.169413769883E0,1.169413769883E0,1.169413769883E0,
1.169413769883E0),(9.435287433722E-1,9.435287433722E-1,9.435287433722E-1,
9.435287433722E-1,9.435287433722E-1,9.435287433722E-1,9.435287433722E-1,
9.435287433722E-1,9.435287433722E-1,9.435287433722E-1,9.435287433722E-1,
9.435287433722E-1,9.435287433722E-1,9.435287433722E-1,9.435287433722E-1,
9.435287433722E-1,9.435287433722E-1,9.435287433722E-1,9.435287433722E-1,
9.435287433722E-1,9.435287433722E-1),(9.435287433722E-1,9.435287433722E-1,
9.435287433722E-1,9.435287433722E-1,9.435287433722E-1,9.435287433722E-1,
9.435287433722E-1,9.435287433722E-1,9.435287433722E-1,9.435287433722E-1,
9.435287433722E-1,9.435287433722E-1,9.435287433722E-1,9.435287433722E-1,
9.435287433722E-1,9.435287433722E-1,9.435287433722E-1,9.435287433722E-1,
9.435287433722E-1,9.435287433722E-1,9.435287433722E-1),(1.169413769883E0,
1.169413769883E0,1.169413769883E0,1.169413769883E0,1.169413769883E0,
1.169413769883E0,1.169413769883E0,1.169413769883E0,1.169413769883E0,
1.169413769883E0,1.169413769883E0,1.169413769883E0,1.169413769883E0,
1.169413769883E0,1.169413769883E0,1.169413769883E0,1.169413769883E0,
1.169413769883E0,1.169413769883E0,1.169413769883E0,1.169413769883E0)))REPRESENTATION_ITEM('')SURFACE());
#12813=ORIENTED_EDGE('',*,*,#12812,.T.);
#12814=ORIENTED_EDGE('',*,*,#12703,.T.);
#12815=ORIENTED_EDGE('',*,*,#11450,.T.);
#12816=ORIENTED_EDGE('',*,*,#12722,.T.);
#12817=EDGE_LOOP('',(#12813,#12814,#12815,#12816));
#12818=FACE_OUTER_BOUND('',#12817,.F.);
#12819=ADVANCED_FACE('',(#12818),#12811,.F.);
#12820=CARTESIAN_POINT('',(-4.72E0,-2.3E1,6.55E1));
#12821=DIRECTION('',(0.E0,1.E0,0.E0));
#12822=DIRECTION('',(0.E0,0.E0,1.E0));
#12823=AXIS2_PLACEMENT_3D('',#12820,#12821,#12822);
#12824=CYLINDRICAL_SURFACE('',#12823,1.25E0);
#12825=ORIENTED_EDGE('',*,*,#12720,.T.);
#12827=ORIENTED_EDGE('',*,*,#12826,.F.);
#12828=ORIENTED_EDGE('',*,*,#12705,.F.);
#12829=ORIENTED_EDGE('',*,*,#12812,.F.);
#12830=EDGE_LOOP('',(#12825,#12827,#12828,#12829));
#12831=FACE_OUTER_BOUND('',#12830,.F.);
#12832=ADVANCED_FACE('',(#12831),#12824,.T.);
#12833=CARTESIAN_POINT('',(-4.72E0,-1.939163281203E1,6.55E1));
#12834=DIRECTION('',(0.E0,1.E0,0.E0));
#12835=DIRECTION('',(1.E0,0.E0,0.E0));
#12836=AXIS2_PLACEMENT_3D('',#12833,#12834,#12835);
#12837=CONICAL_SURFACE('',#12836,1.425E0,4.691211339862E1);
#12838=ORIENTED_EDGE('',*,*,#12826,.T.);
#12839=ORIENTED_EDGE('',*,*,#12718,.F.);
#12841=ORIENTED_EDGE('',*,*,#12840,.T.);
#12842=ORIENTED_EDGE('',*,*,#12707,.F.);
#12843=EDGE_LOOP('',(#12838,#12839,#12841,#12842));
#12844=FACE_OUTER_BOUND('',#12843,.F.);
#12845=ADVANCED_FACE('',(#12844),#12837,.T.);
#12846=CARTESIAN_POINT('',(-4.72E0,-1.939163281203E1,6.55E1));
#12847=DIRECTION('',(0.E0,1.E0,0.E0));
#12848=DIRECTION('',(1.E0,0.E0,0.E0));
#12849=AXIS2_PLACEMENT_3D('',#12846,#12847,#12848);
#12850=CONICAL_SURFACE('',#12849,1.425E0,4.691211339862E1);
#12852=ORIENTED_EDGE('',*,*,#12851,.T.);
#12854=ORIENTED_EDGE('',*,*,#12853,.F.);
#12856=ORIENTED_EDGE('',*,*,#12855,.T.);
#12858=ORIENTED_EDGE('',*,*,#12857,.F.);
#12859=EDGE_LOOP('',(#12852,#12854,#12856,#12858));
#12860=FACE_OUTER_BOUND('',#12859,.F.);
#12861=ADVANCED_FACE('',(#12860),#12850,.T.);
#12862=CARTESIAN_POINT('',(-4.72E0,0.E0,6.55E1));
#12863=DIRECTION('',(0.E0,1.E0,0.E0));
#12864=DIRECTION('',(1.E0,0.E0,0.E0));
#12865=AXIS2_PLACEMENT_3D('',#12862,#12863,#12864);
#12866=CYLINDRICAL_SURFACE('',#12865,1.6E0);
#12867=ORIENTED_EDGE('',*,*,#12840,.F.);
#12868=ORIENTED_EDGE('',*,*,#12716,.T.);
#12870=ORIENTED_EDGE('',*,*,#12869,.T.);
#12871=ORIENTED_EDGE('',*,*,#12709,.F.);
#12872=EDGE_LOOP('',(#12867,#12868,#12870,#12871));
#12873=FACE_OUTER_BOUND('',#12872,.F.);
#12874=ADVANCED_FACE('',(#12873),#12866,.T.);
#12875=CARTESIAN_POINT('',(-4.72E0,0.E0,6.55E1));
#12876=DIRECTION('',(0.E0,1.E0,0.E0));
#12877=DIRECTION('',(1.E0,0.E0,0.E0));
#12878=AXIS2_PLACEMENT_3D('',#12875,#12876,#12877);
#12879=CYLINDRICAL_SURFACE('',#12878,1.6E0);
#12881=ORIENTED_EDGE('',*,*,#12880,.T.);
#12883=ORIENTED_EDGE('',*,*,#12882,.F.);
#12884=ORIENTED_EDGE('',*,*,#12851,.F.);
#12886=ORIENTED_EDGE('',*,*,#12885,.T.);
#12887=EDGE_LOOP('',(#12881,#12883,#12884,#12886));
#12888=FACE_OUTER_BOUND('',#12887,.F.);
#12889=ADVANCED_FACE('',(#12888),#12879,.T.);
#12890=CARTESIAN_POINT('',(-4.72E0,-1.766369272002E1,6.55E1));
#12891=DIRECTION('',(0.E0,-1.E0,0.E0));
#12892=DIRECTION('',(-1.E0,0.E0,0.E0));
#12893=AXIS2_PLACEMENT_3D('',#12890,#12891,#12892);
#12894=CONICAL_SURFACE('',#12893,1.425E0,4.691211339862E1);
#12895=ORIENTED_EDGE('',*,*,#12869,.F.);
#12896=ORIENTED_EDGE('',*,*,#12714,.T.);
#12897=ORIENTED_EDGE('',*,*,#12680,.T.);
#12898=ORIENTED_EDGE('',*,*,#12711,.T.);
#12899=EDGE_LOOP('',(#12895,#12896,#12897,#12898));
#12900=FACE_OUTER_BOUND('',#12899,.F.);
#12901=ADVANCED_FACE('',(#12900),#12894,.T.);
#12902=CARTESIAN_POINT('',(-4.72E0,-1.766369272002E1,6.55E1));
#12903=DIRECTION('',(0.E0,-1.E0,0.E0));
#12904=DIRECTION('',(-1.E0,0.E0,0.E0));
#12905=AXIS2_PLACEMENT_3D('',#12902,#12903,#12904);
#12906=CONICAL_SURFACE('',#12905,1.425E0,4.691211339862E1);
#12907=ORIENTED_EDGE('',*,*,#12692,.T.);
#12909=ORIENTED_EDGE('',*,*,#12908,.T.);
#12910=ORIENTED_EDGE('',*,*,#12880,.F.);
#12912=ORIENTED_EDGE('',*,*,#12911,.T.);
#12913=EDGE_LOOP('',(#12907,#12909,#12910,#12912));
#12914=FACE_OUTER_BOUND('',#12913,.F.);
#12915=ADVANCED_FACE('',(#12914),#12906,.T.);
#12916=CARTESIAN_POINT('',(-4.22E0,-1.75E1,6.794948974278E1));
#12917=DIRECTION('',(1.E0,0.E0,0.E0));
#12918=DIRECTION('',(0.E0,0.E0,-1.E0));
#12919=AXIS2_PLACEMENT_3D('',#12916,#12917,#12918);
#12920=PLANE('',#12919);
#12921=ORIENTED_EDGE('',*,*,#12402,.T.);
#12923=ORIENTED_EDGE('',*,*,#12922,.F.);
#12925=ORIENTED_EDGE('',*,*,#12924,.F.);
#12927=ORIENTED_EDGE('',*,*,#12926,.T.);
#12928=ORIENTED_EDGE('',*,*,#12853,.T.);
#12929=ORIENTED_EDGE('',*,*,#12882,.T.);
#12930=ORIENTED_EDGE('',*,*,#12908,.F.);
#12931=ORIENTED_EDGE('',*,*,#12690,.T.);
#12932=ORIENTED_EDGE('',*,*,#12911,.F.);
#12933=ORIENTED_EDGE('',*,*,#12885,.F.);
#12934=ORIENTED_EDGE('',*,*,#12857,.T.);
#12936=ORIENTED_EDGE('',*,*,#12935,.F.);
#12938=ORIENTED_EDGE('',*,*,#12937,.F.);
#12940=ORIENTED_EDGE('',*,*,#12939,.F.);
#12941=EDGE_LOOP('',(#12921,#12923,#12925,#12927,#12928,#12929,#12930,#12931,
#12932,#12933,#12934,#12936,#12938,#12940));
#12942=FACE_OUTER_BOUND('',#12941,.F.);
#12943=ADVANCED_FACE('',(#12942),#12920,.F.);
#12944=CARTESIAN_POINT('',(-2.E0,-3.8E1,6.3E1));
#12945=DIRECTION('',(0.E0,0.E0,-1.E0));
#12946=DIRECTION('',(-1.E0,0.E0,0.E0));
#12947=AXIS2_PLACEMENT_3D('',#12944,#12945,#12946);
#12948=PLANE('',#12947);
#12949=ORIENTED_EDGE('',*,*,#12417,.T.);
#12951=ORIENTED_EDGE('',*,*,#12950,.F.);
#12952=ORIENTED_EDGE('',*,*,#12922,.T.);
#12953=ORIENTED_EDGE('',*,*,#12400,.T.);
#12954=ORIENTED_EDGE('',*,*,#11446,.F.);
#12955=ORIENTED_EDGE('',*,*,#9875,.F.);
#12957=ORIENTED_EDGE('',*,*,#12956,.T.);
#12958=EDGE_LOOP('',(#12949,#12951,#12952,#12953,#12954,#12955,#12957));
#12959=FACE_OUTER_BOUND('',#12958,.F.);
#12960=ADVANCED_FACE('',(#12959),#12948,.T.);
#12961=CARTESIAN_POINT('',(-4.72E0,-2.15E1,6.55E1));
#12962=DIRECTION('',(0.E0,1.E0,0.E0));
#12963=DIRECTION('',(-9.999988959614E-1,0.E0,1.485959642857E-3));
#12964=AXIS2_PLACEMENT_3D('',#12961,#12962,#12963);
#12965=TOROIDAL_SURFACE('',#12964,2.75E0,1.5E0);
#12967=ORIENTED_EDGE('',*,*,#12966,.T.);
#12968=ORIENTED_EDGE('',*,*,#12924,.T.);
#12969=ORIENTED_EDGE('',*,*,#12950,.T.);
#12970=ORIENTED_EDGE('',*,*,#12415,.F.);
#12972=ORIENTED_EDGE('',*,*,#12971,.T.);
#12973=ORIENTED_EDGE('',*,*,#12429,.F.);
#12975=ORIENTED_EDGE('',*,*,#12974,.T.);
#12976=ORIENTED_EDGE('',*,*,#12937,.T.);
#12977=EDGE_LOOP('',(#12967,#12968,#12969,#12970,#12972,#12973,#12975,#12976));
#12978=FACE_OUTER_BOUND('',#12977,.F.);
#12979=ADVANCED_FACE('',(#12978),#12965,.F.);
#12980=CARTESIAN_POINT('',(-4.72E0,-2.3E1,6.55E1));
#12981=DIRECTION('',(0.E0,1.E0,0.E0));
#12982=DIRECTION('',(0.E0,0.E0,1.E0));
#12983=AXIS2_PLACEMENT_3D('',#12980,#12981,#12982);
#12984=CYLINDRICAL_SURFACE('',#12983,1.25E0);
#12985=ORIENTED_EDGE('',*,*,#12966,.F.);
#12986=ORIENTED_EDGE('',*,*,#12935,.T.);
#12987=ORIENTED_EDGE('',*,*,#12855,.F.);
#12988=ORIENTED_EDGE('',*,*,#12926,.F.);
#12989=EDGE_LOOP('',(#12985,#12986,#12987,#12988));
#12990=FACE_OUTER_BOUND('',#12989,.F.);
#12991=ADVANCED_FACE('',(#12990),#12984,.T.);
#12992=CARTESIAN_POINT('',(-2.E0,0.E0,9.E1));
#12993=DIRECTION('',(1.E0,0.E0,0.E0));
#12994=DIRECTION('',(0.E0,0.E0,-1.E0));
#12995=AXIS2_PLACEMENT_3D('',#12992,#12993,#12994);
#12996=PLANE('',#12995);
#12998=ORIENTED_EDGE('',*,*,#12997,.T.);
#13000=ORIENTED_EDGE('',*,*,#12999,.F.);
#13002=ORIENTED_EDGE('',*,*,#13001,.F.);
#13004=ORIENTED_EDGE('',*,*,#13003,.T.);
#13005=EDGE_LOOP('',(#12998,#13000,#13002,#13004));
#13006=FACE_OUTER_BOUND('',#13005,.F.);
#13007=ADVANCED_FACE('',(#13006),#12996,.F.);
#13008=CARTESIAN_POINT('',(-2.E0,0.E0,9.E1));
#13009=DIRECTION('',(1.E0,0.E0,0.E0));
#13010=DIRECTION('',(0.E0,0.E0,-1.E0));
#13011=AXIS2_PLACEMENT_3D('',#13008,#13009,#13010);
#13012=PLANE('',#13011);
#13014=ORIENTED_EDGE('',*,*,#13013,.F.);
#13016=ORIENTED_EDGE('',*,*,#13015,.T.);
#13018=ORIENTED_EDGE('',*,*,#13017,.F.);
#13020=ORIENTED_EDGE('',*,*,#13019,.F.);
#13021=EDGE_LOOP('',(#13014,#13016,#13018,#13020));
#13022=FACE_OUTER_BOUND('',#13021,.F.);
#13023=ADVANCED_FACE('',(#13022),#13012,.F.);
#13024=CARTESIAN_POINT('',(-2.E0,0.E0,9.E1));
#13025=DIRECTION('',(1.E0,0.E0,0.E0));
#13026=DIRECTION('',(0.E0,0.E0,-1.E0));
#13027=AXIS2_PLACEMENT_3D('',#13024,#13025,#13026);
#13028=PLANE('',#13027);
#13030=ORIENTED_EDGE('',*,*,#13029,.F.);
#13032=ORIENTED_EDGE('',*,*,#13031,.T.);
#13034=ORIENTED_EDGE('',*,*,#13033,.F.);
#13036=ORIENTED_EDGE('',*,*,#13035,.F.);
#13037=EDGE_LOOP('',(#13030,#13032,#13034,#13036));
#13038=FACE_OUTER_BOUND('',#13037,.F.);
#13039=ADVANCED_FACE('',(#13038),#13028,.F.);
#13040=CARTESIAN_POINT('',(-2.E0,0.E0,9.E1));
#13041=DIRECTION('',(1.E0,0.E0,0.E0));
#13042=DIRECTION('',(0.E0,0.E0,-1.E0));
#13043=AXIS2_PLACEMENT_3D('',#13040,#13041,#13042);
#13044=PLANE('',#13043);
#13046=ORIENTED_EDGE('',*,*,#13045,.F.);
#13048=ORIENTED_EDGE('',*,*,#13047,.T.);
#13050=ORIENTED_EDGE('',*,*,#13049,.F.);
#13052=ORIENTED_EDGE('',*,*,#13051,.F.);
#13053=EDGE_LOOP('',(#13046,#13048,#13050,#13052));
#13054=FACE_OUTER_BOUND('',#13053,.F.);
#13055=ADVANCED_FACE('',(#13054),#13044,.F.);
#13056=CARTESIAN_POINT('',(-2.E0,0.E0,9.E1));
#13057=DIRECTION('',(1.E0,0.E0,0.E0));
#13058=DIRECTION('',(0.E0,0.E0,-1.E0));
#13059=AXIS2_PLACEMENT_3D('',#13056,#13057,#13058);
#13060=PLANE('',#13059);
#13062=ORIENTED_EDGE('',*,*,#13061,.F.);
#13064=ORIENTED_EDGE('',*,*,#13063,.T.);
#13066=ORIENTED_EDGE('',*,*,#13065,.F.);
#13068=ORIENTED_EDGE('',*,*,#13067,.F.);
#13069=EDGE_LOOP('',(#13062,#13064,#13066,#13068));
#13070=FACE_OUTER_BOUND('',#13069,.F.);
#13071=ADVANCED_FACE('',(#13070),#13060,.F.);
#13072=CARTESIAN_POINT('',(-2.E0,0.E0,9.E1));
#13073=DIRECTION('',(1.E0,0.E0,0.E0));
#13074=DIRECTION('',(0.E0,0.E0,-1.E0));
#13075=AXIS2_PLACEMENT_3D('',#13072,#13073,#13074);
#13076=PLANE('',#13075);
#13078=ORIENTED_EDGE('',*,*,#13077,.F.);
#13080=ORIENTED_EDGE('',*,*,#13079,.F.);
#13082=ORIENTED_EDGE('',*,*,#13081,.F.);
#13084=ORIENTED_EDGE('',*,*,#13083,.T.);
#13086=ORIENTED_EDGE('',*,*,#13085,.T.);
#13088=ORIENTED_EDGE('',*,*,#13087,.F.);
#13090=ORIENTED_EDGE('',*,*,#13089,.F.);
#13092=ORIENTED_EDGE('',*,*,#13091,.T.);
#13094=ORIENTED_EDGE('',*,*,#13093,.T.);
#13096=ORIENTED_EDGE('',*,*,#13095,.F.);
#13098=ORIENTED_EDGE('',*,*,#13097,.T.);
#13099=ORIENTED_EDGE('',*,*,#10171,.T.);
#13101=ORIENTED_EDGE('',*,*,#13100,.T.);
#13102=ORIENTED_EDGE('',*,*,#12431,.F.);
#13103=ORIENTED_EDGE('',*,*,#12971,.F.);
#13104=ORIENTED_EDGE('',*,*,#12419,.F.);
#13105=ORIENTED_EDGE('',*,*,#12956,.F.);
#13106=ORIENTED_EDGE('',*,*,#9873,.T.);
#13108=ORIENTED_EDGE('',*,*,#13107,.F.);
#13110=ORIENTED_EDGE('',*,*,#13109,.F.);
#13112=ORIENTED_EDGE('',*,*,#13111,.F.);
#13114=ORIENTED_EDGE('',*,*,#13113,.T.);
#13115=EDGE_LOOP('',(#13078,#13080,#13082,#13084,#13086,#13088,#13090,#13092,
#13094,#13096,#13098,#13099,#13101,#13102,#13103,#13104,#13105,#13106,#13108,
#13110,#13112,#13114));
#13116=FACE_OUTER_BOUND('',#13115,.F.);
#13118=ORIENTED_EDGE('',*,*,#13117,.T.);
#13120=ORIENTED_EDGE('',*,*,#13119,.T.);
#13122=ORIENTED_EDGE('',*,*,#13121,.T.);
#13124=ORIENTED_EDGE('',*,*,#13123,.T.);
#13125=EDGE_LOOP('',(#13118,#13120,#13122,#13124));
#13126=FACE_BOUND('',#13125,.F.);
#13128=ORIENTED_EDGE('',*,*,#13127,.T.);
#13130=ORIENTED_EDGE('',*,*,#13129,.T.);
#13132=ORIENTED_EDGE('',*,*,#13131,.T.);
#13134=ORIENTED_EDGE('',*,*,#13133,.T.);
#13135=EDGE_LOOP('',(#13128,#13130,#13132,#13134));
#13136=FACE_BOUND('',#13135,.F.);
#13138=ORIENTED_EDGE('',*,*,#13137,.T.);
#13140=ORIENTED_EDGE('',*,*,#13139,.T.);
#13142=ORIENTED_EDGE('',*,*,#13141,.T.);
#13144=ORIENTED_EDGE('',*,*,#13143,.T.);
#13145=EDGE_LOOP('',(#13138,#13140,#13142,#13144));
#13146=FACE_BOUND('',#13145,.F.);
#13148=ORIENTED_EDGE('',*,*,#13147,.T.);
#13150=ORIENTED_EDGE('',*,*,#13149,.T.);
#13152=ORIENTED_EDGE('',*,*,#13151,.T.);
#13154=ORIENTED_EDGE('',*,*,#13153,.T.);
#13155=EDGE_LOOP('',(#13148,#13150,#13152,#13154));
#13156=FACE_BOUND('',#13155,.F.);
#13157=ADVANCED_FACE('',(#13116,#13126,#13136,#13146,#13156),#13076,.F.);
#13158=CARTESIAN_POINT('',(-8.1E1,-7.1E0,2.E0));
#13159=DIRECTION('',(0.E0,1.E0,0.E0));
#13160=DIRECTION('',(0.E0,0.E0,1.E0));
#13161=AXIS2_PLACEMENT_3D('',#13158,#13159,#13160);
#13162=PLANE('',#13161);
#13164=ORIENTED_EDGE('',*,*,#13163,.T.);
#13166=ORIENTED_EDGE('',*,*,#13165,.F.);
#13168=ORIENTED_EDGE('',*,*,#13167,.F.);
#13170=ORIENTED_EDGE('',*,*,#13169,.F.);
#13172=ORIENTED_EDGE('',*,*,#13171,.F.);
#13174=ORIENTED_EDGE('',*,*,#13173,.F.);
#13176=ORIENTED_EDGE('',*,*,#13175,.F.);
#13178=ORIENTED_EDGE('',*,*,#13177,.F.);
#13180=ORIENTED_EDGE('',*,*,#13179,.T.);
#13181=ORIENTED_EDGE('',*,*,#12997,.F.);
#13183=ORIENTED_EDGE('',*,*,#13182,.T.);
#13184=ORIENTED_EDGE('',*,*,#9689,.F.);
#13185=EDGE_LOOP('',(#13164,#13166,#13168,#13170,#13172,#13174,#13176,#13178,
#13180,#13181,#13183,#13184));
#13186=FACE_OUTER_BOUND('',#13185,.F.);
#13187=ADVANCED_FACE('',(#13186),#13162,.T.);
#13188=CARTESIAN_POINT('',(-7.249307727057E1,-7.1E0,8.534733057534E1));
#13189=DIRECTION('',(1.736481776669E-1,-9.848077530122E-1,0.E0));
#13190=DIRECTION('',(-9.848077530122E-1,-1.736481776669E-1,0.E0));
#13191=AXIS2_PLACEMENT_3D('',#13188,#13189,#13190);
#13192=PLANE('',#13191);
#13194=ORIENTED_EDGE('',*,*,#13193,.T.);
#13196=ORIENTED_EDGE('',*,*,#13195,.F.);
#13197=ORIENTED_EDGE('',*,*,#13163,.F.);
#13198=ORIENTED_EDGE('',*,*,#9687,.T.);
#13199=EDGE_LOOP('',(#13194,#13196,#13197,#13198));
#13200=FACE_OUTER_BOUND('',#13199,.F.);
#13201=ADVANCED_FACE('',(#13200),#13192,.F.);
#13202=CARTESIAN_POINT('',(-8.1E1,-8.6E0,8.8E1));
#13203=DIRECTION('',(0.E0,1.E0,0.E0));
#13204=DIRECTION('',(0.E0,0.E0,1.E0));
#13205=AXIS2_PLACEMENT_3D('',#13202,#13203,#13204);
#13206=PLANE('',#13205);
#13207=ORIENTED_EDGE('',*,*,#9554,.T.);
#13209=ORIENTED_EDGE('',*,*,#13208,.F.);
#13210=ORIENTED_EDGE('',*,*,#13193,.F.);
#13211=EDGE_LOOP('',(#13207,#13209,#13210));
#13212=FACE_OUTER_BOUND('',#13211,.F.);
#13213=ADVANCED_FACE('',(#13212),#13206,.T.);
#13214=CARTESIAN_POINT('',(-8.1E1,0.E0,8.8E1));
#13215=DIRECTION('',(0.E0,1.E0,0.E0));
#13216=DIRECTION('',(0.E0,0.E0,1.E0));
#13217=AXIS2_PLACEMENT_3D('',#13214,#13215,#13216);
#13218=CYLINDRICAL_SURFACE('',#13217,2.652669424660E0);
#13219=ORIENTED_EDGE('',*,*,#9552,.T.);
#13220=ORIENTED_EDGE('',*,*,#9580,.F.);
#13222=ORIENTED_EDGE('',*,*,#13221,.T.);
#13223=ORIENTED_EDGE('',*,*,#13208,.T.);
#13224=EDGE_LOOP('',(#13219,#13220,#13222,#13223));
#13225=FACE_OUTER_BOUND('',#13224,.F.);
#13226=ADVANCED_FACE('',(#13225),#13218,.T.);
#13227=CARTESIAN_POINT('',(-9.E0,-7.1E0,8.534733057534E1));
#13228=DIRECTION('',(0.E0,0.E0,-1.E0));
#13229=DIRECTION('',(0.E0,-1.E0,0.E0));
#13230=AXIS2_PLACEMENT_3D('',#13227,#13228,#13229);
#13231=PLANE('',#13230);
#13232=ORIENTED_EDGE('',*,*,#13221,.F.);
#13233=ORIENTED_EDGE('',*,*,#9595,.F.);
#13235=ORIENTED_EDGE('',*,*,#13234,.F.);
#13236=ORIENTED_EDGE('',*,*,#13165,.T.);
#13237=ORIENTED_EDGE('',*,*,#13195,.T.);
#13238=EDGE_LOOP('',(#13232,#13233,#13235,#13236,#13237));
#13239=FACE_OUTER_BOUND('',#13238,.F.);
#13240=ADVANCED_FACE('',(#13239),#13231,.T.);
#13241=CARTESIAN_POINT('',(-9.E0,-4.652669424660E0,8.1E1));
#13242=DIRECTION('',(0.E0,-1.E0,0.E0));
#13243=DIRECTION('',(-1.E0,0.E0,0.E0));
#13244=AXIS2_PLACEMENT_3D('',#13241,#13242,#13243);
#13245=CYLINDRICAL_SURFACE('',#13244,4.347330575340E0);
#13247=ORIENTED_EDGE('',*,*,#13246,.F.);
#13248=ORIENTED_EDGE('',*,*,#13167,.T.);
#13249=ORIENTED_EDGE('',*,*,#13234,.T.);
#13251=ORIENTED_EDGE('',*,*,#13250,.F.);
#13252=EDGE_LOOP('',(#13247,#13248,#13249,#13251));
#13253=FACE_OUTER_BOUND('',#13252,.F.);
#13254=ADVANCED_FACE('',(#13253),#13245,.F.);
#13255=CARTESIAN_POINT('',(-4.652669424660E0,-9.1E0,1.2E1));
#13256=DIRECTION('',(-1.E0,0.E0,0.E0));
#13257=DIRECTION('',(0.E0,-1.E0,0.E0));
#13258=AXIS2_PLACEMENT_3D('',#13255,#13256,#13257);
#13259=PLANE('',#13258);
#13261=ORIENTED_EDGE('',*,*,#13260,.F.);
#13263=ORIENTED_EDGE('',*,*,#13262,.F.);
#13265=ORIENTED_EDGE('',*,*,#13264,.F.);
#13266=ORIENTED_EDGE('',*,*,#13169,.T.);
#13267=ORIENTED_EDGE('',*,*,#13246,.T.);
#13269=ORIENTED_EDGE('',*,*,#13268,.F.);
#13271=ORIENTED_EDGE('',*,*,#13270,.T.);
#13273=ORIENTED_EDGE('',*,*,#13272,.F.);
#13274=EDGE_LOOP('',(#13261,#13263,#13265,#13266,#13267,#13269,#13271,#13273));
#13275=FACE_OUTER_BOUND('',#13274,.F.);
#13276=ADVANCED_FACE('',(#13275),#13259,.T.);
#13277=CARTESIAN_POINT('',(0.E0,0.E0,1.2E1));
#13278=DIRECTION('',(0.E0,0.E0,1.E0));
#13279=DIRECTION('',(1.E0,0.E0,0.E0));
#13280=AXIS2_PLACEMENT_3D('',#13277,#13278,#13279);
#13281=PLANE('',#13280);
#13282=ORIENTED_EDGE('',*,*,#13081,.T.);
#13284=ORIENTED_EDGE('',*,*,#13283,.T.);
#13286=ORIENTED_EDGE('',*,*,#13285,.T.);
#13288=ORIENTED_EDGE('',*,*,#13287,.T.);
#13289=EDGE_LOOP('',(#13282,#13284,#13286,#13288));
#13290=FACE_OUTER_BOUND('',#13289,.F.);
#13291=ADVANCED_FACE('',(#13290),#13281,.F.);
#13292=CARTESIAN_POINT('',(0.E0,0.E0,1.2E1));
#13293=DIRECTION('',(0.E0,0.E0,1.E0));
#13294=DIRECTION('',(1.E0,0.E0,0.E0));
#13295=AXIS2_PLACEMENT_3D('',#13292,#13293,#13294);
#13296=PLANE('',#13295);
#13297=ORIENTED_EDGE('',*,*,#13111,.T.);
#13299=ORIENTED_EDGE('',*,*,#13298,.T.);
#13300=ORIENTED_EDGE('',*,*,#13260,.T.);
#13302=ORIENTED_EDGE('',*,*,#13301,.T.);
#13304=ORIENTED_EDGE('',*,*,#13303,.T.);
#13305=EDGE_LOOP('',(#13297,#13299,#13300,#13302,#13304));
#13306=FACE_OUTER_BOUND('',#13305,.F.);
#13307=ADVANCED_FACE('',(#13306),#13296,.F.);
#13308=CARTESIAN_POINT('',(-2.E0,-1.61E1,1.2E1));
#13309=DIRECTION('',(0.E0,1.E0,0.E0));
#13310=DIRECTION('',(-1.E0,0.E0,0.E0));
#13311=AXIS2_PLACEMENT_3D('',#13308,#13309,#13310);
#13312=PLANE('',#13311);
#13314=ORIENTED_EDGE('',*,*,#13313,.F.);
#13315=ORIENTED_EDGE('',*,*,#13087,.T.);
#13317=ORIENTED_EDGE('',*,*,#13316,.T.);
#13319=ORIENTED_EDGE('',*,*,#13318,.F.);
#13320=EDGE_LOOP('',(#13314,#13315,#13317,#13319));
#13321=FACE_OUTER_BOUND('',#13320,.F.);
#13322=ADVANCED_FACE('',(#13321),#13312,.T.);
#13323=CARTESIAN_POINT('',(-2.E0,-1.61E1,1.2E1));
#13324=DIRECTION('',(0.E0,1.E0,0.E0));
#13325=DIRECTION('',(-1.E0,0.E0,0.E0));
#13326=AXIS2_PLACEMENT_3D('',#13323,#13324,#13325);
#13327=PLANE('',#13326);
#13329=ORIENTED_EDGE('',*,*,#13328,.F.);
#13330=ORIENTED_EDGE('',*,*,#13019,.T.);
#13332=ORIENTED_EDGE('',*,*,#13331,.T.);
#13334=ORIENTED_EDGE('',*,*,#13333,.F.);
#13335=EDGE_LOOP('',(#13329,#13330,#13332,#13334));
#13336=FACE_OUTER_BOUND('',#13335,.F.);
#13337=ADVANCED_FACE('',(#13336),#13327,.T.);
#13338=CARTESIAN_POINT('',(-2.E0,-1.61E1,1.2E1));
#13339=DIRECTION('',(0.E0,1.E0,0.E0));
#13340=DIRECTION('',(-1.E0,0.E0,0.E0));
#13341=AXIS2_PLACEMENT_3D('',#13338,#13339,#13340);
#13342=PLANE('',#13341);
#13344=ORIENTED_EDGE('',*,*,#13343,.F.);
#13345=ORIENTED_EDGE('',*,*,#13035,.T.);
#13347=ORIENTED_EDGE('',*,*,#13346,.T.);
#13349=ORIENTED_EDGE('',*,*,#13348,.F.);
#13350=EDGE_LOOP('',(#13344,#13345,#13347,#13349));
#13351=FACE_OUTER_BOUND('',#13350,.F.);
#13352=ADVANCED_FACE('',(#13351),#13342,.T.);
#13353=CARTESIAN_POINT('',(-2.E0,-1.61E1,1.2E1));
#13354=DIRECTION('',(0.E0,1.E0,0.E0));
#13355=DIRECTION('',(-1.E0,0.E0,0.E0));
#13356=AXIS2_PLACEMENT_3D('',#13353,#13354,#13355);
#13357=PLANE('',#13356);
#13359=ORIENTED_EDGE('',*,*,#13358,.F.);
#13360=ORIENTED_EDGE('',*,*,#13051,.T.);
#13362=ORIENTED_EDGE('',*,*,#13361,.T.);
#13364=ORIENTED_EDGE('',*,*,#13363,.F.);
#13365=EDGE_LOOP('',(#13359,#13360,#13362,#13364));
#13366=FACE_OUTER_BOUND('',#13365,.F.);
#13367=ADVANCED_FACE('',(#13366),#13357,.T.);
#13368=CARTESIAN_POINT('',(-2.E0,-1.61E1,1.2E1));
#13369=DIRECTION('',(0.E0,1.E0,0.E0));
#13370=DIRECTION('',(-1.E0,0.E0,0.E0));
#13371=AXIS2_PLACEMENT_3D('',#13368,#13369,#13370);
#13372=PLANE('',#13371);
#13374=ORIENTED_EDGE('',*,*,#13373,.F.);
#13375=ORIENTED_EDGE('',*,*,#13067,.T.);
#13377=ORIENTED_EDGE('',*,*,#13376,.T.);
#13379=ORIENTED_EDGE('',*,*,#13378,.F.);
#13380=EDGE_LOOP('',(#13374,#13375,#13377,#13379));
#13381=FACE_OUTER_BOUND('',#13380,.F.);
#13382=ADVANCED_FACE('',(#13381),#13372,.T.);
#13383=CARTESIAN_POINT('',(-2.E0,-1.61E1,1.2E1));
#13384=DIRECTION('',(0.E0,1.E0,0.E0));
#13385=DIRECTION('',(-1.E0,0.E0,0.E0));
#13386=AXIS2_PLACEMENT_3D('',#13383,#13384,#13385);
#13387=PLANE('',#13386);
#13389=ORIENTED_EDGE('',*,*,#13388,.T.);
#13391=ORIENTED_EDGE('',*,*,#13390,.F.);
#13392=ORIENTED_EDGE('',*,*,#13283,.F.);
#13393=ORIENTED_EDGE('',*,*,#13079,.T.);
#13394=EDGE_LOOP('',(#13389,#13391,#13392,#13393));
#13395=FACE_OUTER_BOUND('',#13394,.F.);
#13396=ADVANCED_FACE('',(#13395),#13387,.T.);
#13397=CARTESIAN_POINT('',(0.E0,-1.3E1,4.6E1));
#13398=DIRECTION('',(0.E0,0.E0,1.E0));
#13399=DIRECTION('',(0.E0,-1.E0,0.E0));
#13400=AXIS2_PLACEMENT_3D('',#13397,#13398,#13399);
#13401=PLANE('',#13400);
#13403=ORIENTED_EDGE('',*,*,#13402,.F.);
#13405=ORIENTED_EDGE('',*,*,#13404,.T.);
#13407=ORIENTED_EDGE('',*,*,#13406,.T.);
#13409=ORIENTED_EDGE('',*,*,#13408,.F.);
#13410=ORIENTED_EDGE('',*,*,#13089,.T.);
#13411=ORIENTED_EDGE('',*,*,#13313,.T.);
#13413=ORIENTED_EDGE('',*,*,#13412,.T.);
#13415=ORIENTED_EDGE('',*,*,#13414,.F.);
#13417=ORIENTED_EDGE('',*,*,#13416,.F.);
#13418=EDGE_LOOP('',(#13403,#13405,#13407,#13409,#13410,#13411,#13413,#13415,
#13417));
#13419=FACE_OUTER_BOUND('',#13418,.F.);
#13420=ADVANCED_FACE('',(#13419),#13401,.F.);
#13421=CARTESIAN_POINT('',(0.E0,0.E0,9.E1));
#13422=DIRECTION('',(1.E0,0.E0,0.E0));
#13423=DIRECTION('',(0.E0,0.E0,-1.E0));
#13424=AXIS2_PLACEMENT_3D('',#13421,#13422,#13423);
#13425=PLANE('',#13424);
#13427=ORIENTED_EDGE('',*,*,#13426,.F.);
#13428=ORIENTED_EDGE('',*,*,#9465,.T.);
#13430=ORIENTED_EDGE('',*,*,#13429,.T.);
#13431=ORIENTED_EDGE('',*,*,#10499,.F.);
#13432=EDGE_LOOP('',(#13427,#13428,#13430,#13431));
#13433=FACE_OUTER_BOUND('',#13432,.F.);
#13435=ORIENTED_EDGE('',*,*,#13434,.T.);
#13436=ORIENTED_EDGE('',*,*,#13402,.T.);
#13438=ORIENTED_EDGE('',*,*,#13437,.T.);
#13440=ORIENTED_EDGE('',*,*,#13439,.T.);
#13441=EDGE_LOOP('',(#13435,#13436,#13438,#13440));
#13442=FACE_BOUND('',#13441,.F.);
#13444=ORIENTED_EDGE('',*,*,#13443,.T.);
#13446=ORIENTED_EDGE('',*,*,#13445,.T.);
#13448=ORIENTED_EDGE('',*,*,#13447,.T.);
#13450=ORIENTED_EDGE('',*,*,#13449,.T.);
#13451=EDGE_LOOP('',(#13444,#13446,#13448,#13450));
#13452=FACE_BOUND('',#13451,.F.);
#13454=ORIENTED_EDGE('',*,*,#13453,.T.);
#13456=ORIENTED_EDGE('',*,*,#13455,.T.);
#13458=ORIENTED_EDGE('',*,*,#13457,.T.);
#13460=ORIENTED_EDGE('',*,*,#13459,.T.);
#13461=EDGE_LOOP('',(#13454,#13456,#13458,#13460));
#13462=FACE_BOUND('',#13461,.F.);
#13464=ORIENTED_EDGE('',*,*,#13463,.T.);
#13466=ORIENTED_EDGE('',*,*,#13465,.T.);
#13468=ORIENTED_EDGE('',*,*,#13467,.T.);
#13470=ORIENTED_EDGE('',*,*,#13469,.T.);
#13471=EDGE_LOOP('',(#13464,#13466,#13468,#13470));
#13472=FACE_BOUND('',#13471,.F.);
#13474=ORIENTED_EDGE('',*,*,#13473,.T.);
#13476=ORIENTED_EDGE('',*,*,#13475,.T.);
#13478=ORIENTED_EDGE('',*,*,#13477,.T.);
#13480=ORIENTED_EDGE('',*,*,#13479,.T.);
#13481=EDGE_LOOP('',(#13474,#13476,#13478,#13480));
#13482=FACE_BOUND('',#13481,.F.);
#13484=ORIENTED_EDGE('',*,*,#13483,.F.);
#13486=ORIENTED_EDGE('',*,*,#13485,.F.);
#13488=ORIENTED_EDGE('',*,*,#13487,.F.);
#13490=ORIENTED_EDGE('',*,*,#13489,.F.);
#13491=EDGE_LOOP('',(#13484,#13486,#13488,#13490));
#13492=FACE_BOUND('',#13491,.F.);
#13494=ORIENTED_EDGE('',*,*,#13493,.F.);
#13496=ORIENTED_EDGE('',*,*,#13495,.F.);
#13498=ORIENTED_EDGE('',*,*,#13497,.F.);
#13500=ORIENTED_EDGE('',*,*,#13499,.F.);
#13501=EDGE_LOOP('',(#13494,#13496,#13498,#13500));
#13502=FACE_BOUND('',#13501,.F.);
#13504=ORIENTED_EDGE('',*,*,#13503,.F.);
#13506=ORIENTED_EDGE('',*,*,#13505,.F.);
#13508=ORIENTED_EDGE('',*,*,#13507,.F.);
#13510=ORIENTED_EDGE('',*,*,#13509,.F.);
#13511=EDGE_LOOP('',(#13504,#13506,#13508,#13510));
#13512=FACE_BOUND('',#13511,.F.);
#13514=ORIENTED_EDGE('',*,*,#13513,.F.);
#13516=ORIENTED_EDGE('',*,*,#13515,.F.);
#13518=ORIENTED_EDGE('',*,*,#13517,.F.);
#13520=ORIENTED_EDGE('',*,*,#13519,.F.);
#13521=EDGE_LOOP('',(#13514,#13516,#13518,#13520));
#13522=FACE_BOUND('',#13521,.F.);
#13523=ADVANCED_FACE('',(#13433,#13442,#13452,#13462,#13472,#13482,#13492,
#13502,#13512,#13522),#13425,.T.);
#13524=CARTESIAN_POINT('',(-9.E0,5.2144E1,8.1E1));
#13525=DIRECTION('',(0.E0,-1.E0,0.E0));
#13526=DIRECTION('',(1.E0,0.E0,0.E0));
#13527=AXIS2_PLACEMENT_3D('',#13524,#13525,#13526);
#13528=CYLINDRICAL_SURFACE('',#13527,9.E0);
#13529=ORIENTED_EDGE('',*,*,#10497,.T.);
#13531=ORIENTED_EDGE('',*,*,#13530,.F.);
#13532=ORIENTED_EDGE('',*,*,#9467,.T.);
#13533=ORIENTED_EDGE('',*,*,#13426,.T.);
#13534=EDGE_LOOP('',(#13529,#13531,#13532,#13533));
#13535=FACE_OUTER_BOUND('',#13534,.F.);
#13536=ADVANCED_FACE('',(#13535),#13528,.T.);
#13537=CARTESIAN_POINT('',(-9.E1,0.E0,9.E1));
#13538=DIRECTION('',(0.E0,0.E0,1.E0));
#13539=DIRECTION('',(1.E0,0.E0,0.E0));
#13540=AXIS2_PLACEMENT_3D('',#13537,#13538,#13539);
#13541=PLANE('',#13540);
#13543=ORIENTED_EDGE('',*,*,#13542,.F.);
#13545=ORIENTED_EDGE('',*,*,#13544,.F.);
#13546=ORIENTED_EDGE('',*,*,#9469,.T.);
#13547=ORIENTED_EDGE('',*,*,#13530,.T.);
#13548=ORIENTED_EDGE('',*,*,#10495,.F.);
#13549=EDGE_LOOP('',(#13543,#13545,#13546,#13547,#13548));
#13550=FACE_OUTER_BOUND('',#13549,.F.);
#13552=ORIENTED_EDGE('',*,*,#13551,.T.);
#13554=ORIENTED_EDGE('',*,*,#13553,.T.);
#13556=ORIENTED_EDGE('',*,*,#13555,.T.);
#13558=ORIENTED_EDGE('',*,*,#13557,.T.);
#13559=EDGE_LOOP('',(#13552,#13554,#13556,#13558));
#13560=FACE_BOUND('',#13559,.F.);
#13562=ORIENTED_EDGE('',*,*,#13561,.T.);
#13564=ORIENTED_EDGE('',*,*,#13563,.T.);
#13566=ORIENTED_EDGE('',*,*,#13565,.T.);
#13568=ORIENTED_EDGE('',*,*,#13567,.T.);
#13569=EDGE_LOOP('',(#13562,#13564,#13566,#13568));
#13570=FACE_BOUND('',#13569,.F.);
#13572=ORIENTED_EDGE('',*,*,#13571,.T.);
#13574=ORIENTED_EDGE('',*,*,#13573,.T.);
#13576=ORIENTED_EDGE('',*,*,#13575,.T.);
#13578=ORIENTED_EDGE('',*,*,#13577,.T.);
#13579=EDGE_LOOP('',(#13572,#13574,#13576,#13578));
#13580=FACE_BOUND('',#13579,.F.);
#13582=ORIENTED_EDGE('',*,*,#13581,.T.);
#13584=ORIENTED_EDGE('',*,*,#13583,.T.);
#13586=ORIENTED_EDGE('',*,*,#13585,.T.);
#13588=ORIENTED_EDGE('',*,*,#13587,.T.);
#13589=EDGE_LOOP('',(#13582,#13584,#13586,#13588));
#13590=FACE_BOUND('',#13589,.F.);
#13592=ORIENTED_EDGE('',*,*,#13591,.T.);
#13594=ORIENTED_EDGE('',*,*,#13593,.T.);
#13596=ORIENTED_EDGE('',*,*,#13595,.T.);
#13598=ORIENTED_EDGE('',*,*,#13597,.T.);
#13599=EDGE_LOOP('',(#13592,#13594,#13596,#13598));
#13600=FACE_BOUND('',#13599,.F.);
#13602=ORIENTED_EDGE('',*,*,#13601,.F.);
#13604=ORIENTED_EDGE('',*,*,#13603,.F.);
#13606=ORIENTED_EDGE('',*,*,#13605,.F.);
#13608=ORIENTED_EDGE('',*,*,#13607,.F.);
#13610=ORIENTED_EDGE('',*,*,#13609,.F.);
#13612=ORIENTED_EDGE('',*,*,#13611,.F.);
#13614=ORIENTED_EDGE('',*,*,#13613,.F.);
#13616=ORIENTED_EDGE('',*,*,#13615,.F.);
#13617=EDGE_LOOP('',(#13602,#13604,#13606,#13608,#13610,#13612,#13614,#13616));
#13618=FACE_BOUND('',#13617,.F.);
#13619=ADVANCED_FACE('',(#13550,#13560,#13570,#13580,#13590,#13600,#13618),
#13541,.T.);
#13620=CARTESIAN_POINT('',(-8.1E1,5.2144E1,8.1E1));
#13621=DIRECTION('',(0.E0,-1.E0,0.E0));
#13622=DIRECTION('',(0.E0,0.E0,1.E0));
#13623=AXIS2_PLACEMENT_3D('',#13620,#13621,#13622);
#13624=CYLINDRICAL_SURFACE('',#13623,9.E0);
#13626=ORIENTED_EDGE('',*,*,#13625,.F.);
#13628=ORIENTED_EDGE('',*,*,#13627,.F.);
#13629=ORIENTED_EDGE('',*,*,#13542,.T.);
#13630=ORIENTED_EDGE('',*,*,#10493,.T.);
#13632=ORIENTED_EDGE('',*,*,#13631,.F.);
#13633=EDGE_LOOP('',(#13626,#13628,#13629,#13630,#13632));
#13634=FACE_OUTER_BOUND('',#13633,.F.);
#13635=ADVANCED_FACE('',(#13634),#13624,.T.);
#13636=CARTESIAN_POINT('',(0.E0,-8.E0,0.E0));
#13637=DIRECTION('',(0.E0,1.E0,0.E0));
#13638=DIRECTION('',(-1.E0,0.E0,0.E0));
#13639=AXIS2_PLACEMENT_3D('',#13636,#13637,#13638);
#13640=PLANE('',#13639);
#13642=ORIENTED_EDGE('',*,*,#13641,.T.);
#13644=ORIENTED_EDGE('',*,*,#13643,.F.);
#13646=ORIENTED_EDGE('',*,*,#13645,.T.);
#13647=ORIENTED_EDGE('',*,*,#9561,.F.);
#13649=ORIENTED_EDGE('',*,*,#13648,.T.);
#13650=ORIENTED_EDGE('',*,*,#13625,.T.);
#13652=ORIENTED_EDGE('',*,*,#13651,.F.);
#13654=ORIENTED_EDGE('',*,*,#13653,.T.);
#13655=EDGE_LOOP('',(#13642,#13644,#13646,#13647,#13649,#13650,#13652,#13654));
#13656=FACE_OUTER_BOUND('',#13655,.F.);
#13657=ADVANCED_FACE('',(#13656),#13640,.T.);
#13658=CARTESIAN_POINT('',(-8.4E1,-5.E0,-1.17324E2));
#13659=DIRECTION('',(0.E0,0.E0,1.E0));
#13660=DIRECTION('',(0.E0,-1.E0,0.E0));
#13661=AXIS2_PLACEMENT_3D('',#13658,#13659,#13660);
#13662=CYLINDRICAL_SURFACE('',#13661,3.E0);
#13663=ORIENTED_EDGE('',*,*,#13641,.F.);
#13665=ORIENTED_EDGE('',*,*,#13664,.T.);
#13667=ORIENTED_EDGE('',*,*,#13666,.T.);
#13669=ORIENTED_EDGE('',*,*,#13668,.T.);
#13670=EDGE_LOOP('',(#13663,#13665,#13667,#13669));
#13671=FACE_OUTER_BOUND('',#13670,.F.);
#13672=ADVANCED_FACE('',(#13671),#13662,.F.);
#13673=CARTESIAN_POINT('',(-8.1E1,5.2144E1,9.E0));
#13674=DIRECTION('',(0.E0,-1.E0,0.E0));
#13675=DIRECTION('',(-1.E0,0.E0,0.E0));
#13676=AXIS2_PLACEMENT_3D('',#13673,#13674,#13675);
#13677=CYLINDRICAL_SURFACE('',#13676,9.E0);
#13679=ORIENTED_EDGE('',*,*,#13678,.T.);
#13680=ORIENTED_EDGE('',*,*,#13664,.F.);
#13681=ORIENTED_EDGE('',*,*,#13653,.F.);
#13683=ORIENTED_EDGE('',*,*,#13682,.T.);
#13684=ORIENTED_EDGE('',*,*,#10505,.T.);
#13685=EDGE_LOOP('',(#13679,#13680,#13681,#13683,#13684));
#13686=FACE_OUTER_BOUND('',#13685,.F.);
#13687=ADVANCED_FACE('',(#13686),#13677,.T.);
#13688=CARTESIAN_POINT('',(0.E0,0.E0,0.E0));
#13689=DIRECTION('',(0.E0,0.E0,-1.E0));
#13690=DIRECTION('',(-1.E0,0.E0,0.E0));
#13691=AXIS2_PLACEMENT_3D('',#13688,#13689,#13690);
#13692=PLANE('',#13691);
#13693=ORIENTED_EDGE('',*,*,#13678,.F.);
#13694=ORIENTED_EDGE('',*,*,#10503,.F.);
#13696=ORIENTED_EDGE('',*,*,#13695,.F.);
#13697=ORIENTED_EDGE('',*,*,#9461,.T.);
#13699=ORIENTED_EDGE('',*,*,#13698,.T.);
#13700=EDGE_LOOP('',(#13693,#13694,#13696,#13697,#13699));
#13701=FACE_OUTER_BOUND('',#13700,.F.);
#13703=ORIENTED_EDGE('',*,*,#13702,.T.);
#13705=ORIENTED_EDGE('',*,*,#13704,.T.);
#13707=ORIENTED_EDGE('',*,*,#13706,.T.);
#13709=ORIENTED_EDGE('',*,*,#13708,.T.);
#13710=EDGE_LOOP('',(#13703,#13705,#13707,#13709));
#13711=FACE_BOUND('',#13710,.F.);
#13713=ORIENTED_EDGE('',*,*,#13712,.T.);
#13715=ORIENTED_EDGE('',*,*,#13714,.T.);
#13717=ORIENTED_EDGE('',*,*,#13716,.T.);
#13719=ORIENTED_EDGE('',*,*,#13718,.T.);
#13720=EDGE_LOOP('',(#13713,#13715,#13717,#13719));
#13721=FACE_BOUND('',#13720,.F.);
#13723=ORIENTED_EDGE('',*,*,#13722,.T.);
#13725=ORIENTED_EDGE('',*,*,#13724,.T.);
#13727=ORIENTED_EDGE('',*,*,#13726,.T.);
#13729=ORIENTED_EDGE('',*,*,#13728,.T.);
#13730=EDGE_LOOP('',(#13723,#13725,#13727,#13729));
#13731=FACE_BOUND('',#13730,.F.);
#13733=ORIENTED_EDGE('',*,*,#13732,.T.);
#13735=ORIENTED_EDGE('',*,*,#13734,.T.);
#13737=ORIENTED_EDGE('',*,*,#13736,.T.);
#13739=ORIENTED_EDGE('',*,*,#13738,.T.);
#13740=EDGE_LOOP('',(#13733,#13735,#13737,#13739));
#13741=FACE_BOUND('',#13740,.F.);
#13743=ORIENTED_EDGE('',*,*,#13742,.T.);
#13745=ORIENTED_EDGE('',*,*,#13744,.T.);
#13747=ORIENTED_EDGE('',*,*,#13746,.T.);
#13749=ORIENTED_EDGE('',*,*,#13748,.T.);
#13750=EDGE_LOOP('',(#13743,#13745,#13747,#13749));
#13751=FACE_BOUND('',#13750,.F.);
#13753=ORIENTED_EDGE('',*,*,#13752,.F.);
#13755=ORIENTED_EDGE('',*,*,#13754,.F.);
#13757=ORIENTED_EDGE('',*,*,#13756,.F.);
#13759=ORIENTED_EDGE('',*,*,#13758,.F.);
#13760=EDGE_LOOP('',(#13753,#13755,#13757,#13759));
#13761=FACE_BOUND('',#13760,.F.);
#13763=ORIENTED_EDGE('',*,*,#13762,.F.);
#13765=ORIENTED_EDGE('',*,*,#13764,.F.);
#13767=ORIENTED_EDGE('',*,*,#13766,.F.);
#13769=ORIENTED_EDGE('',*,*,#13768,.F.);
#13770=EDGE_LOOP('',(#13763,#13765,#13767,#13769));
#13771=FACE_BOUND('',#13770,.F.);
#13773=ORIENTED_EDGE('',*,*,#13772,.F.);
#13775=ORIENTED_EDGE('',*,*,#13774,.F.);
#13777=ORIENTED_EDGE('',*,*,#13776,.F.);
#13779=ORIENTED_EDGE('',*,*,#13778,.F.);
#13780=EDGE_LOOP('',(#13773,#13775,#13777,#13779));
#13781=FACE_BOUND('',#13780,.F.);
#13783=ORIENTED_EDGE('',*,*,#13782,.F.);
#13785=ORIENTED_EDGE('',*,*,#13784,.F.);
#13787=ORIENTED_EDGE('',*,*,#13786,.F.);
#13789=ORIENTED_EDGE('',*,*,#13788,.F.);
#13790=EDGE_LOOP('',(#13783,#13785,#13787,#13789));
#13791=FACE_BOUND('',#13790,.F.);
#13792=ADVANCED_FACE('',(#13701,#13711,#13721,#13731,#13741,#13751,#13761,
#13771,#13781,#13791),#13692,.T.);
#13793=CARTESIAN_POINT('',(-9.E0,5.2144E1,9.E0));
#13794=DIRECTION('',(0.E0,-1.E0,0.E0));
#13795=DIRECTION('',(0.E0,0.E0,-1.E0));
#13796=AXIS2_PLACEMENT_3D('',#13793,#13794,#13795);
#13797=CYLINDRICAL_SURFACE('',#13796,9.E0);
#13798=ORIENTED_EDGE('',*,*,#10501,.T.);
#13799=ORIENTED_EDGE('',*,*,#13429,.F.);
#13800=ORIENTED_EDGE('',*,*,#9463,.T.);
#13801=ORIENTED_EDGE('',*,*,#13695,.T.);
#13802=EDGE_LOOP('',(#13798,#13799,#13800,#13801));
#13803=FACE_OUTER_BOUND('',#13802,.F.);
#13804=ADVANCED_FACE('',(#13803),#13797,.T.);
#13805=CARTESIAN_POINT('',(-8.1E1,0.E0,8.8E1));
#13806=DIRECTION('',(1.E0,0.E0,0.E0));
#13807=DIRECTION('',(0.E0,-1.E0,0.E0));
#13808=AXIS2_PLACEMENT_3D('',#13805,#13806,#13807);
#13809=PLANE('',#13808);
#13810=ORIENTED_EDGE('',*,*,#13666,.F.);
#13811=ORIENTED_EDGE('',*,*,#13698,.F.);
#13812=ORIENTED_EDGE('',*,*,#9459,.T.);
#13814=ORIENTED_EDGE('',*,*,#13813,.T.);
#13815=EDGE_LOOP('',(#13810,#13811,#13812,#13814));
#13816=FACE_OUTER_BOUND('',#13815,.F.);
#13817=ADVANCED_FACE('',(#13816),#13809,.F.);
#13818=CARTESIAN_POINT('',(-8.1E1,0.E0,8.8E1));
#13819=DIRECTION('',(1.E0,0.E0,0.E0));
#13820=DIRECTION('',(0.E0,-1.E0,0.E0));
#13821=AXIS2_PLACEMENT_3D('',#13818,#13819,#13820);
#13822=PLANE('',#13821);
#13824=ORIENTED_EDGE('',*,*,#13823,.F.);
#13825=ORIENTED_EDGE('',*,*,#9540,.F.);
#13826=ORIENTED_EDGE('',*,*,#9471,.T.);
#13827=ORIENTED_EDGE('',*,*,#13544,.T.);
#13828=EDGE_LOOP('',(#13824,#13825,#13826,#13827));
#13829=FACE_OUTER_BOUND('',#13828,.F.);
#13830=ADVANCED_FACE('',(#13829),#13822,.F.);
#13831=CARTESIAN_POINT('',(-6.595596411847E1,0.E0,4.652669424660E0));
#13832=DIRECTION('',(1.736481776669E-1,0.E0,-9.848077530122E-1));
#13833=DIRECTION('',(-9.848077530122E-1,0.E0,-1.736481776669E-1));
#13834=AXIS2_PLACEMENT_3D('',#13831,#13832,#13833);
#13835=PLANE('',#13834);
#13837=ORIENTED_EDGE('',*,*,#13836,.F.);
#13838=ORIENTED_EDGE('',*,*,#13813,.F.);
#13839=ORIENTED_EDGE('',*,*,#9457,.F.);
#13841=ORIENTED_EDGE('',*,*,#13840,.F.);
#13843=ORIENTED_EDGE('',*,*,#13842,.T.);
#13844=EDGE_LOOP('',(#13837,#13838,#13839,#13841,#13843));
#13845=FACE_OUTER_BOUND('',#13844,.F.);
#13846=ADVANCED_FACE('',(#13845),#13835,.F.);
#13847=CARTESIAN_POINT('',(-8.1E1,5.2144E1,9.E0));
#13848=DIRECTION('',(0.E0,-1.E0,0.E0));
#13849=DIRECTION('',(-1.E0,0.E0,0.E0));
#13850=AXIS2_PLACEMENT_3D('',#13847,#13848,#13849);
#13851=CYLINDRICAL_SURFACE('',#13850,7.E0);
#13853=ORIENTED_EDGE('',*,*,#13852,.T.);
#13855=ORIENTED_EDGE('',*,*,#13854,.T.);
#13856=ORIENTED_EDGE('',*,*,#9867,.F.);
#13858=ORIENTED_EDGE('',*,*,#13857,.F.);
#13859=ORIENTED_EDGE('',*,*,#13643,.T.);
#13860=ORIENTED_EDGE('',*,*,#13668,.F.);
#13861=ORIENTED_EDGE('',*,*,#13836,.T.);
#13863=ORIENTED_EDGE('',*,*,#13862,.F.);
#13865=ORIENTED_EDGE('',*,*,#13864,.F.);
#13867=ORIENTED_EDGE('',*,*,#13866,.T.);
#13868=EDGE_LOOP('',(#13853,#13855,#13856,#13858,#13859,#13860,#13861,#13863,
#13865,#13867));
#13869=FACE_OUTER_BOUND('',#13868,.F.);
#13870=ADVANCED_FACE('',(#13869),#13851,.F.);
#13871=CARTESIAN_POINT('',(-8.1E1,-1.038430543251E1,2.E0));
#13872=DIRECTION('',(0.E0,1.E0,0.E0));
#13873=DIRECTION('',(0.E0,0.E0,1.E0));
#13874=AXIS2_PLACEMENT_3D('',#13871,#13872,#13873);
#13875=CONICAL_SURFACE('',#13874,1.368363992148E0,4.5E1);
#13876=ORIENTED_EDGE('',*,*,#13852,.F.);
#13878=ORIENTED_EDGE('',*,*,#13877,.F.);
#13880=ORIENTED_EDGE('',*,*,#13879,.F.);
#13881=EDGE_LOOP('',(#13876,#13878,#13880));
#13882=FACE_OUTER_BOUND('',#13881,.F.);
#13883=ADVANCED_FACE('',(#13882),#13875,.T.);
#13884=CARTESIAN_POINT('',(-8.1E1,0.E0,2.E0));
#13885=DIRECTION('',(0.E0,1.E0,0.E0));
#13886=DIRECTION('',(0.E0,0.E0,1.E0));
#13887=AXIS2_PLACEMENT_3D('',#13884,#13885,#13886);
#13888=CYLINDRICAL_SURFACE('',#13887,2.652669424660E0);
#13889=ORIENTED_EDGE('',*,*,#13866,.F.);
#13891=ORIENTED_EDGE('',*,*,#13890,.F.);
#13893=ORIENTED_EDGE('',*,*,#13892,.F.);
#13894=ORIENTED_EDGE('',*,*,#13877,.T.);
#13895=EDGE_LOOP('',(#13889,#13891,#13893,#13894));
#13896=FACE_OUTER_BOUND('',#13895,.F.);
#13897=ADVANCED_FACE('',(#13896),#13888,.T.);
#13898=CARTESIAN_POINT('',(-8.1E1,-8.6E0,2.E0));
#13899=DIRECTION('',(0.E0,1.E0,0.E0));
#13900=DIRECTION('',(0.E0,0.E0,1.E0));
#13901=AXIS2_PLACEMENT_3D('',#13898,#13899,#13900);
#13902=PLANE('',#13901);
#13903=ORIENTED_EDGE('',*,*,#13864,.T.);
#13905=ORIENTED_EDGE('',*,*,#13904,.T.);
#13906=ORIENTED_EDGE('',*,*,#13890,.T.);
#13907=EDGE_LOOP('',(#13903,#13905,#13906));
#13908=FACE_OUTER_BOUND('',#13907,.F.);
#13909=ADVANCED_FACE('',(#13908),#13902,.T.);
#13910=CARTESIAN_POINT('',(-8.1E1,-8.6E0,4.652669424660E0));
#13911=DIRECTION('',(1.736481776669E-1,-9.848077530122E-1,0.E0));
#13912=DIRECTION('',(9.848077530122E-1,1.736481776669E-1,0.E0));
#13913=AXIS2_PLACEMENT_3D('',#13910,#13911,#13912);
#13914=PLANE('',#13913);
#13915=ORIENTED_EDGE('',*,*,#13904,.F.);
#13917=ORIENTED_EDGE('',*,*,#13916,.T.);
#13918=ORIENTED_EDGE('',*,*,#13175,.T.);
#13920=ORIENTED_EDGE('',*,*,#13919,.F.);
#13921=EDGE_LOOP('',(#13915,#13917,#13918,#13920));
#13922=FACE_OUTER_BOUND('',#13921,.F.);
#13923=ADVANCED_FACE('',(#13922),#13914,.F.);
#13924=CARTESIAN_POINT('',(0.E0,0.E0,2.E0));
#13925=DIRECTION('',(0.E0,0.E0,-1.E0));
#13926=DIRECTION('',(-1.E0,0.E0,0.E0));
#13927=AXIS2_PLACEMENT_3D('',#13924,#13925,#13926);
#13928=PLANE('',#13927);
#13929=ORIENTED_EDGE('',*,*,#13854,.F.);
#13931=ORIENTED_EDGE('',*,*,#13930,.F.);
#13933=ORIENTED_EDGE('',*,*,#13932,.T.);
#13934=ORIENTED_EDGE('',*,*,#9869,.T.);
#13935=EDGE_LOOP('',(#13929,#13931,#13933,#13934));
#13936=FACE_OUTER_BOUND('',#13935,.F.);
#13938=ORIENTED_EDGE('',*,*,#13937,.F.);
#13940=ORIENTED_EDGE('',*,*,#13939,.F.);
#13942=ORIENTED_EDGE('',*,*,#13941,.F.);
#13944=ORIENTED_EDGE('',*,*,#13943,.F.);
#13945=EDGE_LOOP('',(#13938,#13940,#13942,#13944));
#13946=FACE_BOUND('',#13945,.F.);
#13948=ORIENTED_EDGE('',*,*,#13947,.F.);
#13950=ORIENTED_EDGE('',*,*,#13949,.F.);
#13952=ORIENTED_EDGE('',*,*,#13951,.F.);
#13954=ORIENTED_EDGE('',*,*,#13953,.F.);
#13955=EDGE_LOOP('',(#13948,#13950,#13952,#13954));
#13956=FACE_BOUND('',#13955,.F.);
#13958=ORIENTED_EDGE('',*,*,#13957,.F.);
#13960=ORIENTED_EDGE('',*,*,#13959,.F.);
#13962=ORIENTED_EDGE('',*,*,#13961,.F.);
#13964=ORIENTED_EDGE('',*,*,#13963,.F.);
#13965=EDGE_LOOP('',(#13958,#13960,#13962,#13964));
#13966=FACE_BOUND('',#13965,.F.);
#13968=ORIENTED_EDGE('',*,*,#13967,.F.);
#13970=ORIENTED_EDGE('',*,*,#13969,.F.);
#13972=ORIENTED_EDGE('',*,*,#13971,.F.);
#13974=ORIENTED_EDGE('',*,*,#13973,.F.);
#13975=EDGE_LOOP('',(#13968,#13970,#13972,#13974));
#13976=FACE_BOUND('',#13975,.F.);
#13978=ORIENTED_EDGE('',*,*,#13977,.F.);
#13980=ORIENTED_EDGE('',*,*,#13979,.F.);
#13982=ORIENTED_EDGE('',*,*,#13981,.F.);
#13984=ORIENTED_EDGE('',*,*,#13983,.F.);
#13985=EDGE_LOOP('',(#13978,#13980,#13982,#13984));
#13986=FACE_BOUND('',#13985,.F.);
#13988=ORIENTED_EDGE('',*,*,#13987,.T.);
#13990=ORIENTED_EDGE('',*,*,#13989,.T.);
#13992=ORIENTED_EDGE('',*,*,#13991,.T.);
#13994=ORIENTED_EDGE('',*,*,#13993,.T.);
#13995=EDGE_LOOP('',(#13988,#13990,#13992,#13994));
#13996=FACE_BOUND('',#13995,.F.);
#13998=ORIENTED_EDGE('',*,*,#13997,.T.);
#14000=ORIENTED_EDGE('',*,*,#13999,.T.);
#14002=ORIENTED_EDGE('',*,*,#14001,.T.);
#14004=ORIENTED_EDGE('',*,*,#14003,.T.);
#14005=EDGE_LOOP('',(#13998,#14000,#14002,#14004));
#14006=FACE_BOUND('',#14005,.F.);
#14008=ORIENTED_EDGE('',*,*,#14007,.T.);
#14010=ORIENTED_EDGE('',*,*,#14009,.T.);
#14012=ORIENTED_EDGE('',*,*,#14011,.T.);
#14014=ORIENTED_EDGE('',*,*,#14013,.T.);
#14015=EDGE_LOOP('',(#14008,#14010,#14012,#14014));
#14016=FACE_BOUND('',#14015,.F.);
#14018=ORIENTED_EDGE('',*,*,#14017,.T.);
#14020=ORIENTED_EDGE('',*,*,#14019,.T.);
#14022=ORIENTED_EDGE('',*,*,#14021,.T.);
#14024=ORIENTED_EDGE('',*,*,#14023,.T.);
#14025=EDGE_LOOP('',(#14018,#14020,#14022,#14024));
#14026=FACE_BOUND('',#14025,.F.);
#14027=ADVANCED_FACE('',(#13936,#13946,#13956,#13966,#13976,#13986,#13996,
#14006,#14016,#14026),#13928,.F.);
#14028=CARTESIAN_POINT('',(0.E0,0.E0,2.E0));
#14029=DIRECTION('',(0.E0,0.E0,-1.E0));
#14030=DIRECTION('',(-1.E0,0.E0,0.E0));
#14031=AXIS2_PLACEMENT_3D('',#14028,#14029,#14030);
#14032=PLANE('',#14031);
#14033=ORIENTED_EDGE('',*,*,#13916,.F.);
#14034=ORIENTED_EDGE('',*,*,#13862,.T.);
#14036=ORIENTED_EDGE('',*,*,#14035,.F.);
#14038=ORIENTED_EDGE('',*,*,#14037,.T.);
#14039=ORIENTED_EDGE('',*,*,#13177,.T.);
#14040=EDGE_LOOP('',(#14033,#14034,#14036,#14038,#14039));
#14041=FACE_OUTER_BOUND('',#14040,.F.);
#14042=ADVANCED_FACE('',(#14041),#14032,.F.);
#14043=CARTESIAN_POINT('',(-8.1E1,-9.1E0,4.652669424660E0));
#14044=DIRECTION('',(0.E0,-7.071067811865E-1,7.071067811865E-1));
#14045=DIRECTION('',(0.E0,-7.071067811865E-1,-7.071067811865E-1));
#14046=AXIS2_PLACEMENT_3D('',#14043,#14044,#14045);
#14047=PLANE('',#14046);
#14048=ORIENTED_EDGE('',*,*,#13879,.T.);
#14050=ORIENTED_EDGE('',*,*,#14049,.T.);
#14052=ORIENTED_EDGE('',*,*,#14051,.T.);
#14053=ORIENTED_EDGE('',*,*,#13930,.T.);
#14054=EDGE_LOOP('',(#14048,#14050,#14052,#14053));
#14055=FACE_OUTER_BOUND('',#14054,.F.);
#14056=ADVANCED_FACE('',(#14055),#14047,.T.);
#14057=CARTESIAN_POINT('',(-8.1E1,-7.1E0,4.652669424660E0));
#14058=DIRECTION('',(0.E0,0.E0,1.E0));
#14059=DIRECTION('',(0.E0,-1.E0,0.E0));
#14060=AXIS2_PLACEMENT_3D('',#14057,#14058,#14059);
#14061=PLANE('',#14060);
#14062=ORIENTED_EDGE('',*,*,#13892,.T.);
#14063=ORIENTED_EDGE('',*,*,#13919,.T.);
#14064=ORIENTED_EDGE('',*,*,#13173,.T.);
#14066=ORIENTED_EDGE('',*,*,#14065,.T.);
#14067=ORIENTED_EDGE('',*,*,#14049,.F.);
#14068=EDGE_LOOP('',(#14062,#14063,#14064,#14066,#14067));
#14069=FACE_OUTER_BOUND('',#14068,.F.);
#14070=ADVANCED_FACE('',(#14069),#14061,.T.);
#14071=CARTESIAN_POINT('',(-9.E0,-4.652669424660E0,9.E0));
#14072=DIRECTION('',(0.E0,-1.E0,0.E0));
#14073=DIRECTION('',(0.E0,0.E0,1.E0));
#14074=AXIS2_PLACEMENT_3D('',#14071,#14072,#14073);
#14075=CYLINDRICAL_SURFACE('',#14074,4.347330575340E0);
#14076=ORIENTED_EDGE('',*,*,#14065,.F.);
#14077=ORIENTED_EDGE('',*,*,#13171,.T.);
#14078=ORIENTED_EDGE('',*,*,#13264,.T.);
#14080=ORIENTED_EDGE('',*,*,#14079,.F.);
#14081=EDGE_LOOP('',(#14076,#14077,#14078,#14080));
#14082=FACE_OUTER_BOUND('',#14081,.F.);
#14083=ADVANCED_FACE('',(#14082),#14075,.F.);
#14084=CARTESIAN_POINT('',(-9.E0,-1.042633471233E1,9.E0));
#14085=DIRECTION('',(0.E0,-1.E0,0.E0));
#14086=DIRECTION('',(0.E0,0.E0,1.E0));
#14087=AXIS2_PLACEMENT_3D('',#14084,#14085,#14086);
#14088=CONICAL_SURFACE('',#14087,5.673665287670E0,4.5E1);
#14090=ORIENTED_EDGE('',*,*,#14089,.F.);
#14091=ORIENTED_EDGE('',*,*,#14051,.F.);
#14092=ORIENTED_EDGE('',*,*,#14079,.T.);
#14094=ORIENTED_EDGE('',*,*,#14093,.T.);
#14095=EDGE_LOOP('',(#14090,#14091,#14092,#14094));
#14096=FACE_OUTER_BOUND('',#14095,.F.);
#14097=ADVANCED_FACE('',(#14096),#14088,.F.);
#14098=CARTESIAN_POINT('',(-9.E0,5.2144E1,9.E0));
#14099=DIRECTION('',(0.E0,-1.E0,0.E0));
#14100=DIRECTION('',(0.E0,0.E0,-1.E0));
#14101=AXIS2_PLACEMENT_3D('',#14098,#14099,#14100);
#14102=CYLINDRICAL_SURFACE('',#14101,7.E0);
#14103=ORIENTED_EDGE('',*,*,#13179,.F.);
#14104=ORIENTED_EDGE('',*,*,#14037,.F.);
#14106=ORIENTED_EDGE('',*,*,#14105,.T.);
#14107=ORIENTED_EDGE('',*,*,#12999,.T.);
#14108=EDGE_LOOP('',(#14103,#14104,#14106,#14107));
#14109=FACE_OUTER_BOUND('',#14108,.F.);
#14110=ADVANCED_FACE('',(#14109),#14102,.F.);
#14111=CARTESIAN_POINT('',(-9.E0,5.2144E1,9.E0));
#14112=DIRECTION('',(0.E0,-1.E0,0.E0));
#14113=DIRECTION('',(0.E0,0.E0,-1.E0));
#14114=AXIS2_PLACEMENT_3D('',#14111,#14112,#14113);
#14115=CYLINDRICAL_SURFACE('',#14114,7.E0);
#14116=ORIENTED_EDGE('',*,*,#13107,.T.);
#14117=ORIENTED_EDGE('',*,*,#9871,.F.);
#14118=ORIENTED_EDGE('',*,*,#13932,.F.);
#14119=ORIENTED_EDGE('',*,*,#14089,.T.);
#14120=EDGE_LOOP('',(#14116,#14117,#14118,#14119));
#14121=FACE_OUTER_BOUND('',#14120,.F.);
#14122=ADVANCED_FACE('',(#14121),#14115,.F.);
#14123=CARTESIAN_POINT('',(-9.E0,-4.326334712330E0,9.E0));
#14124=DIRECTION('',(0.E0,-1.E0,0.E0));
#14125=DIRECTION('',(1.E0,0.E0,0.E0));
#14126=AXIS2_PLACEMENT_3D('',#14123,#14124,#14125);
#14127=CONICAL_SURFACE('',#14126,5.673665287670E0,4.5E1);
#14129=ORIENTED_EDGE('',*,*,#14128,.F.);
#14130=ORIENTED_EDGE('',*,*,#14105,.F.);
#14132=ORIENTED_EDGE('',*,*,#14131,.T.);
#14134=ORIENTED_EDGE('',*,*,#14133,.F.);
#14135=EDGE_LOOP('',(#14129,#14130,#14132,#14134));
#14136=FACE_OUTER_BOUND('',#14135,.F.);
#14137=ADVANCED_FACE('',(#14136),#14127,.F.);
#14138=CARTESIAN_POINT('',(-2.E0,-5.652669424660E0,8.1E1));
#14139=DIRECTION('',(-7.071067811865E-1,-7.071067811865E-1,0.E0));
#14140=DIRECTION('',(-7.071067811865E-1,7.071067811865E-1,0.E0));
#14141=AXIS2_PLACEMENT_3D('',#14138,#14139,#14140);
#14142=PLANE('',#14141);
#14144=ORIENTED_EDGE('',*,*,#14143,.F.);
#14145=ORIENTED_EDGE('',*,*,#13001,.T.);
#14146=ORIENTED_EDGE('',*,*,#14128,.T.);
#14148=ORIENTED_EDGE('',*,*,#14147,.F.);
#14149=EDGE_LOOP('',(#14144,#14145,#14146,#14148));
#14150=FACE_OUTER_BOUND('',#14149,.F.);
#14151=ADVANCED_FACE('',(#14150),#14142,.T.);
#14152=CARTESIAN_POINT('',(-9.E0,-4.326334712330E0,8.1E1));
#14153=DIRECTION('',(0.E0,-1.E0,0.E0));
#14154=DIRECTION('',(0.E0,0.E0,1.E0));
#14155=AXIS2_PLACEMENT_3D('',#14152,#14153,#14154);
#14156=CONICAL_SURFACE('',#14155,5.673665287670E0,4.5E1);
#14157=ORIENTED_EDGE('',*,*,#9518,.F.);
#14159=ORIENTED_EDGE('',*,*,#14158,.F.);
#14160=ORIENTED_EDGE('',*,*,#14143,.T.);
#14162=ORIENTED_EDGE('',*,*,#14161,.F.);
#14163=EDGE_LOOP('',(#14157,#14159,#14160,#14162));
#14164=FACE_OUTER_BOUND('',#14163,.F.);
#14165=ADVANCED_FACE('',(#14164),#14156,.F.);
#14166=CARTESIAN_POINT('',(-9.E0,5.2144E1,8.1E1));
#14167=DIRECTION('',(0.E0,-1.E0,0.E0));
#14168=DIRECTION('',(1.E0,0.E0,0.E0));
#14169=AXIS2_PLACEMENT_3D('',#14166,#14167,#14168);
#14170=CYLINDRICAL_SURFACE('',#14169,7.E0);
#14171=ORIENTED_EDGE('',*,*,#13182,.F.);
#14172=ORIENTED_EDGE('',*,*,#13003,.F.);
#14173=ORIENTED_EDGE('',*,*,#14158,.T.);
#14174=ORIENTED_EDGE('',*,*,#9691,.T.);
#14175=EDGE_LOOP('',(#14171,#14172,#14173,#14174));
#14176=FACE_OUTER_BOUND('',#14175,.F.);
#14177=ADVANCED_FACE('',(#14176),#14170,.F.);
#14178=CARTESIAN_POINT('',(-9.E0,5.2144E1,8.1E1));
#14179=DIRECTION('',(0.E0,-1.E0,0.E0));
#14180=DIRECTION('',(1.E0,0.E0,0.E0));
#14181=AXIS2_PLACEMENT_3D('',#14178,#14179,#14180);
#14182=CYLINDRICAL_SURFACE('',#14181,7.E0);
#14183=ORIENTED_EDGE('',*,*,#9608,.T.);
#14184=ORIENTED_EDGE('',*,*,#10173,.F.);
#14185=ORIENTED_EDGE('',*,*,#13097,.F.);
#14187=ORIENTED_EDGE('',*,*,#14186,.T.);
#14188=EDGE_LOOP('',(#14183,#14184,#14185,#14187));
#14189=FACE_OUTER_BOUND('',#14188,.F.);
#14190=ADVANCED_FACE('',(#14189),#14182,.F.);
#14191=CARTESIAN_POINT('',(-9.E0,-1.042633471233E1,8.1E1));
#14192=DIRECTION('',(0.E0,-1.E0,0.E0));
#14193=DIRECTION('',(-1.E0,0.E0,0.E0));
#14194=AXIS2_PLACEMENT_3D('',#14191,#14192,#14193);
#14195=CONICAL_SURFACE('',#14194,5.673665287670E0,4.5E1);
#14196=ORIENTED_EDGE('',*,*,#14186,.F.);
#14198=ORIENTED_EDGE('',*,*,#14197,.F.);
#14199=ORIENTED_EDGE('',*,*,#13250,.T.);
#14200=ORIENTED_EDGE('',*,*,#9593,.T.);
#14201=EDGE_LOOP('',(#14196,#14198,#14199,#14200));
#14202=FACE_OUTER_BOUND('',#14201,.F.);
#14203=ADVANCED_FACE('',(#14202),#14195,.F.);
#14204=CARTESIAN_POINT('',(-4.652669424660E0,-9.1E0,9.E0));
#14205=DIRECTION('',(-7.071067811865E-1,-7.071067811865E-1,0.E0));
#14206=DIRECTION('',(7.071067811865E-1,-7.071067811865E-1,0.E0));
#14207=AXIS2_PLACEMENT_3D('',#14204,#14205,#14206);
#14208=PLANE('',#14207);
#14209=ORIENTED_EDGE('',*,*,#13298,.F.);
#14210=ORIENTED_EDGE('',*,*,#13109,.T.);
#14211=ORIENTED_EDGE('',*,*,#14093,.F.);
#14212=ORIENTED_EDGE('',*,*,#13262,.T.);
#14213=EDGE_LOOP('',(#14209,#14210,#14211,#14212));
#14214=FACE_OUTER_BOUND('',#14213,.F.);
#14215=ADVANCED_FACE('',(#14214),#14208,.T.);
#14216=CARTESIAN_POINT('',(-4.652669424660E0,-9.1E0,9.E0));
#14217=DIRECTION('',(-7.071067811865E-1,-7.071067811865E-1,0.E0));
#14218=DIRECTION('',(7.071067811865E-1,-7.071067811865E-1,0.E0));
#14219=AXIS2_PLACEMENT_3D('',#14216,#14217,#14218);
#14220=PLANE('',#14219);
#14222=ORIENTED_EDGE('',*,*,#14221,.T.);
#14223=ORIENTED_EDGE('',*,*,#13268,.T.);
#14224=ORIENTED_EDGE('',*,*,#14197,.T.);
#14225=ORIENTED_EDGE('',*,*,#13095,.T.);
#14226=EDGE_LOOP('',(#14222,#14223,#14224,#14225));
#14227=FACE_OUTER_BOUND('',#14226,.F.);
#14228=ADVANCED_FACE('',(#14227),#14220,.T.);
#14229=CARTESIAN_POINT('',(0.E0,0.E0,4.7E1));
#14230=DIRECTION('',(0.E0,0.E0,1.E0));
#14231=DIRECTION('',(1.E0,0.E0,0.E0));
#14232=AXIS2_PLACEMENT_3D('',#14229,#14230,#14231);
#14233=PLANE('',#14232);
#14234=ORIENTED_EDGE('',*,*,#13085,.F.);
#14236=ORIENTED_EDGE('',*,*,#14235,.F.);
#14238=ORIENTED_EDGE('',*,*,#14237,.F.);
#14239=ORIENTED_EDGE('',*,*,#13316,.F.);
#14240=EDGE_LOOP('',(#14234,#14236,#14238,#14239));
#14241=FACE_OUTER_BOUND('',#14240,.F.);
#14242=ADVANCED_FACE('',(#14241),#14233,.T.);
#14243=CARTESIAN_POINT('',(0.E0,0.E0,4.7E1));
#14244=DIRECTION('',(0.E0,0.E0,1.E0));
#14245=DIRECTION('',(1.E0,0.E0,0.E0));
#14246=AXIS2_PLACEMENT_3D('',#14243,#14244,#14245);
#14247=PLANE('',#14246);
#14248=ORIENTED_EDGE('',*,*,#13093,.F.);
#14250=ORIENTED_EDGE('',*,*,#14249,.F.);
#14252=ORIENTED_EDGE('',*,*,#14251,.F.);
#14253=ORIENTED_EDGE('',*,*,#13270,.F.);
#14254=ORIENTED_EDGE('',*,*,#14221,.F.);
#14255=EDGE_LOOP('',(#14248,#14250,#14252,#14253,#14254));
#14256=FACE_OUTER_BOUND('',#14255,.F.);
#14257=ADVANCED_FACE('',(#14256),#14247,.T.);
#14258=CARTESIAN_POINT('',(-1.7E1,-2.858331477355E1,1.2E1));
#14259=DIRECTION('',(0.E0,0.E0,1.E0));
#14260=DIRECTION('',(1.E0,0.E0,0.E0));
#14261=AXIS2_PLACEMENT_3D('',#14258,#14259,#14260);
#14262=CYLINDRICAL_SURFACE('',#14261,1.5E1);
#14264=ORIENTED_EDGE('',*,*,#14263,.T.);
#14266=ORIENTED_EDGE('',*,*,#14265,.T.);
#14268=ORIENTED_EDGE('',*,*,#14267,.F.);
#14270=ORIENTED_EDGE('',*,*,#14269,.F.);
#14272=ORIENTED_EDGE('',*,*,#14271,.T.);
#14274=ORIENTED_EDGE('',*,*,#14273,.T.);
#14276=ORIENTED_EDGE('',*,*,#14275,.F.);
#14278=ORIENTED_EDGE('',*,*,#14277,.F.);
#14280=ORIENTED_EDGE('',*,*,#14279,.T.);
#14282=ORIENTED_EDGE('',*,*,#14281,.T.);
#14284=ORIENTED_EDGE('',*,*,#14283,.F.);
#14286=ORIENTED_EDGE('',*,*,#14285,.F.);
#14288=ORIENTED_EDGE('',*,*,#14287,.T.);
#14290=ORIENTED_EDGE('',*,*,#14289,.T.);
#14292=ORIENTED_EDGE('',*,*,#14291,.F.);
#14294=ORIENTED_EDGE('',*,*,#14293,.F.);
#14295=ORIENTED_EDGE('',*,*,#13414,.T.);
#14297=ORIENTED_EDGE('',*,*,#14296,.T.);
#14298=ORIENTED_EDGE('',*,*,#14235,.T.);
#14299=ORIENTED_EDGE('',*,*,#13083,.F.);
#14300=ORIENTED_EDGE('',*,*,#13287,.F.);
#14302=ORIENTED_EDGE('',*,*,#14301,.T.);
#14304=ORIENTED_EDGE('',*,*,#14303,.F.);
#14306=ORIENTED_EDGE('',*,*,#14305,.F.);
#14307=EDGE_LOOP('',(#14264,#14266,#14268,#14270,#14272,#14274,#14276,#14278,
#14280,#14282,#14284,#14286,#14288,#14290,#14292,#14294,#14295,#14297,#14298,
#14299,#14300,#14302,#14304,#14306));
#14308=FACE_OUTER_BOUND('',#14307,.F.);
#14309=ADVANCED_FACE('',(#14308),#14262,.F.);
#14310=CARTESIAN_POINT('',(0.E0,-1.3E1,3.E1));
#14311=DIRECTION('',(0.E0,0.E0,1.E0));
#14312=DIRECTION('',(0.E0,-1.E0,0.E0));
#14313=AXIS2_PLACEMENT_3D('',#14310,#14311,#14312);
#14314=PLANE('',#14313);
#14315=ORIENTED_EDGE('',*,*,#13475,.F.);
#14317=ORIENTED_EDGE('',*,*,#14316,.T.);
#14319=ORIENTED_EDGE('',*,*,#14318,.T.);
#14321=ORIENTED_EDGE('',*,*,#14320,.F.);
#14322=ORIENTED_EDGE('',*,*,#13061,.T.);
#14323=ORIENTED_EDGE('',*,*,#13373,.T.);
#14325=ORIENTED_EDGE('',*,*,#14324,.T.);
#14326=ORIENTED_EDGE('',*,*,#14263,.F.);
#14328=ORIENTED_EDGE('',*,*,#14327,.F.);
#14329=EDGE_LOOP('',(#14315,#14317,#14319,#14321,#14322,#14323,#14325,#14326,
#14328));
#14330=FACE_OUTER_BOUND('',#14329,.F.);
#14331=ADVANCED_FACE('',(#14330),#14314,.F.);
#14332=CARTESIAN_POINT('',(0.E0,-1.3E1,2.9E1));
#14333=DIRECTION('',(1.E0,0.E0,0.E0));
#14334=DIRECTION('',(0.E0,0.E0,-1.E0));
#14335=AXIS2_PLACEMENT_3D('',#14332,#14333,#14334);
#14336=CYLINDRICAL_SURFACE('',#14335,1.E0);
#14337=ORIENTED_EDGE('',*,*,#13473,.F.);
#14339=ORIENTED_EDGE('',*,*,#14338,.T.);
#14341=ORIENTED_EDGE('',*,*,#14340,.T.);
#14342=ORIENTED_EDGE('',*,*,#14316,.F.);
#14343=EDGE_LOOP('',(#14337,#14339,#14341,#14342));
#14344=FACE_OUTER_BOUND('',#14343,.F.);
#14345=ADVANCED_FACE('',(#14344),#14336,.F.);
#14346=CARTESIAN_POINT('',(0.E0,-2.7E1,2.8E1));
#14347=DIRECTION('',(0.E0,0.E0,-1.E0));
#14348=DIRECTION('',(0.E0,1.E0,0.E0));
#14349=AXIS2_PLACEMENT_3D('',#14346,#14347,#14348);
#14350=PLANE('',#14349);
#14351=ORIENTED_EDGE('',*,*,#13479,.F.);
#14353=ORIENTED_EDGE('',*,*,#14352,.T.);
#14354=ORIENTED_EDGE('',*,*,#14303,.T.);
#14356=ORIENTED_EDGE('',*,*,#14355,.F.);
#14357=ORIENTED_EDGE('',*,*,#13388,.F.);
#14358=ORIENTED_EDGE('',*,*,#13077,.T.);
#14360=ORIENTED_EDGE('',*,*,#14359,.T.);
#14362=ORIENTED_EDGE('',*,*,#14361,.F.);
#14363=ORIENTED_EDGE('',*,*,#14338,.F.);
#14364=EDGE_LOOP('',(#14351,#14353,#14354,#14356,#14357,#14358,#14360,#14362,
#14363));
#14365=FACE_OUTER_BOUND('',#14364,.F.);
#14366=ADVANCED_FACE('',(#14365),#14350,.F.);
#14367=CARTESIAN_POINT('',(0.E0,-2.7E1,2.9E1));
#14368=DIRECTION('',(1.E0,0.E0,0.E0));
#14369=DIRECTION('',(0.E0,0.E0,-1.E0));
#14370=AXIS2_PLACEMENT_3D('',#14367,#14368,#14369);
#14371=CYLINDRICAL_SURFACE('',#14370,1.E0);
#14372=ORIENTED_EDGE('',*,*,#13477,.F.);
#14373=ORIENTED_EDGE('',*,*,#14327,.T.);
#14374=ORIENTED_EDGE('',*,*,#14305,.T.);
#14375=ORIENTED_EDGE('',*,*,#14352,.F.);
#14376=EDGE_LOOP('',(#14372,#14373,#14374,#14375));
#14377=FACE_OUTER_BOUND('',#14376,.F.);
#14378=ADVANCED_FACE('',(#14377),#14371,.F.);
#14379=CARTESIAN_POINT('',(-4.E0,-1.61E1,1.2E1));
#14380=DIRECTION('',(-1.E0,0.E0,0.E0));
#14381=DIRECTION('',(0.E0,-1.E0,0.E0));
#14382=AXIS2_PLACEMENT_3D('',#14379,#14380,#14381);
#14383=PLANE('',#14382);
#14384=ORIENTED_EDGE('',*,*,#13412,.F.);
#14385=ORIENTED_EDGE('',*,*,#13318,.T.);
#14386=ORIENTED_EDGE('',*,*,#14237,.T.);
#14387=ORIENTED_EDGE('',*,*,#14296,.F.);
#14388=EDGE_LOOP('',(#14384,#14385,#14386,#14387));
#14389=FACE_OUTER_BOUND('',#14388,.F.);
#14390=ADVANCED_FACE('',(#14389),#14383,.T.);
#14391=CARTESIAN_POINT('',(-4.E0,-1.61E1,1.2E1));
#14392=DIRECTION('',(-1.E0,0.E0,0.E0));
#14393=DIRECTION('',(0.E0,-1.E0,0.E0));
#14394=AXIS2_PLACEMENT_3D('',#14391,#14392,#14393);
#14395=PLANE('',#14394);
#14397=ORIENTED_EDGE('',*,*,#14396,.F.);
#14398=ORIENTED_EDGE('',*,*,#13333,.T.);
#14400=ORIENTED_EDGE('',*,*,#14399,.T.);
#14401=ORIENTED_EDGE('',*,*,#14289,.F.);
#14402=EDGE_LOOP('',(#14397,#14398,#14400,#14401));
#14403=FACE_OUTER_BOUND('',#14402,.F.);
#14404=ADVANCED_FACE('',(#14403),#14395,.T.);
#14405=CARTESIAN_POINT('',(-4.E0,-1.61E1,1.2E1));
#14406=DIRECTION('',(-1.E0,0.E0,0.E0));
#14407=DIRECTION('',(0.E0,-1.E0,0.E0));
#14408=AXIS2_PLACEMENT_3D('',#14405,#14406,#14407);
#14409=PLANE('',#14408);
#14411=ORIENTED_EDGE('',*,*,#14410,.F.);
#14412=ORIENTED_EDGE('',*,*,#13348,.T.);
#14414=ORIENTED_EDGE('',*,*,#14413,.T.);
#14415=ORIENTED_EDGE('',*,*,#14281,.F.);
#14416=EDGE_LOOP('',(#14411,#14412,#14414,#14415));
#14417=FACE_OUTER_BOUND('',#14416,.F.);
#14418=ADVANCED_FACE('',(#14417),#14409,.T.);
#14419=CARTESIAN_POINT('',(-4.E0,-1.61E1,1.2E1));
#14420=DIRECTION('',(-1.E0,0.E0,0.E0));
#14421=DIRECTION('',(0.E0,-1.E0,0.E0));
#14422=AXIS2_PLACEMENT_3D('',#14419,#14420,#14421);
#14423=PLANE('',#14422);
#14425=ORIENTED_EDGE('',*,*,#14424,.F.);
#14426=ORIENTED_EDGE('',*,*,#13363,.T.);
#14428=ORIENTED_EDGE('',*,*,#14427,.T.);
#14429=ORIENTED_EDGE('',*,*,#14273,.F.);
#14430=EDGE_LOOP('',(#14425,#14426,#14428,#14429));
#14431=FACE_OUTER_BOUND('',#14430,.F.);
#14432=ADVANCED_FACE('',(#14431),#14423,.T.);
#14433=CARTESIAN_POINT('',(-4.E0,-1.61E1,1.2E1));
#14434=DIRECTION('',(-1.E0,0.E0,0.E0));
#14435=DIRECTION('',(0.E0,-1.E0,0.E0));
#14436=AXIS2_PLACEMENT_3D('',#14433,#14434,#14435);
#14437=PLANE('',#14436);
#14438=ORIENTED_EDGE('',*,*,#14324,.F.);
#14439=ORIENTED_EDGE('',*,*,#13378,.T.);
#14441=ORIENTED_EDGE('',*,*,#14440,.T.);
#14442=ORIENTED_EDGE('',*,*,#14265,.F.);
#14443=EDGE_LOOP('',(#14438,#14439,#14441,#14442));
#14444=FACE_OUTER_BOUND('',#14443,.F.);
#14445=ADVANCED_FACE('',(#14444),#14437,.T.);
#14446=CARTESIAN_POINT('',(-4.E0,-1.61E1,1.2E1));
#14447=DIRECTION('',(-1.E0,0.E0,0.E0));
#14448=DIRECTION('',(0.E0,-1.E0,0.E0));
#14449=AXIS2_PLACEMENT_3D('',#14446,#14447,#14448);
#14450=PLANE('',#14449);
#14451=ORIENTED_EDGE('',*,*,#14355,.T.);
#14452=ORIENTED_EDGE('',*,*,#14301,.F.);
#14453=ORIENTED_EDGE('',*,*,#13285,.F.);
#14454=ORIENTED_EDGE('',*,*,#13390,.T.);
#14455=EDGE_LOOP('',(#14451,#14452,#14453,#14454));
#14456=FACE_OUTER_BOUND('',#14455,.F.);
#14457=ADVANCED_FACE('',(#14456),#14450,.T.);
#14458=CARTESIAN_POINT('',(0.E0,-1.3E1,4.2E1));
#14459=DIRECTION('',(0.E0,0.E0,1.E0));
#14460=DIRECTION('',(0.E0,-1.E0,0.E0));
#14461=AXIS2_PLACEMENT_3D('',#14458,#14459,#14460);
#14462=PLANE('',#14461);
#14463=ORIENTED_EDGE('',*,*,#13445,.F.);
#14465=ORIENTED_EDGE('',*,*,#14464,.T.);
#14467=ORIENTED_EDGE('',*,*,#14466,.T.);
#14469=ORIENTED_EDGE('',*,*,#14468,.F.);
#14470=ORIENTED_EDGE('',*,*,#13013,.T.);
#14471=ORIENTED_EDGE('',*,*,#13328,.T.);
#14472=ORIENTED_EDGE('',*,*,#14396,.T.);
#14473=ORIENTED_EDGE('',*,*,#14287,.F.);
#14475=ORIENTED_EDGE('',*,*,#14474,.F.);
#14476=EDGE_LOOP('',(#14463,#14465,#14467,#14469,#14470,#14471,#14472,#14473,
#14475));
#14477=FACE_OUTER_BOUND('',#14476,.F.);
#14478=ADVANCED_FACE('',(#14477),#14462,.F.);
#14479=CARTESIAN_POINT('',(0.E0,-1.3E1,4.1E1));
#14480=DIRECTION('',(1.E0,0.E0,0.E0));
#14481=DIRECTION('',(0.E0,0.E0,-1.E0));
#14482=AXIS2_PLACEMENT_3D('',#14479,#14480,#14481);
#14483=CYLINDRICAL_SURFACE('',#14482,1.E0);
#14484=ORIENTED_EDGE('',*,*,#13443,.F.);
#14486=ORIENTED_EDGE('',*,*,#14485,.T.);
#14488=ORIENTED_EDGE('',*,*,#14487,.T.);
#14489=ORIENTED_EDGE('',*,*,#14464,.F.);
#14490=EDGE_LOOP('',(#14484,#14486,#14488,#14489));
#14491=FACE_OUTER_BOUND('',#14490,.F.);
#14492=ADVANCED_FACE('',(#14491),#14483,.F.);
#14493=CARTESIAN_POINT('',(0.E0,-2.7E1,4.E1));
#14494=DIRECTION('',(0.E0,0.E0,-1.E0));
#14495=DIRECTION('',(0.E0,1.E0,0.E0));
#14496=AXIS2_PLACEMENT_3D('',#14493,#14494,#14495);
#14497=PLANE('',#14496);
#14498=ORIENTED_EDGE('',*,*,#13449,.F.);
#14500=ORIENTED_EDGE('',*,*,#14499,.T.);
#14501=ORIENTED_EDGE('',*,*,#14283,.T.);
#14502=ORIENTED_EDGE('',*,*,#14413,.F.);
#14503=ORIENTED_EDGE('',*,*,#13346,.F.);
#14504=ORIENTED_EDGE('',*,*,#13033,.T.);
#14506=ORIENTED_EDGE('',*,*,#14505,.T.);
#14508=ORIENTED_EDGE('',*,*,#14507,.F.);
#14509=ORIENTED_EDGE('',*,*,#14485,.F.);
#14510=EDGE_LOOP('',(#14498,#14500,#14501,#14502,#14503,#14504,#14506,#14508,
#14509));
#14511=FACE_OUTER_BOUND('',#14510,.F.);
#14512=ADVANCED_FACE('',(#14511),#14497,.F.);
#14513=CARTESIAN_POINT('',(0.E0,-2.7E1,4.1E1));
#14514=DIRECTION('',(1.E0,0.E0,0.E0));
#14515=DIRECTION('',(0.E0,0.E0,-1.E0));
#14516=AXIS2_PLACEMENT_3D('',#14513,#14514,#14515);
#14517=CYLINDRICAL_SURFACE('',#14516,1.E0);
#14518=ORIENTED_EDGE('',*,*,#13447,.F.);
#14519=ORIENTED_EDGE('',*,*,#14474,.T.);
#14520=ORIENTED_EDGE('',*,*,#14285,.T.);
#14521=ORIENTED_EDGE('',*,*,#14499,.F.);
#14522=EDGE_LOOP('',(#14518,#14519,#14520,#14521));
#14523=FACE_OUTER_BOUND('',#14522,.F.);
#14524=ADVANCED_FACE('',(#14523),#14517,.F.);
#14525=CARTESIAN_POINT('',(-4.E0,-1.542287565553E1,1.2E1));
#14526=DIRECTION('',(0.E0,0.E0,1.E0));
#14527=DIRECTION('',(1.E0,0.E0,0.E0));
#14528=AXIS2_PLACEMENT_3D('',#14525,#14526,#14527);
#14529=CYLINDRICAL_SURFACE('',#14528,2.E0);
#14530=ORIENTED_EDGE('',*,*,#13408,.T.);
#14532=ORIENTED_EDGE('',*,*,#14531,.T.);
#14533=ORIENTED_EDGE('',*,*,#14249,.T.);
#14534=ORIENTED_EDGE('',*,*,#13091,.F.);
#14535=EDGE_LOOP('',(#14530,#14532,#14533,#14534));
#14536=FACE_OUTER_BOUND('',#14535,.F.);
#14537=ADVANCED_FACE('',(#14536),#14529,.F.);
#14538=CARTESIAN_POINT('',(-4.E0,-1.542287565553E1,1.2E1));
#14539=DIRECTION('',(0.E0,0.E0,1.E0));
#14540=DIRECTION('',(1.E0,0.E0,0.E0));
#14541=AXIS2_PLACEMENT_3D('',#14538,#14539,#14540);
#14542=CYLINDRICAL_SURFACE('',#14541,2.E0);
#14543=ORIENTED_EDGE('',*,*,#14468,.T.);
#14545=ORIENTED_EDGE('',*,*,#14544,.T.);
#14547=ORIENTED_EDGE('',*,*,#14546,.F.);
#14548=ORIENTED_EDGE('',*,*,#13015,.F.);
#14549=EDGE_LOOP('',(#14543,#14545,#14547,#14548));
#14550=FACE_OUTER_BOUND('',#14549,.F.);
#14551=ADVANCED_FACE('',(#14550),#14542,.F.);
#14552=CARTESIAN_POINT('',(-4.E0,-1.542287565553E1,1.2E1));
#14553=DIRECTION('',(0.E0,0.E0,1.E0));
#14554=DIRECTION('',(1.E0,0.E0,0.E0));
#14555=AXIS2_PLACEMENT_3D('',#14552,#14553,#14554);
#14556=CYLINDRICAL_SURFACE('',#14555,2.E0);
#14558=ORIENTED_EDGE('',*,*,#14557,.T.);
#14560=ORIENTED_EDGE('',*,*,#14559,.T.);
#14561=ORIENTED_EDGE('',*,*,#14505,.F.);
#14562=ORIENTED_EDGE('',*,*,#13031,.F.);
#14563=EDGE_LOOP('',(#14558,#14560,#14561,#14562));
#14564=FACE_OUTER_BOUND('',#14563,.F.);
#14565=ADVANCED_FACE('',(#14564),#14556,.F.);
#14566=CARTESIAN_POINT('',(-4.E0,-1.542287565553E1,1.2E1));
#14567=DIRECTION('',(0.E0,0.E0,1.E0));
#14568=DIRECTION('',(1.E0,0.E0,0.E0));
#14569=AXIS2_PLACEMENT_3D('',#14566,#14567,#14568);
#14570=CYLINDRICAL_SURFACE('',#14569,2.E0);
#14572=ORIENTED_EDGE('',*,*,#14571,.T.);
#14574=ORIENTED_EDGE('',*,*,#14573,.T.);
#14576=ORIENTED_EDGE('',*,*,#14575,.F.);
#14577=ORIENTED_EDGE('',*,*,#13047,.F.);
#14578=EDGE_LOOP('',(#14572,#14574,#14576,#14577));
#14579=FACE_OUTER_BOUND('',#14578,.F.);
#14580=ADVANCED_FACE('',(#14579),#14570,.F.);
#14581=CARTESIAN_POINT('',(-4.E0,-1.542287565553E1,1.2E1));
#14582=DIRECTION('',(0.E0,0.E0,1.E0));
#14583=DIRECTION('',(1.E0,0.E0,0.E0));
#14584=AXIS2_PLACEMENT_3D('',#14581,#14582,#14583);
#14585=CYLINDRICAL_SURFACE('',#14584,2.E0);
#14586=ORIENTED_EDGE('',*,*,#14320,.T.);
#14588=ORIENTED_EDGE('',*,*,#14587,.T.);
#14590=ORIENTED_EDGE('',*,*,#14589,.F.);
#14591=ORIENTED_EDGE('',*,*,#13063,.F.);
#14592=EDGE_LOOP('',(#14586,#14588,#14590,#14591));
#14593=FACE_OUTER_BOUND('',#14592,.F.);
#14594=ADVANCED_FACE('',(#14593),#14585,.F.);
#14595=CARTESIAN_POINT('',(-4.E0,-1.542287565553E1,1.2E1));
#14596=DIRECTION('',(0.E0,0.E0,1.E0));
#14597=DIRECTION('',(1.E0,0.E0,0.E0));
#14598=AXIS2_PLACEMENT_3D('',#14595,#14596,#14597);
#14599=CYLINDRICAL_SURFACE('',#14598,2.E0);
#14600=ORIENTED_EDGE('',*,*,#14359,.F.);
#14601=ORIENTED_EDGE('',*,*,#13113,.F.);
#14602=ORIENTED_EDGE('',*,*,#13303,.F.);
#14604=ORIENTED_EDGE('',*,*,#14603,.T.);
#14605=EDGE_LOOP('',(#14600,#14601,#14602,#14604));
#14606=FACE_OUTER_BOUND('',#14605,.F.);
#14607=ADVANCED_FACE('',(#14606),#14599,.F.);
#14608=CARTESIAN_POINT('',(-4.652669424660E0,-1.194177910613E1,1.2E1));
#14609=DIRECTION('',(-7.071067811865E-1,-7.071067811865E-1,0.E0));
#14610=DIRECTION('',(7.071067811865E-1,-7.071067811865E-1,0.E0));
#14611=AXIS2_PLACEMENT_3D('',#14608,#14609,#14610);
#14612=PLANE('',#14611);
#14613=ORIENTED_EDGE('',*,*,#14318,.F.);
#14614=ORIENTED_EDGE('',*,*,#14340,.F.);
#14615=ORIENTED_EDGE('',*,*,#14361,.T.);
#14616=ORIENTED_EDGE('',*,*,#14603,.F.);
#14617=ORIENTED_EDGE('',*,*,#13301,.F.);
#14618=ORIENTED_EDGE('',*,*,#13272,.T.);
#14619=ORIENTED_EDGE('',*,*,#14251,.T.);
#14620=ORIENTED_EDGE('',*,*,#14531,.F.);
#14621=ORIENTED_EDGE('',*,*,#13406,.F.);
#14623=ORIENTED_EDGE('',*,*,#14622,.F.);
#14625=ORIENTED_EDGE('',*,*,#14624,.T.);
#14626=ORIENTED_EDGE('',*,*,#14544,.F.);
#14627=ORIENTED_EDGE('',*,*,#14466,.F.);
#14628=ORIENTED_EDGE('',*,*,#14487,.F.);
#14629=ORIENTED_EDGE('',*,*,#14507,.T.);
#14630=ORIENTED_EDGE('',*,*,#14559,.F.);
#14632=ORIENTED_EDGE('',*,*,#14631,.F.);
#14634=ORIENTED_EDGE('',*,*,#14633,.F.);
#14636=ORIENTED_EDGE('',*,*,#14635,.T.);
#14637=ORIENTED_EDGE('',*,*,#14573,.F.);
#14639=ORIENTED_EDGE('',*,*,#14638,.F.);
#14641=ORIENTED_EDGE('',*,*,#14640,.F.);
#14643=ORIENTED_EDGE('',*,*,#14642,.T.);
#14644=ORIENTED_EDGE('',*,*,#14587,.F.);
#14645=EDGE_LOOP('',(#14613,#14614,#14615,#14616,#14617,#14618,#14619,#14620,
#14621,#14623,#14625,#14626,#14627,#14628,#14629,#14630,#14632,#14634,#14636,
#14637,#14639,#14641,#14643,#14644));
#14646=FACE_OUTER_BOUND('',#14645,.F.);
#14647=ADVANCED_FACE('',(#14646),#14612,.T.);
#14648=CARTESIAN_POINT('',(0.E0,-1.3E1,4.5E1));
#14649=DIRECTION('',(1.E0,0.E0,0.E0));
#14650=DIRECTION('',(0.E0,0.E0,-1.E0));
#14651=AXIS2_PLACEMENT_3D('',#14648,#14649,#14650);
#14652=CYLINDRICAL_SURFACE('',#14651,1.E0);
#14653=ORIENTED_EDGE('',*,*,#13434,.F.);
#14655=ORIENTED_EDGE('',*,*,#14654,.T.);
#14656=ORIENTED_EDGE('',*,*,#14622,.T.);
#14657=ORIENTED_EDGE('',*,*,#13404,.F.);
#14658=EDGE_LOOP('',(#14653,#14655,#14656,#14657));
#14659=FACE_OUTER_BOUND('',#14658,.F.);
#14660=ADVANCED_FACE('',(#14659),#14652,.F.);
#14661=CARTESIAN_POINT('',(0.E0,-2.7E1,4.4E1));
#14662=DIRECTION('',(0.E0,0.E0,-1.E0));
#14663=DIRECTION('',(0.E0,1.E0,0.E0));
#14664=AXIS2_PLACEMENT_3D('',#14661,#14662,#14663);
#14665=PLANE('',#14664);
#14666=ORIENTED_EDGE('',*,*,#13439,.F.);
#14668=ORIENTED_EDGE('',*,*,#14667,.T.);
#14669=ORIENTED_EDGE('',*,*,#14291,.T.);
#14670=ORIENTED_EDGE('',*,*,#14399,.F.);
#14671=ORIENTED_EDGE('',*,*,#13331,.F.);
#14672=ORIENTED_EDGE('',*,*,#13017,.T.);
#14673=ORIENTED_EDGE('',*,*,#14546,.T.);
#14674=ORIENTED_EDGE('',*,*,#14624,.F.);
#14675=ORIENTED_EDGE('',*,*,#14654,.F.);
#14676=EDGE_LOOP('',(#14666,#14668,#14669,#14670,#14671,#14672,#14673,#14674,
#14675));
#14677=FACE_OUTER_BOUND('',#14676,.F.);
#14678=ADVANCED_FACE('',(#14677),#14665,.F.);
#14679=CARTESIAN_POINT('',(0.E0,-2.7E1,4.5E1));
#14680=DIRECTION('',(1.E0,0.E0,0.E0));
#14681=DIRECTION('',(0.E0,0.E0,-1.E0));
#14682=AXIS2_PLACEMENT_3D('',#14679,#14680,#14681);
#14683=CYLINDRICAL_SURFACE('',#14682,1.E0);
#14684=ORIENTED_EDGE('',*,*,#13437,.F.);
#14685=ORIENTED_EDGE('',*,*,#13416,.T.);
#14686=ORIENTED_EDGE('',*,*,#14293,.T.);
#14687=ORIENTED_EDGE('',*,*,#14667,.F.);
#14688=EDGE_LOOP('',(#14684,#14685,#14686,#14687));
#14689=FACE_OUTER_BOUND('',#14688,.F.);
#14690=ADVANCED_FACE('',(#14689),#14683,.F.);
#14691=CARTESIAN_POINT('',(0.E0,-1.3E1,3.8E1));
#14692=DIRECTION('',(0.E0,0.E0,1.E0));
#14693=DIRECTION('',(0.E0,-1.E0,0.E0));
#14694=AXIS2_PLACEMENT_3D('',#14691,#14692,#14693);
#14695=PLANE('',#14694);
#14696=ORIENTED_EDGE('',*,*,#13455,.F.);
#14698=ORIENTED_EDGE('',*,*,#14697,.T.);
#14699=ORIENTED_EDGE('',*,*,#14631,.T.);
#14700=ORIENTED_EDGE('',*,*,#14557,.F.);
#14701=ORIENTED_EDGE('',*,*,#13029,.T.);
#14702=ORIENTED_EDGE('',*,*,#13343,.T.);
#14703=ORIENTED_EDGE('',*,*,#14410,.T.);
#14704=ORIENTED_EDGE('',*,*,#14279,.F.);
#14706=ORIENTED_EDGE('',*,*,#14705,.F.);
#14707=EDGE_LOOP('',(#14696,#14698,#14699,#14700,#14701,#14702,#14703,#14704,
#14706));
#14708=FACE_OUTER_BOUND('',#14707,.F.);
#14709=ADVANCED_FACE('',(#14708),#14695,.F.);
#14710=CARTESIAN_POINT('',(0.E0,-1.3E1,3.7E1));
#14711=DIRECTION('',(1.E0,0.E0,0.E0));
#14712=DIRECTION('',(0.E0,0.E0,-1.E0));
#14713=AXIS2_PLACEMENT_3D('',#14710,#14711,#14712);
#14714=CYLINDRICAL_SURFACE('',#14713,1.E0);
#14715=ORIENTED_EDGE('',*,*,#13453,.F.);
#14717=ORIENTED_EDGE('',*,*,#14716,.T.);
#14718=ORIENTED_EDGE('',*,*,#14633,.T.);
#14719=ORIENTED_EDGE('',*,*,#14697,.F.);
#14720=EDGE_LOOP('',(#14715,#14717,#14718,#14719));
#14721=FACE_OUTER_BOUND('',#14720,.F.);
#14722=ADVANCED_FACE('',(#14721),#14714,.F.);
#14723=CARTESIAN_POINT('',(0.E0,-2.7E1,3.6E1));
#14724=DIRECTION('',(0.E0,0.E0,-1.E0));
#14725=DIRECTION('',(0.E0,1.E0,0.E0));
#14726=AXIS2_PLACEMENT_3D('',#14723,#14724,#14725);
#14727=PLANE('',#14726);
#14728=ORIENTED_EDGE('',*,*,#13459,.F.);
#14730=ORIENTED_EDGE('',*,*,#14729,.T.);
#14731=ORIENTED_EDGE('',*,*,#14275,.T.);
#14732=ORIENTED_EDGE('',*,*,#14427,.F.);
#14733=ORIENTED_EDGE('',*,*,#13361,.F.);
#14734=ORIENTED_EDGE('',*,*,#13049,.T.);
#14735=ORIENTED_EDGE('',*,*,#14575,.T.);
#14736=ORIENTED_EDGE('',*,*,#14635,.F.);
#14737=ORIENTED_EDGE('',*,*,#14716,.F.);
#14738=EDGE_LOOP('',(#14728,#14730,#14731,#14732,#14733,#14734,#14735,#14736,
#14737));
#14739=FACE_OUTER_BOUND('',#14738,.F.);
#14740=ADVANCED_FACE('',(#14739),#14727,.F.);
#14741=CARTESIAN_POINT('',(0.E0,-2.7E1,3.7E1));
#14742=DIRECTION('',(1.E0,0.E0,0.E0));
#14743=DIRECTION('',(0.E0,0.E0,-1.E0));
#14744=AXIS2_PLACEMENT_3D('',#14741,#14742,#14743);
#14745=CYLINDRICAL_SURFACE('',#14744,1.E0);
#14746=ORIENTED_EDGE('',*,*,#13457,.F.);
#14747=ORIENTED_EDGE('',*,*,#14705,.T.);
#14748=ORIENTED_EDGE('',*,*,#14277,.T.);
#14749=ORIENTED_EDGE('',*,*,#14729,.F.);
#14750=EDGE_LOOP('',(#14746,#14747,#14748,#14749));
#14751=FACE_OUTER_BOUND('',#14750,.F.);
#14752=ADVANCED_FACE('',(#14751),#14745,.F.);
#14753=CARTESIAN_POINT('',(0.E0,-1.3E1,3.4E1));
#14754=DIRECTION('',(0.E0,0.E0,1.E0));
#14755=DIRECTION('',(0.E0,-1.E0,0.E0));
#14756=AXIS2_PLACEMENT_3D('',#14753,#14754,#14755);
#14757=PLANE('',#14756);
#14758=ORIENTED_EDGE('',*,*,#13465,.F.);
#14760=ORIENTED_EDGE('',*,*,#14759,.T.);
#14761=ORIENTED_EDGE('',*,*,#14638,.T.);
#14762=ORIENTED_EDGE('',*,*,#14571,.F.);
#14763=ORIENTED_EDGE('',*,*,#13045,.T.);
#14764=ORIENTED_EDGE('',*,*,#13358,.T.);
#14765=ORIENTED_EDGE('',*,*,#14424,.T.);
#14766=ORIENTED_EDGE('',*,*,#14271,.F.);
#14768=ORIENTED_EDGE('',*,*,#14767,.F.);
#14769=EDGE_LOOP('',(#14758,#14760,#14761,#14762,#14763,#14764,#14765,#14766,
#14768));
#14770=FACE_OUTER_BOUND('',#14769,.F.);
#14771=ADVANCED_FACE('',(#14770),#14757,.F.);
#14772=CARTESIAN_POINT('',(0.E0,-1.3E1,3.3E1));
#14773=DIRECTION('',(1.E0,0.E0,0.E0));
#14774=DIRECTION('',(0.E0,0.E0,-1.E0));
#14775=AXIS2_PLACEMENT_3D('',#14772,#14773,#14774);
#14776=CYLINDRICAL_SURFACE('',#14775,1.E0);
#14777=ORIENTED_EDGE('',*,*,#13463,.F.);
#14779=ORIENTED_EDGE('',*,*,#14778,.T.);
#14780=ORIENTED_EDGE('',*,*,#14640,.T.);
#14781=ORIENTED_EDGE('',*,*,#14759,.F.);
#14782=EDGE_LOOP('',(#14777,#14779,#14780,#14781));
#14783=FACE_OUTER_BOUND('',#14782,.F.);
#14784=ADVANCED_FACE('',(#14783),#14776,.F.);
#14785=CARTESIAN_POINT('',(0.E0,-2.7E1,3.2E1));
#14786=DIRECTION('',(0.E0,0.E0,-1.E0));
#14787=DIRECTION('',(0.E0,1.E0,0.E0));
#14788=AXIS2_PLACEMENT_3D('',#14785,#14786,#14787);
#14789=PLANE('',#14788);
#14790=ORIENTED_EDGE('',*,*,#13469,.F.);
#14792=ORIENTED_EDGE('',*,*,#14791,.T.);
#14793=ORIENTED_EDGE('',*,*,#14267,.T.);
#14794=ORIENTED_EDGE('',*,*,#14440,.F.);
#14795=ORIENTED_EDGE('',*,*,#13376,.F.);
#14796=ORIENTED_EDGE('',*,*,#13065,.T.);
#14797=ORIENTED_EDGE('',*,*,#14589,.T.);
#14798=ORIENTED_EDGE('',*,*,#14642,.F.);
#14799=ORIENTED_EDGE('',*,*,#14778,.F.);
#14800=EDGE_LOOP('',(#14790,#14792,#14793,#14794,#14795,#14796,#14797,#14798,
#14799));
#14801=FACE_OUTER_BOUND('',#14800,.F.);
#14802=ADVANCED_FACE('',(#14801),#14789,.F.);
#14803=CARTESIAN_POINT('',(0.E0,-2.7E1,3.3E1));
#14804=DIRECTION('',(1.E0,0.E0,0.E0));
#14805=DIRECTION('',(0.E0,0.E0,-1.E0));
#14806=AXIS2_PLACEMENT_3D('',#14803,#14804,#14805);
#14807=CYLINDRICAL_SURFACE('',#14806,1.E0);
#14808=ORIENTED_EDGE('',*,*,#13467,.F.);
#14809=ORIENTED_EDGE('',*,*,#14767,.T.);
#14810=ORIENTED_EDGE('',*,*,#14269,.T.);
#14811=ORIENTED_EDGE('',*,*,#14791,.F.);
#14812=EDGE_LOOP('',(#14808,#14809,#14810,#14811));
#14813=FACE_OUTER_BOUND('',#14812,.F.);
#14814=ADVANCED_FACE('',(#14813),#14807,.F.);
#14815=CARTESIAN_POINT('',(-9.E0,-1.E0,8.1E1));
#14816=DIRECTION('',(0.E0,1.E0,0.E0));
#14817=DIRECTION('',(0.E0,0.E0,-1.E0));
#14818=AXIS2_PLACEMENT_3D('',#14815,#14816,#14817);
#14819=CYLINDRICAL_SURFACE('',#14818,4.347330575340E0);
#14820=ORIENTED_EDGE('',*,*,#9500,.F.);
#14821=ORIENTED_EDGE('',*,*,#14161,.T.);
#14823=ORIENTED_EDGE('',*,*,#14822,.T.);
#14824=ORIENTED_EDGE('',*,*,#9441,.F.);
#14825=EDGE_LOOP('',(#14820,#14821,#14823,#14824));
#14826=FACE_OUTER_BOUND('',#14825,.F.);
#14827=ADVANCED_FACE('',(#14826),#14819,.F.);
#14828=CARTESIAN_POINT('',(-4.652669424660E0,-3.E0,8.1E1));
#14829=DIRECTION('',(-1.E0,0.E0,0.E0));
#14830=DIRECTION('',(0.E0,1.E0,0.E0));
#14831=AXIS2_PLACEMENT_3D('',#14828,#14829,#14830);
#14832=PLANE('',#14831);
#14833=ORIENTED_EDGE('',*,*,#14822,.F.);
#14834=ORIENTED_EDGE('',*,*,#14147,.T.);
#14836=ORIENTED_EDGE('',*,*,#14835,.T.);
#14837=ORIENTED_EDGE('',*,*,#9443,.F.);
#14838=EDGE_LOOP('',(#14833,#14834,#14836,#14837));
#14839=FACE_OUTER_BOUND('',#14838,.F.);
#14840=ADVANCED_FACE('',(#14839),#14832,.T.);
#14841=CARTESIAN_POINT('',(-9.E0,-1.E0,9.E0));
#14842=DIRECTION('',(0.E0,1.E0,0.E0));
#14843=DIRECTION('',(-1.E0,0.E0,0.E0));
#14844=AXIS2_PLACEMENT_3D('',#14841,#14842,#14843);
#14845=CYLINDRICAL_SURFACE('',#14844,4.347330575340E0);
#14846=ORIENTED_EDGE('',*,*,#14835,.F.);
#14847=ORIENTED_EDGE('',*,*,#14133,.T.);
#14849=ORIENTED_EDGE('',*,*,#14848,.T.);
#14850=ORIENTED_EDGE('',*,*,#9445,.F.);
#14851=EDGE_LOOP('',(#14846,#14847,#14849,#14850));
#14852=FACE_OUTER_BOUND('',#14851,.F.);
#14853=ADVANCED_FACE('',(#14852),#14845,.F.);
#14854=CARTESIAN_POINT('',(-9.E0,-3.E0,4.652669424660E0));
#14855=DIRECTION('',(0.E0,0.E0,1.E0));
#14856=DIRECTION('',(0.E0,1.E0,0.E0));
#14857=AXIS2_PLACEMENT_3D('',#14854,#14855,#14856);
#14858=PLANE('',#14857);
#14860=ORIENTED_EDGE('',*,*,#14859,.T.);
#14862=ORIENTED_EDGE('',*,*,#14861,.F.);
#14863=ORIENTED_EDGE('',*,*,#9447,.F.);
#14864=ORIENTED_EDGE('',*,*,#14848,.F.);
#14865=EDGE_LOOP('',(#14860,#14862,#14863,#14864));
#14866=FACE_OUTER_BOUND('',#14865,.F.);
#14867=ADVANCED_FACE('',(#14866),#14858,.T.);
#14868=CARTESIAN_POINT('',(-9.E0,-3.E0,4.652669424660E0));
#14869=DIRECTION('',(0.E0,0.E0,1.E0));
#14870=DIRECTION('',(0.E0,1.E0,0.E0));
#14871=AXIS2_PLACEMENT_3D('',#14868,#14869,#14870);
#14872=PLANE('',#14871);
#14874=ORIENTED_EDGE('',*,*,#14873,.T.);
#14875=ORIENTED_EDGE('',*,*,#13840,.T.);
#14876=ORIENTED_EDGE('',*,*,#9455,.F.);
#14878=ORIENTED_EDGE('',*,*,#14877,.F.);
#14879=EDGE_LOOP('',(#14874,#14875,#14876,#14878));
#14880=FACE_OUTER_BOUND('',#14879,.F.);
#14881=ADVANCED_FACE('',(#14880),#14872,.T.);
#14882=CARTESIAN_POINT('',(-9.E0,-5.652669424660E0,2.E0));
#14883=DIRECTION('',(0.E0,-7.071067811865E-1,7.071067811865E-1));
#14884=DIRECTION('',(0.E0,7.071067811865E-1,7.071067811865E-1));
#14885=AXIS2_PLACEMENT_3D('',#14882,#14883,#14884);
#14886=PLANE('',#14885);
#14887=ORIENTED_EDGE('',*,*,#14859,.F.);
#14888=ORIENTED_EDGE('',*,*,#14131,.F.);
#14889=ORIENTED_EDGE('',*,*,#14035,.T.);
#14890=ORIENTED_EDGE('',*,*,#13842,.F.);
#14891=ORIENTED_EDGE('',*,*,#14873,.F.);
#14893=ORIENTED_EDGE('',*,*,#14892,.F.);
#14895=ORIENTED_EDGE('',*,*,#14894,.F.);
#14897=ORIENTED_EDGE('',*,*,#14896,.F.);
#14898=EDGE_LOOP('',(#14887,#14888,#14889,#14890,#14891,#14893,#14895,#14897));
#14899=FACE_OUTER_BOUND('',#14898,.F.);
#14900=ADVANCED_FACE('',(#14899),#14886,.T.);
#14901=CARTESIAN_POINT('',(-6.207846311767E1,-9.2144E1,2.652669424660E0));
#14902=DIRECTION('',(0.E0,1.E0,0.E0));
#14903=DIRECTION('',(0.E0,0.E0,1.E0));
#14904=AXIS2_PLACEMENT_3D('',#14901,#14902,#14903);
#14905=CYLINDRICAL_SURFACE('',#14904,2.E0);
#14906=ORIENTED_EDGE('',*,*,#9453,.T.);
#14908=ORIENTED_EDGE('',*,*,#14907,.F.);
#14909=ORIENTED_EDGE('',*,*,#14892,.T.);
#14910=ORIENTED_EDGE('',*,*,#14877,.T.);
#14911=EDGE_LOOP('',(#14906,#14908,#14909,#14910));
#14912=FACE_OUTER_BOUND('',#14911,.F.);
#14913=ADVANCED_FACE('',(#14912),#14905,.T.);
#14914=CARTESIAN_POINT('',(-5.895596411847E1,0.E0,5.152669424660E0));
#14915=DIRECTION('',(0.E0,1.E0,0.E0));
#14916=DIRECTION('',(-1.E0,0.E0,0.E0));
#14917=AXIS2_PLACEMENT_3D('',#14914,#14915,#14916);
#14918=CYLINDRICAL_SURFACE('',#14917,2.E0);
#14919=ORIENTED_EDGE('',*,*,#14907,.T.);
#14920=ORIENTED_EDGE('',*,*,#9451,.F.);
#14922=ORIENTED_EDGE('',*,*,#14921,.T.);
#14923=ORIENTED_EDGE('',*,*,#14894,.T.);
#14924=EDGE_LOOP('',(#14919,#14920,#14922,#14923));
#14925=FACE_OUTER_BOUND('',#14924,.F.);
#14926=ADVANCED_FACE('',(#14925),#14918,.F.);
#14927=CARTESIAN_POINT('',(-5.583346511927E1,5.2144E1,2.652669424660E0));
#14928=DIRECTION('',(0.E0,-1.E0,0.E0));
#14929=DIRECTION('',(0.E0,0.E0,1.E0));
#14930=AXIS2_PLACEMENT_3D('',#14927,#14928,#14929);
#14931=CYLINDRICAL_SURFACE('',#14930,2.E0);
#14932=ORIENTED_EDGE('',*,*,#14896,.T.);
#14933=ORIENTED_EDGE('',*,*,#14921,.F.);
#14934=ORIENTED_EDGE('',*,*,#9449,.T.);
#14935=ORIENTED_EDGE('',*,*,#14861,.T.);
#14936=EDGE_LOOP('',(#14932,#14933,#14934,#14935));
#14937=FACE_OUTER_BOUND('',#14936,.F.);
#14938=ADVANCED_FACE('',(#14937),#14931,.T.);
#14939=CARTESIAN_POINT('',(-4.5E1,-1.3E1,0.E0));
#14940=DIRECTION('',(0.E0,0.E0,-1.E0));
#14941=DIRECTION('',(-1.E0,0.E0,0.E0));
#14942=AXIS2_PLACEMENT_3D('',#14939,#14940,#14941);
#14943=CYLINDRICAL_SURFACE('',#14942,1.E0);
#14944=ORIENTED_EDGE('',*,*,#13702,.F.);
#14946=ORIENTED_EDGE('',*,*,#14945,.T.);
#14947=ORIENTED_EDGE('',*,*,#13937,.T.);
#14949=ORIENTED_EDGE('',*,*,#14948,.F.);
#14950=EDGE_LOOP('',(#14944,#14946,#14947,#14949));
#14951=FACE_OUTER_BOUND('',#14950,.F.);
#14952=ADVANCED_FACE('',(#14951),#14943,.F.);
#14953=CARTESIAN_POINT('',(-4.6E1,-2.7E1,0.E0));
#14954=DIRECTION('',(-1.E0,0.E0,0.E0));
#14955=DIRECTION('',(0.E0,1.E0,0.E0));
#14956=AXIS2_PLACEMENT_3D('',#14953,#14954,#14955);
#14957=PLANE('',#14956);
#14958=ORIENTED_EDGE('',*,*,#13708,.F.);
#14960=ORIENTED_EDGE('',*,*,#14959,.T.);
#14961=ORIENTED_EDGE('',*,*,#13939,.T.);
#14962=ORIENTED_EDGE('',*,*,#14945,.F.);
#14963=EDGE_LOOP('',(#14958,#14960,#14961,#14962));
#14964=FACE_OUTER_BOUND('',#14963,.F.);
#14965=ADVANCED_FACE('',(#14964),#14957,.F.);
#14966=CARTESIAN_POINT('',(-4.5E1,-2.7E1,0.E0));
#14967=DIRECTION('',(0.E0,0.E0,-1.E0));
#14968=DIRECTION('',(-1.E0,0.E0,0.E0));
#14969=AXIS2_PLACEMENT_3D('',#14966,#14967,#14968);
#14970=CYLINDRICAL_SURFACE('',#14969,1.E0);
#14971=ORIENTED_EDGE('',*,*,#13706,.F.);
#14973=ORIENTED_EDGE('',*,*,#14972,.T.);
#14974=ORIENTED_EDGE('',*,*,#13941,.T.);
#14975=ORIENTED_EDGE('',*,*,#14959,.F.);
#14976=EDGE_LOOP('',(#14971,#14973,#14974,#14975));
#14977=FACE_OUTER_BOUND('',#14976,.F.);
#14978=ADVANCED_FACE('',(#14977),#14970,.F.);
#14979=CARTESIAN_POINT('',(-4.4E1,-1.3E1,0.E0));
#14980=DIRECTION('',(1.E0,0.E0,0.E0));
#14981=DIRECTION('',(0.E0,-1.E0,0.E0));
#14982=AXIS2_PLACEMENT_3D('',#14979,#14980,#14981);
#14983=PLANE('',#14982);
#14984=ORIENTED_EDGE('',*,*,#13704,.F.);
#14985=ORIENTED_EDGE('',*,*,#14948,.T.);
#14986=ORIENTED_EDGE('',*,*,#13943,.T.);
#14987=ORIENTED_EDGE('',*,*,#14972,.F.);
#14988=EDGE_LOOP('',(#14984,#14985,#14986,#14987));
#14989=FACE_OUTER_BOUND('',#14988,.F.);
#14990=ADVANCED_FACE('',(#14989),#14983,.F.);
#14991=CARTESIAN_POINT('',(-4.9E1,-1.3E1,0.E0));
#14992=DIRECTION('',(0.E0,0.E0,-1.E0));
#14993=DIRECTION('',(-1.E0,0.E0,0.E0));
#14994=AXIS2_PLACEMENT_3D('',#14991,#14992,#14993);
#14995=CYLINDRICAL_SURFACE('',#14994,1.E0);
#14996=ORIENTED_EDGE('',*,*,#13712,.F.);
#14998=ORIENTED_EDGE('',*,*,#14997,.T.);
#14999=ORIENTED_EDGE('',*,*,#13947,.T.);
#15001=ORIENTED_EDGE('',*,*,#15000,.F.);
#15002=EDGE_LOOP('',(#14996,#14998,#14999,#15001));
#15003=FACE_OUTER_BOUND('',#15002,.F.);
#15004=ADVANCED_FACE('',(#15003),#14995,.F.);
#15005=CARTESIAN_POINT('',(-5.E1,-2.7E1,0.E0));
#15006=DIRECTION('',(-1.E0,0.E0,0.E0));
#15007=DIRECTION('',(0.E0,1.E0,0.E0));
#15008=AXIS2_PLACEMENT_3D('',#15005,#15006,#15007);
#15009=PLANE('',#15008);
#15010=ORIENTED_EDGE('',*,*,#13718,.F.);
#15012=ORIENTED_EDGE('',*,*,#15011,.T.);
#15013=ORIENTED_EDGE('',*,*,#13949,.T.);
#15014=ORIENTED_EDGE('',*,*,#14997,.F.);
#15015=EDGE_LOOP('',(#15010,#15012,#15013,#15014));
#15016=FACE_OUTER_BOUND('',#15015,.F.);
#15017=ADVANCED_FACE('',(#15016),#15009,.F.);
#15018=CARTESIAN_POINT('',(-4.9E1,-2.7E1,0.E0));
#15019=DIRECTION('',(0.E0,0.E0,-1.E0));
#15020=DIRECTION('',(-1.E0,0.E0,0.E0));
#15021=AXIS2_PLACEMENT_3D('',#15018,#15019,#15020);
#15022=CYLINDRICAL_SURFACE('',#15021,1.E0);
#15023=ORIENTED_EDGE('',*,*,#13716,.F.);
#15025=ORIENTED_EDGE('',*,*,#15024,.T.);
#15026=ORIENTED_EDGE('',*,*,#13951,.T.);
#15027=ORIENTED_EDGE('',*,*,#15011,.F.);
#15028=EDGE_LOOP('',(#15023,#15025,#15026,#15027));
#15029=FACE_OUTER_BOUND('',#15028,.F.);
#15030=ADVANCED_FACE('',(#15029),#15022,.F.);
#15031=CARTESIAN_POINT('',(-4.8E1,-1.3E1,0.E0));
#15032=DIRECTION('',(1.E0,0.E0,0.E0));
#15033=DIRECTION('',(0.E0,-1.E0,0.E0));
#15034=AXIS2_PLACEMENT_3D('',#15031,#15032,#15033);
#15035=PLANE('',#15034);
#15036=ORIENTED_EDGE('',*,*,#13714,.F.);
#15037=ORIENTED_EDGE('',*,*,#15000,.T.);
#15038=ORIENTED_EDGE('',*,*,#13953,.T.);
#15039=ORIENTED_EDGE('',*,*,#15024,.F.);
#15040=EDGE_LOOP('',(#15036,#15037,#15038,#15039));
#15041=FACE_OUTER_BOUND('',#15040,.F.);
#15042=ADVANCED_FACE('',(#15041),#15035,.F.);
#15043=CARTESIAN_POINT('',(-5.3E1,-1.3E1,0.E0));
#15044=DIRECTION('',(0.E0,0.E0,-1.E0));
#15045=DIRECTION('',(-1.E0,0.E0,0.E0));
#15046=AXIS2_PLACEMENT_3D('',#15043,#15044,#15045);
#15047=CYLINDRICAL_SURFACE('',#15046,1.E0);
#15048=ORIENTED_EDGE('',*,*,#13722,.F.);
#15050=ORIENTED_EDGE('',*,*,#15049,.T.);
#15051=ORIENTED_EDGE('',*,*,#13957,.T.);
#15053=ORIENTED_EDGE('',*,*,#15052,.F.);
#15054=EDGE_LOOP('',(#15048,#15050,#15051,#15053));
#15055=FACE_OUTER_BOUND('',#15054,.F.);
#15056=ADVANCED_FACE('',(#15055),#15047,.F.);
#15057=CARTESIAN_POINT('',(-5.4E1,-2.7E1,0.E0));
#15058=DIRECTION('',(-1.E0,0.E0,0.E0));
#15059=DIRECTION('',(0.E0,1.E0,0.E0));
#15060=AXIS2_PLACEMENT_3D('',#15057,#15058,#15059);
#15061=PLANE('',#15060);
#15062=ORIENTED_EDGE('',*,*,#13728,.F.);
#15064=ORIENTED_EDGE('',*,*,#15063,.T.);
#15065=ORIENTED_EDGE('',*,*,#13959,.T.);
#15066=ORIENTED_EDGE('',*,*,#15049,.F.);
#15067=EDGE_LOOP('',(#15062,#15064,#15065,#15066));
#15068=FACE_OUTER_BOUND('',#15067,.F.);
#15069=ADVANCED_FACE('',(#15068),#15061,.F.);
#15070=CARTESIAN_POINT('',(-5.3E1,-2.7E1,0.E0));
#15071=DIRECTION('',(0.E0,0.E0,-1.E0));
#15072=DIRECTION('',(-1.E0,0.E0,0.E0));
#15073=AXIS2_PLACEMENT_3D('',#15070,#15071,#15072);
#15074=CYLINDRICAL_SURFACE('',#15073,1.E0);
#15075=ORIENTED_EDGE('',*,*,#13726,.F.);
#15077=ORIENTED_EDGE('',*,*,#15076,.T.);
#15078=ORIENTED_EDGE('',*,*,#13961,.T.);
#15079=ORIENTED_EDGE('',*,*,#15063,.F.);
#15080=EDGE_LOOP('',(#15075,#15077,#15078,#15079));
#15081=FACE_OUTER_BOUND('',#15080,.F.);
#15082=ADVANCED_FACE('',(#15081),#15074,.F.);
#15083=CARTESIAN_POINT('',(-5.2E1,-1.3E1,0.E0));
#15084=DIRECTION('',(1.E0,0.E0,0.E0));
#15085=DIRECTION('',(0.E0,-1.E0,0.E0));
#15086=AXIS2_PLACEMENT_3D('',#15083,#15084,#15085);
#15087=PLANE('',#15086);
#15088=ORIENTED_EDGE('',*,*,#13724,.F.);
#15089=ORIENTED_EDGE('',*,*,#15052,.T.);
#15090=ORIENTED_EDGE('',*,*,#13963,.T.);
#15091=ORIENTED_EDGE('',*,*,#15076,.F.);
#15092=EDGE_LOOP('',(#15088,#15089,#15090,#15091));
#15093=FACE_OUTER_BOUND('',#15092,.F.);
#15094=ADVANCED_FACE('',(#15093),#15087,.F.);
#15095=CARTESIAN_POINT('',(-5.7E1,-1.3E1,0.E0));
#15096=DIRECTION('',(0.E0,0.E0,-1.E0));
#15097=DIRECTION('',(-1.E0,0.E0,0.E0));
#15098=AXIS2_PLACEMENT_3D('',#15095,#15096,#15097);
#15099=CYLINDRICAL_SURFACE('',#15098,1.E0);
#15100=ORIENTED_EDGE('',*,*,#13732,.F.);
#15102=ORIENTED_EDGE('',*,*,#15101,.T.);
#15103=ORIENTED_EDGE('',*,*,#13967,.T.);
#15105=ORIENTED_EDGE('',*,*,#15104,.F.);
#15106=EDGE_LOOP('',(#15100,#15102,#15103,#15105));
#15107=FACE_OUTER_BOUND('',#15106,.F.);
#15108=ADVANCED_FACE('',(#15107),#15099,.F.);
#15109=CARTESIAN_POINT('',(-5.8E1,-2.7E1,0.E0));
#15110=DIRECTION('',(-1.E0,0.E0,0.E0));
#15111=DIRECTION('',(0.E0,1.E0,0.E0));
#15112=AXIS2_PLACEMENT_3D('',#15109,#15110,#15111);
#15113=PLANE('',#15112);
#15114=ORIENTED_EDGE('',*,*,#13738,.F.);
#15116=ORIENTED_EDGE('',*,*,#15115,.T.);
#15117=ORIENTED_EDGE('',*,*,#13969,.T.);
#15118=ORIENTED_EDGE('',*,*,#15101,.F.);
#15119=EDGE_LOOP('',(#15114,#15116,#15117,#15118));
#15120=FACE_OUTER_BOUND('',#15119,.F.);
#15121=ADVANCED_FACE('',(#15120),#15113,.F.);
#15122=CARTESIAN_POINT('',(-5.7E1,-2.7E1,0.E0));
#15123=DIRECTION('',(0.E0,0.E0,-1.E0));
#15124=DIRECTION('',(-1.E0,0.E0,0.E0));
#15125=AXIS2_PLACEMENT_3D('',#15122,#15123,#15124);
#15126=CYLINDRICAL_SURFACE('',#15125,1.E0);
#15127=ORIENTED_EDGE('',*,*,#13736,.F.);
#15129=ORIENTED_EDGE('',*,*,#15128,.T.);
#15130=ORIENTED_EDGE('',*,*,#13971,.T.);
#15131=ORIENTED_EDGE('',*,*,#15115,.F.);
#15132=EDGE_LOOP('',(#15127,#15129,#15130,#15131));
#15133=FACE_OUTER_BOUND('',#15132,.F.);
#15134=ADVANCED_FACE('',(#15133),#15126,.F.);
#15135=CARTESIAN_POINT('',(-5.6E1,-1.3E1,0.E0));
#15136=DIRECTION('',(1.E0,0.E0,0.E0));
#15137=DIRECTION('',(0.E0,-1.E0,0.E0));
#15138=AXIS2_PLACEMENT_3D('',#15135,#15136,#15137);
#15139=PLANE('',#15138);
#15140=ORIENTED_EDGE('',*,*,#13734,.F.);
#15141=ORIENTED_EDGE('',*,*,#15104,.T.);
#15142=ORIENTED_EDGE('',*,*,#13973,.T.);
#15143=ORIENTED_EDGE('',*,*,#15128,.F.);
#15144=EDGE_LOOP('',(#15140,#15141,#15142,#15143));
#15145=FACE_OUTER_BOUND('',#15144,.F.);
#15146=ADVANCED_FACE('',(#15145),#15139,.F.);
#15147=CARTESIAN_POINT('',(-6.1E1,-1.3E1,0.E0));
#15148=DIRECTION('',(0.E0,0.E0,-1.E0));
#15149=DIRECTION('',(-1.E0,0.E0,0.E0));
#15150=AXIS2_PLACEMENT_3D('',#15147,#15148,#15149);
#15151=CYLINDRICAL_SURFACE('',#15150,1.E0);
#15152=ORIENTED_EDGE('',*,*,#13742,.F.);
#15154=ORIENTED_EDGE('',*,*,#15153,.T.);
#15155=ORIENTED_EDGE('',*,*,#13977,.T.);
#15157=ORIENTED_EDGE('',*,*,#15156,.F.);
#15158=EDGE_LOOP('',(#15152,#15154,#15155,#15157));
#15159=FACE_OUTER_BOUND('',#15158,.F.);
#15160=ADVANCED_FACE('',(#15159),#15151,.F.);
#15161=CARTESIAN_POINT('',(-6.2E1,-2.7E1,0.E0));
#15162=DIRECTION('',(-1.E0,0.E0,0.E0));
#15163=DIRECTION('',(0.E0,1.E0,0.E0));
#15164=AXIS2_PLACEMENT_3D('',#15161,#15162,#15163);
#15165=PLANE('',#15164);
#15166=ORIENTED_EDGE('',*,*,#13748,.F.);
#15168=ORIENTED_EDGE('',*,*,#15167,.T.);
#15169=ORIENTED_EDGE('',*,*,#13979,.T.);
#15170=ORIENTED_EDGE('',*,*,#15153,.F.);
#15171=EDGE_LOOP('',(#15166,#15168,#15169,#15170));
#15172=FACE_OUTER_BOUND('',#15171,.F.);
#15173=ADVANCED_FACE('',(#15172),#15165,.F.);
#15174=CARTESIAN_POINT('',(-6.1E1,-2.7E1,0.E0));
#15175=DIRECTION('',(0.E0,0.E0,-1.E0));
#15176=DIRECTION('',(-1.E0,0.E0,0.E0));
#15177=AXIS2_PLACEMENT_3D('',#15174,#15175,#15176);
#15178=CYLINDRICAL_SURFACE('',#15177,1.E0);
#15179=ORIENTED_EDGE('',*,*,#13746,.F.);
#15181=ORIENTED_EDGE('',*,*,#15180,.T.);
#15182=ORIENTED_EDGE('',*,*,#13981,.T.);
#15183=ORIENTED_EDGE('',*,*,#15167,.F.);
#15184=EDGE_LOOP('',(#15179,#15181,#15182,#15183));
#15185=FACE_OUTER_BOUND('',#15184,.F.);
#15186=ADVANCED_FACE('',(#15185),#15178,.F.);
#15187=CARTESIAN_POINT('',(-6.E1,-1.3E1,0.E0));
#15188=DIRECTION('',(1.E0,0.E0,0.E0));
#15189=DIRECTION('',(0.E0,-1.E0,0.E0));
#15190=AXIS2_PLACEMENT_3D('',#15187,#15188,#15189);
#15191=PLANE('',#15190);
#15192=ORIENTED_EDGE('',*,*,#13744,.F.);
#15193=ORIENTED_EDGE('',*,*,#15156,.T.);
#15194=ORIENTED_EDGE('',*,*,#13983,.T.);
#15195=ORIENTED_EDGE('',*,*,#15180,.F.);
#15196=EDGE_LOOP('',(#15192,#15193,#15194,#15195));
#15197=FACE_OUTER_BOUND('',#15196,.F.);
#15198=ADVANCED_FACE('',(#15197),#15191,.F.);
#15199=CARTESIAN_POINT('',(-4.1E1,-1.3E1,0.E0));
#15200=DIRECTION('',(0.E0,0.E0,1.E0));
#15201=DIRECTION('',(1.E0,0.E0,0.E0));
#15202=AXIS2_PLACEMENT_3D('',#15199,#15200,#15201);
#15203=CYLINDRICAL_SURFACE('',#15202,1.E0);
#15205=ORIENTED_EDGE('',*,*,#15204,.F.);
#15206=ORIENTED_EDGE('',*,*,#13752,.T.);
#15208=ORIENTED_EDGE('',*,*,#15207,.T.);
#15209=ORIENTED_EDGE('',*,*,#13987,.F.);
#15210=EDGE_LOOP('',(#15205,#15206,#15208,#15209));
#15211=FACE_OUTER_BOUND('',#15210,.F.);
#15212=ADVANCED_FACE('',(#15211),#15203,.F.);
#15213=CARTESIAN_POINT('',(-4.E1,-2.7E1,0.E0));
#15214=DIRECTION('',(-1.E0,0.E0,0.E0));
#15215=DIRECTION('',(0.E0,1.E0,0.E0));
#15216=AXIS2_PLACEMENT_3D('',#15213,#15214,#15215);
#15217=PLANE('',#15216);
#15218=ORIENTED_EDGE('',*,*,#15204,.T.);
#15219=ORIENTED_EDGE('',*,*,#13993,.F.);
#15221=ORIENTED_EDGE('',*,*,#15220,.F.);
#15222=ORIENTED_EDGE('',*,*,#13754,.T.);
#15223=EDGE_LOOP('',(#15218,#15219,#15221,#15222));
#15224=FACE_OUTER_BOUND('',#15223,.F.);
#15225=ADVANCED_FACE('',(#15224),#15217,.T.);
#15226=CARTESIAN_POINT('',(-4.1E1,-2.7E1,0.E0));
#15227=DIRECTION('',(0.E0,0.E0,1.E0));
#15228=DIRECTION('',(1.E0,0.E0,0.E0));
#15229=AXIS2_PLACEMENT_3D('',#15226,#15227,#15228);
#15230=CYLINDRICAL_SURFACE('',#15229,1.E0);
#15232=ORIENTED_EDGE('',*,*,#15231,.F.);
#15233=ORIENTED_EDGE('',*,*,#13756,.T.);
#15234=ORIENTED_EDGE('',*,*,#15220,.T.);
#15235=ORIENTED_EDGE('',*,*,#13991,.F.);
#15236=EDGE_LOOP('',(#15232,#15233,#15234,#15235));
#15237=FACE_OUTER_BOUND('',#15236,.F.);
#15238=ADVANCED_FACE('',(#15237),#15230,.F.);
#15239=CARTESIAN_POINT('',(-4.2E1,-1.3E1,0.E0));
#15240=DIRECTION('',(1.E0,0.E0,0.E0));
#15241=DIRECTION('',(0.E0,-1.E0,0.E0));
#15242=AXIS2_PLACEMENT_3D('',#15239,#15240,#15241);
#15243=PLANE('',#15242);
#15244=ORIENTED_EDGE('',*,*,#15207,.F.);
#15245=ORIENTED_EDGE('',*,*,#13758,.T.);
#15246=ORIENTED_EDGE('',*,*,#15231,.T.);
#15247=ORIENTED_EDGE('',*,*,#13989,.F.);
#15248=EDGE_LOOP('',(#15244,#15245,#15246,#15247));
#15249=FACE_OUTER_BOUND('',#15248,.F.);
#15250=ADVANCED_FACE('',(#15249),#15243,.T.);
#15251=CARTESIAN_POINT('',(-3.7E1,-1.3E1,0.E0));
#15252=DIRECTION('',(0.E0,0.E0,1.E0));
#15253=DIRECTION('',(1.E0,0.E0,0.E0));
#15254=AXIS2_PLACEMENT_3D('',#15251,#15252,#15253);
#15255=CYLINDRICAL_SURFACE('',#15254,1.E0);
#15257=ORIENTED_EDGE('',*,*,#15256,.F.);
#15258=ORIENTED_EDGE('',*,*,#13762,.T.);
#15260=ORIENTED_EDGE('',*,*,#15259,.T.);
#15261=ORIENTED_EDGE('',*,*,#13997,.F.);
#15262=EDGE_LOOP('',(#15257,#15258,#15260,#15261));
#15263=FACE_OUTER_BOUND('',#15262,.F.);
#15264=ADVANCED_FACE('',(#15263),#15255,.F.);
#15265=CARTESIAN_POINT('',(-3.6E1,-2.7E1,0.E0));
#15266=DIRECTION('',(-1.E0,0.E0,0.E0));
#15267=DIRECTION('',(0.E0,1.E0,0.E0));
#15268=AXIS2_PLACEMENT_3D('',#15265,#15266,#15267);
#15269=PLANE('',#15268);
#15270=ORIENTED_EDGE('',*,*,#15256,.T.);
#15271=ORIENTED_EDGE('',*,*,#14003,.F.);
#15273=ORIENTED_EDGE('',*,*,#15272,.F.);
#15274=ORIENTED_EDGE('',*,*,#13764,.T.);
#15275=EDGE_LOOP('',(#15270,#15271,#15273,#15274));
#15276=FACE_OUTER_BOUND('',#15275,.F.);
#15277=ADVANCED_FACE('',(#15276),#15269,.T.);
#15278=CARTESIAN_POINT('',(-3.7E1,-2.7E1,0.E0));
#15279=DIRECTION('',(0.E0,0.E0,1.E0));
#15280=DIRECTION('',(1.E0,0.E0,0.E0));
#15281=AXIS2_PLACEMENT_3D('',#15278,#15279,#15280);
#15282=CYLINDRICAL_SURFACE('',#15281,1.E0);
#15284=ORIENTED_EDGE('',*,*,#15283,.F.);
#15285=ORIENTED_EDGE('',*,*,#13766,.T.);
#15286=ORIENTED_EDGE('',*,*,#15272,.T.);
#15287=ORIENTED_EDGE('',*,*,#14001,.F.);
#15288=EDGE_LOOP('',(#15284,#15285,#15286,#15287));
#15289=FACE_OUTER_BOUND('',#15288,.F.);
#15290=ADVANCED_FACE('',(#15289),#15282,.F.);
#15291=CARTESIAN_POINT('',(-3.8E1,-1.3E1,0.E0));
#15292=DIRECTION('',(1.E0,0.E0,0.E0));
#15293=DIRECTION('',(0.E0,-1.E0,0.E0));
#15294=AXIS2_PLACEMENT_3D('',#15291,#15292,#15293);
#15295=PLANE('',#15294);
#15296=ORIENTED_EDGE('',*,*,#15259,.F.);
#15297=ORIENTED_EDGE('',*,*,#13768,.T.);
#15298=ORIENTED_EDGE('',*,*,#15283,.T.);
#15299=ORIENTED_EDGE('',*,*,#13999,.F.);
#15300=EDGE_LOOP('',(#15296,#15297,#15298,#15299));
#15301=FACE_OUTER_BOUND('',#15300,.F.);
#15302=ADVANCED_FACE('',(#15301),#15295,.T.);
#15303=CARTESIAN_POINT('',(-3.3E1,-1.3E1,0.E0));
#15304=DIRECTION('',(0.E0,0.E0,1.E0));
#15305=DIRECTION('',(1.E0,0.E0,0.E0));
#15306=AXIS2_PLACEMENT_3D('',#15303,#15304,#15305);
#15307=CYLINDRICAL_SURFACE('',#15306,1.E0);
#15309=ORIENTED_EDGE('',*,*,#15308,.F.);
#15310=ORIENTED_EDGE('',*,*,#13772,.T.);
#15312=ORIENTED_EDGE('',*,*,#15311,.T.);
#15313=ORIENTED_EDGE('',*,*,#14007,.F.);
#15314=EDGE_LOOP('',(#15309,#15310,#15312,#15313));
#15315=FACE_OUTER_BOUND('',#15314,.F.);
#15316=ADVANCED_FACE('',(#15315),#15307,.F.);
#15317=CARTESIAN_POINT('',(-3.2E1,-2.7E1,0.E0));
#15318=DIRECTION('',(-1.E0,0.E0,0.E0));
#15319=DIRECTION('',(0.E0,1.E0,0.E0));
#15320=AXIS2_PLACEMENT_3D('',#15317,#15318,#15319);
#15321=PLANE('',#15320);
#15322=ORIENTED_EDGE('',*,*,#15308,.T.);
#15323=ORIENTED_EDGE('',*,*,#14013,.F.);
#15325=ORIENTED_EDGE('',*,*,#15324,.F.);
#15326=ORIENTED_EDGE('',*,*,#13774,.T.);
#15327=EDGE_LOOP('',(#15322,#15323,#15325,#15326));
#15328=FACE_OUTER_BOUND('',#15327,.F.);
#15329=ADVANCED_FACE('',(#15328),#15321,.T.);
#15330=CARTESIAN_POINT('',(-3.3E1,-2.7E1,0.E0));
#15331=DIRECTION('',(0.E0,0.E0,1.E0));
#15332=DIRECTION('',(1.E0,0.E0,0.E0));
#15333=AXIS2_PLACEMENT_3D('',#15330,#15331,#15332);
#15334=CYLINDRICAL_SURFACE('',#15333,1.E0);
#15336=ORIENTED_EDGE('',*,*,#15335,.F.);
#15337=ORIENTED_EDGE('',*,*,#13776,.T.);
#15338=ORIENTED_EDGE('',*,*,#15324,.T.);
#15339=ORIENTED_EDGE('',*,*,#14011,.F.);
#15340=EDGE_LOOP('',(#15336,#15337,#15338,#15339));
#15341=FACE_OUTER_BOUND('',#15340,.F.);
#15342=ADVANCED_FACE('',(#15341),#15334,.F.);
#15343=CARTESIAN_POINT('',(-3.4E1,-1.3E1,0.E0));
#15344=DIRECTION('',(1.E0,0.E0,0.E0));
#15345=DIRECTION('',(0.E0,-1.E0,0.E0));
#15346=AXIS2_PLACEMENT_3D('',#15343,#15344,#15345);
#15347=PLANE('',#15346);
#15348=ORIENTED_EDGE('',*,*,#15311,.F.);
#15349=ORIENTED_EDGE('',*,*,#13778,.T.);
#15350=ORIENTED_EDGE('',*,*,#15335,.T.);
#15351=ORIENTED_EDGE('',*,*,#14009,.F.);
#15352=EDGE_LOOP('',(#15348,#15349,#15350,#15351));
#15353=FACE_OUTER_BOUND('',#15352,.F.);
#15354=ADVANCED_FACE('',(#15353),#15347,.T.);
#15355=CARTESIAN_POINT('',(-2.9E1,-1.3E1,0.E0));
#15356=DIRECTION('',(0.E0,0.E0,1.E0));
#15357=DIRECTION('',(1.E0,0.E0,0.E0));
#15358=AXIS2_PLACEMENT_3D('',#15355,#15356,#15357);
#15359=CYLINDRICAL_SURFACE('',#15358,1.E0);
#15361=ORIENTED_EDGE('',*,*,#15360,.F.);
#15362=ORIENTED_EDGE('',*,*,#13782,.T.);
#15364=ORIENTED_EDGE('',*,*,#15363,.T.);
#15365=ORIENTED_EDGE('',*,*,#14017,.F.);
#15366=EDGE_LOOP('',(#15361,#15362,#15364,#15365));
#15367=FACE_OUTER_BOUND('',#15366,.F.);
#15368=ADVANCED_FACE('',(#15367),#15359,.F.);
#15369=CARTESIAN_POINT('',(-2.8E1,-2.7E1,0.E0));
#15370=DIRECTION('',(-1.E0,0.E0,0.E0));
#15371=DIRECTION('',(0.E0,1.E0,0.E0));
#15372=AXIS2_PLACEMENT_3D('',#15369,#15370,#15371);
#15373=PLANE('',#15372);
#15374=ORIENTED_EDGE('',*,*,#15360,.T.);
#15375=ORIENTED_EDGE('',*,*,#14023,.F.);
#15377=ORIENTED_EDGE('',*,*,#15376,.F.);
#15378=ORIENTED_EDGE('',*,*,#13784,.T.);
#15379=EDGE_LOOP('',(#15374,#15375,#15377,#15378));
#15380=FACE_OUTER_BOUND('',#15379,.F.);
#15381=ADVANCED_FACE('',(#15380),#15373,.T.);
#15382=CARTESIAN_POINT('',(-2.9E1,-2.7E1,0.E0));
#15383=DIRECTION('',(0.E0,0.E0,1.E0));
#15384=DIRECTION('',(1.E0,0.E0,0.E0));
#15385=AXIS2_PLACEMENT_3D('',#15382,#15383,#15384);
#15386=CYLINDRICAL_SURFACE('',#15385,1.E0);
#15388=ORIENTED_EDGE('',*,*,#15387,.F.);
#15389=ORIENTED_EDGE('',*,*,#13786,.T.);
#15390=ORIENTED_EDGE('',*,*,#15376,.T.);
#15391=ORIENTED_EDGE('',*,*,#14021,.F.);
#15392=EDGE_LOOP('',(#15388,#15389,#15390,#15391));
#15393=FACE_OUTER_BOUND('',#15392,.F.);
#15394=ADVANCED_FACE('',(#15393),#15386,.F.);
#15395=CARTESIAN_POINT('',(-3.E1,-1.3E1,0.E0));
#15396=DIRECTION('',(1.E0,0.E0,0.E0));
#15397=DIRECTION('',(0.E0,-1.E0,0.E0));
#15398=AXIS2_PLACEMENT_3D('',#15395,#15396,#15397);
#15399=PLANE('',#15398);
#15400=ORIENTED_EDGE('',*,*,#15363,.F.);
#15401=ORIENTED_EDGE('',*,*,#13788,.T.);
#15402=ORIENTED_EDGE('',*,*,#15387,.T.);
#15403=ORIENTED_EDGE('',*,*,#14019,.F.);
#15404=EDGE_LOOP('',(#15400,#15401,#15402,#15403));
#15405=FACE_OUTER_BOUND('',#15404,.F.);
#15406=ADVANCED_FACE('',(#15405),#15399,.T.);
#15407=CARTESIAN_POINT('',(-8.8E1,0.E0,0.E0));
#15408=DIRECTION('',(-1.E0,0.E0,0.E0));
#15409=DIRECTION('',(0.E0,0.E0,1.E0));
#15410=AXIS2_PLACEMENT_3D('',#15407,#15408,#15409);
#15411=PLANE('',#15410);
#15413=ORIENTED_EDGE('',*,*,#15412,.T.);
#15415=ORIENTED_EDGE('',*,*,#15414,.T.);
#15416=ORIENTED_EDGE('',*,*,#9853,.T.);
#15418=ORIENTED_EDGE('',*,*,#15417,.T.);
#15420=ORIENTED_EDGE('',*,*,#15419,.T.);
#15422=ORIENTED_EDGE('',*,*,#15421,.T.);
#15423=ORIENTED_EDGE('',*,*,#9845,.T.);
#15425=ORIENTED_EDGE('',*,*,#15424,.T.);
#15427=ORIENTED_EDGE('',*,*,#15426,.T.);
#15429=ORIENTED_EDGE('',*,*,#15428,.T.);
#15430=ORIENTED_EDGE('',*,*,#9837,.T.);
#15432=ORIENTED_EDGE('',*,*,#15431,.T.);
#15434=ORIENTED_EDGE('',*,*,#15433,.T.);
#15436=ORIENTED_EDGE('',*,*,#15435,.T.);
#15437=ORIENTED_EDGE('',*,*,#9829,.T.);
#15439=ORIENTED_EDGE('',*,*,#15438,.F.);
#15441=ORIENTED_EDGE('',*,*,#15440,.F.);
#15443=ORIENTED_EDGE('',*,*,#15442,.F.);
#15444=ORIENTED_EDGE('',*,*,#9821,.T.);
#15446=ORIENTED_EDGE('',*,*,#15445,.F.);
#15448=ORIENTED_EDGE('',*,*,#15447,.F.);
#15450=ORIENTED_EDGE('',*,*,#15449,.F.);
#15451=ORIENTED_EDGE('',*,*,#9813,.T.);
#15453=ORIENTED_EDGE('',*,*,#15452,.F.);
#15455=ORIENTED_EDGE('',*,*,#15454,.F.);
#15457=ORIENTED_EDGE('',*,*,#15456,.F.);
#15458=ORIENTED_EDGE('',*,*,#9805,.T.);
#15460=ORIENTED_EDGE('',*,*,#15459,.F.);
#15462=ORIENTED_EDGE('',*,*,#15461,.F.);
#15464=ORIENTED_EDGE('',*,*,#15463,.F.);
#15465=ORIENTED_EDGE('',*,*,#9797,.T.);
#15467=ORIENTED_EDGE('',*,*,#15466,.F.);
#15469=ORIENTED_EDGE('',*,*,#15468,.F.);
#15471=ORIENTED_EDGE('',*,*,#15470,.F.);
#15472=ORIENTED_EDGE('',*,*,#10181,.T.);
#15474=ORIENTED_EDGE('',*,*,#15473,.T.);
#15476=ORIENTED_EDGE('',*,*,#15475,.T.);
#15478=ORIENTED_EDGE('',*,*,#15477,.F.);
#15479=ORIENTED_EDGE('',*,*,#10177,.T.);
#15480=ORIENTED_EDGE('',*,*,#9563,.F.);
#15481=ORIENTED_EDGE('',*,*,#13645,.F.);
#15482=ORIENTED_EDGE('',*,*,#13857,.T.);
#15483=ORIENTED_EDGE('',*,*,#9865,.T.);
#15485=ORIENTED_EDGE('',*,*,#15484,.T.);
#15487=ORIENTED_EDGE('',*,*,#15486,.T.);
#15489=ORIENTED_EDGE('',*,*,#15488,.F.);
#15490=ORIENTED_EDGE('',*,*,#9861,.T.);
#15492=ORIENTED_EDGE('',*,*,#15491,.T.);
#15493=EDGE_LOOP('',(#15413,#15415,#15416,#15418,#15420,#15422,#15423,#15425,
#15427,#15429,#15430,#15432,#15434,#15436,#15437,#15439,#15441,#15443,#15444,
#15446,#15448,#15450,#15451,#15453,#15455,#15457,#15458,#15460,#15462,#15464,
#15465,#15467,#15469,#15471,#15472,#15474,#15476,#15478,#15479,#15480,#15481,
#15482,#15483,#15485,#15487,#15489,#15490,#15492));
#15494=FACE_OUTER_BOUND('',#15493,.F.);
#15495=ADVANCED_FACE('',(#15494),#15411,.F.);
#15496=CARTESIAN_POINT('',(-9.E1,-1.3E1,2.9E1));
#15497=DIRECTION('',(1.E0,0.E0,0.E0));
#15498=DIRECTION('',(0.E0,0.E0,-1.E0));
#15499=AXIS2_PLACEMENT_3D('',#15496,#15497,#15498);
#15500=CYLINDRICAL_SURFACE('',#15499,1.E0);
#15502=ORIENTED_EDGE('',*,*,#15501,.F.);
#15504=ORIENTED_EDGE('',*,*,#15503,.T.);
#15506=ORIENTED_EDGE('',*,*,#15505,.T.);
#15507=ORIENTED_EDGE('',*,*,#15412,.F.);
#15508=EDGE_LOOP('',(#15502,#15504,#15506,#15507));
#15509=FACE_OUTER_BOUND('',#15508,.F.);
#15510=ADVANCED_FACE('',(#15509),#15500,.F.);
#15511=CARTESIAN_POINT('',(-9.E1,-4.4E1,2.8E1));
#15512=DIRECTION('',(0.E0,0.E0,1.E0));
#15513=DIRECTION('',(0.E0,1.E0,0.E0));
#15514=AXIS2_PLACEMENT_3D('',#15511,#15512,#15513);
#15515=PLANE('',#15514);
#15516=ORIENTED_EDGE('',*,*,#10509,.F.);
#15518=ORIENTED_EDGE('',*,*,#15517,.T.);
#15519=ORIENTED_EDGE('',*,*,#15501,.T.);
#15520=ORIENTED_EDGE('',*,*,#15491,.F.);
#15521=ORIENTED_EDGE('',*,*,#9859,.T.);
#15523=ORIENTED_EDGE('',*,*,#15522,.F.);
#15524=EDGE_LOOP('',(#15516,#15518,#15519,#15520,#15521,#15523));
#15525=FACE_OUTER_BOUND('',#15524,.F.);
#15526=ADVANCED_FACE('',(#15525),#15515,.T.);
#15527=CARTESIAN_POINT('',(-9.E1,0.E0,0.E0));
#15528=DIRECTION('',(-1.E0,0.E0,0.E0));
#15529=DIRECTION('',(0.E0,0.E0,1.E0));
#15530=AXIS2_PLACEMENT_3D('',#15527,#15528,#15529);
#15531=PLANE('',#15530);
#15532=ORIENTED_EDGE('',*,*,#15503,.F.);
#15533=ORIENTED_EDGE('',*,*,#15517,.F.);
#15534=ORIENTED_EDGE('',*,*,#10507,.F.);
#15535=ORIENTED_EDGE('',*,*,#13682,.F.);
#15536=ORIENTED_EDGE('',*,*,#13651,.T.);
#15537=ORIENTED_EDGE('',*,*,#13631,.T.);
#15538=ORIENTED_EDGE('',*,*,#10491,.F.);
#15540=ORIENTED_EDGE('',*,*,#15539,.T.);
#15542=ORIENTED_EDGE('',*,*,#15541,.T.);
#15544=ORIENTED_EDGE('',*,*,#15543,.T.);
#15545=ORIENTED_EDGE('',*,*,#10571,.F.);
#15547=ORIENTED_EDGE('',*,*,#15546,.T.);
#15549=ORIENTED_EDGE('',*,*,#15548,.T.);
#15551=ORIENTED_EDGE('',*,*,#15550,.T.);
#15552=ORIENTED_EDGE('',*,*,#10563,.F.);
#15554=ORIENTED_EDGE('',*,*,#15553,.T.);
#15556=ORIENTED_EDGE('',*,*,#15555,.T.);
#15558=ORIENTED_EDGE('',*,*,#15557,.T.);
#15559=ORIENTED_EDGE('',*,*,#10555,.F.);
#15561=ORIENTED_EDGE('',*,*,#15560,.T.);
#15563=ORIENTED_EDGE('',*,*,#15562,.T.);
#15565=ORIENTED_EDGE('',*,*,#15564,.T.);
#15566=ORIENTED_EDGE('',*,*,#10547,.F.);
#15568=ORIENTED_EDGE('',*,*,#15567,.T.);
#15570=ORIENTED_EDGE('',*,*,#15569,.T.);
#15572=ORIENTED_EDGE('',*,*,#15571,.T.);
#15573=ORIENTED_EDGE('',*,*,#10539,.F.);
#15575=ORIENTED_EDGE('',*,*,#15574,.F.);
#15577=ORIENTED_EDGE('',*,*,#15576,.F.);
#15579=ORIENTED_EDGE('',*,*,#15578,.F.);
#15580=ORIENTED_EDGE('',*,*,#10531,.F.);
#15582=ORIENTED_EDGE('',*,*,#15581,.F.);
#15584=ORIENTED_EDGE('',*,*,#15583,.F.);
#15586=ORIENTED_EDGE('',*,*,#15585,.F.);
#15587=ORIENTED_EDGE('',*,*,#10523,.F.);
#15589=ORIENTED_EDGE('',*,*,#15588,.F.);
#15591=ORIENTED_EDGE('',*,*,#15590,.F.);
#15593=ORIENTED_EDGE('',*,*,#15592,.F.);
#15594=ORIENTED_EDGE('',*,*,#10515,.F.);
#15596=ORIENTED_EDGE('',*,*,#15595,.F.);
#15597=EDGE_LOOP('',(#15532,#15533,#15534,#15535,#15536,#15537,#15538,#15540,
#15542,#15544,#15545,#15547,#15549,#15551,#15552,#15554,#15556,#15558,#15559,
#15561,#15563,#15565,#15566,#15568,#15570,#15572,#15573,#15575,#15577,#15579,
#15580,#15582,#15584,#15586,#15587,#15589,#15591,#15593,#15594,#15596));
#15598=FACE_OUTER_BOUND('',#15597,.F.);
#15599=ADVANCED_FACE('',(#15598),#15531,.T.);
#15600=CARTESIAN_POINT('',(-9.E1,-4.4E1,6.2E1));
#15601=DIRECTION('',(0.E0,0.E0,1.E0));
#15602=DIRECTION('',(0.E0,1.E0,0.E0));
#15603=AXIS2_PLACEMENT_3D('',#15600,#15601,#15602);
#15604=PLANE('',#15603);
#15605=ORIENTED_EDGE('',*,*,#10489,.T.);
#15607=ORIENTED_EDGE('',*,*,#15606,.F.);
#15608=ORIENTED_EDGE('',*,*,#9791,.F.);
#15609=ORIENTED_EDGE('',*,*,#15470,.T.);
#15611=ORIENTED_EDGE('',*,*,#15610,.F.);
#15612=ORIENTED_EDGE('',*,*,#15539,.F.);
#15613=EDGE_LOOP('',(#15605,#15607,#15608,#15609,#15611,#15612));
#15614=FACE_OUTER_BOUND('',#15613,.F.);
#15615=ADVANCED_FACE('',(#15614),#15604,.F.);
#15616=CARTESIAN_POINT('',(-7.5E1,5.2144E1,6.1E1));
#15617=DIRECTION('',(0.E0,-1.E0,0.E0));
#15618=DIRECTION('',(1.E0,0.E0,0.E0));
#15619=AXIS2_PLACEMENT_3D('',#15616,#15617,#15618);
#15620=CYLINDRICAL_SURFACE('',#15619,1.E0);
#15621=ORIENTED_EDGE('',*,*,#15606,.T.);
#15622=ORIENTED_EDGE('',*,*,#10487,.F.);
#15624=ORIENTED_EDGE('',*,*,#15623,.T.);
#15625=ORIENTED_EDGE('',*,*,#9793,.F.);
#15626=EDGE_LOOP('',(#15621,#15622,#15624,#15625));
#15627=FACE_OUTER_BOUND('',#15626,.F.);
#15628=ADVANCED_FACE('',(#15627),#15620,.F.);
#15629=CARTESIAN_POINT('',(-9.E1,-1.3E1,6.E1));
#15630=DIRECTION('',(0.E0,0.E0,-1.E0));
#15631=DIRECTION('',(0.E0,-1.E0,0.E0));
#15632=AXIS2_PLACEMENT_3D('',#15629,#15630,#15631);
#15633=PLANE('',#15632);
#15634=ORIENTED_EDGE('',*,*,#15623,.F.);
#15635=ORIENTED_EDGE('',*,*,#10485,.F.);
#15636=ORIENTED_EDGE('',*,*,#15543,.F.);
#15638=ORIENTED_EDGE('',*,*,#15637,.T.);
#15639=ORIENTED_EDGE('',*,*,#15466,.T.);
#15640=ORIENTED_EDGE('',*,*,#9795,.T.);
#15641=EDGE_LOOP('',(#15634,#15635,#15636,#15638,#15639,#15640));
#15642=FACE_OUTER_BOUND('',#15641,.F.);
#15643=ADVANCED_FACE('',(#15642),#15633,.F.);
#15644=CARTESIAN_POINT('',(-9.E1,-1.3E1,6.1E1));
#15645=DIRECTION('',(-1.E0,0.E0,0.E0));
#15646=DIRECTION('',(0.E0,0.E0,1.E0));
#15647=AXIS2_PLACEMENT_3D('',#15644,#15645,#15646);
#15648=CYLINDRICAL_SURFACE('',#15647,1.E0);
#15649=ORIENTED_EDGE('',*,*,#15541,.F.);
#15650=ORIENTED_EDGE('',*,*,#15610,.T.);
#15651=ORIENTED_EDGE('',*,*,#15468,.T.);
#15652=ORIENTED_EDGE('',*,*,#15637,.F.);
#15653=EDGE_LOOP('',(#15649,#15650,#15651,#15652));
#15654=FACE_OUTER_BOUND('',#15653,.F.);
#15655=ADVANCED_FACE('',(#15654),#15648,.F.);
#15656=CARTESIAN_POINT('',(-9.E1,-4.4E1,5.8E1));
#15657=DIRECTION('',(0.E0,0.E0,1.E0));
#15658=DIRECTION('',(0.E0,1.E0,0.E0));
#15659=AXIS2_PLACEMENT_3D('',#15656,#15657,#15658);
#15660=PLANE('',#15659);
#15661=ORIENTED_EDGE('',*,*,#10569,.T.);
#15663=ORIENTED_EDGE('',*,*,#15662,.F.);
#15664=ORIENTED_EDGE('',*,*,#9799,.F.);
#15665=ORIENTED_EDGE('',*,*,#15463,.T.);
#15667=ORIENTED_EDGE('',*,*,#15666,.F.);
#15668=ORIENTED_EDGE('',*,*,#15546,.F.);
#15669=EDGE_LOOP('',(#15661,#15663,#15664,#15665,#15667,#15668));
#15670=FACE_OUTER_BOUND('',#15669,.F.);
#15671=ADVANCED_FACE('',(#15670),#15660,.F.);
#15672=CARTESIAN_POINT('',(-7.5E1,-9.2144E1,5.7E1));
#15673=DIRECTION('',(0.E0,1.E0,0.E0));
#15674=DIRECTION('',(1.E0,0.E0,0.E0));
#15675=AXIS2_PLACEMENT_3D('',#15672,#15673,#15674);
#15676=CYLINDRICAL_SURFACE('',#15675,1.E0);
#15678=ORIENTED_EDGE('',*,*,#15677,.T.);
#15679=ORIENTED_EDGE('',*,*,#9801,.F.);
#15680=ORIENTED_EDGE('',*,*,#15662,.T.);
#15681=ORIENTED_EDGE('',*,*,#10567,.F.);
#15682=EDGE_LOOP('',(#15678,#15679,#15680,#15681));
#15683=FACE_OUTER_BOUND('',#15682,.F.);
#15684=ADVANCED_FACE('',(#15683),#15676,.F.);
#15685=CARTESIAN_POINT('',(-9.E1,-1.3E1,5.6E1));
#15686=DIRECTION('',(0.E0,0.E0,-1.E0));
#15687=DIRECTION('',(0.E0,-1.E0,0.E0));
#15688=AXIS2_PLACEMENT_3D('',#15685,#15686,#15687);
#15689=PLANE('',#15688);
#15690=ORIENTED_EDGE('',*,*,#10565,.F.);
#15691=ORIENTED_EDGE('',*,*,#15550,.F.);
#15693=ORIENTED_EDGE('',*,*,#15692,.T.);
#15694=ORIENTED_EDGE('',*,*,#15459,.T.);
#15695=ORIENTED_EDGE('',*,*,#9803,.T.);
#15696=ORIENTED_EDGE('',*,*,#15677,.F.);
#15697=EDGE_LOOP('',(#15690,#15691,#15693,#15694,#15695,#15696));
#15698=FACE_OUTER_BOUND('',#15697,.F.);
#15699=ADVANCED_FACE('',(#15698),#15689,.F.);
#15700=CARTESIAN_POINT('',(-9.E1,-1.3E1,5.7E1));
#15701=DIRECTION('',(-1.E0,0.E0,0.E0));
#15702=DIRECTION('',(0.E0,0.E0,1.E0));
#15703=AXIS2_PLACEMENT_3D('',#15700,#15701,#15702);
#15704=CYLINDRICAL_SURFACE('',#15703,1.E0);
#15705=ORIENTED_EDGE('',*,*,#15548,.F.);
#15706=ORIENTED_EDGE('',*,*,#15666,.T.);
#15707=ORIENTED_EDGE('',*,*,#15461,.T.);
#15708=ORIENTED_EDGE('',*,*,#15692,.F.);
#15709=EDGE_LOOP('',(#15705,#15706,#15707,#15708));
#15710=FACE_OUTER_BOUND('',#15709,.F.);
#15711=ADVANCED_FACE('',(#15710),#15704,.F.);
#15712=CARTESIAN_POINT('',(-9.E1,-4.4E1,5.4E1));
#15713=DIRECTION('',(0.E0,0.E0,1.E0));
#15714=DIRECTION('',(0.E0,1.E0,0.E0));
#15715=AXIS2_PLACEMENT_3D('',#15712,#15713,#15714);
#15716=PLANE('',#15715);
#15717=ORIENTED_EDGE('',*,*,#10561,.T.);
#15719=ORIENTED_EDGE('',*,*,#15718,.F.);
#15720=ORIENTED_EDGE('',*,*,#9807,.F.);
#15721=ORIENTED_EDGE('',*,*,#15456,.T.);
#15723=ORIENTED_EDGE('',*,*,#15722,.F.);
#15724=ORIENTED_EDGE('',*,*,#15553,.F.);
#15725=EDGE_LOOP('',(#15717,#15719,#15720,#15721,#15723,#15724));
#15726=FACE_OUTER_BOUND('',#15725,.F.);
#15727=ADVANCED_FACE('',(#15726),#15716,.F.);
#15728=CARTESIAN_POINT('',(-7.5E1,5.2144E1,5.3E1));
#15729=DIRECTION('',(0.E0,-1.E0,0.E0));
#15730=DIRECTION('',(1.E0,0.E0,0.E0));
#15731=AXIS2_PLACEMENT_3D('',#15728,#15729,#15730);
#15732=CYLINDRICAL_SURFACE('',#15731,1.E0);
#15733=ORIENTED_EDGE('',*,*,#15718,.T.);
#15734=ORIENTED_EDGE('',*,*,#10559,.F.);
#15736=ORIENTED_EDGE('',*,*,#15735,.T.);
#15737=ORIENTED_EDGE('',*,*,#9809,.F.);
#15738=EDGE_LOOP('',(#15733,#15734,#15736,#15737));
#15739=FACE_OUTER_BOUND('',#15738,.F.);
#15740=ADVANCED_FACE('',(#15739),#15732,.F.);
#15741=CARTESIAN_POINT('',(-9.E1,-1.3E1,5.2E1));
#15742=DIRECTION('',(0.E0,0.E0,-1.E0));
#15743=DIRECTION('',(0.E0,-1.E0,0.E0));
#15744=AXIS2_PLACEMENT_3D('',#15741,#15742,#15743);
#15745=PLANE('',#15744);
#15746=ORIENTED_EDGE('',*,*,#10557,.F.);
#15747=ORIENTED_EDGE('',*,*,#15557,.F.);
#15749=ORIENTED_EDGE('',*,*,#15748,.T.);
#15750=ORIENTED_EDGE('',*,*,#15452,.T.);
#15751=ORIENTED_EDGE('',*,*,#9811,.T.);
#15752=ORIENTED_EDGE('',*,*,#15735,.F.);
#15753=EDGE_LOOP('',(#15746,#15747,#15749,#15750,#15751,#15752));
#15754=FACE_OUTER_BOUND('',#15753,.F.);
#15755=ADVANCED_FACE('',(#15754),#15745,.F.);
#15756=CARTESIAN_POINT('',(-9.E1,-1.3E1,5.3E1));
#15757=DIRECTION('',(-1.E0,0.E0,0.E0));
#15758=DIRECTION('',(0.E0,0.E0,1.E0));
#15759=AXIS2_PLACEMENT_3D('',#15756,#15757,#15758);
#15760=CYLINDRICAL_SURFACE('',#15759,1.E0);
#15761=ORIENTED_EDGE('',*,*,#15555,.F.);
#15762=ORIENTED_EDGE('',*,*,#15722,.T.);
#15763=ORIENTED_EDGE('',*,*,#15454,.T.);
#15764=ORIENTED_EDGE('',*,*,#15748,.F.);
#15765=EDGE_LOOP('',(#15761,#15762,#15763,#15764));
#15766=FACE_OUTER_BOUND('',#15765,.F.);
#15767=ADVANCED_FACE('',(#15766),#15760,.F.);
#15768=CARTESIAN_POINT('',(-9.E1,-4.4E1,5.E1));
#15769=DIRECTION('',(0.E0,0.E0,1.E0));
#15770=DIRECTION('',(0.E0,1.E0,0.E0));
#15771=AXIS2_PLACEMENT_3D('',#15768,#15769,#15770);
#15772=PLANE('',#15771);
#15773=ORIENTED_EDGE('',*,*,#10553,.T.);
#15775=ORIENTED_EDGE('',*,*,#15774,.F.);
#15776=ORIENTED_EDGE('',*,*,#9815,.F.);
#15777=ORIENTED_EDGE('',*,*,#15449,.T.);
#15779=ORIENTED_EDGE('',*,*,#15778,.F.);
#15780=ORIENTED_EDGE('',*,*,#15560,.F.);
#15781=EDGE_LOOP('',(#15773,#15775,#15776,#15777,#15779,#15780));
#15782=FACE_OUTER_BOUND('',#15781,.F.);
#15783=ADVANCED_FACE('',(#15782),#15772,.F.);
#15784=CARTESIAN_POINT('',(-7.5E1,-9.2144E1,4.9E1));
#15785=DIRECTION('',(0.E0,1.E0,0.E0));
#15786=DIRECTION('',(1.E0,0.E0,0.E0));
#15787=AXIS2_PLACEMENT_3D('',#15784,#15785,#15786);
#15788=CYLINDRICAL_SURFACE('',#15787,1.E0);
#15790=ORIENTED_EDGE('',*,*,#15789,.T.);
#15791=ORIENTED_EDGE('',*,*,#9817,.F.);
#15792=ORIENTED_EDGE('',*,*,#15774,.T.);
#15793=ORIENTED_EDGE('',*,*,#10551,.F.);
#15794=EDGE_LOOP('',(#15790,#15791,#15792,#15793));
#15795=FACE_OUTER_BOUND('',#15794,.F.);
#15796=ADVANCED_FACE('',(#15795),#15788,.F.);
#15797=CARTESIAN_POINT('',(-9.E1,-1.3E1,4.8E1));
#15798=DIRECTION('',(0.E0,0.E0,-1.E0));
#15799=DIRECTION('',(0.E0,-1.E0,0.E0));
#15800=AXIS2_PLACEMENT_3D('',#15797,#15798,#15799);
#15801=PLANE('',#15800);
#15802=ORIENTED_EDGE('',*,*,#10549,.F.);
#15803=ORIENTED_EDGE('',*,*,#15564,.F.);
#15805=ORIENTED_EDGE('',*,*,#15804,.T.);
#15806=ORIENTED_EDGE('',*,*,#15445,.T.);
#15807=ORIENTED_EDGE('',*,*,#9819,.T.);
#15808=ORIENTED_EDGE('',*,*,#15789,.F.);
#15809=EDGE_LOOP('',(#15802,#15803,#15805,#15806,#15807,#15808));
#15810=FACE_OUTER_BOUND('',#15809,.F.);
#15811=ADVANCED_FACE('',(#15810),#15801,.F.);
#15812=CARTESIAN_POINT('',(-9.E1,-1.3E1,4.9E1));
#15813=DIRECTION('',(-1.E0,0.E0,0.E0));
#15814=DIRECTION('',(0.E0,0.E0,1.E0));
#15815=AXIS2_PLACEMENT_3D('',#15812,#15813,#15814);
#15816=CYLINDRICAL_SURFACE('',#15815,1.E0);
#15817=ORIENTED_EDGE('',*,*,#15562,.F.);
#15818=ORIENTED_EDGE('',*,*,#15778,.T.);
#15819=ORIENTED_EDGE('',*,*,#15447,.T.);
#15820=ORIENTED_EDGE('',*,*,#15804,.F.);
#15821=EDGE_LOOP('',(#15817,#15818,#15819,#15820));
#15822=FACE_OUTER_BOUND('',#15821,.F.);
#15823=ADVANCED_FACE('',(#15822),#15816,.F.);
#15824=CARTESIAN_POINT('',(-9.E1,-4.4E1,4.6E1));
#15825=DIRECTION('',(0.E0,0.E0,1.E0));
#15826=DIRECTION('',(0.E0,1.E0,0.E0));
#15827=AXIS2_PLACEMENT_3D('',#15824,#15825,#15826);
#15828=PLANE('',#15827);
#15829=ORIENTED_EDGE('',*,*,#10545,.T.);
#15831=ORIENTED_EDGE('',*,*,#15830,.F.);
#15832=ORIENTED_EDGE('',*,*,#9823,.F.);
#15833=ORIENTED_EDGE('',*,*,#15442,.T.);
#15835=ORIENTED_EDGE('',*,*,#15834,.F.);
#15836=ORIENTED_EDGE('',*,*,#15567,.F.);
#15837=EDGE_LOOP('',(#15829,#15831,#15832,#15833,#15835,#15836));
#15838=FACE_OUTER_BOUND('',#15837,.F.);
#15839=ADVANCED_FACE('',(#15838),#15828,.F.);
#15840=CARTESIAN_POINT('',(-7.5E1,-9.2144E1,4.5E1));
#15841=DIRECTION('',(0.E0,1.E0,0.E0));
#15842=DIRECTION('',(1.E0,0.E0,0.E0));
#15843=AXIS2_PLACEMENT_3D('',#15840,#15841,#15842);
#15844=CYLINDRICAL_SURFACE('',#15843,1.E0);
#15846=ORIENTED_EDGE('',*,*,#15845,.T.);
#15847=ORIENTED_EDGE('',*,*,#9825,.F.);
#15848=ORIENTED_EDGE('',*,*,#15830,.T.);
#15849=ORIENTED_EDGE('',*,*,#10543,.F.);
#15850=EDGE_LOOP('',(#15846,#15847,#15848,#15849));
#15851=FACE_OUTER_BOUND('',#15850,.F.);
#15852=ADVANCED_FACE('',(#15851),#15844,.F.);
#15853=CARTESIAN_POINT('',(-9.E1,-1.3E1,4.4E1));
#15854=DIRECTION('',(0.E0,0.E0,-1.E0));
#15855=DIRECTION('',(0.E0,-1.E0,0.E0));
#15856=AXIS2_PLACEMENT_3D('',#15853,#15854,#15855);
#15857=PLANE('',#15856);
#15858=ORIENTED_EDGE('',*,*,#10541,.F.);
#15859=ORIENTED_EDGE('',*,*,#15571,.F.);
#15861=ORIENTED_EDGE('',*,*,#15860,.T.);
#15862=ORIENTED_EDGE('',*,*,#15438,.T.);
#15863=ORIENTED_EDGE('',*,*,#9827,.T.);
#15864=ORIENTED_EDGE('',*,*,#15845,.F.);
#15865=EDGE_LOOP('',(#15858,#15859,#15861,#15862,#15863,#15864));
#15866=FACE_OUTER_BOUND('',#15865,.F.);
#15867=ADVANCED_FACE('',(#15866),#15857,.F.);
#15868=CARTESIAN_POINT('',(-9.E1,-1.3E1,4.5E1));
#15869=DIRECTION('',(-1.E0,0.E0,0.E0));
#15870=DIRECTION('',(0.E0,0.E0,1.E0));
#15871=AXIS2_PLACEMENT_3D('',#15868,#15869,#15870);
#15872=CYLINDRICAL_SURFACE('',#15871,1.E0);
#15873=ORIENTED_EDGE('',*,*,#15569,.F.);
#15874=ORIENTED_EDGE('',*,*,#15834,.T.);
#15875=ORIENTED_EDGE('',*,*,#15440,.T.);
#15876=ORIENTED_EDGE('',*,*,#15860,.F.);
#15877=EDGE_LOOP('',(#15873,#15874,#15875,#15876));
#15878=FACE_OUTER_BOUND('',#15877,.F.);
#15879=ADVANCED_FACE('',(#15878),#15872,.F.);
#15880=CARTESIAN_POINT('',(-9.E1,-1.3E1,4.2E1));
#15881=DIRECTION('',(0.E0,0.E0,-1.E0));
#15882=DIRECTION('',(0.E0,-1.E0,0.E0));
#15883=AXIS2_PLACEMENT_3D('',#15880,#15881,#15882);
#15884=PLANE('',#15883);
#15885=ORIENTED_EDGE('',*,*,#10537,.T.);
#15887=ORIENTED_EDGE('',*,*,#15886,.F.);
#15888=ORIENTED_EDGE('',*,*,#9831,.F.);
#15889=ORIENTED_EDGE('',*,*,#15435,.F.);
#15891=ORIENTED_EDGE('',*,*,#15890,.F.);
#15892=ORIENTED_EDGE('',*,*,#15574,.T.);
#15893=EDGE_LOOP('',(#15885,#15887,#15888,#15889,#15891,#15892));
#15894=FACE_OUTER_BOUND('',#15893,.F.);
#15895=ADVANCED_FACE('',(#15894),#15884,.T.);
#15896=CARTESIAN_POINT('',(-7.5E1,-9.2144E1,4.1E1));
#15897=DIRECTION('',(0.E0,1.E0,0.E0));
#15898=DIRECTION('',(1.E0,0.E0,0.E0));
#15899=AXIS2_PLACEMENT_3D('',#15896,#15897,#15898);
#15900=CYLINDRICAL_SURFACE('',#15899,1.E0);
#15902=ORIENTED_EDGE('',*,*,#15901,.T.);
#15903=ORIENTED_EDGE('',*,*,#9833,.F.);
#15904=ORIENTED_EDGE('',*,*,#15886,.T.);
#15905=ORIENTED_EDGE('',*,*,#10535,.F.);
#15906=EDGE_LOOP('',(#15902,#15903,#15904,#15905));
#15907=FACE_OUTER_BOUND('',#15906,.F.);
#15908=ADVANCED_FACE('',(#15907),#15900,.F.);
#15909=CARTESIAN_POINT('',(-9.E1,-4.4E1,4.E1));
#15910=DIRECTION('',(0.E0,0.E0,1.E0));
#15911=DIRECTION('',(0.E0,1.E0,0.E0));
#15912=AXIS2_PLACEMENT_3D('',#15909,#15910,#15911);
#15913=PLANE('',#15912);
#15914=ORIENTED_EDGE('',*,*,#10533,.F.);
#15915=ORIENTED_EDGE('',*,*,#15578,.T.);
#15917=ORIENTED_EDGE('',*,*,#15916,.T.);
#15918=ORIENTED_EDGE('',*,*,#15431,.F.);
#15919=ORIENTED_EDGE('',*,*,#9835,.T.);
#15920=ORIENTED_EDGE('',*,*,#15901,.F.);
#15921=EDGE_LOOP('',(#15914,#15915,#15917,#15918,#15919,#15920));
#15922=FACE_OUTER_BOUND('',#15921,.F.);
#15923=ADVANCED_FACE('',(#15922),#15913,.T.);
#15924=CARTESIAN_POINT('',(-9.E1,-1.3E1,4.1E1));
#15925=DIRECTION('',(1.E0,0.E0,0.E0));
#15926=DIRECTION('',(0.E0,0.E0,-1.E0));
#15927=AXIS2_PLACEMENT_3D('',#15924,#15925,#15926);
#15928=CYLINDRICAL_SURFACE('',#15927,1.E0);
#15929=ORIENTED_EDGE('',*,*,#15916,.F.);
#15930=ORIENTED_EDGE('',*,*,#15576,.T.);
#15931=ORIENTED_EDGE('',*,*,#15890,.T.);
#15932=ORIENTED_EDGE('',*,*,#15433,.F.);
#15933=EDGE_LOOP('',(#15929,#15930,#15931,#15932));
#15934=FACE_OUTER_BOUND('',#15933,.F.);
#15935=ADVANCED_FACE('',(#15934),#15928,.F.);
#15936=CARTESIAN_POINT('',(-9.E1,-1.3E1,3.8E1));
#15937=DIRECTION('',(0.E0,0.E0,-1.E0));
#15938=DIRECTION('',(0.E0,-1.E0,0.E0));
#15939=AXIS2_PLACEMENT_3D('',#15936,#15937,#15938);
#15940=PLANE('',#15939);
#15941=ORIENTED_EDGE('',*,*,#10529,.T.);
#15943=ORIENTED_EDGE('',*,*,#15942,.F.);
#15944=ORIENTED_EDGE('',*,*,#9839,.F.);
#15945=ORIENTED_EDGE('',*,*,#15428,.F.);
#15947=ORIENTED_EDGE('',*,*,#15946,.F.);
#15948=ORIENTED_EDGE('',*,*,#15581,.T.);
#15949=EDGE_LOOP('',(#15941,#15943,#15944,#15945,#15947,#15948));
#15950=FACE_OUTER_BOUND('',#15949,.F.);
#15951=ADVANCED_FACE('',(#15950),#15940,.T.);
#15952=CARTESIAN_POINT('',(-7.5E1,-9.2144E1,3.7E1));
#15953=DIRECTION('',(0.E0,1.E0,0.E0));
#15954=DIRECTION('',(1.E0,0.E0,0.E0));
#15955=AXIS2_PLACEMENT_3D('',#15952,#15953,#15954);
#15956=CYLINDRICAL_SURFACE('',#15955,1.E0);
#15958=ORIENTED_EDGE('',*,*,#15957,.T.);
#15959=ORIENTED_EDGE('',*,*,#9841,.F.);
#15960=ORIENTED_EDGE('',*,*,#15942,.T.);
#15961=ORIENTED_EDGE('',*,*,#10527,.F.);
#15962=EDGE_LOOP('',(#15958,#15959,#15960,#15961));
#15963=FACE_OUTER_BOUND('',#15962,.F.);
#15964=ADVANCED_FACE('',(#15963),#15956,.F.);
#15965=CARTESIAN_POINT('',(-9.E1,-4.4E1,3.6E1));
#15966=DIRECTION('',(0.E0,0.E0,1.E0));
#15967=DIRECTION('',(0.E0,1.E0,0.E0));
#15968=AXIS2_PLACEMENT_3D('',#15965,#15966,#15967);
#15969=PLANE('',#15968);
#15970=ORIENTED_EDGE('',*,*,#10525,.F.);
#15971=ORIENTED_EDGE('',*,*,#15585,.T.);
#15973=ORIENTED_EDGE('',*,*,#15972,.T.);
#15974=ORIENTED_EDGE('',*,*,#15424,.F.);
#15975=ORIENTED_EDGE('',*,*,#9843,.T.);
#15976=ORIENTED_EDGE('',*,*,#15957,.F.);
#15977=EDGE_LOOP('',(#15970,#15971,#15973,#15974,#15975,#15976));
#15978=FACE_OUTER_BOUND('',#15977,.F.);
#15979=ADVANCED_FACE('',(#15978),#15969,.T.);
#15980=CARTESIAN_POINT('',(-9.E1,-1.3E1,3.7E1));
#15981=DIRECTION('',(1.E0,0.E0,0.E0));
#15982=DIRECTION('',(0.E0,0.E0,-1.E0));
#15983=AXIS2_PLACEMENT_3D('',#15980,#15981,#15982);
#15984=CYLINDRICAL_SURFACE('',#15983,1.E0);
#15985=ORIENTED_EDGE('',*,*,#15972,.F.);
#15986=ORIENTED_EDGE('',*,*,#15583,.T.);
#15987=ORIENTED_EDGE('',*,*,#15946,.T.);
#15988=ORIENTED_EDGE('',*,*,#15426,.F.);
#15989=EDGE_LOOP('',(#15985,#15986,#15987,#15988));
#15990=FACE_OUTER_BOUND('',#15989,.F.);
#15991=ADVANCED_FACE('',(#15990),#15984,.F.);
#15992=CARTESIAN_POINT('',(-9.E1,-1.3E1,3.4E1));
#15993=DIRECTION('',(0.E0,0.E0,-1.E0));
#15994=DIRECTION('',(0.E0,-1.E0,0.E0));
#15995=AXIS2_PLACEMENT_3D('',#15992,#15993,#15994);
#15996=PLANE('',#15995);
#15997=ORIENTED_EDGE('',*,*,#10521,.T.);
#15999=ORIENTED_EDGE('',*,*,#15998,.F.);
#16000=ORIENTED_EDGE('',*,*,#9847,.F.);
#16001=ORIENTED_EDGE('',*,*,#15421,.F.);
#16003=ORIENTED_EDGE('',*,*,#16002,.F.);
#16004=ORIENTED_EDGE('',*,*,#15588,.T.);
#16005=EDGE_LOOP('',(#15997,#15999,#16000,#16001,#16003,#16004));
#16006=FACE_OUTER_BOUND('',#16005,.F.);
#16007=ADVANCED_FACE('',(#16006),#15996,.T.);
#16008=CARTESIAN_POINT('',(-7.5E1,-9.2144E1,3.3E1));
#16009=DIRECTION('',(0.E0,1.E0,0.E0));
#16010=DIRECTION('',(1.E0,0.E0,0.E0));
#16011=AXIS2_PLACEMENT_3D('',#16008,#16009,#16010);
#16012=CYLINDRICAL_SURFACE('',#16011,1.E0);
#16014=ORIENTED_EDGE('',*,*,#16013,.T.);
#16015=ORIENTED_EDGE('',*,*,#9849,.F.);
#16016=ORIENTED_EDGE('',*,*,#15998,.T.);
#16017=ORIENTED_EDGE('',*,*,#10519,.F.);
#16018=EDGE_LOOP('',(#16014,#16015,#16016,#16017));
#16019=FACE_OUTER_BOUND('',#16018,.F.);
#16020=ADVANCED_FACE('',(#16019),#16012,.F.);
#16021=CARTESIAN_POINT('',(-9.E1,-4.4E1,3.2E1));
#16022=DIRECTION('',(0.E0,0.E0,1.E0));
#16023=DIRECTION('',(0.E0,1.E0,0.E0));
#16024=AXIS2_PLACEMENT_3D('',#16021,#16022,#16023);
#16025=PLANE('',#16024);
#16026=ORIENTED_EDGE('',*,*,#10517,.F.);
#16027=ORIENTED_EDGE('',*,*,#15592,.T.);
#16029=ORIENTED_EDGE('',*,*,#16028,.T.);
#16030=ORIENTED_EDGE('',*,*,#15417,.F.);
#16031=ORIENTED_EDGE('',*,*,#9851,.T.);
#16032=ORIENTED_EDGE('',*,*,#16013,.F.);
#16033=EDGE_LOOP('',(#16026,#16027,#16029,#16030,#16031,#16032));
#16034=FACE_OUTER_BOUND('',#16033,.F.);
#16035=ADVANCED_FACE('',(#16034),#16025,.T.);
#16036=CARTESIAN_POINT('',(-9.E1,-1.3E1,3.3E1));
#16037=DIRECTION('',(1.E0,0.E0,0.E0));
#16038=DIRECTION('',(0.E0,0.E0,-1.E0));
#16039=AXIS2_PLACEMENT_3D('',#16036,#16037,#16038);
#16040=CYLINDRICAL_SURFACE('',#16039,1.E0);
#16041=ORIENTED_EDGE('',*,*,#16028,.F.);
#16042=ORIENTED_EDGE('',*,*,#15590,.T.);
#16043=ORIENTED_EDGE('',*,*,#16002,.T.);
#16044=ORIENTED_EDGE('',*,*,#15419,.F.);
#16045=EDGE_LOOP('',(#16041,#16042,#16043,#16044));
#16046=FACE_OUTER_BOUND('',#16045,.F.);
#16047=ADVANCED_FACE('',(#16046),#16040,.F.);
#16048=CARTESIAN_POINT('',(-9.E1,-1.3E1,3.E1));
#16049=DIRECTION('',(0.E0,0.E0,-1.E0));
#16050=DIRECTION('',(0.E0,-1.E0,0.E0));
#16051=AXIS2_PLACEMENT_3D('',#16048,#16049,#16050);
#16052=PLANE('',#16051);
#16053=ORIENTED_EDGE('',*,*,#10513,.T.);
#16055=ORIENTED_EDGE('',*,*,#16054,.F.);
#16056=ORIENTED_EDGE('',*,*,#9855,.F.);
#16057=ORIENTED_EDGE('',*,*,#15414,.F.);
#16058=ORIENTED_EDGE('',*,*,#15505,.F.);
#16059=ORIENTED_EDGE('',*,*,#15595,.T.);
#16060=EDGE_LOOP('',(#16053,#16055,#16056,#16057,#16058,#16059));
#16061=FACE_OUTER_BOUND('',#16060,.F.);
#16062=ADVANCED_FACE('',(#16061),#16052,.T.);
#16063=CARTESIAN_POINT('',(-7.5E1,-9.2144E1,2.9E1));
#16064=DIRECTION('',(0.E0,1.E0,0.E0));
#16065=DIRECTION('',(1.E0,0.E0,0.E0));
#16066=AXIS2_PLACEMENT_3D('',#16063,#16064,#16065);
#16067=CYLINDRICAL_SURFACE('',#16066,1.E0);
#16068=ORIENTED_EDGE('',*,*,#15522,.T.);
#16069=ORIENTED_EDGE('',*,*,#9857,.F.);
#16070=ORIENTED_EDGE('',*,*,#16054,.T.);
#16071=ORIENTED_EDGE('',*,*,#10511,.F.);
#16072=EDGE_LOOP('',(#16068,#16069,#16070,#16071));
#16073=FACE_OUTER_BOUND('',#16072,.F.);
#16074=ADVANCED_FACE('',(#16073),#16067,.F.);
#16075=CARTESIAN_POINT('',(0.E0,0.E0,6.7E1));
#16076=DIRECTION('',(0.E0,0.E0,1.E0));
#16077=DIRECTION('',(1.E0,0.E0,0.E0));
#16078=AXIS2_PLACEMENT_3D('',#16075,#16076,#16077);
#16079=PLANE('',#16078);
#16080=ORIENTED_EDGE('',*,*,#15473,.F.);
#16082=ORIENTED_EDGE('',*,*,#16081,.T.);
#16084=ORIENTED_EDGE('',*,*,#16083,.T.);
#16086=ORIENTED_EDGE('',*,*,#16085,.T.);
#16088=ORIENTED_EDGE('',*,*,#16087,.T.);
#16090=ORIENTED_EDGE('',*,*,#16089,.T.);
#16092=ORIENTED_EDGE('',*,*,#16091,.T.);
#16094=ORIENTED_EDGE('',*,*,#16093,.T.);
#16096=ORIENTED_EDGE('',*,*,#16095,.T.);
#16097=EDGE_LOOP('',(#16080,#16082,#16084,#16086,#16088,#16090,#16092,#16094,
#16096));
#16098=FACE_OUTER_BOUND('',#16097,.F.);
#16099=ADVANCED_FACE('',(#16098),#16079,.F.);
#16100=CARTESIAN_POINT('',(-7.91E1,-3.8E1,6.7E1));
#16101=DIRECTION('',(0.E0,0.E0,1.E0));
#16102=DIRECTION('',(1.E0,0.E0,0.E0));
#16103=AXIS2_PLACEMENT_3D('',#16100,#16101,#16102);
#16104=CYLINDRICAL_SURFACE('',#16103,8.9E0);
#16105=ORIENTED_EDGE('',*,*,#16081,.F.);
#16106=ORIENTED_EDGE('',*,*,#10179,.T.);
#16108=ORIENTED_EDGE('',*,*,#16107,.T.);
#16110=ORIENTED_EDGE('',*,*,#16109,.F.);
#16111=EDGE_LOOP('',(#16105,#16106,#16108,#16110));
#16112=FACE_OUTER_BOUND('',#16111,.F.);
#16113=ADVANCED_FACE('',(#16112),#16104,.F.);
#16114=CARTESIAN_POINT('',(0.E0,0.E0,7.4E1));
#16115=DIRECTION('',(0.E0,0.E0,1.E0));
#16116=DIRECTION('',(1.E0,0.E0,0.E0));
#16117=AXIS2_PLACEMENT_3D('',#16114,#16115,#16116);
#16118=PLANE('',#16117);
#16119=ORIENTED_EDGE('',*,*,#15477,.T.);
#16121=ORIENTED_EDGE('',*,*,#16120,.F.);
#16123=ORIENTED_EDGE('',*,*,#16122,.F.);
#16125=ORIENTED_EDGE('',*,*,#16124,.F.);
#16127=ORIENTED_EDGE('',*,*,#16126,.F.);
#16129=ORIENTED_EDGE('',*,*,#16128,.F.);
#16131=ORIENTED_EDGE('',*,*,#16130,.F.);
#16133=ORIENTED_EDGE('',*,*,#16132,.F.);
#16134=ORIENTED_EDGE('',*,*,#16107,.F.);
#16135=EDGE_LOOP('',(#16119,#16121,#16123,#16125,#16127,#16129,#16131,#16133,
#16134));
#16136=FACE_OUTER_BOUND('',#16135,.F.);
#16137=ADVANCED_FACE('',(#16136),#16118,.T.);
#16138=CARTESIAN_POINT('',(-8.3E1,-1.9E1,6.7E1));
#16139=DIRECTION('',(0.E0,1.E0,0.E0));
#16140=DIRECTION('',(-1.E0,0.E0,0.E0));
#16141=AXIS2_PLACEMENT_3D('',#16138,#16139,#16140);
#16142=PLANE('',#16141);
#16143=ORIENTED_EDGE('',*,*,#15475,.F.);
#16144=ORIENTED_EDGE('',*,*,#16095,.F.);
#16146=ORIENTED_EDGE('',*,*,#16145,.T.);
#16147=ORIENTED_EDGE('',*,*,#16120,.T.);
#16148=EDGE_LOOP('',(#16143,#16144,#16146,#16147));
#16149=FACE_OUTER_BOUND('',#16148,.F.);
#16150=ADVANCED_FACE('',(#16149),#16142,.T.);
#16151=CARTESIAN_POINT('',(-8.3E1,-2.207157287525E1,6.7E1));
#16152=DIRECTION('',(1.E0,0.E0,0.E0));
#16153=DIRECTION('',(0.E0,1.E0,0.E0));
#16154=AXIS2_PLACEMENT_3D('',#16151,#16152,#16153);
#16155=PLANE('',#16154);
#16156=ORIENTED_EDGE('',*,*,#16093,.F.);
#16158=ORIENTED_EDGE('',*,*,#16157,.T.);
#16159=ORIENTED_EDGE('',*,*,#16122,.T.);
#16160=ORIENTED_EDGE('',*,*,#16145,.F.);
#16161=EDGE_LOOP('',(#16156,#16158,#16159,#16160));
#16162=FACE_OUTER_BOUND('',#16161,.F.);
#16163=ADVANCED_FACE('',(#16162),#16155,.T.);
#16164=CARTESIAN_POINT('',(-8.5E1,-2.207157287525E1,6.7E1));
#16165=DIRECTION('',(0.E0,0.E0,1.E0));
#16166=DIRECTION('',(1.E0,0.E0,0.E0));
#16167=AXIS2_PLACEMENT_3D('',#16164,#16165,#16166);
#16168=CYLINDRICAL_SURFACE('',#16167,2.E0);
#16169=ORIENTED_EDGE('',*,*,#16091,.F.);
#16171=ORIENTED_EDGE('',*,*,#16170,.T.);
#16172=ORIENTED_EDGE('',*,*,#16124,.T.);
#16173=ORIENTED_EDGE('',*,*,#16157,.F.);
#16174=EDGE_LOOP('',(#16169,#16171,#16172,#16173));
#16175=FACE_OUTER_BOUND('',#16174,.F.);
#16176=ADVANCED_FACE('',(#16175),#16168,.T.);
#16177=CARTESIAN_POINT('',(-8.524644660941E1,-2.514644660941E1,6.7E1));
#16178=DIRECTION('',(7.071067811865E-1,-7.071067811865E-1,0.E0));
#16179=DIRECTION('',(7.071067811865E-1,7.071067811865E-1,0.E0));
#16180=AXIS2_PLACEMENT_3D('',#16177,#16178,#16179);
#16181=PLANE('',#16180);
#16182=ORIENTED_EDGE('',*,*,#16089,.F.);
#16184=ORIENTED_EDGE('',*,*,#16183,.T.);
#16185=ORIENTED_EDGE('',*,*,#16126,.T.);
#16186=ORIENTED_EDGE('',*,*,#16170,.F.);
#16187=EDGE_LOOP('',(#16182,#16184,#16185,#16186));
#16188=FACE_OUTER_BOUND('',#16187,.F.);
#16189=ADVANCED_FACE('',(#16188),#16181,.T.);
#16190=CARTESIAN_POINT('',(-8.489289321881E1,-2.55E1,6.7E1));
#16191=DIRECTION('',(0.E0,0.E0,1.E0));
#16192=DIRECTION('',(1.E0,0.E0,0.E0));
#16193=AXIS2_PLACEMENT_3D('',#16190,#16191,#16192);
#16194=CYLINDRICAL_SURFACE('',#16193,5.E-1);
#16195=ORIENTED_EDGE('',*,*,#16087,.F.);
#16197=ORIENTED_EDGE('',*,*,#16196,.T.);
#16198=ORIENTED_EDGE('',*,*,#16128,.T.);
#16199=ORIENTED_EDGE('',*,*,#16183,.F.);
#16200=EDGE_LOOP('',(#16195,#16197,#16198,#16199));
#16201=FACE_OUTER_BOUND('',#16200,.F.);
#16202=ADVANCED_FACE('',(#16201),#16194,.F.);
#16203=CARTESIAN_POINT('',(-8.3E1,-2.6E1,6.7E1));
#16204=DIRECTION('',(0.E0,1.E0,0.E0));
#16205=DIRECTION('',(-1.E0,0.E0,0.E0));
#16206=AXIS2_PLACEMENT_3D('',#16203,#16204,#16205);
#16207=PLANE('',#16206);
#16208=ORIENTED_EDGE('',*,*,#16085,.F.);
#16210=ORIENTED_EDGE('',*,*,#16209,.T.);
#16211=ORIENTED_EDGE('',*,*,#16130,.T.);
#16212=ORIENTED_EDGE('',*,*,#16196,.F.);
#16213=EDGE_LOOP('',(#16208,#16210,#16211,#16212));
#16214=FACE_OUTER_BOUND('',#16213,.F.);
#16215=ADVANCED_FACE('',(#16214),#16207,.T.);
#16216=CARTESIAN_POINT('',(-8.3E1,-3.E1,6.7E1));
#16217=DIRECTION('',(1.E0,0.E0,0.E0));
#16218=DIRECTION('',(0.E0,1.E0,0.E0));
#16219=AXIS2_PLACEMENT_3D('',#16216,#16217,#16218);
#16220=PLANE('',#16219);
#16221=ORIENTED_EDGE('',*,*,#16083,.F.);
#16222=ORIENTED_EDGE('',*,*,#16109,.T.);
#16223=ORIENTED_EDGE('',*,*,#16132,.T.);
#16224=ORIENTED_EDGE('',*,*,#16209,.F.);
#16225=EDGE_LOOP('',(#16221,#16222,#16223,#16224));
#16226=FACE_OUTER_BOUND('',#16225,.F.);
#16227=ADVANCED_FACE('',(#16226),#16220,.T.);
#16228=CARTESIAN_POINT('',(0.E0,0.E0,1.2E1));
#16229=DIRECTION('',(0.E0,0.E0,1.E0));
#16230=DIRECTION('',(1.E0,0.E0,0.E0));
#16231=AXIS2_PLACEMENT_3D('',#16228,#16229,#16230);
#16232=PLANE('',#16231);
#16233=ORIENTED_EDGE('',*,*,#15484,.F.);
#16235=ORIENTED_EDGE('',*,*,#16234,.T.);
#16237=ORIENTED_EDGE('',*,*,#16236,.T.);
#16239=ORIENTED_EDGE('',*,*,#16238,.T.);
#16241=ORIENTED_EDGE('',*,*,#16240,.T.);
#16243=ORIENTED_EDGE('',*,*,#16242,.T.);
#16245=ORIENTED_EDGE('',*,*,#16244,.T.);
#16247=ORIENTED_EDGE('',*,*,#16246,.T.);
#16249=ORIENTED_EDGE('',*,*,#16248,.T.);
#16250=EDGE_LOOP('',(#16233,#16235,#16237,#16239,#16241,#16243,#16245,#16247,
#16249));
#16251=FACE_OUTER_BOUND('',#16250,.F.);
#16252=ADVANCED_FACE('',(#16251),#16232,.F.);
#16253=CARTESIAN_POINT('',(-7.91E1,-3.8E1,1.2E1));
#16254=DIRECTION('',(0.E0,0.E0,1.E0));
#16255=DIRECTION('',(1.E0,0.E0,0.E0));
#16256=AXIS2_PLACEMENT_3D('',#16253,#16254,#16255);
#16257=CYLINDRICAL_SURFACE('',#16256,8.9E0);
#16258=ORIENTED_EDGE('',*,*,#16234,.F.);
#16259=ORIENTED_EDGE('',*,*,#9863,.T.);
#16261=ORIENTED_EDGE('',*,*,#16260,.T.);
#16263=ORIENTED_EDGE('',*,*,#16262,.F.);
#16264=EDGE_LOOP('',(#16258,#16259,#16261,#16263));
#16265=FACE_OUTER_BOUND('',#16264,.F.);
#16266=ADVANCED_FACE('',(#16265),#16257,.F.);
#16267=CARTESIAN_POINT('',(0.E0,0.E0,1.9E1));
#16268=DIRECTION('',(0.E0,0.E0,1.E0));
#16269=DIRECTION('',(1.E0,0.E0,0.E0));
#16270=AXIS2_PLACEMENT_3D('',#16267,#16268,#16269);
#16271=PLANE('',#16270);
#16272=ORIENTED_EDGE('',*,*,#15488,.T.);
#16274=ORIENTED_EDGE('',*,*,#16273,.F.);
#16276=ORIENTED_EDGE('',*,*,#16275,.F.);
#16278=ORIENTED_EDGE('',*,*,#16277,.F.);
#16280=ORIENTED_EDGE('',*,*,#16279,.F.);
#16282=ORIENTED_EDGE('',*,*,#16281,.F.);
#16284=ORIENTED_EDGE('',*,*,#16283,.F.);
#16286=ORIENTED_EDGE('',*,*,#16285,.F.);
#16287=ORIENTED_EDGE('',*,*,#16260,.F.);
#16288=EDGE_LOOP('',(#16272,#16274,#16276,#16278,#16280,#16282,#16284,#16286,
#16287));
#16289=FACE_OUTER_BOUND('',#16288,.F.);
#16290=ADVANCED_FACE('',(#16289),#16271,.T.);
#16291=CARTESIAN_POINT('',(-8.3E1,-1.9E1,1.2E1));
#16292=DIRECTION('',(0.E0,1.E0,0.E0));
#16293=DIRECTION('',(-1.E0,0.E0,0.E0));
#16294=AXIS2_PLACEMENT_3D('',#16291,#16292,#16293);
#16295=PLANE('',#16294);
#16296=ORIENTED_EDGE('',*,*,#15486,.F.);
#16297=ORIENTED_EDGE('',*,*,#16248,.F.);
#16299=ORIENTED_EDGE('',*,*,#16298,.T.);
#16300=ORIENTED_EDGE('',*,*,#16273,.T.);
#16301=EDGE_LOOP('',(#16296,#16297,#16299,#16300));
#16302=FACE_OUTER_BOUND('',#16301,.F.);
#16303=ADVANCED_FACE('',(#16302),#16295,.T.);
#16304=CARTESIAN_POINT('',(-8.3E1,-2.207157287525E1,1.2E1));
#16305=DIRECTION('',(1.E0,0.E0,0.E0));
#16306=DIRECTION('',(0.E0,1.E0,0.E0));
#16307=AXIS2_PLACEMENT_3D('',#16304,#16305,#16306);
#16308=PLANE('',#16307);
#16309=ORIENTED_EDGE('',*,*,#16246,.F.);
#16311=ORIENTED_EDGE('',*,*,#16310,.T.);
#16312=ORIENTED_EDGE('',*,*,#16275,.T.);
#16313=ORIENTED_EDGE('',*,*,#16298,.F.);
#16314=EDGE_LOOP('',(#16309,#16311,#16312,#16313));
#16315=FACE_OUTER_BOUND('',#16314,.F.);
#16316=ADVANCED_FACE('',(#16315),#16308,.T.);
#16317=CARTESIAN_POINT('',(-8.5E1,-2.207157287525E1,1.2E1));
#16318=DIRECTION('',(0.E0,0.E0,1.E0));
#16319=DIRECTION('',(1.E0,0.E0,0.E0));
#16320=AXIS2_PLACEMENT_3D('',#16317,#16318,#16319);
#16321=CYLINDRICAL_SURFACE('',#16320,2.E0);
#16322=ORIENTED_EDGE('',*,*,#16244,.F.);
#16324=ORIENTED_EDGE('',*,*,#16323,.T.);
#16325=ORIENTED_EDGE('',*,*,#16277,.T.);
#16326=ORIENTED_EDGE('',*,*,#16310,.F.);
#16327=EDGE_LOOP('',(#16322,#16324,#16325,#16326));
#16328=FACE_OUTER_BOUND('',#16327,.F.);
#16329=ADVANCED_FACE('',(#16328),#16321,.T.);
#16330=CARTESIAN_POINT('',(-8.524644660941E1,-2.514644660941E1,1.2E1));
#16331=DIRECTION('',(7.071067811865E-1,-7.071067811865E-1,0.E0));
#16332=DIRECTION('',(7.071067811865E-1,7.071067811865E-1,0.E0));
#16333=AXIS2_PLACEMENT_3D('',#16330,#16331,#16332);
#16334=PLANE('',#16333);
#16335=ORIENTED_EDGE('',*,*,#16242,.F.);
#16337=ORIENTED_EDGE('',*,*,#16336,.T.);
#16338=ORIENTED_EDGE('',*,*,#16279,.T.);
#16339=ORIENTED_EDGE('',*,*,#16323,.F.);
#16340=EDGE_LOOP('',(#16335,#16337,#16338,#16339));
#16341=FACE_OUTER_BOUND('',#16340,.F.);
#16342=ADVANCED_FACE('',(#16341),#16334,.T.);
#16343=CARTESIAN_POINT('',(-8.489289321881E1,-2.55E1,1.2E1));
#16344=DIRECTION('',(0.E0,0.E0,1.E0));
#16345=DIRECTION('',(1.E0,0.E0,0.E0));
#16346=AXIS2_PLACEMENT_3D('',#16343,#16344,#16345);
#16347=CYLINDRICAL_SURFACE('',#16346,5.E-1);
#16348=ORIENTED_EDGE('',*,*,#16240,.F.);
#16350=ORIENTED_EDGE('',*,*,#16349,.T.);
#16351=ORIENTED_EDGE('',*,*,#16281,.T.);
#16352=ORIENTED_EDGE('',*,*,#16336,.F.);
#16353=EDGE_LOOP('',(#16348,#16350,#16351,#16352));
#16354=FACE_OUTER_BOUND('',#16353,.F.);
#16355=ADVANCED_FACE('',(#16354),#16347,.F.);
#16356=CARTESIAN_POINT('',(-8.3E1,-2.6E1,1.2E1));
#16357=DIRECTION('',(0.E0,1.E0,0.E0));
#16358=DIRECTION('',(-1.E0,0.E0,0.E0));
#16359=AXIS2_PLACEMENT_3D('',#16356,#16357,#16358);
#16360=PLANE('',#16359);
#16361=ORIENTED_EDGE('',*,*,#16238,.F.);
#16363=ORIENTED_EDGE('',*,*,#16362,.T.);
#16364=ORIENTED_EDGE('',*,*,#16283,.T.);
#16365=ORIENTED_EDGE('',*,*,#16349,.F.);
#16366=EDGE_LOOP('',(#16361,#16363,#16364,#16365));
#16367=FACE_OUTER_BOUND('',#16366,.F.);
#16368=ADVANCED_FACE('',(#16367),#16360,.T.);
#16369=CARTESIAN_POINT('',(-8.3E1,-3.E1,1.2E1));
#16370=DIRECTION('',(1.E0,0.E0,0.E0));
#16371=DIRECTION('',(0.E0,1.E0,0.E0));
#16372=AXIS2_PLACEMENT_3D('',#16369,#16370,#16371);
#16373=PLANE('',#16372);
#16374=ORIENTED_EDGE('',*,*,#16236,.F.);
#16375=ORIENTED_EDGE('',*,*,#16262,.T.);
#16376=ORIENTED_EDGE('',*,*,#16285,.T.);
#16377=ORIENTED_EDGE('',*,*,#16362,.F.);
#16378=EDGE_LOOP('',(#16374,#16375,#16376,#16377));
#16379=FACE_OUTER_BOUND('',#16378,.F.);
#16380=ADVANCED_FACE('',(#16379),#16373,.T.);
#16381=CARTESIAN_POINT('',(-8.4E1,-5.E0,-1.17324E2));
#16382=DIRECTION('',(0.E0,0.E0,1.E0));
#16383=DIRECTION('',(0.E0,-1.E0,0.E0));
#16384=AXIS2_PLACEMENT_3D('',#16381,#16382,#16383);
#16385=CYLINDRICAL_SURFACE('',#16384,3.E0);
#16386=ORIENTED_EDGE('',*,*,#13648,.F.);
#16387=ORIENTED_EDGE('',*,*,#9559,.T.);
#16388=ORIENTED_EDGE('',*,*,#13823,.T.);
#16389=ORIENTED_EDGE('',*,*,#13627,.T.);
#16390=EDGE_LOOP('',(#16386,#16387,#16388,#16389));
#16391=FACE_OUTER_BOUND('',#16390,.F.);
#16392=ADVANCED_FACE('',(#16391),#16385,.F.);
#16393=CARTESIAN_POINT('',(-4.5E1,-1.3E1,9.E1));
#16394=DIRECTION('',(0.E0,0.E0,1.E0));
#16395=DIRECTION('',(1.E0,0.E0,0.E0));
#16396=AXIS2_PLACEMENT_3D('',#16393,#16394,#16395);
#16397=CYLINDRICAL_SURFACE('',#16396,1.E0);
#16398=ORIENTED_EDGE('',*,*,#13551,.F.);
#16400=ORIENTED_EDGE('',*,*,#16399,.T.);
#16401=ORIENTED_EDGE('',*,*,#9613,.T.);
#16403=ORIENTED_EDGE('',*,*,#16402,.F.);
#16404=EDGE_LOOP('',(#16398,#16400,#16401,#16403));
#16405=FACE_OUTER_BOUND('',#16404,.F.);
#16406=ADVANCED_FACE('',(#16405),#16397,.F.);
#16407=CARTESIAN_POINT('',(-4.4E1,-2.7E1,9.E1));
#16408=DIRECTION('',(1.E0,0.E0,0.E0));
#16409=DIRECTION('',(0.E0,1.E0,0.E0));
#16410=AXIS2_PLACEMENT_3D('',#16407,#16408,#16409);
#16411=PLANE('',#16410);
#16412=ORIENTED_EDGE('',*,*,#13557,.F.);
#16414=ORIENTED_EDGE('',*,*,#16413,.T.);
#16415=ORIENTED_EDGE('',*,*,#9615,.T.);
#16416=ORIENTED_EDGE('',*,*,#16399,.F.);
#16417=EDGE_LOOP('',(#16412,#16414,#16415,#16416));
#16418=FACE_OUTER_BOUND('',#16417,.F.);
#16419=ADVANCED_FACE('',(#16418),#16411,.F.);
#16420=CARTESIAN_POINT('',(-4.5E1,-2.7E1,9.E1));
#16421=DIRECTION('',(0.E0,0.E0,1.E0));
#16422=DIRECTION('',(1.E0,0.E0,0.E0));
#16423=AXIS2_PLACEMENT_3D('',#16420,#16421,#16422);
#16424=CYLINDRICAL_SURFACE('',#16423,1.E0);
#16425=ORIENTED_EDGE('',*,*,#13555,.F.);
#16427=ORIENTED_EDGE('',*,*,#16426,.T.);
#16428=ORIENTED_EDGE('',*,*,#9617,.T.);
#16429=ORIENTED_EDGE('',*,*,#16413,.F.);
#16430=EDGE_LOOP('',(#16425,#16427,#16428,#16429));
#16431=FACE_OUTER_BOUND('',#16430,.F.);
#16432=ADVANCED_FACE('',(#16431),#16424,.F.);
#16433=CARTESIAN_POINT('',(-4.6E1,-1.3E1,9.E1));
#16434=DIRECTION('',(-1.E0,0.E0,0.E0));
#16435=DIRECTION('',(0.E0,-1.E0,0.E0));
#16436=AXIS2_PLACEMENT_3D('',#16433,#16434,#16435);
#16437=PLANE('',#16436);
#16438=ORIENTED_EDGE('',*,*,#13553,.F.);
#16439=ORIENTED_EDGE('',*,*,#16402,.T.);
#16440=ORIENTED_EDGE('',*,*,#9619,.T.);
#16441=ORIENTED_EDGE('',*,*,#16426,.F.);
#16442=EDGE_LOOP('',(#16438,#16439,#16440,#16441));
#16443=FACE_OUTER_BOUND('',#16442,.F.);
#16444=ADVANCED_FACE('',(#16443),#16437,.F.);
#16445=CARTESIAN_POINT('',(-4.9E1,-1.3E1,9.E1));
#16446=DIRECTION('',(0.E0,0.E0,1.E0));
#16447=DIRECTION('',(1.E0,0.E0,0.E0));
#16448=AXIS2_PLACEMENT_3D('',#16445,#16446,#16447);
#16449=CYLINDRICAL_SURFACE('',#16448,1.E0);
#16450=ORIENTED_EDGE('',*,*,#13561,.F.);
#16452=ORIENTED_EDGE('',*,*,#16451,.T.);
#16453=ORIENTED_EDGE('',*,*,#9623,.T.);
#16455=ORIENTED_EDGE('',*,*,#16454,.F.);
#16456=EDGE_LOOP('',(#16450,#16452,#16453,#16455));
#16457=FACE_OUTER_BOUND('',#16456,.F.);
#16458=ADVANCED_FACE('',(#16457),#16449,.F.);
#16459=CARTESIAN_POINT('',(-4.8E1,-2.7E1,9.E1));
#16460=DIRECTION('',(1.E0,0.E0,0.E0));
#16461=DIRECTION('',(0.E0,1.E0,0.E0));
#16462=AXIS2_PLACEMENT_3D('',#16459,#16460,#16461);
#16463=PLANE('',#16462);
#16464=ORIENTED_EDGE('',*,*,#13567,.F.);
#16466=ORIENTED_EDGE('',*,*,#16465,.T.);
#16467=ORIENTED_EDGE('',*,*,#9625,.T.);
#16468=ORIENTED_EDGE('',*,*,#16451,.F.);
#16469=EDGE_LOOP('',(#16464,#16466,#16467,#16468));
#16470=FACE_OUTER_BOUND('',#16469,.F.);
#16471=ADVANCED_FACE('',(#16470),#16463,.F.);
#16472=CARTESIAN_POINT('',(-4.9E1,-2.7E1,9.E1));
#16473=DIRECTION('',(0.E0,0.E0,1.E0));
#16474=DIRECTION('',(1.E0,0.E0,0.E0));
#16475=AXIS2_PLACEMENT_3D('',#16472,#16473,#16474);
#16476=CYLINDRICAL_SURFACE('',#16475,1.E0);
#16477=ORIENTED_EDGE('',*,*,#13565,.F.);
#16479=ORIENTED_EDGE('',*,*,#16478,.T.);
#16480=ORIENTED_EDGE('',*,*,#9627,.T.);
#16481=ORIENTED_EDGE('',*,*,#16465,.F.);
#16482=EDGE_LOOP('',(#16477,#16479,#16480,#16481));
#16483=FACE_OUTER_BOUND('',#16482,.F.);
#16484=ADVANCED_FACE('',(#16483),#16476,.F.);
#16485=CARTESIAN_POINT('',(-5.E1,-1.3E1,9.E1));
#16486=DIRECTION('',(-1.E0,0.E0,0.E0));
#16487=DIRECTION('',(0.E0,-1.E0,0.E0));
#16488=AXIS2_PLACEMENT_3D('',#16485,#16486,#16487);
#16489=PLANE('',#16488);
#16490=ORIENTED_EDGE('',*,*,#13563,.F.);
#16491=ORIENTED_EDGE('',*,*,#16454,.T.);
#16492=ORIENTED_EDGE('',*,*,#9629,.T.);
#16493=ORIENTED_EDGE('',*,*,#16478,.F.);
#16494=EDGE_LOOP('',(#16490,#16491,#16492,#16493));
#16495=FACE_OUTER_BOUND('',#16494,.F.);
#16496=ADVANCED_FACE('',(#16495),#16489,.F.);
#16497=CARTESIAN_POINT('',(-5.3E1,-1.3E1,9.E1));
#16498=DIRECTION('',(0.E0,0.E0,1.E0));
#16499=DIRECTION('',(1.E0,0.E0,0.E0));
#16500=AXIS2_PLACEMENT_3D('',#16497,#16498,#16499);
#16501=CYLINDRICAL_SURFACE('',#16500,1.E0);
#16502=ORIENTED_EDGE('',*,*,#13571,.F.);
#16504=ORIENTED_EDGE('',*,*,#16503,.T.);
#16505=ORIENTED_EDGE('',*,*,#9633,.T.);
#16507=ORIENTED_EDGE('',*,*,#16506,.F.);
#16508=EDGE_LOOP('',(#16502,#16504,#16505,#16507));
#16509=FACE_OUTER_BOUND('',#16508,.F.);
#16510=ADVANCED_FACE('',(#16509),#16501,.F.);
#16511=CARTESIAN_POINT('',(-5.2E1,-2.7E1,9.E1));
#16512=DIRECTION('',(1.E0,0.E0,0.E0));
#16513=DIRECTION('',(0.E0,1.E0,0.E0));
#16514=AXIS2_PLACEMENT_3D('',#16511,#16512,#16513);
#16515=PLANE('',#16514);
#16516=ORIENTED_EDGE('',*,*,#13577,.F.);
#16518=ORIENTED_EDGE('',*,*,#16517,.T.);
#16519=ORIENTED_EDGE('',*,*,#9635,.T.);
#16520=ORIENTED_EDGE('',*,*,#16503,.F.);
#16521=EDGE_LOOP('',(#16516,#16518,#16519,#16520));
#16522=FACE_OUTER_BOUND('',#16521,.F.);
#16523=ADVANCED_FACE('',(#16522),#16515,.F.);
#16524=CARTESIAN_POINT('',(-5.3E1,-2.7E1,9.E1));
#16525=DIRECTION('',(0.E0,0.E0,1.E0));
#16526=DIRECTION('',(1.E0,0.E0,0.E0));
#16527=AXIS2_PLACEMENT_3D('',#16524,#16525,#16526);
#16528=CYLINDRICAL_SURFACE('',#16527,1.E0);
#16529=ORIENTED_EDGE('',*,*,#13575,.F.);
#16531=ORIENTED_EDGE('',*,*,#16530,.T.);
#16532=ORIENTED_EDGE('',*,*,#9637,.T.);
#16533=ORIENTED_EDGE('',*,*,#16517,.F.);
#16534=EDGE_LOOP('',(#16529,#16531,#16532,#16533));
#16535=FACE_OUTER_BOUND('',#16534,.F.);
#16536=ADVANCED_FACE('',(#16535),#16528,.F.);
#16537=CARTESIAN_POINT('',(-5.4E1,-1.3E1,9.E1));
#16538=DIRECTION('',(-1.E0,0.E0,0.E0));
#16539=DIRECTION('',(0.E0,-1.E0,0.E0));
#16540=AXIS2_PLACEMENT_3D('',#16537,#16538,#16539);
#16541=PLANE('',#16540);
#16542=ORIENTED_EDGE('',*,*,#13573,.F.);
#16543=ORIENTED_EDGE('',*,*,#16506,.T.);
#16544=ORIENTED_EDGE('',*,*,#9639,.T.);
#16545=ORIENTED_EDGE('',*,*,#16530,.F.);
#16546=EDGE_LOOP('',(#16542,#16543,#16544,#16545));
#16547=FACE_OUTER_BOUND('',#16546,.F.);
#16548=ADVANCED_FACE('',(#16547),#16541,.F.);
#16549=CARTESIAN_POINT('',(-5.7E1,-1.3E1,9.E1));
#16550=DIRECTION('',(0.E0,0.E0,1.E0));
#16551=DIRECTION('',(1.E0,0.E0,0.E0));
#16552=AXIS2_PLACEMENT_3D('',#16549,#16550,#16551);
#16553=CYLINDRICAL_SURFACE('',#16552,1.E0);
#16554=ORIENTED_EDGE('',*,*,#13581,.F.);
#16556=ORIENTED_EDGE('',*,*,#16555,.T.);
#16557=ORIENTED_EDGE('',*,*,#9643,.T.);
#16559=ORIENTED_EDGE('',*,*,#16558,.F.);
#16560=EDGE_LOOP('',(#16554,#16556,#16557,#16559));
#16561=FACE_OUTER_BOUND('',#16560,.F.);
#16562=ADVANCED_FACE('',(#16561),#16553,.F.);
#16563=CARTESIAN_POINT('',(-5.6E1,-2.7E1,9.E1));
#16564=DIRECTION('',(1.E0,0.E0,0.E0));
#16565=DIRECTION('',(0.E0,1.E0,0.E0));
#16566=AXIS2_PLACEMENT_3D('',#16563,#16564,#16565);
#16567=PLANE('',#16566);
#16568=ORIENTED_EDGE('',*,*,#13587,.F.);
#16570=ORIENTED_EDGE('',*,*,#16569,.T.);
#16571=ORIENTED_EDGE('',*,*,#9645,.T.);
#16572=ORIENTED_EDGE('',*,*,#16555,.F.);
#16573=EDGE_LOOP('',(#16568,#16570,#16571,#16572));
#16574=FACE_OUTER_BOUND('',#16573,.F.);
#16575=ADVANCED_FACE('',(#16574),#16567,.F.);
#16576=CARTESIAN_POINT('',(-5.7E1,-2.7E1,9.E1));
#16577=DIRECTION('',(0.E0,0.E0,1.E0));
#16578=DIRECTION('',(1.E0,0.E0,0.E0));
#16579=AXIS2_PLACEMENT_3D('',#16576,#16577,#16578);
#16580=CYLINDRICAL_SURFACE('',#16579,1.E0);
#16581=ORIENTED_EDGE('',*,*,#13585,.F.);
#16583=ORIENTED_EDGE('',*,*,#16582,.T.);
#16584=ORIENTED_EDGE('',*,*,#9647,.T.);
#16585=ORIENTED_EDGE('',*,*,#16569,.F.);
#16586=EDGE_LOOP('',(#16581,#16583,#16584,#16585));
#16587=FACE_OUTER_BOUND('',#16586,.F.);
#16588=ADVANCED_FACE('',(#16587),#16580,.F.);
#16589=CARTESIAN_POINT('',(-5.8E1,-1.3E1,9.E1));
#16590=DIRECTION('',(-1.E0,0.E0,0.E0));
#16591=DIRECTION('',(0.E0,-1.E0,0.E0));
#16592=AXIS2_PLACEMENT_3D('',#16589,#16590,#16591);
#16593=PLANE('',#16592);
#16594=ORIENTED_EDGE('',*,*,#13583,.F.);
#16595=ORIENTED_EDGE('',*,*,#16558,.T.);
#16596=ORIENTED_EDGE('',*,*,#9649,.T.);
#16597=ORIENTED_EDGE('',*,*,#16582,.F.);
#16598=EDGE_LOOP('',(#16594,#16595,#16596,#16597));
#16599=FACE_OUTER_BOUND('',#16598,.F.);
#16600=ADVANCED_FACE('',(#16599),#16593,.F.);
#16601=CARTESIAN_POINT('',(-6.1E1,-1.3E1,9.E1));
#16602=DIRECTION('',(0.E0,0.E0,1.E0));
#16603=DIRECTION('',(1.E0,0.E0,0.E0));
#16604=AXIS2_PLACEMENT_3D('',#16601,#16602,#16603);
#16605=CYLINDRICAL_SURFACE('',#16604,1.E0);
#16606=ORIENTED_EDGE('',*,*,#13591,.F.);
#16608=ORIENTED_EDGE('',*,*,#16607,.T.);
#16609=ORIENTED_EDGE('',*,*,#9653,.T.);
#16611=ORIENTED_EDGE('',*,*,#16610,.F.);
#16612=EDGE_LOOP('',(#16606,#16608,#16609,#16611));
#16613=FACE_OUTER_BOUND('',#16612,.F.);
#16614=ADVANCED_FACE('',(#16613),#16605,.F.);
#16615=CARTESIAN_POINT('',(-6.E1,-2.7E1,9.E1));
#16616=DIRECTION('',(1.E0,0.E0,0.E0));
#16617=DIRECTION('',(0.E0,1.E0,0.E0));
#16618=AXIS2_PLACEMENT_3D('',#16615,#16616,#16617);
#16619=PLANE('',#16618);
#16620=ORIENTED_EDGE('',*,*,#13597,.F.);
#16622=ORIENTED_EDGE('',*,*,#16621,.T.);
#16623=ORIENTED_EDGE('',*,*,#9655,.T.);
#16624=ORIENTED_EDGE('',*,*,#16607,.F.);
#16625=EDGE_LOOP('',(#16620,#16622,#16623,#16624));
#16626=FACE_OUTER_BOUND('',#16625,.F.);
#16627=ADVANCED_FACE('',(#16626),#16619,.F.);
#16628=CARTESIAN_POINT('',(-6.1E1,-2.7E1,9.E1));
#16629=DIRECTION('',(0.E0,0.E0,1.E0));
#16630=DIRECTION('',(1.E0,0.E0,0.E0));
#16631=AXIS2_PLACEMENT_3D('',#16628,#16629,#16630);
#16632=CYLINDRICAL_SURFACE('',#16631,1.E0);
#16633=ORIENTED_EDGE('',*,*,#13595,.F.);
#16635=ORIENTED_EDGE('',*,*,#16634,.T.);
#16636=ORIENTED_EDGE('',*,*,#9657,.T.);
#16637=ORIENTED_EDGE('',*,*,#16621,.F.);
#16638=EDGE_LOOP('',(#16633,#16635,#16636,#16637));
#16639=FACE_OUTER_BOUND('',#16638,.F.);
#16640=ADVANCED_FACE('',(#16639),#16632,.F.);
#16641=CARTESIAN_POINT('',(-6.2E1,-1.3E1,9.E1));
#16642=DIRECTION('',(-1.E0,0.E0,0.E0));
#16643=DIRECTION('',(0.E0,-1.E0,0.E0));
#16644=AXIS2_PLACEMENT_3D('',#16641,#16642,#16643);
#16645=PLANE('',#16644);
#16646=ORIENTED_EDGE('',*,*,#13593,.F.);
#16647=ORIENTED_EDGE('',*,*,#16610,.T.);
#16648=ORIENTED_EDGE('',*,*,#9659,.T.);
#16649=ORIENTED_EDGE('',*,*,#16634,.F.);
#16650=EDGE_LOOP('',(#16646,#16647,#16648,#16649));
#16651=FACE_OUTER_BOUND('',#16650,.F.);
#16652=ADVANCED_FACE('',(#16651),#16645,.F.);
#16653=CARTESIAN_POINT('',(-3.325E1,-2.49E1,8.974999999818E1));
#16654=DIRECTION('',(0.E0,0.E0,1.E0));
#16655=DIRECTION('',(0.E0,-1.E0,0.E0));
#16656=AXIS2_PLACEMENT_3D('',#16653,#16654,#16655);
#16657=CONICAL_SURFACE('',#16656,2.249999998184E0,4.5E1);
#16659=ORIENTED_EDGE('',*,*,#16658,.F.);
#16661=ORIENTED_EDGE('',*,*,#16660,.F.);
#16662=ORIENTED_EDGE('',*,*,#13601,.T.);
#16664=ORIENTED_EDGE('',*,*,#16663,.T.);
#16665=EDGE_LOOP('',(#16659,#16661,#16662,#16664));
#16666=FACE_OUTER_BOUND('',#16665,.F.);
#16667=ADVANCED_FACE('',(#16666),#16657,.F.);
#16668=CARTESIAN_POINT('',(-3.325E1,-2.49E1,9.E1));
#16669=DIRECTION('',(0.E0,0.E0,1.E0));
#16670=DIRECTION('',(1.E0,0.E0,0.E0));
#16671=AXIS2_PLACEMENT_3D('',#16668,#16669,#16670);
#16672=CYLINDRICAL_SURFACE('',#16671,2.E0);
#16673=ORIENTED_EDGE('',*,*,#16658,.T.);
#16675=ORIENTED_EDGE('',*,*,#16674,.T.);
#16676=ORIENTED_EDGE('',*,*,#9671,.T.);
#16678=ORIENTED_EDGE('',*,*,#16677,.F.);
#16679=EDGE_LOOP('',(#16673,#16675,#16676,#16678));
#16680=FACE_OUTER_BOUND('',#16679,.F.);
#16681=ADVANCED_FACE('',(#16680),#16672,.F.);
#16682=CARTESIAN_POINT('',(-3.475E1,-2.69E1,9.E1));
#16683=DIRECTION('',(0.E0,-1.E0,0.E0));
#16684=DIRECTION('',(1.E0,0.E0,0.E0));
#16685=AXIS2_PLACEMENT_3D('',#16682,#16683,#16684);
#16686=PLANE('',#16685);
#16688=ORIENTED_EDGE('',*,*,#16687,.T.);
#16690=ORIENTED_EDGE('',*,*,#16689,.T.);
#16691=ORIENTED_EDGE('',*,*,#9673,.T.);
#16692=ORIENTED_EDGE('',*,*,#16674,.F.);
#16693=EDGE_LOOP('',(#16688,#16690,#16691,#16692));
#16694=FACE_OUTER_BOUND('',#16693,.F.);
#16695=ADVANCED_FACE('',(#16694),#16686,.F.);
#16696=CARTESIAN_POINT('',(-3.4E1,-2.715E1,8.975E1));
#16697=DIRECTION('',(0.E0,7.071067811865E-1,7.071067811865E-1));
#16698=DIRECTION('',(0.E0,7.071067811865E-1,-7.071067811865E-1));
#16699=AXIS2_PLACEMENT_3D('',#16696,#16697,#16698);
#16700=PLANE('',#16699);
#16701=ORIENTED_EDGE('',*,*,#13615,.T.);
#16703=ORIENTED_EDGE('',*,*,#16702,.T.);
#16704=ORIENTED_EDGE('',*,*,#16687,.F.);
#16705=ORIENTED_EDGE('',*,*,#16663,.F.);
#16706=EDGE_LOOP('',(#16701,#16703,#16704,#16705));
#16707=FACE_OUTER_BOUND('',#16706,.F.);
#16708=ADVANCED_FACE('',(#16707),#16700,.T.);
#16709=CARTESIAN_POINT('',(-3.475E1,-2.49E1,8.974999999818E1));
#16710=DIRECTION('',(0.E0,0.E0,1.E0));
#16711=DIRECTION('',(0.E0,-1.E0,0.E0));
#16712=AXIS2_PLACEMENT_3D('',#16709,#16710,#16711);
#16713=CONICAL_SURFACE('',#16712,2.249999998184E0,4.5E1);
#16714=ORIENTED_EDGE('',*,*,#13613,.T.);
#16716=ORIENTED_EDGE('',*,*,#16715,.T.);
#16718=ORIENTED_EDGE('',*,*,#16717,.F.);
#16719=ORIENTED_EDGE('',*,*,#16702,.F.);
#16720=EDGE_LOOP('',(#16714,#16716,#16718,#16719));
#16721=FACE_OUTER_BOUND('',#16720,.F.);
#16722=ADVANCED_FACE('',(#16721),#16713,.F.);
#16723=CARTESIAN_POINT('',(-3.7E1,-2.E1,8.975E1));
#16724=DIRECTION('',(7.071067811865E-1,0.E0,7.071067811865E-1));
#16725=DIRECTION('',(7.071067811865E-1,0.E0,-7.071067811865E-1));
#16726=AXIS2_PLACEMENT_3D('',#16723,#16724,#16725);
#16727=PLANE('',#16726);
#16728=ORIENTED_EDGE('',*,*,#13611,.T.);
#16730=ORIENTED_EDGE('',*,*,#16729,.T.);
#16732=ORIENTED_EDGE('',*,*,#16731,.F.);
#16733=ORIENTED_EDGE('',*,*,#16715,.F.);
#16734=EDGE_LOOP('',(#16728,#16730,#16732,#16733));
#16735=FACE_OUTER_BOUND('',#16734,.F.);
#16736=ADVANCED_FACE('',(#16735),#16727,.T.);
#16737=CARTESIAN_POINT('',(-3.475E1,-1.51E1,8.974999999818E1));
#16738=DIRECTION('',(0.E0,0.E0,1.E0));
#16739=DIRECTION('',(0.E0,-1.E0,0.E0));
#16740=AXIS2_PLACEMENT_3D('',#16737,#16738,#16739);
#16741=CONICAL_SURFACE('',#16740,2.249999998184E0,4.5E1);
#16742=ORIENTED_EDGE('',*,*,#13609,.T.);
#16744=ORIENTED_EDGE('',*,*,#16743,.T.);
#16746=ORIENTED_EDGE('',*,*,#16745,.F.);
#16747=ORIENTED_EDGE('',*,*,#16729,.F.);
#16748=EDGE_LOOP('',(#16742,#16744,#16746,#16747));
#16749=FACE_OUTER_BOUND('',#16748,.F.);
#16750=ADVANCED_FACE('',(#16749),#16741,.F.);
#16751=CARTESIAN_POINT('',(-3.4E1,-1.285E1,8.975E1));
#16752=DIRECTION('',(0.E0,-7.071067811865E-1,7.071067811865E-1));
#16753=DIRECTION('',(0.E0,-7.071067811865E-1,-7.071067811865E-1));
#16754=AXIS2_PLACEMENT_3D('',#16751,#16752,#16753);
#16755=PLANE('',#16754);
#16756=ORIENTED_EDGE('',*,*,#13607,.T.);
#16758=ORIENTED_EDGE('',*,*,#16757,.T.);
#16760=ORIENTED_EDGE('',*,*,#16759,.F.);
#16761=ORIENTED_EDGE('',*,*,#16743,.F.);
#16762=EDGE_LOOP('',(#16756,#16758,#16760,#16761));
#16763=FACE_OUTER_BOUND('',#16762,.F.);
#16764=ADVANCED_FACE('',(#16763),#16755,.T.);
#16765=CARTESIAN_POINT('',(-3.325E1,-1.51E1,8.974999999818E1));
#16766=DIRECTION('',(0.E0,0.E0,1.E0));
#16767=DIRECTION('',(0.E0,-1.E0,0.E0));
#16768=AXIS2_PLACEMENT_3D('',#16765,#16766,#16767);
#16769=CONICAL_SURFACE('',#16768,2.249999998184E0,4.5E1);
#16770=ORIENTED_EDGE('',*,*,#13605,.T.);
#16772=ORIENTED_EDGE('',*,*,#16771,.T.);
#16774=ORIENTED_EDGE('',*,*,#16773,.F.);
#16775=ORIENTED_EDGE('',*,*,#16757,.F.);
#16776=EDGE_LOOP('',(#16770,#16772,#16774,#16775));
#16777=FACE_OUTER_BOUND('',#16776,.F.);
#16778=ADVANCED_FACE('',(#16777),#16769,.F.);
#16779=CARTESIAN_POINT('',(-3.1E1,-2.E1,8.975E1));
#16780=DIRECTION('',(-7.071067811865E-1,0.E0,7.071067811865E-1));
#16781=DIRECTION('',(-7.071067811865E-1,0.E0,-7.071067811865E-1));
#16782=AXIS2_PLACEMENT_3D('',#16779,#16780,#16781);
#16783=PLANE('',#16782);
#16784=ORIENTED_EDGE('',*,*,#13603,.T.);
#16785=ORIENTED_EDGE('',*,*,#16660,.T.);
#16787=ORIENTED_EDGE('',*,*,#16786,.F.);
#16788=ORIENTED_EDGE('',*,*,#16771,.F.);
#16789=EDGE_LOOP('',(#16784,#16785,#16787,#16788));
#16790=FACE_OUTER_BOUND('',#16789,.F.);
#16791=ADVANCED_FACE('',(#16790),#16783,.T.);
#16792=CARTESIAN_POINT('',(-3.125E1,-2.49E1,9.E1));
#16793=DIRECTION('',(1.E0,0.E0,0.E0));
#16794=DIRECTION('',(0.E0,1.E0,0.E0));
#16795=AXIS2_PLACEMENT_3D('',#16792,#16793,#16794);
#16796=PLANE('',#16795);
#16797=ORIENTED_EDGE('',*,*,#16786,.T.);
#16798=ORIENTED_EDGE('',*,*,#16677,.T.);
#16799=ORIENTED_EDGE('',*,*,#9669,.T.);
#16801=ORIENTED_EDGE('',*,*,#16800,.F.);
#16802=EDGE_LOOP('',(#16797,#16798,#16799,#16801));
#16803=FACE_OUTER_BOUND('',#16802,.F.);
#16804=ADVANCED_FACE('',(#16803),#16796,.F.);
#16805=CARTESIAN_POINT('',(-3.325E1,-1.51E1,9.E1));
#16806=DIRECTION('',(0.E0,0.E0,1.E0));
#16807=DIRECTION('',(1.E0,0.E0,0.E0));
#16808=AXIS2_PLACEMENT_3D('',#16805,#16806,#16807);
#16809=CYLINDRICAL_SURFACE('',#16808,2.E0);
#16810=ORIENTED_EDGE('',*,*,#16773,.T.);
#16811=ORIENTED_EDGE('',*,*,#16800,.T.);
#16812=ORIENTED_EDGE('',*,*,#9667,.T.);
#16814=ORIENTED_EDGE('',*,*,#16813,.F.);
#16815=EDGE_LOOP('',(#16810,#16811,#16812,#16814));
#16816=FACE_OUTER_BOUND('',#16815,.F.);
#16817=ADVANCED_FACE('',(#16816),#16809,.F.);
#16818=CARTESIAN_POINT('',(-3.325E1,-1.31E1,9.E1));
#16819=DIRECTION('',(0.E0,1.E0,0.E0));
#16820=DIRECTION('',(-1.E0,0.E0,0.E0));
#16821=AXIS2_PLACEMENT_3D('',#16818,#16819,#16820);
#16822=PLANE('',#16821);
#16823=ORIENTED_EDGE('',*,*,#16759,.T.);
#16824=ORIENTED_EDGE('',*,*,#16813,.T.);
#16825=ORIENTED_EDGE('',*,*,#9665,.T.);
#16827=ORIENTED_EDGE('',*,*,#16826,.F.);
#16828=EDGE_LOOP('',(#16823,#16824,#16825,#16827));
#16829=FACE_OUTER_BOUND('',#16828,.F.);
#16830=ADVANCED_FACE('',(#16829),#16822,.F.);
#16831=CARTESIAN_POINT('',(-3.475E1,-1.51E1,9.E1));
#16832=DIRECTION('',(0.E0,0.E0,1.E0));
#16833=DIRECTION('',(1.E0,0.E0,0.E0));
#16834=AXIS2_PLACEMENT_3D('',#16831,#16832,#16833);
#16835=CYLINDRICAL_SURFACE('',#16834,2.E0);
#16836=ORIENTED_EDGE('',*,*,#16745,.T.);
#16837=ORIENTED_EDGE('',*,*,#16826,.T.);
#16838=ORIENTED_EDGE('',*,*,#9663,.T.);
#16840=ORIENTED_EDGE('',*,*,#16839,.F.);
#16841=EDGE_LOOP('',(#16836,#16837,#16838,#16840));
#16842=FACE_OUTER_BOUND('',#16841,.F.);
#16843=ADVANCED_FACE('',(#16842),#16835,.F.);
#16844=CARTESIAN_POINT('',(-3.675E1,-1.51E1,9.E1));
#16845=DIRECTION('',(-1.E0,0.E0,0.E0));
#16846=DIRECTION('',(0.E0,-1.E0,0.E0));
#16847=AXIS2_PLACEMENT_3D('',#16844,#16845,#16846);
#16848=PLANE('',#16847);
#16849=ORIENTED_EDGE('',*,*,#16731,.T.);
#16850=ORIENTED_EDGE('',*,*,#16839,.T.);
#16851=ORIENTED_EDGE('',*,*,#9677,.T.);
#16853=ORIENTED_EDGE('',*,*,#16852,.F.);
#16854=EDGE_LOOP('',(#16849,#16850,#16851,#16853));
#16855=FACE_OUTER_BOUND('',#16854,.F.);
#16856=ADVANCED_FACE('',(#16855),#16848,.F.);
#16857=CARTESIAN_POINT('',(-3.475E1,-2.49E1,9.E1));
#16858=DIRECTION('',(0.E0,0.E0,1.E0));
#16859=DIRECTION('',(1.E0,0.E0,0.E0));
#16860=AXIS2_PLACEMENT_3D('',#16857,#16858,#16859);
#16861=CYLINDRICAL_SURFACE('',#16860,2.E0);
#16862=ORIENTED_EDGE('',*,*,#16717,.T.);
#16863=ORIENTED_EDGE('',*,*,#16852,.T.);
#16864=ORIENTED_EDGE('',*,*,#9675,.T.);
#16865=ORIENTED_EDGE('',*,*,#16689,.F.);
#16866=EDGE_LOOP('',(#16862,#16863,#16864,#16865));
#16867=FACE_OUTER_BOUND('',#16866,.F.);
#16868=ADVANCED_FACE('',(#16867),#16861,.F.);
#16869=CARTESIAN_POINT('',(0.E0,-1.3E1,4.9E1));
#16870=DIRECTION('',(-1.E0,0.E0,0.E0));
#16871=DIRECTION('',(0.E0,0.E0,1.E0));
#16872=AXIS2_PLACEMENT_3D('',#16869,#16870,#16871);
#16873=CYLINDRICAL_SURFACE('',#16872,1.E0);
#16875=ORIENTED_EDGE('',*,*,#16874,.F.);
#16876=ORIENTED_EDGE('',*,*,#13483,.T.);
#16878=ORIENTED_EDGE('',*,*,#16877,.T.);
#16879=ORIENTED_EDGE('',*,*,#13117,.F.);
#16880=EDGE_LOOP('',(#16875,#16876,#16878,#16879));
#16881=FACE_OUTER_BOUND('',#16880,.F.);
#16882=ADVANCED_FACE('',(#16881),#16873,.F.);
#16883=CARTESIAN_POINT('',(0.E0,-2.7E1,5.E1));
#16884=DIRECTION('',(0.E0,0.E0,-1.E0));
#16885=DIRECTION('',(0.E0,1.E0,0.E0));
#16886=AXIS2_PLACEMENT_3D('',#16883,#16884,#16885);
#16887=PLANE('',#16886);
#16888=ORIENTED_EDGE('',*,*,#16874,.T.);
#16889=ORIENTED_EDGE('',*,*,#13123,.F.);
#16891=ORIENTED_EDGE('',*,*,#16890,.F.);
#16892=ORIENTED_EDGE('',*,*,#13485,.T.);
#16893=EDGE_LOOP('',(#16888,#16889,#16891,#16892));
#16894=FACE_OUTER_BOUND('',#16893,.F.);
#16895=ADVANCED_FACE('',(#16894),#16887,.T.);
#16896=CARTESIAN_POINT('',(0.E0,-2.7E1,4.9E1));
#16897=DIRECTION('',(-1.E0,0.E0,0.E0));
#16898=DIRECTION('',(0.E0,0.E0,1.E0));
#16899=AXIS2_PLACEMENT_3D('',#16896,#16897,#16898);
#16900=CYLINDRICAL_SURFACE('',#16899,1.E0);
#16902=ORIENTED_EDGE('',*,*,#16901,.F.);
#16903=ORIENTED_EDGE('',*,*,#13487,.T.);
#16904=ORIENTED_EDGE('',*,*,#16890,.T.);
#16905=ORIENTED_EDGE('',*,*,#13121,.F.);
#16906=EDGE_LOOP('',(#16902,#16903,#16904,#16905));
#16907=FACE_OUTER_BOUND('',#16906,.F.);
#16908=ADVANCED_FACE('',(#16907),#16900,.F.);
#16909=CARTESIAN_POINT('',(0.E0,-1.3E1,4.8E1));
#16910=DIRECTION('',(0.E0,0.E0,1.E0));
#16911=DIRECTION('',(0.E0,-1.E0,0.E0));
#16912=AXIS2_PLACEMENT_3D('',#16909,#16910,#16911);
#16913=PLANE('',#16912);
#16914=ORIENTED_EDGE('',*,*,#16877,.F.);
#16915=ORIENTED_EDGE('',*,*,#13489,.T.);
#16916=ORIENTED_EDGE('',*,*,#16901,.T.);
#16917=ORIENTED_EDGE('',*,*,#13119,.F.);
#16918=EDGE_LOOP('',(#16914,#16915,#16916,#16917));
#16919=FACE_OUTER_BOUND('',#16918,.F.);
#16920=ADVANCED_FACE('',(#16919),#16913,.T.);
#16921=CARTESIAN_POINT('',(0.E0,-1.3E1,5.3E1));
#16922=DIRECTION('',(-1.E0,0.E0,0.E0));
#16923=DIRECTION('',(0.E0,0.E0,1.E0));
#16924=AXIS2_PLACEMENT_3D('',#16921,#16922,#16923);
#16925=CYLINDRICAL_SURFACE('',#16924,1.E0);
#16927=ORIENTED_EDGE('',*,*,#16926,.F.);
#16928=ORIENTED_EDGE('',*,*,#13493,.T.);
#16930=ORIENTED_EDGE('',*,*,#16929,.T.);
#16931=ORIENTED_EDGE('',*,*,#13127,.F.);
#16932=EDGE_LOOP('',(#16927,#16928,#16930,#16931));
#16933=FACE_OUTER_BOUND('',#16932,.F.);
#16934=ADVANCED_FACE('',(#16933),#16925,.F.);
#16935=CARTESIAN_POINT('',(0.E0,-2.7E1,5.4E1));
#16936=DIRECTION('',(0.E0,0.E0,-1.E0));
#16937=DIRECTION('',(0.E0,1.E0,0.E0));
#16938=AXIS2_PLACEMENT_3D('',#16935,#16936,#16937);
#16939=PLANE('',#16938);
#16940=ORIENTED_EDGE('',*,*,#16926,.T.);
#16941=ORIENTED_EDGE('',*,*,#13133,.F.);
#16943=ORIENTED_EDGE('',*,*,#16942,.F.);
#16944=ORIENTED_EDGE('',*,*,#13495,.T.);
#16945=EDGE_LOOP('',(#16940,#16941,#16943,#16944));
#16946=FACE_OUTER_BOUND('',#16945,.F.);
#16947=ADVANCED_FACE('',(#16946),#16939,.T.);
#16948=CARTESIAN_POINT('',(0.E0,-2.7E1,5.3E1));
#16949=DIRECTION('',(-1.E0,0.E0,0.E0));
#16950=DIRECTION('',(0.E0,0.E0,1.E0));
#16951=AXIS2_PLACEMENT_3D('',#16948,#16949,#16950);
#16952=CYLINDRICAL_SURFACE('',#16951,1.E0);
#16954=ORIENTED_EDGE('',*,*,#16953,.F.);
#16955=ORIENTED_EDGE('',*,*,#13497,.T.);
#16956=ORIENTED_EDGE('',*,*,#16942,.T.);
#16957=ORIENTED_EDGE('',*,*,#13131,.F.);
#16958=EDGE_LOOP('',(#16954,#16955,#16956,#16957));
#16959=FACE_OUTER_BOUND('',#16958,.F.);
#16960=ADVANCED_FACE('',(#16959),#16952,.F.);
#16961=CARTESIAN_POINT('',(0.E0,-1.3E1,5.2E1));
#16962=DIRECTION('',(0.E0,0.E0,1.E0));
#16963=DIRECTION('',(0.E0,-1.E0,0.E0));
#16964=AXIS2_PLACEMENT_3D('',#16961,#16962,#16963);
#16965=PLANE('',#16964);
#16966=ORIENTED_EDGE('',*,*,#16929,.F.);
#16967=ORIENTED_EDGE('',*,*,#13499,.T.);
#16968=ORIENTED_EDGE('',*,*,#16953,.T.);
#16969=ORIENTED_EDGE('',*,*,#13129,.F.);
#16970=EDGE_LOOP('',(#16966,#16967,#16968,#16969));
#16971=FACE_OUTER_BOUND('',#16970,.F.);
#16972=ADVANCED_FACE('',(#16971),#16965,.T.);
#16973=CARTESIAN_POINT('',(0.E0,-1.3E1,5.7E1));
#16974=DIRECTION('',(-1.E0,0.E0,0.E0));
#16975=DIRECTION('',(0.E0,0.E0,1.E0));
#16976=AXIS2_PLACEMENT_3D('',#16973,#16974,#16975);
#16977=CYLINDRICAL_SURFACE('',#16976,1.E0);
#16979=ORIENTED_EDGE('',*,*,#16978,.F.);
#16980=ORIENTED_EDGE('',*,*,#13503,.T.);
#16982=ORIENTED_EDGE('',*,*,#16981,.T.);
#16983=ORIENTED_EDGE('',*,*,#13137,.F.);
#16984=EDGE_LOOP('',(#16979,#16980,#16982,#16983));
#16985=FACE_OUTER_BOUND('',#16984,.F.);
#16986=ADVANCED_FACE('',(#16985),#16977,.F.);
#16987=CARTESIAN_POINT('',(0.E0,-2.7E1,5.8E1));
#16988=DIRECTION('',(0.E0,0.E0,-1.E0));
#16989=DIRECTION('',(0.E0,1.E0,0.E0));
#16990=AXIS2_PLACEMENT_3D('',#16987,#16988,#16989);
#16991=PLANE('',#16990);
#16992=ORIENTED_EDGE('',*,*,#16978,.T.);
#16993=ORIENTED_EDGE('',*,*,#13143,.F.);
#16995=ORIENTED_EDGE('',*,*,#16994,.F.);
#16996=ORIENTED_EDGE('',*,*,#13505,.T.);
#16997=EDGE_LOOP('',(#16992,#16993,#16995,#16996));
#16998=FACE_OUTER_BOUND('',#16997,.F.);
#16999=ADVANCED_FACE('',(#16998),#16991,.T.);
#17000=CARTESIAN_POINT('',(0.E0,-2.7E1,5.7E1));
#17001=DIRECTION('',(-1.E0,0.E0,0.E0));
#17002=DIRECTION('',(0.E0,0.E0,1.E0));
#17003=AXIS2_PLACEMENT_3D('',#17000,#17001,#17002);
#17004=CYLINDRICAL_SURFACE('',#17003,1.E0);
#17006=ORIENTED_EDGE('',*,*,#17005,.F.);
#17007=ORIENTED_EDGE('',*,*,#13507,.T.);
#17008=ORIENTED_EDGE('',*,*,#16994,.T.);
#17009=ORIENTED_EDGE('',*,*,#13141,.F.);
#17010=EDGE_LOOP('',(#17006,#17007,#17008,#17009));
#17011=FACE_OUTER_BOUND('',#17010,.F.);
#17012=ADVANCED_FACE('',(#17011),#17004,.F.);
#17013=CARTESIAN_POINT('',(0.E0,-1.3E1,5.6E1));
#17014=DIRECTION('',(0.E0,0.E0,1.E0));
#17015=DIRECTION('',(0.E0,-1.E0,0.E0));
#17016=AXIS2_PLACEMENT_3D('',#17013,#17014,#17015);
#17017=PLANE('',#17016);
#17018=ORIENTED_EDGE('',*,*,#16981,.F.);
#17019=ORIENTED_EDGE('',*,*,#13509,.T.);
#17020=ORIENTED_EDGE('',*,*,#17005,.T.);
#17021=ORIENTED_EDGE('',*,*,#13139,.F.);
#17022=EDGE_LOOP('',(#17018,#17019,#17020,#17021));
#17023=FACE_OUTER_BOUND('',#17022,.F.);
#17024=ADVANCED_FACE('',(#17023),#17017,.T.);
#17025=CARTESIAN_POINT('',(0.E0,-1.3E1,6.1E1));
#17026=DIRECTION('',(-1.E0,0.E0,0.E0));
#17027=DIRECTION('',(0.E0,0.E0,1.E0));
#17028=AXIS2_PLACEMENT_3D('',#17025,#17026,#17027);
#17029=CYLINDRICAL_SURFACE('',#17028,1.E0);
#17031=ORIENTED_EDGE('',*,*,#17030,.F.);
#17032=ORIENTED_EDGE('',*,*,#13513,.T.);
#17034=ORIENTED_EDGE('',*,*,#17033,.T.);
#17035=ORIENTED_EDGE('',*,*,#13147,.F.);
#17036=EDGE_LOOP('',(#17031,#17032,#17034,#17035));
#17037=FACE_OUTER_BOUND('',#17036,.F.);
#17038=ADVANCED_FACE('',(#17037),#17029,.F.);
#17039=CARTESIAN_POINT('',(0.E0,-2.7E1,6.2E1));
#17040=DIRECTION('',(0.E0,0.E0,-1.E0));
#17041=DIRECTION('',(0.E0,1.E0,0.E0));
#17042=AXIS2_PLACEMENT_3D('',#17039,#17040,#17041);
#17043=PLANE('',#17042);
#17044=ORIENTED_EDGE('',*,*,#17030,.T.);
#17045=ORIENTED_EDGE('',*,*,#13153,.F.);
#17047=ORIENTED_EDGE('',*,*,#17046,.F.);
#17048=ORIENTED_EDGE('',*,*,#13515,.T.);
#17049=EDGE_LOOP('',(#17044,#17045,#17047,#17048));
#17050=FACE_OUTER_BOUND('',#17049,.F.);
#17051=ADVANCED_FACE('',(#17050),#17043,.T.);
#17052=CARTESIAN_POINT('',(0.E0,-2.7E1,6.1E1));
#17053=DIRECTION('',(-1.E0,0.E0,0.E0));
#17054=DIRECTION('',(0.E0,0.E0,1.E0));
#17055=AXIS2_PLACEMENT_3D('',#17052,#17053,#17054);
#17056=CYLINDRICAL_SURFACE('',#17055,1.E0);
#17058=ORIENTED_EDGE('',*,*,#17057,.F.);
#17059=ORIENTED_EDGE('',*,*,#13517,.T.);
#17060=ORIENTED_EDGE('',*,*,#17046,.T.);
#17061=ORIENTED_EDGE('',*,*,#13151,.F.);
#17062=EDGE_LOOP('',(#17058,#17059,#17060,#17061));
#17063=FACE_OUTER_BOUND('',#17062,.F.);
#17064=ADVANCED_FACE('',(#17063),#17056,.F.);
#17065=CARTESIAN_POINT('',(0.E0,-1.3E1,6.E1));
#17066=DIRECTION('',(0.E0,0.E0,1.E0));
#17067=DIRECTION('',(0.E0,-1.E0,0.E0));
#17068=AXIS2_PLACEMENT_3D('',#17065,#17066,#17067);
#17069=PLANE('',#17068);
#17070=ORIENTED_EDGE('',*,*,#17033,.F.);
#17071=ORIENTED_EDGE('',*,*,#13519,.T.);
#17072=ORIENTED_EDGE('',*,*,#17057,.T.);
#17073=ORIENTED_EDGE('',*,*,#13149,.F.);
#17074=EDGE_LOOP('',(#17070,#17071,#17072,#17073));
#17075=FACE_OUTER_BOUND('',#17074,.F.);
#17076=ADVANCED_FACE('',(#17075),#17069,.T.);
#17077=CARTESIAN_POINT('',(-4.72E0,-3.8E1,6.8E1));
#17078=DIRECTION('',(0.E0,0.E0,1.E0));
#17079=DIRECTION('',(1.E0,0.E0,0.E0));
#17080=AXIS2_PLACEMENT_3D('',#17077,#17078,#17079);
#17081=PLANE('',#17080);
#17082=ORIENTED_EDGE('',*,*,#12404,.T.);
#17083=ORIENTED_EDGE('',*,*,#12939,.T.);
#17084=ORIENTED_EDGE('',*,*,#12974,.F.);
#17085=ORIENTED_EDGE('',*,*,#12433,.T.);
#17086=ORIENTED_EDGE('',*,*,#13100,.F.);
#17087=ORIENTED_EDGE('',*,*,#10169,.T.);
#17088=ORIENTED_EDGE('',*,*,#11454,.T.);
#17089=EDGE_LOOP('',(#17082,#17083,#17084,#17085,#17086,#17087,#17088));
#17090=FACE_OUTER_BOUND('',#17089,.F.);
#17091=ADVANCED_FACE('',(#17090),#17081,.T.);
#17092=CARTESIAN_POINT('',(-3.4E1,0.E0,5.6E1));
#17093=DIRECTION('',(1.E0,0.E0,0.E0));
#17094=DIRECTION('',(0.E0,-1.E0,0.E0));
#17095=AXIS2_PLACEMENT_3D('',#17092,#17093,#17094);
#17096=PLANE('',#17095);
#17097=ORIENTED_EDGE('',*,*,#10097,.T.);
#17098=ORIENTED_EDGE('',*,*,#11395,.T.);
#17099=ORIENTED_EDGE('',*,*,#11567,.F.);
#17100=EDGE_LOOP('',(#17097,#17098,#17099));
#17101=FACE_OUTER_BOUND('',#17100,.F.);
#17102=ADVANCED_FACE('',(#17101),#17096,.F.);
#17103=CARTESIAN_POINT('',(-3.4E1,0.E0,5.6E1));
#17104=DIRECTION('',(1.E0,0.E0,0.E0));
#17105=DIRECTION('',(0.E0,-1.E0,0.E0));
#17106=AXIS2_PLACEMENT_3D('',#17103,#17104,#17105);
#17107=PLANE('',#17106);
#17108=ORIENTED_EDGE('',*,*,#11572,.F.);
#17110=ORIENTED_EDGE('',*,*,#17109,.T.);
#17112=ORIENTED_EDGE('',*,*,#17111,.T.);
#17113=EDGE_LOOP('',(#17108,#17110,#17112));
#17114=FACE_OUTER_BOUND('',#17113,.F.);
#17115=ADVANCED_FACE('',(#17114),#17107,.F.);
#17116=CARTESIAN_POINT('',(-3.4E1,-3.58E1,6.42E1));
#17117=DIRECTION('',(0.E0,-7.071067811865E-1,-7.071067811865E-1));
#17118=DIRECTION('',(0.E0,7.071067811865E-1,-7.071067811865E-1));
#17119=AXIS2_PLACEMENT_3D('',#17116,#17117,#17118);
#17120=PLANE('',#17119);
#17121=ORIENTED_EDGE('',*,*,#11441,.F.);
#17122=ORIENTED_EDGE('',*,*,#11421,.T.);
#17124=ORIENTED_EDGE('',*,*,#17123,.F.);
#17125=ORIENTED_EDGE('',*,*,#17109,.F.);
#17126=ORIENTED_EDGE('',*,*,#11570,.F.);
#17127=ORIENTED_EDGE('',*,*,#11391,.T.);
#17128=EDGE_LOOP('',(#17121,#17122,#17124,#17125,#17126,#17127));
#17129=FACE_OUTER_BOUND('',#17128,.F.);
#17130=ADVANCED_FACE('',(#17129),#17120,.T.);
#17131=CARTESIAN_POINT('',(-3.4E1,-3.34E1,6.18E1));
#17132=DIRECTION('',(0.E0,1.E0,0.E0));
#17133=DIRECTION('',(0.E0,0.E0,1.E0));
#17134=AXIS2_PLACEMENT_3D('',#17131,#17132,#17133);
#17135=PLANE('',#17134);
#17136=ORIENTED_EDGE('',*,*,#11438,.T.);
#17138=ORIENTED_EDGE('',*,*,#17137,.F.);
#17139=ORIENTED_EDGE('',*,*,#11574,.T.);
#17140=ORIENTED_EDGE('',*,*,#17111,.F.);
#17141=ORIENTED_EDGE('',*,*,#17123,.T.);
#17142=ORIENTED_EDGE('',*,*,#11419,.T.);
#17143=EDGE_LOOP('',(#17136,#17138,#17139,#17140,#17141,#17142));
#17144=FACE_OUTER_BOUND('',#17143,.F.);
#17145=ADVANCED_FACE('',(#17144),#17135,.T.);
#17146=CARTESIAN_POINT('',(-3.4E1,-3.34E1,6.38E1));
#17147=DIRECTION('',(0.E0,7.071067811865E-1,7.071067811865E-1));
#17148=DIRECTION('',(0.E0,-7.071067811865E-1,7.071067811865E-1));
#17149=AXIS2_PLACEMENT_3D('',#17146,#17147,#17148);
#17150=PLANE('',#17149);
#17151=ORIENTED_EDGE('',*,*,#11436,.T.);
#17152=ORIENTED_EDGE('',*,*,#11540,.F.);
#17153=ORIENTED_EDGE('',*,*,#11576,.T.);
#17154=ORIENTED_EDGE('',*,*,#17137,.T.);
#17155=EDGE_LOOP('',(#17151,#17152,#17153,#17154));
#17156=FACE_OUTER_BOUND('',#17155,.F.);
#17157=ADVANCED_FACE('',(#17156),#17150,.T.);
#17158=CARTESIAN_POINT('',(-9.E0,-4.E1,6.5E1));
#17159=DIRECTION('',(0.E0,-1.E0,0.E0));
#17160=DIRECTION('',(0.E0,0.E0,-1.E0));
#17161=AXIS2_PLACEMENT_3D('',#17158,#17159,#17160);
#17162=CYLINDRICAL_SURFACE('',#17161,1.E0);
#17163=ORIENTED_EDGE('',*,*,#11500,.F.);
#17164=ORIENTED_EDGE('',*,*,#10615,.F.);
#17165=ORIENTED_EDGE('',*,*,#11525,.T.);
#17166=ORIENTED_EDGE('',*,*,#9777,.T.);
#17167=EDGE_LOOP('',(#17163,#17164,#17165,#17166));
#17168=FACE_OUTER_BOUND('',#17167,.F.);
#17169=ADVANCED_FACE('',(#17168),#17162,.F.);
#17170=CARTESIAN_POINT('',(-3.1E1,-4.E1,6.1E1));
#17171=DIRECTION('',(0.E0,-1.E0,0.E0));
#17172=DIRECTION('',(0.E0,0.E0,-1.E0));
#17173=AXIS2_PLACEMENT_3D('',#17170,#17171,#17172);
#17174=CYLINDRICAL_SURFACE('',#17173,1.E0);
#17175=ORIENTED_EDGE('',*,*,#11372,.T.);
#17176=ORIENTED_EDGE('',*,*,#10093,.T.);
#17177=ORIENTED_EDGE('',*,*,#11347,.F.);
#17178=ORIENTED_EDGE('',*,*,#10609,.F.);
#17179=EDGE_LOOP('',(#17175,#17176,#17177,#17178));
#17180=FACE_OUTER_BOUND('',#17179,.F.);
#17181=ADVANCED_FACE('',(#17180),#17174,.F.);
#17182=CARTESIAN_POINT('',(-3.1E1,-4.E1,5.7E1));
#17183=DIRECTION('',(0.E0,-1.E0,0.E0));
#17184=DIRECTION('',(0.E0,0.E0,-1.E0));
#17185=AXIS2_PLACEMENT_3D('',#17182,#17183,#17184);
#17186=CYLINDRICAL_SURFACE('',#17185,1.E0);
#17187=ORIENTED_EDGE('',*,*,#11224,.T.);
#17188=ORIENTED_EDGE('',*,*,#10085,.T.);
#17189=ORIENTED_EDGE('',*,*,#11199,.F.);
#17190=ORIENTED_EDGE('',*,*,#10599,.F.);
#17191=EDGE_LOOP('',(#17187,#17188,#17189,#17190));
#17192=FACE_OUTER_BOUND('',#17191,.F.);
#17193=ADVANCED_FACE('',(#17192),#17186,.F.);
#17194=CARTESIAN_POINT('',(-3.1E1,-4.E1,5.3E1));
#17195=DIRECTION('',(0.E0,-1.E0,0.E0));
#17196=DIRECTION('',(0.E0,0.E0,-1.E0));
#17197=AXIS2_PLACEMENT_3D('',#17194,#17195,#17196);
#17198=CYLINDRICAL_SURFACE('',#17197,1.E0);
#17199=ORIENTED_EDGE('',*,*,#11076,.T.);
#17200=ORIENTED_EDGE('',*,*,#10077,.T.);
#17201=ORIENTED_EDGE('',*,*,#11051,.F.);
#17202=ORIENTED_EDGE('',*,*,#10589,.F.);
#17203=EDGE_LOOP('',(#17199,#17200,#17201,#17202));
#17204=FACE_OUTER_BOUND('',#17203,.F.);
#17205=ADVANCED_FACE('',(#17204),#17198,.F.);
#17206=CARTESIAN_POINT('',(-3.1E1,-4.E1,4.9E1));
#17207=DIRECTION('',(0.E0,-1.E0,0.E0));
#17208=DIRECTION('',(0.E0,0.E0,-1.E0));
#17209=AXIS2_PLACEMENT_3D('',#17206,#17207,#17208);
#17210=CYLINDRICAL_SURFACE('',#17209,1.E0);
#17211=ORIENTED_EDGE('',*,*,#10928,.T.);
#17212=ORIENTED_EDGE('',*,*,#10069,.T.);
#17213=ORIENTED_EDGE('',*,*,#10903,.F.);
#17214=ORIENTED_EDGE('',*,*,#10579,.F.);
#17215=EDGE_LOOP('',(#17211,#17212,#17213,#17214));
#17216=FACE_OUTER_BOUND('',#17215,.F.);
#17217=ADVANCED_FACE('',(#17216),#17210,.F.);
#17218=CARTESIAN_POINT('',(-3.1E1,-4.E1,4.5E1));
#17219=DIRECTION('',(0.E0,-1.E0,0.E0));
#17220=DIRECTION('',(0.E0,0.E0,-1.E0));
#17221=AXIS2_PLACEMENT_3D('',#17218,#17219,#17220);
#17222=CYLINDRICAL_SURFACE('',#17221,1.E0);
#17223=ORIENTED_EDGE('',*,*,#10780,.T.);
#17224=ORIENTED_EDGE('',*,*,#10061,.T.);
#17226=ORIENTED_EDGE('',*,*,#17225,.F.);
#17227=ORIENTED_EDGE('',*,*,#10752,.F.);
#17228=EDGE_LOOP('',(#17223,#17224,#17226,#17227));
#17229=FACE_OUTER_BOUND('',#17228,.F.);
#17230=ADVANCED_FACE('',(#17229),#17222,.F.);
#17231=CARTESIAN_POINT('',(-3.1E1,-4.E1,4.4E1));
#17232=DIRECTION('',(0.E0,0.E0,-1.E0));
#17233=DIRECTION('',(1.E0,0.E0,0.E0));
#17234=AXIS2_PLACEMENT_3D('',#17231,#17232,#17233);
#17235=PLANE('',#17234);
#17237=ORIENTED_EDGE('',*,*,#17236,.T.);
#17238=ORIENTED_EDGE('',*,*,#10767,.F.);
#17239=ORIENTED_EDGE('',*,*,#10754,.F.);
#17240=ORIENTED_EDGE('',*,*,#17225,.T.);
#17241=EDGE_LOOP('',(#17237,#17238,#17239,#17240));
#17242=FACE_OUTER_BOUND('',#17241,.F.);
#17243=ADVANCED_FACE('',(#17242),#17235,.F.);
#17244=CARTESIAN_POINT('',(-3.4E1,-3.58E1,4.62E1));
#17245=DIRECTION('',(0.E0,-7.071067811865E-1,7.071067811865E-1));
#17246=DIRECTION('',(0.E0,-7.071067811865E-1,-7.071067811865E-1));
#17247=AXIS2_PLACEMENT_3D('',#17244,#17245,#17246);
#17248=PLANE('',#17247);
#17249=ORIENTED_EDGE('',*,*,#10059,.F.);
#17251=ORIENTED_EDGE('',*,*,#17250,.F.);
#17253=ORIENTED_EDGE('',*,*,#17252,.T.);
#17255=ORIENTED_EDGE('',*,*,#17254,.T.);
#17256=ORIENTED_EDGE('',*,*,#9917,.F.);
#17257=ORIENTED_EDGE('',*,*,#17236,.F.);
#17258=EDGE_LOOP('',(#17249,#17251,#17253,#17255,#17256,#17257));
#17259=FACE_OUTER_BOUND('',#17258,.F.);
#17260=ADVANCED_FACE('',(#17259),#17248,.T.);
#17261=CARTESIAN_POINT('',(-3.4E1,0.E0,3.6E1));
#17262=DIRECTION('',(1.E0,0.E0,0.E0));
#17263=DIRECTION('',(0.E0,-1.E0,0.E0));
#17264=AXIS2_PLACEMENT_3D('',#17261,#17262,#17263);
#17265=PLANE('',#17264);
#17266=ORIENTED_EDGE('',*,*,#10057,.T.);
#17268=ORIENTED_EDGE('',*,*,#17267,.T.);
#17270=ORIENTED_EDGE('',*,*,#17269,.T.);
#17272=ORIENTED_EDGE('',*,*,#17271,.T.);
#17274=ORIENTED_EDGE('',*,*,#17273,.T.);
#17275=ORIENTED_EDGE('',*,*,#17250,.T.);
#17276=EDGE_LOOP('',(#17266,#17268,#17270,#17272,#17274,#17275));
#17277=FACE_OUTER_BOUND('',#17276,.F.);
#17278=ADVANCED_FACE('',(#17277),#17265,.F.);
#17279=CARTESIAN_POINT('',(-3.4E1,-3.8E1,4.2E1));
#17280=DIRECTION('',(0.E0,7.071067811865E-1,-7.071067811865E-1));
#17281=DIRECTION('',(0.E0,7.071067811865E-1,7.071067811865E-1));
#17282=AXIS2_PLACEMENT_3D('',#17279,#17280,#17281);
#17283=PLANE('',#17282);
#17284=ORIENTED_EDGE('',*,*,#10055,.T.);
#17286=ORIENTED_EDGE('',*,*,#17285,.T.);
#17287=ORIENTED_EDGE('',*,*,#9921,.T.);
#17289=ORIENTED_EDGE('',*,*,#17288,.T.);
#17291=ORIENTED_EDGE('',*,*,#17290,.F.);
#17292=ORIENTED_EDGE('',*,*,#17267,.F.);
#17293=EDGE_LOOP('',(#17284,#17286,#17287,#17289,#17291,#17292));
#17294=FACE_OUTER_BOUND('',#17293,.F.);
#17295=ADVANCED_FACE('',(#17294),#17283,.T.);
#17296=CARTESIAN_POINT('',(-3.1E1,-4.E1,4.2E1));
#17297=DIRECTION('',(0.E0,0.E0,-1.E0));
#17298=DIRECTION('',(1.E0,0.E0,0.E0));
#17299=AXIS2_PLACEMENT_3D('',#17296,#17297,#17298);
#17300=PLANE('',#17299);
#17301=ORIENTED_EDGE('',*,*,#17285,.F.);
#17303=ORIENTED_EDGE('',*,*,#17302,.F.);
#17304=ORIENTED_EDGE('',*,*,#10667,.T.);
#17306=ORIENTED_EDGE('',*,*,#17305,.T.);
#17307=EDGE_LOOP('',(#17301,#17303,#17304,#17306));
#17308=FACE_OUTER_BOUND('',#17307,.F.);
#17309=ADVANCED_FACE('',(#17308),#17300,.T.);
#17310=CARTESIAN_POINT('',(-3.1E1,-4.E1,4.1E1));
#17311=DIRECTION('',(0.E0,1.E0,0.E0));
#17312=DIRECTION('',(0.E0,0.E0,1.E0));
#17313=AXIS2_PLACEMENT_3D('',#17310,#17311,#17312);
#17314=CYLINDRICAL_SURFACE('',#17313,1.E0);
#17315=ORIENTED_EDGE('',*,*,#17302,.T.);
#17316=ORIENTED_EDGE('',*,*,#10053,.F.);
#17318=ORIENTED_EDGE('',*,*,#17317,.F.);
#17319=ORIENTED_EDGE('',*,*,#10669,.T.);
#17320=EDGE_LOOP('',(#17315,#17316,#17318,#17319));
#17321=FACE_OUTER_BOUND('',#17320,.F.);
#17322=ADVANCED_FACE('',(#17321),#17314,.F.);
#17323=CARTESIAN_POINT('',(-9.E0,-4.E1,4.E1));
#17324=DIRECTION('',(0.E0,0.E0,1.E0));
#17325=DIRECTION('',(-1.E0,0.E0,0.E0));
#17326=AXIS2_PLACEMENT_3D('',#17323,#17324,#17325);
#17327=PLANE('',#17326);
#17329=ORIENTED_EDGE('',*,*,#17328,.T.);
#17331=ORIENTED_EDGE('',*,*,#17330,.F.);
#17332=ORIENTED_EDGE('',*,*,#10671,.T.);
#17333=ORIENTED_EDGE('',*,*,#17317,.T.);
#17334=EDGE_LOOP('',(#17329,#17331,#17332,#17333));
#17335=FACE_OUTER_BOUND('',#17334,.F.);
#17336=ADVANCED_FACE('',(#17335),#17327,.T.);
#17337=CARTESIAN_POINT('',(-3.4E1,-3.58E1,4.22E1));
#17338=DIRECTION('',(0.E0,-7.071067811865E-1,7.071067811865E-1));
#17339=DIRECTION('',(0.E0,-7.071067811865E-1,-7.071067811865E-1));
#17340=AXIS2_PLACEMENT_3D('',#17337,#17338,#17339);
#17341=PLANE('',#17340);
#17342=ORIENTED_EDGE('',*,*,#10051,.F.);
#17344=ORIENTED_EDGE('',*,*,#17343,.F.);
#17346=ORIENTED_EDGE('',*,*,#17345,.T.);
#17348=ORIENTED_EDGE('',*,*,#17347,.T.);
#17349=ORIENTED_EDGE('',*,*,#9925,.F.);
#17350=ORIENTED_EDGE('',*,*,#17328,.F.);
#17351=EDGE_LOOP('',(#17342,#17344,#17346,#17348,#17349,#17350));
#17352=FACE_OUTER_BOUND('',#17351,.F.);
#17353=ADVANCED_FACE('',(#17352),#17341,.T.);
#17354=CARTESIAN_POINT('',(-3.4E1,0.E0,3.2E1));
#17355=DIRECTION('',(1.E0,0.E0,0.E0));
#17356=DIRECTION('',(0.E0,-1.E0,0.E0));
#17357=AXIS2_PLACEMENT_3D('',#17354,#17355,#17356);
#17358=PLANE('',#17357);
#17359=ORIENTED_EDGE('',*,*,#10049,.T.);
#17361=ORIENTED_EDGE('',*,*,#17360,.T.);
#17363=ORIENTED_EDGE('',*,*,#17362,.T.);
#17365=ORIENTED_EDGE('',*,*,#17364,.T.);
#17367=ORIENTED_EDGE('',*,*,#17366,.T.);
#17368=ORIENTED_EDGE('',*,*,#17343,.T.);
#17369=EDGE_LOOP('',(#17359,#17361,#17363,#17365,#17367,#17368));
#17370=FACE_OUTER_BOUND('',#17369,.F.);
#17371=ADVANCED_FACE('',(#17370),#17358,.F.);
#17372=CARTESIAN_POINT('',(-3.4E1,-3.8E1,3.8E1));
#17373=DIRECTION('',(0.E0,7.071067811865E-1,-7.071067811865E-1));
#17374=DIRECTION('',(0.E0,7.071067811865E-1,7.071067811865E-1));
#17375=AXIS2_PLACEMENT_3D('',#17372,#17373,#17374);
#17376=PLANE('',#17375);
#17377=ORIENTED_EDGE('',*,*,#10047,.T.);
#17379=ORIENTED_EDGE('',*,*,#17378,.T.);
#17380=ORIENTED_EDGE('',*,*,#9929,.T.);
#17382=ORIENTED_EDGE('',*,*,#17381,.T.);
#17384=ORIENTED_EDGE('',*,*,#17383,.F.);
#17385=ORIENTED_EDGE('',*,*,#17360,.F.);
#17386=EDGE_LOOP('',(#17377,#17379,#17380,#17382,#17384,#17385));
#17387=FACE_OUTER_BOUND('',#17386,.F.);
#17388=ADVANCED_FACE('',(#17387),#17376,.T.);
#17389=CARTESIAN_POINT('',(-3.1E1,-4.E1,3.8E1));
#17390=DIRECTION('',(0.E0,0.E0,-1.E0));
#17391=DIRECTION('',(1.E0,0.E0,0.E0));
#17392=AXIS2_PLACEMENT_3D('',#17389,#17390,#17391);
#17393=PLANE('',#17392);
#17394=ORIENTED_EDGE('',*,*,#17378,.F.);
#17396=ORIENTED_EDGE('',*,*,#17395,.F.);
#17397=ORIENTED_EDGE('',*,*,#10677,.T.);
#17399=ORIENTED_EDGE('',*,*,#17398,.T.);
#17400=EDGE_LOOP('',(#17394,#17396,#17397,#17399));
#17401=FACE_OUTER_BOUND('',#17400,.F.);
#17402=ADVANCED_FACE('',(#17401),#17393,.T.);
#17403=CARTESIAN_POINT('',(-3.1E1,-4.E1,3.7E1));
#17404=DIRECTION('',(0.E0,1.E0,0.E0));
#17405=DIRECTION('',(0.E0,0.E0,1.E0));
#17406=AXIS2_PLACEMENT_3D('',#17403,#17404,#17405);
#17407=CYLINDRICAL_SURFACE('',#17406,1.E0);
#17408=ORIENTED_EDGE('',*,*,#17395,.T.);
#17409=ORIENTED_EDGE('',*,*,#10045,.F.);
#17411=ORIENTED_EDGE('',*,*,#17410,.F.);
#17412=ORIENTED_EDGE('',*,*,#10679,.T.);
#17413=EDGE_LOOP('',(#17408,#17409,#17411,#17412));
#17414=FACE_OUTER_BOUND('',#17413,.F.);
#17415=ADVANCED_FACE('',(#17414),#17407,.F.);
#17416=CARTESIAN_POINT('',(-9.E0,-4.E1,3.6E1));
#17417=DIRECTION('',(0.E0,0.E0,1.E0));
#17418=DIRECTION('',(-1.E0,0.E0,0.E0));
#17419=AXIS2_PLACEMENT_3D('',#17416,#17417,#17418);
#17420=PLANE('',#17419);
#17422=ORIENTED_EDGE('',*,*,#17421,.T.);
#17424=ORIENTED_EDGE('',*,*,#17423,.F.);
#17425=ORIENTED_EDGE('',*,*,#10681,.T.);
#17426=ORIENTED_EDGE('',*,*,#17410,.T.);
#17427=EDGE_LOOP('',(#17422,#17424,#17425,#17426));
#17428=FACE_OUTER_BOUND('',#17427,.F.);
#17429=ADVANCED_FACE('',(#17428),#17420,.T.);
#17430=CARTESIAN_POINT('',(-3.4E1,-3.58E1,3.82E1));
#17431=DIRECTION('',(0.E0,-7.071067811865E-1,7.071067811865E-1));
#17432=DIRECTION('',(0.E0,-7.071067811865E-1,-7.071067811865E-1));
#17433=AXIS2_PLACEMENT_3D('',#17430,#17431,#17432);
#17434=PLANE('',#17433);
#17435=ORIENTED_EDGE('',*,*,#10043,.F.);
#17436=ORIENTED_EDGE('',*,*,#10274,.F.);
#17438=ORIENTED_EDGE('',*,*,#17437,.T.);
#17440=ORIENTED_EDGE('',*,*,#17439,.T.);
#17441=ORIENTED_EDGE('',*,*,#9933,.F.);
#17442=ORIENTED_EDGE('',*,*,#17421,.F.);
#17443=EDGE_LOOP('',(#17435,#17436,#17438,#17440,#17441,#17442));
#17444=FACE_OUTER_BOUND('',#17443,.F.);
#17445=ADVANCED_FACE('',(#17444),#17434,.T.);
#17446=CARTESIAN_POINT('',(-3.4E1,-3.34E1,3.58E1));
#17447=DIRECTION('',(0.E0,7.071067811865E-1,7.071067811865E-1));
#17448=DIRECTION('',(0.E0,-7.071067811865E-1,7.071067811865E-1));
#17449=AXIS2_PLACEMENT_3D('',#17446,#17447,#17448);
#17450=PLANE('',#17449);
#17451=ORIENTED_EDGE('',*,*,#10272,.F.);
#17453=ORIENTED_EDGE('',*,*,#17452,.T.);
#17455=ORIENTED_EDGE('',*,*,#17454,.T.);
#17456=ORIENTED_EDGE('',*,*,#17437,.F.);
#17457=EDGE_LOOP('',(#17451,#17453,#17455,#17456));
#17458=FACE_OUTER_BOUND('',#17457,.F.);
#17459=ADVANCED_FACE('',(#17458),#17450,.T.);
#17460=CARTESIAN_POINT('',(-3.4E1,-3.34E1,3.38E1));
#17461=DIRECTION('',(0.E0,1.E0,0.E0));
#17462=DIRECTION('',(0.E0,0.E0,1.E0));
#17463=AXIS2_PLACEMENT_3D('',#17460,#17461,#17462);
#17464=PLANE('',#17463);
#17465=ORIENTED_EDGE('',*,*,#10270,.F.);
#17467=ORIENTED_EDGE('',*,*,#17466,.T.);
#17469=ORIENTED_EDGE('',*,*,#17468,.T.);
#17470=ORIENTED_EDGE('',*,*,#17452,.F.);
#17471=EDGE_LOOP('',(#17465,#17467,#17469,#17470));
#17472=FACE_OUTER_BOUND('',#17471,.F.);
#17473=ADVANCED_FACE('',(#17472),#17464,.T.);
#17474=CARTESIAN_POINT('',(-3.4E1,-3.58E1,3.62E1));
#17475=DIRECTION('',(0.E0,-7.071067811865E-1,-7.071067811865E-1));
#17476=DIRECTION('',(0.E0,7.071067811865E-1,-7.071067811865E-1));
#17477=AXIS2_PLACEMENT_3D('',#17474,#17475,#17476);
#17478=PLANE('',#17477);
#17479=ORIENTED_EDGE('',*,*,#10268,.F.);
#17480=ORIENTED_EDGE('',*,*,#10293,.T.);
#17482=ORIENTED_EDGE('',*,*,#17481,.T.);
#17483=ORIENTED_EDGE('',*,*,#17466,.F.);
#17484=EDGE_LOOP('',(#17479,#17480,#17482,#17483));
#17485=FACE_OUTER_BOUND('',#17484,.F.);
#17486=ADVANCED_FACE('',(#17485),#17478,.T.);
#17487=CARTESIAN_POINT('',(-6.E0,-4.E1,3.7E1));
#17488=DIRECTION('',(-1.E0,0.E0,0.E0));
#17489=DIRECTION('',(0.E0,0.E0,-1.E0));
#17490=AXIS2_PLACEMENT_3D('',#17487,#17488,#17489);
#17491=PLANE('',#17490);
#17492=ORIENTED_EDGE('',*,*,#9935,.F.);
#17493=ORIENTED_EDGE('',*,*,#17439,.F.);
#17494=ORIENTED_EDGE('',*,*,#17454,.F.);
#17495=ORIENTED_EDGE('',*,*,#17468,.F.);
#17496=ORIENTED_EDGE('',*,*,#17481,.F.);
#17497=ORIENTED_EDGE('',*,*,#10291,.F.);
#17498=EDGE_LOOP('',(#17492,#17493,#17494,#17495,#17496,#17497));
#17499=FACE_OUTER_BOUND('',#17498,.F.);
#17500=ADVANCED_FACE('',(#17499),#17491,.F.);
#17501=CARTESIAN_POINT('',(-9.E0,-4.E1,3.7E1));
#17502=DIRECTION('',(0.E0,1.E0,0.E0));
#17503=DIRECTION('',(0.E0,0.E0,1.E0));
#17504=AXIS2_PLACEMENT_3D('',#17501,#17502,#17503);
#17505=CYLINDRICAL_SURFACE('',#17504,1.E0);
#17506=ORIENTED_EDGE('',*,*,#17398,.F.);
#17507=ORIENTED_EDGE('',*,*,#10675,.T.);
#17508=ORIENTED_EDGE('',*,*,#17423,.T.);
#17509=ORIENTED_EDGE('',*,*,#9931,.F.);
#17510=EDGE_LOOP('',(#17506,#17507,#17508,#17509));
#17511=FACE_OUTER_BOUND('',#17510,.F.);
#17512=ADVANCED_FACE('',(#17511),#17505,.F.);
#17513=CARTESIAN_POINT('',(-6.E0,-4.E1,4.1E1));
#17514=DIRECTION('',(-1.E0,0.E0,0.E0));
#17515=DIRECTION('',(0.E0,0.E0,-1.E0));
#17516=AXIS2_PLACEMENT_3D('',#17513,#17514,#17515);
#17517=PLANE('',#17516);
#17518=ORIENTED_EDGE('',*,*,#9927,.F.);
#17519=ORIENTED_EDGE('',*,*,#17347,.F.);
#17521=ORIENTED_EDGE('',*,*,#17520,.F.);
#17523=ORIENTED_EDGE('',*,*,#17522,.F.);
#17525=ORIENTED_EDGE('',*,*,#17524,.F.);
#17526=ORIENTED_EDGE('',*,*,#17381,.F.);
#17527=EDGE_LOOP('',(#17518,#17519,#17521,#17523,#17525,#17526));
#17528=FACE_OUTER_BOUND('',#17527,.F.);
#17529=ADVANCED_FACE('',(#17528),#17517,.F.);
#17530=CARTESIAN_POINT('',(-3.4E1,-3.34E1,3.98E1));
#17531=DIRECTION('',(0.E0,7.071067811865E-1,7.071067811865E-1));
#17532=DIRECTION('',(0.E0,-7.071067811865E-1,7.071067811865E-1));
#17533=AXIS2_PLACEMENT_3D('',#17530,#17531,#17532);
#17534=PLANE('',#17533);
#17535=ORIENTED_EDGE('',*,*,#17366,.F.);
#17537=ORIENTED_EDGE('',*,*,#17536,.T.);
#17538=ORIENTED_EDGE('',*,*,#17520,.T.);
#17539=ORIENTED_EDGE('',*,*,#17345,.F.);
#17540=EDGE_LOOP('',(#17535,#17537,#17538,#17539));
#17541=FACE_OUTER_BOUND('',#17540,.F.);
#17542=ADVANCED_FACE('',(#17541),#17534,.T.);
#17543=CARTESIAN_POINT('',(-3.4E1,-3.34E1,3.78E1));
#17544=DIRECTION('',(0.E0,1.E0,0.E0));
#17545=DIRECTION('',(0.E0,0.E0,1.E0));
#17546=AXIS2_PLACEMENT_3D('',#17543,#17544,#17545);
#17547=PLANE('',#17546);
#17548=ORIENTED_EDGE('',*,*,#17364,.F.);
#17550=ORIENTED_EDGE('',*,*,#17549,.T.);
#17551=ORIENTED_EDGE('',*,*,#17522,.T.);
#17552=ORIENTED_EDGE('',*,*,#17536,.F.);
#17553=EDGE_LOOP('',(#17548,#17550,#17551,#17552));
#17554=FACE_OUTER_BOUND('',#17553,.F.);
#17555=ADVANCED_FACE('',(#17554),#17547,.T.);
#17556=CARTESIAN_POINT('',(-3.4E1,-3.58E1,4.02E1));
#17557=DIRECTION('',(0.E0,-7.071067811865E-1,-7.071067811865E-1));
#17558=DIRECTION('',(0.E0,7.071067811865E-1,-7.071067811865E-1));
#17559=AXIS2_PLACEMENT_3D('',#17556,#17557,#17558);
#17560=PLANE('',#17559);
#17561=ORIENTED_EDGE('',*,*,#17362,.F.);
#17562=ORIENTED_EDGE('',*,*,#17383,.T.);
#17563=ORIENTED_EDGE('',*,*,#17524,.T.);
#17564=ORIENTED_EDGE('',*,*,#17549,.F.);
#17565=EDGE_LOOP('',(#17561,#17562,#17563,#17564));
#17566=FACE_OUTER_BOUND('',#17565,.F.);
#17567=ADVANCED_FACE('',(#17566),#17560,.T.);
#17568=CARTESIAN_POINT('',(-9.E0,-4.E1,4.1E1));
#17569=DIRECTION('',(0.E0,1.E0,0.E0));
#17570=DIRECTION('',(0.E0,0.E0,1.E0));
#17571=AXIS2_PLACEMENT_3D('',#17568,#17569,#17570);
#17572=CYLINDRICAL_SURFACE('',#17571,1.E0);
#17573=ORIENTED_EDGE('',*,*,#17305,.F.);
#17574=ORIENTED_EDGE('',*,*,#10665,.T.);
#17575=ORIENTED_EDGE('',*,*,#17330,.T.);
#17576=ORIENTED_EDGE('',*,*,#9923,.F.);
#17577=EDGE_LOOP('',(#17573,#17574,#17575,#17576));
#17578=FACE_OUTER_BOUND('',#17577,.F.);
#17579=ADVANCED_FACE('',(#17578),#17572,.F.);
#17580=CARTESIAN_POINT('',(-6.E0,-4.E1,4.5E1));
#17581=DIRECTION('',(-1.E0,0.E0,0.E0));
#17582=DIRECTION('',(0.E0,0.E0,-1.E0));
#17583=AXIS2_PLACEMENT_3D('',#17580,#17581,#17582);
#17584=PLANE('',#17583);
#17585=ORIENTED_EDGE('',*,*,#9919,.F.);
#17586=ORIENTED_EDGE('',*,*,#17254,.F.);
#17588=ORIENTED_EDGE('',*,*,#17587,.F.);
#17590=ORIENTED_EDGE('',*,*,#17589,.F.);
#17592=ORIENTED_EDGE('',*,*,#17591,.F.);
#17593=ORIENTED_EDGE('',*,*,#17288,.F.);
#17594=EDGE_LOOP('',(#17585,#17586,#17588,#17590,#17592,#17593));
#17595=FACE_OUTER_BOUND('',#17594,.F.);
#17596=ADVANCED_FACE('',(#17595),#17584,.F.);
#17597=CARTESIAN_POINT('',(-3.4E1,-3.34E1,4.38E1));
#17598=DIRECTION('',(0.E0,7.071067811865E-1,7.071067811865E-1));
#17599=DIRECTION('',(0.E0,-7.071067811865E-1,7.071067811865E-1));
#17600=AXIS2_PLACEMENT_3D('',#17597,#17598,#17599);
#17601=PLANE('',#17600);
#17602=ORIENTED_EDGE('',*,*,#17273,.F.);
#17604=ORIENTED_EDGE('',*,*,#17603,.T.);
#17605=ORIENTED_EDGE('',*,*,#17587,.T.);
#17606=ORIENTED_EDGE('',*,*,#17252,.F.);
#17607=EDGE_LOOP('',(#17602,#17604,#17605,#17606));
#17608=FACE_OUTER_BOUND('',#17607,.F.);
#17609=ADVANCED_FACE('',(#17608),#17601,.T.);
#17610=CARTESIAN_POINT('',(-3.4E1,-3.34E1,4.18E1));
#17611=DIRECTION('',(0.E0,1.E0,0.E0));
#17612=DIRECTION('',(0.E0,0.E0,1.E0));
#17613=AXIS2_PLACEMENT_3D('',#17610,#17611,#17612);
#17614=PLANE('',#17613);
#17615=ORIENTED_EDGE('',*,*,#17271,.F.);
#17617=ORIENTED_EDGE('',*,*,#17616,.T.);
#17618=ORIENTED_EDGE('',*,*,#17589,.T.);
#17619=ORIENTED_EDGE('',*,*,#17603,.F.);
#17620=EDGE_LOOP('',(#17615,#17617,#17618,#17619));
#17621=FACE_OUTER_BOUND('',#17620,.F.);
#17622=ADVANCED_FACE('',(#17621),#17614,.T.);
#17623=CARTESIAN_POINT('',(-3.4E1,-3.58E1,4.42E1));
#17624=DIRECTION('',(0.E0,-7.071067811865E-1,-7.071067811865E-1));
#17625=DIRECTION('',(0.E0,7.071067811865E-1,-7.071067811865E-1));
#17626=AXIS2_PLACEMENT_3D('',#17623,#17624,#17625);
#17627=PLANE('',#17626);
#17628=ORIENTED_EDGE('',*,*,#17269,.F.);
#17629=ORIENTED_EDGE('',*,*,#17290,.T.);
#17630=ORIENTED_EDGE('',*,*,#17591,.T.);
#17631=ORIENTED_EDGE('',*,*,#17616,.F.);
#17632=EDGE_LOOP('',(#17628,#17629,#17630,#17631));
#17633=FACE_OUTER_BOUND('',#17632,.F.);
#17634=ADVANCED_FACE('',(#17633),#17627,.T.);
#17635=CARTESIAN_POINT('',(-9.E0,-4.E1,3.3E1));
#17636=DIRECTION('',(0.E0,1.E0,0.E0));
#17637=DIRECTION('',(0.E0,0.E0,1.E0));
#17638=AXIS2_PLACEMENT_3D('',#17635,#17636,#17637);
#17639=CYLINDRICAL_SURFACE('',#17638,1.E0);
#17640=ORIENTED_EDGE('',*,*,#10310,.F.);
#17641=ORIENTED_EDGE('',*,*,#10685,.T.);
#17642=ORIENTED_EDGE('',*,*,#10349,.T.);
#17643=ORIENTED_EDGE('',*,*,#9939,.F.);
#17644=EDGE_LOOP('',(#17640,#17641,#17642,#17643));
#17645=FACE_OUTER_BOUND('',#17644,.F.);
#17646=ADVANCED_FACE('',(#17645),#17639,.F.);
#17647=CARTESIAN_POINT('',(-9.E0,-4.E1,2.5E1));
#17648=DIRECTION('',(0.E0,1.E0,0.E0));
#17649=DIRECTION('',(0.E0,0.E0,1.E0));
#17650=AXIS2_PLACEMENT_3D('',#17647,#17648,#17649);
#17651=CYLINDRICAL_SURFACE('',#17650,1.E0);
#17653=ORIENTED_EDGE('',*,*,#17652,.F.);
#17654=ORIENTED_EDGE('',*,*,#10698,.T.);
#17656=ORIENTED_EDGE('',*,*,#17655,.T.);
#17657=ORIENTED_EDGE('',*,*,#9955,.F.);
#17658=EDGE_LOOP('',(#17653,#17654,#17656,#17657));
#17659=FACE_OUTER_BOUND('',#17658,.F.);
#17660=ADVANCED_FACE('',(#17659),#17651,.F.);
#17661=CARTESIAN_POINT('',(-3.1E1,-4.E1,2.6E1));
#17662=DIRECTION('',(0.E0,0.E0,-1.E0));
#17663=DIRECTION('',(1.E0,0.E0,0.E0));
#17664=AXIS2_PLACEMENT_3D('',#17661,#17662,#17663);
#17665=PLANE('',#17664);
#17667=ORIENTED_EDGE('',*,*,#17666,.F.);
#17669=ORIENTED_EDGE('',*,*,#17668,.F.);
#17670=ORIENTED_EDGE('',*,*,#10700,.T.);
#17671=ORIENTED_EDGE('',*,*,#17652,.T.);
#17672=EDGE_LOOP('',(#17667,#17669,#17670,#17671));
#17673=FACE_OUTER_BOUND('',#17672,.F.);
#17674=ADVANCED_FACE('',(#17673),#17665,.T.);
#17675=CARTESIAN_POINT('',(-3.4E1,-3.8E1,2.6E1));
#17676=DIRECTION('',(0.E0,7.071067811865E-1,-7.071067811865E-1));
#17677=DIRECTION('',(0.E0,7.071067811865E-1,7.071067811865E-1));
#17678=AXIS2_PLACEMENT_3D('',#17675,#17676,#17677);
#17679=PLANE('',#17678);
#17680=ORIENTED_EDGE('',*,*,#10033,.T.);
#17681=ORIENTED_EDGE('',*,*,#17666,.T.);
#17682=ORIENTED_EDGE('',*,*,#9953,.T.);
#17684=ORIENTED_EDGE('',*,*,#17683,.T.);
#17686=ORIENTED_EDGE('',*,*,#17685,.F.);
#17688=ORIENTED_EDGE('',*,*,#17687,.F.);
#17689=EDGE_LOOP('',(#17680,#17681,#17682,#17684,#17686,#17688));
#17690=FACE_OUTER_BOUND('',#17689,.F.);
#17691=ADVANCED_FACE('',(#17690),#17679,.T.);
#17692=CARTESIAN_POINT('',(-6.E0,-4.E1,2.9E1));
#17693=DIRECTION('',(-1.E0,0.E0,0.E0));
#17694=DIRECTION('',(0.E0,0.E0,-1.E0));
#17695=AXIS2_PLACEMENT_3D('',#17692,#17693,#17694);
#17696=PLANE('',#17695);
#17697=ORIENTED_EDGE('',*,*,#9951,.F.);
#17698=ORIENTED_EDGE('',*,*,#10218,.F.);
#17700=ORIENTED_EDGE('',*,*,#17699,.F.);
#17702=ORIENTED_EDGE('',*,*,#17701,.F.);
#17704=ORIENTED_EDGE('',*,*,#17703,.F.);
#17705=ORIENTED_EDGE('',*,*,#17683,.F.);
#17706=EDGE_LOOP('',(#17697,#17698,#17700,#17702,#17704,#17705));
#17707=FACE_OUTER_BOUND('',#17706,.F.);
#17708=ADVANCED_FACE('',(#17707),#17696,.F.);
#17709=CARTESIAN_POINT('',(-3.4E1,-3.34E1,2.78E1));
#17710=DIRECTION('',(0.E0,7.071067811865E-1,7.071067811865E-1));
#17711=DIRECTION('',(0.E0,-7.071067811865E-1,7.071067811865E-1));
#17712=AXIS2_PLACEMENT_3D('',#17709,#17710,#17711);
#17713=PLANE('',#17712);
#17715=ORIENTED_EDGE('',*,*,#17714,.F.);
#17717=ORIENTED_EDGE('',*,*,#17716,.T.);
#17718=ORIENTED_EDGE('',*,*,#17699,.T.);
#17719=ORIENTED_EDGE('',*,*,#10216,.F.);
#17720=EDGE_LOOP('',(#17715,#17717,#17718,#17719));
#17721=FACE_OUTER_BOUND('',#17720,.F.);
#17722=ADVANCED_FACE('',(#17721),#17713,.T.);
#17723=CARTESIAN_POINT('',(-3.4E1,0.E0,2.E1));
#17724=DIRECTION('',(1.E0,0.E0,0.E0));
#17725=DIRECTION('',(0.E0,-1.E0,0.E0));
#17726=AXIS2_PLACEMENT_3D('',#17723,#17724,#17725);
#17727=PLANE('',#17726);
#17728=ORIENTED_EDGE('',*,*,#10035,.T.);
#17729=ORIENTED_EDGE('',*,*,#17687,.T.);
#17731=ORIENTED_EDGE('',*,*,#17730,.T.);
#17733=ORIENTED_EDGE('',*,*,#17732,.T.);
#17734=ORIENTED_EDGE('',*,*,#17714,.T.);
#17735=ORIENTED_EDGE('',*,*,#10214,.T.);
#17736=ORIENTED_EDGE('',*,*,#10239,.F.);
#17738=ORIENTED_EDGE('',*,*,#17737,.F.);
#17739=EDGE_LOOP('',(#17728,#17729,#17731,#17733,#17734,#17735,#17736,#17738));
#17740=FACE_OUTER_BOUND('',#17739,.F.);
#17741=ADVANCED_FACE('',(#17740),#17727,.F.);
#17742=CARTESIAN_POINT('',(-3.4E1,-3.58E1,2.82E1));
#17743=DIRECTION('',(0.E0,-7.071067811865E-1,-7.071067811865E-1));
#17744=DIRECTION('',(0.E0,7.071067811865E-1,-7.071067811865E-1));
#17745=AXIS2_PLACEMENT_3D('',#17742,#17743,#17744);
#17746=PLANE('',#17745);
#17747=ORIENTED_EDGE('',*,*,#17730,.F.);
#17748=ORIENTED_EDGE('',*,*,#17685,.T.);
#17749=ORIENTED_EDGE('',*,*,#17703,.T.);
#17751=ORIENTED_EDGE('',*,*,#17750,.F.);
#17752=EDGE_LOOP('',(#17747,#17748,#17749,#17751));
#17753=FACE_OUTER_BOUND('',#17752,.F.);
#17754=ADVANCED_FACE('',(#17753),#17746,.T.);
#17755=CARTESIAN_POINT('',(-3.4E1,-3.34E1,2.58E1));
#17756=DIRECTION('',(0.E0,1.E0,0.E0));
#17757=DIRECTION('',(0.E0,0.E0,1.E0));
#17758=AXIS2_PLACEMENT_3D('',#17755,#17756,#17757);
#17759=PLANE('',#17758);
#17760=ORIENTED_EDGE('',*,*,#17732,.F.);
#17761=ORIENTED_EDGE('',*,*,#17750,.T.);
#17762=ORIENTED_EDGE('',*,*,#17701,.T.);
#17763=ORIENTED_EDGE('',*,*,#17716,.F.);
#17764=EDGE_LOOP('',(#17760,#17761,#17762,#17763));
#17765=FACE_OUTER_BOUND('',#17764,.F.);
#17766=ADVANCED_FACE('',(#17765),#17759,.T.);
#17767=CARTESIAN_POINT('',(0.E0,0.E0,2.8E1));
#17768=DIRECTION('',(0.E0,0.E0,1.E0));
#17769=DIRECTION('',(1.E0,0.E0,0.E0));
#17770=AXIS2_PLACEMENT_3D('',#17767,#17768,#17769);
#17771=PLANE('',#17770);
#17772=ORIENTED_EDGE('',*,*,#17737,.T.);
#17773=ORIENTED_EDGE('',*,*,#10237,.T.);
#17775=ORIENTED_EDGE('',*,*,#17774,.T.);
#17777=ORIENTED_EDGE('',*,*,#17776,.T.);
#17779=ORIENTED_EDGE('',*,*,#17778,.T.);
#17781=ORIENTED_EDGE('',*,*,#17780,.T.);
#17783=ORIENTED_EDGE('',*,*,#17782,.T.);
#17785=ORIENTED_EDGE('',*,*,#17784,.T.);
#17787=ORIENTED_EDGE('',*,*,#17786,.T.);
#17789=ORIENTED_EDGE('',*,*,#17788,.T.);
#17791=ORIENTED_EDGE('',*,*,#17790,.T.);
#17793=ORIENTED_EDGE('',*,*,#17792,.T.);
#17795=ORIENTED_EDGE('',*,*,#17794,.T.);
#17796=ORIENTED_EDGE('',*,*,#10037,.T.);
#17797=EDGE_LOOP('',(#17772,#17773,#17775,#17777,#17779,#17781,#17783,#17785,
#17787,#17789,#17791,#17793,#17795,#17796));
#17798=FACE_OUTER_BOUND('',#17797,.F.);
#17799=ADVANCED_FACE('',(#17798),#17771,.F.);
#17800=CARTESIAN_POINT('',(-3.688735931288E1,-3.3E1,2.8E1));
#17801=DIRECTION('',(1.E0,0.E0,0.E0));
#17802=DIRECTION('',(0.E0,1.E0,0.E0));
#17803=AXIS2_PLACEMENT_3D('',#17800,#17801,#17802);
#17804=PLANE('',#17803);
#17805=ORIENTED_EDGE('',*,*,#17774,.F.);
#17806=ORIENTED_EDGE('',*,*,#10235,.T.);
#17808=ORIENTED_EDGE('',*,*,#17807,.T.);
#17810=ORIENTED_EDGE('',*,*,#17809,.F.);
#17811=EDGE_LOOP('',(#17805,#17806,#17808,#17810));
#17812=FACE_OUTER_BOUND('',#17811,.F.);
#17813=ADVANCED_FACE('',(#17812),#17804,.T.);
#17814=CARTESIAN_POINT('',(0.E0,0.E0,3.6E1));
#17815=DIRECTION('',(0.E0,0.E0,1.E0));
#17816=DIRECTION('',(1.E0,0.E0,0.E0));
#17817=AXIS2_PLACEMENT_3D('',#17814,#17815,#17816);
#17818=PLANE('',#17817);
#17819=ORIENTED_EDGE('',*,*,#10276,.F.);
#17820=ORIENTED_EDGE('',*,*,#10041,.F.);
#17822=ORIENTED_EDGE('',*,*,#17821,.F.);
#17824=ORIENTED_EDGE('',*,*,#17823,.F.);
#17826=ORIENTED_EDGE('',*,*,#17825,.F.);
#17828=ORIENTED_EDGE('',*,*,#17827,.F.);
#17830=ORIENTED_EDGE('',*,*,#17829,.F.);
#17832=ORIENTED_EDGE('',*,*,#17831,.F.);
#17834=ORIENTED_EDGE('',*,*,#17833,.F.);
#17836=ORIENTED_EDGE('',*,*,#17835,.F.);
#17838=ORIENTED_EDGE('',*,*,#17837,.F.);
#17840=ORIENTED_EDGE('',*,*,#17839,.F.);
#17841=ORIENTED_EDGE('',*,*,#17807,.F.);
#17842=ORIENTED_EDGE('',*,*,#10233,.F.);
#17843=EDGE_LOOP('',(#17819,#17820,#17822,#17824,#17826,#17828,#17830,#17832,
#17834,#17836,#17838,#17840,#17841,#17842));
#17844=FACE_OUTER_BOUND('',#17843,.F.);
#17845=ADVANCED_FACE('',(#17844),#17818,.T.);
#17846=CARTESIAN_POINT('',(-3.938735931288E1,-8.1E0,2.8E1));
#17847=DIRECTION('',(-1.E0,0.E0,0.E0));
#17848=DIRECTION('',(0.E0,-1.E0,0.E0));
#17849=AXIS2_PLACEMENT_3D('',#17846,#17847,#17848);
#17850=PLANE('',#17849);
#17851=ORIENTED_EDGE('',*,*,#10039,.F.);
#17852=ORIENTED_EDGE('',*,*,#17794,.F.);
#17854=ORIENTED_EDGE('',*,*,#17853,.T.);
#17855=ORIENTED_EDGE('',*,*,#17821,.T.);
#17856=EDGE_LOOP('',(#17851,#17852,#17854,#17855));
#17857=FACE_OUTER_BOUND('',#17856,.F.);
#17858=ADVANCED_FACE('',(#17857),#17850,.T.);
#17859=CARTESIAN_POINT('',(-3.838735931288E1,-8.1E0,2.8E1));
#17860=DIRECTION('',(0.E0,1.E0,0.E0));
#17861=DIRECTION('',(-1.E0,0.E0,0.E0));
#17862=AXIS2_PLACEMENT_3D('',#17859,#17860,#17861);
#17863=PLANE('',#17862);
#17864=ORIENTED_EDGE('',*,*,#17792,.F.);
#17866=ORIENTED_EDGE('',*,*,#17865,.T.);
#17867=ORIENTED_EDGE('',*,*,#17823,.T.);
#17868=ORIENTED_EDGE('',*,*,#17853,.F.);
#17869=EDGE_LOOP('',(#17864,#17866,#17867,#17868));
#17870=FACE_OUTER_BOUND('',#17869,.F.);
#17871=ADVANCED_FACE('',(#17870),#17863,.T.);
#17872=CARTESIAN_POINT('',(-3.569221718259E1,-1.276812310329E1,2.8E1));
#17873=DIRECTION('',(8.660254037844E-1,5.E-1,0.E0));
#17874=DIRECTION('',(-5.E-1,8.660254037844E-1,0.E0));
#17875=AXIS2_PLACEMENT_3D('',#17872,#17873,#17874);
#17876=PLANE('',#17875);
#17877=ORIENTED_EDGE('',*,*,#17790,.F.);
#17879=ORIENTED_EDGE('',*,*,#17878,.T.);
#17880=ORIENTED_EDGE('',*,*,#17825,.T.);
#17881=ORIENTED_EDGE('',*,*,#17865,.F.);
#17882=EDGE_LOOP('',(#17877,#17879,#17880,#17881));
#17883=FACE_OUTER_BOUND('',#17882,.F.);
#17884=ADVANCED_FACE('',(#17883),#17876,.T.);
#17885=CARTESIAN_POINT('',(-3.612522988448E1,-1.301812310329E1,2.8E1));
#17886=DIRECTION('',(0.E0,0.E0,1.E0));
#17887=DIRECTION('',(1.E0,0.E0,0.E0));
#17888=AXIS2_PLACEMENT_3D('',#17885,#17886,#17887);
#17889=CYLINDRICAL_SURFACE('',#17888,5.E-1);
#17890=ORIENTED_EDGE('',*,*,#17788,.F.);
#17892=ORIENTED_EDGE('',*,*,#17891,.T.);
#17893=ORIENTED_EDGE('',*,*,#17827,.T.);
#17894=ORIENTED_EDGE('',*,*,#17878,.F.);
#17895=EDGE_LOOP('',(#17890,#17892,#17893,#17894));
#17896=FACE_OUTER_BOUND('',#17895,.F.);
#17897=ADVANCED_FACE('',(#17896),#17889,.T.);
#17898=CARTESIAN_POINT('',(-3.764644660941E1,-1.524644660941E1,2.8E1));
#17899=DIRECTION('',(7.071067811865E-1,-7.071067811866E-1,0.E0));
#17900=DIRECTION('',(7.071067811866E-1,7.071067811865E-1,0.E0));
#17901=AXIS2_PLACEMENT_3D('',#17898,#17899,#17900);
#17902=PLANE('',#17901);
#17903=ORIENTED_EDGE('',*,*,#17786,.F.);
#17905=ORIENTED_EDGE('',*,*,#17904,.T.);
#17906=ORIENTED_EDGE('',*,*,#17829,.T.);
#17907=ORIENTED_EDGE('',*,*,#17891,.F.);
#17908=EDGE_LOOP('',(#17903,#17905,#17906,#17907));
#17909=FACE_OUTER_BOUND('',#17908,.F.);
#17910=ADVANCED_FACE('',(#17909),#17902,.T.);
#17911=CARTESIAN_POINT('',(-3.729289321881E1,-1.56E1,2.8E1));
#17912=DIRECTION('',(0.E0,0.E0,1.E0));
#17913=DIRECTION('',(1.E0,0.E0,0.E0));
#17914=AXIS2_PLACEMENT_3D('',#17911,#17912,#17913);
#17915=CYLINDRICAL_SURFACE('',#17914,5.E-1);
#17916=ORIENTED_EDGE('',*,*,#17784,.F.);
#17918=ORIENTED_EDGE('',*,*,#17917,.T.);
#17919=ORIENTED_EDGE('',*,*,#17831,.T.);
#17920=ORIENTED_EDGE('',*,*,#17904,.F.);
#17921=EDGE_LOOP('',(#17916,#17918,#17919,#17920));
#17922=FACE_OUTER_BOUND('',#17921,.F.);
#17923=ADVANCED_FACE('',(#17922),#17915,.F.);
#17924=CARTESIAN_POINT('',(-3.5E1,-1.61E1,2.8E1));
#17925=DIRECTION('',(0.E0,1.E0,0.E0));
#17926=DIRECTION('',(-1.E0,0.E0,0.E0));
#17927=AXIS2_PLACEMENT_3D('',#17924,#17925,#17926);
#17928=PLANE('',#17927);
#17929=ORIENTED_EDGE('',*,*,#17782,.F.);
#17931=ORIENTED_EDGE('',*,*,#17930,.T.);
#17932=ORIENTED_EDGE('',*,*,#17833,.T.);
#17933=ORIENTED_EDGE('',*,*,#17917,.F.);
#17934=EDGE_LOOP('',(#17929,#17931,#17932,#17933));
#17935=FACE_OUTER_BOUND('',#17934,.F.);
#17936=ADVANCED_FACE('',(#17935),#17928,.T.);
#17937=CARTESIAN_POINT('',(-3.5E1,-1.81E1,2.8E1));
#17938=DIRECTION('',(1.E0,0.E0,0.E0));
#17939=DIRECTION('',(0.E0,1.E0,0.E0));
#17940=AXIS2_PLACEMENT_3D('',#17937,#17938,#17939);
#17941=PLANE('',#17940);
#17942=ORIENTED_EDGE('',*,*,#17780,.F.);
#17944=ORIENTED_EDGE('',*,*,#17943,.T.);
#17945=ORIENTED_EDGE('',*,*,#17835,.T.);
#17946=ORIENTED_EDGE('',*,*,#17930,.F.);
#17947=EDGE_LOOP('',(#17942,#17944,#17945,#17946));
#17948=FACE_OUTER_BOUND('',#17947,.F.);
#17949=ADVANCED_FACE('',(#17948),#17941,.T.);
#17950=CARTESIAN_POINT('',(-3.600867965644E1,-1.910867965644E1,2.8E1));
#17951=DIRECTION('',(7.071067811866E-1,-7.071067811865E-1,0.E0));
#17952=DIRECTION('',(7.071067811865E-1,7.071067811866E-1,0.E0));
#17953=AXIS2_PLACEMENT_3D('',#17950,#17951,#17952);
#17954=PLANE('',#17953);
#17955=ORIENTED_EDGE('',*,*,#17778,.F.);
#17957=ORIENTED_EDGE('',*,*,#17956,.T.);
#17958=ORIENTED_EDGE('',*,*,#17837,.T.);
#17959=ORIENTED_EDGE('',*,*,#17943,.F.);
#17960=EDGE_LOOP('',(#17955,#17957,#17958,#17959));
#17961=FACE_OUTER_BOUND('',#17960,.F.);
#17962=ADVANCED_FACE('',(#17961),#17954,.T.);
#17963=CARTESIAN_POINT('',(-3.388735931288E1,-2.123E1,2.8E1));
#17964=DIRECTION('',(0.E0,0.E0,1.E0));
#17965=DIRECTION('',(1.E0,0.E0,0.E0));
#17966=AXIS2_PLACEMENT_3D('',#17963,#17964,#17965);
#17967=CYLINDRICAL_SURFACE('',#17966,3.E0);
#17968=ORIENTED_EDGE('',*,*,#17776,.F.);
#17969=ORIENTED_EDGE('',*,*,#17809,.T.);
#17970=ORIENTED_EDGE('',*,*,#17839,.T.);
#17971=ORIENTED_EDGE('',*,*,#17956,.F.);
#17972=EDGE_LOOP('',(#17968,#17969,#17970,#17971));
#17973=FACE_OUTER_BOUND('',#17972,.F.);
#17974=ADVANCED_FACE('',(#17973),#17967,.F.);
#17975=CARTESIAN_POINT('',(-3.1E1,-4.E1,2.5E1));
#17976=DIRECTION('',(0.E0,1.E0,0.E0));
#17977=DIRECTION('',(0.E0,0.E0,1.E0));
#17978=AXIS2_PLACEMENT_3D('',#17975,#17976,#17977);
#17979=CYLINDRICAL_SURFACE('',#17978,1.E0);
#17980=ORIENTED_EDGE('',*,*,#17668,.T.);
#17981=ORIENTED_EDGE('',*,*,#10031,.F.);
#17983=ORIENTED_EDGE('',*,*,#17982,.F.);
#17984=ORIENTED_EDGE('',*,*,#10702,.T.);
#17985=EDGE_LOOP('',(#17980,#17981,#17983,#17984));
#17986=FACE_OUTER_BOUND('',#17985,.F.);
#17987=ADVANCED_FACE('',(#17986),#17979,.F.);
#17988=CARTESIAN_POINT('',(-9.E0,-4.E1,2.4E1));
#17989=DIRECTION('',(0.E0,0.E0,1.E0));
#17990=DIRECTION('',(-1.E0,0.E0,0.E0));
#17991=AXIS2_PLACEMENT_3D('',#17988,#17989,#17990);
#17992=PLANE('',#17991);
#17994=ORIENTED_EDGE('',*,*,#17993,.T.);
#17995=ORIENTED_EDGE('',*,*,#17655,.F.);
#17996=ORIENTED_EDGE('',*,*,#10704,.T.);
#17997=ORIENTED_EDGE('',*,*,#17982,.T.);
#17998=EDGE_LOOP('',(#17994,#17995,#17996,#17997));
#17999=FACE_OUTER_BOUND('',#17998,.F.);
#18000=ADVANCED_FACE('',(#17999),#17992,.T.);
#18001=CARTESIAN_POINT('',(-3.4E1,-3.58E1,2.62E1));
#18002=DIRECTION('',(0.E0,-7.071067811865E-1,7.071067811865E-1));
#18003=DIRECTION('',(0.E0,-7.071067811865E-1,-7.071067811865E-1));
#18004=AXIS2_PLACEMENT_3D('',#18001,#18002,#18003);
#18005=PLANE('',#18004);
#18006=ORIENTED_EDGE('',*,*,#10029,.F.);
#18008=ORIENTED_EDGE('',*,*,#18007,.F.);
#18010=ORIENTED_EDGE('',*,*,#18009,.T.);
#18012=ORIENTED_EDGE('',*,*,#18011,.T.);
#18013=ORIENTED_EDGE('',*,*,#9957,.F.);
#18014=ORIENTED_EDGE('',*,*,#17993,.F.);
#18015=EDGE_LOOP('',(#18006,#18008,#18010,#18012,#18013,#18014));
#18016=FACE_OUTER_BOUND('',#18015,.F.);
#18017=ADVANCED_FACE('',(#18016),#18005,.T.);
#18018=CARTESIAN_POINT('',(-3.4E1,0.E0,1.6E1));
#18019=DIRECTION('',(1.E0,0.E0,0.E0));
#18020=DIRECTION('',(0.E0,-1.E0,0.E0));
#18021=AXIS2_PLACEMENT_3D('',#18018,#18019,#18020);
#18022=PLANE('',#18021);
#18023=ORIENTED_EDGE('',*,*,#10027,.T.);
#18025=ORIENTED_EDGE('',*,*,#18024,.T.);
#18027=ORIENTED_EDGE('',*,*,#18026,.T.);
#18029=ORIENTED_EDGE('',*,*,#18028,.T.);
#18031=ORIENTED_EDGE('',*,*,#18030,.T.);
#18032=ORIENTED_EDGE('',*,*,#18007,.T.);
#18033=EDGE_LOOP('',(#18023,#18025,#18027,#18029,#18031,#18032));
#18034=FACE_OUTER_BOUND('',#18033,.F.);
#18035=ADVANCED_FACE('',(#18034),#18022,.F.);
#18036=CARTESIAN_POINT('',(-3.4E1,-3.8E1,2.2E1));
#18037=DIRECTION('',(0.E0,7.071067811865E-1,-7.071067811865E-1));
#18038=DIRECTION('',(0.E0,7.071067811865E-1,7.071067811865E-1));
#18039=AXIS2_PLACEMENT_3D('',#18036,#18037,#18038);
#18040=PLANE('',#18039);
#18041=ORIENTED_EDGE('',*,*,#10025,.T.);
#18043=ORIENTED_EDGE('',*,*,#18042,.T.);
#18044=ORIENTED_EDGE('',*,*,#9961,.T.);
#18046=ORIENTED_EDGE('',*,*,#18045,.T.);
#18048=ORIENTED_EDGE('',*,*,#18047,.F.);
#18049=ORIENTED_EDGE('',*,*,#18024,.F.);
#18050=EDGE_LOOP('',(#18041,#18043,#18044,#18046,#18048,#18049));
#18051=FACE_OUTER_BOUND('',#18050,.F.);
#18052=ADVANCED_FACE('',(#18051),#18040,.T.);
#18053=CARTESIAN_POINT('',(-3.1E1,-4.E1,2.2E1));
#18054=DIRECTION('',(0.E0,0.E0,-1.E0));
#18055=DIRECTION('',(1.E0,0.E0,0.E0));
#18056=AXIS2_PLACEMENT_3D('',#18053,#18054,#18055);
#18057=PLANE('',#18056);
#18058=ORIENTED_EDGE('',*,*,#18042,.F.);
#18060=ORIENTED_EDGE('',*,*,#18059,.F.);
#18061=ORIENTED_EDGE('',*,*,#10710,.T.);
#18063=ORIENTED_EDGE('',*,*,#18062,.T.);
#18064=EDGE_LOOP('',(#18058,#18060,#18061,#18063));
#18065=FACE_OUTER_BOUND('',#18064,.F.);
#18066=ADVANCED_FACE('',(#18065),#18057,.T.);
#18067=CARTESIAN_POINT('',(-3.1E1,-4.E1,2.1E1));
#18068=DIRECTION('',(0.E0,1.E0,0.E0));
#18069=DIRECTION('',(0.E0,0.E0,1.E0));
#18070=AXIS2_PLACEMENT_3D('',#18067,#18068,#18069);
#18071=CYLINDRICAL_SURFACE('',#18070,1.E0);
#18072=ORIENTED_EDGE('',*,*,#18059,.T.);
#18073=ORIENTED_EDGE('',*,*,#10023,.F.);
#18075=ORIENTED_EDGE('',*,*,#18074,.F.);
#18076=ORIENTED_EDGE('',*,*,#10712,.T.);
#18077=EDGE_LOOP('',(#18072,#18073,#18075,#18076));
#18078=FACE_OUTER_BOUND('',#18077,.F.);
#18079=ADVANCED_FACE('',(#18078),#18071,.F.);
#18080=CARTESIAN_POINT('',(-9.E0,-4.E1,2.E1));
#18081=DIRECTION('',(0.E0,0.E0,1.E0));
#18082=DIRECTION('',(-1.E0,0.E0,0.E0));
#18083=AXIS2_PLACEMENT_3D('',#18080,#18081,#18082);
#18084=PLANE('',#18083);
#18086=ORIENTED_EDGE('',*,*,#18085,.T.);
#18088=ORIENTED_EDGE('',*,*,#18087,.F.);
#18089=ORIENTED_EDGE('',*,*,#10714,.T.);
#18090=ORIENTED_EDGE('',*,*,#18074,.T.);
#18091=EDGE_LOOP('',(#18086,#18088,#18089,#18090));
#18092=FACE_OUTER_BOUND('',#18091,.F.);
#18093=ADVANCED_FACE('',(#18092),#18084,.T.);
#18094=CARTESIAN_POINT('',(-3.4E1,-3.58E1,2.22E1));
#18095=DIRECTION('',(0.E0,-7.071067811865E-1,7.071067811865E-1));
#18096=DIRECTION('',(0.E0,-7.071067811865E-1,-7.071067811865E-1));
#18097=AXIS2_PLACEMENT_3D('',#18094,#18095,#18096);
#18098=PLANE('',#18097);
#18099=ORIENTED_EDGE('',*,*,#10021,.F.);
#18101=ORIENTED_EDGE('',*,*,#18100,.F.);
#18103=ORIENTED_EDGE('',*,*,#18102,.T.);
#18105=ORIENTED_EDGE('',*,*,#18104,.T.);
#18106=ORIENTED_EDGE('',*,*,#9965,.F.);
#18107=ORIENTED_EDGE('',*,*,#18085,.F.);
#18108=EDGE_LOOP('',(#18099,#18101,#18103,#18105,#18106,#18107));
#18109=FACE_OUTER_BOUND('',#18108,.F.);
#18110=ADVANCED_FACE('',(#18109),#18098,.T.);
#18111=CARTESIAN_POINT('',(-3.4E1,0.E0,1.2E1));
#18112=DIRECTION('',(1.E0,0.E0,0.E0));
#18113=DIRECTION('',(0.E0,-1.E0,0.E0));
#18114=AXIS2_PLACEMENT_3D('',#18111,#18112,#18113);
#18115=PLANE('',#18114);
#18116=ORIENTED_EDGE('',*,*,#10019,.T.);
#18118=ORIENTED_EDGE('',*,*,#18117,.T.);
#18120=ORIENTED_EDGE('',*,*,#18119,.T.);
#18122=ORIENTED_EDGE('',*,*,#18121,.T.);
#18124=ORIENTED_EDGE('',*,*,#18123,.T.);
#18125=ORIENTED_EDGE('',*,*,#18100,.T.);
#18126=EDGE_LOOP('',(#18116,#18118,#18120,#18122,#18124,#18125));
#18127=FACE_OUTER_BOUND('',#18126,.F.);
#18128=ADVANCED_FACE('',(#18127),#18115,.F.);
#18129=CARTESIAN_POINT('',(-3.4E1,-3.8E1,1.8E1));
#18130=DIRECTION('',(0.E0,7.071067811865E-1,-7.071067811865E-1));
#18131=DIRECTION('',(0.E0,7.071067811865E-1,7.071067811865E-1));
#18132=AXIS2_PLACEMENT_3D('',#18129,#18130,#18131);
#18133=PLANE('',#18132);
#18134=ORIENTED_EDGE('',*,*,#10017,.T.);
#18136=ORIENTED_EDGE('',*,*,#18135,.T.);
#18137=ORIENTED_EDGE('',*,*,#9969,.T.);
#18139=ORIENTED_EDGE('',*,*,#18138,.T.);
#18141=ORIENTED_EDGE('',*,*,#18140,.F.);
#18142=ORIENTED_EDGE('',*,*,#18117,.F.);
#18143=EDGE_LOOP('',(#18134,#18136,#18137,#18139,#18141,#18142));
#18144=FACE_OUTER_BOUND('',#18143,.F.);
#18145=ADVANCED_FACE('',(#18144),#18133,.T.);
#18146=CARTESIAN_POINT('',(-3.1E1,-4.E1,1.8E1));
#18147=DIRECTION('',(0.E0,0.E0,-1.E0));
#18148=DIRECTION('',(1.E0,0.E0,0.E0));
#18149=AXIS2_PLACEMENT_3D('',#18146,#18147,#18148);
#18150=PLANE('',#18149);
#18151=ORIENTED_EDGE('',*,*,#18135,.F.);
#18153=ORIENTED_EDGE('',*,*,#18152,.F.);
#18154=ORIENTED_EDGE('',*,*,#10720,.T.);
#18156=ORIENTED_EDGE('',*,*,#18155,.T.);
#18157=EDGE_LOOP('',(#18151,#18153,#18154,#18156));
#18158=FACE_OUTER_BOUND('',#18157,.F.);
#18159=ADVANCED_FACE('',(#18158),#18150,.T.);
#18160=CARTESIAN_POINT('',(-3.1E1,-4.E1,1.7E1));
#18161=DIRECTION('',(0.E0,1.E0,0.E0));
#18162=DIRECTION('',(0.E0,0.E0,1.E0));
#18163=AXIS2_PLACEMENT_3D('',#18160,#18161,#18162);
#18164=CYLINDRICAL_SURFACE('',#18163,1.E0);
#18165=ORIENTED_EDGE('',*,*,#18152,.T.);
#18166=ORIENTED_EDGE('',*,*,#10015,.F.);
#18168=ORIENTED_EDGE('',*,*,#18167,.F.);
#18169=ORIENTED_EDGE('',*,*,#10722,.T.);
#18170=EDGE_LOOP('',(#18165,#18166,#18168,#18169));
#18171=FACE_OUTER_BOUND('',#18170,.F.);
#18172=ADVANCED_FACE('',(#18171),#18164,.F.);
#18173=CARTESIAN_POINT('',(-9.E0,-4.E1,1.6E1));
#18174=DIRECTION('',(0.E0,0.E0,1.E0));
#18175=DIRECTION('',(-1.E0,0.E0,0.E0));
#18176=AXIS2_PLACEMENT_3D('',#18173,#18174,#18175);
#18177=PLANE('',#18176);
#18179=ORIENTED_EDGE('',*,*,#18178,.T.);
#18181=ORIENTED_EDGE('',*,*,#18180,.F.);
#18182=ORIENTED_EDGE('',*,*,#10724,.T.);
#18183=ORIENTED_EDGE('',*,*,#18167,.T.);
#18184=EDGE_LOOP('',(#18179,#18181,#18182,#18183));
#18185=FACE_OUTER_BOUND('',#18184,.F.);
#18186=ADVANCED_FACE('',(#18185),#18177,.T.);
#18187=CARTESIAN_POINT('',(-3.4E1,-3.58E1,1.82E1));
#18188=DIRECTION('',(0.E0,-7.071067811865E-1,7.071067811865E-1));
#18189=DIRECTION('',(0.E0,-7.071067811865E-1,-7.071067811865E-1));
#18190=AXIS2_PLACEMENT_3D('',#18187,#18188,#18189);
#18191=PLANE('',#18190);
#18192=ORIENTED_EDGE('',*,*,#10013,.F.);
#18194=ORIENTED_EDGE('',*,*,#18193,.F.);
#18196=ORIENTED_EDGE('',*,*,#18195,.T.);
#18198=ORIENTED_EDGE('',*,*,#18197,.T.);
#18199=ORIENTED_EDGE('',*,*,#9973,.F.);
#18200=ORIENTED_EDGE('',*,*,#18178,.F.);
#18201=EDGE_LOOP('',(#18192,#18194,#18196,#18198,#18199,#18200));
#18202=FACE_OUTER_BOUND('',#18201,.F.);
#18203=ADVANCED_FACE('',(#18202),#18191,.T.);
#18204=CARTESIAN_POINT('',(-3.4E1,0.E0,8.E0));
#18205=DIRECTION('',(1.E0,0.E0,0.E0));
#18206=DIRECTION('',(0.E0,-1.E0,0.E0));
#18207=AXIS2_PLACEMENT_3D('',#18204,#18205,#18206);
#18208=PLANE('',#18207);
#18209=ORIENTED_EDGE('',*,*,#10011,.T.);
#18211=ORIENTED_EDGE('',*,*,#18210,.T.);
#18213=ORIENTED_EDGE('',*,*,#18212,.T.);
#18215=ORIENTED_EDGE('',*,*,#18214,.T.);
#18217=ORIENTED_EDGE('',*,*,#18216,.T.);
#18218=ORIENTED_EDGE('',*,*,#18193,.T.);
#18219=EDGE_LOOP('',(#18209,#18211,#18213,#18215,#18217,#18218));
#18220=FACE_OUTER_BOUND('',#18219,.F.);
#18221=ADVANCED_FACE('',(#18220),#18208,.F.);
#18222=CARTESIAN_POINT('',(-3.4E1,-3.8E1,1.4E1));
#18223=DIRECTION('',(0.E0,7.071067811865E-1,-7.071067811865E-1));
#18224=DIRECTION('',(0.E0,7.071067811865E-1,7.071067811865E-1));
#18225=AXIS2_PLACEMENT_3D('',#18222,#18223,#18224);
#18226=PLANE('',#18225);
#18227=ORIENTED_EDGE('',*,*,#10009,.T.);
#18229=ORIENTED_EDGE('',*,*,#18228,.T.);
#18230=ORIENTED_EDGE('',*,*,#9977,.T.);
#18232=ORIENTED_EDGE('',*,*,#18231,.T.);
#18234=ORIENTED_EDGE('',*,*,#18233,.F.);
#18235=ORIENTED_EDGE('',*,*,#18210,.F.);
#18236=EDGE_LOOP('',(#18227,#18229,#18230,#18232,#18234,#18235));
#18237=FACE_OUTER_BOUND('',#18236,.F.);
#18238=ADVANCED_FACE('',(#18237),#18226,.T.);
#18239=CARTESIAN_POINT('',(-3.1E1,-4.E1,1.4E1));
#18240=DIRECTION('',(0.E0,0.E0,-1.E0));
#18241=DIRECTION('',(1.E0,0.E0,0.E0));
#18242=AXIS2_PLACEMENT_3D('',#18239,#18240,#18241);
#18243=PLANE('',#18242);
#18244=ORIENTED_EDGE('',*,*,#18228,.F.);
#18246=ORIENTED_EDGE('',*,*,#18245,.F.);
#18247=ORIENTED_EDGE('',*,*,#10730,.T.);
#18249=ORIENTED_EDGE('',*,*,#18248,.T.);
#18250=EDGE_LOOP('',(#18244,#18246,#18247,#18249));
#18251=FACE_OUTER_BOUND('',#18250,.F.);
#18252=ADVANCED_FACE('',(#18251),#18243,.T.);
#18253=CARTESIAN_POINT('',(-3.1E1,-4.E1,1.3E1));
#18254=DIRECTION('',(0.E0,1.E0,0.E0));
#18255=DIRECTION('',(0.E0,0.E0,1.E0));
#18256=AXIS2_PLACEMENT_3D('',#18253,#18254,#18255);
#18257=CYLINDRICAL_SURFACE('',#18256,1.E0);
#18258=ORIENTED_EDGE('',*,*,#18245,.T.);
#18259=ORIENTED_EDGE('',*,*,#10007,.F.);
#18261=ORIENTED_EDGE('',*,*,#18260,.F.);
#18262=ORIENTED_EDGE('',*,*,#10732,.T.);
#18263=EDGE_LOOP('',(#18258,#18259,#18261,#18262));
#18264=FACE_OUTER_BOUND('',#18263,.F.);
#18265=ADVANCED_FACE('',(#18264),#18257,.F.);
#18266=CARTESIAN_POINT('',(-9.E0,-4.E1,1.2E1));
#18267=DIRECTION('',(0.E0,0.E0,1.E0));
#18268=DIRECTION('',(-1.E0,0.E0,0.E0));
#18269=AXIS2_PLACEMENT_3D('',#18266,#18267,#18268);
#18270=PLANE('',#18269);
#18272=ORIENTED_EDGE('',*,*,#18271,.T.);
#18274=ORIENTED_EDGE('',*,*,#18273,.F.);
#18275=ORIENTED_EDGE('',*,*,#10734,.T.);
#18276=ORIENTED_EDGE('',*,*,#18260,.T.);
#18277=EDGE_LOOP('',(#18272,#18274,#18275,#18276));
#18278=FACE_OUTER_BOUND('',#18277,.F.);
#18279=ADVANCED_FACE('',(#18278),#18270,.T.);
#18280=CARTESIAN_POINT('',(-3.4E1,-3.58E1,1.42E1));
#18281=DIRECTION('',(0.E0,-7.071067811865E-1,7.071067811865E-1));
#18282=DIRECTION('',(0.E0,-7.071067811865E-1,-7.071067811865E-1));
#18283=AXIS2_PLACEMENT_3D('',#18280,#18281,#18282);
#18284=PLANE('',#18283);
#18285=ORIENTED_EDGE('',*,*,#10005,.F.);
#18287=ORIENTED_EDGE('',*,*,#18286,.F.);
#18289=ORIENTED_EDGE('',*,*,#18288,.T.);
#18291=ORIENTED_EDGE('',*,*,#18290,.T.);
#18292=ORIENTED_EDGE('',*,*,#9981,.F.);
#18293=ORIENTED_EDGE('',*,*,#18271,.F.);
#18294=EDGE_LOOP('',(#18285,#18287,#18289,#18291,#18292,#18293));
#18295=FACE_OUTER_BOUND('',#18294,.F.);
#18296=ADVANCED_FACE('',(#18295),#18284,.T.);
#18297=CARTESIAN_POINT('',(-3.4E1,0.E0,4.E0));
#18298=DIRECTION('',(1.E0,0.E0,0.E0));
#18299=DIRECTION('',(0.E0,-1.E0,0.E0));
#18300=AXIS2_PLACEMENT_3D('',#18297,#18298,#18299);
#18301=PLANE('',#18300);
#18302=ORIENTED_EDGE('',*,*,#10003,.T.);
#18304=ORIENTED_EDGE('',*,*,#18303,.T.);
#18306=ORIENTED_EDGE('',*,*,#18305,.T.);
#18308=ORIENTED_EDGE('',*,*,#18307,.T.);
#18310=ORIENTED_EDGE('',*,*,#18309,.T.);
#18311=ORIENTED_EDGE('',*,*,#18286,.T.);
#18312=EDGE_LOOP('',(#18302,#18304,#18306,#18308,#18310,#18311));
#18313=FACE_OUTER_BOUND('',#18312,.F.);
#18314=ADVANCED_FACE('',(#18313),#18301,.F.);
#18315=CARTESIAN_POINT('',(-3.4E1,-3.8E1,1.E1));
#18316=DIRECTION('',(0.E0,7.071067811865E-1,-7.071067811865E-1));
#18317=DIRECTION('',(0.E0,7.071067811865E-1,7.071067811865E-1));
#18318=AXIS2_PLACEMENT_3D('',#18315,#18316,#18317);
#18319=PLANE('',#18318);
#18320=ORIENTED_EDGE('',*,*,#10001,.T.);
#18322=ORIENTED_EDGE('',*,*,#18321,.T.);
#18323=ORIENTED_EDGE('',*,*,#9985,.T.);
#18325=ORIENTED_EDGE('',*,*,#18324,.T.);
#18327=ORIENTED_EDGE('',*,*,#18326,.F.);
#18328=ORIENTED_EDGE('',*,*,#18303,.F.);
#18329=EDGE_LOOP('',(#18320,#18322,#18323,#18325,#18327,#18328));
#18330=FACE_OUTER_BOUND('',#18329,.F.);
#18331=ADVANCED_FACE('',(#18330),#18319,.T.);
#18332=CARTESIAN_POINT('',(-3.1E1,-4.E1,1.E1));
#18333=DIRECTION('',(0.E0,0.E0,-1.E0));
#18334=DIRECTION('',(1.E0,0.E0,0.E0));
#18335=AXIS2_PLACEMENT_3D('',#18332,#18333,#18334);
#18336=PLANE('',#18335);
#18337=ORIENTED_EDGE('',*,*,#18321,.F.);
#18339=ORIENTED_EDGE('',*,*,#18338,.F.);
#18340=ORIENTED_EDGE('',*,*,#10740,.T.);
#18342=ORIENTED_EDGE('',*,*,#18341,.T.);
#18343=EDGE_LOOP('',(#18337,#18339,#18340,#18342));
#18344=FACE_OUTER_BOUND('',#18343,.F.);
#18345=ADVANCED_FACE('',(#18344),#18336,.T.);
#18346=CARTESIAN_POINT('',(-3.1E1,-4.E1,9.E0));
#18347=DIRECTION('',(0.E0,1.E0,0.E0));
#18348=DIRECTION('',(0.E0,0.E0,1.E0));
#18349=AXIS2_PLACEMENT_3D('',#18346,#18347,#18348);
#18350=CYLINDRICAL_SURFACE('',#18349,1.E0);
#18351=ORIENTED_EDGE('',*,*,#18338,.T.);
#18352=ORIENTED_EDGE('',*,*,#9999,.F.);
#18354=ORIENTED_EDGE('',*,*,#18353,.F.);
#18355=ORIENTED_EDGE('',*,*,#10742,.T.);
#18356=EDGE_LOOP('',(#18351,#18352,#18354,#18355));
#18357=FACE_OUTER_BOUND('',#18356,.F.);
#18358=ADVANCED_FACE('',(#18357),#18350,.F.);
#18359=CARTESIAN_POINT('',(-9.E0,-4.E1,8.E0));
#18360=DIRECTION('',(0.E0,0.E0,1.E0));
#18361=DIRECTION('',(-1.E0,0.E0,0.E0));
#18362=AXIS2_PLACEMENT_3D('',#18359,#18360,#18361);
#18363=PLANE('',#18362);
#18365=ORIENTED_EDGE('',*,*,#18364,.T.);
#18367=ORIENTED_EDGE('',*,*,#18366,.F.);
#18368=ORIENTED_EDGE('',*,*,#10744,.T.);
#18369=ORIENTED_EDGE('',*,*,#18353,.T.);
#18370=EDGE_LOOP('',(#18365,#18367,#18368,#18369));
#18371=FACE_OUTER_BOUND('',#18370,.F.);
#18372=ADVANCED_FACE('',(#18371),#18363,.T.);
#18373=CARTESIAN_POINT('',(-3.4E1,-3.58E1,1.02E1));
#18374=DIRECTION('',(0.E0,-7.071067811865E-1,7.071067811865E-1));
#18375=DIRECTION('',(0.E0,-7.071067811865E-1,-7.071067811865E-1));
#18376=AXIS2_PLACEMENT_3D('',#18373,#18374,#18375);
#18377=PLANE('',#18376);
#18378=ORIENTED_EDGE('',*,*,#9997,.F.);
#18380=ORIENTED_EDGE('',*,*,#18379,.F.);
#18382=ORIENTED_EDGE('',*,*,#18381,.T.);
#18384=ORIENTED_EDGE('',*,*,#18383,.T.);
#18385=ORIENTED_EDGE('',*,*,#9989,.F.);
#18386=ORIENTED_EDGE('',*,*,#18364,.F.);
#18387=EDGE_LOOP('',(#18378,#18380,#18382,#18384,#18385,#18386));
#18388=FACE_OUTER_BOUND('',#18387,.F.);
#18389=ADVANCED_FACE('',(#18388),#18377,.T.);
#18390=CARTESIAN_POINT('',(-3.4E1,0.E0,0.E0));
#18391=DIRECTION('',(1.E0,0.E0,0.E0));
#18392=DIRECTION('',(0.E0,-1.E0,0.E0));
#18393=AXIS2_PLACEMENT_3D('',#18390,#18391,#18392);
#18394=PLANE('',#18393);
#18395=ORIENTED_EDGE('',*,*,#9995,.T.);
#18397=ORIENTED_EDGE('',*,*,#18396,.T.);
#18399=ORIENTED_EDGE('',*,*,#18398,.T.);
#18401=ORIENTED_EDGE('',*,*,#18400,.T.);
#18403=ORIENTED_EDGE('',*,*,#18402,.T.);
#18404=ORIENTED_EDGE('',*,*,#18379,.T.);
#18405=EDGE_LOOP('',(#18395,#18397,#18399,#18401,#18403,#18404));
#18406=FACE_OUTER_BOUND('',#18405,.F.);
#18407=ADVANCED_FACE('',(#18406),#18394,.F.);
#18408=CARTESIAN_POINT('',(-3.4E1,-3.8E1,6.E0));
#18409=DIRECTION('',(0.E0,7.071067811865E-1,-7.071067811865E-1));
#18410=DIRECTION('',(0.E0,7.071067811865E-1,7.071067811865E-1));
#18411=AXIS2_PLACEMENT_3D('',#18408,#18409,#18410);
#18412=PLANE('',#18411);
#18413=ORIENTED_EDGE('',*,*,#9993,.T.);
#18415=ORIENTED_EDGE('',*,*,#18414,.T.);
#18417=ORIENTED_EDGE('',*,*,#18416,.F.);
#18418=ORIENTED_EDGE('',*,*,#18396,.F.);
#18419=EDGE_LOOP('',(#18413,#18415,#18417,#18418));
#18420=FACE_OUTER_BOUND('',#18419,.F.);
#18421=ADVANCED_FACE('',(#18420),#18412,.T.);
#18422=CARTESIAN_POINT('',(-6.E0,-4.E1,9.E0));
#18423=DIRECTION('',(-1.E0,0.E0,0.E0));
#18424=DIRECTION('',(0.E0,0.E0,-1.E0));
#18425=AXIS2_PLACEMENT_3D('',#18422,#18423,#18424);
#18426=PLANE('',#18425);
#18427=ORIENTED_EDGE('',*,*,#9991,.F.);
#18428=ORIENTED_EDGE('',*,*,#18383,.F.);
#18430=ORIENTED_EDGE('',*,*,#18429,.F.);
#18432=ORIENTED_EDGE('',*,*,#18431,.F.);
#18434=ORIENTED_EDGE('',*,*,#18433,.F.);
#18435=ORIENTED_EDGE('',*,*,#18414,.F.);
#18436=EDGE_LOOP('',(#18427,#18428,#18430,#18432,#18434,#18435));
#18437=FACE_OUTER_BOUND('',#18436,.F.);
#18438=ADVANCED_FACE('',(#18437),#18426,.F.);
#18439=CARTESIAN_POINT('',(-3.4E1,-3.34E1,7.8E0));
#18440=DIRECTION('',(0.E0,7.071067811865E-1,7.071067811865E-1));
#18441=DIRECTION('',(0.E0,-7.071067811865E-1,7.071067811865E-1));
#18442=AXIS2_PLACEMENT_3D('',#18439,#18440,#18441);
#18443=PLANE('',#18442);
#18444=ORIENTED_EDGE('',*,*,#18402,.F.);
#18446=ORIENTED_EDGE('',*,*,#18445,.T.);
#18447=ORIENTED_EDGE('',*,*,#18429,.T.);
#18448=ORIENTED_EDGE('',*,*,#18381,.F.);
#18449=EDGE_LOOP('',(#18444,#18446,#18447,#18448));
#18450=FACE_OUTER_BOUND('',#18449,.F.);
#18451=ADVANCED_FACE('',(#18450),#18443,.T.);
#18452=CARTESIAN_POINT('',(-3.4E1,-3.34E1,5.8E0));
#18453=DIRECTION('',(0.E0,1.E0,0.E0));
#18454=DIRECTION('',(0.E0,0.E0,1.E0));
#18455=AXIS2_PLACEMENT_3D('',#18452,#18453,#18454);
#18456=PLANE('',#18455);
#18457=ORIENTED_EDGE('',*,*,#18400,.F.);
#18459=ORIENTED_EDGE('',*,*,#18458,.T.);
#18460=ORIENTED_EDGE('',*,*,#18431,.T.);
#18461=ORIENTED_EDGE('',*,*,#18445,.F.);
#18462=EDGE_LOOP('',(#18457,#18459,#18460,#18461));
#18463=FACE_OUTER_BOUND('',#18462,.F.);
#18464=ADVANCED_FACE('',(#18463),#18456,.T.);
#18465=CARTESIAN_POINT('',(-3.4E1,-3.58E1,8.2E0));
#18466=DIRECTION('',(0.E0,-7.071067811865E-1,-7.071067811865E-1));
#18467=DIRECTION('',(0.E0,7.071067811865E-1,-7.071067811865E-1));
#18468=AXIS2_PLACEMENT_3D('',#18465,#18466,#18467);
#18469=PLANE('',#18468);
#18470=ORIENTED_EDGE('',*,*,#18398,.F.);
#18471=ORIENTED_EDGE('',*,*,#18416,.T.);
#18472=ORIENTED_EDGE('',*,*,#18433,.T.);
#18473=ORIENTED_EDGE('',*,*,#18458,.F.);
#18474=EDGE_LOOP('',(#18470,#18471,#18472,#18473));
#18475=FACE_OUTER_BOUND('',#18474,.F.);
#18476=ADVANCED_FACE('',(#18475),#18469,.T.);
#18477=CARTESIAN_POINT('',(-9.E0,-4.E1,9.E0));
#18478=DIRECTION('',(0.E0,1.E0,0.E0));
#18479=DIRECTION('',(0.E0,0.E0,1.E0));
#18480=AXIS2_PLACEMENT_3D('',#18477,#18478,#18479);
#18481=CYLINDRICAL_SURFACE('',#18480,1.E0);
#18482=ORIENTED_EDGE('',*,*,#18341,.F.);
#18483=ORIENTED_EDGE('',*,*,#10738,.T.);
#18484=ORIENTED_EDGE('',*,*,#18366,.T.);
#18485=ORIENTED_EDGE('',*,*,#9987,.F.);
#18486=EDGE_LOOP('',(#18482,#18483,#18484,#18485));
#18487=FACE_OUTER_BOUND('',#18486,.F.);
#18488=ADVANCED_FACE('',(#18487),#18481,.F.);
#18489=CARTESIAN_POINT('',(-6.E0,-4.E1,1.3E1));
#18490=DIRECTION('',(-1.E0,0.E0,0.E0));
#18491=DIRECTION('',(0.E0,0.E0,-1.E0));
#18492=AXIS2_PLACEMENT_3D('',#18489,#18490,#18491);
#18493=PLANE('',#18492);
#18494=ORIENTED_EDGE('',*,*,#9983,.F.);
#18495=ORIENTED_EDGE('',*,*,#18290,.F.);
#18497=ORIENTED_EDGE('',*,*,#18496,.F.);
#18499=ORIENTED_EDGE('',*,*,#18498,.F.);
#18501=ORIENTED_EDGE('',*,*,#18500,.F.);
#18502=ORIENTED_EDGE('',*,*,#18324,.F.);
#18503=EDGE_LOOP('',(#18494,#18495,#18497,#18499,#18501,#18502));
#18504=FACE_OUTER_BOUND('',#18503,.F.);
#18505=ADVANCED_FACE('',(#18504),#18493,.F.);
#18506=CARTESIAN_POINT('',(-3.4E1,-3.34E1,1.18E1));
#18507=DIRECTION('',(0.E0,7.071067811865E-1,7.071067811865E-1));
#18508=DIRECTION('',(0.E0,-7.071067811865E-1,7.071067811865E-1));
#18509=AXIS2_PLACEMENT_3D('',#18506,#18507,#18508);
#18510=PLANE('',#18509);
#18511=ORIENTED_EDGE('',*,*,#18309,.F.);
#18513=ORIENTED_EDGE('',*,*,#18512,.T.);
#18514=ORIENTED_EDGE('',*,*,#18496,.T.);
#18515=ORIENTED_EDGE('',*,*,#18288,.F.);
#18516=EDGE_LOOP('',(#18511,#18513,#18514,#18515));
#18517=FACE_OUTER_BOUND('',#18516,.F.);
#18518=ADVANCED_FACE('',(#18517),#18510,.T.);
#18519=CARTESIAN_POINT('',(-3.4E1,-3.34E1,9.8E0));
#18520=DIRECTION('',(0.E0,1.E0,0.E0));
#18521=DIRECTION('',(0.E0,0.E0,1.E0));
#18522=AXIS2_PLACEMENT_3D('',#18519,#18520,#18521);
#18523=PLANE('',#18522);
#18524=ORIENTED_EDGE('',*,*,#18307,.F.);
#18526=ORIENTED_EDGE('',*,*,#18525,.T.);
#18527=ORIENTED_EDGE('',*,*,#18498,.T.);
#18528=ORIENTED_EDGE('',*,*,#18512,.F.);
#18529=EDGE_LOOP('',(#18524,#18526,#18527,#18528));
#18530=FACE_OUTER_BOUND('',#18529,.F.);
#18531=ADVANCED_FACE('',(#18530),#18523,.T.);
#18532=CARTESIAN_POINT('',(-3.4E1,-3.58E1,1.22E1));
#18533=DIRECTION('',(0.E0,-7.071067811865E-1,-7.071067811865E-1));
#18534=DIRECTION('',(0.E0,7.071067811865E-1,-7.071067811865E-1));
#18535=AXIS2_PLACEMENT_3D('',#18532,#18533,#18534);
#18536=PLANE('',#18535);
#18537=ORIENTED_EDGE('',*,*,#18305,.F.);
#18538=ORIENTED_EDGE('',*,*,#18326,.T.);
#18539=ORIENTED_EDGE('',*,*,#18500,.T.);
#18540=ORIENTED_EDGE('',*,*,#18525,.F.);
#18541=EDGE_LOOP('',(#18537,#18538,#18539,#18540));
#18542=FACE_OUTER_BOUND('',#18541,.F.);
#18543=ADVANCED_FACE('',(#18542),#18536,.T.);
#18544=CARTESIAN_POINT('',(-9.E0,-4.E1,1.3E1));
#18545=DIRECTION('',(0.E0,1.E0,0.E0));
#18546=DIRECTION('',(0.E0,0.E0,1.E0));
#18547=AXIS2_PLACEMENT_3D('',#18544,#18545,#18546);
#18548=CYLINDRICAL_SURFACE('',#18547,1.E0);
#18549=ORIENTED_EDGE('',*,*,#18248,.F.);
#18550=ORIENTED_EDGE('',*,*,#10728,.T.);
#18551=ORIENTED_EDGE('',*,*,#18273,.T.);
#18552=ORIENTED_EDGE('',*,*,#9979,.F.);
#18553=EDGE_LOOP('',(#18549,#18550,#18551,#18552));
#18554=FACE_OUTER_BOUND('',#18553,.F.);
#18555=ADVANCED_FACE('',(#18554),#18548,.F.);
#18556=CARTESIAN_POINT('',(-6.E0,-4.E1,1.7E1));
#18557=DIRECTION('',(-1.E0,0.E0,0.E0));
#18558=DIRECTION('',(0.E0,0.E0,-1.E0));
#18559=AXIS2_PLACEMENT_3D('',#18556,#18557,#18558);
#18560=PLANE('',#18559);
#18561=ORIENTED_EDGE('',*,*,#9975,.F.);
#18562=ORIENTED_EDGE('',*,*,#18197,.F.);
#18564=ORIENTED_EDGE('',*,*,#18563,.F.);
#18566=ORIENTED_EDGE('',*,*,#18565,.F.);
#18568=ORIENTED_EDGE('',*,*,#18567,.F.);
#18569=ORIENTED_EDGE('',*,*,#18231,.F.);
#18570=EDGE_LOOP('',(#18561,#18562,#18564,#18566,#18568,#18569));
#18571=FACE_OUTER_BOUND('',#18570,.F.);
#18572=ADVANCED_FACE('',(#18571),#18560,.F.);
#18573=CARTESIAN_POINT('',(-3.4E1,-3.34E1,1.58E1));
#18574=DIRECTION('',(0.E0,7.071067811865E-1,7.071067811865E-1));
#18575=DIRECTION('',(0.E0,-7.071067811865E-1,7.071067811865E-1));
#18576=AXIS2_PLACEMENT_3D('',#18573,#18574,#18575);
#18577=PLANE('',#18576);
#18578=ORIENTED_EDGE('',*,*,#18216,.F.);
#18580=ORIENTED_EDGE('',*,*,#18579,.T.);
#18581=ORIENTED_EDGE('',*,*,#18563,.T.);
#18582=ORIENTED_EDGE('',*,*,#18195,.F.);
#18583=EDGE_LOOP('',(#18578,#18580,#18581,#18582));
#18584=FACE_OUTER_BOUND('',#18583,.F.);
#18585=ADVANCED_FACE('',(#18584),#18577,.T.);
#18586=CARTESIAN_POINT('',(-3.4E1,-3.34E1,1.38E1));
#18587=DIRECTION('',(0.E0,1.E0,0.E0));
#18588=DIRECTION('',(0.E0,0.E0,1.E0));
#18589=AXIS2_PLACEMENT_3D('',#18586,#18587,#18588);
#18590=PLANE('',#18589);
#18591=ORIENTED_EDGE('',*,*,#18214,.F.);
#18593=ORIENTED_EDGE('',*,*,#18592,.T.);
#18594=ORIENTED_EDGE('',*,*,#18565,.T.);
#18595=ORIENTED_EDGE('',*,*,#18579,.F.);
#18596=EDGE_LOOP('',(#18591,#18593,#18594,#18595));
#18597=FACE_OUTER_BOUND('',#18596,.F.);
#18598=ADVANCED_FACE('',(#18597),#18590,.T.);
#18599=CARTESIAN_POINT('',(-3.4E1,-3.58E1,1.62E1));
#18600=DIRECTION('',(0.E0,-7.071067811865E-1,-7.071067811865E-1));
#18601=DIRECTION('',(0.E0,7.071067811865E-1,-7.071067811865E-1));
#18602=AXIS2_PLACEMENT_3D('',#18599,#18600,#18601);
#18603=PLANE('',#18602);
#18604=ORIENTED_EDGE('',*,*,#18212,.F.);
#18605=ORIENTED_EDGE('',*,*,#18233,.T.);
#18606=ORIENTED_EDGE('',*,*,#18567,.T.);
#18607=ORIENTED_EDGE('',*,*,#18592,.F.);
#18608=EDGE_LOOP('',(#18604,#18605,#18606,#18607));
#18609=FACE_OUTER_BOUND('',#18608,.F.);
#18610=ADVANCED_FACE('',(#18609),#18603,.T.);
#18611=CARTESIAN_POINT('',(-9.E0,-4.E1,1.7E1));
#18612=DIRECTION('',(0.E0,1.E0,0.E0));
#18613=DIRECTION('',(0.E0,0.E0,1.E0));
#18614=AXIS2_PLACEMENT_3D('',#18611,#18612,#18613);
#18615=CYLINDRICAL_SURFACE('',#18614,1.E0);
#18616=ORIENTED_EDGE('',*,*,#18155,.F.);
#18617=ORIENTED_EDGE('',*,*,#10718,.T.);
#18618=ORIENTED_EDGE('',*,*,#18180,.T.);
#18619=ORIENTED_EDGE('',*,*,#9971,.F.);
#18620=EDGE_LOOP('',(#18616,#18617,#18618,#18619));
#18621=FACE_OUTER_BOUND('',#18620,.F.);
#18622=ADVANCED_FACE('',(#18621),#18615,.F.);
#18623=CARTESIAN_POINT('',(-6.E0,-4.E1,2.1E1));
#18624=DIRECTION('',(-1.E0,0.E0,0.E0));
#18625=DIRECTION('',(0.E0,0.E0,-1.E0));
#18626=AXIS2_PLACEMENT_3D('',#18623,#18624,#18625);
#18627=PLANE('',#18626);
#18628=ORIENTED_EDGE('',*,*,#9967,.F.);
#18629=ORIENTED_EDGE('',*,*,#18104,.F.);
#18631=ORIENTED_EDGE('',*,*,#18630,.F.);
#18633=ORIENTED_EDGE('',*,*,#18632,.F.);
#18635=ORIENTED_EDGE('',*,*,#18634,.F.);
#18636=ORIENTED_EDGE('',*,*,#18138,.F.);
#18637=EDGE_LOOP('',(#18628,#18629,#18631,#18633,#18635,#18636));
#18638=FACE_OUTER_BOUND('',#18637,.F.);
#18639=ADVANCED_FACE('',(#18638),#18627,.F.);
#18640=CARTESIAN_POINT('',(-3.4E1,-3.34E1,1.98E1));
#18641=DIRECTION('',(0.E0,7.071067811865E-1,7.071067811865E-1));
#18642=DIRECTION('',(0.E0,-7.071067811865E-1,7.071067811865E-1));
#18643=AXIS2_PLACEMENT_3D('',#18640,#18641,#18642);
#18644=PLANE('',#18643);
#18645=ORIENTED_EDGE('',*,*,#18123,.F.);
#18647=ORIENTED_EDGE('',*,*,#18646,.T.);
#18648=ORIENTED_EDGE('',*,*,#18630,.T.);
#18649=ORIENTED_EDGE('',*,*,#18102,.F.);
#18650=EDGE_LOOP('',(#18645,#18647,#18648,#18649));
#18651=FACE_OUTER_BOUND('',#18650,.F.);
#18652=ADVANCED_FACE('',(#18651),#18644,.T.);
#18653=CARTESIAN_POINT('',(-3.4E1,-3.34E1,1.78E1));
#18654=DIRECTION('',(0.E0,1.E0,0.E0));
#18655=DIRECTION('',(0.E0,0.E0,1.E0));
#18656=AXIS2_PLACEMENT_3D('',#18653,#18654,#18655);
#18657=PLANE('',#18656);
#18658=ORIENTED_EDGE('',*,*,#18121,.F.);
#18660=ORIENTED_EDGE('',*,*,#18659,.T.);
#18661=ORIENTED_EDGE('',*,*,#18632,.T.);
#18662=ORIENTED_EDGE('',*,*,#18646,.F.);
#18663=EDGE_LOOP('',(#18658,#18660,#18661,#18662));
#18664=FACE_OUTER_BOUND('',#18663,.F.);
#18665=ADVANCED_FACE('',(#18664),#18657,.T.);
#18666=CARTESIAN_POINT('',(-3.4E1,-3.58E1,2.02E1));
#18667=DIRECTION('',(0.E0,-7.071067811865E-1,-7.071067811865E-1));
#18668=DIRECTION('',(0.E0,7.071067811865E-1,-7.071067811865E-1));
#18669=AXIS2_PLACEMENT_3D('',#18666,#18667,#18668);
#18670=PLANE('',#18669);
#18671=ORIENTED_EDGE('',*,*,#18119,.F.);
#18672=ORIENTED_EDGE('',*,*,#18140,.T.);
#18673=ORIENTED_EDGE('',*,*,#18634,.T.);
#18674=ORIENTED_EDGE('',*,*,#18659,.F.);
#18675=EDGE_LOOP('',(#18671,#18672,#18673,#18674));
#18676=FACE_OUTER_BOUND('',#18675,.F.);
#18677=ADVANCED_FACE('',(#18676),#18670,.T.);
#18678=CARTESIAN_POINT('',(-9.E0,-4.E1,2.1E1));
#18679=DIRECTION('',(0.E0,1.E0,0.E0));
#18680=DIRECTION('',(0.E0,0.E0,1.E0));
#18681=AXIS2_PLACEMENT_3D('',#18678,#18679,#18680);
#18682=CYLINDRICAL_SURFACE('',#18681,1.E0);
#18683=ORIENTED_EDGE('',*,*,#18062,.F.);
#18684=ORIENTED_EDGE('',*,*,#10708,.T.);
#18685=ORIENTED_EDGE('',*,*,#18087,.T.);
#18686=ORIENTED_EDGE('',*,*,#9963,.F.);
#18687=EDGE_LOOP('',(#18683,#18684,#18685,#18686));
#18688=FACE_OUTER_BOUND('',#18687,.F.);
#18689=ADVANCED_FACE('',(#18688),#18682,.F.);
#18690=CARTESIAN_POINT('',(-6.E0,-4.E1,2.5E1));
#18691=DIRECTION('',(-1.E0,0.E0,0.E0));
#18692=DIRECTION('',(0.E0,0.E0,-1.E0));
#18693=AXIS2_PLACEMENT_3D('',#18690,#18691,#18692);
#18694=PLANE('',#18693);
#18695=ORIENTED_EDGE('',*,*,#9959,.F.);
#18696=ORIENTED_EDGE('',*,*,#18011,.F.);
#18698=ORIENTED_EDGE('',*,*,#18697,.F.);
#18700=ORIENTED_EDGE('',*,*,#18699,.F.);
#18702=ORIENTED_EDGE('',*,*,#18701,.F.);
#18703=ORIENTED_EDGE('',*,*,#18045,.F.);
#18704=EDGE_LOOP('',(#18695,#18696,#18698,#18700,#18702,#18703));
#18705=FACE_OUTER_BOUND('',#18704,.F.);
#18706=ADVANCED_FACE('',(#18705),#18694,.F.);
#18707=CARTESIAN_POINT('',(-3.4E1,-3.34E1,2.38E1));
#18708=DIRECTION('',(0.E0,7.071067811865E-1,7.071067811865E-1));
#18709=DIRECTION('',(0.E0,-7.071067811865E-1,7.071067811865E-1));
#18710=AXIS2_PLACEMENT_3D('',#18707,#18708,#18709);
#18711=PLANE('',#18710);
#18712=ORIENTED_EDGE('',*,*,#18030,.F.);
#18714=ORIENTED_EDGE('',*,*,#18713,.T.);
#18715=ORIENTED_EDGE('',*,*,#18697,.T.);
#18716=ORIENTED_EDGE('',*,*,#18009,.F.);
#18717=EDGE_LOOP('',(#18712,#18714,#18715,#18716));
#18718=FACE_OUTER_BOUND('',#18717,.F.);
#18719=ADVANCED_FACE('',(#18718),#18711,.T.);
#18720=CARTESIAN_POINT('',(-3.4E1,-3.34E1,2.18E1));
#18721=DIRECTION('',(0.E0,1.E0,0.E0));
#18722=DIRECTION('',(0.E0,0.E0,1.E0));
#18723=AXIS2_PLACEMENT_3D('',#18720,#18721,#18722);
#18724=PLANE('',#18723);
#18725=ORIENTED_EDGE('',*,*,#18028,.F.);
#18727=ORIENTED_EDGE('',*,*,#18726,.T.);
#18728=ORIENTED_EDGE('',*,*,#18699,.T.);
#18729=ORIENTED_EDGE('',*,*,#18713,.F.);
#18730=EDGE_LOOP('',(#18725,#18727,#18728,#18729));
#18731=FACE_OUTER_BOUND('',#18730,.F.);
#18732=ADVANCED_FACE('',(#18731),#18724,.T.);
#18733=CARTESIAN_POINT('',(-3.4E1,-3.58E1,2.42E1));
#18734=DIRECTION('',(0.E0,-7.071067811865E-1,-7.071067811865E-1));
#18735=DIRECTION('',(0.E0,7.071067811865E-1,-7.071067811865E-1));
#18736=AXIS2_PLACEMENT_3D('',#18733,#18734,#18735);
#18737=PLANE('',#18736);
#18738=ORIENTED_EDGE('',*,*,#18026,.F.);
#18739=ORIENTED_EDGE('',*,*,#18047,.T.);
#18740=ORIENTED_EDGE('',*,*,#18701,.T.);
#18741=ORIENTED_EDGE('',*,*,#18726,.F.);
#18742=EDGE_LOOP('',(#18738,#18739,#18740,#18741));
#18743=FACE_OUTER_BOUND('',#18742,.F.);
#18744=ADVANCED_FACE('',(#18743),#18737,.T.);
#18745=CARTESIAN_POINT('',(-6.E0,-4.E1,3.3E1));
#18746=DIRECTION('',(-1.E0,0.E0,0.E0));
#18747=DIRECTION('',(0.E0,0.E0,-1.E0));
#18748=AXIS2_PLACEMENT_3D('',#18745,#18746,#18747);
#18749=PLANE('',#18748);
#18750=ORIENTED_EDGE('',*,*,#9943,.F.);
#18751=ORIENTED_EDGE('',*,*,#10368,.F.);
#18753=ORIENTED_EDGE('',*,*,#18752,.F.);
#18755=ORIENTED_EDGE('',*,*,#18754,.F.);
#18757=ORIENTED_EDGE('',*,*,#18756,.F.);
#18758=ORIENTED_EDGE('',*,*,#10402,.F.);
#18759=EDGE_LOOP('',(#18750,#18751,#18753,#18755,#18757,#18758));
#18760=FACE_OUTER_BOUND('',#18759,.F.);
#18761=ADVANCED_FACE('',(#18760),#18749,.F.);
#18762=CARTESIAN_POINT('',(-3.4E1,-3.34E1,3.18E1));
#18763=DIRECTION('',(0.E0,7.071067811865E-1,7.071067811865E-1));
#18764=DIRECTION('',(0.E0,-7.071067811865E-1,7.071067811865E-1));
#18765=AXIS2_PLACEMENT_3D('',#18762,#18763,#18764);
#18766=PLANE('',#18765);
#18767=ORIENTED_EDGE('',*,*,#10386,.F.);
#18769=ORIENTED_EDGE('',*,*,#18768,.T.);
#18770=ORIENTED_EDGE('',*,*,#18752,.T.);
#18771=ORIENTED_EDGE('',*,*,#10366,.F.);
#18772=EDGE_LOOP('',(#18767,#18769,#18770,#18771));
#18773=FACE_OUTER_BOUND('',#18772,.F.);
#18774=ADVANCED_FACE('',(#18773),#18766,.T.);
#18775=CARTESIAN_POINT('',(-3.4E1,-3.34E1,2.98E1));
#18776=DIRECTION('',(0.E0,1.E0,0.E0));
#18777=DIRECTION('',(0.E0,0.E0,1.E0));
#18778=AXIS2_PLACEMENT_3D('',#18775,#18776,#18777);
#18779=PLANE('',#18778);
#18780=ORIENTED_EDGE('',*,*,#10384,.F.);
#18782=ORIENTED_EDGE('',*,*,#18781,.T.);
#18783=ORIENTED_EDGE('',*,*,#18754,.T.);
#18784=ORIENTED_EDGE('',*,*,#18768,.F.);
#18785=EDGE_LOOP('',(#18780,#18782,#18783,#18784));
#18786=FACE_OUTER_BOUND('',#18785,.F.);
#18787=ADVANCED_FACE('',(#18786),#18779,.T.);
#18788=CARTESIAN_POINT('',(-3.4E1,-3.58E1,3.22E1));
#18789=DIRECTION('',(0.E0,-7.071067811865E-1,-7.071067811865E-1));
#18790=DIRECTION('',(0.E0,7.071067811865E-1,-7.071067811865E-1));
#18791=AXIS2_PLACEMENT_3D('',#18788,#18789,#18790);
#18792=PLANE('',#18791);
#18793=ORIENTED_EDGE('',*,*,#10382,.F.);
#18794=ORIENTED_EDGE('',*,*,#10404,.T.);
#18795=ORIENTED_EDGE('',*,*,#18756,.T.);
#18796=ORIENTED_EDGE('',*,*,#18781,.F.);
#18797=EDGE_LOOP('',(#18793,#18794,#18795,#18796));
#18798=FACE_OUTER_BOUND('',#18797,.F.);
#18799=ADVANCED_FACE('',(#18798),#18792,.T.);
#18800=CARTESIAN_POINT('',(0.E0,0.E0,1.4E1));
#18801=DIRECTION('',(0.E0,0.E0,1.E0));
#18802=DIRECTION('',(1.E0,0.E0,0.E0));
#18803=AXIS2_PLACEMENT_3D('',#18800,#18801,#18802);
#18804=PLANE('',#18803);
#18805=ORIENTED_EDGE('',*,*,#10185,.T.);
#18807=ORIENTED_EDGE('',*,*,#18806,.T.);
#18809=ORIENTED_EDGE('',*,*,#18808,.T.);
#18811=ORIENTED_EDGE('',*,*,#18810,.T.);
#18813=ORIENTED_EDGE('',*,*,#18812,.T.);
#18815=ORIENTED_EDGE('',*,*,#18814,.T.);
#18817=ORIENTED_EDGE('',*,*,#18816,.T.);
#18819=ORIENTED_EDGE('',*,*,#18818,.T.);
#18821=ORIENTED_EDGE('',*,*,#18820,.T.);
#18823=ORIENTED_EDGE('',*,*,#18822,.T.);
#18825=ORIENTED_EDGE('',*,*,#18824,.T.);
#18827=ORIENTED_EDGE('',*,*,#18826,.T.);
#18829=ORIENTED_EDGE('',*,*,#18828,.T.);
#18830=EDGE_LOOP('',(#18805,#18807,#18809,#18811,#18813,#18815,#18817,#18819,
#18821,#18823,#18825,#18827,#18829));
#18831=FACE_OUTER_BOUND('',#18830,.F.);
#18832=ADVANCED_FACE('',(#18831),#18804,.F.);
#18833=CARTESIAN_POINT('',(-4.01E1,-3.8E1,1.4E1));
#18834=DIRECTION('',(1.E0,0.E0,0.E0));
#18835=DIRECTION('',(0.E0,1.E0,0.E0));
#18836=AXIS2_PLACEMENT_3D('',#18833,#18834,#18835);
#18837=PLANE('',#18836);
#18838=ORIENTED_EDGE('',*,*,#10191,.T.);
#18840=ORIENTED_EDGE('',*,*,#18839,.T.);
#18842=ORIENTED_EDGE('',*,*,#18841,.F.);
#18843=ORIENTED_EDGE('',*,*,#18806,.F.);
#18844=EDGE_LOOP('',(#18838,#18840,#18842,#18843));
#18845=FACE_OUTER_BOUND('',#18844,.F.);
#18846=ADVANCED_FACE('',(#18845),#18837,.T.);
#18847=CARTESIAN_POINT('',(0.E0,0.E0,2.2E1));
#18848=DIRECTION('',(0.E0,0.E0,1.E0));
#18849=DIRECTION('',(1.E0,0.E0,0.E0));
#18850=AXIS2_PLACEMENT_3D('',#18847,#18848,#18849);
#18851=PLANE('',#18850);
#18852=ORIENTED_EDGE('',*,*,#10189,.F.);
#18854=ORIENTED_EDGE('',*,*,#18853,.F.);
#18856=ORIENTED_EDGE('',*,*,#18855,.F.);
#18858=ORIENTED_EDGE('',*,*,#18857,.F.);
#18860=ORIENTED_EDGE('',*,*,#18859,.F.);
#18862=ORIENTED_EDGE('',*,*,#18861,.F.);
#18864=ORIENTED_EDGE('',*,*,#18863,.F.);
#18866=ORIENTED_EDGE('',*,*,#18865,.F.);
#18868=ORIENTED_EDGE('',*,*,#18867,.F.);
#18870=ORIENTED_EDGE('',*,*,#18869,.F.);
#18872=ORIENTED_EDGE('',*,*,#18871,.F.);
#18874=ORIENTED_EDGE('',*,*,#18873,.F.);
#18875=ORIENTED_EDGE('',*,*,#18839,.F.);
#18876=EDGE_LOOP('',(#18852,#18854,#18856,#18858,#18860,#18862,#18864,#18866,
#18868,#18870,#18872,#18874,#18875));
#18877=FACE_OUTER_BOUND('',#18876,.F.);
#18878=ADVANCED_FACE('',(#18877),#18851,.T.);
#18879=CARTESIAN_POINT('',(-4.946808738059E1,-3.1E1,1.4E1));
#18880=DIRECTION('',(0.E0,0.E0,1.E0));
#18881=DIRECTION('',(1.E0,0.E0,0.E0));
#18882=AXIS2_PLACEMENT_3D('',#18879,#18880,#18881);
#18883=CYLINDRICAL_SURFACE('',#18882,7.E0);
#18884=ORIENTED_EDGE('',*,*,#10187,.F.);
#18885=ORIENTED_EDGE('',*,*,#18828,.F.);
#18887=ORIENTED_EDGE('',*,*,#18886,.T.);
#18888=ORIENTED_EDGE('',*,*,#18853,.T.);
#18889=EDGE_LOOP('',(#18884,#18885,#18887,#18888));
#18890=FACE_OUTER_BOUND('',#18889,.F.);
#18891=ADVANCED_FACE('',(#18890),#18883,.F.);
#18892=CARTESIAN_POINT('',(-4.246808738059E1,-3.087455330653E1,1.4E1));
#18893=DIRECTION('',(-1.E0,0.E0,0.E0));
#18894=DIRECTION('',(0.E0,-1.E0,0.E0));
#18895=AXIS2_PLACEMENT_3D('',#18892,#18893,#18894);
#18896=PLANE('',#18895);
#18897=ORIENTED_EDGE('',*,*,#18826,.F.);
#18899=ORIENTED_EDGE('',*,*,#18898,.T.);
#18900=ORIENTED_EDGE('',*,*,#18855,.T.);
#18901=ORIENTED_EDGE('',*,*,#18886,.F.);
#18902=EDGE_LOOP('',(#18897,#18899,#18900,#18901));
#18903=FACE_OUTER_BOUND('',#18902,.F.);
#18904=ADVANCED_FACE('',(#18903),#18896,.T.);
#18905=CARTESIAN_POINT('',(-4.546808738059E1,-3.087455330653E1,1.4E1));
#18906=DIRECTION('',(0.E0,0.E0,1.E0));
#18907=DIRECTION('',(1.E0,0.E0,0.E0));
#18908=AXIS2_PLACEMENT_3D('',#18905,#18906,#18907);
#18909=CYLINDRICAL_SURFACE('',#18908,3.E0);
#18910=ORIENTED_EDGE('',*,*,#18824,.F.);
#18912=ORIENTED_EDGE('',*,*,#18911,.T.);
#18913=ORIENTED_EDGE('',*,*,#18857,.T.);
#18914=ORIENTED_EDGE('',*,*,#18898,.F.);
#18915=EDGE_LOOP('',(#18910,#18912,#18913,#18914));
#18916=FACE_OUTER_BOUND('',#18915,.F.);
#18917=ADVANCED_FACE('',(#18916),#18909,.F.);
#18918=CARTESIAN_POINT('',(-4.41E1,-2.8E1,1.4E1));
#18919=DIRECTION('',(-7.071067811865E-1,-7.071067811865E-1,0.E0));
#18920=DIRECTION('',(7.071067811865E-1,-7.071067811865E-1,0.E0));
#18921=AXIS2_PLACEMENT_3D('',#18918,#18919,#18920);
#18922=PLANE('',#18921);
#18923=ORIENTED_EDGE('',*,*,#18822,.F.);
#18925=ORIENTED_EDGE('',*,*,#18924,.T.);
#18926=ORIENTED_EDGE('',*,*,#18859,.T.);
#18927=ORIENTED_EDGE('',*,*,#18911,.F.);
#18928=EDGE_LOOP('',(#18923,#18925,#18926,#18927));
#18929=FACE_OUTER_BOUND('',#18928,.F.);
#18930=ADVANCED_FACE('',(#18929),#18922,.T.);
#18931=CARTESIAN_POINT('',(-4.41E1,-2.6E1,1.4E1));
#18932=DIRECTION('',(-1.E0,0.E0,0.E0));
#18933=DIRECTION('',(0.E0,-1.E0,0.E0));
#18934=AXIS2_PLACEMENT_3D('',#18931,#18932,#18933);
#18935=PLANE('',#18934);
#18936=ORIENTED_EDGE('',*,*,#18820,.F.);
#18938=ORIENTED_EDGE('',*,*,#18937,.T.);
#18939=ORIENTED_EDGE('',*,*,#18861,.T.);
#18940=ORIENTED_EDGE('',*,*,#18924,.F.);
#18941=EDGE_LOOP('',(#18936,#18938,#18939,#18940));
#18942=FACE_OUTER_BOUND('',#18941,.F.);
#18943=ADVANCED_FACE('',(#18942),#18935,.T.);
#18944=CARTESIAN_POINT('',(-4.195355339059E1,-2.6E1,1.4E1));
#18945=DIRECTION('',(0.E0,1.E0,0.E0));
#18946=DIRECTION('',(-1.E0,0.E0,0.E0));
#18947=AXIS2_PLACEMENT_3D('',#18944,#18945,#18946);
#18948=PLANE('',#18947);
#18949=ORIENTED_EDGE('',*,*,#18818,.F.);
#18951=ORIENTED_EDGE('',*,*,#18950,.T.);
#18952=ORIENTED_EDGE('',*,*,#18863,.T.);
#18953=ORIENTED_EDGE('',*,*,#18937,.F.);
#18954=EDGE_LOOP('',(#18949,#18951,#18952,#18953));
#18955=FACE_OUTER_BOUND('',#18954,.F.);
#18956=ADVANCED_FACE('',(#18955),#18948,.T.);
#18957=CARTESIAN_POINT('',(-4.195355339059E1,-2.564644660941E1,1.4E1));
#18958=DIRECTION('',(0.E0,0.E0,1.E0));
#18959=DIRECTION('',(1.E0,0.E0,0.E0));
#18960=AXIS2_PLACEMENT_3D('',#18957,#18958,#18959);
#18961=CYLINDRICAL_SURFACE('',#18960,3.535533905933E-1);
#18962=ORIENTED_EDGE('',*,*,#18816,.F.);
#18964=ORIENTED_EDGE('',*,*,#18963,.T.);
#18965=ORIENTED_EDGE('',*,*,#18865,.T.);
#18966=ORIENTED_EDGE('',*,*,#18950,.F.);
#18967=EDGE_LOOP('',(#18962,#18964,#18965,#18966));
#18968=FACE_OUTER_BOUND('',#18967,.F.);
#18969=ADVANCED_FACE('',(#18968),#18961,.F.);
#18970=CARTESIAN_POINT('',(-4.339088676820E1,-2.370911323180E1,1.4E1));
#18971=DIRECTION('',(-7.071067811865E-1,-7.071067811865E-1,0.E0));
#18972=DIRECTION('',(7.071067811865E-1,-7.071067811865E-1,0.E0));
#18973=AXIS2_PLACEMENT_3D('',#18970,#18971,#18972);
#18974=PLANE('',#18973);
#18975=ORIENTED_EDGE('',*,*,#18814,.F.);
#18977=ORIENTED_EDGE('',*,*,#18976,.T.);
#18978=ORIENTED_EDGE('',*,*,#18867,.T.);
#18979=ORIENTED_EDGE('',*,*,#18963,.F.);
#18980=EDGE_LOOP('',(#18975,#18977,#18978,#18979));
#18981=FACE_OUTER_BOUND('',#18980,.F.);
#18982=ADVANCED_FACE('',(#18981),#18974,.T.);
#18983=CARTESIAN_POINT('',(-4.303733337760E1,-2.335555984121E1,1.4E1));
#18984=DIRECTION('',(0.E0,0.E0,1.E0));
#18985=DIRECTION('',(1.E0,0.E0,0.E0));
#18986=AXIS2_PLACEMENT_3D('',#18983,#18984,#18985);
#18987=CYLINDRICAL_SURFACE('',#18986,5.E-1);
#18988=ORIENTED_EDGE('',*,*,#18812,.F.);
#18990=ORIENTED_EDGE('',*,*,#18989,.T.);
#18991=ORIENTED_EDGE('',*,*,#18869,.T.);
#18992=ORIENTED_EDGE('',*,*,#18976,.F.);
#18993=EDGE_LOOP('',(#18988,#18990,#18991,#18992));
#18994=FACE_OUTER_BOUND('',#18993,.F.);
#18995=ADVANCED_FACE('',(#18994),#18987,.T.);
#18996=CARTESIAN_POINT('',(-4.11E1,-1.9E1,1.4E1));
#18997=DIRECTION('',(-8.660254037844E-1,5.E-1,0.E0));
#18998=DIRECTION('',(-5.E-1,-8.660254037844E-1,0.E0));
#18999=AXIS2_PLACEMENT_3D('',#18996,#18997,#18998);
#19000=PLANE('',#18999);
#19001=ORIENTED_EDGE('',*,*,#18810,.F.);
#19003=ORIENTED_EDGE('',*,*,#19002,.T.);
#19004=ORIENTED_EDGE('',*,*,#18871,.T.);
#19005=ORIENTED_EDGE('',*,*,#18989,.F.);
#19006=EDGE_LOOP('',(#19001,#19003,#19004,#19005));
#19007=FACE_OUTER_BOUND('',#19006,.F.);
#19008=ADVANCED_FACE('',(#19007),#19000,.T.);
#19009=CARTESIAN_POINT('',(-4.01E1,-1.9E1,1.4E1));
#19010=DIRECTION('',(0.E0,1.E0,0.E0));
#19011=DIRECTION('',(-1.E0,0.E0,0.E0));
#19012=AXIS2_PLACEMENT_3D('',#19009,#19010,#19011);
#19013=PLANE('',#19012);
#19014=ORIENTED_EDGE('',*,*,#18808,.F.);
#19015=ORIENTED_EDGE('',*,*,#18841,.T.);
#19016=ORIENTED_EDGE('',*,*,#18873,.T.);
#19017=ORIENTED_EDGE('',*,*,#19002,.F.);
#19018=EDGE_LOOP('',(#19014,#19015,#19016,#19017));
#19019=FACE_OUTER_BOUND('',#19018,.F.);
#19020=ADVANCED_FACE('',(#19019),#19013,.T.);
#19021=CARTESIAN_POINT('',(0.E0,0.E0,6.9E1));
#19022=DIRECTION('',(0.E0,0.E0,1.E0));
#19023=DIRECTION('',(1.E0,0.E0,0.E0));
#19024=AXIS2_PLACEMENT_3D('',#19021,#19022,#19023);
#19025=PLANE('',#19024);
#19026=ORIENTED_EDGE('',*,*,#10195,.T.);
#19028=ORIENTED_EDGE('',*,*,#19027,.T.);
#19030=ORIENTED_EDGE('',*,*,#19029,.T.);
#19032=ORIENTED_EDGE('',*,*,#19031,.T.);
#19034=ORIENTED_EDGE('',*,*,#19033,.T.);
#19036=ORIENTED_EDGE('',*,*,#19035,.T.);
#19038=ORIENTED_EDGE('',*,*,#19037,.T.);
#19040=ORIENTED_EDGE('',*,*,#19039,.T.);
#19042=ORIENTED_EDGE('',*,*,#19041,.T.);
#19044=ORIENTED_EDGE('',*,*,#19043,.T.);
#19046=ORIENTED_EDGE('',*,*,#19045,.T.);
#19048=ORIENTED_EDGE('',*,*,#19047,.T.);
#19050=ORIENTED_EDGE('',*,*,#19049,.T.);
#19051=EDGE_LOOP('',(#19026,#19028,#19030,#19032,#19034,#19036,#19038,#19040,
#19042,#19044,#19046,#19048,#19050));
#19052=FACE_OUTER_BOUND('',#19051,.F.);
#19053=ADVANCED_FACE('',(#19052),#19025,.F.);
#19054=CARTESIAN_POINT('',(-4.01E1,-3.8E1,6.9E1));
#19055=DIRECTION('',(1.E0,0.E0,0.E0));
#19056=DIRECTION('',(0.E0,1.E0,0.E0));
#19057=AXIS2_PLACEMENT_3D('',#19054,#19055,#19056);
#19058=PLANE('',#19057);
#19059=ORIENTED_EDGE('',*,*,#10201,.T.);
#19061=ORIENTED_EDGE('',*,*,#19060,.T.);
#19063=ORIENTED_EDGE('',*,*,#19062,.F.);
#19064=ORIENTED_EDGE('',*,*,#19027,.F.);
#19065=EDGE_LOOP('',(#19059,#19061,#19063,#19064));
#19066=FACE_OUTER_BOUND('',#19065,.F.);
#19067=ADVANCED_FACE('',(#19066),#19058,.T.);
#19068=CARTESIAN_POINT('',(0.E0,0.E0,7.7E1));
#19069=DIRECTION('',(0.E0,0.E0,1.E0));
#19070=DIRECTION('',(1.E0,0.E0,0.E0));
#19071=AXIS2_PLACEMENT_3D('',#19068,#19069,#19070);
#19072=PLANE('',#19071);
#19073=ORIENTED_EDGE('',*,*,#10199,.F.);
#19075=ORIENTED_EDGE('',*,*,#19074,.F.);
#19077=ORIENTED_EDGE('',*,*,#19076,.F.);
#19079=ORIENTED_EDGE('',*,*,#19078,.F.);
#19081=ORIENTED_EDGE('',*,*,#19080,.F.);
#19083=ORIENTED_EDGE('',*,*,#19082,.F.);
#19085=ORIENTED_EDGE('',*,*,#19084,.F.);
#19087=ORIENTED_EDGE('',*,*,#19086,.F.);
#19089=ORIENTED_EDGE('',*,*,#19088,.F.);
#19091=ORIENTED_EDGE('',*,*,#19090,.F.);
#19093=ORIENTED_EDGE('',*,*,#19092,.F.);
#19095=ORIENTED_EDGE('',*,*,#19094,.F.);
#19096=ORIENTED_EDGE('',*,*,#19060,.F.);
#19097=EDGE_LOOP('',(#19073,#19075,#19077,#19079,#19081,#19083,#19085,#19087,
#19089,#19091,#19093,#19095,#19096));
#19098=FACE_OUTER_BOUND('',#19097,.F.);
#19099=ADVANCED_FACE('',(#19098),#19072,.T.);
#19100=CARTESIAN_POINT('',(-4.946808738059E1,-3.1E1,6.9E1));
#19101=DIRECTION('',(0.E0,0.E0,1.E0));
#19102=DIRECTION('',(1.E0,0.E0,0.E0));
#19103=AXIS2_PLACEMENT_3D('',#19100,#19101,#19102);
#19104=CYLINDRICAL_SURFACE('',#19103,7.E0);
#19105=ORIENTED_EDGE('',*,*,#10197,.F.);
#19106=ORIENTED_EDGE('',*,*,#19049,.F.);
#19108=ORIENTED_EDGE('',*,*,#19107,.T.);
#19109=ORIENTED_EDGE('',*,*,#19074,.T.);
#19110=EDGE_LOOP('',(#19105,#19106,#19108,#19109));
#19111=FACE_OUTER_BOUND('',#19110,.F.);
#19112=ADVANCED_FACE('',(#19111),#19104,.F.);
#19113=CARTESIAN_POINT('',(-4.246808738059E1,-3.087455330653E1,6.9E1));
#19114=DIRECTION('',(-1.E0,0.E0,0.E0));
#19115=DIRECTION('',(0.E0,-1.E0,0.E0));
#19116=AXIS2_PLACEMENT_3D('',#19113,#19114,#19115);
#19117=PLANE('',#19116);
#19118=ORIENTED_EDGE('',*,*,#19047,.F.);
#19120=ORIENTED_EDGE('',*,*,#19119,.T.);
#19121=ORIENTED_EDGE('',*,*,#19076,.T.);
#19122=ORIENTED_EDGE('',*,*,#19107,.F.);
#19123=EDGE_LOOP('',(#19118,#19120,#19121,#19122));
#19124=FACE_OUTER_BOUND('',#19123,.F.);
#19125=ADVANCED_FACE('',(#19124),#19117,.T.);
#19126=CARTESIAN_POINT('',(-4.546808738059E1,-3.087455330653E1,6.9E1));
#19127=DIRECTION('',(0.E0,0.E0,1.E0));
#19128=DIRECTION('',(1.E0,0.E0,0.E0));
#19129=AXIS2_PLACEMENT_3D('',#19126,#19127,#19128);
#19130=CYLINDRICAL_SURFACE('',#19129,3.E0);
#19131=ORIENTED_EDGE('',*,*,#19045,.F.);
#19133=ORIENTED_EDGE('',*,*,#19132,.T.);
#19134=ORIENTED_EDGE('',*,*,#19078,.T.);
#19135=ORIENTED_EDGE('',*,*,#19119,.F.);
#19136=EDGE_LOOP('',(#19131,#19133,#19134,#19135));
#19137=FACE_OUTER_BOUND('',#19136,.F.);
#19138=ADVANCED_FACE('',(#19137),#19130,.F.);
#19139=CARTESIAN_POINT('',(-4.41E1,-2.8E1,6.9E1));
#19140=DIRECTION('',(-7.071067811865E-1,-7.071067811865E-1,0.E0));
#19141=DIRECTION('',(7.071067811865E-1,-7.071067811865E-1,0.E0));
#19142=AXIS2_PLACEMENT_3D('',#19139,#19140,#19141);
#19143=PLANE('',#19142);
#19144=ORIENTED_EDGE('',*,*,#19043,.F.);
#19146=ORIENTED_EDGE('',*,*,#19145,.T.);
#19147=ORIENTED_EDGE('',*,*,#19080,.T.);
#19148=ORIENTED_EDGE('',*,*,#19132,.F.);
#19149=EDGE_LOOP('',(#19144,#19146,#19147,#19148));
#19150=FACE_OUTER_BOUND('',#19149,.F.);
#19151=ADVANCED_FACE('',(#19150),#19143,.T.);
#19152=CARTESIAN_POINT('',(-4.41E1,-2.6E1,6.9E1));
#19153=DIRECTION('',(-1.E0,0.E0,0.E0));
#19154=DIRECTION('',(0.E0,-1.E0,0.E0));
#19155=AXIS2_PLACEMENT_3D('',#19152,#19153,#19154);
#19156=PLANE('',#19155);
#19157=ORIENTED_EDGE('',*,*,#19041,.F.);
#19159=ORIENTED_EDGE('',*,*,#19158,.T.);
#19160=ORIENTED_EDGE('',*,*,#19082,.T.);
#19161=ORIENTED_EDGE('',*,*,#19145,.F.);
#19162=EDGE_LOOP('',(#19157,#19159,#19160,#19161));
#19163=FACE_OUTER_BOUND('',#19162,.F.);
#19164=ADVANCED_FACE('',(#19163),#19156,.T.);
#19165=CARTESIAN_POINT('',(-4.195355339059E1,-2.6E1,6.9E1));
#19166=DIRECTION('',(0.E0,1.E0,0.E0));
#19167=DIRECTION('',(-1.E0,0.E0,0.E0));
#19168=AXIS2_PLACEMENT_3D('',#19165,#19166,#19167);
#19169=PLANE('',#19168);
#19170=ORIENTED_EDGE('',*,*,#19039,.F.);
#19172=ORIENTED_EDGE('',*,*,#19171,.T.);
#19173=ORIENTED_EDGE('',*,*,#19084,.T.);
#19174=ORIENTED_EDGE('',*,*,#19158,.F.);
#19175=EDGE_LOOP('',(#19170,#19172,#19173,#19174));
#19176=FACE_OUTER_BOUND('',#19175,.F.);
#19177=ADVANCED_FACE('',(#19176),#19169,.T.);
#19178=CARTESIAN_POINT('',(-4.195355339059E1,-2.564644660941E1,6.9E1));
#19179=DIRECTION('',(0.E0,0.E0,1.E0));
#19180=DIRECTION('',(1.E0,0.E0,0.E0));
#19181=AXIS2_PLACEMENT_3D('',#19178,#19179,#19180);
#19182=CYLINDRICAL_SURFACE('',#19181,3.535533905933E-1);
#19183=ORIENTED_EDGE('',*,*,#19037,.F.);
#19185=ORIENTED_EDGE('',*,*,#19184,.T.);
#19186=ORIENTED_EDGE('',*,*,#19086,.T.);
#19187=ORIENTED_EDGE('',*,*,#19171,.F.);
#19188=EDGE_LOOP('',(#19183,#19185,#19186,#19187));
#19189=FACE_OUTER_BOUND('',#19188,.F.);
#19190=ADVANCED_FACE('',(#19189),#19182,.F.);
#19191=CARTESIAN_POINT('',(-4.339088676820E1,-2.370911323180E1,6.9E1));
#19192=DIRECTION('',(-7.071067811865E-1,-7.071067811865E-1,0.E0));
#19193=DIRECTION('',(7.071067811865E-1,-7.071067811865E-1,0.E0));
#19194=AXIS2_PLACEMENT_3D('',#19191,#19192,#19193);
#19195=PLANE('',#19194);
#19196=ORIENTED_EDGE('',*,*,#19035,.F.);
#19198=ORIENTED_EDGE('',*,*,#19197,.T.);
#19199=ORIENTED_EDGE('',*,*,#19088,.T.);
#19200=ORIENTED_EDGE('',*,*,#19184,.F.);
#19201=EDGE_LOOP('',(#19196,#19198,#19199,#19200));
#19202=FACE_OUTER_BOUND('',#19201,.F.);
#19203=ADVANCED_FACE('',(#19202),#19195,.T.);
#19204=CARTESIAN_POINT('',(-4.303733337760E1,-2.335555984121E1,6.9E1));
#19205=DIRECTION('',(0.E0,0.E0,1.E0));
#19206=DIRECTION('',(1.E0,0.E0,0.E0));
#19207=AXIS2_PLACEMENT_3D('',#19204,#19205,#19206);
#19208=CYLINDRICAL_SURFACE('',#19207,5.E-1);
#19209=ORIENTED_EDGE('',*,*,#19033,.F.);
#19211=ORIENTED_EDGE('',*,*,#19210,.T.);
#19212=ORIENTED_EDGE('',*,*,#19090,.T.);
#19213=ORIENTED_EDGE('',*,*,#19197,.F.);
#19214=EDGE_LOOP('',(#19209,#19211,#19212,#19213));
#19215=FACE_OUTER_BOUND('',#19214,.F.);
#19216=ADVANCED_FACE('',(#19215),#19208,.T.);
#19217=CARTESIAN_POINT('',(-4.11E1,-1.9E1,6.9E1));
#19218=DIRECTION('',(-8.660254037844E-1,5.E-1,0.E0));
#19219=DIRECTION('',(-5.E-1,-8.660254037844E-1,0.E0));
#19220=AXIS2_PLACEMENT_3D('',#19217,#19218,#19219);
#19221=PLANE('',#19220);
#19222=ORIENTED_EDGE('',*,*,#19031,.F.);
#19224=ORIENTED_EDGE('',*,*,#19223,.T.);
#19225=ORIENTED_EDGE('',*,*,#19092,.T.);
#19226=ORIENTED_EDGE('',*,*,#19210,.F.);
#19227=EDGE_LOOP('',(#19222,#19224,#19225,#19226));
#19228=FACE_OUTER_BOUND('',#19227,.F.);
#19229=ADVANCED_FACE('',(#19228),#19221,.T.);
#19230=CARTESIAN_POINT('',(-4.01E1,-1.9E1,6.9E1));
#19231=DIRECTION('',(0.E0,1.E0,0.E0));
#19232=DIRECTION('',(-1.E0,0.E0,0.E0));
#19233=AXIS2_PLACEMENT_3D('',#19230,#19231,#19232);
#19234=PLANE('',#19233);
#19235=ORIENTED_EDGE('',*,*,#19029,.F.);
#19236=ORIENTED_EDGE('',*,*,#19062,.T.);
#19237=ORIENTED_EDGE('',*,*,#19094,.T.);
#19238=ORIENTED_EDGE('',*,*,#19223,.F.);
#19239=EDGE_LOOP('',(#19235,#19236,#19237,#19238));
#19240=FACE_OUTER_BOUND('',#19239,.F.);
#19241=ADVANCED_FACE('',(#19240),#19234,.T.);
#19242=CARTESIAN_POINT('',(-5.583346511927E1,-9.2144E1,8.734733057534E1));
#19243=DIRECTION('',(0.E0,1.E0,0.E0));
#19244=DIRECTION('',(0.E0,0.E0,-1.E0));
#19245=AXIS2_PLACEMENT_3D('',#19242,#19243,#19244);
#19246=CYLINDRICAL_SURFACE('',#19245,2.E0);
#19247=ORIENTED_EDGE('',*,*,#9437,.T.);
#19249=ORIENTED_EDGE('',*,*,#19248,.F.);
#19250=ORIENTED_EDGE('',*,*,#9521,.T.);
#19251=ORIENTED_EDGE('',*,*,#9503,.T.);
#19252=EDGE_LOOP('',(#19247,#19249,#19250,#19251));
#19253=FACE_OUTER_BOUND('',#19252,.F.);
#19254=ADVANCED_FACE('',(#19253),#19246,.T.);
#19255=CARTESIAN_POINT('',(-5.895596411847E1,0.E0,8.484733057534E1));
#19256=DIRECTION('',(0.E0,1.E0,0.E0));
#19257=DIRECTION('',(-1.E0,0.E0,0.E0));
#19258=AXIS2_PLACEMENT_3D('',#19255,#19256,#19257);
#19259=CYLINDRICAL_SURFACE('',#19258,2.E0);
#19261=ORIENTED_EDGE('',*,*,#19260,.T.);
#19262=ORIENTED_EDGE('',*,*,#9523,.T.);
#19263=ORIENTED_EDGE('',*,*,#19248,.T.);
#19264=ORIENTED_EDGE('',*,*,#9435,.F.);
#19265=EDGE_LOOP('',(#19261,#19262,#19263,#19264));
#19266=FACE_OUTER_BOUND('',#19265,.F.);
#19267=ADVANCED_FACE('',(#19266),#19259,.F.);
#19268=CARTESIAN_POINT('',(-6.207846311767E1,5.2144E1,8.734733057534E1));
#19269=DIRECTION('',(0.E0,-1.E0,0.E0));
#19270=DIRECTION('',(0.E0,0.E0,-1.E0));
#19271=AXIS2_PLACEMENT_3D('',#19268,#19269,#19270);
#19272=CYLINDRICAL_SURFACE('',#19271,2.E0);
#19273=ORIENTED_EDGE('',*,*,#9525,.T.);
#19274=ORIENTED_EDGE('',*,*,#19260,.F.);
#19275=ORIENTED_EDGE('',*,*,#9433,.T.);
#19276=ORIENTED_EDGE('',*,*,#9485,.T.);
#19277=EDGE_LOOP('',(#19273,#19274,#19275,#19276));
#19278=FACE_OUTER_BOUND('',#19277,.F.);
#19279=ADVANCED_FACE('',(#19278),#19272,.T.);
#19283=DIMENSIONAL_EXPONENTS(0.E0,0.E0,0.E0,0.E0,0.E0,0.E0,0.E0);
#19285=PLANE_ANGLE_MEASURE_WITH_UNIT(PLANE_ANGLE_MEASURE(1.745329251994E-2),
#19284);
#19286=(CONVERSION_BASED_UNIT('DEGREE',#19285)NAMED_UNIT(*)PLANE_ANGLE_UNIT());
#19288=UNCERTAINTY_MEASURE_WITH_UNIT(LENGTH_MEASURE(9.906E-3),#19282,'closure',
'Maximum model space distance between geometric entities at asserted connectivities');
#19289=(GEOMETRIC_REPRESENTATION_CONTEXT(3)GLOBAL_UNCERTAINTY_ASSIGNED_CONTEXT((
#19288))GLOBAL_UNIT_ASSIGNED_CONTEXT((#19282,#19286,#19287))REPRESENTATION_CONTEXT('ID1','3'));
#19291=APPLICATION_CONTEXT(
'CONFIGURATION CONTROLLED 3D DESIGNS OF MECHANICAL PARTS AND ASSEMBLIES');
#19292=APPLICATION_PROTOCOL_DEFINITION('international standard',
'config_control_design',1994,#19291);
#19293=DESIGN_CONTEXT('',#19291,'design');
#19294=MECHANICAL_CONTEXT('',#19291,'mechanical');
#19295=PRODUCT('PRT0001','PRT0001','NOT SPECIFIED',(#19294));
#19296=PRODUCT_DEFINITION_FORMATION_WITH_SPECIFIED_SOURCE('87','LAST_VERSION',
#19295,.MADE.);
#19300=PRODUCT_CATEGORY('part','');
#19301=PRODUCT_RELATED_PRODUCT_CATEGORY('detail','',(#19295));
#19302=PRODUCT_CATEGORY_RELATIONSHIP('','',#19300,#19301);
#19303=SECURITY_CLASSIFICATION_LEVEL('unclassified');
#19304=SECURITY_CLASSIFICATION('','',#19303);
#19305=CC_DESIGN_SECURITY_CLASSIFICATION(#19304,(#19296));
#19306=APPROVAL_STATUS('approved');
#19307=APPROVAL(#19306,'');
#19308=CC_DESIGN_APPROVAL(#19307,(#19304,#19296,#19297));
#19309=CALENDAR_DATE(125,4,8);
#19310=COORDINATED_UNIVERSAL_TIME_OFFSET(3,0,.AHEAD.);
#19311=LOCAL_TIME(3,9,4.5E1,#19310);
#19312=DATE_AND_TIME(#19309,#19311);
#19313=APPROVAL_DATE_TIME(#19312,#19307);
#19314=DATE_TIME_ROLE('creation_date');
#19315=CC_DESIGN_DATE_AND_TIME_ASSIGNMENT(#19312,#19314,(#19297));
#19316=DATE_TIME_ROLE('classification_date');
#19317=CC_DESIGN_DATE_AND_TIME_ASSIGNMENT(#19312,#19316,(#19304));
#19318=PERSON('UNSPECIFIED','UNSPECIFIED',$,$,$,$);
#19319=ORGANIZATION('UNSPECIFIED','UNSPECIFIED','UNSPECIFIED');
#19320=PERSON_AND_ORGANIZATION(#19318,#19319);
#19321=APPROVAL_ROLE('approver');
#19322=APPROVAL_PERSON_ORGANIZATION(#19320,#19307,#19321);
#19323=PERSON_AND_ORGANIZATION_ROLE('creator');
#19324=CC_DESIGN_PERSON_AND_ORGANIZATION_ASSIGNMENT(#19320,#19323,(#19296,
#19297));
#19325=PERSON_AND_ORGANIZATION_ROLE('design_supplier');
#19326=CC_DESIGN_PERSON_AND_ORGANIZATION_ASSIGNMENT(#19320,#19325,(#19296));
#19327=PERSON_AND_ORGANIZATION_ROLE('classification_officer');
#19328=CC_DESIGN_PERSON_AND_ORGANIZATION_ASSIGNMENT(#19320,#19327,(#19304));
#19329=PERSON_AND_ORGANIZATION_ROLE('design_owner');
#19330=CC_DESIGN_PERSON_AND_ORGANIZATION_ASSIGNMENT(#19320,#19329,(#19295));
#9=CIRCLE('',#8,2.E0);
#14=CIRCLE('',#13,2.E0);
#19=CIRCLE('',#18,2.E0);
#28=CIRCLE('',#27,4.347330575340E0);
#37=CIRCLE('',#36,4.347330575340E0);
#46=CIRCLE('',#45,2.E0);
#51=CIRCLE('',#50,2.E0);
#56=CIRCLE('',#55,2.E0);
#73=CIRCLE('',#72,9.E0);
#82=CIRCLE('',#81,9.E0);
#120=B_SPLINE_CURVE_WITH_KNOTS('',3,(#115,#116,#117,#118,#119),.UNSPECIFIED.,
.F.,.F.,(4,1,4),(0.E0,5.E-1,1.E0),.UNSPECIFIED.);
#130=B_SPLINE_CURVE_WITH_KNOTS('',3,(#121,#122,#123,#124,#125,#126,#127,#128,
#129),.UNSPECIFIED.,.F.,.F.,(4,1,1,1,1,1,4),(0.E0,1.25E-1,2.5E-1,5.E-1,7.5E-1,
8.75E-1,1.E0),.UNSPECIFIED.);
#136=B_SPLINE_CURVE_WITH_KNOTS('',3,(#131,#132,#133,#134,#135),.UNSPECIFIED.,
.F.,.F.,(4,1,4),(0.E0,5.E-1,1.E0),.UNSPECIFIED.);
#147=B_SPLINE_CURVE_WITH_KNOTS('',3,(#141,#142,#143,#144,#145,#146),
.UNSPECIFIED.,.F.,.F.,(4,1,1,4),(0.E0,3.333333333333E-1,6.666666666667E-1,1.E0),
.UNSPECIFIED.);
#156=CIRCLE('',#155,7.E0);
#161=CIRCLE('',#160,7.E0);
#170=CIRCLE('',#169,2.652669424660E0);
#215=CIRCLE('',#214,1.E0);
#224=CIRCLE('',#223,1.E0);
#233=CIRCLE('',#232,1.E0);
#242=CIRCLE('',#241,1.E0);
#251=CIRCLE('',#250,1.E0);
#260=CIRCLE('',#259,1.E0);
#269=CIRCLE('',#268,1.E0);
#278=CIRCLE('',#277,1.E0);
#287=CIRCLE('',#286,1.E0);
#296=CIRCLE('',#295,1.E0);
#305=CIRCLE('',#304,2.E0);
#314=CIRCLE('',#313,2.E0);
#323=CIRCLE('',#322,2.E0);
#332=CIRCLE('',#331,2.E0);
#345=CIRCLE('',#344,1.E0);
#362=CIRCLE('',#361,1.E0);
#371=CIRCLE('',#370,1.E0);
#388=CIRCLE('',#387,1.E0);
#397=CIRCLE('',#396,2.5E0);
#406=CIRCLE('',#405,1.E0);
#415=CIRCLE('',#414,1.E0);
#424=CIRCLE('',#423,2.5E0);
#465=CIRCLE('',#464,1.E0);
#482=CIRCLE('',#481,1.E0);
#499=CIRCLE('',#498,1.E0);
#516=CIRCLE('',#515,1.E0);
#533=CIRCLE('',#532,1.E0);
#550=CIRCLE('',#549,1.E0);
#567=CIRCLE('',#566,1.E0);
#584=CIRCLE('',#583,1.E0);
#601=CIRCLE('',#600,1.E0);
#622=CIRCLE('',#621,7.E0);
#631=CIRCLE('',#630,7.E0);
#644=CIRCLE('',#643,2.5E0);
#657=CIRCLE('',#656,1.E0);
#674=CIRCLE('',#673,1.E0);
#691=CIRCLE('',#690,1.E0);
#708=CIRCLE('',#707,1.E0);
#725=CIRCLE('',#724,1.E0);
#742=CIRCLE('',#741,1.E0);
#759=CIRCLE('',#758,1.E0);
#776=CIRCLE('',#775,1.E0);
#793=CIRCLE('',#792,1.E0);
#810=CIRCLE('',#809,1.E0);
#827=CIRCLE('',#826,1.E0);
#844=CIRCLE('',#843,1.E0);
#861=CIRCLE('',#860,1.E0);
#878=CIRCLE('',#877,1.E0);
#903=CIRCLE('',#902,1.E0);
#920=CIRCLE('',#919,1.E0);
#937=CIRCLE('',#936,1.E0);
#954=CIRCLE('',#953,1.E0);
#971=CIRCLE('',#970,1.E0);
#1000=CIRCLE('',#999,1.E0);
#1017=CIRCLE('',#1016,1.E0);
#1034=CIRCLE('',#1033,1.E0);
#1051=CIRCLE('',#1050,1.E0);
#1068=CIRCLE('',#1067,1.E0);
#1085=CIRCLE('',#1084,1.E0);
#1102=CIRCLE('',#1101,1.E0);
#1115=CIRCLE('',#1114,2.5E0);
#1120=CIRCLE('',#1119,2.5E0);
#1125=CIRCLE('',#1124,2.5E0);
#1138=CIRCLE('',#1137,1.E0);
#1155=CIRCLE('',#1154,1.E0);
#1172=CIRCLE('',#1171,1.E0);
#1189=CIRCLE('',#1188,1.E0);
#1198=CIRCLE('',#1197,1.E0);
#1215=CIRCLE('',#1214,1.E0);
#1232=CIRCLE('',#1231,1.E0);
#1249=CIRCLE('',#1248,1.E0);
#1262=CIRCLE('',#1261,2.5E0);
#1275=CIRCLE('',#1274,7.E0);
#1284=CIRCLE('',#1283,7.E0);
#1313=B_SPLINE_CURVE_WITH_KNOTS('',3,(#1309,#1310,#1311,#1312),.UNSPECIFIED.,
.F.,.F.,(4,4),(0.E0,1.E0),.UNSPECIFIED.);
#1322=B_SPLINE_CURVE_WITH_KNOTS('',3,(#1318,#1319,#1320,#1321),.UNSPECIFIED.,
.F.,.F.,(4,4),(0.E0,1.E0),.UNSPECIFIED.);
#1331=B_SPLINE_CURVE_WITH_KNOTS('',3,(#1327,#1328,#1329,#1330),.UNSPECIFIED.,
.F.,.F.,(4,4),(0.E0,1.E0),.UNSPECIFIED.);
#1340=B_SPLINE_CURVE_WITH_KNOTS('',3,(#1336,#1337,#1338,#1339),.UNSPECIFIED.,
.F.,.F.,(4,4),(0.E0,1.E0),.UNSPECIFIED.);
#1377=CIRCLE('',#1376,1.E0);
#1426=CIRCLE('',#1425,1.E0);
#1443=CIRCLE('',#1442,1.E0);
#1452=CIRCLE('',#1451,1.E0);
#1461=CIRCLE('',#1460,1.E0);
#1470=CIRCLE('',#1469,1.E0);
#1479=CIRCLE('',#1478,1.E0);
#1488=CIRCLE('',#1487,1.E0);
#1497=CIRCLE('',#1496,1.E0);
#1506=CIRCLE('',#1505,1.E0);
#1515=CIRCLE('',#1514,1.E0);
#1524=CIRCLE('',#1523,1.E0);
#1533=CIRCLE('',#1532,1.E0);
#1542=CIRCLE('',#1541,1.E0);
#1551=CIRCLE('',#1550,1.E0);
#1560=CIRCLE('',#1559,1.E0);
#1569=CIRCLE('',#1568,1.E0);
#1578=CIRCLE('',#1577,1.E0);
#1587=CIRCLE('',#1586,1.E0);
#1596=CIRCLE('',#1595,1.E0);
#1605=CIRCLE('',#1604,1.E0);
#1614=CIRCLE('',#1613,1.E0);
#1623=CIRCLE('',#1622,1.E0);
#1632=CIRCLE('',#1631,1.E0);
#1641=CIRCLE('',#1640,1.E0);
#1650=CIRCLE('',#1649,1.E0);
#1659=CIRCLE('',#1658,1.E0);
#1668=CIRCLE('',#1667,1.E0);
#1677=CIRCLE('',#1676,1.E0);
#1686=CIRCLE('',#1685,1.E0);
#1695=CIRCLE('',#1694,1.E0);
#1704=CIRCLE('',#1703,1.E0);
#1713=CIRCLE('',#1712,1.E0);
#1722=CIRCLE('',#1721,1.E0);
#1731=CIRCLE('',#1730,1.E0);
#1740=CIRCLE('',#1739,1.E0);
#1749=CIRCLE('',#1748,1.E0);
#1758=CIRCLE('',#1757,1.E0);
#1767=CIRCLE('',#1766,1.E0);
#1776=CIRCLE('',#1775,1.E0);
#1789=CIRCLE('',#1788,1.E0);
#1802=CIRCLE('',#1801,9.E0);
#1811=CIRCLE('',#1810,9.E0);
#1820=CIRCLE('',#1819,9.E0);
#1829=CIRCLE('',#1828,9.E0);
#1842=CIRCLE('',#1841,1.E0);
#1859=CIRCLE('',#1858,1.E0);
#1876=CIRCLE('',#1875,1.E0);
#1893=CIRCLE('',#1892,1.E0);
#1910=CIRCLE('',#1909,1.E0);
#1927=CIRCLE('',#1926,1.E0);
#1944=CIRCLE('',#1943,1.E0);
#1961=CIRCLE('',#1960,1.E0);
#2303=B_SPLINE_CURVE_WITH_KNOTS('',3,(#2298,#2299,#2300,#2301,#2302),
.UNSPECIFIED.,.F.,.F.,(4,1,4),(0.E0,5.E-1,1.E0),.UNSPECIFIED.);
#2309=B_SPLINE_CURVE_WITH_KNOTS('',3,(#2304,#2305,#2306,#2307,#2308),
.UNSPECIFIED.,.F.,.F.,(4,1,4),(0.E0,5.E-1,1.E0),.UNSPECIFIED.);
#2315=B_SPLINE_CURVE_WITH_KNOTS('',3,(#2310,#2311,#2312,#2313,#2314),
.UNSPECIFIED.,.F.,.F.,(4,1,4),(0.E0,5.E-1,1.E0),.UNSPECIFIED.);
#2320=CIRCLE('',#2319,2.5E0);
#2329=B_SPLINE_CURVE_WITH_KNOTS('',3,(#2325,#2326,#2327,#2328),.UNSPECIFIED.,
.F.,.F.,(4,4),(0.E0,1.E0),.UNSPECIFIED.);
#2334=B_SPLINE_CURVE_WITH_KNOTS('',3,(#2330,#2331,#2332,#2333),.UNSPECIFIED.,
.F.,.F.,(4,4),(0.E0,1.E0),.UNSPECIFIED.);
#2352=B_SPLINE_CURVE_WITH_KNOTS('',3,(#2347,#2348,#2349,#2350,#2351),
.UNSPECIFIED.,.F.,.F.,(4,1,4),(0.E0,5.E-1,1.E0),.UNSPECIFIED.);
#2361=CIRCLE('',#2360,2.5E0);
#2403=B_SPLINE_CURVE_WITH_KNOTS('',3,(#2398,#2399,#2400,#2401,#2402),
.UNSPECIFIED.,.F.,.F.,(4,1,4),(0.E0,5.E-1,1.E0),.UNSPECIFIED.);
#2409=B_SPLINE_CURVE_WITH_KNOTS('',3,(#2404,#2405,#2406,#2407,#2408),
.UNSPECIFIED.,.F.,.F.,(4,1,4),(0.E0,5.E-1,1.E0),.UNSPECIFIED.);
#2418=CIRCLE('',#2417,2.5E0);
#2424=B_SPLINE_CURVE_WITH_KNOTS('',3,(#2419,#2420,#2421,#2422,#2423),
.UNSPECIFIED.,.F.,.F.,(4,1,4),(0.E0,5.E-1,1.E0),.UNSPECIFIED.);
#2430=B_SPLINE_CURVE_WITH_KNOTS('',3,(#2425,#2426,#2427,#2428,#2429),
.UNSPECIFIED.,.F.,.F.,(4,1,4),(0.E0,5.E-1,1.E0),.UNSPECIFIED.);
#2437=B_SPLINE_CURVE_WITH_KNOTS('',3,(#2431,#2432,#2433,#2434,#2435,#2436),
.UNSPECIFIED.,.F.,.F.,(4,1,1,4),(0.E0,2.5E-1,5.E-1,1.E0),.UNSPECIFIED.);
#2448=B_SPLINE_CURVE_WITH_KNOTS('',3,(#2442,#2443,#2444,#2445,#2446,#2447),
.UNSPECIFIED.,.F.,.F.,(4,1,1,4),(0.E0,2.5E-1,5.E-1,1.E0),.UNSPECIFIED.);
#2453=CIRCLE('',#2452,2.5E0);
#2458=B_SPLINE_CURVE_WITH_KNOTS('',3,(#2454,#2455,#2456,#2457),.UNSPECIFIED.,
.F.,.F.,(4,4),(0.E0,1.E0),.UNSPECIFIED.);
#2779=CIRCLE('',#2778,1.25E0);
#2789=B_SPLINE_CURVE_WITH_KNOTS('',3,(#2780,#2781,#2782,#2783,#2784,#2785,#2786,
#2787,#2788),.UNSPECIFIED.,.F.,.F.,(4,1,1,1,1,1,4),(0.E0,1.666666666667E-1,
3.333333333333E-1,5.E-1,6.666666666667E-1,8.333333333333E-1,1.E0),
.UNSPECIFIED.);
#2794=CIRCLE('',#2793,2.5E0);
#2804=B_SPLINE_CURVE_WITH_KNOTS('',3,(#2795,#2796,#2797,#2798,#2799,#2800,#2801,
#2802,#2803),.UNSPECIFIED.,.F.,.F.,(4,1,1,1,1,1,4),(0.E0,1.666666666667E-1,
3.333333333333E-1,5.E-1,6.666666666667E-1,8.333333333333E-1,1.E0),
.UNSPECIFIED.);
#2821=CIRCLE('',#2820,2.5E0);
#2826=CIRCLE('',#2825,2.5E0);
#2831=CIRCLE('',#2830,2.5E0);
#2836=CIRCLE('',#2835,2.5E0);
#2841=CIRCLE('',#2840,2.5E0);
#2854=CIRCLE('',#2853,2.5E0);
#2859=CIRCLE('',#2858,2.75E0);
#2868=CIRCLE('',#2867,2.75E0);
#2881=CIRCLE('',#2880,1.25E0);
#2891=B_SPLINE_CURVE_WITH_KNOTS('',3,(#2882,#2883,#2884,#2885,#2886,#2887,#2888,
#2889,#2890),.UNSPECIFIED.,.F.,.F.,(4,1,1,1,1,1,4),(0.E0,1.666666666667E-1,
3.333333333333E-1,5.E-1,6.666666666667E-1,8.333333333333E-1,1.E0),
.UNSPECIFIED.);
#2896=CIRCLE('',#2895,2.5E0);
#2906=B_SPLINE_CURVE_WITH_KNOTS('',3,(#2897,#2898,#2899,#2900,#2901,#2902,#2903,
#2904,#2905),.UNSPECIFIED.,.F.,.F.,(4,1,1,1,1,1,4),(0.E0,1.666666666667E-1,
3.333333333333E-1,5.E-1,6.666666666667E-1,8.333333333333E-1,1.E0),
.UNSPECIFIED.);
#2921=B_SPLINE_CURVE_WITH_KNOTS('',3,(#2915,#2916,#2917,#2918,#2919,#2920),
.UNSPECIFIED.,.F.,.F.,(4,1,1,4),(0.E0,3.333333333333E-1,6.666666666667E-1,1.E0),
.UNSPECIFIED.);
#2926=CIRCLE('',#2925,1.25E0);
#2933=B_SPLINE_CURVE_WITH_KNOTS('',3,(#2927,#2928,#2929,#2930,#2931,#2932),
.UNSPECIFIED.,.F.,.F.,(4,1,1,4),(0.E0,3.333333333333E-1,6.666666666667E-1,1.E0),
.UNSPECIFIED.);
#2938=CIRCLE('',#2937,1.25E0);
#2945=B_SPLINE_CURVE_WITH_KNOTS('',3,(#2939,#2940,#2941,#2942,#2943,#2944),
.UNSPECIFIED.,.F.,.F.,(4,1,1,4),(0.E0,3.333333333333E-1,6.666666666667E-1,1.E0),
.UNSPECIFIED.);
#2952=B_SPLINE_CURVE_WITH_KNOTS('',3,(#2946,#2947,#2948,#2949,#2950,#2951),
.UNSPECIFIED.,.F.,.F.,(4,1,1,4),(0.E0,3.333333333333E-1,6.666666666667E-1,1.E0),
.UNSPECIFIED.);
#2961=CIRCLE('',#2960,1.6E0);
#2970=CIRCLE('',#2969,1.6E0);
#2983=CIRCLE('',#2982,1.25E0);
#2990=B_SPLINE_CURVE_WITH_KNOTS('',3,(#2984,#2985,#2986,#2987,#2988,#2989),
.UNSPECIFIED.,.F.,.F.,(4,1,1,4),(0.E0,3.333333333333E-1,6.666666666667E-1,1.E0),
.UNSPECIFIED.);
#2995=CIRCLE('',#2994,1.6E0);
#3002=B_SPLINE_CURVE_WITH_KNOTS('',3,(#2996,#2997,#2998,#2999,#3000,#3001),
.UNSPECIFIED.,.F.,.F.,(4,1,1,4),(0.E0,3.333333333333E-1,6.666666666667E-1,1.E0),
.UNSPECIFIED.);
#3007=CIRCLE('',#3006,1.6E0);
#3014=B_SPLINE_CURVE_WITH_KNOTS('',3,(#3008,#3009,#3010,#3011,#3012,#3013),
.UNSPECIFIED.,.F.,.F.,(4,1,1,4),(0.E0,3.333333333333E-1,6.666666666667E-1,1.E0),
.UNSPECIFIED.);
#3019=CIRCLE('',#3018,1.25E0);
#3026=B_SPLINE_CURVE_WITH_KNOTS('',3,(#3020,#3021,#3022,#3023,#3024,#3025),
.UNSPECIFIED.,.F.,.F.,(4,1,1,4),(0.E0,3.333333333333E-1,6.666666666667E-1,1.E0),
.UNSPECIFIED.);
#3051=CIRCLE('',#3050,1.25E0);
#3061=B_SPLINE_CURVE_WITH_KNOTS('',3,(#3052,#3053,#3054,#3055,#3056,#3057,#3058,
#3059,#3060),.UNSPECIFIED.,.F.,.F.,(4,1,1,1,1,1,4),(0.E0,1.666666666667E-1,
3.333333333333E-1,5.E-1,6.666666666667E-1,8.333333333333E-1,1.E0),
.UNSPECIFIED.);
#3066=CIRCLE('',#3065,2.5E0);
#3076=B_SPLINE_CURVE_WITH_KNOTS('',3,(#3067,#3068,#3069,#3070,#3071,#3072,#3073,
#3074,#3075),.UNSPECIFIED.,.F.,.F.,(4,1,1,1,1,1,4),(0.E0,1.666666666667E-1,
3.333333333333E-1,5.E-1,6.666666666667E-1,8.333333333333E-1,1.E0),
.UNSPECIFIED.);
#3089=CIRCLE('',#3088,1.25E0);
#3096=B_SPLINE_CURVE_WITH_KNOTS('',3,(#3090,#3091,#3092,#3093,#3094,#3095),
.UNSPECIFIED.,.F.,.F.,(4,1,1,4),(0.E0,3.333333333333E-1,6.666666666667E-1,1.E0),
.UNSPECIFIED.);
#3101=CIRCLE('',#3100,1.6E0);
#3108=B_SPLINE_CURVE_WITH_KNOTS('',3,(#3102,#3103,#3104,#3105,#3106,#3107),
.UNSPECIFIED.,.F.,.F.,(4,1,1,4),(0.E0,3.333333333333E-1,6.666666666667E-1,1.E0),
.UNSPECIFIED.);
#3113=CIRCLE('',#3112,1.6E0);
#3120=B_SPLINE_CURVE_WITH_KNOTS('',3,(#3114,#3115,#3116,#3117,#3118,#3119),
.UNSPECIFIED.,.F.,.F.,(4,1,1,4),(0.E0,3.333333333333E-1,6.666666666667E-1,1.E0),
.UNSPECIFIED.);
#3125=CIRCLE('',#3124,1.25E0);
#3132=B_SPLINE_CURVE_WITH_KNOTS('',3,(#3126,#3127,#3128,#3129,#3130,#3131),
.UNSPECIFIED.,.F.,.F.,(4,1,1,4),(0.E0,3.333333333333E-1,6.666666666667E-1,1.E0),
.UNSPECIFIED.);
#3141=CIRCLE('',#3140,1.6E0);
#3150=CIRCLE('',#3149,1.6E0);
#3165=B_SPLINE_CURVE_WITH_KNOTS('',3,(#3159,#3160,#3161,#3162,#3163,#3164),
.UNSPECIFIED.,.F.,.F.,(4,1,1,4),(0.E0,3.333333333333E-1,6.666666666667E-1,1.E0),
.UNSPECIFIED.);
#3170=CIRCLE('',#3169,1.25E0);
#3177=B_SPLINE_CURVE_WITH_KNOTS('',3,(#3171,#3172,#3173,#3174,#3175,#3176),
.UNSPECIFIED.,.F.,.F.,(4,1,1,4),(0.E0,3.333333333333E-1,6.666666666667E-1,1.E0),
.UNSPECIFIED.);
#3182=CIRCLE('',#3181,1.25E0);
#3189=B_SPLINE_CURVE_WITH_KNOTS('',3,(#3183,#3184,#3185,#3186,#3187,#3188),
.UNSPECIFIED.,.F.,.F.,(4,1,1,4),(0.E0,3.333333333333E-1,6.666666666667E-1,1.E0),
.UNSPECIFIED.);
#3196=B_SPLINE_CURVE_WITH_KNOTS('',3,(#3190,#3191,#3192,#3193,#3194,#3195),
.UNSPECIFIED.,.F.,.F.,(4,1,1,4),(0.E0,3.333333333333E-1,6.666666666667E-1,1.E0),
.UNSPECIFIED.);
#3210=B_SPLINE_CURVE_WITH_KNOTS('',3,(#3201,#3202,#3203,#3204,#3205,#3206,#3207,
#3208,#3209),.UNSPECIFIED.,.F.,.F.,(4,1,1,1,1,1,4),(0.E0,1.666666666667E-1,
3.333333333333E-1,5.E-1,6.666666666667E-1,8.333333333333E-1,1.E0),
.UNSPECIFIED.);
#3223=CIRCLE('',#3222,1.25E0);
#3229=B_SPLINE_CURVE_WITH_KNOTS('',3,(#3224,#3225,#3226,#3227,#3228),
.UNSPECIFIED.,.F.,.F.,(4,1,4),(0.E0,5.E-1,1.E0),.UNSPECIFIED.);
#3236=B_SPLINE_CURVE_WITH_KNOTS('',3,(#3230,#3231,#3232,#3233,#3234,#3235),
.UNSPECIFIED.,.F.,.F.,(4,1,1,4),(0.E0,3.333333333333E-1,6.666666666667E-1,1.E0),
.UNSPECIFIED.);
#3246=B_SPLINE_CURVE_WITH_KNOTS('',3,(#3237,#3238,#3239,#3240,#3241,#3242,#3243,
#3244,#3245),.UNSPECIFIED.,.F.,.F.,(4,1,1,1,1,1,4),(0.E0,1.666666666667E-1,
3.333333333333E-1,5.E-1,6.666666666667E-1,8.333333333333E-1,1.E0),
.UNSPECIFIED.);
#3415=CIRCLE('',#3414,1.E0);
#3424=CIRCLE('',#3423,1.E0);
#3433=CIRCLE('',#3432,1.E0);
#3442=CIRCLE('',#3441,1.E0);
#3451=CIRCLE('',#3450,1.E0);
#3460=CIRCLE('',#3459,1.E0);
#3469=CIRCLE('',#3468,1.E0);
#3478=CIRCLE('',#3477,1.E0);
#3499=CIRCLE('',#3498,2.652669424660E0);
#3524=CIRCLE('',#3523,4.347330575340E0);
#3545=CIRCLE('',#3544,1.5E1);
#3558=CIRCLE('',#3557,2.E0);
#3615=CIRCLE('',#3614,1.E0);
#3624=CIRCLE('',#3623,1.E0);
#3633=CIRCLE('',#3632,1.E0);
#3642=CIRCLE('',#3641,1.E0);
#3651=CIRCLE('',#3650,1.E0);
#3660=CIRCLE('',#3659,1.E0);
#3669=CIRCLE('',#3668,1.E0);
#3678=CIRCLE('',#3677,1.E0);
#3687=CIRCLE('',#3686,1.E0);
#3696=CIRCLE('',#3695,1.E0);
#3705=CIRCLE('',#3704,1.E0);
#3714=CIRCLE('',#3713,1.E0);
#3723=CIRCLE('',#3722,1.E0);
#3732=CIRCLE('',#3731,1.E0);
#3741=CIRCLE('',#3740,1.E0);
#3750=CIRCLE('',#3749,1.E0);
#3759=CIRCLE('',#3758,1.E0);
#3768=CIRCLE('',#3767,1.E0);
#3785=CIRCLE('',#3784,1.E0);
#3794=CIRCLE('',#3793,1.E0);
#3803=CIRCLE('',#3802,1.E0);
#3812=CIRCLE('',#3811,1.E0);
#3821=CIRCLE('',#3820,1.E0);
#3830=CIRCLE('',#3829,1.E0);
#3839=CIRCLE('',#3838,1.E0);
#3848=CIRCLE('',#3847,1.E0);
#3857=CIRCLE('',#3856,1.E0);
#3866=CIRCLE('',#3865,1.E0);
#3875=CIRCLE('',#3874,2.5E0);
#3884=CIRCLE('',#3883,2.5E0);
#3893=CIRCLE('',#3892,2.5E0);
#3902=CIRCLE('',#3901,2.5E0);
#3911=CIRCLE('',#3910,9.E0);
#3935=B_SPLINE_CURVE_WITH_KNOTS('',3,(#3924,#3925,#3926,#3927,#3928,#3929,#3930,
#3931,#3932,#3933,#3934),.UNSPECIFIED.,.F.,.F.,(4,1,1,1,1,1,1,1,4),(0.E0,
1.25E-1,2.5E-1,3.75E-1,5.E-1,6.25E-1,7.5E-1,8.75E-1,1.E0),.UNSPECIFIED.);
#3947=B_SPLINE_CURVE_WITH_KNOTS('',3,(#3936,#3937,#3938,#3939,#3940,#3941,#3942,
#3943,#3944,#3945,#3946),.UNSPECIFIED.,.F.,.F.,(4,1,1,1,1,1,1,1,4),(0.E0,
1.25E-1,2.5E-1,3.75E-1,5.E-1,6.25E-1,7.5E-1,8.75E-1,1.E0),.UNSPECIFIED.);
#3956=CIRCLE('',#3955,9.E0);
#3969=CIRCLE('',#3968,1.E0);
#3978=CIRCLE('',#3977,1.E0);
#3987=CIRCLE('',#3986,1.E0);
#3996=CIRCLE('',#3995,1.E0);
#4005=CIRCLE('',#4004,1.E0);
#4014=CIRCLE('',#4013,1.E0);
#4023=CIRCLE('',#4022,1.E0);
#4032=CIRCLE('',#4031,1.E0);
#4041=CIRCLE('',#4040,1.E0);
#4050=CIRCLE('',#4049,1.E0);
#4059=CIRCLE('',#4058,1.E0);
#4068=CIRCLE('',#4067,1.E0);
#4077=CIRCLE('',#4076,1.E0);
#4086=CIRCLE('',#4085,1.E0);
#4095=CIRCLE('',#4094,1.E0);
#4104=CIRCLE('',#4103,1.E0);
#4113=CIRCLE('',#4112,1.E0);
#4122=CIRCLE('',#4121,1.E0);
#4161=B_SPLINE_CURVE_WITH_KNOTS('',3,(#4155,#4156,#4157,#4158,#4159,#4160),
.UNSPECIFIED.,.F.,.F.,(4,1,1,4),(0.E0,3.333333333333E-1,6.666666666667E-1,1.E0),
.UNSPECIFIED.);
#4170=CIRCLE('',#4169,7.E0);
#4175=CIRCLE('',#4174,7.E0);
#4184=CIRCLE('',#4183,2.652669424660E0);
#4189=CIRCLE('',#4188,2.652669424660E0);
#4226=CIRCLE('',#4225,1.E0);
#4235=CIRCLE('',#4234,1.E0);
#4244=CIRCLE('',#4243,1.E0);
#4253=CIRCLE('',#4252,1.E0);
#4262=CIRCLE('',#4261,1.E0);
#4271=CIRCLE('',#4270,1.E0);
#4280=CIRCLE('',#4279,1.E0);
#4289=CIRCLE('',#4288,1.E0);
#4298=CIRCLE('',#4297,1.E0);
#4307=CIRCLE('',#4306,1.E0);
#4316=CIRCLE('',#4315,1.E0);
#4325=CIRCLE('',#4324,1.E0);
#4334=CIRCLE('',#4333,1.E0);
#4343=CIRCLE('',#4342,1.E0);
#4352=CIRCLE('',#4351,1.E0);
#4361=CIRCLE('',#4360,1.E0);
#4370=CIRCLE('',#4369,1.E0);
#4379=CIRCLE('',#4378,1.E0);
#4412=CIRCLE('',#4411,4.347330575340E0);
#4421=CIRCLE('',#4420,4.347330575340E0);
#4426=CIRCLE('',#4425,7.E0);
#4431=CIRCLE('',#4430,7.E0);
#4436=CIRCLE('',#4435,7.E0);
#4453=CIRCLE('',#4452,7.E0);
#4458=CIRCLE('',#4457,7.E0);
#4463=CIRCLE('',#4462,7.E0);
#4472=CIRCLE('',#4471,4.347330575340E0);
#4497=CIRCLE('',#4496,1.5E1);
#4510=CIRCLE('',#4509,2.E0);
#4523=CIRCLE('',#4522,1.5E1);
#4532=CIRCLE('',#4531,1.5E1);
#4547=B_SPLINE_CURVE_WITH_KNOTS('',3,(#4533,#4534,#4535,#4536,#4537,#4538,#4539,
#4540,#4541,#4542,#4543,#4544,#4545,#4546),.UNSPECIFIED.,.F.,.F.,(4,1,1,1,1,1,1,
1,1,1,1,4),(0.E0,9.090909090909E-2,1.818181818182E-1,2.727272727273E-1,
3.636363636364E-1,4.545454545455E-1,5.454545454545E-1,6.363636363636E-1,
7.272727272727E-1,8.181818181818E-1,9.090909090909E-1,1.E0),.UNSPECIFIED.);
#4552=CIRCLE('',#4551,1.5E1);
#4561=CIRCLE('',#4560,1.5E1);
#4576=B_SPLINE_CURVE_WITH_KNOTS('',3,(#4562,#4563,#4564,#4565,#4566,#4567,#4568,
#4569,#4570,#4571,#4572,#4573,#4574,#4575),.UNSPECIFIED.,.F.,.F.,(4,1,1,1,1,1,1,
1,1,1,1,4),(0.E0,9.090909090909E-2,1.818181818182E-1,2.727272727273E-1,
3.636363636364E-1,4.545454545455E-1,5.454545454545E-1,6.363636363636E-1,
7.272727272727E-1,8.181818181818E-1,9.090909090909E-1,1.E0),.UNSPECIFIED.);
#4581=CIRCLE('',#4580,1.5E1);
#4590=CIRCLE('',#4589,1.5E1);
#4605=B_SPLINE_CURVE_WITH_KNOTS('',3,(#4591,#4592,#4593,#4594,#4595,#4596,#4597,
#4598,#4599,#4600,#4601,#4602,#4603,#4604),.UNSPECIFIED.,.F.,.F.,(4,1,1,1,1,1,1,
1,1,1,1,4),(0.E0,9.090909090909E-2,1.818181818182E-1,2.727272727273E-1,
3.636363636364E-1,4.545454545455E-1,5.454545454545E-1,6.363636363636E-1,
7.272727272727E-1,8.181818181818E-1,9.090909090909E-1,1.E0),.UNSPECIFIED.);
#4610=CIRCLE('',#4609,1.5E1);
#4619=CIRCLE('',#4618,1.5E1);
#4634=B_SPLINE_CURVE_WITH_KNOTS('',3,(#4620,#4621,#4622,#4623,#4624,#4625,#4626,
#4627,#4628,#4629,#4630,#4631,#4632,#4633),.UNSPECIFIED.,.F.,.F.,(4,1,1,1,1,1,1,
1,1,1,1,4),(0.E0,9.090909090909E-2,1.818181818182E-1,2.727272727273E-1,
3.636363636364E-1,4.545454545455E-1,5.454545454545E-1,6.363636363636E-1,
7.272727272727E-1,8.181818181818E-1,9.090909090909E-1,1.E0),.UNSPECIFIED.);
#4639=CIRCLE('',#4638,1.5E1);
#4652=CIRCLE('',#4651,1.5E1);
#4666=B_SPLINE_CURVE_WITH_KNOTS('',3,(#4653,#4654,#4655,#4656,#4657,#4658,#4659,
#4660,#4661,#4662,#4663,#4664,#4665),.UNSPECIFIED.,.F.,.F.,(4,1,1,1,1,1,1,1,1,1,
4),(0.E0,1.E-1,2.E-1,3.E-1,4.E-1,5.E-1,6.E-1,7.E-1,8.E-1,9.E-1,1.E0),
.UNSPECIFIED.);
#4767=CIRCLE('',#4766,2.E0);
#4776=CIRCLE('',#4775,2.E0);
#4785=CIRCLE('',#4784,2.E0);
#4790=CIRCLE('',#4789,2.E0);
#4799=CIRCLE('',#4798,2.E0);
#4804=CIRCLE('',#4803,2.E0);
#4813=CIRCLE('',#4812,2.E0);
#4818=CIRCLE('',#4817,2.E0);
#4827=CIRCLE('',#4826,2.E0);
#4832=CIRCLE('',#4831,2.E0);
#4852=B_SPLINE_CURVE_WITH_KNOTS('',3,(#4841,#4842,#4843,#4844,#4845,#4846,#4847,
#4848,#4849,#4850,#4851),.UNSPECIFIED.,.F.,.F.,(4,1,1,1,1,1,1,1,4),(0.E0,
1.25E-1,2.5E-1,3.75E-1,5.E-1,6.25E-1,7.5E-1,8.75E-1,1.E0),.UNSPECIFIED.);
#4876=B_SPLINE_CURVE_WITH_KNOTS('',3,(#4865,#4866,#4867,#4868,#4869,#4870,#4871,
#4872,#4873,#4874,#4875),.UNSPECIFIED.,.F.,.F.,(4,1,1,1,1,1,1,1,4),(0.E0,
1.25E-1,2.5E-1,3.75E-1,5.E-1,6.25E-1,7.5E-1,8.75E-1,1.E0),.UNSPECIFIED.);
#4896=B_SPLINE_CURVE_WITH_KNOTS('',3,(#4885,#4886,#4887,#4888,#4889,#4890,#4891,
#4892,#4893,#4894,#4895),.UNSPECIFIED.,.F.,.F.,(4,1,1,1,1,1,1,1,4),(0.E0,
1.25E-1,2.5E-1,3.75E-1,5.E-1,6.25E-1,7.5E-1,8.75E-1,1.E0),.UNSPECIFIED.);
#4916=B_SPLINE_CURVE_WITH_KNOTS('',3,(#4905,#4906,#4907,#4908,#4909,#4910,#4911,
#4912,#4913,#4914,#4915),.UNSPECIFIED.,.F.,.F.,(4,1,1,1,1,1,1,1,4),(0.E0,
1.25E-1,2.5E-1,3.75E-1,5.E-1,6.25E-1,7.5E-1,8.75E-1,1.E0),.UNSPECIFIED.);
#4936=B_SPLINE_CURVE_WITH_KNOTS('',3,(#4925,#4926,#4927,#4928,#4929,#4930,#4931,
#4932,#4933,#4934,#4935),.UNSPECIFIED.,.F.,.F.,(4,1,1,1,1,1,1,1,4),(0.E0,
1.25E-1,2.5E-1,3.75E-1,5.E-1,6.25E-1,7.5E-1,8.75E-1,1.E0),.UNSPECIFIED.);
#4993=CIRCLE('',#4992,4.347330575340E0);
#5010=CIRCLE('',#5009,4.347330575340E0);
#5048=B_SPLINE_CURVE_WITH_KNOTS('',3,(#5043,#5044,#5045,#5046,#5047),
.UNSPECIFIED.,.F.,.F.,(4,1,4),(0.E0,5.E-1,1.E0),.UNSPECIFIED.);
#5058=B_SPLINE_CURVE_WITH_KNOTS('',3,(#5049,#5050,#5051,#5052,#5053,#5054,#5055,
#5056,#5057),.UNSPECIFIED.,.F.,.F.,(4,1,1,1,1,1,4),(0.E0,1.25E-1,2.5E-1,5.E-1,
7.5E-1,8.75E-1,1.E0),.UNSPECIFIED.);
#5064=B_SPLINE_CURVE_WITH_KNOTS('',3,(#5059,#5060,#5061,#5062,#5063),
.UNSPECIFIED.,.F.,.F.,(4,1,4),(0.E0,5.E-1,1.E0),.UNSPECIFIED.);
#5221=CIRCLE('',#5220,1.E0);
#5234=CIRCLE('',#5233,1.E0);
#5247=CIRCLE('',#5246,1.E0);
#5260=CIRCLE('',#5259,1.E0);
#5273=CIRCLE('',#5272,1.E0);
#5286=CIRCLE('',#5285,1.E0);
#5299=CIRCLE('',#5298,1.E0);
#5312=CIRCLE('',#5311,1.E0);
#5325=CIRCLE('',#5324,1.E0);
#5382=CIRCLE('',#5381,1.E0);
#5407=CIRCLE('',#5406,1.E0);
#5420=CIRCLE('',#5419,1.E0);
#5433=CIRCLE('',#5432,1.E0);
#5446=CIRCLE('',#5445,1.E0);
#5459=CIRCLE('',#5458,1.E0);
#5472=CIRCLE('',#5471,1.E0);
#5485=CIRCLE('',#5484,1.E0);
#5498=CIRCLE('',#5497,1.E0);
#5647=CIRCLE('',#5646,8.9E0);
#5660=CIRCLE('',#5659,5.E-1);
#5669=CIRCLE('',#5668,2.E0);
#5690=CIRCLE('',#5689,2.E0);
#5699=CIRCLE('',#5698,5.E-1);
#5712=CIRCLE('',#5711,8.9E0);
#5745=CIRCLE('',#5744,8.9E0);
#5758=CIRCLE('',#5757,5.E-1);
#5767=CIRCLE('',#5766,2.E0);
#5788=CIRCLE('',#5787,2.E0);
#5797=CIRCLE('',#5796,5.E-1);
#5810=CIRCLE('',#5809,8.9E0);
#5850=B_SPLINE_CURVE_WITH_KNOTS('',3,(#5839,#5840,#5841,#5842,#5843,#5844,#5845,
#5846,#5847,#5848,#5849),.UNSPECIFIED.,.F.,.F.,(4,1,1,1,1,1,1,1,4),(0.E0,
1.25E-1,2.5E-1,3.75E-1,5.E-1,6.25E-1,7.5E-1,8.75E-1,1.E0),.UNSPECIFIED.);
#5862=B_SPLINE_CURVE_WITH_KNOTS('',3,(#5851,#5852,#5853,#5854,#5855,#5856,#5857,
#5858,#5859,#5860,#5861),.UNSPECIFIED.,.F.,.F.,(4,1,1,1,1,1,1,1,4),(0.E0,
1.25E-1,2.5E-1,3.75E-1,5.E-1,6.25E-1,7.5E-1,8.75E-1,1.E0),.UNSPECIFIED.);
#5951=CIRCLE('',#5950,2.E0);
#6004=CIRCLE('',#6003,2.E0);
#6021=CIRCLE('',#6020,2.E0);
#6038=CIRCLE('',#6037,2.E0);
#6112=B_SPLINE_CURVE_WITH_KNOTS('',3,(#6107,#6108,#6109,#6110,#6111),
.UNSPECIFIED.,.F.,.F.,(4,1,4),(0.E0,5.E-1,1.E0),.UNSPECIFIED.);
#6445=CIRCLE('',#6444,5.E0);
#6454=CIRCLE('',#6453,3.E0);
#6471=CIRCLE('',#6470,5.E-1);
#6480=CIRCLE('',#6479,5.E-1);
#6517=CIRCLE('',#6516,5.E-1);
#6526=CIRCLE('',#6525,5.E-1);
#6543=CIRCLE('',#6542,3.E0);
#6552=CIRCLE('',#6551,5.E0);
#7029=CIRCLE('',#7028,5.E-1);
#7038=CIRCLE('',#7037,3.535533905933E-1);
#7055=CIRCLE('',#7054,3.E0);
#7064=CIRCLE('',#7063,7.E0);
#7069=CIRCLE('',#7068,7.E0);
#7078=CIRCLE('',#7077,3.E0);
#7095=CIRCLE('',#7094,3.535533905933E-1);
#7104=CIRCLE('',#7103,5.E-1);
#7177=CIRCLE('',#7176,5.E-1);
#7186=CIRCLE('',#7185,3.535533905933E-1);
#7203=CIRCLE('',#7202,3.E0);
#7212=CIRCLE('',#7211,7.E0);
#7217=CIRCLE('',#7216,7.E0);
#7226=CIRCLE('',#7225,3.E0);
#7243=CIRCLE('',#7242,3.535533905933E-1);
#7252=CIRCLE('',#7251,5.E-1);
#9431=EDGE_CURVE('',#7761,#7762,#4,.T.);
#9433=EDGE_CURVE('',#7800,#7762,#9,.T.);
#9435=EDGE_CURVE('',#7800,#7802,#14,.T.);
#9437=EDGE_CURVE('',#7764,#7802,#19,.T.);
#9439=EDGE_CURVE('',#7764,#7730,#23,.T.);
#9441=EDGE_CURVE('',#7730,#7734,#28,.T.);
#9443=EDGE_CURVE('',#7734,#7738,#32,.T.);
#9445=EDGE_CURVE('',#7738,#7742,#37,.T.);
#9447=EDGE_CURVE('',#7742,#7772,#41,.T.);
#9449=EDGE_CURVE('',#7797,#7772,#46,.T.);
#9451=EDGE_CURVE('',#7797,#7792,#51,.T.);
#9453=EDGE_CURVE('',#7775,#7792,#56,.T.);
#9455=EDGE_CURVE('',#7775,#7776,#60,.T.);
#9457=EDGE_CURVE('',#7776,#7788,#64,.T.);
#9459=EDGE_CURVE('',#7784,#7788,#4134,.T.);
#9461=EDGE_CURVE('',#7340,#7784,#68,.T.);
#9463=EDGE_CURVE('',#7338,#7340,#73,.T.);
#9465=EDGE_CURVE('',#7332,#7338,#77,.T.);
#9467=EDGE_CURVE('',#7330,#7332,#82,.T.);
#9469=EDGE_CURVE('',#7786,#7330,#86,.T.);
#9471=EDGE_CURVE('',#7790,#7786,#4150,.T.);
#9473=EDGE_CURVE('',#7790,#7761,#90,.T.);
#9483=EDGE_CURVE('',#7755,#7756,#94,.T.);
#9485=EDGE_CURVE('',#7762,#7756,#98,.T.);
#9488=EDGE_CURVE('',#7755,#7761,#102,.T.);
#9498=EDGE_CURVE('',#7758,#7729,#106,.T.);
#9500=EDGE_CURVE('',#7729,#7730,#4988,.T.);
#9503=EDGE_CURVE('',#7758,#7764,#110,.T.);
#9514=EDGE_CURVE('',#7824,#7755,#114,.T.);
#9516=EDGE_CURVE('',#7824,#7744,#206,.T.);
#9518=EDGE_CURVE('',#7744,#7729,#4448,.T.);
#9521=EDGE_CURVE('',#7804,#7758,#120,.T.);
#9523=EDGE_CURVE('',#7798,#7804,#130,.T.);
#9525=EDGE_CURVE('',#7756,#7798,#136,.T.);
#9535=EDGE_CURVE('',#7821,#7824,#140,.T.);
#9540=EDGE_CURVE('',#7790,#7821,#4146,.T.);
#9550=EDGE_CURVE('',#7875,#7876,#147,.T.);
#9552=EDGE_CURVE('',#7880,#7876,#151,.T.);
#9554=EDGE_CURVE('',#7879,#7880,#156,.T.);
#9556=EDGE_CURVE('',#7824,#7879,#210,.T.);
#9559=EDGE_CURVE('',#7817,#7821,#5850,.T.);
#9561=EDGE_CURVE('',#7817,#7782,#161,.T.);
#9563=EDGE_CURVE('',#7782,#7348,#5345,.T.);
#9565=EDGE_CURVE('',#7347,#7348,#1284,.T.);
#9567=EDGE_CURVE('',#7347,#7875,#165,.T.);
#9578=EDGE_CURVE('',#7875,#7882,#174,.T.);
#9580=EDGE_CURVE('',#7882,#7876,#170,.T.);
#9591=EDGE_CURVE('',#7875,#7850,#190,.T.);
#9593=EDGE_CURVE('',#7840,#7850,#178,.T.);
#9595=EDGE_CURVE('',#7840,#7882,#182,.T.);
#9606=EDGE_CURVE('',#7347,#7352,#1279,.T.);
#9608=EDGE_CURVE('',#7850,#7352,#186,.T.);
#9613=EDGE_CURVE('',#8239,#8240,#215,.T.);
#9615=EDGE_CURVE('',#8244,#8239,#219,.T.);
#9617=EDGE_CURVE('',#8242,#8244,#224,.T.);
#9619=EDGE_CURVE('',#8240,#8242,#228,.T.);
#9623=EDGE_CURVE('',#8255,#8256,#233,.T.);
#9625=EDGE_CURVE('',#8260,#8255,#237,.T.);
#9627=EDGE_CURVE('',#8258,#8260,#242,.T.);
#9629=EDGE_CURVE('',#8256,#8258,#246,.T.);
#9633=EDGE_CURVE('',#8271,#8272,#251,.T.);
#9635=EDGE_CURVE('',#8276,#8271,#255,.T.);
#9637=EDGE_CURVE('',#8274,#8276,#260,.T.);
#9639=EDGE_CURVE('',#8272,#8274,#264,.T.);
#9643=EDGE_CURVE('',#8287,#8288,#269,.T.);
#9645=EDGE_CURVE('',#8292,#8287,#273,.T.);
#9647=EDGE_CURVE('',#8290,#8292,#278,.T.);
#9649=EDGE_CURVE('',#8288,#8290,#282,.T.);
#9653=EDGE_CURVE('',#8303,#8304,#287,.T.);
#9655=EDGE_CURVE('',#8308,#8303,#291,.T.);
#9657=EDGE_CURVE('',#8306,#8308,#296,.T.);
#9659=EDGE_CURVE('',#8304,#8306,#300,.T.);
#9663=EDGE_CURVE('',#8311,#8312,#305,.T.);
#9665=EDGE_CURVE('',#8324,#8311,#309,.T.);
#9667=EDGE_CURVE('',#8322,#8324,#314,.T.);
#9669=EDGE_CURVE('',#8320,#8322,#318,.T.);
#9671=EDGE_CURVE('',#8318,#8320,#323,.T.);
#9673=EDGE_CURVE('',#8316,#8318,#327,.T.);
#9675=EDGE_CURVE('',#8315,#8316,#332,.T.);
#9677=EDGE_CURVE('',#8312,#8315,#336,.T.);
#9687=EDGE_CURVE('',#7873,#7879,#194,.T.);
#9689=EDGE_CURVE('',#7873,#7846,#198,.T.);
#9691=EDGE_CURVE('',#7744,#7846,#202,.T.);
#9703=EDGE_CURVE('',#8889,#8890,#340,.T.);
#9705=EDGE_CURVE('',#8890,#8896,#345,.T.);
#9707=EDGE_CURVE('',#8889,#8896,#349,.T.);
#9717=EDGE_CURVE('',#8917,#8918,#353,.T.);
#9719=EDGE_CURVE('',#9340,#8917,#357,.T.);
#9721=EDGE_CURVE('',#9340,#8918,#362,.T.);
#9731=EDGE_CURVE('',#8925,#8926,#366,.T.);
#9733=EDGE_CURVE('',#8926,#8932,#371,.T.);
#9735=EDGE_CURVE('',#8925,#8932,#375,.T.);
#9745=EDGE_CURVE('',#8955,#8956,#379,.T.);
#9747=EDGE_CURVE('',#9338,#8955,#383,.T.);
#9749=EDGE_CURVE('',#9338,#8956,#388,.T.);
#9759=EDGE_CURVE('',#9214,#9215,#392,.T.);
#9761=EDGE_CURVE('',#9214,#9175,#397,.T.);
#9763=EDGE_CURVE('',#9175,#9176,#401,.T.);
#9765=EDGE_CURVE('',#9215,#9176,#406,.T.);
#9775=EDGE_CURVE('',#9217,#9219,#410,.T.);
#9777=EDGE_CURVE('',#9178,#9217,#415,.T.);
#9779=EDGE_CURVE('',#9178,#9180,#419,.T.);
#9781=EDGE_CURVE('',#9180,#9219,#424,.T.);
#9791=EDGE_CURVE('',#8148,#9393,#460,.T.);
#9793=EDGE_CURVE('',#9393,#9425,#465,.T.);
#9795=EDGE_CURVE('',#8146,#9425,#469,.T.);
#9797=EDGE_CURVE('',#8132,#8146,#473,.T.);
#9799=EDGE_CURVE('',#8132,#9397,#477,.T.);
#9801=EDGE_CURVE('',#9397,#9395,#482,.T.);
#9803=EDGE_CURVE('',#8130,#9395,#486,.T.);
#9805=EDGE_CURVE('',#8116,#8130,#490,.T.);
#9807=EDGE_CURVE('',#8116,#9389,#494,.T.);
#9809=EDGE_CURVE('',#9389,#9391,#499,.T.);
#9811=EDGE_CURVE('',#8114,#9391,#503,.T.);
#9813=EDGE_CURVE('',#8100,#8114,#507,.T.);
#9815=EDGE_CURVE('',#8100,#9401,#511,.T.);
#9817=EDGE_CURVE('',#9401,#9399,#516,.T.);
#9819=EDGE_CURVE('',#8098,#9399,#520,.T.);
#9821=EDGE_CURVE('',#8084,#8098,#524,.T.);
#9823=EDGE_CURVE('',#8084,#9405,#528,.T.);
#9825=EDGE_CURVE('',#9405,#9403,#533,.T.);
#9827=EDGE_CURVE('',#8082,#9403,#537,.T.);
#9829=EDGE_CURVE('',#8614,#8082,#541,.T.);
#9831=EDGE_CURVE('',#8614,#9413,#545,.T.);
#9833=EDGE_CURVE('',#9413,#9411,#550,.T.);
#9835=EDGE_CURVE('',#8616,#9411,#554,.T.);
#9837=EDGE_CURVE('',#8622,#8616,#558,.T.);
#9839=EDGE_CURVE('',#8622,#9409,#562,.T.);
#9841=EDGE_CURVE('',#9409,#9407,#567,.T.);
#9843=EDGE_CURVE('',#8624,#9407,#571,.T.);
#9845=EDGE_CURVE('',#8630,#8624,#575,.T.);
#9847=EDGE_CURVE('',#8630,#9417,#579,.T.);
#9849=EDGE_CURVE('',#9417,#9415,#584,.T.);
#9851=EDGE_CURVE('',#8632,#9415,#588,.T.);
#9853=EDGE_CURVE('',#8638,#8632,#592,.T.);
#9855=EDGE_CURVE('',#8638,#9421,#596,.T.);
#9857=EDGE_CURVE('',#9421,#9419,#601,.T.);
#9859=EDGE_CURVE('',#8640,#9419,#605,.T.);
#9861=EDGE_CURVE('',#7387,#8640,#609,.T.);
#9863=EDGE_CURVE('',#7383,#7387,#613,.T.);
#9865=EDGE_CURVE('',#7343,#7383,#617,.T.);
#9867=EDGE_CURVE('',#7343,#7344,#622,.T.);
#9869=EDGE_CURVE('',#7355,#7344,#626,.T.);
#9871=EDGE_CURVE('',#7355,#7356,#631,.T.);
#9873=EDGE_CURVE('',#7595,#7356,#635,.T.);
#9875=EDGE_CURVE('',#7595,#7596,#639,.T.);
#9877=EDGE_CURVE('',#7596,#9182,#644,.T.);
#9879=EDGE_CURVE('',#9182,#9172,#648,.T.);
#9881=EDGE_CURVE('',#9170,#9172,#652,.T.);
#9883=EDGE_CURVE('',#9160,#9170,#657,.T.);
#9885=EDGE_CURVE('',#9160,#9162,#661,.T.);
#9887=EDGE_CURVE('',#9162,#9156,#665,.T.);
#9889=EDGE_CURVE('',#9154,#9156,#669,.T.);
#9891=EDGE_CURVE('',#9128,#9154,#674,.T.);
#9893=EDGE_CURVE('',#9128,#9130,#678,.T.);
#9895=EDGE_CURVE('',#9130,#9124,#682,.T.);
#9897=EDGE_CURVE('',#9122,#9124,#686,.T.);
#9899=EDGE_CURVE('',#9096,#9122,#691,.T.);
#9901=EDGE_CURVE('',#9096,#9098,#695,.T.);
#9903=EDGE_CURVE('',#9098,#9092,#699,.T.);
#9905=EDGE_CURVE('',#9090,#9092,#703,.T.);
#9907=EDGE_CURVE('',#9064,#9090,#708,.T.);
#9909=EDGE_CURVE('',#9064,#9066,#712,.T.);
#9911=EDGE_CURVE('',#9066,#9060,#716,.T.);
#9913=EDGE_CURVE('',#9058,#9060,#720,.T.);
#9915=EDGE_CURVE('',#9032,#9058,#725,.T.);
#9917=EDGE_CURVE('',#9032,#9034,#729,.T.);
#9919=EDGE_CURVE('',#9034,#9028,#733,.T.);
#9921=EDGE_CURVE('',#9026,#9028,#737,.T.);
#9923=EDGE_CURVE('',#9026,#9000,#742,.T.);
#9925=EDGE_CURVE('',#9000,#9002,#746,.T.);
#9927=EDGE_CURVE('',#9002,#8996,#750,.T.);
#9929=EDGE_CURVE('',#8994,#8996,#754,.T.);
#9931=EDGE_CURVE('',#8994,#8966,#759,.T.);
#9933=EDGE_CURVE('',#8966,#8968,#763,.T.);
#9935=EDGE_CURVE('',#8968,#8960,#767,.T.);
#9937=EDGE_CURVE('',#8958,#8960,#771,.T.);
#9939=EDGE_CURVE('',#8958,#8928,#776,.T.);
#9941=EDGE_CURVE('',#8928,#8930,#780,.T.);
#9943=EDGE_CURVE('',#8930,#8922,#784,.T.);
#9945=EDGE_CURVE('',#8920,#8922,#788,.T.);
#9947=EDGE_CURVE('',#8920,#8892,#793,.T.);
#9949=EDGE_CURVE('',#8892,#8894,#797,.T.);
#9951=EDGE_CURVE('',#8894,#8886,#801,.T.);
#9953=EDGE_CURVE('',#8884,#8886,#805,.T.);
#9955=EDGE_CURVE('',#8884,#8858,#810,.T.);
#9957=EDGE_CURVE('',#8858,#8860,#814,.T.);
#9959=EDGE_CURVE('',#8860,#8854,#818,.T.);
#9961=EDGE_CURVE('',#8852,#8854,#822,.T.);
#9963=EDGE_CURVE('',#8852,#8826,#827,.T.);
#9965=EDGE_CURVE('',#8826,#8828,#831,.T.);
#9967=EDGE_CURVE('',#8828,#8822,#835,.T.);
#9969=EDGE_CURVE('',#8820,#8822,#839,.T.);
#9971=EDGE_CURVE('',#8820,#8794,#844,.T.);
#9973=EDGE_CURVE('',#8794,#8796,#848,.T.);
#9975=EDGE_CURVE('',#8796,#8790,#852,.T.);
#9977=EDGE_CURVE('',#8788,#8790,#856,.T.);
#9979=EDGE_CURVE('',#8788,#8762,#861,.T.);
#9981=EDGE_CURVE('',#8762,#8764,#865,.T.);
#9983=EDGE_CURVE('',#8764,#8758,#869,.T.);
#9985=EDGE_CURVE('',#8756,#8758,#873,.T.);
#9987=EDGE_CURVE('',#8756,#8730,#878,.T.);
#9989=EDGE_CURVE('',#8730,#8732,#882,.T.);
#9991=EDGE_CURVE('',#8732,#8726,#886,.T.);
#9993=EDGE_CURVE('',#8724,#8726,#890,.T.);
#9995=EDGE_CURVE('',#8723,#8724,#894,.T.);
#9997=EDGE_CURVE('',#8723,#8728,#898,.T.);
#9999=EDGE_CURVE('',#8728,#8754,#903,.T.);
#10001=EDGE_CURVE('',#8752,#8754,#907,.T.);
#10003=EDGE_CURVE('',#8751,#8752,#911,.T.);
#10005=EDGE_CURVE('',#8751,#8760,#915,.T.);
#10007=EDGE_CURVE('',#8760,#8786,#920,.T.);
#10009=EDGE_CURVE('',#8784,#8786,#924,.T.);
#10011=EDGE_CURVE('',#8783,#8784,#928,.T.);
#10013=EDGE_CURVE('',#8783,#8792,#932,.T.);
#10015=EDGE_CURVE('',#8792,#8818,#937,.T.);
#10017=EDGE_CURVE('',#8816,#8818,#941,.T.);
#10019=EDGE_CURVE('',#8815,#8816,#945,.T.);
#10021=EDGE_CURVE('',#8815,#8824,#949,.T.);
#10023=EDGE_CURVE('',#8824,#8850,#954,.T.);
#10025=EDGE_CURVE('',#8848,#8850,#958,.T.);
#10027=EDGE_CURVE('',#8847,#8848,#962,.T.);
#10029=EDGE_CURVE('',#8847,#8856,#966,.T.);
#10031=EDGE_CURVE('',#8856,#8882,#971,.T.);
#10033=EDGE_CURVE('',#8880,#8882,#975,.T.);
#10035=EDGE_CURVE('',#8879,#8880,#979,.T.);
#10037=EDGE_CURVE('',#7587,#8879,#983,.T.);
#10039=EDGE_CURVE('',#7587,#7588,#987,.T.);
#10041=EDGE_CURVE('',#7588,#8963,#991,.T.);
#10043=EDGE_CURVE('',#8963,#8964,#995,.T.);
#10045=EDGE_CURVE('',#8964,#8992,#1000,.T.);
#10047=EDGE_CURVE('',#8990,#8992,#1004,.T.);
#10049=EDGE_CURVE('',#8989,#8990,#1008,.T.);
#10051=EDGE_CURVE('',#8989,#8998,#1012,.T.);
#10053=EDGE_CURVE('',#8998,#9024,#1017,.T.);
#10055=EDGE_CURVE('',#9022,#9024,#1021,.T.);
#10057=EDGE_CURVE('',#9021,#9022,#1025,.T.);
#10059=EDGE_CURVE('',#9021,#9030,#1029,.T.);
#10061=EDGE_CURVE('',#9056,#9030,#1034,.T.);
#10063=EDGE_CURVE('',#9054,#9056,#1038,.T.);
#10065=EDGE_CURVE('',#9053,#9054,#1042,.T.);
#10067=EDGE_CURVE('',#9053,#9062,#1046,.T.);
#10069=EDGE_CURVE('',#9088,#9062,#1051,.T.);
#10071=EDGE_CURVE('',#9086,#9088,#1055,.T.);
#10073=EDGE_CURVE('',#9085,#9086,#1059,.T.);
#10075=EDGE_CURVE('',#9085,#9094,#1063,.T.);
#10077=EDGE_CURVE('',#9120,#9094,#1068,.T.);
#10079=EDGE_CURVE('',#9118,#9120,#1072,.T.);
#10081=EDGE_CURVE('',#9117,#9118,#1076,.T.);
#10083=EDGE_CURVE('',#9117,#9126,#1080,.T.);
#10085=EDGE_CURVE('',#9152,#9126,#1085,.T.);
#10087=EDGE_CURVE('',#9150,#9152,#1089,.T.);
#10089=EDGE_CURVE('',#9149,#9150,#1093,.T.);
#10091=EDGE_CURVE('',#9149,#9158,#1097,.T.);
#10093=EDGE_CURVE('',#9168,#9158,#1102,.T.);
#10095=EDGE_CURVE('',#9166,#9168,#1106,.T.);
#10097=EDGE_CURVE('',#9165,#9166,#1110,.T.);
#10099=EDGE_CURVE('',#9165,#7591,#1115,.T.);
#10101=EDGE_CURVE('',#7591,#7592,#1120,.T.);
#10103=EDGE_CURVE('',#7592,#9211,#1125,.T.);
#10105=EDGE_CURVE('',#9210,#9211,#1129,.T.);
#10107=EDGE_CURVE('',#9210,#9221,#1133,.T.);
#10109=EDGE_CURVE('',#9256,#9221,#1138,.T.);
#10111=EDGE_CURVE('',#9254,#9256,#1142,.T.);
#10113=EDGE_CURVE('',#9253,#9254,#1146,.T.);
#10115=EDGE_CURVE('',#9253,#9262,#1150,.T.);
#10117=EDGE_CURVE('',#9288,#9262,#1155,.T.);
#10119=EDGE_CURVE('',#9286,#9288,#1159,.T.);
#10121=EDGE_CURVE('',#9285,#9286,#1163,.T.);
#10123=EDGE_CURVE('',#9285,#9294,#1167,.T.);
#10125=EDGE_CURVE('',#9320,#9294,#1172,.T.);
#10127=EDGE_CURVE('',#9318,#9320,#1176,.T.);
#10129=EDGE_CURVE('',#9317,#9318,#1180,.T.);
#10131=EDGE_CURVE('',#9317,#9326,#1184,.T.);
#10133=EDGE_CURVE('',#8440,#9326,#1189,.T.);
#10135=EDGE_CURVE('',#8439,#8440,#1193,.T.);
#10137=EDGE_CURVE('',#9328,#8439,#1198,.T.);
#10139=EDGE_CURVE('',#9328,#9330,#1202,.T.);
#10141=EDGE_CURVE('',#9330,#9324,#1206,.T.);
#10143=EDGE_CURVE('',#9322,#9324,#1210,.T.);
#10145=EDGE_CURVE('',#9296,#9322,#1215,.T.);
#10147=EDGE_CURVE('',#9296,#9298,#1219,.T.);
#10149=EDGE_CURVE('',#9298,#9292,#1223,.T.);
#10151=EDGE_CURVE('',#9290,#9292,#1227,.T.);
#10153=EDGE_CURVE('',#9264,#9290,#1232,.T.);
#10155=EDGE_CURVE('',#9264,#9266,#1236,.T.);
#10157=EDGE_CURVE('',#9266,#9260,#1240,.T.);
#10159=EDGE_CURVE('',#9258,#9260,#1244,.T.);
#10161=EDGE_CURVE('',#9223,#9258,#1249,.T.);
#10163=EDGE_CURVE('',#9223,#9225,#1253,.T.);
#10165=EDGE_CURVE('',#9225,#9227,#1257,.T.);
#10167=EDGE_CURVE('',#9227,#7600,#1262,.T.);
#10169=EDGE_CURVE('',#7599,#7600,#1266,.T.);
#10171=EDGE_CURVE('',#7351,#7599,#1270,.T.);
#10173=EDGE_CURVE('',#7351,#7352,#1275,.T.);
#10177=EDGE_CURVE('',#7419,#7348,#1288,.T.);
#10179=EDGE_CURVE('',#7415,#7419,#1292,.T.);
#10181=EDGE_CURVE('',#8148,#7415,#1296,.T.);
#10185=EDGE_CURVE('',#7487,#7488,#428,.T.);
#10187=EDGE_CURVE('',#7487,#7491,#432,.T.);
#10189=EDGE_CURVE('',#7491,#7492,#436,.T.);
#10191=EDGE_CURVE('',#7488,#7492,#440,.T.);
#10195=EDGE_CURVE('',#7535,#7536,#444,.T.);
#10197=EDGE_CURVE('',#7535,#7539,#448,.T.);
#10199=EDGE_CURVE('',#7539,#7540,#452,.T.);
#10201=EDGE_CURVE('',#7536,#7540,#456,.T.);
#10212=EDGE_CURVE('',#8898,#8889,#1313,.T.);
#10214=EDGE_CURVE('',#8868,#8898,#6428,.T.);
#10216=EDGE_CURVE('',#8868,#8876,#1300,.T.);
#10218=EDGE_CURVE('',#8876,#8894,#6388,.T.);
#10221=EDGE_CURVE('',#8890,#8892,#1430,.T.);
#10231=EDGE_CURVE('',#8970,#9344,#1304,.T.);
#10233=EDGE_CURVE('',#9344,#7573,#6552,.T.);
#10235=EDGE_CURVE('',#7551,#7573,#6496,.T.);
#10237=EDGE_CURVE('',#9342,#7551,#6445,.T.);
#10239=EDGE_CURVE('',#9342,#8898,#1308,.T.);
#10243=EDGE_CURVE('',#8896,#9340,#1317,.T.);
#10246=EDGE_CURVE('',#8934,#8917,#1322,.T.);
#10248=EDGE_CURVE('',#8934,#8936,#1326,.T.);
#10250=EDGE_CURVE('',#8936,#8925,#1331,.T.);
#10253=EDGE_CURVE('',#8932,#9338,#1335,.T.);
#10256=EDGE_CURVE('',#8970,#8955,#1340,.T.);
#10266=EDGE_CURVE('',#8970,#8939,#1344,.T.);
#10268=EDGE_CURVE('',#8939,#8940,#1348,.T.);
#10270=EDGE_CURVE('',#8940,#8943,#1352,.T.);
#10272=EDGE_CURVE('',#8943,#8944,#1356,.T.);
#10274=EDGE_CURVE('',#8944,#8963,#1360,.T.);
#10276=EDGE_CURVE('',#8963,#9344,#6500,.T.);
#10288=EDGE_CURVE('',#8956,#8958,#1364,.T.);
#10291=EDGE_CURVE('',#8960,#8947,#6296,.T.);
#10293=EDGE_CURVE('',#8939,#8947,#6276,.T.);
#10306=EDGE_CURVE('',#8464,#8956,#1368,.T.);
#10308=EDGE_CURVE('',#8464,#8459,#1663,.T.);
#10310=EDGE_CURVE('',#8459,#8958,#6372,.T.);
#10322=EDGE_CURVE('',#8932,#9338,#1377,.T.);
#10325=EDGE_CURVE('',#8462,#8926,#1372,.T.);
#10327=EDGE_CURVE('',#8462,#8464,#1668,.T.);
#10347=EDGE_CURVE('',#8926,#8928,#1381,.T.);
#10349=EDGE_CURVE('',#8460,#8928,#1385,.T.);
#10351=EDGE_CURVE('',#8460,#8462,#1672,.T.);
#10364=EDGE_CURVE('',#8906,#8936,#1409,.T.);
#10366=EDGE_CURVE('',#8906,#8914,#1389,.T.);
#10368=EDGE_CURVE('',#8914,#8930,#6984,.T.);
#10380=EDGE_CURVE('',#8934,#8901,#1393,.T.);
#10382=EDGE_CURVE('',#8901,#8902,#1397,.T.);
#10384=EDGE_CURVE('',#8902,#8905,#1401,.T.);
#10386=EDGE_CURVE('',#8905,#8906,#1405,.T.);
#10399=EDGE_CURVE('',#8918,#8920,#1413,.T.);
#10402=EDGE_CURVE('',#8922,#8909,#7000,.T.);
#10404=EDGE_CURVE('',#8901,#8909,#7012,.T.);
#10417=EDGE_CURVE('',#8472,#8918,#1417,.T.);
#10419=EDGE_CURVE('',#8472,#8467,#1681,.T.);
#10421=EDGE_CURVE('',#8467,#8920,#1438,.T.);
#10433=EDGE_CURVE('',#8896,#9340,#1426,.T.);
#10436=EDGE_CURVE('',#8470,#8890,#1421,.T.);
#10438=EDGE_CURVE('',#8470,#8472,#1686,.T.);
#10459=EDGE_CURVE('',#8468,#8892,#1434,.T.);
#10461=EDGE_CURVE('',#8468,#8470,#1690,.T.);
#10473=EDGE_CURVE('',#8467,#8468,#1677,.T.);
#10485=EDGE_CURVE('',#8138,#9424,#1784,.T.);
#10487=EDGE_CURVE('',#9424,#9369,#1789,.T.);
#10489=EDGE_CURVE('',#8140,#9369,#1793,.T.);
#10491=EDGE_CURVE('',#8140,#7324,#1797,.T.);
#10493=EDGE_CURVE('',#7323,#7324,#1802,.T.);
#10495=EDGE_CURVE('',#7323,#7328,#1806,.T.);
#10497=EDGE_CURVE('',#7327,#7328,#1811,.T.);
#10499=EDGE_CURVE('',#7327,#7336,#1815,.T.);
#10501=EDGE_CURVE('',#7335,#7336,#1820,.T.);
#10503=EDGE_CURVE('',#7335,#7320,#1824,.T.);
#10505=EDGE_CURVE('',#7319,#7320,#1829,.T.);
#10507=EDGE_CURVE('',#7319,#8636,#1833,.T.);
#10509=EDGE_CURVE('',#8636,#9383,#1837,.T.);
#10511=EDGE_CURVE('',#9383,#9381,#1842,.T.);
#10513=EDGE_CURVE('',#8634,#9381,#1846,.T.);
#10515=EDGE_CURVE('',#8634,#8628,#1850,.T.);
#10517=EDGE_CURVE('',#8628,#9379,#1854,.T.);
#10519=EDGE_CURVE('',#9379,#9377,#1859,.T.);
#10521=EDGE_CURVE('',#8626,#9377,#1863,.T.);
#10523=EDGE_CURVE('',#8626,#8620,#1867,.T.);
#10525=EDGE_CURVE('',#8620,#9375,#1871,.T.);
#10527=EDGE_CURVE('',#9375,#9385,#1876,.T.);
#10529=EDGE_CURVE('',#8618,#9385,#1880,.T.);
#10531=EDGE_CURVE('',#8618,#8612,#1884,.T.);
#10533=EDGE_CURVE('',#8612,#9373,#1888,.T.);
#10535=EDGE_CURVE('',#9373,#9371,#1893,.T.);
#10537=EDGE_CURVE('',#8610,#9371,#1897,.T.);
#10539=EDGE_CURVE('',#8610,#8074,#1901,.T.);
#10541=EDGE_CURVE('',#8074,#9355,#1905,.T.);
#10543=EDGE_CURVE('',#9355,#9357,#1910,.T.);
#10545=EDGE_CURVE('',#8076,#9357,#1914,.T.);
#10547=EDGE_CURVE('',#8076,#8090,#1918,.T.);
#10549=EDGE_CURVE('',#8090,#9359,#1922,.T.);
#10551=EDGE_CURVE('',#9359,#9361,#1927,.T.);
#10553=EDGE_CURVE('',#8092,#9361,#1931,.T.);
#10555=EDGE_CURVE('',#8092,#8106,#1935,.T.);
#10557=EDGE_CURVE('',#8106,#9387,#1939,.T.);
#10559=EDGE_CURVE('',#9387,#9363,#1944,.T.);
#10561=EDGE_CURVE('',#8108,#9363,#1948,.T.);
#10563=EDGE_CURVE('',#8108,#8122,#1952,.T.);
#10565=EDGE_CURVE('',#8122,#9365,#1956,.T.);
#10567=EDGE_CURVE('',#9365,#9367,#1961,.T.);
#10569=EDGE_CURVE('',#8124,#9367,#1965,.T.);
#10571=EDGE_CURVE('',#8124,#8138,#1969,.T.);
#10575=EDGE_CURVE('',#8367,#8368,#1461,.T.);
#10577=EDGE_CURVE('',#8368,#8370,#1465,.T.);
#10579=EDGE_CURVE('',#8370,#8372,#1470,.T.);
#10581=EDGE_CURVE('',#8372,#8367,#1474,.T.);
#10585=EDGE_CURVE('',#8375,#8376,#1479,.T.);
#10587=EDGE_CURVE('',#8376,#8378,#1483,.T.);
#10589=EDGE_CURVE('',#8378,#8380,#1488,.T.);
#10591=EDGE_CURVE('',#8380,#8375,#1492,.T.);
#10595=EDGE_CURVE('',#8383,#8384,#1497,.T.);
#10597=EDGE_CURVE('',#8384,#8386,#1501,.T.);
#10599=EDGE_CURVE('',#8386,#8388,#1506,.T.);
#10601=EDGE_CURVE('',#8388,#8383,#1510,.T.);
#10605=EDGE_CURVE('',#8391,#8392,#1515,.T.);
#10607=EDGE_CURVE('',#8392,#8394,#1519,.T.);
#10609=EDGE_CURVE('',#8394,#8396,#1524,.T.);
#10611=EDGE_CURVE('',#8396,#8391,#1528,.T.);
#10615=EDGE_CURVE('',#8399,#8400,#1533,.T.);
#10617=EDGE_CURVE('',#8400,#8402,#1537,.T.);
#10619=EDGE_CURVE('',#8402,#8404,#1542,.T.);
#10621=EDGE_CURVE('',#8404,#8399,#1546,.T.);
#10625=EDGE_CURVE('',#8407,#8408,#1551,.T.);
#10627=EDGE_CURVE('',#8408,#8410,#1555,.T.);
#10629=EDGE_CURVE('',#8410,#8412,#1560,.T.);
#10631=EDGE_CURVE('',#8412,#8407,#1564,.T.);
#10635=EDGE_CURVE('',#8415,#8416,#1569,.T.);
#10637=EDGE_CURVE('',#8416,#8418,#1573,.T.);
#10639=EDGE_CURVE('',#8418,#8420,#1578,.T.);
#10641=EDGE_CURVE('',#8420,#8415,#1582,.T.);
#10645=EDGE_CURVE('',#8423,#8424,#1587,.T.);
#10647=EDGE_CURVE('',#8424,#8426,#1591,.T.);
#10649=EDGE_CURVE('',#8426,#8428,#1596,.T.);
#10651=EDGE_CURVE('',#8428,#8423,#1600,.T.);
#10655=EDGE_CURVE('',#8431,#8432,#1605,.T.);
#10657=EDGE_CURVE('',#8432,#8434,#1609,.T.);
#10659=EDGE_CURVE('',#8434,#8436,#1614,.T.);
#10661=EDGE_CURVE('',#8436,#8431,#1618,.T.);
#10665=EDGE_CURVE('',#8443,#8444,#1623,.T.);
#10667=EDGE_CURVE('',#8448,#8443,#1627,.T.);
#10669=EDGE_CURVE('',#8446,#8448,#1632,.T.);
#10671=EDGE_CURVE('',#8444,#8446,#1636,.T.);
#10675=EDGE_CURVE('',#8451,#8452,#1641,.T.);
#10677=EDGE_CURVE('',#8456,#8451,#1645,.T.);
#10679=EDGE_CURVE('',#8454,#8456,#1650,.T.);
#10681=EDGE_CURVE('',#8452,#8454,#1654,.T.);
#10685=EDGE_CURVE('',#8459,#8460,#1659,.T.);
#10698=EDGE_CURVE('',#8475,#8476,#1695,.T.);
#10700=EDGE_CURVE('',#8480,#8475,#1699,.T.);
#10702=EDGE_CURVE('',#8478,#8480,#1704,.T.);
#10704=EDGE_CURVE('',#8476,#8478,#1708,.T.);
#10708=EDGE_CURVE('',#8483,#8484,#1713,.T.);
#10710=EDGE_CURVE('',#8488,#8483,#1717,.T.);
#10712=EDGE_CURVE('',#8486,#8488,#1722,.T.);
#10714=EDGE_CURVE('',#8484,#8486,#1726,.T.);
#10718=EDGE_CURVE('',#8491,#8492,#1731,.T.);
#10720=EDGE_CURVE('',#8496,#8491,#1735,.T.);
#10722=EDGE_CURVE('',#8494,#8496,#1740,.T.);
#10724=EDGE_CURVE('',#8492,#8494,#1744,.T.);
#10728=EDGE_CURVE('',#8499,#8500,#1749,.T.);
#10730=EDGE_CURVE('',#8504,#8499,#1753,.T.);
#10732=EDGE_CURVE('',#8502,#8504,#1758,.T.);
#10734=EDGE_CURVE('',#8500,#8502,#1762,.T.);
#10738=EDGE_CURVE('',#8507,#8508,#1767,.T.);
#10740=EDGE_CURVE('',#8512,#8507,#1771,.T.);
#10742=EDGE_CURVE('',#8510,#8512,#1776,.T.);
#10744=EDGE_CURVE('',#8508,#8510,#1780,.T.);
#10748=EDGE_CURVE('',#8359,#8360,#1443,.T.);
#10750=EDGE_CURVE('',#8360,#8362,#1447,.T.);
#10752=EDGE_CURVE('',#8362,#8364,#1452,.T.);
#10754=EDGE_CURVE('',#8364,#8359,#1456,.T.);
#10764=EDGE_CURVE('',#8360,#9058,#1981,.T.);
#10767=EDGE_CURVE('',#8359,#9032,#1973,.T.);
#10778=EDGE_CURVE('',#9056,#9058,#1977,.T.);
#10780=EDGE_CURVE('',#8362,#9056,#6164,.T.);
#10795=EDGE_CURVE('',#9060,#9045,#2001,.T.);
#10797=EDGE_CURVE('',#9037,#9045,#2029,.T.);
#10799=EDGE_CURVE('',#9054,#9037,#2009,.T.);
#10810=EDGE_CURVE('',#9050,#9066,#1985,.T.);
#10812=EDGE_CURVE('',#9049,#9050,#1989,.T.);
#10814=EDGE_CURVE('',#9046,#9049,#1993,.T.);
#10816=EDGE_CURVE('',#9045,#9046,#1997,.T.);
#10828=EDGE_CURVE('',#9042,#9053,#2025,.T.);
#10830=EDGE_CURVE('',#9042,#9050,#2005,.T.);
#10834=EDGE_CURVE('',#9062,#9064,#2041,.T.);
#10846=EDGE_CURVE('',#9037,#9038,#2013,.T.);
#10848=EDGE_CURVE('',#9038,#9041,#2017,.T.);
#10850=EDGE_CURVE('',#9041,#9042,#2021,.T.);
#10864=EDGE_CURVE('',#9038,#9046,#2033,.T.);
#10877=EDGE_CURVE('',#9041,#9049,#2037,.T.);
#10900=EDGE_CURVE('',#8367,#9064,#2049,.T.);
#10903=EDGE_CURVE('',#8372,#9062,#2045,.T.);
#10913=EDGE_CURVE('',#8368,#9090,#2057,.T.);
#10926=EDGE_CURVE('',#9088,#9090,#2053,.T.);
#10928=EDGE_CURVE('',#8370,#9088,#6160,.T.);
#10943=EDGE_CURVE('',#9092,#9077,#2077,.T.);
#10945=EDGE_CURVE('',#9069,#9077,#2105,.T.);
#10947=EDGE_CURVE('',#9086,#9069,#2085,.T.);
#10958=EDGE_CURVE('',#9082,#9098,#2061,.T.);
#10960=EDGE_CURVE('',#9081,#9082,#2065,.T.);
#10962=EDGE_CURVE('',#9078,#9081,#2069,.T.);
#10964=EDGE_CURVE('',#9077,#9078,#2073,.T.);
#10976=EDGE_CURVE('',#9074,#9085,#2101,.T.);
#10978=EDGE_CURVE('',#9074,#9082,#2081,.T.);
#10982=EDGE_CURVE('',#9094,#9096,#2117,.T.);
#10994=EDGE_CURVE('',#9069,#9070,#2089,.T.);
#10996=EDGE_CURVE('',#9070,#9073,#2093,.T.);
#10998=EDGE_CURVE('',#9073,#9074,#2097,.T.);
#11012=EDGE_CURVE('',#9070,#9078,#2109,.T.);
#11025=EDGE_CURVE('',#9073,#9081,#2113,.T.);
#11048=EDGE_CURVE('',#8375,#9096,#2125,.T.);
#11051=EDGE_CURVE('',#8380,#9094,#2121,.T.);
#11061=EDGE_CURVE('',#8376,#9122,#2133,.T.);
#11074=EDGE_CURVE('',#9120,#9122,#2129,.T.);
#11076=EDGE_CURVE('',#8378,#9120,#6156,.T.);
#11091=EDGE_CURVE('',#9124,#9109,#2153,.T.);
#11093=EDGE_CURVE('',#9101,#9109,#2181,.T.);
#11095=EDGE_CURVE('',#9118,#9101,#2161,.T.);
#11106=EDGE_CURVE('',#9114,#9130,#2137,.T.);
#11108=EDGE_CURVE('',#9113,#9114,#2141,.T.);
#11110=EDGE_CURVE('',#9110,#9113,#2145,.T.);
#11112=EDGE_CURVE('',#9109,#9110,#2149,.T.);
#11124=EDGE_CURVE('',#9106,#9117,#2177,.T.);
#11126=EDGE_CURVE('',#9106,#9114,#2157,.T.);
#11130=EDGE_CURVE('',#9126,#9128,#2193,.T.);
#11142=EDGE_CURVE('',#9101,#9102,#2165,.T.);
#11144=EDGE_CURVE('',#9102,#9105,#2169,.T.);
#11146=EDGE_CURVE('',#9105,#9106,#2173,.T.);
#11160=EDGE_CURVE('',#9102,#9110,#2185,.T.);
#11173=EDGE_CURVE('',#9105,#9113,#2189,.T.);
#11196=EDGE_CURVE('',#8383,#9128,#2201,.T.);
#11199=EDGE_CURVE('',#8388,#9126,#2197,.T.);
#11209=EDGE_CURVE('',#8384,#9154,#2209,.T.);
#11222=EDGE_CURVE('',#9152,#9154,#2205,.T.);
#11224=EDGE_CURVE('',#8386,#9152,#6152,.T.);
#11239=EDGE_CURVE('',#9156,#9141,#2229,.T.);
#11241=EDGE_CURVE('',#9133,#9141,#2257,.T.);
#11243=EDGE_CURVE('',#9150,#9133,#2237,.T.);
#11254=EDGE_CURVE('',#9146,#9162,#2213,.T.);
#11256=EDGE_CURVE('',#9145,#9146,#2217,.T.);
#11258=EDGE_CURVE('',#9142,#9145,#2221,.T.);
#11260=EDGE_CURVE('',#9141,#9142,#2225,.T.);
#11272=EDGE_CURVE('',#9138,#9149,#2253,.T.);
#11274=EDGE_CURVE('',#9138,#9146,#2233,.T.);
#11278=EDGE_CURVE('',#9158,#9160,#2269,.T.);
#11290=EDGE_CURVE('',#9133,#9134,#2241,.T.);
#11292=EDGE_CURVE('',#9134,#9137,#2245,.T.);
#11294=EDGE_CURVE('',#9137,#9138,#2249,.T.);
#11308=EDGE_CURVE('',#9134,#9142,#2261,.T.);
#11321=EDGE_CURVE('',#9137,#9145,#2265,.T.);
#11344=EDGE_CURVE('',#8391,#9160,#2277,.T.);
#11347=EDGE_CURVE('',#8396,#9158,#2273,.T.);
#11357=EDGE_CURVE('',#8392,#9170,#2285,.T.);
#11370=EDGE_CURVE('',#9168,#9170,#2281,.T.);
#11372=EDGE_CURVE('',#8394,#9168,#6148,.T.);
#11387=EDGE_CURVE('',#9172,#9183,#2289,.T.);
#11389=EDGE_CURVE('',#9183,#9184,#2334,.T.);
#11391=EDGE_CURVE('',#9195,#9184,#6132,.T.);
#11393=EDGE_CURVE('',#9195,#9191,#2403,.T.);
#11395=EDGE_CURVE('',#9166,#9191,#6120,.T.);
#11406=EDGE_CURVE('',#9182,#9183,#2338,.T.);
#11417=EDGE_CURVE('',#9185,#9189,#2324,.T.);
#11419=EDGE_CURVE('',#9193,#9189,#2293,.T.);
#11421=EDGE_CURVE('',#9185,#9193,#2297,.T.);
#11431=EDGE_CURVE('',#9219,#9228,#2303,.T.);
#11434=EDGE_CURVE('',#9180,#9187,#2309,.T.);
#11436=EDGE_CURVE('',#9186,#9187,#2315,.T.);
#11438=EDGE_CURVE('',#9189,#9186,#2320,.T.);
#11441=EDGE_CURVE('',#9185,#9184,#2329,.T.);
#11446=EDGE_CURVE('',#7596,#7610,#2342,.T.);
#11448=EDGE_CURVE('',#7610,#7725,#2841,.T.);
#11450=EDGE_CURVE('',#7726,#7725,#3066,.T.);
#11452=EDGE_CURVE('',#7726,#7612,#2854,.T.);
#11454=EDGE_CURVE('',#7600,#7612,#6116,.T.);
#11457=EDGE_CURVE('',#9227,#9228,#2346,.T.);
#11461=EDGE_CURVE('',#9229,#9230,#2352,.T.);
#11463=EDGE_CURVE('',#9230,#9232,#2356,.T.);
#11465=EDGE_CURVE('',#9229,#9232,#2361,.T.);
#11476=EDGE_CURVE('',#9215,#9217,#2365,.T.);
#11480=EDGE_CURVE('',#9228,#9205,#2502,.T.);
#11482=EDGE_CURVE('',#9204,#9205,#2478,.T.);
#11484=EDGE_CURVE('',#9234,#9204,#2462,.T.);
#11486=EDGE_CURVE('',#9234,#9214,#2437,.T.);
#11497=EDGE_CURVE('',#8402,#9215,#2373,.T.);
#11500=EDGE_CURVE('',#8400,#9217,#2369,.T.);
#11512=EDGE_CURVE('',#8404,#9176,#2381,.T.);
#11523=EDGE_CURVE('',#9176,#9178,#2377,.T.);
#11525=EDGE_CURVE('',#8399,#9178,#6144,.T.);
#11538=EDGE_CURVE('',#9197,#9175,#2430,.T.);
#11540=EDGE_CURVE('',#9197,#9187,#2385,.T.);
#11553=EDGE_CURVE('',#9211,#9234,#2389,.T.);
#11556=EDGE_CURVE('',#7592,#7606,#2393,.T.);
#11558=EDGE_CURVE('',#7606,#7671,#2831,.T.);
#11560=EDGE_CURVE('',#7672,#7671,#2896,.T.);
#11562=EDGE_CURVE('',#7672,#7608,#2826,.T.);
#11564=EDGE_CURVE('',#7591,#7608,#2774,.T.);
#11567=EDGE_CURVE('',#9165,#9191,#2397,.T.);
#11570=EDGE_CURVE('',#9195,#9347,#2409,.T.);
#11572=EDGE_CURVE('',#9347,#9348,#2413,.T.);
#11574=EDGE_CURVE('',#9334,#9348,#2418,.T.);
#11576=EDGE_CURVE('',#9197,#9334,#2424,.T.);
#11583=EDGE_CURVE('',#9351,#9352,#2441,.T.);
#11585=EDGE_CURVE('',#9351,#9336,#2448,.T.);
#11587=EDGE_CURVE('',#9353,#9336,#2453,.T.);
#11589=EDGE_CURVE('',#9352,#9353,#2458,.T.);
#11602=EDGE_CURVE('',#9204,#9351,#2466,.T.);
#11605=EDGE_CURVE('',#9352,#9207,#2470,.T.);
#11607=EDGE_CURVE('',#9207,#9210,#2474,.T.);
#11618=EDGE_CURVE('',#9336,#9229,#2482,.T.);
#11623=EDGE_CURVE('',#9205,#9230,#2498,.T.);
#11634=EDGE_CURVE('',#9232,#9200,#2494,.T.);
#11636=EDGE_CURVE('',#9353,#9200,#2510,.T.);
#11649=EDGE_CURVE('',#9201,#9225,#2486,.T.);
#11651=EDGE_CURVE('',#9200,#9201,#2490,.T.);
#11668=EDGE_CURVE('',#9207,#9201,#2506,.T.);
#11672=EDGE_CURVE('',#9221,#9223,#2514,.T.);
#11696=EDGE_CURVE('',#8407,#9223,#2522,.T.);
#11699=EDGE_CURVE('',#8412,#9221,#2518,.T.);
#11709=EDGE_CURVE('',#8408,#9258,#2530,.T.);
#11722=EDGE_CURVE('',#9256,#9258,#2526,.T.);
#11724=EDGE_CURVE('',#8410,#9256,#2770,.T.);
#11739=EDGE_CURVE('',#9260,#9245,#2550,.T.);
#11741=EDGE_CURVE('',#9237,#9245,#2578,.T.);
#11743=EDGE_CURVE('',#9254,#9237,#2558,.T.);
#11754=EDGE_CURVE('',#9250,#9266,#2534,.T.);
#11756=EDGE_CURVE('',#9249,#9250,#2538,.T.);
#11758=EDGE_CURVE('',#9246,#9249,#2542,.T.);
#11760=EDGE_CURVE('',#9245,#9246,#2546,.T.);
#11772=EDGE_CURVE('',#9242,#9253,#2574,.T.);
#11774=EDGE_CURVE('',#9242,#9250,#2554,.T.);
#11778=EDGE_CURVE('',#9262,#9264,#2590,.T.);
#11790=EDGE_CURVE('',#9237,#9238,#2562,.T.);
#11792=EDGE_CURVE('',#9238,#9241,#2566,.T.);
#11794=EDGE_CURVE('',#9241,#9242,#2570,.T.);
#11808=EDGE_CURVE('',#9238,#9246,#2582,.T.);
#11821=EDGE_CURVE('',#9241,#9249,#2586,.T.);
#11844=EDGE_CURVE('',#8415,#9264,#2598,.T.);
#11847=EDGE_CURVE('',#8420,#9262,#2594,.T.);
#11857=EDGE_CURVE('',#8416,#9290,#2606,.T.);
#11870=EDGE_CURVE('',#9288,#9290,#2602,.T.);
#11872=EDGE_CURVE('',#8418,#9288,#2766,.T.);
#11887=EDGE_CURVE('',#9292,#9277,#2626,.T.);
#11889=EDGE_CURVE('',#9269,#9277,#2654,.T.);
#11891=EDGE_CURVE('',#9286,#9269,#2634,.T.);
#11902=EDGE_CURVE('',#9282,#9298,#2610,.T.);
#11904=EDGE_CURVE('',#9281,#9282,#2614,.T.);
#11906=EDGE_CURVE('',#9278,#9281,#2618,.T.);
#11908=EDGE_CURVE('',#9277,#9278,#2622,.T.);
#11920=EDGE_CURVE('',#9274,#9285,#2650,.T.);
#11922=EDGE_CURVE('',#9274,#9282,#2630,.T.);
#11926=EDGE_CURVE('',#9294,#9296,#2666,.T.);
#11938=EDGE_CURVE('',#9269,#9270,#2638,.T.);
#11940=EDGE_CURVE('',#9270,#9273,#2642,.T.);
#11942=EDGE_CURVE('',#9273,#9274,#2646,.T.);
#11956=EDGE_CURVE('',#9270,#9278,#2658,.T.);
#11969=EDGE_CURVE('',#9273,#9281,#2662,.T.);
#11992=EDGE_CURVE('',#8423,#9296,#2674,.T.);
#11995=EDGE_CURVE('',#8428,#9294,#2670,.T.);
#12005=EDGE_CURVE('',#8424,#9322,#2682,.T.);
#12018=EDGE_CURVE('',#9320,#9322,#2678,.T.);
#12020=EDGE_CURVE('',#8426,#9320,#2762,.T.);
#12035=EDGE_CURVE('',#9324,#9309,#2702,.T.);
#12037=EDGE_CURVE('',#9301,#9309,#2730,.T.);
#12039=EDGE_CURVE('',#9318,#9301,#2710,.T.);
#12050=EDGE_CURVE('',#9314,#9330,#2686,.T.);
#12052=EDGE_CURVE('',#9313,#9314,#2690,.T.);
#12054=EDGE_CURVE('',#9310,#9313,#2694,.T.);
#12056=EDGE_CURVE('',#9309,#9310,#2698,.T.);
#12068=EDGE_CURVE('',#9306,#9317,#2726,.T.);
#12070=EDGE_CURVE('',#9306,#9314,#2706,.T.);
#12074=EDGE_CURVE('',#9326,#9328,#2742,.T.);
#12086=EDGE_CURVE('',#9301,#9302,#2714,.T.);
#12088=EDGE_CURVE('',#9302,#9305,#2718,.T.);
#12090=EDGE_CURVE('',#9305,#9306,#2722,.T.);
#12104=EDGE_CURVE('',#9302,#9310,#2734,.T.);
#12117=EDGE_CURVE('',#9305,#9313,#2738,.T.);
#12140=EDGE_CURVE('',#8431,#9328,#2750,.T.);
#12143=EDGE_CURVE('',#8436,#9326,#2746,.T.);
#12154=EDGE_CURVE('',#8432,#8439,#2754,.T.);
#12169=EDGE_CURVE('',#8434,#8440,#2758,.T.);
#12227=EDGE_CURVE('',#7676,#7675,#2794,.T.);
#12229=EDGE_CURVE('',#7676,#7606,#2836,.T.);
#12234=EDGE_CURVE('',#7608,#7675,#2821,.T.);
#12324=EDGE_CURVE('',#7666,#7668,#2779,.T.);
#12326=EDGE_CURVE('',#7668,#7676,#2789,.T.);
#12329=EDGE_CURVE('',#7675,#7666,#2804,.T.);
#12339=EDGE_CURVE('',#7666,#7646,#2808,.T.);
#12341=EDGE_CURVE('',#7653,#7646,#2926,.T.);
#12343=EDGE_CURVE('',#7668,#7653,#2812,.T.);
#12354=EDGE_CURVE('',#7675,#7676,#2816,.T.);
#12358=EDGE_CURVE('',#7653,#7654,#2921,.T.);
#12360=EDGE_CURVE('',#7654,#7658,#2956,.T.);
#12362=EDGE_CURVE('',#7640,#7658,#2990,.T.);
#12364=EDGE_CURVE('',#7639,#7640,#3030,.T.);
#12366=EDGE_CURVE('',#7650,#7639,#3002,.T.);
#12368=EDGE_CURVE('',#7645,#7650,#2965,.T.);
#12370=EDGE_CURVE('',#7645,#7646,#2933,.T.);
#12385=EDGE_CURVE('',#7671,#7672,#2876,.T.);
#12397=EDGE_CURVE('',#7725,#7726,#3046,.T.);
#12400=EDGE_CURVE('',#7722,#7610,#2845,.T.);
#12402=EDGE_CURVE('',#7721,#7722,#3200,.T.);
#12404=EDGE_CURVE('',#7612,#7721,#2849,.T.);
#12415=EDGE_CURVE('',#7703,#7704,#2859,.T.);
#12417=EDGE_CURVE('',#7602,#7704,#2863,.T.);
#12419=EDGE_CURVE('',#7602,#7703,#3390,.T.);
#12429=EDGE_CURVE('',#7707,#7708,#2868,.T.);
#12431=EDGE_CURVE('',#7708,#7604,#3386,.T.);
#12433=EDGE_CURVE('',#7707,#7604,#2872,.T.);
#12444=EDGE_CURVE('',#7664,#7672,#2891,.T.);
#12446=EDGE_CURVE('',#7664,#7647,#2914,.T.);
#12448=EDGE_CURVE('',#7647,#7648,#2952,.T.);
#12450=EDGE_CURVE('',#7648,#7652,#2978,.T.);
#12452=EDGE_CURVE('',#7643,#7652,#3026,.T.);
#12454=EDGE_CURVE('',#7643,#7644,#3034,.T.);
#12456=EDGE_CURVE('',#7660,#7644,#3014,.T.);
#12458=EDGE_CURVE('',#7655,#7660,#2974,.T.);
#12460=EDGE_CURVE('',#7655,#7656,#2945,.T.);
#12462=EDGE_CURVE('',#7662,#7656,#2910,.T.);
#12464=EDGE_CURVE('',#7671,#7662,#2906,.T.);
#12554=EDGE_CURVE('',#7662,#7664,#2881,.T.);
#12568=EDGE_CURVE('',#7647,#7656,#2938,.T.);
#12580=EDGE_CURVE('',#7654,#7645,#2961,.T.);
#12595=EDGE_CURVE('',#7648,#7655,#2970,.T.);
#12606=EDGE_CURVE('',#7658,#7650,#2995,.T.);
#12621=EDGE_CURVE('',#7652,#7660,#3007,.T.);
#12632=EDGE_CURVE('',#7639,#7640,#2983,.T.);
#12647=EDGE_CURVE('',#7644,#7643,#3019,.T.);
#12678=EDGE_CURVE('',#7679,#7680,#3038,.T.);
#12680=EDGE_CURVE('',#7679,#7680,#3170,.T.);
#12690=EDGE_CURVE('',#7683,#7684,#3042,.T.);
#12692=EDGE_CURVE('',#7684,#7683,#3182,.T.);
#12703=EDGE_CURVE('',#7716,#7726,#3061,.T.);
#12705=EDGE_CURVE('',#7716,#7691,#3084,.T.);
#12707=EDGE_CURVE('',#7691,#7688,#3108,.T.);
#12709=EDGE_CURVE('',#7688,#7685,#3145,.T.);
#12711=EDGE_CURVE('',#7680,#7685,#3177,.T.);
#12714=EDGE_CURVE('',#7693,#7679,#3165,.T.);
#12716=EDGE_CURVE('',#7696,#7693,#3136,.T.);
#12718=EDGE_CURVE('',#7696,#7699,#3096,.T.);
#12720=EDGE_CURVE('',#7714,#7699,#3080,.T.);
#12722=EDGE_CURVE('',#7725,#7714,#3076,.T.);
#12812=EDGE_CURVE('',#7714,#7716,#3051,.T.);
#12826=EDGE_CURVE('',#7691,#7699,#3089,.T.);
#12840=EDGE_CURVE('',#7696,#7688,#3101,.T.);
#12851=EDGE_CURVE('',#7690,#7698,#3113,.T.);
#12853=EDGE_CURVE('',#7700,#7698,#3120,.T.);
#12855=EDGE_CURVE('',#7700,#7692,#3125,.T.);
#12857=EDGE_CURVE('',#7690,#7692,#3132,.T.);
#12869=EDGE_CURVE('',#7693,#7685,#3141,.T.);
#12880=EDGE_CURVE('',#7686,#7694,#3150,.T.);
#12882=EDGE_CURVE('',#7698,#7694,#3154,.T.);
#12885=EDGE_CURVE('',#7690,#7686,#3158,.T.);
#12908=EDGE_CURVE('',#7683,#7694,#3189,.T.);
#12911=EDGE_CURVE('',#7686,#7684,#3196,.T.);
#12922=EDGE_CURVE('',#7718,#7722,#3218,.T.);
#12924=EDGE_CURVE('',#7712,#7718,#3210,.T.);
#12926=EDGE_CURVE('',#7712,#7700,#3254,.T.);
#12935=EDGE_CURVE('',#7710,#7692,#3250,.T.);
#12937=EDGE_CURVE('',#7717,#7710,#3246,.T.);
#12939=EDGE_CURVE('',#7721,#7717,#3214,.T.);
#12950=EDGE_CURVE('',#7718,#7704,#3229,.T.);
#12956=EDGE_CURVE('',#7595,#7602,#3394,.T.);
#12966=EDGE_CURVE('',#7710,#7712,#3223,.T.);
#12971=EDGE_CURVE('',#7703,#7708,#3236,.T.);
#12974=EDGE_CURVE('',#7707,#7717,#6112,.T.);
#12997=EDGE_CURVE('',#7843,#7844,#3258,.T.);
#12999=EDGE_CURVE('',#7748,#7844,#3262,.T.);
#13001=EDGE_CURVE('',#7746,#7748,#3266,.T.);
#13003=EDGE_CURVE('',#7746,#7843,#3270,.T.);
#13013=EDGE_CURVE('',#7935,#7936,#3274,.T.);
#13015=EDGE_CURVE('',#7935,#7904,#3278,.T.);
#13017=EDGE_CURVE('',#7903,#7904,#3282,.T.);
#13019=EDGE_CURVE('',#7936,#7903,#3286,.T.);
#13029=EDGE_CURVE('',#7971,#7972,#3290,.T.);
#13031=EDGE_CURVE('',#7971,#7940,#3294,.T.);
#13033=EDGE_CURVE('',#7939,#7940,#3298,.T.);
#13035=EDGE_CURVE('',#7972,#7939,#3302,.T.);
#13045=EDGE_CURVE('',#8007,#8008,#3306,.T.);
#13047=EDGE_CURVE('',#8007,#7976,#3310,.T.);
#13049=EDGE_CURVE('',#7975,#7976,#3314,.T.);
#13051=EDGE_CURVE('',#8008,#7975,#3318,.T.);
#13061=EDGE_CURVE('',#8043,#8044,#3322,.T.);
#13063=EDGE_CURVE('',#8043,#8012,#3326,.T.);
#13065=EDGE_CURVE('',#8011,#8012,#3330,.T.);
#13067=EDGE_CURVE('',#8044,#8011,#3334,.T.);
#13077=EDGE_CURVE('',#8047,#8048,#3338,.T.);
#13079=EDGE_CURVE('',#7432,#8047,#3342,.T.);
#13081=EDGE_CURVE('',#7431,#7432,#3346,.T.);
#13083=EDGE_CURVE('',#7431,#7439,#3350,.T.);
#13085=EDGE_CURVE('',#7439,#7440,#3354,.T.);
#13087=EDGE_CURVE('',#7900,#7440,#3358,.T.);
#13089=EDGE_CURVE('',#7899,#7900,#3362,.T.);
#13091=EDGE_CURVE('',#7899,#7443,#3366,.T.);
#13093=EDGE_CURVE('',#7443,#7444,#3370,.T.);
#13095=EDGE_CURVE('',#7852,#7444,#3374,.T.);
#13097=EDGE_CURVE('',#7852,#7351,#3378,.T.);
#13100=EDGE_CURVE('',#7599,#7604,#3382,.T.);
#13107=EDGE_CURVE('',#7854,#7356,#3398,.T.);
#13109=EDGE_CURVE('',#7436,#7854,#3402,.T.);
#13111=EDGE_CURVE('',#7435,#7436,#3406,.T.);
#13113=EDGE_CURVE('',#7435,#8048,#3410,.T.);
#13117=EDGE_CURVE('',#8516,#8520,#3415,.T.);
#13119=EDGE_CURVE('',#8520,#8524,#3419,.T.);
#13121=EDGE_CURVE('',#8524,#8528,#3424,.T.);
#13123=EDGE_CURVE('',#8528,#8516,#3428,.T.);
#13127=EDGE_CURVE('',#8532,#8536,#3433,.T.);
#13129=EDGE_CURVE('',#8536,#8540,#3437,.T.);
#13131=EDGE_CURVE('',#8540,#8544,#3442,.T.);
#13133=EDGE_CURVE('',#8544,#8532,#3446,.T.);
#13137=EDGE_CURVE('',#8548,#8552,#3451,.T.);
#13139=EDGE_CURVE('',#8552,#8556,#3455,.T.);
#13141=EDGE_CURVE('',#8556,#8560,#3460,.T.);
#13143=EDGE_CURVE('',#8560,#8548,#3464,.T.);
#13147=EDGE_CURVE('',#8564,#8568,#3469,.T.);
#13149=EDGE_CURVE('',#8568,#8572,#3473,.T.);
#13151=EDGE_CURVE('',#8572,#8576,#3478,.T.);
#13153=EDGE_CURVE('',#8576,#8564,#3482,.T.);
#13163=EDGE_CURVE('',#7873,#7874,#3486,.T.);
#13165=EDGE_CURVE('',#7839,#7874,#3511,.T.);
#13167=EDGE_CURVE('',#7835,#7839,#3524,.T.);
#13169=EDGE_CURVE('',#7831,#7835,#3532,.T.);
#13171=EDGE_CURVE('',#7827,#7831,#4412,.T.);
#13173=EDGE_CURVE('',#7860,#7827,#4403,.T.);
#13175=EDGE_CURVE('',#7859,#7860,#3490,.T.);
#13177=EDGE_CURVE('',#7848,#7859,#4221,.T.);
#13179=EDGE_CURVE('',#7848,#7844,#4426,.T.);
#13182=EDGE_CURVE('',#7843,#7846,#4453,.T.);
#13193=EDGE_CURVE('',#7879,#7884,#3494,.T.);
#13195=EDGE_CURVE('',#7874,#7884,#3515,.T.);
#13208=EDGE_CURVE('',#7884,#7880,#3499,.T.);
#13221=EDGE_CURVE('',#7882,#7884,#3503,.T.);
#13234=EDGE_CURVE('',#7839,#7840,#3507,.T.);
#13246=EDGE_CURVE('',#7835,#7836,#3519,.T.);
#13250=EDGE_CURVE('',#7836,#7840,#4472,.T.);
#13260=EDGE_CURVE('',#7886,#7631,#3549,.T.);
#13262=EDGE_CURVE('',#7832,#7886,#4484,.T.);
#13264=EDGE_CURVE('',#7831,#7832,#3528,.T.);
#13268=EDGE_CURVE('',#7888,#7836,#4492,.T.);
#13270=EDGE_CURVE('',#7888,#7635,#4518,.T.);
#13272=EDGE_CURVE('',#7631,#7635,#4860,.T.);
#13283=EDGE_CURVE('',#7432,#7423,#3536,.T.);
#13285=EDGE_CURVE('',#7423,#7424,#3540,.T.);
#13287=EDGE_CURVE('',#7424,#7431,#3545,.T.);
#13298=EDGE_CURVE('',#7436,#7886,#4476,.T.);
#13301=EDGE_CURVE('',#7631,#7632,#3553,.T.);
#13303=EDGE_CURVE('',#7632,#7435,#3558,.T.);
#13313=EDGE_CURVE('',#7900,#7906,#3562,.T.);
#13316=EDGE_CURVE('',#7440,#7427,#4505,.T.);
#13318=EDGE_CURVE('',#7906,#7427,#4690,.T.);
#13328=EDGE_CURVE('',#7936,#7942,#3566,.T.);
#13331=EDGE_CURVE('',#7903,#7908,#3570,.T.);
#13333=EDGE_CURVE('',#7942,#7908,#4698,.T.);
#13343=EDGE_CURVE('',#7972,#7978,#3574,.T.);
#13346=EDGE_CURVE('',#7939,#7944,#3578,.T.);
#13348=EDGE_CURVE('',#7978,#7944,#4710,.T.);
#13358=EDGE_CURVE('',#8008,#8014,#3582,.T.);
#13361=EDGE_CURVE('',#7975,#7980,#3586,.T.);
#13363=EDGE_CURVE('',#8014,#7980,#4722,.T.);
#13373=EDGE_CURVE('',#8044,#8050,#3590,.T.);
#13376=EDGE_CURVE('',#8011,#8016,#3594,.T.);
#13378=EDGE_CURVE('',#8050,#8016,#4734,.T.);
#13388=EDGE_CURVE('',#8047,#8052,#3598,.T.);
#13390=EDGE_CURVE('',#7423,#8052,#4746,.T.);
#13402=EDGE_CURVE('',#7892,#7894,#3619,.T.);
#13404=EDGE_CURVE('',#7892,#7919,#3602,.T.);
#13406=EDGE_CURVE('',#7919,#7920,#4864,.T.);
#13408=EDGE_CURVE('',#7899,#7920,#4767,.T.);
#13412=EDGE_CURVE('',#7906,#7910,#4686,.T.);
#13414=EDGE_CURVE('',#7914,#7910,#4639,.T.);
#13416=EDGE_CURVE('',#7894,#7914,#4952,.T.);
#13426=EDGE_CURVE('',#7332,#7327,#3606,.T.);
#13429=EDGE_CURVE('',#7338,#7336,#3610,.T.);
#13434=EDGE_CURVE('',#7891,#7892,#3615,.T.);
#13437=EDGE_CURVE('',#7894,#7896,#3624,.T.);
#13439=EDGE_CURVE('',#7896,#7891,#3628,.T.);
#13443=EDGE_CURVE('',#7927,#7928,#3633,.T.);
#13445=EDGE_CURVE('',#7928,#7930,#3637,.T.);
#13447=EDGE_CURVE('',#7930,#7932,#3642,.T.);
#13449=EDGE_CURVE('',#7932,#7927,#3646,.T.);
#13453=EDGE_CURVE('',#7963,#7964,#3651,.T.);
#13455=EDGE_CURVE('',#7964,#7966,#3655,.T.);
#13457=EDGE_CURVE('',#7966,#7968,#3660,.T.);
#13459=EDGE_CURVE('',#7968,#7963,#3664,.T.);
#13463=EDGE_CURVE('',#7999,#8000,#3669,.T.);
#13465=EDGE_CURVE('',#8000,#8002,#3673,.T.);
#13467=EDGE_CURVE('',#8002,#8004,#3678,.T.);
#13469=EDGE_CURVE('',#8004,#7999,#3682,.T.);
#13473=EDGE_CURVE('',#8035,#8036,#3687,.T.);
#13475=EDGE_CURVE('',#8036,#8038,#3691,.T.);
#13477=EDGE_CURVE('',#8038,#8040,#3696,.T.);
#13479=EDGE_CURVE('',#8040,#8035,#3700,.T.);
#13483=EDGE_CURVE('',#8515,#8519,#3705,.T.);
#13485=EDGE_CURVE('',#8527,#8515,#3709,.T.);
#13487=EDGE_CURVE('',#8523,#8527,#3714,.T.);
#13489=EDGE_CURVE('',#8519,#8523,#3718,.T.);
#13493=EDGE_CURVE('',#8531,#8535,#3723,.T.);
#13495=EDGE_CURVE('',#8543,#8531,#3727,.T.);
#13497=EDGE_CURVE('',#8539,#8543,#3732,.T.);
#13499=EDGE_CURVE('',#8535,#8539,#3736,.T.);
#13503=EDGE_CURVE('',#8547,#8551,#3741,.T.);
#13505=EDGE_CURVE('',#8559,#8547,#3745,.T.);
#13507=EDGE_CURVE('',#8555,#8559,#3750,.T.);
#13509=EDGE_CURVE('',#8551,#8555,#3754,.T.);
#13513=EDGE_CURVE('',#8563,#8567,#3759,.T.);
#13515=EDGE_CURVE('',#8575,#8563,#3763,.T.);
#13517=EDGE_CURVE('',#8571,#8575,#3768,.T.);
#13519=EDGE_CURVE('',#8567,#8571,#3772,.T.);
#13530=EDGE_CURVE('',#7330,#7328,#3780,.T.);
#13542=EDGE_CURVE('',#7822,#7323,#3915,.T.);
#13544=EDGE_CURVE('',#7786,#7822,#3776,.T.);
#13551=EDGE_CURVE('',#8231,#8232,#3785,.T.);
#13553=EDGE_CURVE('',#8232,#8234,#3789,.T.);
#13555=EDGE_CURVE('',#8234,#8236,#3794,.T.);
#13557=EDGE_CURVE('',#8236,#8231,#3798,.T.);
#13561=EDGE_CURVE('',#8247,#8248,#3803,.T.);
#13563=EDGE_CURVE('',#8248,#8250,#3807,.T.);
#13565=EDGE_CURVE('',#8250,#8252,#3812,.T.);
#13567=EDGE_CURVE('',#8252,#8247,#3816,.T.);
#13571=EDGE_CURVE('',#8263,#8264,#3821,.T.);
#13573=EDGE_CURVE('',#8264,#8266,#3825,.T.);
#13575=EDGE_CURVE('',#8266,#8268,#3830,.T.);
#13577=EDGE_CURVE('',#8268,#8263,#3834,.T.);
#13581=EDGE_CURVE('',#8279,#8280,#3839,.T.);
#13583=EDGE_CURVE('',#8280,#8282,#3843,.T.);
#13585=EDGE_CURVE('',#8282,#8284,#3848,.T.);
#13587=EDGE_CURVE('',#8284,#8279,#3852,.T.);
#13591=EDGE_CURVE('',#8295,#8296,#3857,.T.);
#13593=EDGE_CURVE('',#8296,#8298,#3861,.T.);
#13595=EDGE_CURVE('',#8298,#8300,#3866,.T.);
#13597=EDGE_CURVE('',#8300,#8295,#3870,.T.);
#13601=EDGE_CURVE('',#8331,#8332,#3875,.T.);
#13603=EDGE_CURVE('',#8334,#8331,#3879,.T.);
#13605=EDGE_CURVE('',#8338,#8334,#3884,.T.);
#13607=EDGE_CURVE('',#8354,#8338,#3888,.T.);
#13609=EDGE_CURVE('',#8350,#8354,#3893,.T.);
#13611=EDGE_CURVE('',#8346,#8350,#3897,.T.);
#13613=EDGE_CURVE('',#8342,#8346,#3902,.T.);
#13615=EDGE_CURVE('',#8332,#8342,#3906,.T.);
#13625=EDGE_CURVE('',#7818,#7780,#3911,.T.);
#13627=EDGE_CURVE('',#7822,#7818,#5862,.T.);
#13631=EDGE_CURVE('',#7780,#7324,#5398,.T.);
#13641=EDGE_CURVE('',#7807,#7808,#3919,.T.);
#13643=EDGE_CURVE('',#7778,#7808,#4170,.T.);
#13645=EDGE_CURVE('',#7778,#7782,#5349,.T.);
#13648=EDGE_CURVE('',#7817,#7818,#3923,.T.);
#13651=EDGE_CURVE('',#7752,#7780,#5394,.T.);
#13653=EDGE_CURVE('',#7752,#7807,#3956,.T.);
#13664=EDGE_CURVE('',#7807,#7811,#3935,.T.);
#13666=EDGE_CURVE('',#7811,#7812,#4130,.T.);
#13668=EDGE_CURVE('',#7812,#7808,#3947,.T.);
#13678=EDGE_CURVE('',#7320,#7811,#3951,.T.);
#13682=EDGE_CURVE('',#7752,#7319,#5390,.T.);
#13695=EDGE_CURVE('',#7340,#7335,#3960,.T.);
#13698=EDGE_CURVE('',#7784,#7811,#3964,.T.);
#13702=EDGE_CURVE('',#8151,#8152,#3969,.T.);
#13704=EDGE_CURVE('',#8152,#8154,#3973,.T.);
#13706=EDGE_CURVE('',#8154,#8156,#3978,.T.);
#13708=EDGE_CURVE('',#8156,#8151,#3982,.T.);
#13712=EDGE_CURVE('',#8167,#8168,#3987,.T.);
#13714=EDGE_CURVE('',#8168,#8170,#3991,.T.);
#13716=EDGE_CURVE('',#8170,#8172,#3996,.T.);
#13718=EDGE_CURVE('',#8172,#8167,#4000,.T.);
#13722=EDGE_CURVE('',#8183,#8184,#4005,.T.);
#13724=EDGE_CURVE('',#8184,#8186,#4009,.T.);
#13726=EDGE_CURVE('',#8186,#8188,#4014,.T.);
#13728=EDGE_CURVE('',#8188,#8183,#4018,.T.);
#13732=EDGE_CURVE('',#8199,#8200,#4023,.T.);
#13734=EDGE_CURVE('',#8200,#8202,#4027,.T.);
#13736=EDGE_CURVE('',#8202,#8204,#4032,.T.);
#13738=EDGE_CURVE('',#8204,#8199,#4036,.T.);
#13742=EDGE_CURVE('',#8215,#8216,#4041,.T.);
#13744=EDGE_CURVE('',#8216,#8218,#4045,.T.);
#13746=EDGE_CURVE('',#8218,#8220,#4050,.T.);
#13748=EDGE_CURVE('',#8220,#8215,#4054,.T.);
#13752=EDGE_CURVE('',#8643,#8647,#4059,.T.);
#13754=EDGE_CURVE('',#8655,#8643,#4063,.T.);
#13756=EDGE_CURVE('',#8651,#8655,#4068,.T.);
#13758=EDGE_CURVE('',#8647,#8651,#4072,.T.);
#13762=EDGE_CURVE('',#8659,#8663,#4077,.T.);
#13764=EDGE_CURVE('',#8671,#8659,#4081,.T.);
#13766=EDGE_CURVE('',#8667,#8671,#4086,.T.);
#13768=EDGE_CURVE('',#8663,#8667,#4090,.T.);
#13772=EDGE_CURVE('',#8675,#8679,#4095,.T.);
#13774=EDGE_CURVE('',#8687,#8675,#4099,.T.);
#13776=EDGE_CURVE('',#8683,#8687,#4104,.T.);
#13778=EDGE_CURVE('',#8679,#8683,#4108,.T.);
#13782=EDGE_CURVE('',#8691,#8695,#4113,.T.);
#13784=EDGE_CURVE('',#8703,#8691,#4117,.T.);
#13786=EDGE_CURVE('',#8699,#8703,#4122,.T.);
#13788=EDGE_CURVE('',#8695,#8699,#4126,.T.);
#13813=EDGE_CURVE('',#7788,#7812,#4138,.T.);
#13823=EDGE_CURVE('',#7821,#7822,#4142,.T.);
#13836=EDGE_CURVE('',#7812,#7814,#4154,.T.);
#13840=EDGE_CURVE('',#7770,#7776,#5030,.T.);
#13842=EDGE_CURVE('',#7770,#7814,#5042,.T.);
#13852=EDGE_CURVE('',#7861,#7862,#4161,.T.);
#13854=EDGE_CURVE('',#7862,#7344,#4165,.T.);
#13857=EDGE_CURVE('',#7778,#7343,#5353,.T.);
#13862=EDGE_CURVE('',#7866,#7814,#4209,.T.);
#13864=EDGE_CURVE('',#7864,#7866,#4175,.T.);
#13866=EDGE_CURVE('',#7864,#7861,#4179,.T.);
#13877=EDGE_CURVE('',#7868,#7861,#4184,.T.);
#13879=EDGE_CURVE('',#7862,#7868,#4387,.T.);
#13890=EDGE_CURVE('',#7870,#7864,#4189,.T.);
#13892=EDGE_CURVE('',#7868,#7870,#4395,.T.);
#13904=EDGE_CURVE('',#7866,#7870,#4193,.T.);
#13916=EDGE_CURVE('',#7866,#7859,#4205,.T.);
#13919=EDGE_CURVE('',#7870,#7860,#4399,.T.);
#13930=EDGE_CURVE('',#7856,#7862,#4197,.T.);
#13932=EDGE_CURVE('',#7856,#7355,#4201,.T.);
#13937=EDGE_CURVE('',#8159,#8160,#4226,.T.);
#13939=EDGE_CURVE('',#8164,#8159,#4230,.T.);
#13941=EDGE_CURVE('',#8162,#8164,#4235,.T.);
#13943=EDGE_CURVE('',#8160,#8162,#4239,.T.);
#13947=EDGE_CURVE('',#8175,#8176,#4244,.T.);
#13949=EDGE_CURVE('',#8180,#8175,#4248,.T.);
#13951=EDGE_CURVE('',#8178,#8180,#4253,.T.);
#13953=EDGE_CURVE('',#8176,#8178,#4257,.T.);
#13957=EDGE_CURVE('',#8191,#8192,#4262,.T.);
#13959=EDGE_CURVE('',#8196,#8191,#4266,.T.);
#13961=EDGE_CURVE('',#8194,#8196,#4271,.T.);
#13963=EDGE_CURVE('',#8192,#8194,#4275,.T.);
#13967=EDGE_CURVE('',#8207,#8208,#4280,.T.);
#13969=EDGE_CURVE('',#8212,#8207,#4284,.T.);
#13971=EDGE_CURVE('',#8210,#8212,#4289,.T.);
#13973=EDGE_CURVE('',#8208,#8210,#4293,.T.);
#13977=EDGE_CURVE('',#8223,#8224,#4298,.T.);
#13979=EDGE_CURVE('',#8228,#8223,#4302,.T.);
#13981=EDGE_CURVE('',#8226,#8228,#4307,.T.);
#13983=EDGE_CURVE('',#8224,#8226,#4311,.T.);
#13987=EDGE_CURVE('',#8644,#8648,#4316,.T.);
#13989=EDGE_CURVE('',#8648,#8652,#4320,.T.);
#13991=EDGE_CURVE('',#8652,#8656,#4325,.T.);
#13993=EDGE_CURVE('',#8656,#8644,#4329,.T.);
#13997=EDGE_CURVE('',#8660,#8664,#4334,.T.);
#13999=EDGE_CURVE('',#8664,#8668,#4338,.T.);
#14001=EDGE_CURVE('',#8668,#8672,#4343,.T.);
#14003=EDGE_CURVE('',#8672,#8660,#4347,.T.);
#14007=EDGE_CURVE('',#8676,#8680,#4352,.T.);
#14009=EDGE_CURVE('',#8680,#8684,#4356,.T.);
#14011=EDGE_CURVE('',#8684,#8688,#4361,.T.);
#14013=EDGE_CURVE('',#8688,#8676,#4365,.T.);
#14017=EDGE_CURVE('',#8692,#8696,#4370,.T.);
#14019=EDGE_CURVE('',#8696,#8700,#4374,.T.);
#14021=EDGE_CURVE('',#8700,#8704,#4379,.T.);
#14023=EDGE_CURVE('',#8704,#8692,#4383,.T.);
#14035=EDGE_CURVE('',#7750,#7814,#4213,.T.);
#14037=EDGE_CURVE('',#7750,#7848,#4217,.T.);
#14049=EDGE_CURVE('',#7868,#7828,#4391,.T.);
#14051=EDGE_CURVE('',#7828,#7856,#4416,.T.);
#14065=EDGE_CURVE('',#7827,#7828,#4407,.T.);
#14079=EDGE_CURVE('',#7828,#7832,#4421,.T.);
#14089=EDGE_CURVE('',#7856,#7854,#4436,.T.);
#14093=EDGE_CURVE('',#7832,#7854,#4480,.T.);
#14105=EDGE_CURVE('',#7750,#7748,#4431,.T.);
#14128=EDGE_CURVE('',#7748,#7737,#4440,.T.);
#14131=EDGE_CURVE('',#7750,#7741,#5038,.T.);
#14133=EDGE_CURVE('',#7737,#7741,#5010,.T.);
#14143=EDGE_CURVE('',#7746,#7733,#4444,.T.);
#14147=EDGE_CURVE('',#7733,#7737,#5001,.T.);
#14158=EDGE_CURVE('',#7746,#7744,#4458,.T.);
#14161=EDGE_CURVE('',#7729,#7733,#4993,.T.);
#14186=EDGE_CURVE('',#7852,#7850,#4463,.T.);
#14197=EDGE_CURVE('',#7836,#7852,#4467,.T.);
#14221=EDGE_CURVE('',#7444,#7888,#4488,.T.);
#14235=EDGE_CURVE('',#7428,#7439,#4497,.T.);
#14237=EDGE_CURVE('',#7427,#7428,#4501,.T.);
#14249=EDGE_CURVE('',#7636,#7443,#4510,.T.);
#14251=EDGE_CURVE('',#7635,#7636,#4514,.T.);
#14263=EDGE_CURVE('',#8058,#8054,#4523,.T.);
#14265=EDGE_CURVE('',#8054,#8020,#4527,.T.);
#14267=EDGE_CURVE('',#8024,#8020,#4532,.T.);
#14269=EDGE_CURVE('',#8022,#8024,#4547,.T.);
#14271=EDGE_CURVE('',#8022,#8018,#4552,.T.);
#14273=EDGE_CURVE('',#8018,#7984,#4556,.T.);
#14275=EDGE_CURVE('',#7988,#7984,#4561,.T.);
#14277=EDGE_CURVE('',#7986,#7988,#4576,.T.);
#14279=EDGE_CURVE('',#7986,#7982,#4581,.T.);
#14281=EDGE_CURVE('',#7982,#7948,#4585,.T.);
#14283=EDGE_CURVE('',#7952,#7948,#4590,.T.);
#14285=EDGE_CURVE('',#7950,#7952,#4605,.T.);
#14287=EDGE_CURVE('',#7950,#7946,#4610,.T.);
#14289=EDGE_CURVE('',#7946,#7912,#4614,.T.);
#14291=EDGE_CURVE('',#7916,#7912,#4619,.T.);
#14293=EDGE_CURVE('',#7914,#7916,#4634,.T.);
#14296=EDGE_CURVE('',#7910,#7428,#4643,.T.);
#14301=EDGE_CURVE('',#7424,#8056,#4647,.T.);
#14303=EDGE_CURVE('',#8060,#8056,#4652,.T.);
#14305=EDGE_CURVE('',#8058,#8060,#4666,.T.);
#14316=EDGE_CURVE('',#8036,#8063,#4670,.T.);
#14318=EDGE_CURVE('',#8063,#8064,#4840,.T.);
#14320=EDGE_CURVE('',#8043,#8064,#4818,.T.);
#14324=EDGE_CURVE('',#8050,#8054,#4730,.T.);
#14327=EDGE_CURVE('',#8038,#8058,#4682,.T.);
#14338=EDGE_CURVE('',#8035,#8067,#4674,.T.);
#14340=EDGE_CURVE('',#8067,#8063,#4852,.T.);
#14352=EDGE_CURVE('',#8040,#8060,#4678,.T.);
#14355=EDGE_CURVE('',#8052,#8056,#4742,.T.);
#14359=EDGE_CURVE('',#8048,#8068,#4832,.T.);
#14361=EDGE_CURVE('',#8067,#8068,#4856,.T.);
#14396=EDGE_CURVE('',#7942,#7946,#4694,.T.);
#14399=EDGE_CURVE('',#7908,#7912,#4702,.T.);
#14410=EDGE_CURVE('',#7978,#7982,#4706,.T.);
#14413=EDGE_CURVE('',#7944,#7948,#4714,.T.);
#14424=EDGE_CURVE('',#8014,#8018,#4718,.T.);
#14427=EDGE_CURVE('',#7980,#7984,#4726,.T.);
#14440=EDGE_CURVE('',#8016,#8020,#4738,.T.);
#14464=EDGE_CURVE('',#7928,#7955,#4750,.T.);
#14466=EDGE_CURVE('',#7955,#7956,#4884,.T.);
#14468=EDGE_CURVE('',#7935,#7956,#4776,.T.);
#14474=EDGE_CURVE('',#7930,#7950,#4762,.T.);
#14485=EDGE_CURVE('',#7927,#7959,#4754,.T.);
#14487=EDGE_CURVE('',#7959,#7955,#4896,.T.);
#14499=EDGE_CURVE('',#7932,#7952,#4758,.T.);
#14505=EDGE_CURVE('',#7940,#7960,#4799,.T.);
#14507=EDGE_CURVE('',#7959,#7960,#4900,.T.);
#14531=EDGE_CURVE('',#7920,#7636,#4771,.T.);
#14544=EDGE_CURVE('',#7956,#7924,#4780,.T.);
#14546=EDGE_CURVE('',#7904,#7924,#4785,.T.);
#14557=EDGE_CURVE('',#7971,#7992,#4790,.T.);
#14559=EDGE_CURVE('',#7992,#7960,#4794,.T.);
#14571=EDGE_CURVE('',#8007,#8028,#4804,.T.);
#14573=EDGE_CURVE('',#8028,#7996,#4808,.T.);
#14575=EDGE_CURVE('',#7976,#7996,#4813,.T.);
#14587=EDGE_CURVE('',#8064,#8032,#4822,.T.);
#14589=EDGE_CURVE('',#8012,#8032,#4827,.T.);
#14603=EDGE_CURVE('',#7632,#8068,#4836,.T.);
#14622=EDGE_CURVE('',#7923,#7919,#4876,.T.);
#14624=EDGE_CURVE('',#7923,#7924,#4880,.T.);
#14631=EDGE_CURVE('',#7991,#7992,#4904,.T.);
#14633=EDGE_CURVE('',#7995,#7991,#4916,.T.);
#14635=EDGE_CURVE('',#7995,#7996,#4920,.T.);
#14638=EDGE_CURVE('',#8027,#8028,#4924,.T.);
#14640=EDGE_CURVE('',#8031,#8027,#4936,.T.);
#14642=EDGE_CURVE('',#8031,#8032,#4940,.T.);
#14654=EDGE_CURVE('',#7891,#7923,#4944,.T.);
#14667=EDGE_CURVE('',#7896,#7916,#4948,.T.);
#14697=EDGE_CURVE('',#7964,#7991,#4956,.T.);
#14705=EDGE_CURVE('',#7966,#7986,#4968,.T.);
#14716=EDGE_CURVE('',#7963,#7995,#4960,.T.);
#14729=EDGE_CURVE('',#7968,#7988,#4964,.T.);
#14759=EDGE_CURVE('',#8000,#8027,#4972,.T.);
#14767=EDGE_CURVE('',#8002,#8022,#4984,.T.);
#14778=EDGE_CURVE('',#7999,#8031,#4976,.T.);
#14791=EDGE_CURVE('',#8004,#8024,#4980,.T.);
#14822=EDGE_CURVE('',#7733,#7734,#4997,.T.);
#14835=EDGE_CURVE('',#7737,#7738,#5005,.T.);
#14848=EDGE_CURVE('',#7741,#7742,#5022,.T.);
#14859=EDGE_CURVE('',#7741,#7766,#5014,.T.);
#14861=EDGE_CURVE('',#7772,#7766,#5018,.T.);
#14873=EDGE_CURVE('',#7769,#7770,#5026,.T.);
#14877=EDGE_CURVE('',#7769,#7775,#5034,.T.);
#14892=EDGE_CURVE('',#7794,#7769,#5048,.T.);
#14894=EDGE_CURVE('',#7795,#7794,#5058,.T.);
#14896=EDGE_CURVE('',#7766,#7795,#5064,.T.);
#14907=EDGE_CURVE('',#7794,#7792,#5068,.T.);
#14921=EDGE_CURVE('',#7797,#7795,#5072,.T.);
#14945=EDGE_CURVE('',#8151,#8159,#5076,.T.);
#14948=EDGE_CURVE('',#8152,#8160,#5088,.T.);
#14959=EDGE_CURVE('',#8156,#8164,#5080,.T.);
#14972=EDGE_CURVE('',#8154,#8162,#5084,.T.);
#14997=EDGE_CURVE('',#8167,#8175,#5092,.T.);
#15000=EDGE_CURVE('',#8168,#8176,#5104,.T.);
#15011=EDGE_CURVE('',#8172,#8180,#5096,.T.);
#15024=EDGE_CURVE('',#8170,#8178,#5100,.T.);
#15049=EDGE_CURVE('',#8183,#8191,#5108,.T.);
#15052=EDGE_CURVE('',#8184,#8192,#5120,.T.);
#15063=EDGE_CURVE('',#8188,#8196,#5112,.T.);
#15076=EDGE_CURVE('',#8186,#8194,#5116,.T.);
#15101=EDGE_CURVE('',#8199,#8207,#5124,.T.);
#15104=EDGE_CURVE('',#8200,#8208,#5136,.T.);
#15115=EDGE_CURVE('',#8204,#8212,#5128,.T.);
#15128=EDGE_CURVE('',#8202,#8210,#5132,.T.);
#15153=EDGE_CURVE('',#8215,#8223,#5140,.T.);
#15156=EDGE_CURVE('',#8216,#8224,#5152,.T.);
#15167=EDGE_CURVE('',#8220,#8228,#5144,.T.);
#15180=EDGE_CURVE('',#8218,#8226,#5148,.T.);
#15204=EDGE_CURVE('',#8643,#8644,#5156,.T.);
#15207=EDGE_CURVE('',#8647,#8648,#5168,.T.);
#15220=EDGE_CURVE('',#8655,#8656,#5160,.T.);
#15231=EDGE_CURVE('',#8651,#8652,#5164,.T.);
#15256=EDGE_CURVE('',#8659,#8660,#5172,.T.);
#15259=EDGE_CURVE('',#8663,#8664,#5184,.T.);
#15272=EDGE_CURVE('',#8671,#8672,#5176,.T.);
#15283=EDGE_CURVE('',#8667,#8668,#5180,.T.);
#15308=EDGE_CURVE('',#8675,#8676,#5188,.T.);
#15311=EDGE_CURVE('',#8679,#8680,#5200,.T.);
#15324=EDGE_CURVE('',#8687,#8688,#5192,.T.);
#15335=EDGE_CURVE('',#8683,#8684,#5196,.T.);
#15360=EDGE_CURVE('',#8691,#8692,#5204,.T.);
#15363=EDGE_CURVE('',#8695,#8696,#5216,.T.);
#15376=EDGE_CURVE('',#8703,#8704,#5208,.T.);
#15387=EDGE_CURVE('',#8699,#8700,#5212,.T.);
#15412=EDGE_CURVE('',#8604,#8608,#5221,.T.);
#15414=EDGE_CURVE('',#8608,#8638,#5225,.T.);
#15417=EDGE_CURVE('',#8632,#8596,#5229,.T.);
#15419=EDGE_CURVE('',#8596,#8600,#5234,.T.);
#15421=EDGE_CURVE('',#8600,#8630,#5238,.T.);
#15424=EDGE_CURVE('',#8624,#8588,#5242,.T.);
#15426=EDGE_CURVE('',#8588,#8592,#5247,.T.);
#15428=EDGE_CURVE('',#8592,#8622,#5251,.T.);
#15431=EDGE_CURVE('',#8616,#8580,#5255,.T.);
#15433=EDGE_CURVE('',#8580,#8584,#5260,.T.);
#15435=EDGE_CURVE('',#8584,#8614,#5264,.T.);
#15438=EDGE_CURVE('',#8080,#8082,#5268,.T.);
#15440=EDGE_CURVE('',#8079,#8080,#5273,.T.);
#15442=EDGE_CURVE('',#8084,#8079,#5277,.T.);
#15445=EDGE_CURVE('',#8096,#8098,#5281,.T.);
#15447=EDGE_CURVE('',#8095,#8096,#5286,.T.);
#15449=EDGE_CURVE('',#8100,#8095,#5290,.T.);
#15452=EDGE_CURVE('',#8112,#8114,#5294,.T.);
#15454=EDGE_CURVE('',#8111,#8112,#5299,.T.);
#15456=EDGE_CURVE('',#8116,#8111,#5303,.T.);
#15459=EDGE_CURVE('',#8128,#8130,#5307,.T.);
#15461=EDGE_CURVE('',#8127,#8128,#5312,.T.);
#15463=EDGE_CURVE('',#8132,#8127,#5316,.T.);
#15466=EDGE_CURVE('',#8144,#8146,#5320,.T.);
#15468=EDGE_CURVE('',#8143,#8144,#5325,.T.);
#15470=EDGE_CURVE('',#8148,#8143,#5329,.T.);
#15473=EDGE_CURVE('',#7415,#7416,#5333,.T.);
#15475=EDGE_CURVE('',#7416,#7420,#5337,.T.);
#15477=EDGE_CURVE('',#7419,#7420,#5341,.T.);
#15484=EDGE_CURVE('',#7383,#7384,#5357,.T.);
#15486=EDGE_CURVE('',#7384,#7388,#5361,.T.);
#15488=EDGE_CURVE('',#7387,#7388,#5365,.T.);
#15491=EDGE_CURVE('',#8640,#8604,#5369,.T.);
#15501=EDGE_CURVE('',#8603,#8604,#5373,.T.);
#15503=EDGE_CURVE('',#8603,#8607,#5382,.T.);
#15505=EDGE_CURVE('',#8607,#8608,#5642,.T.);
#15517=EDGE_CURVE('',#8636,#8603,#5386,.T.);
#15522=EDGE_CURVE('',#9383,#9419,#5377,.T.);
#15539=EDGE_CURVE('',#8140,#8135,#5402,.T.);
#15541=EDGE_CURVE('',#8135,#8136,#5407,.T.);
#15543=EDGE_CURVE('',#8136,#8138,#5411,.T.);
#15546=EDGE_CURVE('',#8124,#8119,#5415,.T.);
#15548=EDGE_CURVE('',#8119,#8120,#5420,.T.);
#15550=EDGE_CURVE('',#8120,#8122,#5424,.T.);
#15553=EDGE_CURVE('',#8108,#8103,#5428,.T.);
#15555=EDGE_CURVE('',#8103,#8104,#5433,.T.);
#15557=EDGE_CURVE('',#8104,#8106,#5437,.T.);
#15560=EDGE_CURVE('',#8092,#8087,#5441,.T.);
#15562=EDGE_CURVE('',#8087,#8088,#5446,.T.);
#15564=EDGE_CURVE('',#8088,#8090,#5450,.T.);
#15567=EDGE_CURVE('',#8076,#8071,#5454,.T.);
#15569=EDGE_CURVE('',#8071,#8072,#5459,.T.);
#15571=EDGE_CURVE('',#8072,#8074,#5463,.T.);
#15574=EDGE_CURVE('',#8583,#8610,#5467,.T.);
#15576=EDGE_CURVE('',#8579,#8583,#5472,.T.);
#15578=EDGE_CURVE('',#8612,#8579,#5476,.T.);
#15581=EDGE_CURVE('',#8591,#8618,#5480,.T.);
#15583=EDGE_CURVE('',#8587,#8591,#5485,.T.);
#15585=EDGE_CURVE('',#8620,#8587,#5489,.T.);
#15588=EDGE_CURVE('',#8599,#8626,#5493,.T.);
#15590=EDGE_CURVE('',#8595,#8599,#5498,.T.);
#15592=EDGE_CURVE('',#8628,#8595,#5502,.T.);
#15595=EDGE_CURVE('',#8607,#8634,#5506,.T.);
#15606=EDGE_CURVE('',#9393,#9369,#5510,.T.);
#15610=EDGE_CURVE('',#8135,#8143,#5522,.T.);
#15623=EDGE_CURVE('',#9424,#9425,#5514,.T.);
#15637=EDGE_CURVE('',#8136,#8144,#5518,.T.);
#15662=EDGE_CURVE('',#9397,#9367,#5526,.T.);
#15666=EDGE_CURVE('',#8119,#8127,#5538,.T.);
#15677=EDGE_CURVE('',#9365,#9395,#5534,.T.);
#15692=EDGE_CURVE('',#8120,#8128,#5530,.T.);
#15718=EDGE_CURVE('',#9389,#9363,#5542,.T.);
#15722=EDGE_CURVE('',#8103,#8111,#5554,.T.);
#15735=EDGE_CURVE('',#9387,#9391,#5550,.T.);
#15748=EDGE_CURVE('',#8104,#8112,#5546,.T.);
#15774=EDGE_CURVE('',#9401,#9361,#5558,.T.);
#15778=EDGE_CURVE('',#8087,#8095,#5570,.T.);
#15789=EDGE_CURVE('',#9359,#9399,#5566,.T.);
#15804=EDGE_CURVE('',#8088,#8096,#5562,.T.);
#15830=EDGE_CURVE('',#9405,#9357,#5574,.T.);
#15834=EDGE_CURVE('',#8071,#8079,#5586,.T.);
#15845=EDGE_CURVE('',#9355,#9403,#5582,.T.);
#15860=EDGE_CURVE('',#8072,#8080,#5578,.T.);
#15886=EDGE_CURVE('',#9413,#9371,#5590,.T.);
#15890=EDGE_CURVE('',#8583,#8584,#5594,.T.);
#15901=EDGE_CURVE('',#9373,#9411,#5598,.T.);
#15916=EDGE_CURVE('',#8579,#8580,#5602,.T.);
#15942=EDGE_CURVE('',#9409,#9385,#5606,.T.);
#15946=EDGE_CURVE('',#8591,#8592,#5610,.T.);
#15957=EDGE_CURVE('',#9375,#9407,#5614,.T.);
#15972=EDGE_CURVE('',#8587,#8588,#5618,.T.);
#15998=EDGE_CURVE('',#9417,#9377,#5622,.T.);
#16002=EDGE_CURVE('',#8599,#8600,#5626,.T.);
#16013=EDGE_CURVE('',#9379,#9415,#5630,.T.);
#16028=EDGE_CURVE('',#8595,#8596,#5634,.T.);
#16054=EDGE_CURVE('',#9421,#9381,#5638,.T.);
#16081=EDGE_CURVE('',#7415,#7397,#5647,.T.);
#16083=EDGE_CURVE('',#7397,#7398,#5651,.T.);
#16085=EDGE_CURVE('',#7398,#7400,#5655,.T.);
#16087=EDGE_CURVE('',#7400,#7626,#5660,.T.);
#16089=EDGE_CURVE('',#7626,#7391,#5664,.T.);
#16091=EDGE_CURVE('',#7391,#7392,#5669,.T.);
#16093=EDGE_CURVE('',#7392,#7394,#5673,.T.);
#16095=EDGE_CURVE('',#7394,#7416,#5677,.T.);
#16107=EDGE_CURVE('',#7419,#7409,#5712,.T.);
#16109=EDGE_CURVE('',#7397,#7409,#5740,.T.);
#16120=EDGE_CURVE('',#7406,#7420,#5681,.T.);
#16122=EDGE_CURVE('',#7404,#7406,#5685,.T.);
#16124=EDGE_CURVE('',#7403,#7404,#5690,.T.);
#16126=EDGE_CURVE('',#7628,#7403,#5694,.T.);
#16128=EDGE_CURVE('',#7412,#7628,#5699,.T.);
#16130=EDGE_CURVE('',#7410,#7412,#5703,.T.);
#16132=EDGE_CURVE('',#7409,#7410,#5707,.T.);
#16145=EDGE_CURVE('',#7394,#7406,#5716,.T.);
#16157=EDGE_CURVE('',#7392,#7404,#5720,.T.);
#16170=EDGE_CURVE('',#7391,#7403,#5724,.T.);
#16183=EDGE_CURVE('',#7626,#7628,#5728,.T.);
#16196=EDGE_CURVE('',#7400,#7412,#5732,.T.);
#16209=EDGE_CURVE('',#7398,#7410,#5736,.T.);
#16234=EDGE_CURVE('',#7383,#7365,#5745,.T.);
#16236=EDGE_CURVE('',#7365,#7366,#5749,.T.);
#16238=EDGE_CURVE('',#7366,#7368,#5753,.T.);
#16240=EDGE_CURVE('',#7368,#7622,#5758,.T.);
#16242=EDGE_CURVE('',#7622,#7359,#5762,.T.);
#16244=EDGE_CURVE('',#7359,#7360,#5767,.T.);
#16246=EDGE_CURVE('',#7360,#7362,#5771,.T.);
#16248=EDGE_CURVE('',#7362,#7384,#5775,.T.);
#16260=EDGE_CURVE('',#7387,#7377,#5810,.T.);
#16262=EDGE_CURVE('',#7365,#7377,#5838,.T.);
#16273=EDGE_CURVE('',#7374,#7388,#5779,.T.);
#16275=EDGE_CURVE('',#7372,#7374,#5783,.T.);
#16277=EDGE_CURVE('',#7371,#7372,#5788,.T.);
#16279=EDGE_CURVE('',#7624,#7371,#5792,.T.);
#16281=EDGE_CURVE('',#7380,#7624,#5797,.T.);
#16283=EDGE_CURVE('',#7378,#7380,#5801,.T.);
#16285=EDGE_CURVE('',#7377,#7378,#5805,.T.);
#16298=EDGE_CURVE('',#7362,#7374,#5814,.T.);
#16310=EDGE_CURVE('',#7360,#7372,#5818,.T.);
#16323=EDGE_CURVE('',#7359,#7371,#5822,.T.);
#16336=EDGE_CURVE('',#7622,#7624,#5826,.T.);
#16349=EDGE_CURVE('',#7368,#7380,#5830,.T.);
#16362=EDGE_CURVE('',#7366,#7378,#5834,.T.);
#16399=EDGE_CURVE('',#8231,#8239,#5866,.T.);
#16402=EDGE_CURVE('',#8232,#8240,#5878,.T.);
#16413=EDGE_CURVE('',#8236,#8244,#5870,.T.);
#16426=EDGE_CURVE('',#8234,#8242,#5874,.T.);
#16451=EDGE_CURVE('',#8247,#8255,#5882,.T.);
#16454=EDGE_CURVE('',#8248,#8256,#5894,.T.);
#16465=EDGE_CURVE('',#8252,#8260,#5886,.T.);
#16478=EDGE_CURVE('',#8250,#8258,#5890,.T.);
#16503=EDGE_CURVE('',#8263,#8271,#5898,.T.);
#16506=EDGE_CURVE('',#8264,#8272,#5910,.T.);
#16517=EDGE_CURVE('',#8268,#8276,#5902,.T.);
#16530=EDGE_CURVE('',#8266,#8274,#5906,.T.);
#16555=EDGE_CURVE('',#8279,#8287,#5914,.T.);
#16558=EDGE_CURVE('',#8280,#8288,#5926,.T.);
#16569=EDGE_CURVE('',#8284,#8292,#5918,.T.);
#16582=EDGE_CURVE('',#8282,#8290,#5922,.T.);
#16607=EDGE_CURVE('',#8295,#8303,#5930,.T.);
#16610=EDGE_CURVE('',#8296,#8304,#5942,.T.);
#16621=EDGE_CURVE('',#8300,#8308,#5934,.T.);
#16634=EDGE_CURVE('',#8298,#8306,#5938,.T.);
#16658=EDGE_CURVE('',#8327,#8328,#5951,.T.);
#16660=EDGE_CURVE('',#8331,#8327,#5946,.T.);
#16663=EDGE_CURVE('',#8332,#8328,#5967,.T.);
#16674=EDGE_CURVE('',#8328,#8318,#5955,.T.);
#16677=EDGE_CURVE('',#8327,#8320,#5999,.T.);
#16687=EDGE_CURVE('',#8328,#8344,#5959,.T.);
#16689=EDGE_CURVE('',#8344,#8316,#5963,.T.);
#16702=EDGE_CURVE('',#8342,#8344,#5971,.T.);
#16715=EDGE_CURVE('',#8346,#8348,#5975,.T.);
#16717=EDGE_CURVE('',#8344,#8348,#6038,.T.);
#16729=EDGE_CURVE('',#8350,#8352,#5979,.T.);
#16731=EDGE_CURVE('',#8348,#8352,#6029,.T.);
#16743=EDGE_CURVE('',#8354,#8356,#5983,.T.);
#16745=EDGE_CURVE('',#8352,#8356,#6021,.T.);
#16757=EDGE_CURVE('',#8338,#8340,#5987,.T.);
#16759=EDGE_CURVE('',#8356,#8340,#6012,.T.);
#16771=EDGE_CURVE('',#8334,#8336,#5991,.T.);
#16773=EDGE_CURVE('',#8340,#8336,#6004,.T.);
#16786=EDGE_CURVE('',#8336,#8327,#5995,.T.);
#16800=EDGE_CURVE('',#8336,#8322,#6008,.T.);
#16813=EDGE_CURVE('',#8340,#8324,#6016,.T.);
#16826=EDGE_CURVE('',#8356,#8311,#6025,.T.);
#16839=EDGE_CURVE('',#8352,#8312,#6033,.T.);
#16852=EDGE_CURVE('',#8348,#8315,#6042,.T.);
#16874=EDGE_CURVE('',#8515,#8516,#6046,.T.);
#16877=EDGE_CURVE('',#8519,#8520,#6058,.T.);
#16890=EDGE_CURVE('',#8527,#8528,#6050,.T.);
#16901=EDGE_CURVE('',#8523,#8524,#6054,.T.);
#16926=EDGE_CURVE('',#8531,#8532,#6062,.T.);
#16929=EDGE_CURVE('',#8535,#8536,#6074,.T.);
#16942=EDGE_CURVE('',#8543,#8544,#6066,.T.);
#16953=EDGE_CURVE('',#8539,#8540,#6070,.T.);
#16978=EDGE_CURVE('',#8547,#8548,#6078,.T.);
#16981=EDGE_CURVE('',#8551,#8552,#6090,.T.);
#16994=EDGE_CURVE('',#8559,#8560,#6082,.T.);
#17005=EDGE_CURVE('',#8555,#8556,#6086,.T.);
#17030=EDGE_CURVE('',#8563,#8564,#6094,.T.);
#17033=EDGE_CURVE('',#8567,#8568,#6106,.T.);
#17046=EDGE_CURVE('',#8575,#8576,#6098,.T.);
#17057=EDGE_CURVE('',#8571,#8572,#6102,.T.);
#17109=EDGE_CURVE('',#9347,#9332,#6124,.T.);
#17111=EDGE_CURVE('',#9332,#9348,#6128,.T.);
#17123=EDGE_CURVE('',#9332,#9193,#6136,.T.);
#17137=EDGE_CURVE('',#9334,#9186,#6140,.T.);
#17225=EDGE_CURVE('',#8364,#9030,#6172,.T.);
#17236=EDGE_CURVE('',#9030,#9032,#6168,.T.);
#17250=EDGE_CURVE('',#9010,#9021,#6196,.T.);
#17252=EDGE_CURVE('',#9010,#9018,#6176,.T.);
#17254=EDGE_CURVE('',#9018,#9034,#6340,.T.);
#17267=EDGE_CURVE('',#9022,#9005,#6180,.T.);
#17269=EDGE_CURVE('',#9005,#9006,#6184,.T.);
#17271=EDGE_CURVE('',#9006,#9009,#6188,.T.);
#17273=EDGE_CURVE('',#9009,#9010,#6192,.T.);
#17285=EDGE_CURVE('',#9024,#9026,#6200,.T.);
#17288=EDGE_CURVE('',#9028,#9013,#6356,.T.);
#17290=EDGE_CURVE('',#9005,#9013,#6368,.T.);
#17302=EDGE_CURVE('',#8448,#9024,#6204,.T.);
#17305=EDGE_CURVE('',#8443,#9026,#6336,.T.);
#17317=EDGE_CURVE('',#8446,#8998,#6208,.T.);
#17328=EDGE_CURVE('',#8998,#9000,#6212,.T.);
#17330=EDGE_CURVE('',#8444,#9000,#6216,.T.);
#17343=EDGE_CURVE('',#8978,#8989,#6240,.T.);
#17345=EDGE_CURVE('',#8978,#8986,#6220,.T.);
#17347=EDGE_CURVE('',#8986,#9002,#6304,.T.);
#17360=EDGE_CURVE('',#8990,#8973,#6224,.T.);
#17362=EDGE_CURVE('',#8973,#8974,#6228,.T.);
#17364=EDGE_CURVE('',#8974,#8977,#6232,.T.);
#17366=EDGE_CURVE('',#8977,#8978,#6236,.T.);
#17378=EDGE_CURVE('',#8992,#8994,#6244,.T.);
#17381=EDGE_CURVE('',#8996,#8981,#6320,.T.);
#17383=EDGE_CURVE('',#8973,#8981,#6332,.T.);
#17395=EDGE_CURVE('',#8456,#8992,#6248,.T.);
#17398=EDGE_CURVE('',#8451,#8994,#6300,.T.);
#17410=EDGE_CURVE('',#8454,#8964,#6252,.T.);
#17421=EDGE_CURVE('',#8964,#8966,#6256,.T.);
#17423=EDGE_CURVE('',#8452,#8966,#6260,.T.);
#17437=EDGE_CURVE('',#8944,#8952,#6264,.T.);
#17439=EDGE_CURVE('',#8952,#8968,#6280,.T.);
#17452=EDGE_CURVE('',#8943,#8951,#6268,.T.);
#17454=EDGE_CURVE('',#8951,#8952,#6284,.T.);
#17466=EDGE_CURVE('',#8940,#8948,#6272,.T.);
#17468=EDGE_CURVE('',#8948,#8951,#6288,.T.);
#17481=EDGE_CURVE('',#8947,#8948,#6292,.T.);
#17520=EDGE_CURVE('',#8985,#8986,#6308,.T.);
#17522=EDGE_CURVE('',#8982,#8985,#6312,.T.);
#17524=EDGE_CURVE('',#8981,#8982,#6316,.T.);
#17536=EDGE_CURVE('',#8977,#8985,#6324,.T.);
#17549=EDGE_CURVE('',#8974,#8982,#6328,.T.);
#17587=EDGE_CURVE('',#9017,#9018,#6344,.T.);
#17589=EDGE_CURVE('',#9014,#9017,#6348,.T.);
#17591=EDGE_CURVE('',#9013,#9014,#6352,.T.);
#17603=EDGE_CURVE('',#9009,#9017,#6360,.T.);
#17616=EDGE_CURVE('',#9006,#9014,#6364,.T.);
#17652=EDGE_CURVE('',#8475,#8884,#6376,.T.);
#17655=EDGE_CURVE('',#8476,#8858,#6604,.T.);
#17666=EDGE_CURVE('',#8882,#8884,#6380,.T.);
#17668=EDGE_CURVE('',#8480,#8882,#6384,.T.);
#17683=EDGE_CURVE('',#8886,#8871,#6404,.T.);
#17685=EDGE_CURVE('',#8863,#8871,#6432,.T.);
#17687=EDGE_CURVE('',#8880,#8863,#6412,.T.);
#17699=EDGE_CURVE('',#8875,#8876,#6392,.T.);
#17701=EDGE_CURVE('',#8872,#8875,#6396,.T.);
#17703=EDGE_CURVE('',#8871,#8872,#6400,.T.);
#17714=EDGE_CURVE('',#8867,#8868,#6424,.T.);
#17716=EDGE_CURVE('',#8867,#8875,#6408,.T.);
#17730=EDGE_CURVE('',#8863,#8864,#6416,.T.);
#17732=EDGE_CURVE('',#8864,#8867,#6420,.T.);
#17737=EDGE_CURVE('',#8879,#9342,#6440,.T.);
#17750=EDGE_CURVE('',#8864,#8872,#6436,.T.);
#17774=EDGE_CURVE('',#7551,#7552,#6449,.T.);
#17776=EDGE_CURVE('',#7552,#7554,#6454,.T.);
#17778=EDGE_CURVE('',#7554,#7556,#6458,.T.);
#17780=EDGE_CURVE('',#7556,#7558,#6462,.T.);
#17782=EDGE_CURVE('',#7558,#7560,#6466,.T.);
#17784=EDGE_CURVE('',#7560,#7562,#6471,.T.);
#17786=EDGE_CURVE('',#7562,#7543,#6475,.T.);
#17788=EDGE_CURVE('',#7543,#7544,#6480,.T.);
#17790=EDGE_CURVE('',#7544,#7546,#6484,.T.);
#17792=EDGE_CURVE('',#7546,#7548,#6488,.T.);
#17794=EDGE_CURVE('',#7548,#7587,#6492,.T.);
#17807=EDGE_CURVE('',#7573,#7574,#6547,.T.);
#17809=EDGE_CURVE('',#7552,#7574,#6592,.T.);
#17821=EDGE_CURVE('',#7570,#7588,#6504,.T.);
#17823=EDGE_CURVE('',#7568,#7570,#6508,.T.);
#17825=EDGE_CURVE('',#7566,#7568,#6512,.T.);
#17827=EDGE_CURVE('',#7565,#7566,#6517,.T.);
#17829=EDGE_CURVE('',#7584,#7565,#6521,.T.);
#17831=EDGE_CURVE('',#7582,#7584,#6526,.T.);
#17833=EDGE_CURVE('',#7580,#7582,#6530,.T.);
#17835=EDGE_CURVE('',#7578,#7580,#6534,.T.);
#17837=EDGE_CURVE('',#7576,#7578,#6538,.T.);
#17839=EDGE_CURVE('',#7574,#7576,#6543,.T.);
#17853=EDGE_CURVE('',#7548,#7570,#6556,.T.);
#17865=EDGE_CURVE('',#7546,#7568,#6560,.T.);
#17878=EDGE_CURVE('',#7544,#7566,#6564,.T.);
#17891=EDGE_CURVE('',#7543,#7565,#6568,.T.);
#17904=EDGE_CURVE('',#7562,#7584,#6572,.T.);
#17917=EDGE_CURVE('',#7560,#7582,#6576,.T.);
#17930=EDGE_CURVE('',#7558,#7580,#6580,.T.);
#17943=EDGE_CURVE('',#7556,#7578,#6584,.T.);
#17956=EDGE_CURVE('',#7554,#7576,#6588,.T.);
#17982=EDGE_CURVE('',#8478,#8856,#6596,.T.);
#17993=EDGE_CURVE('',#8856,#8858,#6600,.T.);
#18007=EDGE_CURVE('',#8836,#8847,#6628,.T.);
#18009=EDGE_CURVE('',#8836,#8844,#6608,.T.);
#18011=EDGE_CURVE('',#8844,#8860,#6952,.T.);
#18024=EDGE_CURVE('',#8848,#8831,#6612,.T.);
#18026=EDGE_CURVE('',#8831,#8832,#6616,.T.);
#18028=EDGE_CURVE('',#8832,#8835,#6620,.T.);
#18030=EDGE_CURVE('',#8835,#8836,#6624,.T.);
#18042=EDGE_CURVE('',#8850,#8852,#6632,.T.);
#18045=EDGE_CURVE('',#8854,#8839,#6968,.T.);
#18047=EDGE_CURVE('',#8831,#8839,#6980,.T.);
#18059=EDGE_CURVE('',#8488,#8850,#6636,.T.);
#18062=EDGE_CURVE('',#8483,#8852,#6948,.T.);
#18074=EDGE_CURVE('',#8486,#8824,#6640,.T.);
#18085=EDGE_CURVE('',#8824,#8826,#6644,.T.);
#18087=EDGE_CURVE('',#8484,#8826,#6648,.T.);
#18100=EDGE_CURVE('',#8804,#8815,#6672,.T.);
#18102=EDGE_CURVE('',#8804,#8812,#6652,.T.);
#18104=EDGE_CURVE('',#8812,#8828,#6916,.T.);
#18117=EDGE_CURVE('',#8816,#8799,#6656,.T.);
#18119=EDGE_CURVE('',#8799,#8800,#6660,.T.);
#18121=EDGE_CURVE('',#8800,#8803,#6664,.T.);
#18123=EDGE_CURVE('',#8803,#8804,#6668,.T.);
#18135=EDGE_CURVE('',#8818,#8820,#6676,.T.);
#18138=EDGE_CURVE('',#8822,#8807,#6932,.T.);
#18140=EDGE_CURVE('',#8799,#8807,#6944,.T.);
#18152=EDGE_CURVE('',#8496,#8818,#6680,.T.);
#18155=EDGE_CURVE('',#8491,#8820,#6912,.T.);
#18167=EDGE_CURVE('',#8494,#8792,#6684,.T.);
#18178=EDGE_CURVE('',#8792,#8794,#6688,.T.);
#18180=EDGE_CURVE('',#8492,#8794,#6692,.T.);
#18193=EDGE_CURVE('',#8772,#8783,#6716,.T.);
#18195=EDGE_CURVE('',#8772,#8780,#6696,.T.);
#18197=EDGE_CURVE('',#8780,#8796,#6880,.T.);
#18210=EDGE_CURVE('',#8784,#8767,#6700,.T.);
#18212=EDGE_CURVE('',#8767,#8768,#6704,.T.);
#18214=EDGE_CURVE('',#8768,#8771,#6708,.T.);
#18216=EDGE_CURVE('',#8771,#8772,#6712,.T.);
#18228=EDGE_CURVE('',#8786,#8788,#6720,.T.);
#18231=EDGE_CURVE('',#8790,#8775,#6896,.T.);
#18233=EDGE_CURVE('',#8767,#8775,#6908,.T.);
#18245=EDGE_CURVE('',#8504,#8786,#6724,.T.);
#18248=EDGE_CURVE('',#8499,#8788,#6876,.T.);
#18260=EDGE_CURVE('',#8502,#8760,#6728,.T.);
#18271=EDGE_CURVE('',#8760,#8762,#6732,.T.);
#18273=EDGE_CURVE('',#8500,#8762,#6736,.T.);
#18286=EDGE_CURVE('',#8740,#8751,#6760,.T.);
#18288=EDGE_CURVE('',#8740,#8748,#6740,.T.);
#18290=EDGE_CURVE('',#8748,#8764,#6844,.T.);
#18303=EDGE_CURVE('',#8752,#8735,#6744,.T.);
#18305=EDGE_CURVE('',#8735,#8736,#6748,.T.);
#18307=EDGE_CURVE('',#8736,#8739,#6752,.T.);
#18309=EDGE_CURVE('',#8739,#8740,#6756,.T.);
#18321=EDGE_CURVE('',#8754,#8756,#6764,.T.);
#18324=EDGE_CURVE('',#8758,#8743,#6860,.T.);
#18326=EDGE_CURVE('',#8735,#8743,#6872,.T.);
#18338=EDGE_CURVE('',#8512,#8754,#6768,.T.);
#18341=EDGE_CURVE('',#8507,#8756,#6840,.T.);
#18353=EDGE_CURVE('',#8510,#8728,#6772,.T.);
#18364=EDGE_CURVE('',#8728,#8730,#6776,.T.);
#18366=EDGE_CURVE('',#8508,#8730,#6780,.T.);
#18379=EDGE_CURVE('',#8712,#8723,#6804,.T.);
#18381=EDGE_CURVE('',#8712,#8720,#6784,.T.);
#18383=EDGE_CURVE('',#8720,#8732,#6808,.T.);
#18396=EDGE_CURVE('',#8724,#8707,#6788,.T.);
#18398=EDGE_CURVE('',#8707,#8708,#6792,.T.);
#18400=EDGE_CURVE('',#8708,#8711,#6796,.T.);
#18402=EDGE_CURVE('',#8711,#8712,#6800,.T.);
#18414=EDGE_CURVE('',#8726,#8715,#6824,.T.);
#18416=EDGE_CURVE('',#8707,#8715,#6836,.T.);
#18429=EDGE_CURVE('',#8719,#8720,#6812,.T.);
#18431=EDGE_CURVE('',#8716,#8719,#6816,.T.);
#18433=EDGE_CURVE('',#8715,#8716,#6820,.T.);
#18445=EDGE_CURVE('',#8711,#8719,#6828,.T.);
#18458=EDGE_CURVE('',#8708,#8716,#6832,.T.);
#18496=EDGE_CURVE('',#8747,#8748,#6848,.T.);
#18498=EDGE_CURVE('',#8744,#8747,#6852,.T.);
#18500=EDGE_CURVE('',#8743,#8744,#6856,.T.);
#18512=EDGE_CURVE('',#8739,#8747,#6864,.T.);
#18525=EDGE_CURVE('',#8736,#8744,#6868,.T.);
#18563=EDGE_CURVE('',#8779,#8780,#6884,.T.);
#18565=EDGE_CURVE('',#8776,#8779,#6888,.T.);
#18567=EDGE_CURVE('',#8775,#8776,#6892,.T.);
#18579=EDGE_CURVE('',#8771,#8779,#6900,.T.);
#18592=EDGE_CURVE('',#8768,#8776,#6904,.T.);
#18630=EDGE_CURVE('',#8811,#8812,#6920,.T.);
#18632=EDGE_CURVE('',#8808,#8811,#6924,.T.);
#18634=EDGE_CURVE('',#8807,#8808,#6928,.T.);
#18646=EDGE_CURVE('',#8803,#8811,#6936,.T.);
#18659=EDGE_CURVE('',#8800,#8808,#6940,.T.);
#18697=EDGE_CURVE('',#8843,#8844,#6956,.T.);
#18699=EDGE_CURVE('',#8840,#8843,#6960,.T.);
#18701=EDGE_CURVE('',#8839,#8840,#6964,.T.);
#18713=EDGE_CURVE('',#8835,#8843,#6972,.T.);
#18726=EDGE_CURVE('',#8832,#8840,#6976,.T.);
#18752=EDGE_CURVE('',#8913,#8914,#6988,.T.);
#18754=EDGE_CURVE('',#8910,#8913,#6992,.T.);
#18756=EDGE_CURVE('',#8909,#8910,#6996,.T.);
#18768=EDGE_CURVE('',#8905,#8913,#7004,.T.);
#18781=EDGE_CURVE('',#8902,#8910,#7008,.T.);
#18806=EDGE_CURVE('',#7488,#7447,#7016,.T.);
#18808=EDGE_CURVE('',#7447,#7448,#7020,.T.);
#18810=EDGE_CURVE('',#7448,#7450,#7024,.T.);
#18812=EDGE_CURVE('',#7450,#7452,#7029,.T.);
#18814=EDGE_CURVE('',#7452,#7614,#7033,.T.);
#18816=EDGE_CURVE('',#7614,#7455,#7038,.T.);
#18818=EDGE_CURVE('',#7455,#7456,#7042,.T.);
#18820=EDGE_CURVE('',#7456,#7458,#7046,.T.);
#18822=EDGE_CURVE('',#7458,#7460,#7050,.T.);
#18824=EDGE_CURVE('',#7460,#7462,#7055,.T.);
#18826=EDGE_CURVE('',#7462,#7464,#7059,.T.);
#18828=EDGE_CURVE('',#7464,#7487,#7064,.T.);
#18839=EDGE_CURVE('',#7492,#7467,#7116,.T.);
#18841=EDGE_CURVE('',#7447,#7467,#7160,.T.);
#18853=EDGE_CURVE('',#7484,#7491,#7069,.T.);
#18855=EDGE_CURVE('',#7482,#7484,#7073,.T.);
#18857=EDGE_CURVE('',#7480,#7482,#7078,.T.);
#18859=EDGE_CURVE('',#7478,#7480,#7082,.T.);
#18861=EDGE_CURVE('',#7476,#7478,#7086,.T.);
#18863=EDGE_CURVE('',#7475,#7476,#7090,.T.);
#18865=EDGE_CURVE('',#7616,#7475,#7095,.T.);
#18867=EDGE_CURVE('',#7472,#7616,#7099,.T.);
#18869=EDGE_CURVE('',#7470,#7472,#7104,.T.);
#18871=EDGE_CURVE('',#7468,#7470,#7108,.T.);
#18873=EDGE_CURVE('',#7467,#7468,#7112,.T.);
#18886=EDGE_CURVE('',#7464,#7484,#7120,.T.);
#18898=EDGE_CURVE('',#7462,#7482,#7124,.T.);
#18911=EDGE_CURVE('',#7460,#7480,#7128,.T.);
#18924=EDGE_CURVE('',#7458,#7478,#7132,.T.);
#18937=EDGE_CURVE('',#7456,#7476,#7136,.T.);
#18950=EDGE_CURVE('',#7455,#7475,#7140,.T.);
#18963=EDGE_CURVE('',#7614,#7616,#7144,.T.);
#18976=EDGE_CURVE('',#7452,#7472,#7148,.T.);
#18989=EDGE_CURVE('',#7450,#7470,#7152,.T.);
#19002=EDGE_CURVE('',#7448,#7468,#7156,.T.);
#19027=EDGE_CURVE('',#7536,#7495,#7164,.T.);
#19029=EDGE_CURVE('',#7495,#7496,#7168,.T.);
#19031=EDGE_CURVE('',#7496,#7498,#7172,.T.);
#19033=EDGE_CURVE('',#7498,#7500,#7177,.T.);
#19035=EDGE_CURVE('',#7500,#7618,#7181,.T.);
#19037=EDGE_CURVE('',#7618,#7503,#7186,.T.);
#19039=EDGE_CURVE('',#7503,#7504,#7190,.T.);
#19041=EDGE_CURVE('',#7504,#7506,#7194,.T.);
#19043=EDGE_CURVE('',#7506,#7508,#7198,.T.);
#19045=EDGE_CURVE('',#7508,#7510,#7203,.T.);
#19047=EDGE_CURVE('',#7510,#7512,#7207,.T.);
#19049=EDGE_CURVE('',#7512,#7535,#7212,.T.);
#19060=EDGE_CURVE('',#7540,#7515,#7264,.T.);
#19062=EDGE_CURVE('',#7495,#7515,#7308,.T.);
#19074=EDGE_CURVE('',#7532,#7539,#7217,.T.);
#19076=EDGE_CURVE('',#7530,#7532,#7221,.T.);
#19078=EDGE_CURVE('',#7528,#7530,#7226,.T.);
#19080=EDGE_CURVE('',#7526,#7528,#7230,.T.);
#19082=EDGE_CURVE('',#7524,#7526,#7234,.T.);
#19084=EDGE_CURVE('',#7523,#7524,#7238,.T.);
#19086=EDGE_CURVE('',#7620,#7523,#7243,.T.);
#19088=EDGE_CURVE('',#7520,#7620,#7247,.T.);
#19090=EDGE_CURVE('',#7518,#7520,#7252,.T.);
#19092=EDGE_CURVE('',#7516,#7518,#7256,.T.);
#19094=EDGE_CURVE('',#7515,#7516,#7260,.T.);
#19107=EDGE_CURVE('',#7512,#7532,#7268,.T.);
#19119=EDGE_CURVE('',#7510,#7530,#7272,.T.);
#19132=EDGE_CURVE('',#7508,#7528,#7276,.T.);
#19145=EDGE_CURVE('',#7506,#7526,#7280,.T.);
#19158=EDGE_CURVE('',#7504,#7524,#7284,.T.);
#19171=EDGE_CURVE('',#7503,#7523,#7288,.T.);
#19184=EDGE_CURVE('',#7618,#7620,#7292,.T.);
#19197=EDGE_CURVE('',#7500,#7520,#7296,.T.);
#19210=EDGE_CURVE('',#7498,#7518,#7300,.T.);
#19223=EDGE_CURVE('',#7496,#7516,#7304,.T.);
#19248=EDGE_CURVE('',#7804,#7802,#7316,.T.);
#19260=EDGE_CURVE('',#7800,#7798,#7312,.T.);
#19280=CLOSED_SHELL('',(#9477,#9492,#9507,#9529,#9544,#9571,#9584,#9599,#9681,
#9697,#9711,#9725,#9739,#9753,#9769,#9785,#10205,#10225,#10260,#10281,#10299,
#10314,#10331,#10341,#10356,#10374,#10392,#10410,#10425,#10442,#10452,#10466,
#10479,#10758,#10772,#10786,#10803,#10821,#10838,#10855,#10868,#10881,#10893,
#10907,#10920,#10934,#10951,#10969,#10986,#11003,#11016,#11029,#11041,#11055,
#11068,#11082,#11099,#11117,#11134,#11151,#11164,#11177,#11189,#11203,#11216,
#11230,#11247,#11265,#11282,#11299,#11312,#11325,#11337,#11351,#11364,#11378,
#11399,#11411,#11425,#11469,#11490,#11504,#11517,#11531,#11547,#11593,#11611,
#11627,#11642,#11660,#11676,#11689,#11703,#11716,#11730,#11747,#11765,#11782,
#11799,#11812,#11825,#11837,#11851,#11864,#11878,#11895,#11913,#11930,#11947,
#11960,#11973,#11985,#11999,#12012,#12026,#12043,#12061,#12078,#12095,#12108,
#12121,#12133,#12147,#12160,#12173,#12185,#12197,#12209,#12221,#12238,#12333,
#12348,#12376,#12391,#12409,#12423,#12437,#12468,#12561,#12574,#12587,#12600,
#12613,#12626,#12639,#12652,#12662,#12672,#12684,#12696,#12726,#12819,#12832,
#12845,#12861,#12874,#12889,#12901,#12915,#12943,#12960,#12979,#12991,#13007,
#13023,#13039,#13055,#13071,#13157,#13187,#13201,#13213,#13226,#13240,#13254,
#13276,#13291,#13307,#13322,#13337,#13352,#13367,#13382,#13396,#13420,#13523,
#13536,#13619,#13635,#13657,#13672,#13687,#13792,#13804,#13817,#13830,#13846,
#13870,#13883,#13897,#13909,#13923,#14027,#14042,#14056,#14070,#14083,#14097,
#14110,#14122,#14137,#14151,#14165,#14177,#14190,#14203,#14215,#14228,#14242,
#14257,#14309,#14331,#14345,#14366,#14378,#14390,#14404,#14418,#14432,#14445,
#14457,#14478,#14492,#14512,#14524,#14537,#14551,#14565,#14580,#14594,#14607,
#14647,#14660,#14678,#14690,#14709,#14722,#14740,#14752,#14771,#14784,#14802,
#14814,#14827,#14840,#14853,#14867,#14881,#14900,#14913,#14926,#14938,#14952,
#14965,#14978,#14990,#15004,#15017,#15030,#15042,#15056,#15069,#15082,#15094,
#15108,#15121,#15134,#15146,#15160,#15173,#15186,#15198,#15212,#15225,#15238,
#15250,#15264,#15277,#15290,#15302,#15316,#15329,#15342,#15354,#15368,#15381,
#15394,#15406,#15495,#15510,#15526,#15599,#15615,#15628,#15643,#15655,#15671,
#15684,#15699,#15711,#15727,#15740,#15755,#15767,#15783,#15796,#15811,#15823,
#15839,#15852,#15867,#15879,#15895,#15908,#15923,#15935,#15951,#15964,#15979,
#15991,#16007,#16020,#16035,#16047,#16062,#16074,#16099,#16113,#16137,#16150,
#16163,#16176,#16189,#16202,#16215,#16227,#16252,#16266,#16290,#16303,#16316,
#16329,#16342,#16355,#16368,#16380,#16392,#16406,#16419,#16432,#16444,#16458,
#16471,#16484,#16496,#16510,#16523,#16536,#16548,#16562,#16575,#16588,#16600,
#16614,#16627,#16640,#16652,#16667,#16681,#16695,#16708,#16722,#16736,#16750,
#16764,#16778,#16791,#16804,#16817,#16830,#16843,#16856,#16868,#16882,#16895,
#16908,#16920,#16934,#16947,#16960,#16972,#16986,#16999,#17012,#17024,#17038,
#17051,#17064,#17076,#17091,#17102,#17115,#17130,#17145,#17157,#17169,#17181,
#17193,#17205,#17217,#17230,#17243,#17260,#17278,#17295,#17309,#17322,#17336,
#17353,#17371,#17388,#17402,#17415,#17429,#17445,#17459,#17473,#17486,#17500,
#17512,#17529,#17542,#17555,#17567,#17579,#17596,#17609,#17622,#17634,#17646,
#17660,#17674,#17691,#17708,#17722,#17741,#17754,#17766,#17799,#17813,#17845,
#17858,#17871,#17884,#17897,#17910,#17923,#17936,#17949,#17962,#17974,#17987,
#18000,#18017,#18035,#18052,#18066,#18079,#18093,#18110,#18128,#18145,#18159,
#18172,#18186,#18203,#18221,#18238,#18252,#18265,#18279,#18296,#18314,#18331,
#18345,#18358,#18372,#18389,#18407,#18421,#18438,#18451,#18464,#18476,#18488,
#18505,#18518,#18531,#18543,#18555,#18572,#18585,#18598,#18610,#18622,#18639,
#18652,#18665,#18677,#18689,#18706,#18719,#18732,#18744,#18761,#18774,#18787,
#18799,#18832,#18846,#18878,#18891,#18904,#18917,#18930,#18943,#18956,#18969,
#18982,#18995,#19008,#19020,#19053,#19067,#19099,#19112,#19125,#19138,#19151,
#19164,#19177,#19190,#19203,#19216,#19229,#19241,#19254,#19267,#19279));
#19281=MANIFOLD_SOLID_BREP('',#19280);
#19282=(LENGTH_UNIT()NAMED_UNIT(*)SI_UNIT(.MILLI.,.METRE.));
#19284=(NAMED_UNIT(*)PLANE_ANGLE_UNIT()SI_UNIT($,.RADIAN.));
#19287=(NAMED_UNIT(*)SI_UNIT($,.STERADIAN.)SOLID_ANGLE_UNIT());
#19290=ADVANCED_BREP_SHAPE_REPRESENTATION('',(#19281),#19289);
#19297=PRODUCT_DEFINITION('design','',#19296,#19293);
#19298=PRODUCT_DEFINITION_SHAPE('','SHAPE FOR PRT0001.',#19297);
#19299=SHAPE_DEFINITION_REPRESENTATION(#19298,#19290);
ENDSEC;
END-ISO-10303-21;
